id,x,y,z
TEST_00001,3.9888825000000008,-1.0525629999999997,0.045353500000000005
TEST_00002,1.926984,0.6185660000000002,0.7993404999999999
TEST_00003,0.8063394999999998,-0.19199500000000003,0.14972299999999994
TEST_00004,3.5216554999999996,-1.6486399999999997,-0.9436415000000002
TEST_00005,2.304195000000001,0.017470000000000013,-0.03812199999999999
TEST_00006,4.999457999999999,-0.7912325,0.494621
TEST_00007,2.8974915,1.0007684999999995,0.8347455
TEST_00008,1.4468519999999998,-0.464978,0.4177639999999999
TEST_00009,1.4535569999999995,0.48919650000000003,0.14474749999999992
TEST_00010,2.255944500000001,-0.41163299999999997,0.170126
TEST_00011,2.3353095,-0.465239,0.0193565
TEST_00012,4.014369500000001,1.505417,0.8960250000000001
TEST_00013,2.5527715000000004,0.5809464999999998,-0.3112379999999999
TEST_00014,2.1576855000000013,1.4933835000000002,-0.21143800000000001
TEST_00015,3.0004014999999997,-0.6902600000000001,0.8675545
TEST_00016,3.2836815,0.5063235000000001,-0.5342515
TEST_00017,4.0057659999999995,0.8546800000000001,1.1592155000000002
TEST_00018,3.072734,0.2614830000000001,-0.4851774999999997
TEST_00019,1.4113929999999995,0.08619549999999998,0.2913610000000001
TEST_00020,1.8780825000000005,0.06665850000000001,0.032003000000000004
TEST_00021,3.5126465000000002,-0.3695735,-0.14380400000000004
TEST_00022,1.3995335000000004,0.2980449999999999,-0.278999
TEST_00023,2.1397384999999987,0.4006084999999999,0.6770934999999998
TEST_00024,3.7614324999999997,-0.5860495000000002,0.8164959999999999
TEST_00025,4.924674000000001,1.6161629999999996,1.2180759999999997
TEST_00026,1.7903624999999996,-0.5953784999999998,-0.5098585000000002
TEST_00027,3.461148,0.1834250000000001,-0.3349015000000001
TEST_00028,3.4284764999999986,0.48561449999999995,-0.05863899999999999
TEST_00029,2.1795879999999994,-1.1443709999999994,1.3363974999999995
TEST_00030,3.5401370000000005,-0.19249600000000006,1.2220214999999999
TEST_00031,1.3510270000000004,-0.931689,-0.09751300000000004
TEST_00032,2.5008904999999997,-0.8094615,-0.021862000000000003
TEST_00033,2.1603945000000007,-0.5971304999999998,0.4756340000000001
TEST_00034,1.9918144999999994,-0.15031799999999995,0.397512
TEST_00035,2.0614525000000006,-0.16671800000000003,-0.2134445000000001
TEST_00036,3.5246570000000013,-1.4063984999999997,-0.5444800000000001
TEST_00037,2.8380275,-1.5783920000000005,0.183899
TEST_00038,0.9649264999999999,0.3981725,-0.32452899999999996
TEST_00039,5.158010500000001,0.7737009999999999,-1.1276104999999996
TEST_00040,2.3717399999999995,0.31898900000000013,-0.2665420000000001
TEST_00041,3.2243009999999988,-0.41167449999999994,0.695087
TEST_00042,3.3475705,-1.5071599999999994,-0.5076900000000002
TEST_00043,4.086566999999999,1.680208,0.8966984999999997
TEST_00044,2.4184719999999995,-0.7604555000000002,-0.2281714999999999
TEST_00045,1.5634709999999994,0.4112509999999999,-0.12109949999999997
TEST_00046,4.441966000000001,-0.1658455,0.6035889999999998
TEST_00047,1.4846360000000003,-0.26025449999999994,-0.22223099999999998
TEST_00048,4.150973500000001,-0.9410499999999999,0.49209450000000005
TEST_00049,2.2306560000000015,0.304404,0.29398599999999997
TEST_00050,1.0627220000000004,0.5533505000000001,-0.24461549999999999
TEST_00051,3.219905,-0.3621749999999999,-1.051959
TEST_00052,4.3902470000000005,0.5755434999999999,1.5047914999999998
TEST_00053,2.788665499999999,0.06410900000000003,0.16210900000000003
TEST_00054,2.5454035,0.22236800000000007,0.9913635000000003
TEST_00055,1.5480549999999995,0.08851349999999998,0.36275349999999995
TEST_00056,3.3761004999999997,-0.7682369999999998,-1.1111980000000004
TEST_00057,1.3381459999999998,0.21416300000000005,-0.18373150000000005
TEST_00058,3.5314034999999997,-0.6154395000000004,-0.2707675
TEST_00059,3.1913905,-0.4504594999999999,-0.13786249999999994
TEST_00060,2.0213659999999996,-0.9370535000000002,-0.6426824999999998
TEST_00061,1.9358929999999999,0.010130999999999984,0.3428965
TEST_00062,2.178711,0.041449,0.7915194999999999
TEST_00063,2.7099185000000006,-0.012762500000000003,-0.7432585000000003
TEST_00064,1.853012,-0.23975500000000002,0.5411665000000001
TEST_00065,2.8618165000000007,-1.3784595000000004,-0.7430444999999999
TEST_00066,2.3021969999999996,0.52533,-0.3307499999999999
TEST_00067,3.656908,0.13111299999999998,0.19203799999999996
TEST_00068,3.1284279999999995,-0.21625500000000003,0.04284
TEST_00069,3.0597075000000005,-0.42102449999999997,-0.27404300000000004
TEST_00070,1.3565334999999998,0.5200820000000002,0.5218385000000001
TEST_00071,2.6851564999999997,-0.7873129999999998,0.6657555000000002
TEST_00072,2.249768499999999,1.0314245,0.7779485000000002
TEST_00073,3.1264340000000006,-1.1815659999999997,0.9228419999999999
TEST_00074,1.3471865000000003,0.5357775000000001,0.22141399999999994
TEST_00075,0.9299264999999999,0.332813,-0.2643580000000001
TEST_00076,3.965574,0.195971,1.039673
TEST_00077,3.3509385,-1.323621,-1.0847424999999997
TEST_00078,1.2726545000000007,-0.4703654999999999,0.18912999999999994
TEST_00079,4.7410525,-1.3924655000000004,1.3055929999999996
TEST_00080,1.4352104999999997,0.4885334999999997,0.411535
TEST_00081,3.6253800000000007,-1.1665544999999997,1.2461394999999997
TEST_00082,2.2144974999999993,0.204768,0.4008410000000001
TEST_00083,2.9934580000000004,0.6546214999999997,0.5688495
TEST_00084,2.602770499999999,0.3049460000000001,-0.1857205
TEST_00085,1.9734660000000002,-0.43381499999999995,0.027450999999999996
TEST_00086,2.1080405000000004,1.2894424999999998,0.2028215
TEST_00087,3.921368499999999,-0.892357,0.618436
TEST_00088,5.237284500000001,-2.1882694999999996,1.313071
TEST_00089,3.314985000000001,-0.007488500000000016,0.14193900000000004
TEST_00090,3.025937,0.6147639999999999,0.46944549999999996
TEST_00091,1.2348610000000002,-0.31575699999999995,0.21259449999999996
TEST_00092,2.006329499999999,-0.46866149999999984,-0.5250695000000002
TEST_00093,2.444640500000001,0.4968569999999997,-0.36592800000000014
TEST_00094,1.7762300000000004,0.5781474999999998,0.27029500000000006
TEST_00095,3.8432654999999993,-0.21470599999999995,-0.8736635
TEST_00096,2.0943690000000004,0.821527,-0.43244000000000005
TEST_00097,2.816331500000001,-0.08938850000000004,0.2471545
TEST_00098,4.808573000000001,-1.0772839999999997,-0.11863900000000001
TEST_00099,3.6596815000000005,0.8171165000000002,0.7245974999999998
TEST_00100,1.038138,0.2917765000000001,0.36645700000000003
TEST_00101,1.5964420000000001,-0.3436864999999999,-0.10496750000000002
TEST_00102,1.8426430000000003,0.4979030000000002,0.4189289999999999
TEST_00103,3.7235224999999987,0.07812150000000007,0.7961530000000003
TEST_00104,2.007111,0.07546249999999996,-0.2670195000000001
TEST_00105,1.2655255000000003,0.5201514999999999,0.38951250000000004
TEST_00106,3.1621630000000005,-0.08150299999999999,-1.1010199999999997
TEST_00107,4.175944000000001,-0.382909,1.0714869999999996
TEST_00108,2.9999875,-1.0596025,-0.4957684999999998
TEST_00109,1.026416,-0.17369149999999994,-0.120166
TEST_00110,2.5523089999999993,-1.6543384999999997,0.43220200000000003
TEST_00111,2.9981405000000008,-0.42530049999999986,-0.6451324999999999
TEST_00112,3.5263415,0.48009900000000005,-0.576738
TEST_00113,3.0630835,-0.1708575,0.47234900000000013
TEST_00114,2.8372994999999994,-0.44014049999999993,1.1899025000000005
TEST_00115,1.2113139999999998,-0.17907450000000003,0.3894699999999999
TEST_00116,3.693605,-0.8518825000000001,-0.7146005000000002
TEST_00117,3.133106999999999,0.45618650000000016,0.7476330000000002
TEST_00118,1.6783769999999998,0.6132814999999998,0.49663299999999994
TEST_00119,4.853478000000001,-0.027087000000000003,-0.358215
TEST_00120,2.719619,-0.9987905000000001,0.5011560000000002
TEST_00121,4.852724999999999,-1.0337525,1.3182314999999998
TEST_00122,4.2686910000000005,0.5130845,0.559193
TEST_00123,1.7058980000000004,0.9241204999999995,-0.10229649999999996
TEST_00124,1.7438885000000002,0.19582750000000004,-0.18870500000000004
TEST_00125,2.1260295000000005,-0.7793675,0.7392404999999999
TEST_00126,1.5302870000000004,-0.3509079999999999,-0.30796900000000005
TEST_00127,1.9210710000000004,0.3389125,0.13896049999999996
TEST_00128,3.328246499999999,1.9549720000000002,0.5262220000000001
TEST_00129,3.548173999999999,0.4500310000000001,0.468171
TEST_00130,2.7105539999999997,-0.13092849999999995,-0.01372
TEST_00131,1.58667,0.10990150000000001,0.29713849999999986
TEST_00132,4.510597499999999,0.6012434999999998,0.6025595
TEST_00133,2.338989,0.6386949999999998,0.49415849999999995
TEST_00134,1.4301230000000003,0.7909745000000001,0.40751699999999996
TEST_00135,2.0460089999999997,0.9260354999999998,0.34364400000000006
TEST_00136,3.3643155,-0.11935499999999998,-1.0057844999999999
TEST_00137,1.8342269999999996,0.8532195000000001,-0.7182979999999999
TEST_00138,3.1643015,0.5579104999999998,-0.8097435000000001
TEST_00139,1.7877220000000005,-0.7764445,-0.5041714999999998
TEST_00140,0.8925265,0.5129999999999999,0.2854669999999999
TEST_00141,1.9701330000000001,-0.5577335000000001,0.13918749999999996
TEST_00142,1.1588485,-0.05472700000000001,0.22639549999999997
TEST_00143,4.202907999999999,0.16754000000000008,0.9564635
TEST_00144,2.1397925000000013,-0.19383449999999997,-0.07929249999999999
TEST_00145,5.1743415,0.010613000000000015,-0.5504330000000001
TEST_00146,3.0665640000000005,-0.21880750000000004,-1.280118
TEST_00147,2.1981390000000003,-0.086853,0.7363414999999998
TEST_00148,2.800392999999999,0.9996449999999993,-0.575725
TEST_00149,3.361712,1.1873264999999993,0.5391345
TEST_00150,4.734868999999999,1.0738624999999993,0.8035865
TEST_00151,2.3059754999999997,0.09909249999999997,-0.1276985000000001
TEST_00152,2.4564649999999992,0.8141619999999999,0.42298399999999997
TEST_00153,3.7431124999999987,-0.37638099999999985,-0.5764395
TEST_00154,2.9371419999999997,0.23425900000000002,-0.20369800000000013
TEST_00155,1.979465,0.18193399999999996,-0.5878945
TEST_00156,1.9502720000000004,-0.47106000000000026,0.39963
TEST_00157,2.3908435,-0.5598454999999998,0.6120680000000001
TEST_00158,2.6679765000000004,-1.4291444999999996,1.0742674999999997
TEST_00159,3.8430625000000007,-1.2377354999999999,2.1109915
TEST_00160,1.515953,-0.025855999999999997,-0.07749699999999998
TEST_00161,1.1283785000000002,0.5989085000000003,0.026938
TEST_00162,1.3234175,0.9350630000000002,-0.0823405
TEST_00163,3.731084,0.21750000000000003,0.052160500000000005
TEST_00164,2.5075734999999995,0.07674999999999998,1.0403759999999997
TEST_00165,1.9015039999999996,0.45673899999999995,0.5035620000000001
TEST_00166,2.9378434999999996,-0.567034,-0.17715200000000003
TEST_00167,3.7840125000000007,-0.0562295,0.2670555000000001
TEST_00168,5.490402,0.308036,0.09847950000000004
TEST_00169,2.6324430000000008,-0.469368,-0.1876025
TEST_00170,0.9030144999999999,0.39862699999999995,0.279185
TEST_00171,3.4628325,-0.14983749999999998,-0.067879
TEST_00172,4.974451500000001,0.7842989999999999,-0.8785729999999999
TEST_00173,1.2961804999999995,0.17449649999999997,-0.08004800000000001
TEST_00174,3.1305165000000006,1.9354845000000003,-0.1821535
TEST_00175,3.3993385000000007,0.5742500000000001,0.515786
TEST_00176,0.9806915,-0.6071740000000001,-0.17517499999999991
TEST_00177,1.5436195,0.7653034999999999,-0.21744049999999998
TEST_00178,5.215731999999999,0.562141,-0.129508
TEST_00179,3.8279465000000004,1.425659,0.1264155
TEST_00180,3.1438169999999994,0.38965399999999994,0.2709304999999999
TEST_00181,2.8935300000000006,0.16819599999999993,0.0191595
TEST_00182,1.4751524999999996,-0.4193455,-0.3175424999999999
TEST_00183,2.0693105000000003,-0.18614650000000002,0.3661140000000001
TEST_00184,3.0876389999999985,-0.09756399999999997,-0.25782800000000017
TEST_00185,3.026379499999999,0.8406445,-0.4392414999999999
TEST_00186,2.455384500000001,-0.10676650000000003,-0.3826769999999998
TEST_00187,3.613627,-0.654006,0.338531
TEST_00188,2.517871499999999,-0.3510059999999999,-0.010202000000000001
TEST_00189,1.4278594999999996,0.7415160000000003,0.3013079999999999
TEST_00190,3.0212865,-1.8778784999999996,1.1488405000000002
TEST_00191,2.7825814999999996,0.41859349999999995,0.35426349999999995
TEST_00192,2.355764999999999,-0.6912989999999999,1.1002579999999997
TEST_00193,2.904676000000001,-1.1182065,1.0989855
TEST_00194,1.3758105000000005,0.1720755,0.0958385
TEST_00195,2.2169464999999997,0.647693,0.5347775000000001
TEST_00196,3.3125280000000004,-0.27585550000000014,0.5286294999999999
TEST_00197,1.9929415,-0.03409800000000001,0.0885635
TEST_00198,3.7253270000000005,-0.198549,0.7342115000000001
TEST_00199,3.2935194999999995,-0.5800815000000001,-1.1046304999999994
TEST_00200,4.748726999999999,0.2840275,-0.19542200000000004
TEST_00201,1.8162394999999996,1.0944770000000001,-0.1964855
TEST_00202,1.778218,0.4268654999999999,-0.474407
TEST_00203,3.1075795,-0.4092615,0.0730075
TEST_00204,3.214976,0.9836595000000004,-0.013496999999999995
TEST_00205,1.2832745,0.4896965,0.24493549999999994
TEST_00206,4.153013999999999,0.41580700000000004,0.5428930000000003
TEST_00207,3.8160489999999987,0.7557115,-0.15046549999999997
TEST_00208,4.588230999999999,-0.343913,0.8272539999999999
TEST_00209,2.2413610000000004,0.6641645,0.17223649999999996
TEST_00210,2.4707955000000004,-0.16936099999999996,0.21507800000000005
TEST_00211,4.084782999999999,0.26823500000000006,0.1799175
TEST_00212,4.075927000000001,1.0424915000000001,0.043918000000000006
TEST_00213,2.2578735000000014,0.6963270000000001,-0.262587
TEST_00214,3.070523500000001,0.07287350000000001,0.411122
TEST_00215,2.8143915,0.2906550000000001,0.2804964999999999
TEST_00216,2.798562,-0.519698,1.5580154999999998
TEST_00217,1.506766,0.17323599999999997,0.7235395000000002
TEST_00218,5.291290500000002,0.2225695,-1.2244715000000004
TEST_00219,1.3740720000000004,-0.2910655,-0.22215349999999998
TEST_00220,3.221863999999999,-0.20705300000000004,-0.781971
TEST_00221,2.9924485000000014,0.2644335,-0.09870649999999999
TEST_00222,1.3877550000000003,0.480629,0.28310550000000007
TEST_00223,3.745839499999999,-0.40738800000000003,0.2712649999999999
TEST_00224,1.3092265000000003,0.5866359999999999,0.08841050000000003
TEST_00225,4.938585999999999,-1.7268190000000003,-0.4184385
TEST_00226,3.0217669999999996,-0.2685209999999999,-1.113232
TEST_00227,4.5035029999999985,0.041009000000000004,0.6187525
TEST_00228,2.2669589999999995,-0.4242155000000001,0.21284799999999993
TEST_00229,3.9501375,1.7077845000000003,-0.5698675
TEST_00230,2.3065270000000004,0.198026,0.5846910000000001
TEST_00231,2.726674499999999,0.7953755,0.11579299999999998
TEST_00232,3.4302975,1.7391680000000003,0.06282750000000001
TEST_00233,3.320687,1.0432514999999998,-0.8445345
TEST_00234,1.9604154999999999,0.6682675,-0.04671650000000001
TEST_00235,1.9941895000000014,0.06219399999999999,0.2019505000000001
TEST_00236,3.456380500000001,-1.7266080000000004,1.3467455
TEST_00237,2.1012615,0.9368860000000001,0.19929649999999993
TEST_00238,1.7476809999999996,-0.24293750000000003,-0.6546405
TEST_00239,6.321444999999998,-0.5659610000000003,-0.8400079999999999
TEST_00240,2.5683509999999994,1.6235355,0.5929675000000001
TEST_00241,4.713268000000002,0.8796459999999999,1.3248724999999997
TEST_00242,1.3108994999999997,0.4086525000000002,-0.3940545000000001
TEST_00243,2.026096500000001,0.8332259999999999,-0.8808639999999999
TEST_00244,3.3531310000000003,0.21144250000000014,0.05802250000000001
TEST_00245,2.251537999999999,0.9615365000000001,-0.27050150000000006
TEST_00246,4.024416499999999,-0.26913849999999984,0.15995900000000002
TEST_00247,4.4861235,-1.0365335000000002,0.3125999999999999
TEST_00248,1.2269229999999998,0.577674,-0.10729250000000001
TEST_00249,3.790469,0.265183,-0.44338350000000004
TEST_00250,2.0471140000000005,-0.011037500000000009,-0.005809000000000002
TEST_00251,3.6709735000000006,-0.06498350000000004,-0.094399
TEST_00252,3.0756595,0.22484149999999997,-0.5759290000000001
TEST_00253,2.774436500000001,-0.3095795,-0.22738099999999997
TEST_00254,1.6019739999999998,-0.650674,-0.021038500000000005
TEST_00255,1.882545,0.019944000000000003,0.0267965
TEST_00256,1.0757660000000007,0.3592830000000001,0.6358429999999997
TEST_00257,1.7946715000000002,0.153381,0.09002099999999999
TEST_00258,2.522683,0.7751369999999997,0.4532895
TEST_00259,3.254047,0.2993155000000002,0.9936964999999995
TEST_00260,2.406690499999999,0.8747345,0.2022815
TEST_00261,1.6550179999999999,0.11805549999999997,0.44978699999999994
TEST_00262,1.0575055,-0.025150500000000017,0.220762
TEST_00263,2.1304354999999995,0.3387825000000001,0.6621044999999998
TEST_00264,3.4677444999999993,-0.059686,-0.40795
TEST_00265,1.2038209999999998,0.4903094999999998,0.5770169999999998
TEST_00266,2.790617,0.4108655000000001,-0.0165255
TEST_00267,1.2792394999999996,0.5459920000000001,-0.3043859999999998
TEST_00268,3.2539705000000003,0.30125650000000004,-1.0229615
TEST_00269,2.7762314999999997,-1.3013954999999995,0.4042539999999999
TEST_00270,2.79099,-0.49605949999999976,-0.4323764999999999
TEST_00271,3.0339249999999995,0.9055594999999999,0.281727
TEST_00272,2.6857735,0.27129800000000015,-0.29958000000000007
TEST_00273,1.7915939999999995,0.122011,-0.35465100000000016
TEST_00274,1.5694724999999994,0.706644,0.13089300000000004
TEST_00275,2.1129154999999997,-0.30434149999999993,0.35049450000000004
TEST_00276,3.944037,-0.5057679999999998,0.6746700000000001
TEST_00277,3.2992419999999996,-1.2548565000000003,0.9514000000000002
TEST_00278,3.927421,-1.1198995000000007,-0.5896355000000002
TEST_00279,5.388144999999999,-1.4736745000000004,-1.0006710000000005
TEST_00280,3.1145070000000006,1.5758305,-0.9158290000000001
TEST_00281,2.0818585,1.5661035000000005,-0.5626859999999998
TEST_00282,1.4645775,-0.7192084999999997,0.8918960000000002
TEST_00283,1.3188155,0.5856874999999999,0.4690384999999999
TEST_00284,2.7161685,0.0103065,0.26715
TEST_00285,1.5480800000000001,0.33520700000000014,-0.3510890000000001
TEST_00286,2.0263775,0.24376850000000005,0.25492599999999993
TEST_00287,2.4171675,-1.0688739999999999,-0.5112269999999999
TEST_00288,5.437312999999998,2.326890999999999,0.6078874999999999
TEST_00289,4.348486000000002,0.3793155,0.8327000000000002
TEST_00290,1.9803444999999997,-0.32302000000000014,-0.004861000000000001
TEST_00291,0.8911955,0.2896735,-0.07390000000000004
TEST_00292,4.118005999999999,0.9851500000000002,1.8954945000000003
TEST_00293,1.6554804999999997,0.21099399999999996,0.25269700000000006
TEST_00294,1.8250054999999998,-1.1537155000000001,0.24105900000000002
TEST_00295,3.4562330000000006,-0.13612650000000007,0.5285215000000001
TEST_00296,3.0097084999999995,-0.793941,-0.5808180000000001
TEST_00297,1.5931575000000002,-0.7023895000000001,-0.3414055
TEST_00298,3.5065349999999995,0.9446495000000001,-1.3303464999999997
TEST_00299,4.363732000000002,0.7962415,-0.5870799999999998
TEST_00300,2.1109470000000004,0.8729250000000001,-0.5681135000000002
TEST_00301,1.6611954999999998,0.18139300000000003,-0.2772355000000001
TEST_00302,1.6617670000000002,-0.07494700000000001,0.28177850000000004
TEST_00303,3.1927980000000007,0.513564,-0.03479349999999999
TEST_00304,1.8695515,-0.16101599999999994,-0.45800849999999993
TEST_00305,4.011536999999999,0.599418,0.8218269999999999
TEST_00306,1.0309050000000002,-0.364487,0.05101800000000001
TEST_00307,4.162084499999999,0.017031000000000008,-0.8085189999999998
TEST_00308,2.8513595000000005,-0.5248095000000002,0.07708299999999998
TEST_00309,3.69405,-0.8159465000000002,0.6125235000000002
TEST_00310,5.1304359999999996,-1.3395735,1.6026584999999998
TEST_00311,2.9473710000000004,-0.8485540000000001,-0.07546149999999999
TEST_00312,1.2111074999999998,0.30280799999999997,-0.17737900000000004
TEST_00313,1.75334,-0.060309,0.346197
TEST_00314,2.241559500000001,0.21808850000000005,0.04181549999999999
TEST_00315,1.6442295,-0.3860165000000001,-0.44906999999999997
TEST_00316,3.5791725,-0.32824600000000004,1.2646514999999998
TEST_00317,3.4112525000000007,1.8562395,0.18449649999999998
TEST_00318,1.473096,0.25602250000000015,-0.0751355
TEST_00319,5.312717500000001,-0.06956299999999999,-0.38336649999999994
TEST_00320,1.298017,-0.1956279999999999,-0.1711065
TEST_00321,5.360796000000002,0.5349084999999998,0.6447215
TEST_00322,3.9580859999999998,0.331225,-0.47700950000000014
TEST_00323,3.8455190000000004,0.915312,0.8125405000000001
TEST_00324,2.7252204999999994,-0.6427805,-0.26882149999999994
TEST_00325,0.8914665,0.20314750000000004,0.25440050000000003
TEST_00326,4.8015455000000005,0.434903,-0.22370600000000002
TEST_00327,2.0475729999999994,0.18108550000000007,0.18001299999999998
TEST_00328,3.369356999999999,-0.24440499999999996,-0.3013400000000001
TEST_00329,2.9192870000000015,0.4566264999999998,0.05509750000000001
TEST_00330,1.5549909999999998,0.615117,0.03517
TEST_00331,0.8138124999999998,0.16895549999999993,-0.055808
TEST_00332,2.7971865,0.4122804999999998,1.0743945000000001
TEST_00333,2.6764314999999996,-0.7817135,-0.362333
TEST_00334,1.3791160000000002,0.9536769999999998,-0.16877649999999997
TEST_00335,3.700543500000001,0.126936,-0.05232449999999999
TEST_00336,2.953999500000001,-0.3453919999999999,0.22383700000000004
TEST_00337,1.812288,0.24501800000000007,0.18229899999999993
TEST_00338,5.476656999999999,0.005638000000000008,-0.8524109999999999
TEST_00339,3.692656499999999,0.08958300000000001,-0.022360000000000005
TEST_00340,2.296843499999999,0.9599184999999999,0.523535
TEST_00341,3.6036755,0.13449049999999999,0.0737345
TEST_00342,1.857812,-0.5588029999999999,-0.7791679999999999
TEST_00343,1.5916415000000002,-0.6664865000000002,-0.31514349999999997
TEST_00344,1.5374704999999995,-0.14529250000000005,-0.04445150000000002
TEST_00345,1.6646405,-0.10706500000000001,-0.15689950000000005
TEST_00346,2.571274,0.43657899999999983,0.5558905000000001
TEST_00347,3.877696,0.3474015000000001,-0.6933955000000002
TEST_00348,1.9764030000000001,0.5372940000000003,0.0021890000000000034
TEST_00349,2.0796259999999993,-0.9915754999999997,0.10351499999999998
TEST_00350,3.3634679999999997,-1.5529929999999998,-0.31146549999999995
TEST_00351,2.3476025,-0.7677180000000001,-0.5676884999999999
TEST_00352,3.3876764999999986,-1.0999170000000003,1.2152295000000002
TEST_00353,3.533714999999999,1.2001090000000003,-0.6005245000000001
TEST_00354,2.7717019999999994,0.2859155,-0.06310650000000001
TEST_00355,1.8954789999999995,-0.06211799999999997,0.0850655
TEST_00356,2.306583500000001,0.46622349999999985,0.12064099999999997
TEST_00357,2.8554019999999998,-0.7386874999999998,0.1926065
TEST_00358,1.379544,0.11671150000000004,0.10008599999999998
TEST_00359,2.9063289999999995,1.3878369999999998,0.21115249999999997
TEST_00360,3.131102499999999,1.9558619999999993,1.3663775
TEST_00361,4.6536235,0.25219499999999995,0.4435865
TEST_00362,2.5641890000000007,-0.5238489999999999,0.17442000000000002
TEST_00363,3.0012814999999993,0.10387600000000002,-1.2558439999999995
TEST_00364,3.7388010000000005,-1.514506,0.10510850000000001
TEST_00365,2.9158050000000006,0.6738154999999999,0.8718725
TEST_00366,5.173442000000001,-0.4385115,-0.18504400000000004
TEST_00367,1.8837630000000003,-0.4651374999999999,-0.4621340000000001
TEST_00368,1.0576820000000002,0.18627049999999995,-0.328776
TEST_00369,4.312824000000001,0.427139,-0.49964650000000005
TEST_00370,1.4445430000000004,0.7718289999999999,0.166545
TEST_00371,1.8781065000000003,0.37234749999999994,0.22309899999999996
TEST_00372,1.663115,0.4705079999999998,0.6541604999999999
TEST_00373,2.9812485000000004,0.37496199999999996,0.20609750000000004
TEST_00374,1.0849149999999999,-0.309435,-0.26156099999999993
TEST_00375,3.4455655,0.9588555000000001,-0.23728900000000003
TEST_00376,1.1006595000000003,-0.6972484999999998,-0.12650799999999995
TEST_00377,2.234433,-0.16066350000000001,0.4006570000000001
TEST_00378,1.6275824999999997,-0.662385,-0.09683149999999999
TEST_00379,1.8039105000000002,-0.9148334999999997,-0.470654
TEST_00380,2.7915874999999994,-0.66135,0.3147714999999999
TEST_00381,3.4859400000000003,0.018949000000000018,0.324374
TEST_00382,2.167818500000001,0.321888,0.48128099999999974
TEST_00383,4.042343500000001,-0.41999999999999993,-0.411013
TEST_00384,2.1617154999999997,-0.4527684999999999,-0.527929
TEST_00385,3.5642509999999987,-1.4726665000000005,-0.09020649999999997
TEST_00386,3.021223000000001,-0.033308500000000005,-0.17339499999999997
TEST_00387,2.1828829999999995,0.025079,-0.0376915
TEST_00388,1.6670784999999997,-0.1111315,0.18819800000000003
TEST_00389,2.417169499999999,0.46656200000000003,1.4435585
TEST_00390,4.4301835,0.284131,-0.6489695000000001
TEST_00391,1.6156589999999995,-0.5411685000000002,-0.06226499999999999
TEST_00392,3.0622320000000007,1.5990675000000005,1.533572
TEST_00393,1.9266490000000003,-0.18591400000000002,0.5567185000000001
TEST_00394,2.8758560000000006,-0.6029159999999999,0.5722624999999998
TEST_00395,1.0260385000000003,0.11312500000000003,-0.22552950000000008
TEST_00396,3.8317175,0.7613185,0.3247144999999999
TEST_00397,3.3574909999999996,0.8265445000000002,-0.8425875
TEST_00398,1.1778830000000005,-0.11937899999999996,0.28337049999999997
TEST_00399,5.763833499999999,1.0331689999999998,0.27441649999999995
TEST_00400,3.9110470000000004,-0.12602900000000006,0.23894200000000004
TEST_00401,1.8436785000000002,-1.1814945,-0.1844205
TEST_00402,3.7227289999999993,1.2794444999999999,0.325349
TEST_00403,3.0196794999999996,-2.358218,0.40515
TEST_00404,3.1320515,-0.2485775,-0.486761
TEST_00405,2.2005399999999993,1.0715694999999998,0.7404425000000001
TEST_00406,2.967486000000001,-0.365221,0.8367074999999998
TEST_00407,1.3130604999999997,0.8462854999999998,-0.13528600000000005
TEST_00408,4.5320005000000005,1.4813319999999996,1.0822550000000002
TEST_00409,3.1872680000000013,0.34517950000000003,0.2511844999999999
TEST_00410,1.6049745,0.44876950000000004,0.40121899999999994
TEST_00411,3.590918000000001,0.24128200000000005,-0.32933749999999984
TEST_00412,2.095966000000001,-0.44979749999999996,0.5517000000000001
TEST_00413,2.325406499999999,-0.3496094999999999,-0.08934600000000002
TEST_00414,1.7104495000000002,0.39900399999999997,-0.12188650000000002
TEST_00415,3.9628059999999996,1.0062819999999997,-0.5868534999999999
TEST_00416,1.618799,0.27666699999999994,-0.2103685
TEST_00417,3.6142414999999994,-1.4295644999999997,1.1977854999999997
TEST_00418,1.8532264999999994,0.26002,0.2365619999999999
TEST_00419,4.006071499999999,0.41143949999999996,0.4789000000000002
TEST_00420,1.3567069999999999,0.13314500000000004,0.04540949999999999
TEST_00421,2.9432679999999998,-0.44908349999999986,-1.0084990000000003
TEST_00422,1.6400240000000004,-0.10573199999999999,-0.6651775000000002
TEST_00423,2.613515500000001,-0.7305124999999998,-0.8539130000000001
TEST_00424,1.1230275,-0.5237645000000003,0.34227850000000015
TEST_00425,2.5726695,0.8157765000000001,0.2985150000000001
TEST_00426,3.106511000000001,0.25130399999999997,-0.7461855000000002
TEST_00427,2.9558075,-0.2866444999999999,-0.5301274999999999
TEST_00428,1.7764525000000004,0.007660000000000004,0.22050199999999998
TEST_00429,4.1486925,0.041426000000000004,0.07984699999999997
TEST_00430,1.1414040000000005,0.236614,-0.32406750000000006
TEST_00431,2.1876455000000004,0.4165190000000001,-0.05551900000000001
TEST_00432,2.771856000000001,0.4592139999999999,0.5218075
TEST_00433,2.6138945,1.126123,-0.06411400000000003
TEST_00434,1.233862,-0.3605695000000001,0.039647000000000016
TEST_00435,1.8724395000000005,0.754564,-0.3436655
TEST_00436,2.1670255000000003,0.5158929999999999,-0.01799049999999998
TEST_00437,3.0592869999999994,-1.022161,0.43388150000000003
TEST_00438,2.8015299999999987,1.5644004999999996,0.05141
TEST_00439,2.4762995000000005,1.4304140000000003,1.5418184999999998
TEST_00440,2.9535470000000004,0.44610799999999995,0.630943
TEST_00441,2.2655585000000005,1.0779369999999997,-0.9033979999999998
TEST_00442,2.773521,0.3873409999999999,-0.237482
TEST_00443,3.5456010000000004,1.0066074999999994,0.07015850000000004
TEST_00444,2.6689355,0.6058045,0.4520829999999999
TEST_00445,2.4742995,0.44420199999999976,0.6277890000000002
TEST_00446,1.9148849999999997,0.45077449999999986,0.026868500000000003
TEST_00447,2.5101769999999988,-0.38489199999999996,-0.6027784999999999
TEST_00448,5.051559499999998,-0.3644045,-0.557358
TEST_00449,4.807272,0.7449204999999999,0.1556355
TEST_00450,3.2546324999999987,0.43096749999999995,1.0901155000000005
TEST_00451,3.2909765000000006,0.10760650000000004,0.3393575
TEST_00452,4.265113499999998,-0.37428300000000003,-1.0942144999999996
TEST_00453,2.8725489999999994,0.06018749999999999,-0.2777900000000001
TEST_00454,2.7784139999999993,-0.3492799999999999,0.659443
TEST_00455,3.2578910000000003,0.24754049999999989,-0.4241450000000001
TEST_00456,1.9511855000000005,0.422805,0.7281664999999999
TEST_00457,3.7928065,1.1037564999999998,-0.6961715
TEST_00458,4.400667500000001,0.060067499999999996,-0.28645849999999995
TEST_00459,4.478093,1.4952999999999999,-0.9965155
TEST_00460,1.8798990000000007,0.4701209999999999,0.3389789999999998
TEST_00461,3.5733635,0.41674050000000007,1.2324734999999998
TEST_00462,2.3376165,-0.07020499999999999,0.8938765000000002
TEST_00463,1.2655399999999997,0.42340900000000004,-0.19375650000000005
TEST_00464,4.002139999999999,0.6147420000000002,-0.528039
TEST_00465,2.8570179999999996,0.08817849999999998,0.05091599999999999
TEST_00466,1.3126815,-0.6573959999999999,0.21355200000000008
TEST_00467,4.175546499999999,-0.12501549999999997,0.5323424999999999
TEST_00468,2.0796399999999995,0.1183185,-0.024804
TEST_00469,2.346177,-0.33526,-1.5448380000000006
TEST_00470,2.6910355000000012,-0.155848,-0.41329
TEST_00471,1.3218649999999998,-0.583158,0.13901200000000002
TEST_00472,1.2899979999999998,-0.7139949999999999,0.541968
TEST_00473,3.044770999999999,0.8552745000000002,0.6858440000000003
TEST_00474,2.8076619999999988,0.3806205000000001,-0.28342599999999984
TEST_00475,1.5849825000000002,0.020780999999999987,0.7101704999999999
TEST_00476,4.449235000000001,1.3589930000000006,0.5741239999999999
TEST_00477,1.7843080000000002,0.3057680000000001,0.22289499999999995
TEST_00478,1.3475944999999996,0.6949760000000003,0.5712574999999999
TEST_00479,3.619778500000001,-0.2960505,1.6318659999999996
TEST_00480,3.8297425000000005,-0.5527150000000002,0.058532500000000015
TEST_00481,4.0359415,0.009618999999999999,1.0249164999999998
TEST_00482,2.4628135,-0.32259249999999995,0.20781999999999992
TEST_00483,0.9751615000000002,-0.4713495000000001,-0.15807350000000003
TEST_00484,2.146769,0.056194,0.5169854999999999
TEST_00485,1.6296199999999996,0.5885690000000001,0.04702349999999998
TEST_00486,1.1849389999999997,-0.4241664999999999,0.28319399999999995
TEST_00487,1.0893305,-0.027385499999999997,0.3681405000000001
TEST_00488,2.3034335000000006,1.1054450000000005,-0.24475899999999998
TEST_00489,3.2060195,0.278261,-0.2264549999999999
TEST_00490,2.0084665,0.853325,0.37706249999999997
TEST_00491,3.6007525,0.19011899999999998,1.1413090000000001
TEST_00492,4.1943030000000014,0.8814004999999998,1.5472309999999996
TEST_00493,2.539796999999999,-0.1174195,0.31969499999999995
TEST_00494,1.9111275000000003,1.0556415,0.0035190000000000017
TEST_00495,1.7786594999999996,-0.3647504999999999,-0.06075100000000001
TEST_00496,2.1798569999999997,0.7069844999999999,0.3721924999999999
TEST_00497,1.9853395,-0.6793724999999997,0.04188649999999999
TEST_00498,5.3795985,-0.8299534999999999,1.8063004999999994
TEST_00499,4.116154,0.3021875,0.24553700000000006
TEST_00500,1.9687290000000002,0.6731045,0.4655925000000001
TEST_00501,2.9584865000000002,0.23282149999999996,1.3217535000000005
TEST_00502,1.8944139999999998,0.43595800000000007,0.15046000000000004
TEST_00503,1.7912759999999996,0.35043350000000006,0.059697000000000014
TEST_00504,1.9851605,0.09826350000000003,-0.4937580000000002
TEST_00505,3.543013,1.5490154999999999,-0.24874199999999994
TEST_00506,1.8951679999999997,0.3259575,0.48015850000000015
TEST_00507,1.3843620000000003,-0.006625499999999991,-0.24938549999999993
TEST_00508,2.2175770000000012,-1.006227,0.3729175
TEST_00509,1.31583,-0.43322950000000016,0.6729719999999997
TEST_00510,2.028017,-1.5539905,0.5980535000000001
TEST_00511,2.679990500000001,-1.0031820000000002,-0.4625145
TEST_00512,2.620086,1.1497604999999997,-0.5382065
TEST_00513,2.5401925000000007,0.6391789999999998,-0.6001459999999998
TEST_00514,1.9105420000000004,0.4956360000000001,-0.22706600000000005
TEST_00515,1.3282570000000007,0.31979799999999997,-0.10614449999999999
TEST_00516,4.0296165,-0.3735105000000001,1.0284324999999996
TEST_00517,1.6404684999999997,-0.38431749999999987,-0.17486700000000002
TEST_00518,3.8345709999999986,0.49180250000000003,-0.04520400000000001
TEST_00519,3.5924895,-0.818489,-0.9650160000000001
TEST_00520,5.0594065,-0.5759365000000003,0.4822115
TEST_00521,2.1896169999999997,-0.8414999999999998,-0.087503
TEST_00522,3.6264699999999985,1.3106755000000003,-0.09180649999999999
TEST_00523,2.1701005,-1.3519045000000003,-0.27187099999999986
TEST_00524,3.0827850000000003,0.29411200000000015,-0.3851944999999999
TEST_00525,1.582771,0.7100579999999999,-0.206897
TEST_00526,2.804032,-0.7961449999999998,-0.7563424999999999
TEST_00527,1.7807800000000005,1.0421259999999997,0.23288200000000003
TEST_00528,5.806298499999999,-0.6341149999999999,-0.6358025
TEST_00529,3.4859275000000007,0.2348625,-0.12294700000000001
TEST_00530,2.9345045,-0.06692650000000003,-0.8025690000000001
TEST_00531,3.8674654999999993,-0.270838,-1.0484615000000002
TEST_00532,2.488743500000001,-0.9504095,0.26110749999999994
TEST_00533,2.6752624999999988,0.22854900000000003,-0.23447150000000014
TEST_00534,1.6692519999999997,0.9806260000000001,0.7508564999999998
TEST_00535,1.8897189999999997,-0.6749990000000001,-0.07784749999999999
TEST_00536,3.020527500000001,0.258972,1.6401810000000001
TEST_00537,4.035275,-0.6949415000000001,-0.6255194999999998
TEST_00538,3.5142035,-0.06507200000000002,-0.5729249999999999
TEST_00539,2.414322499999999,0.936404,-0.32254849999999996
TEST_00540,1.0800429999999999,-0.0479465,-0.16813699999999998
TEST_00541,3.825914,-0.4009939999999999,0.3393400000000001
TEST_00542,1.7720490000000002,0.7804869999999997,-0.10856499999999994
TEST_00543,1.5209360000000005,0.4699549999999999,0.16462000000000004
TEST_00544,3.7259729999999998,-0.39632,-0.5513094999999999
TEST_00545,2.8266565000000003,0.08750850000000002,1.5220635000000002
TEST_00546,1.1796249999999997,-0.3216350000000001,-0.18886700000000003
TEST_00547,3.119395000000001,0.3729695,-0.4659104999999998
TEST_00548,2.924706,1.1865680000000003,-0.3946059999999999
TEST_00549,3.2655165000000004,0.10213350000000002,-1.0425804999999995
TEST_00550,3.881847999999999,1.2147785000000004,-0.0007864999999999973
TEST_00551,2.8213239999999997,-0.306708,-0.25747999999999993
TEST_00552,2.294349,-1.2563650000000002,0.4492864999999998
TEST_00553,3.224246,-0.21623900000000001,0.5459719999999997
TEST_00554,1.7150114999999997,0.12540500000000004,0.137219
TEST_00555,2.0741970000000007,-0.7861415,0.12367449999999999
TEST_00556,3.027281,-1.231533,0.8287445000000001
TEST_00557,2.5094155000000002,-0.3450535,-0.129669
TEST_00558,2.958561500000001,-0.40155,-0.4475304999999999
TEST_00559,3.8079514999999997,-0.7250775,1.4341275000000002
TEST_00560,3.4434484999999997,-0.4321059999999999,0.9691220000000003
TEST_00561,5.016756000000001,-1.9263219999999999,1.239154
TEST_00562,1.9262524999999997,-1.5788870000000004,0.9803245000000003
TEST_00563,1.0756870000000003,-0.9261605000000002,-0.1143965
TEST_00564,1.8342725,-0.11957799999999999,0.22560900000000003
TEST_00565,2.1733635,0.23232100000000006,0.608725
TEST_00566,3.0991815000000003,-0.49727750000000015,0.46464950000000005
TEST_00567,3.2670579999999996,-0.5962580000000002,0.336597
TEST_00568,3.305638000000001,0.8783335000000001,-0.8342614999999998
TEST_00569,3.562115,-0.093692,0.7592174999999998
TEST_00570,2.218755500000001,0.21566649999999993,0.381197
TEST_00571,3.09412,-0.3907350000000001,0.011668499999999998
TEST_00572,1.543421,0.16220399999999996,-0.30218600000000007
TEST_00573,0.9658310000000001,-0.3624480000000001,-0.10250499999999999
TEST_00574,1.6176555000000006,0.2925834999999999,0.5926034999999997
TEST_00575,3.1432404999999997,0.151309,0.154646
TEST_00576,2.031921500000001,0.7506830000000002,0.630027
TEST_00577,2.3567884999999995,0.9948155000000004,0.34048750000000005
TEST_00578,3.8956005000000005,0.23276499999999994,0.6185295000000002
TEST_00579,2.5853595,0.07361250000000003,-0.15189450000000002
TEST_00580,1.6692305000000003,-0.5892744999999998,0.6310429999999998
TEST_00581,2.8646210000000005,0.41242,0.6816900000000001
TEST_00582,1.3723690000000002,-0.12491400000000003,-0.3444130000000001
TEST_00583,3.7302580000000005,0.052841999999999986,-0.6812765000000001
TEST_00584,4.074024000000001,-0.3096119999999999,0.0858275
TEST_00585,4.492259499999999,-0.3954319999999999,-0.47258350000000005
TEST_00586,1.3479399999999997,-0.15057750000000006,-0.3370260000000001
TEST_00587,2.016237,-0.053224499999999994,-0.12006249999999993
TEST_00588,2.6112845,-0.7823745,0.4729454999999999
TEST_00589,1.0193230000000004,-0.012133999999999994,0.4531200000000001
TEST_00590,4.023675000000001,-0.7067785000000001,0.7116005000000002
TEST_00591,3.044894000000001,0.06254500000000005,-0.06246149999999998
TEST_00592,1.7934865000000006,-0.6832365000000001,-0.14008900000000002
TEST_00593,3.339387999999999,0.785819,1.171065
TEST_00594,2.3857800000000013,0.42754799999999993,0.4477629999999999
TEST_00595,1.1227130000000005,0.12118900000000002,-0.16693750000000002
TEST_00596,4.559965,1.1391529999999996,-0.7833975000000002
TEST_00597,2.853240999999999,-0.3546,0.5709285000000002
TEST_00598,2.3100690000000004,0.114408,0.730841
TEST_00599,4.4764345,-1.8828859999999998,2.2247375
TEST_00600,2.9280660000000003,1.1629504999999996,1.0522095
TEST_00601,2.7679789999999995,1.118474,-0.4757055000000002
TEST_00602,1.1676675,0.6416125000000003,-0.107538
TEST_00603,1.3439750000000001,0.3702605,0.016970500000000003
TEST_00604,3.501449,0.0023375000000000028,0.19076700000000002
TEST_00605,1.1337854999999994,0.554221,-0.018637499999999994
TEST_00606,4.7338585,0.7437330000000002,0.9879785000000005
TEST_00607,1.6784205,1.1989195000000001,0.5334049999999997
TEST_00608,2.0029684999999993,1.552823,0.3510345
TEST_00609,2.536985999999999,0.078264,-0.5853039999999999
TEST_00610,2.0784615000000004,0.593904,-0.13477000000000006
TEST_00611,3.7447314999999994,0.0247955,0.8819349999999999
TEST_00612,3.493549,-0.9834300000000004,0.0302495
TEST_00613,2.7199910000000003,-0.04501999999999999,-0.3827054999999999
TEST_00614,1.536962,-0.277454,0.338125
TEST_00615,1.1960240000000002,0.025816000000000006,-0.14655000000000007
TEST_00616,2.1125489999999996,-0.4455060000000001,-0.5812505000000001
TEST_00617,2.9334190000000007,-0.26768499999999995,0.9491425
TEST_00618,2.37199,0.7823444999999999,0.6384100000000001
TEST_00619,3.3121620000000016,1.0606674999999997,0.8731165000000003
TEST_00620,2.2226419999999987,0.028841499999999992,0.48478650000000006
TEST_00621,3.0343609999999996,-0.46360650000000003,0.42751450000000013
TEST_00622,1.8768884999999997,0.18153500000000003,0.18411499999999997
TEST_00623,3.994969500000001,0.5096094999999998,-0.04752499999999998
TEST_00624,3.107487999999999,-0.09490649999999998,-0.2505245
TEST_00625,2.9623655000000015,1.0264820000000003,-0.09488000000000003
TEST_00626,3.1996255,-0.5678619999999999,-0.8325744999999998
TEST_00627,2.730499000000001,-0.18614750000000002,0.15744950000000002
TEST_00628,2.1566219999999996,0.046568499999999985,-0.1615225
TEST_00629,3.9784240000000004,-1.0615405,-0.24574049999999997
TEST_00630,3.3817630000000003,-0.8659570000000001,-0.7588999999999999
TEST_00631,3.057778500000001,-0.7321684999999997,-0.10507399999999996
TEST_00632,2.9708305000000004,0.6049369999999998,0.5666994999999997
TEST_00633,2.7024805,-0.8144449999999999,0.7763635000000002
TEST_00634,1.6721620000000001,-0.2476525,0.2044765
TEST_00635,2.636323000000001,0.9147415,0.8407155
TEST_00636,1.4071834999999997,-0.49885199999999996,-0.34103550000000005
TEST_00637,3.106995500000001,0.1598985,1.0210235
TEST_00638,2.7543010000000008,0.1441465,-0.062397999999999995
TEST_00639,4.813065,0.7453275,-1.1926364999999999
TEST_00640,4.616637500000001,0.4580655000000001,-1.0534425000000003
TEST_00641,4.6749719999999995,-2.2087269999999997,1.209073
TEST_00642,1.6796975000000003,1.0547585000000004,0.839821
TEST_00643,1.9405899999999994,1.1264600000000007,0.2925635
TEST_00644,1.7019914999999997,0.356236,-0.2910959999999999
TEST_00645,1.2940919999999998,0.008740000000000003,0.021280499999999994
TEST_00646,2.402026000000001,-0.8904825000000001,0.5525464999999998
TEST_00647,2.3998765000000013,-0.7266634999999997,0.47164000000000017
TEST_00648,3.4107749999999992,-0.293307,0.4016595
TEST_00649,1.7426685000000002,0.6847835,0.29514649999999987
TEST_00650,2.214289999999999,-0.11323449999999999,-0.15533699999999995
TEST_00651,2.102789999999999,0.6258335000000002,0.23198699999999997
TEST_00652,1.2944440000000002,-0.8477349999999999,0.09269299999999998
TEST_00653,2.5138534999999997,-0.5745335000000001,0.20023050000000003
TEST_00654,2.181852,-0.4756285,0.32195549999999995
TEST_00655,2.7975220000000003,-0.3192585,0.023644000000000005
TEST_00656,1.430035,0.7133455000000003,0.2299445
TEST_00657,2.032161,0.5498985000000002,-0.5495390000000002
TEST_00658,1.7635125,1.0358975000000004,-0.5620089999999999
TEST_00659,2.7273635,-1.6305280000000002,0.3933755
TEST_00660,2.8979485,0.41549249999999993,-0.027558
TEST_00661,1.4132344999999995,-0.6373685000000003,-0.219147
TEST_00662,1.3504180000000001,0.04993649999999999,0.08684000000000003
TEST_00663,3.2145935000000003,0.556268,0.21744349999999998
TEST_00664,3.4438470000000003,-0.25612250000000014,-0.2092944999999999
TEST_00665,3.563811999999999,0.08703949999999999,0.802633
TEST_00666,2.8320634999999994,0.21442199999999997,-0.126585
TEST_00667,4.176950500000002,-0.5311990000000001,0.4448730000000001
TEST_00668,2.891458,-0.887127,0.059059499999999994
TEST_00669,2.6461010000000007,0.9504845,1.1888275
TEST_00670,3.0306509999999993,-0.23289900000000008,-0.5888969999999999
TEST_00671,2.398484,0.23819950000000012,-0.007211500000000004
TEST_00672,2.9197479999999993,1.0061230000000003,0.97601
TEST_00673,2.8740249999999996,-0.7612875,0.45202
TEST_00674,2.0942845,-0.4308975,0.58261
TEST_00675,1.8028879999999996,-0.04502150000000001,-0.5062900000000001
TEST_00676,1.9723790000000005,0.6859055000000003,0.0298345
TEST_00677,3.2059865000000003,2.1198135000000002,0.5493314999999998
TEST_00678,2.2248305000000013,0.549248,0.5955315
TEST_00679,5.856775999999998,0.6795665000000002,-0.7232809999999998
TEST_00680,3.0252540000000003,1.5980650000000005,0.21754000000000007
TEST_00681,3.237153,-1.3865090000000002,1.0878244999999997
TEST_00682,3.657516499999999,0.1767725,0.2753285000000001
TEST_00683,2.5255624999999995,0.26372450000000014,0.9144834999999999
TEST_00684,2.3399400000000004,-0.16851699999999997,0.6350484999999999
TEST_00685,2.3530900000000003,0.6710730000000003,0.10928199999999996
TEST_00686,1.5220055000000001,-0.06077950000000001,0.18730799999999995
TEST_00687,5.021846499999999,1.3260565000000004,-0.9232304999999998
TEST_00688,4.075739499999999,-2.0950754999999988,1.4578359999999995
TEST_00689,3.3413790000000008,0.019585,0.707975
TEST_00690,2.7291900000000004,0.4284485000000001,-0.6703785
TEST_00691,2.2553294999999993,-0.05320699999999999,0.6966924999999999
TEST_00692,1.967054,-0.4264755000000001,0.6058629999999998
TEST_00693,2.3150884999999994,0.5543449999999999,0.10506449999999998
TEST_00694,2.8869679999999995,1.6690430000000003,0.79786
TEST_00695,0.9467809999999999,0.5561640000000001,-0.033697500000000005
TEST_00696,2.687455000000001,0.43384249999999996,-0.5883184999999997
TEST_00697,2.4663899999999996,-0.3782935,0.397036
TEST_00698,5.292136500000002,-1.6390255,-0.6305504999999998
TEST_00699,1.2021615000000005,-0.022147500000000004,0.055685
TEST_00700,1.0985275,0.0616705,0.3739245
TEST_00701,2.7241079999999993,0.35591449999999997,0.25895499999999994
TEST_00702,1.4323260000000007,-0.5640675000000002,-0.2724385
TEST_00703,2.240945999999999,0.15873349999999997,-0.0278805
TEST_00704,2.208211000000001,-0.699017,-0.38000900000000015
TEST_00705,2.6194429999999995,1.3511525000000002,-0.3081855
TEST_00706,2.700141499999999,-0.23192549999999998,-0.11427650000000002
TEST_00707,4.4057295000000005,-0.20510500000000004,-0.341241
TEST_00708,2.094052,0.14226649999999996,-0.15290699999999993
TEST_00709,4.1983595000000005,-1.7234769999999997,1.5113209999999997
TEST_00710,2.4972239999999992,-1.7066195000000004,0.7691684999999999
TEST_00711,1.4882065000000004,0.2027495,0.08201750000000002
TEST_00712,2.6214259999999996,0.16173,0.9325870000000003
TEST_00713,2.200901,0.8151255,-0.626667
TEST_00714,2.9316545000000014,-0.154117,0.052461
TEST_00715,1.0679810000000003,0.0734595,-0.07318349999999996
TEST_00716,2.2025875000000004,0.06121000000000002,-0.6691234999999999
TEST_00717,2.2223124999999992,0.22722900000000001,0.2881235000000001
TEST_00718,3.129943,-0.6366365000000003,0.933063
TEST_00719,3.1516744999999995,-1.2644705,-1.4975694999999996
TEST_00720,3.0025350000000004,2.3393450000000016,0.44101099999999993
TEST_00721,1.7839784999999997,-0.713007,-0.05454400000000001
TEST_00722,4.110606500000001,0.3315095000000001,0.43462100000000004
TEST_00723,2.2108960000000004,-0.3126799999999999,0.7539679999999999
TEST_00724,2.0614175000000006,-0.29592000000000007,-0.36073199999999994
TEST_00725,0.844783,-0.031142000000000003,-0.18815650000000006
TEST_00726,3.242361,-1.0271214999999998,-0.06181349999999999
TEST_00727,3.4488554999999996,-0.8951724999999997,-0.604383
TEST_00728,5.791819,-0.4831744999999999,-0.4016724999999999
TEST_00729,3.940022,0.45961450000000004,0.43725
TEST_00730,2.876805,0.6345565,-0.012537499999999997
TEST_00731,2.243148500000001,0.510127,0.15118049999999997
TEST_00732,1.4363985000000006,0.105268,0.028393
TEST_00733,2.833527,0.3473895,0.14181100000000002
TEST_00734,1.4362905000000001,-0.6178775000000001,-0.10950799999999997
TEST_00735,1.2087325,-0.014342499999999987,0.36252049999999986
TEST_00736,2.2285619999999993,0.6227035000000001,-0.31189900000000004
TEST_00737,3.0443500000000006,-1.4058434999999996,0.7023385
TEST_00738,4.873742999999999,0.8973325,-1.2791459999999997
TEST_00739,4.070049499999999,1.5095150000000002,1.2737360000000004
TEST_00740,2.6068689999999997,-0.47146749999999993,-0.07349200000000002
TEST_00741,1.1918985000000006,-0.427055,0.41903199999999996
TEST_00742,1.9416585000000002,0.04026099999999998,0.6018624999999999
TEST_00743,3.643521000000001,-0.4659244999999999,0.23152249999999985
TEST_00744,2.259187499999999,-0.4157095000000002,0.46023800000000015
TEST_00745,2.600466,0.37853100000000006,1.0793735000000004
TEST_00746,1.6439020000000002,0.30417049999999995,0.02801649999999999
TEST_00747,3.5962889999999996,-0.5817785,-0.7662155000000003
TEST_00748,1.7389445,0.02372000000000002,0.11358449999999998
TEST_00749,3.719405,-0.30703199999999997,1.1786559999999997
TEST_00750,1.3589149999999999,0.7234595,-0.31185700000000005
TEST_00751,2.857124499999999,-0.29855049999999994,-0.3092545
TEST_00752,3.4082995,0.2866165,0.6640619999999999
TEST_00753,3.1527024999999993,-1.3758039999999996,0.8456699999999999
TEST_00754,2.806795000000001,0.04719300000000003,0.4084360000000001
TEST_00755,1.8203485000000006,0.08999199999999995,-0.21077849999999992
TEST_00756,4.0684585,-0.8005460000000002,0.3178925000000001
TEST_00757,1.6633560000000003,0.390884,-0.09082150000000003
TEST_00758,2.540558999999999,1.06606,-0.39771199999999995
TEST_00759,4.938459999999999,1.2242115,0.10686300000000001
TEST_00760,4.751869500000001,-0.083083,-1.4674109999999998
TEST_00761,1.0070419999999998,0.022514499999999996,-0.056693999999999994
TEST_00762,2.703635,0.09897799999999998,-0.0747475
TEST_00763,3.322812999999999,0.8561139999999999,0.31107699999999994
TEST_00764,2.4398765,0.25203049999999994,-0.03021350000000001
TEST_00765,1.5885529999999999,0.42912799999999995,-0.012147500000000002
TEST_00766,2.118124999999999,-0.7666259999999998,-0.3544025000000002
TEST_00767,2.880443000000001,0.8412365000000002,0.9439019999999999
TEST_00768,2.5162500000000003,0.298678,-1.0995285000000004
TEST_00769,2.106148,0.8526130000000003,0.03551500000000002
TEST_00770,3.3817275,0.343577,1.0974439999999999
TEST_00771,1.6463999999999999,-0.35779850000000013,0.3323815
TEST_00772,1.389526,-0.19656300000000002,-0.15898050000000002
TEST_00773,1.9460185000000005,-0.11557799999999999,0.24124400000000001
TEST_00774,2.186138999999999,1.2774290000000001,-0.7947925
TEST_00775,4.126061499999999,1.0664894999999999,-1.0988539999999998
TEST_00776,2.8712465,0.22130849999999996,0.7721464999999998
TEST_00777,3.192772999999999,-0.889478,0.18060949999999998
TEST_00778,4.891084500000002,0.42288200000000004,-0.32069000000000014
TEST_00779,4.7780435000000026,-1.3896739999999994,-1.4004000000000003
TEST_00780,1.9639684999999996,0.6699190000000002,0.4804885
TEST_00781,3.1905930000000007,-0.08873750000000002,-0.18206
TEST_00782,1.913922,-0.46521650000000003,0.4976874999999999
TEST_00783,3.920308499999999,0.7909925,-0.004413999999999999
TEST_00784,2.3191615000000008,-0.17991050000000003,0.46765000000000007
TEST_00785,2.81276,0.44455749999999994,1.5259325000000001
TEST_00786,2.7930224999999993,-0.27692649999999996,0.08702449999999996
TEST_00787,2.5257809999999994,0.6829764999999999,0.8938229999999999
TEST_00788,2.28008,-0.4890404999999997,0.3845565000000001
TEST_00789,2.7311395,-0.9573445,-1.2867265000000003
TEST_00790,4.087229999999999,0.05705449999999998,0.5878024999999998
TEST_00791,2.378939999999999,-0.3143665,0.2990415000000001
TEST_00792,2.2170395000000003,0.987527,-0.14494749999999998
TEST_00793,2.9470899999999998,0.5428030000000003,-0.03543300000000003
TEST_00794,2.490012,-0.5834740000000003,0.41441950000000005
TEST_00795,1.7868970000000004,0.344275,0.4253619999999999
TEST_00796,4.596390499999998,-0.5002120000000001,0.13303850000000003
TEST_00797,2.8550505,-1.5007160000000002,0.9957580000000005
TEST_00798,3.3314385,1.4369950000000005,1.0059975
TEST_00799,3.6568284999999996,-0.641659,-1.2779014999999996
TEST_00800,3.5010650000000005,1.5907135000000001,0.2909419999999998
TEST_00801,3.6346499999999997,1.398581,-0.24425499999999992
TEST_00802,4.497542500000001,-1.4325645000000002,-0.11815750000000004
TEST_00803,3.232305499999999,-0.10617049999999997,0.063806
TEST_00804,2.0899494999999995,-0.5300659999999999,-0.7554494999999999
TEST_00805,2.0827714999999998,1.0685854999999997,-0.6337225000000002
TEST_00806,4.222690500000002,-0.19739849999999995,0.3327859999999999
TEST_00807,1.1355175,0.4104479999999999,0.16482950000000002
TEST_00808,5.604862500000001,0.37154649999999984,0.14546749999999997
TEST_00809,2.419836499999999,0.698993,-0.0644785
TEST_00810,1.5714035000000002,0.2608395,-0.22539050000000005
TEST_00811,0.7874950000000001,0.4153165,-0.03364349999999999
TEST_00812,2.483449000000001,0.5749250000000001,-0.3137270000000001
TEST_00813,2.381868,-0.11088700000000001,0.04081399999999999
TEST_00814,3.7066930000000005,1.6833405,-0.8068465000000002
TEST_00815,2.3645715000000003,0.8857154999999999,-0.20864950000000004
TEST_00816,2.5922154999999996,-1.1368654999999999,-0.20496750000000008
TEST_00817,3.7267055,-1.9377429999999998,1.7390770000000004
TEST_00818,5.439603999999999,0.4583710000000001,-1.1577275000000005
TEST_00819,1.6651784999999995,0.49989150000000016,0.30795899999999987
TEST_00820,1.458248,0.29643650000000005,-0.019972500000000004
TEST_00821,2.659147000000001,-0.3999109999999999,0.645665
TEST_00822,2.0847365,0.6689505,0.16177699999999995
TEST_00823,2.402831,-0.568496,-0.456863
TEST_00824,1.6755035,-0.33221300000000004,-0.2604010000000001
TEST_00825,1.4084425000000005,0.4933555,-0.6847855
TEST_00826,1.6080459999999996,0.4542315,-0.3119585
TEST_00827,1.114062,0.39531299999999997,0.062226499999999976
TEST_00828,2.3916360000000005,0.9310780000000003,-0.6503104999999998
TEST_00829,1.2752374999999998,-0.0857905,-0.29596599999999984
TEST_00830,4.7483975,-1.3121364999999998,1.8367224999999998
TEST_00831,2.2019875000000004,-0.41479599999999994,0.16479149999999998
TEST_00832,1.4456405000000003,0.6192205000000002,0.28535199999999994
TEST_00833,3.202876,-0.9560595000000001,1.4967899999999998
TEST_00834,2.0550784999999996,0.16145249999999992,0.2343835
TEST_00835,1.9092035000000003,0.6796575,0.10581799999999997
TEST_00836,1.4113749999999996,-0.9181155000000001,0.0024970000000000005
TEST_00837,1.3686760000000002,-0.17903950000000002,0.0017285000000000052
TEST_00838,2.413764499999999,-0.3431924999999999,-0.15181550000000005
TEST_00839,5.791883499999999,0.4473665,-0.076122
TEST_00840,1.5012260000000004,-0.08482149999999998,-0.24438599999999996
TEST_00841,3.990914000000001,1.4973829999999997,1.4709615000000003
TEST_00842,3.0617475000000005,0.570855,1.5587285
TEST_00843,2.4302694999999996,0.6674655,0.0639635
TEST_00844,3.4877325,0.314118,0.7055910000000001
TEST_00845,2.500675499999999,0.12898500000000004,-0.043776
TEST_00846,4.5940509999999986,-0.408567,0.7711104999999998
TEST_00847,3.6540865,0.3500465000000001,0.13509149999999998
TEST_00848,3.8739475,1.0672960000000002,0.003288999999999997
TEST_00849,3.5811220000000015,-0.07707549999999999,-0.051679
TEST_00850,3.106996999999999,-0.3162034999999999,-0.312613
TEST_00851,4.262717,0.14645100000000003,-0.13894450000000005
TEST_00852,3.2198995,-0.703349,0.4828414999999999
TEST_00853,1.6526569999999996,-0.6943789999999999,-0.15305949999999996
TEST_00854,3.1168804999999997,1.3378689999999998,-1.088736
TEST_00855,1.076902,0.08733899999999999,-0.27403349999999993
TEST_00856,3.263376000000001,-0.22683450000000002,1.5039339999999999
TEST_00857,3.7378095,-1.9460595,0.3285150000000001
TEST_00858,4.274052000000001,-0.16592549999999998,-0.5671480000000001
TEST_00859,1.2952864999999998,0.28423300000000007,-0.39350300000000016
TEST_00860,2.1549709999999997,0.3031885000000001,-0.136847
TEST_00861,3.369092,0.0430995,0.22029900000000013
TEST_00862,1.59298,0.3007970000000001,-0.2074145
TEST_00863,3.4499864999999987,-0.022068000000000004,1.040093
TEST_00864,4.0617495,0.13081299999999996,0.8413809999999999
TEST_00865,4.907655999999999,0.34484550000000014,0.13209549999999998
TEST_00866,1.3951985000000002,0.44551050000000003,-0.0428115
TEST_00867,1.8389344999999997,0.4952399999999999,0.18589299999999997
TEST_00868,2.428647999999999,-0.7705755000000001,0.2317415000000001
TEST_00869,4.3770275000000005,-0.5492324999999998,-0.11046549999999998
TEST_00870,0.9789559999999999,0.42606900000000014,-0.0009100000000000004
TEST_00871,1.4806934999999999,-0.37675599999999987,-0.08674899999999997
TEST_00872,3.365195,0.9860519999999998,0.13510399999999997
TEST_00873,3.5381130000000005,0.25550000000000006,0.5720805000000002
TEST_00874,1.6591504999999995,0.150546,-0.0477655
TEST_00875,1.0657415,0.30657499999999993,0.09489800000000001
TEST_00876,3.457810500000001,-0.29639899999999986,0.35793900000000006
TEST_00877,2.617663500000001,0.8252605000000002,0.19229449999999992
TEST_00878,2.281708,0.7111060000000001,-0.2926954999999999
TEST_00879,3.6111525,-1.0358454999999993,1.9659524999999998
TEST_00880,4.231872999999998,-1.5197409999999998,0.3209059999999999
TEST_00881,4.642164,1.3722154999999998,0.9006555
TEST_00882,2.0326250000000003,-1.0374535,1.2671015000000005
TEST_00883,4.156516999999999,0.13251400000000002,-1.1254465
TEST_00884,1.8821990000000004,-0.20105649999999997,0.21187400000000006
TEST_00885,2.6929455,0.33758750000000004,0.5966204999999999
TEST_00886,2.0771214999999996,-0.3347800000000001,0.2609980000000001
TEST_00887,3.870318,-0.07969899999999996,0.13499850000000002
TEST_00888,4.295570499999998,-2.2069215000000004,0.932994
TEST_00889,3.5174649999999987,0.054533,0.0699745
TEST_00890,1.5874749999999997,0.303778,0.17204850000000005
TEST_00891,4.081483000000002,0.31127799999999994,-1.1443674999999995
TEST_00892,4.443455,-1.1026475000000002,0.7316035
TEST_00893,1.2811340000000002,-0.030553999999999987,-0.031738
TEST_00894,1.6778965000000001,0.6366660000000003,0.7484000000000002
TEST_00895,2.852067499999999,0.32832149999999993,0.3068275
TEST_00896,2.381352500000001,-0.178789,0.5223610000000001
TEST_00897,3.6749209999999994,-1.0787295000000001,1.6981264999999997
TEST_00898,1.9530835,-0.4850595,0.5532380000000001
TEST_00899,3.217682499999999,-0.9431590000000001,-0.337014
TEST_00900,3.0983574999999997,0.46910199999999996,0.9012165000000002
TEST_00901,3.2431959999999993,0.4304055,-1.134449
TEST_00902,2.498125,-0.22080650000000002,0.16760849999999994
TEST_00903,2.7684610000000003,-0.341155,-0.4083255
TEST_00904,3.8295355000000004,-0.016641499999999997,0.8180925000000002
TEST_00905,4.106127500000001,-0.35924500000000004,0.7436155
TEST_00906,1.9806210000000004,-0.060999500000000005,-0.065972
TEST_00907,4.137326499999999,0.4005139999999999,-0.48156699999999997
TEST_00908,3.090401999999999,-0.8140054999999999,-0.5699255000000001
TEST_00909,4.217657500000001,0.019163499999999997,0.4437074999999999
TEST_00910,1.995466,-0.8846555000000003,0.5555700000000002
TEST_00911,1.801657,0.04582,0.26196549999999996
TEST_00912,3.1850285000000005,-0.6986855000000001,0.5899749999999998
TEST_00913,3.2735675000000004,0.8997225,0.48945799999999995
TEST_00914,2.4087414999999996,-0.28728049999999994,0.24007099999999987
TEST_00915,1.5974380000000006,-0.8290514999999998,-0.30688649999999995
TEST_00916,4.363593000000002,-0.016759500000000004,0.15948800000000002
TEST_00917,3.054874499999999,-2.27584,-0.8485189999999998
TEST_00918,1.60047,-0.46578699999999995,-0.49916999999999995
TEST_00919,1.1749080000000003,0.09554949999999998,-0.1314415
TEST_00920,2.810729999999999,-1.6661384999999997,-0.7020815
TEST_00921,2.0209414999999997,1.2363065,-0.31441300000000005
TEST_00922,4.289385999999999,-0.778747,0.4993489999999998
TEST_00923,2.3484050000000005,0.5350094999999999,0.6283274999999999
TEST_00924,3.2990575000000004,1.0797395,-0.042392999999999986
TEST_00925,0.8812260000000003,-0.12774599999999997,-0.3167385
TEST_00926,4.594297999999999,-0.8215154999999998,-0.5999295000000002
TEST_00927,5.063312,-0.46078650000000004,1.1897619999999995
TEST_00928,4.425607000000001,1.4901185000000003,-0.10968599999999998
TEST_00929,2.109911500000001,0.277411,0.25786450000000005
TEST_00930,2.7260675,-0.04218149999999999,-0.6344814999999999
TEST_00931,3.1579569999999997,-0.425969,-1.214238
TEST_00932,3.4183085,-0.9734510000000002,0.43843750000000004
TEST_00933,1.2313785,-0.36331850000000004,0.041472
TEST_00934,2.4872189999999987,-0.6448949999999998,-0.423447
TEST_00935,1.2605094999999997,0.4899985,0.23341800000000001
TEST_00936,1.7969644999999996,-1.1034960000000003,-0.607854
TEST_00937,2.1090240000000002,0.7935160000000002,0.39203350000000003
TEST_00938,2.4419589999999998,-0.7019819999999998,-0.7784565000000001
TEST_00939,2.3818824999999997,0.6012515000000002,-0.09398950000000002
TEST_00940,2.9146069999999993,-0.27358250000000006,-0.13997799999999996
TEST_00941,3.616721,-0.4460935,-0.6894560000000001
TEST_00942,1.7988989999999996,-0.41443399999999986,0.054329
TEST_00943,3.991526,0.47464500000000004,0.9418719999999998
TEST_00944,3.702249,-0.28975699999999993,-0.5828965000000002
TEST_00945,2.1951085000000017,1.7482565000000003,1.072171
TEST_00946,2.051561000000001,0.0810545,-0.1810135
TEST_00947,2.2891595000000002,-0.149297,0.08342400000000001
TEST_00948,2.026865,0.43051500000000004,-0.20086249999999997
TEST_00949,1.2337905,0.18551199999999995,0.5548529999999999
TEST_00950,2.2942215000000017,-0.153121,0.26954300000000003
TEST_00951,1.7827350000000002,0.8074029999999996,0.31195699999999993
TEST_00952,2.13084,0.18111149999999995,-0.4759105000000003
TEST_00953,3.1075909999999993,-1.566361,0.8493884999999999
TEST_00954,2.794939500000001,0.061471,-0.6359570000000003
TEST_00955,2.0878655000000013,-0.053056999999999986,-0.4724660000000003
TEST_00956,1.399267,0.046566500000000004,-0.5794794999999997
TEST_00957,2.0624250000000006,0.20236350000000003,0.0223725
TEST_00958,3.293619,-1.6206679999999998,-0.45544399999999996
TEST_00959,5.493029499999999,1.716234,0.29613150000000005
TEST_00960,3.9371799999999997,-0.331268,0.2714405
TEST_00961,4.133371499999998,1.040367,0.7652924999999998
TEST_00962,3.3705950000000002,0.6067289999999997,-0.5470654999999998
TEST_00963,3.332313,1.6852024999999995,0.087474
TEST_00964,2.5868175000000004,-0.13160549999999993,-0.5935515
TEST_00965,2.3238985000000003,-0.5876275000000002,0.6063909999999999
TEST_00966,4.8487635000000004,1.0751300000000001,0.4913115
TEST_00967,4.7994865,-1.2700955000000003,0.586261
TEST_00968,1.6987510000000001,0.17506500000000008,-0.021899499999999992
TEST_00969,2.0355765000000003,-0.13667549999999998,0.028265500000000002
TEST_00970,2.2712524999999992,0.259573,-0.11307899999999997
TEST_00971,3.2924675,0.09990800000000002,-0.3539405
TEST_00972,2.9496780000000005,-0.0801095,-0.36041749999999995
TEST_00973,1.025092,-0.0185805,0.06854
TEST_00974,2.868747,1.3156079999999997,-0.44323199999999996
TEST_00975,2.3032860000000004,-0.7513145,-0.09630699999999996
TEST_00976,1.8471444999999997,1.0203030000000002,1.1080075
TEST_00977,3.343098,0.16003399999999998,-0.30072699999999997
TEST_00978,2.0157370000000006,-1.6122699999999999,0.3577370000000001
TEST_00979,4.4674915,-0.6701110000000001,-1.2986895
TEST_00980,1.1714269999999996,-0.34639300000000006,-0.09712000000000001
TEST_00981,2.9584995000000007,-0.09485200000000002,0.07042899999999999
TEST_00982,1.680694,0.41763950000000005,0.027510499999999993
TEST_00983,1.278176,0.3037025000000001,-0.1297115000000001
TEST_00984,1.8091025000000003,-0.10184199999999996,-0.17623749999999996
TEST_00985,1.5054095000000005,0.5281545000000002,0.6427359999999998
TEST_00986,3.2148114999999997,-0.10935400000000002,-1.3695514999999998
TEST_00987,2.9501,-0.2925245000000001,0.09695349999999998
TEST_00988,2.5728605,-0.03778700000000001,-0.0716135
TEST_00989,1.8719074999999998,-0.11644449999999995,0.7776575000000001
TEST_00990,2.4801434999999996,1.6094579999999996,0.6113284999999999
TEST_00991,1.7169030000000007,-0.876956,0.0926035
TEST_00992,1.5873214999999998,0.9166455,0.45788150000000005
TEST_00993,3.999739499999999,0.13771100000000003,1.0748254999999993
TEST_00994,1.3480655000000004,0.14603249999999995,-0.0959685
TEST_00995,0.7664979999999999,0.0264875,-0.013475500000000007
TEST_00996,2.7877095,-1.6056694999999996,-0.26549200000000006
TEST_00997,2.2531305,-0.19430899999999995,0.17891949999999998
TEST_00998,1.4209545000000001,0.5844584999999998,0.07434650000000002
TEST_00999,1.371725,-0.6243545000000003,-0.693975
TEST_01000,2.7726154999999997,0.8735770000000003,-0.8323879999999999
TEST_01001,3.355962499999999,-0.9518200000000001,1.0765039999999995
TEST_01002,3.5547834999999997,0.9447439999999998,-0.42677149999999997
TEST_01003,3.6686154999999996,-0.959768,-0.5100434999999999
TEST_01004,2.1984399999999997,0.8380270000000001,-0.09045949999999996
TEST_01005,1.3183479999999999,0.7170124999999998,-0.08029899999999998
TEST_01006,3.781318999999999,0.7973735000000001,1.253822
TEST_01007,3.2860080000000003,-1.4132350000000002,-0.6381479999999999
TEST_01008,4.981209,-0.13089800000000001,1.4660069999999998
TEST_01009,2.443105500000001,0.16944599999999999,0.18593500000000002
TEST_01010,2.2632615000000005,-0.10024649999999999,-0.39447
TEST_01011,2.5057685000000003,-0.016268999999999992,0.098459
TEST_01012,4.830079,0.5879305000000001,0.39533
TEST_01013,2.6604525000000008,0.16286299999999995,0.39350499999999994
TEST_01014,2.5462679999999995,1.2951374999999996,1.0023230000000005
TEST_01015,3.0973965000000003,-0.26365649999999996,-0.14604849999999997
TEST_01016,1.9240825000000001,-0.8373374999999998,1.069528
TEST_01017,3.3024619999999993,-1.088741,-0.7869304999999999
TEST_01018,3.0583115000000003,1.4166045000000003,-1.1941520000000003
TEST_01019,3.8294514999999993,0.7028260000000002,-0.19737299999999997
TEST_01020,1.5577015000000003,0.27779750000000003,0.6408455000000003
TEST_01021,1.6974285000000002,0.43895700000000015,0.4472714999999999
TEST_01022,1.7872255000000004,0.08433649999999998,0.09804550000000001
TEST_01023,3.6977775,-1.0218319999999999,0.5824015
TEST_01024,2.6180165000000004,0.3750309999999999,-0.23592049999999998
TEST_01025,2.4806915,-0.4635135,-0.540606
TEST_01026,1.5225515000000005,0.3880309999999999,0.33626249999999985
TEST_01027,2.948296000000001,-0.0406375,-0.47564349999999994
TEST_01028,2.5868860000000002,-0.503371,0.32828500000000005
TEST_01029,1.0643709999999995,-0.492279,-0.6150610000000001
TEST_01030,1.1461480000000002,-0.2142635,0.14318800000000007
TEST_01031,1.870987,-0.23255650000000005,0.18718200000000004
TEST_01032,1.6435205,0.5265379999999998,0.6623494999999999
TEST_01033,2.2456159999999996,0.27068099999999984,0.5914995000000003
TEST_01034,2.8250145000000004,-0.0272085,-0.5853654999999998
TEST_01035,1.3556500000000002,0.3576065000000001,0.6267900000000001
TEST_01036,0.9807005000000002,-0.2998425,-0.41706500000000013
TEST_01037,3.2524035,-1.9462820000000003,0.9425895
TEST_01038,2.4553784999999997,0.7894289999999997,-0.7313114999999997
TEST_01039,5.343392499999999,-1.5924080000000003,1.8470520000000001
TEST_01040,3.5696115,0.031784,0.22854799999999997
TEST_01041,3.4611005000000006,0.2008415,-0.3172609999999999
TEST_01042,1.520642,-0.32962850000000005,-0.14961750000000001
TEST_01043,3.8375755000000003,-1.9481695000000006,0.958979
TEST_01044,2.443982500000001,-0.862082,0.19190400000000005
TEST_01045,1.3810779999999994,-0.0470735,0.067274
TEST_01046,2.0396405,0.19369199999999998,0.21579749999999998
TEST_01047,1.5944964999999998,0.7351565000000002,0.6030610000000002
TEST_01048,3.406782,-2.2785580000000003,-0.37037149999999996
TEST_01049,3.707031500000001,0.211874,0.38378850000000003
TEST_01050,1.387008,0.028501499999999992,0.3737710000000001
TEST_01051,1.4271220000000002,-0.15696949999999998,-0.03718349999999999
TEST_01052,1.4056655,-0.04589700000000001,0.12076
TEST_01053,2.2651235,-0.7302190000000001,0.5166514999999998
TEST_01054,3.6737235000000004,-1.0778050000000001,-0.29827099999999984
TEST_01055,1.9141674999999996,-0.15939249999999994,0.36580450000000003
TEST_01056,2.173430000000001,-0.010578500000000001,0.9682244999999999
TEST_01057,3.4531135000000006,-0.8214229999999999,1.1687655000000003
TEST_01058,4.6906669999999995,-0.9850939999999998,-0.4113285
TEST_01059,4.069011999999999,-0.5618915,-1.0743280000000004
TEST_01060,1.7419585,0.5241385000000003,-0.16965049999999998
TEST_01061,3.029098500000001,-0.33330899999999997,0.7452189999999999
TEST_01062,1.9486750000000004,0.7236095000000002,0.17981299999999995
TEST_01063,3.3188819999999994,-0.47331499999999993,-0.42499700000000007
TEST_01064,2.237384000000001,-0.31930349999999996,0.9400085000000001
TEST_01065,3.522623000000001,1.1062290000000001,1.6696175000000006
TEST_01066,2.5620389999999995,0.14237399999999997,-0.003235999999999996
TEST_01067,4.626248999999999,-0.14894399999999997,0.36507999999999996
TEST_01068,3.141284,1.2226350000000004,-1.065847
TEST_01069,3.4833819999999998,0.851643,0.46018449999999994
TEST_01070,4.557310999999999,-0.5478839999999998,1.0435170000000002
TEST_01071,1.3681585000000003,0.22105899999999995,-0.15729500000000002
TEST_01072,1.5153659999999998,-0.05625899999999994,0.7158920000000002
TEST_01073,3.1665475,0.5600259999999999,0.47343
TEST_01074,2.801387,0.0447255,0.173114
TEST_01075,1.563514,-0.782275,0.5681684999999999
TEST_01076,2.953131999999999,0.4985900000000001,1.1115489999999995
TEST_01077,3.497692999999999,1.4862294999999999,-0.509387
TEST_01078,2.4193330000000004,-1.0224114999999996,-0.39053150000000003
TEST_01079,5.369093499999999,-0.8330194999999998,0.7452375
TEST_01080,3.6050875,1.5621515000000001,0.28744799999999987
TEST_01081,2.2757690000000004,0.8052419999999999,0.5774805000000001
TEST_01082,1.5667064999999996,0.47069599999999995,0.032490000000000005
TEST_01083,2.128051,-2.007421000000001,-0.5481840000000001
TEST_01084,2.2462920000000004,0.618497,-0.21498950000000006
TEST_01085,2.2444794999999997,-0.1759834999999999,-0.037834
TEST_01086,2.2235035000000014,0.8749869999999997,-0.3114309999999999
TEST_01087,4.842312,-0.17671749999999994,-0.42184550000000004
TEST_01088,4.986611999999999,-2.0584715000000013,0.15109899999999996
TEST_01089,3.5025864999999996,-0.11639649999999994,0.10028299999999996
TEST_01090,2.7319899999999993,0.2735415,0.1104755
TEST_01091,4.143867500000001,0.2810775000000001,0.311717
TEST_01092,5.043357500000001,-0.9676184999999999,1.216835
TEST_01093,2.1242625000000004,0.498828,-0.1854675
TEST_01094,2.0502975,1.2581029999999997,0.8398459999999999
TEST_01095,3.384702499999999,0.923918,-0.6157685000000002
TEST_01096,2.0089764999999997,0.4926389999999999,-0.23227799999999993
TEST_01097,3.8986679999999994,1.5681865000000004,0.8838389999999999
TEST_01098,1.7878180000000006,-1.168371,-0.7661445000000001
TEST_01099,1.2510685,-0.5688345000000001,-0.2749565
TEST_01100,2.529825500000001,0.4759670000000002,-0.7585145
TEST_01101,1.0541770000000006,0.270346,-0.404673
TEST_01102,1.4676580000000001,0.201357,0.25656450000000003
TEST_01103,3.3981239999999993,0.018759000000000026,0.5692725000000001
TEST_01104,1.2634215,-0.48894350000000014,-0.19566049999999996
TEST_01105,1.729232,-0.759789,0.042321499999999984
TEST_01106,3.5080155,0.15034750000000002,-0.40142350000000004
TEST_01107,1.6722040000000002,-0.19525700000000001,0.5113684999999999
TEST_01108,2.682716000000001,-0.0536195,-0.11894649999999998
TEST_01109,3.452971,-1.4035020000000005,-1.045897
TEST_01110,1.0802624999999997,-0.3071020000000001,0.010676500000000002
TEST_01111,3.1595085000000003,0.11073350000000001,-0.3133449999999999
TEST_01112,1.5301854999999995,0.14678649999999993,-0.05512750000000001
TEST_01113,3.5929465000000005,-0.7820224999999998,-0.16726600000000008
TEST_01114,3.1269579999999992,-0.102375,0.7608220000000001
TEST_01115,2.116589500000001,-0.22600599999999993,-0.5462254999999997
TEST_01116,1.8202055,-1.0542049999999998,-0.364042
TEST_01117,2.3816459999999995,-1.2207620000000006,-0.3144580000000001
TEST_01118,3.750126,-1.5353080000000001,-1.1193235
TEST_01119,1.8778775000000003,0.08779299999999998,-0.36671399999999993
TEST_01120,4.651807499999997,-1.1160929999999998,0.24797100000000005
TEST_01121,3.0874045000000008,1.5068604999999997,0.8148200000000001
TEST_01122,2.104798,-1.0330744999999997,-0.193907
TEST_01123,2.821760500000001,-0.7902695000000003,-0.470946
TEST_01124,1.1092154999999997,-0.17170200000000002,0.403257
TEST_01125,1.4973945000000004,0.5766905000000002,0.0552185
TEST_01126,4.3811285,0.35048350000000006,1.0842830000000003
TEST_01127,2.970827,0.046448,0.880056
TEST_01128,3.780529499999999,0.5977364999999999,0.9637205
TEST_01129,3.1909235000000007,0.004605500000000012,0.642651
TEST_01130,2.5984765000000003,0.01749599999999999,-0.5320695000000002
TEST_01131,2.268675,-0.18488,-0.04130000000000001
TEST_01132,3.218340500000001,-0.2836115,0.6582089999999998
TEST_01133,1.4024584999999998,0.26098750000000004,0.09322100000000004
TEST_01134,3.0581000000000014,0.5509969999999997,-0.9406830000000003
TEST_01135,1.8635130000000002,0.7565179999999999,0.3456120000000001
TEST_01136,2.7630679999999996,-0.0216675,-0.4674740000000002
TEST_01137,0.806362,0.055448500000000005,0.26004700000000014
TEST_01138,3.2896849999999995,1.474514,0.8810274999999999
TEST_01139,2.2236285000000002,-1.2692975000000004,-0.33706
TEST_01140,2.525820499999999,-1.0035850000000004,-0.9337085
TEST_01141,2.8024785,0.036704,-1.0991015000000004
TEST_01142,1.7881745000000002,-0.5109259999999999,0.06220849999999999
TEST_01143,2.1124994999999993,-0.43880300000000005,-0.21025649999999999
TEST_01144,3.155834,0.15750700000000004,0.08548100000000003
TEST_01145,1.0954575000000002,-0.12872749999999997,-0.08097950000000001
TEST_01146,2.9157340000000014,0.5923060000000001,-0.015485999999999998
TEST_01147,4.383618999999999,-0.114051,-1.0547520000000004
TEST_01148,2.1017880000000013,0.1776439999999999,-0.07860900000000001
TEST_01149,3.3097265,0.4043865,-0.5989795
TEST_01150,0.9035625,-0.45303649999999995,0.027385500000000004
TEST_01151,2.890231000000001,-0.41795999999999994,-0.3845105000000001
TEST_01152,1.4741240000000004,0.03013949999999998,0.5494394999999997
TEST_01153,3.702161499999999,-1.7538040000000001,-0.5946669999999996
TEST_01154,1.5281214999999997,0.10974300000000001,-0.13174
TEST_01155,2.2277445000000005,0.078176,0.7203305000000002
TEST_01156,4.786503,0.16684500000000002,0.3998230000000001
TEST_01157,1.9846665,-0.30197250000000003,0.2876185
TEST_01158,3.513962,0.7814019999999997,-0.3125605
TEST_01159,4.700852500000002,-0.5623674999999999,1.8494964999999999
TEST_01160,4.397069500000001,1.8460705000000002,0.06074900000000001
TEST_01161,2.0146525000000004,1.3611634999999997,-0.30775949999999996
TEST_01162,2.2994155000000003,-1.2666195,0.4791055
TEST_01163,3.502681999999999,0.9006319999999999,-0.8139384999999999
TEST_01164,2.0624114999999996,-0.091396,0.4803105
TEST_01165,1.4740604999999993,0.018529499999999997,-0.3351225
TEST_01166,2.7833425000000007,0.4231404999999999,-0.084624
TEST_01167,2.420467500000001,-0.22263299999999994,0.988532
TEST_01168,1.0950745,0.6304679999999997,0.025952499999999996
TEST_01169,3.5301125000000004,-0.11744950000000001,0.0938575
TEST_01170,1.9372520000000004,0.31794449999999996,-0.575116
TEST_01171,1.8967714999999998,-0.04440999999999999,0.22122049999999988
TEST_01172,4.849562500000001,-0.283201,0.9355304999999998
TEST_01173,2.8257769999999995,0.46800450000000016,0.5214644999999998
TEST_01174,3.43585,0.3433425,1.0816824999999997
TEST_01175,1.9280280000000003,-0.2226435,0.24314600000000003
TEST_01176,1.6716380000000004,0.6502815,0.8238054999999997
TEST_01177,3.3967804999999998,0.48840350000000005,-0.5021285000000002
TEST_01178,5.175550999999999,0.265228,0.4423649999999999
TEST_01179,3.4180424999999985,0.38757950000000013,-0.8407864999999999
TEST_01180,1.3113335000000004,0.3694004999999999,0.052630999999999976
TEST_01181,1.6366545000000003,-0.143235,0.566856
TEST_01182,1.5641234999999996,0.7056484999999999,0.489277
TEST_01183,1.9962810000000002,0.06557950000000003,-0.189586
TEST_01184,2.5668169999999995,-0.19284200000000007,-0.7929385
TEST_01185,3.090142,-0.5789035,1.1764780000000001
TEST_01186,2.704686999999999,-0.28775400000000007,-0.069018
TEST_01187,4.0579345,0.5858075,-0.9830085000000002
TEST_01188,2.275036000000001,-0.062734,-0.2132525
TEST_01189,2.465172,1.3809315,-1.0165920000000002
TEST_01190,1.6677685000000002,0.826948,0.5715930000000002
TEST_01191,1.3982580000000002,0.5141640000000001,0.19767700000000005
TEST_01192,2.6255184999999988,-1.798175,-0.8805999999999998
TEST_01193,3.598559,0.901489,0.6458404999999998
TEST_01194,2.394456,0.6064745,0.39452300000000007
TEST_01195,2.1938315,-0.4297670000000001,0.18694399999999997
TEST_01196,3.1890729999999996,-1.5922750000000003,0.7012035000000001
TEST_01197,2.9369145,-1.7838770000000004,0.33872099999999994
TEST_01198,3.1550520000000004,1.3130410000000001,0.5822174999999998
TEST_01199,5.423144499999999,-1.4962179999999996,1.997396000000001
TEST_01200,1.83617,0.8611555,0.08949499999999999
TEST_01201,2.620966,-0.14229799999999998,-0.46714449999999996
TEST_01202,1.8582605,-1.0355709999999996,0.8694120000000001
TEST_01203,1.4173369999999994,0.27604600000000007,0.4061245
TEST_01204,3.345999000000001,-0.6525824999999998,0.06762350000000002
TEST_01205,2.415170500000001,0.050717500000000026,0.1345105
TEST_01206,4.1429205,-0.16261799999999998,-0.01429949999999999
TEST_01207,4.6910875,-0.44369900000000007,-0.5923654999999999
TEST_01208,3.1220960000000004,-1.1045785000000001,-1.1068655
TEST_01209,3.5599550000000004,-0.09158449999999999,-0.7991219999999999
TEST_01210,2.1863199999999994,0.33812300000000006,0.09686050000000002
TEST_01211,4.327939999999998,0.5352084999999999,0.46338650000000003
TEST_01212,2.6895844999999996,-0.7039865000000001,1.1233860000000004
TEST_01213,1.6503869999999998,0.4140065,0.31386100000000017
TEST_01214,3.1859210000000004,0.657903,1.582453
TEST_01215,2.705482000000001,-0.5985139999999999,-0.12148199999999995
TEST_01216,2.3529235,0.44738949999999994,-0.07635999999999996
TEST_01217,1.93242,-0.12438149999999998,0.5492710000000001
TEST_01218,1.2343325000000003,0.6238290000000002,0.08821999999999999
TEST_01219,3.749504,0.41859900000000005,0.25823599999999997
TEST_01220,2.7072049999999996,0.7581914999999999,-0.01917549999999999
TEST_01221,3.631963999999999,-0.5138480000000001,-0.2411369999999999
TEST_01222,2.1784515000000004,0.286866,-0.7932540000000001
TEST_01223,2.5844175,-0.7553740000000002,0.21918
TEST_01224,4.185620000000001,0.11060450000000006,1.075568
TEST_01225,1.9338730000000002,-0.8768504999999998,0.5971775000000001
TEST_01226,2.241759,0.015314499999999998,-0.0033940000000000003
TEST_01227,1.3276945000000002,-0.18719300000000005,-0.39625900000000003
TEST_01228,2.299216499999999,0.20998849999999997,-0.04600300000000001
TEST_01229,3.6788594999999997,-0.6745575,0.629308
TEST_01230,1.110967,-0.6519469999999999,0.16798650000000004
TEST_01231,3.0079374999999997,0.397502,0.06695199999999998
TEST_01232,2.0770225000000004,0.29843950000000014,-0.12580600000000003
TEST_01233,2.6383710000000002,0.19748250000000003,0.28781350000000006
TEST_01234,2.2451849999999998,-0.03696600000000001,0.3729395
TEST_01235,1.2976825000000003,-0.43514450000000005,-0.05817100000000003
TEST_01236,3.475303499999999,-0.14296549999999994,-0.2586784999999999
TEST_01237,3.0871600000000003,-0.8299435,0.1744445
TEST_01238,2.3221380000000003,0.5876304999999997,0.053992499999999985
TEST_01239,4.9032415,-1.517584,0.9194804999999997
TEST_01240,3.0189675,-2.1502849999999993,-1.0716419999999998
TEST_01241,4.126796,-0.6905310000000001,1.0504049999999996
TEST_01242,2.9044095000000003,-0.054750999999999994,-0.6291860000000002
TEST_01243,3.076543000000001,0.7937345,-0.4681965000000001
TEST_01244,3.7996970000000005,-0.865156,1.3568084999999996
TEST_01245,2.447885500000001,-0.84995,0.400912
TEST_01246,2.6410850000000003,0.10334,-0.1627155
TEST_01247,2.9594224999999996,-0.3358145,1.0208839999999997
TEST_01248,3.1894585000000006,0.6082099999999999,0.9583639999999999
TEST_01249,2.7680805000000004,0.540922,0.4198234999999999
TEST_01250,2.163026000000001,0.35223099999999996,0.45572349999999967
TEST_01251,3.0477515,0.2541795,0.09505450000000007
TEST_01252,3.6017189999999997,0.39133700000000005,-0.8781979999999998
TEST_01253,2.309466500000001,0.220516,-0.39294300000000004
TEST_01254,2.520659,-0.49996950000000007,0.29119000000000006
TEST_01255,1.8850194999999996,1.2117210000000007,0.17400050000000006
TEST_01256,3.2589034999999997,-0.3648935,0.7773919999999997
TEST_01257,3.3869255000000003,-1.8958835,1.5844840000000002
TEST_01258,1.8998840000000006,1.4331295000000002,-0.024535999999999995
TEST_01259,3.16428,1.4504544999999995,-0.3615870000000001
TEST_01260,1.241759,-0.015009000000000005,-0.4940585000000001
TEST_01261,1.9528794999999999,-0.43311449999999996,-0.2882195000000001
TEST_01262,2.0044065,-0.4930779999999999,0.5145705
TEST_01263,4.1299185,-0.6770529999999997,1.2948485
TEST_01264,3.7515755000000004,-0.17506449999999996,-0.07798150000000001
TEST_01265,1.1902125,0.44622150000000005,0.31265100000000007
TEST_01266,3.0061785,0.0991795,-0.15824900000000006
TEST_01267,3.4776949999999998,-0.367715,-0.22552399999999995
TEST_01268,2.4815190000000014,-0.0851835,0.21265050000000002
TEST_01269,4.3866580000000015,1.7809424999999999,0.8187839999999998
TEST_01270,4.147413999999999,-0.6085079999999999,1.0658430000000005
TEST_01271,2.8437529999999986,0.49705250000000006,0.07509749999999998
TEST_01272,2.0114930000000006,-0.8476514999999998,0.8342814999999999
TEST_01273,2.026266,-0.1484065,0.24228349999999998
TEST_01274,2.727421500000001,0.188368,0.08261850000000001
TEST_01275,1.2336695000000002,-0.32216,-0.121061
TEST_01276,3.866228999999999,0.09321300000000002,0.0675405
TEST_01277,1.4849754999999998,0.02003700000000001,-0.16554900000000003
TEST_01278,3.1641660000000007,-1.2145925000000002,-0.9894819999999998
TEST_01279,4.884714999999998,0.07664500000000002,0.304675
TEST_01280,3.542638,-0.6852405,-0.5087570000000002
TEST_01281,4.2570049999999995,0.5778470000000001,0.0706255
TEST_01282,3.683815,-1.4126884999999998,0.30137800000000003
TEST_01283,2.7470035,-1.6020905000000003,-1.1204755000000004
TEST_01284,1.6860855000000003,0.2558255,-0.23590399999999984
TEST_01285,1.5237664999999996,-0.031077999999999995,0.5663389999999997
TEST_01286,2.091715999999999,0.19121149999999998,0.2659924999999999
TEST_01287,1.9618140000000002,0.7776025,-0.021318500000000018
TEST_01288,5.213778500000002,-2.1110559999999996,0.8509265
TEST_01289,3.671475,-0.05488999999999999,0.3463115000000001
TEST_01290,1.6697550000000003,0.6387605000000003,-0.23121700000000006
TEST_01291,1.7880120000000006,0.08769050000000002,0.11697850000000004
TEST_01292,4.377918000000001,1.2761814999999994,1.4126854999999998
TEST_01293,3.0352315,0.27037250000000007,0.2053195
TEST_01294,1.6900775000000006,-0.5230095,-0.6548060000000002
TEST_01295,3.7749759999999997,1.1644664999999998,0.3827565000000001
TEST_01296,1.2447205000000001,-0.2620004999999999,0.08311650000000001
TEST_01297,3.3046474999999997,1.3357070000000006,1.3900434999999995
TEST_01298,1.904264,0.09257400000000002,-0.46089850000000004
TEST_01299,3.0780270000000005,-0.19060250000000004,-0.2761675
TEST_01300,2.6450209999999994,-0.4237315000000001,-0.2737705
TEST_01301,2.3905375,-0.16476700000000005,-0.23636999999999997
TEST_01302,1.5062075,-0.4439404999999999,0.24488050000000003
TEST_01303,2.977067999999999,0.07087750000000002,0.07640850000000002
TEST_01304,1.835591,-0.04000499999999999,-0.49608700000000017
TEST_01305,5.489015,0.8668304999999998,1.1433395000000006
TEST_01306,2.933903,0.508551,-0.3960215000000001
TEST_01307,2.033967,-0.65677,0.2527095
TEST_01308,2.21002,0.3434495000000001,0.4809209999999998
TEST_01309,2.848358,-1.4097585000000001,0.6144589999999999
TEST_01310,4.142512,0.3421415,0.5977275
TEST_01311,2.644475499999999,1.0054845000000006,-0.1592295
TEST_01312,1.5095605000000005,-0.315033,0.039649999999999984
TEST_01313,3.2373654999999997,-1.4751230000000004,-0.3721974999999999
TEST_01314,2.158114500000001,-0.6885729999999999,0.11404150000000003
TEST_01315,0.8552339999999998,-0.06656099999999998,-0.17957150000000002
TEST_01316,1.8642335000000003,-0.5116094999999999,-0.06596149999999996
TEST_01317,3.5082510000000005,-2.215025500000001,1.1375160000000006
TEST_01318,3.042640500000001,-0.6069580000000001,0.46235949999999987
TEST_01319,5.489933999999998,-0.25030349999999996,0.3466205
TEST_01320,1.4262704999999998,0.602257,-0.4459150000000002
TEST_01321,4.854977999999999,0.5634405,0.127765
TEST_01322,4.722988000000002,-1.5254359999999996,-0.8056785000000001
TEST_01323,4.212759,-1.6584575000000004,-0.17476100000000008
TEST_01324,1.0107185000000003,-0.15442700000000004,-0.20987750000000002
TEST_01325,1.9821399999999998,0.2949494999999999,0.35707199999999994
TEST_01326,4.17958,-0.8026334999999999,-0.02994099999999999
TEST_01327,1.9504205,0.9537374999999999,0.4459655
TEST_01328,5.3877955,-1.3456480000000004,1.5157409999999996
TEST_01329,3.393891499999999,0.2925930000000001,0.21901299999999996
TEST_01330,2.8172805,0.6287879999999999,-0.7330124999999998
TEST_01331,3.1024069999999995,0.10802049999999999,-0.07451749999999999
TEST_01332,3.0904754999999993,-0.08444999999999997,-0.14572250000000003
TEST_01333,2.464697499999999,0.09670200000000001,-0.14551899999999995
TEST_01334,3.188709499999999,0.234519,0.20549500000000004
TEST_01335,3.769633500000001,-0.2642085,-0.10510750000000003
TEST_01336,1.6481385000000004,0.3711320000000001,0.350301
TEST_01337,3.077871,1.9969520000000005,1.9295355
TEST_01338,1.288907,0.7526184999999999,-0.19093600000000002
TEST_01339,1.3042624999999997,-0.19405649999999997,-0.032788
TEST_01340,1.9239885000000003,-0.2501285000000001,-0.3415050000000001
TEST_01341,3.4421729999999995,-0.27912499999999996,1.1218459999999997
TEST_01342,1.6853960000000003,-0.9661569999999997,0.29113650000000013
TEST_01343,3.4389719999999997,0.23621,0.8398474999999999
TEST_01344,3.861074499999999,-0.7042879999999998,0.9955139999999999
TEST_01345,1.3900115,-0.479318,0.0269605
TEST_01346,2.2774554999999994,-0.5928205,0.22608899999999998
TEST_01347,2.260117,-0.679679,0.46247649999999996
TEST_01348,2.7061220000000006,0.002698500000000003,-0.193492
TEST_01349,1.8959899999999998,0.4352919999999999,-0.3781675000000001
TEST_01350,3.3427385000000003,-1.1983605000000004,0.9832110000000003
TEST_01351,2.2845045000000006,1.0479729999999996,0.15857
TEST_01352,3.3049889999999995,-0.04391249999999999,1.6766260000000006
TEST_01353,1.638404,0.05078700000000004,-0.0001304999999999952
TEST_01354,1.8602254999999999,0.616223,0.3008535
TEST_01355,2.2797594999999995,0.14435349999999997,-0.06295899999999999
TEST_01356,3.4684375,1.7602655000000005,-0.3160750000000001
TEST_01357,3.2030004999999995,0.06594750000000003,0.8261715
TEST_01358,3.6846170000000003,0.07953600000000001,0.7772904999999999
TEST_01359,5.568634999999999,1.6525914999999995,0.22228550000000002
TEST_01360,4.429186499999998,0.9774350000000002,0.9104654999999999
TEST_01361,2.7010629999999995,1.5371555,-0.16391099999999997
TEST_01362,2.420141,0.4376635,0.6765524999999999
TEST_01363,3.085788,-2.0839834999999995,-1.1522394999999999
TEST_01364,3.6795290000000005,0.6751725,1.0696534999999998
TEST_01365,1.5112785000000002,0.4775905,-0.074443
TEST_01366,2.4141505000000008,-0.4144750000000001,0.39328899999999994
TEST_01367,2.5060745000000004,-0.19870749999999998,-0.22462799999999994
TEST_01368,2.8135055000000007,-1.0056150000000001,1.2042249999999999
TEST_01369,2.2016340000000003,0.321421,0.261451
TEST_01370,1.5790389999999999,0.7762560000000001,0.0032100000000000028
TEST_01371,2.1702815000000015,0.0444905,-0.4477259999999999
TEST_01372,3.8689644999999997,0.5810289999999999,-0.9978885000000001
TEST_01373,2.385590500000001,-0.623955,-0.09405650000000002
TEST_01374,1.262086,-0.2850215,0.2806885
TEST_01375,3.1579000000000006,-0.5091415000000001,-0.010023500000000001
TEST_01376,2.673744499999999,0.4138215000000001,1.019472
TEST_01377,1.5585565000000003,0.6856820000000001,0.03678750000000001
TEST_01378,2.6693525000000005,0.689081,-0.7229530000000002
TEST_01379,4.372718999999998,1.1613404999999999,-1.3183140000000002
TEST_01380,2.2087044999999996,-0.6906590000000002,-0.27127899999999994
TEST_01381,2.710089999999999,-0.5409984999999999,-0.32497200000000004
TEST_01382,1.5682890000000005,0.17912450000000002,0.08944200000000002
TEST_01383,2.3444944999999993,0.5815425,-0.013850499999999998
TEST_01384,2.4655189999999996,-0.06512649999999999,0.06334949999999999
TEST_01385,2.5646055,0.282368,0.41134749999999987
TEST_01386,2.468480500000001,-0.20560349999999994,0.35680900000000004
TEST_01387,3.5519840000000005,-0.09833500000000003,0.05058300000000002
TEST_01388,2.3586555,0.16456949999999998,0.28659399999999996
TEST_01389,3.8760720000000006,0.29708899999999994,-0.31245449999999997
TEST_01390,0.9820125,-0.1255965,0.07505750000000001
TEST_01391,1.2385839999999995,-0.063024,-0.0502275
TEST_01392,2.678287000000001,0.6173849999999999,-0.4833760000000002
TEST_01393,2.1965234999999996,-0.1724295,0.5416105
TEST_01394,2.7862754999999995,0.006997,0.05694400000000005
TEST_01395,2.0296300000000005,-0.44107300000000005,-0.13874400000000003
TEST_01396,2.6235470000000003,1.1645510000000003,-0.6436729999999999
TEST_01397,2.1989229999999997,0.5881589999999999,0.6490769999999999
TEST_01398,1.7067859999999997,-0.278239,-0.05001400000000002
TEST_01399,5.870309499999999,1.404192,-0.42797450000000015
TEST_01400,4.682584,2.2248835000000007,-0.49525700000000006
TEST_01401,4.3618014999999986,1.4956190000000005,0.7345445000000002
TEST_01402,2.4956945,-1.2750865,1.1285749999999999
TEST_01403,1.8157124999999998,-1.7065555000000001,-0.6046494999999998
TEST_01404,1.7791259999999998,0.93811,0.2823700000000001
TEST_01405,2.8582295,0.43441400000000013,-0.314123
TEST_01406,3.8110824999999986,-0.3212945000000001,-0.21985200000000005
TEST_01407,1.381715,-0.8842579999999998,-0.079537
TEST_01408,4.385737999999998,-0.7144030000000001,0.9092230000000001
TEST_01409,2.453709499999999,-0.349475,-0.46476649999999997
TEST_01410,2.130945,0.2832985,0.2206815
TEST_01411,0.8150524999999997,0.33376049999999985,-0.0474425
TEST_01412,2.5730959999999996,-0.376622,-0.190148
TEST_01413,1.1918600000000001,-0.113742,0.31879199999999996
TEST_01414,1.6849495000000005,-0.3252019999999999,0.015243499999999997
TEST_01415,4.037778000000001,0.8410285,-0.829008
TEST_01416,3.221106999999999,1.0652285000000001,-0.5819679999999998
TEST_01417,2.855601000000001,1.2247285000000003,0.34439499999999984
TEST_01418,5.286458,-0.7038750000000003,0.5966225
TEST_01419,1.8537059999999994,0.6194304999999998,-0.2107905
TEST_01420,2.4668105000000002,0.9073635,-0.7993465
TEST_01421,2.5489689999999996,-0.35048799999999986,0.21073199999999997
TEST_01422,2.0886355000000014,-0.0764165,-0.21402749999999998
TEST_01423,2.9019459999999997,-0.46408099999999974,0.12209149999999999
TEST_01424,2.6513710000000006,0.14247600000000005,-0.04604650000000002
TEST_01425,2.2133380000000002,0.6598959999999998,-0.5665825
TEST_01426,1.074364,0.20448099999999997,0.2651259999999999
TEST_01427,3.9082980000000003,0.7691749999999997,0.9054059999999998
TEST_01428,2.1546680000000005,-0.12055799999999998,-0.15254800000000004
TEST_01429,3.656853,1.0386790000000004,0.42935900000000016
TEST_01430,3.010109000000001,-0.5822410000000002,0.7494775
TEST_01431,1.5255200000000002,-0.9311669999999997,-0.3582295
TEST_01432,2.8460194999999997,1.347571,0.3711809999999999
TEST_01433,1.9489174999999999,-0.3571120000000001,-0.23154149999999996
TEST_01434,1.81843,0.010004000000000004,-0.11036849999999995
TEST_01435,2.047514,-0.7210774999999998,-0.6902789999999999
TEST_01436,1.7829055,-0.04970299999999998,-0.13831050000000006
TEST_01437,1.6654905000000002,-0.5400739999999999,0.15150799999999998
TEST_01438,3.4278119999999994,1.6666509999999999,-0.5640795000000002
TEST_01439,5.638148500000002,1.0290609999999998,0.3712460000000001
TEST_01440,4.400079999999998,-0.7754795,-0.8058884999999999
TEST_01441,3.102548,2.1421235,-0.189328
TEST_01442,1.6455045000000004,-1.5995530000000007,-0.6804240000000001
TEST_01443,3.427865000000001,0.4204634999999999,0.5530455000000001
TEST_01444,1.8168715,0.3250955,0.5208584999999997
TEST_01445,1.0284615,-0.13344450000000005,0.19253849999999997
TEST_01446,1.7058199999999997,0.14659150000000004,0.05611649999999999
TEST_01447,5.118748500000001,-1.024822,1.287862
TEST_01448,4.060957499999999,1.1368955000000005,1.2144980000000003
TEST_01449,3.8657090000000007,-0.2881965000000001,0.8608655000000002
TEST_01450,1.9563544999999998,0.6587744999999998,-0.11571299999999998
TEST_01451,2.4886430000000006,-0.3207135,0.3787330000000001
TEST_01452,3.8579489999999996,0.5851000000000002,1.6440185000000005
TEST_01453,1.0963945,0.12417949999999996,0.12334299999999998
TEST_01454,1.7064445000000004,0.9885554999999997,-0.5973869999999999
TEST_01455,0.8811289999999998,0.375772,0.128123
TEST_01456,2.0635024999999994,0.5021639999999997,0.041045
TEST_01457,3.773296,-1.7853999999999994,-0.4358839999999999
TEST_01458,2.5837390000000005,0.9372099999999999,-0.7697590000000001
TEST_01459,3.460444,0.2742210000000001,0.24564999999999992
TEST_01460,1.7605049999999998,-0.13411900000000004,-0.313326
TEST_01461,3.2381094999999998,-0.02294050000000001,0.5922799999999999
TEST_01462,1.9432859999999996,-0.4566100000000003,0.21016499999999994
TEST_01463,1.978137,0.5671834999999998,-0.669497
TEST_01464,1.6792234999999995,-0.6065699999999999,0.11322299999999999
TEST_01465,3.6033574999999995,-0.238385,0.559331
TEST_01466,3.191681,-0.04623750000000001,0.21104200000000006
TEST_01467,4.024364000000001,0.7912090000000003,-0.8215884999999998
TEST_01468,2.5460325000000004,-0.45529050000000004,0.10329650000000004
TEST_01469,3.2632060000000003,-1.2290314999999996,-0.4000624999999999
TEST_01470,3.6578845000000006,-1.3772090000000001,-0.31223499999999993
TEST_01471,2.0269475000000003,0.05846900000000001,-0.04678600000000001
TEST_01472,3.7188465000000006,0.7376689999999999,1.2258545000000003
TEST_01473,3.6147515000000006,-1.0652719999999998,-0.14041150000000008
TEST_01474,1.837091,0.13092949999999998,0.4627
TEST_01475,1.7618050000000003,0.4309195000000001,-0.1161515
TEST_01476,2.228595,0.256451,-0.5475025000000001
TEST_01477,2.4249745000000003,-0.03671099999999999,-0.349264
TEST_01478,1.2920624999999997,-0.3834985000000001,0.5205985
TEST_01479,5.616496499999999,0.7735155000000002,0.7681354999999996
TEST_01480,3.405309999999999,-0.5933944999999998,-0.59268
TEST_01481,2.7132454999999998,-1.9602875000000002,-0.45192699999999997
TEST_01482,1.3086985,-0.8056545,-0.6746514999999997
TEST_01483,2.6704089999999994,-2.1076544999999998,-0.044672500000000004
TEST_01484,1.8615795000000004,0.3540565,0.4114804999999999
TEST_01485,2.0867924999999996,1.0071569999999999,-0.47229049999999995
TEST_01486,2.489579499999999,-0.43369599999999997,-0.399455
TEST_01487,3.9126649999999996,0.7024209999999997,-0.45143049999999985
TEST_01488,2.927895500000001,1.5579410000000002,1.1070745
TEST_01489,3.361031500000001,0.147692,-0.39366349999999994
TEST_01490,2.893019500000001,0.074591,-0.13043150000000003
TEST_01491,2.7234060000000007,-0.049997,-0.9050555
TEST_01492,2.5625965000000006,-1.5665950000000004,-1.1393110000000004
TEST_01493,2.273570500000001,0.29668999999999995,-0.25484399999999996
TEST_01494,2.8440445,-0.032357500000000004,0.6219684999999999
TEST_01495,3.360324,0.185056,-0.26737299999999997
TEST_01496,2.5963955,0.584947,1.2915070000000002
TEST_01497,2.1743739999999994,1.0653300000000003,-0.24224149999999986
TEST_01498,3.3520485000000004,-0.7738270000000002,1.3824424999999998
TEST_01499,3.6911709999999998,-1.0982395000000005,0.19839800000000002
TEST_01500,2.1872669999999994,0.5811040000000001,0.20635849999999992
TEST_01501,2.0492309999999994,-0.18656250000000002,-0.6420755000000002
TEST_01502,1.7571310000000002,-0.9167725000000002,0.6544015000000003
TEST_01503,4.325502500000001,0.7213730000000002,0.2542824999999999
TEST_01504,3.4733050000000008,0.12475449999999999,0.4440704999999999
TEST_01505,3.4271590000000005,-1.1428444999999998,1.755293
TEST_01506,1.4464555,0.13172649999999997,-0.09644149999999999
TEST_01507,2.7418435000000003,-0.2969115,0.2878630000000001
TEST_01508,2.9994775000000002,-0.5389640000000002,-0.21560399999999996
TEST_01509,2.2609130000000004,-0.0205865,-0.4366264999999999
TEST_01510,3.3915785000000005,-1.30031,0.8036629999999998
TEST_01511,1.9210035000000003,-0.38000849999999997,0.09330349999999998
TEST_01512,1.266248,0.4778389999999998,0.19517049999999994
TEST_01513,2.9828340000000004,-0.5634755000000001,0.5894654999999998
TEST_01514,1.4883235,-0.142916,0.26144100000000015
TEST_01515,1.016501,-0.48537450000000004,0.2548125
TEST_01516,2.3342489999999994,-0.08322,0.746163
TEST_01517,3.0536794999999994,0.13239099999999998,-0.8282785000000004
TEST_01518,2.3841725,-1.0359820000000002,-0.8247244999999996
TEST_01519,4.912132999999999,1.0800964999999998,2.3281125000000005
TEST_01520,4.096747500000001,-0.333318,0.3557309999999999
TEST_01521,1.1644845,0.47153,0.3472425000000001
TEST_01522,4.2414485000000015,0.19293399999999997,0.06564099999999999
TEST_01523,1.5336049999999997,0.5812240000000002,-0.4563049999999998
TEST_01524,3.303104000000001,0.03562450000000001,1.1275305000000002
TEST_01525,1.8624765,0.32982250000000013,-0.21418750000000006
TEST_01526,4.7859175,0.8157904999999999,0.838797
TEST_01527,2.3436284999999994,0.32787,0.5254230000000002
TEST_01528,1.3739715000000001,-0.16192250000000002,-0.170389
TEST_01529,1.771957,-0.015119500000000001,0.057913
TEST_01530,2.2433915000000004,0.10677050000000005,0.5436160000000001
TEST_01531,2.3626949999999995,0.002189500000000004,-0.3607990000000001
TEST_01532,4.880016499999998,1.0164574999999998,1.8281524999999998
TEST_01533,2.2427025000000005,0.008365499999999991,-0.21196800000000005
TEST_01534,3.1437804999999996,0.5715169999999998,0.675026
TEST_01535,3.059716,0.46780599999999994,0.711598
TEST_01536,2.638199,-0.9604715000000003,1.3351190000000004
TEST_01537,1.713912,0.6371020000000001,0.7591985000000001
TEST_01538,3.9032869999999997,-0.6583745000000001,1.5538689999999997
TEST_01539,2.8552785000000007,-0.4772544999999997,-0.07913649999999997
TEST_01540,2.180198999999999,0.7643295000000001,-0.43648450000000005
TEST_01541,1.3248405,-0.6115605000000002,0.05779350000000001
TEST_01542,1.2940164999999997,0.20834549999999996,0.2101425
TEST_01543,1.2932144999999997,0.0395695,-0.32016849999999997
TEST_01544,4.1527389999999995,-0.09074600000000002,-0.43505849999999996
TEST_01545,2.8665010000000013,0.262154,-0.7278849999999999
TEST_01546,2.8880199999999996,0.2198259999999999,0.12526500000000002
TEST_01547,1.6636480000000002,0.14182400000000003,0.10096150000000002
TEST_01548,2.8821530000000006,1.2955929999999998,-0.8875930000000001
TEST_01549,3.9839739999999995,-0.6255335000000002,0.8157670000000001
TEST_01550,1.6287760000000002,1.0961915000000002,0.008041999999999999
TEST_01551,1.8067455000000003,-0.5168535000000001,0.09165100000000002
TEST_01552,2.466769,-1.111682,0.4691040000000001
TEST_01553,2.673539499999999,0.6618820000000003,-0.27134849999999994
TEST_01554,2.1814525,-0.3523485000000001,-0.35744300000000007
TEST_01555,1.6697060000000001,-0.22113850000000015,0.12114649999999992
TEST_01556,3.7483895,0.035401499999999995,0.6653159999999999
TEST_01557,3.6457235,1.1886655,1.0542165
TEST_01558,3.52315,1.113734,0.6280364999999999
TEST_01559,5.140417999999999,1.4643829999999998,-0.8441604999999999
TEST_01560,4.498232999999999,0.3029325000000001,1.1589125
TEST_01561,4.089922499999998,-0.8712849999999999,1.1995969999999998
TEST_01562,1.7396694999999995,1.2397125,-0.7984095
TEST_01563,3.8911355000000007,1.5009085,1.2915294999999993
TEST_01564,3.2639265000000006,0.153734,-0.3232495
TEST_01565,2.0018269999999996,-0.5316604999999998,0.4679145
TEST_01566,2.5773435000000005,-0.5040294999999998,0.14264000000000004
TEST_01567,3.23055,0.5734765000000001,0.32563999999999993
TEST_01568,3.2452445,-1.8592235000000001,-0.26340399999999986
TEST_01569,3.4476725,-0.1778495,-0.35650800000000005
TEST_01570,2.645817,0.22205599999999998,-0.4899439999999999
TEST_01571,3.9165639999999993,0.31280050000000004,-0.4127765
TEST_01572,3.8583039999999995,-1.4524909999999998,-0.8278279999999998
TEST_01573,2.6298250000000003,0.15154349999999994,0.074939
TEST_01574,2.0479564999999997,1.1521355000000004,0.022858500000000004
TEST_01575,2.0651379999999993,-0.5637979999999998,0.5820339999999999
TEST_01576,1.3122760000000004,0.45198,0.7341045
TEST_01577,2.7332479999999997,0.7726609999999998,0.7148430000000001
TEST_01578,4.569193499999998,0.236881,0.3360355
TEST_01579,1.6185405,-0.5796789999999999,0.3534899999999999
TEST_01580,1.6927725000000002,0.5120515,0.6213250000000001
TEST_01581,1.9573134999999997,0.13399000000000003,-0.9172630000000002
TEST_01582,1.5354794999999997,-0.5410960000000002,-0.25914299999999996
TEST_01583,4.318468999999999,-0.7902985,0.9207135000000001
TEST_01584,2.4573184999999995,-0.13049650000000002,-0.036807000000000006
TEST_01585,0.929761,-0.5314305,0.31187850000000006
TEST_01586,2.812003,0.3142195000000001,-0.5029065000000001
TEST_01587,2.722359000000001,0.606423,-0.4699045000000003
TEST_01588,2.637019999999999,0.5370559999999998,-0.06720349999999997
TEST_01589,4.565272499999999,1.2135330000000004,0.9332740000000002
TEST_01590,1.3686085000000001,0.9511649999999999,0.0363475
TEST_01591,2.41929,-0.415402,0.169584
TEST_01592,1.3685735,0.1343995,0.270794
TEST_01593,2.7225855,0.7686664999999999,-0.7612194999999997
TEST_01594,1.5848459999999998,-0.17564599999999997,-0.06855400000000002
TEST_01595,1.0679980000000002,-0.33226,0.12800249999999996
TEST_01596,3.2894469999999996,-0.264814,0.8897699999999997
TEST_01597,0.9591999999999996,-0.16795199999999993,-0.08173600000000003
TEST_01598,2.563958499999999,1.1903325000000002,1.0457014999999998
TEST_01599,5.279310999999998,-0.5478989999999999,0.2724574999999999
TEST_01600,4.635283499999998,2.0379984999999996,1.1756670000000002
TEST_01601,4.3280175,0.13134350000000006,-0.762257
TEST_01602,3.4479590000000004,-1.216047,0.21302449999999995
TEST_01603,4.0208460000000015,-1.4810659999999993,-0.6107340000000001
TEST_01604,2.5197114999999997,0.6867194999999999,-0.07347300000000001
TEST_01605,1.9212875000000005,-0.2640835,-0.07139949999999999
TEST_01606,4.05791,-0.27953399999999995,0.159696
TEST_01607,4.502707999999999,-1.184993,-0.33310549999999994
TEST_01608,3.5692425,-0.9475819999999999,1.2857010000000004
TEST_01609,2.9665969999999997,0.4753235000000001,-0.12615350000000003
TEST_01610,1.9784029999999997,-0.46150199999999997,0.3854389999999999
TEST_01611,3.5533295,-0.26113800000000004,-0.031251
TEST_01612,2.999047000000001,0.9536865,0.19078499999999998
TEST_01613,1.8067725000000001,0.053216,0.1630695
TEST_01614,1.6955974999999999,-0.8588420000000002,0.8583595000000004
TEST_01615,2.5784015,-0.22846500000000003,-0.6066449999999999
TEST_01616,2.7847920000000004,-1.2716090000000007,-0.3171289999999999
TEST_01617,1.955558,-0.7107775,-0.2068035000000001
TEST_01618,1.3039385000000001,0.0699755,0.4038554999999999
TEST_01619,2.0161275,0.44513649999999994,0.25062900000000005
TEST_01620,2.3150330000000006,-0.8849945000000001,0.11937200000000003
TEST_01621,3.2746459999999997,0.10566100000000007,0.14075349999999998
TEST_01622,1.8914985,-0.41169349999999993,0.2993934999999999
TEST_01623,2.462266500000001,-0.6644385000000002,-0.566798
TEST_01624,4.134772,0.22097800000000006,-0.8117795000000002
TEST_01625,4.612618499999998,-1.6952050000000005,1.034245
TEST_01626,1.8021535000000002,0.10251,0.44185650000000004
TEST_01627,3.565403999999999,-0.24253349999999996,-0.2698659999999999
TEST_01628,2.866460000000001,-1.1518029999999997,-0.32933099999999993
TEST_01629,3.6257324999999994,-0.27009550000000004,0.858935
TEST_01630,1.2080575,0.4800479999999999,0.325976
TEST_01631,3.134089,-0.7862834999999999,-0.559647
TEST_01632,3.4941094999999995,1.4512785,-1.0376969999999996
TEST_01633,3.4394335000000007,0.8643655000000001,0.7713299999999998
TEST_01634,3.7111645000000006,-0.4482489999999999,-0.6465395000000003
TEST_01635,1.552824,-0.2734204999999999,-0.18525600000000003
TEST_01636,2.5579179999999995,-1.4933125000000005,1.0639950000000002
TEST_01637,3.012083999999999,-0.293437,-0.10840199999999997
TEST_01638,2.848471,0.5017809999999999,0.1710275
TEST_01639,4.1094810000000015,0.9977619999999996,1.8097295
TEST_01640,3.6045289999999994,1.1066030000000002,-0.6497724999999999
TEST_01641,3.420762999999999,-0.0770925,1.105458
TEST_01642,2.9202025,1.5973325000000003,-0.640027
TEST_01643,2.8775619999999993,-1.1744994999999996,0.33653350000000004
TEST_01644,1.8141310000000002,-0.1978975,-0.1938135
TEST_01645,2.152388,0.5643890000000001,-0.15471849999999998
TEST_01646,4.707067,-0.15761649999999994,1.2338764999999996
TEST_01647,4.948663999999999,-0.9038485,0.26720199999999994
TEST_01648,5.1372895,1.2453895000000001,-0.3400114999999999
TEST_01649,2.779640999999999,-0.20668249999999994,-0.275377
TEST_01650,1.742707,0.148892,-0.11163850000000003
TEST_01651,1.7653525,-0.002998000000000006,0.20565900000000004
TEST_01652,3.5644384999999996,1.383642,-0.3241280000000001
TEST_01653,1.524683,-0.2399055,0.34452949999999993
TEST_01654,3.2483689999999994,0.7304124999999999,-0.6114884999999999
TEST_01655,1.3024515,-0.8295220000000001,-0.214221
TEST_01656,2.6632065000000007,-1.271735,1.0677985000000003
TEST_01657,3.8866540000000005,0.5293254999999999,0.5826025000000001
TEST_01658,1.4887899999999996,-0.3342510000000001,0.21083650000000004
TEST_01659,3.7515695,-1.4777094999999996,-0.6172245000000003
TEST_01660,2.116502,0.8837499999999998,0.7785030000000002
TEST_01661,2.1338339999999993,0.25598749999999987,-0.4984435000000003
TEST_01662,1.5670400000000007,0.17285400000000006,0.18580599999999997
TEST_01663,1.663243,0.6647969999999997,-0.5714665
TEST_01664,2.8712025,-0.481052,0.281273
TEST_01665,4.595752499999999,1.3300725,-0.9342615
TEST_01666,1.7991980000000005,0.14807550000000003,-0.48426649999999993
TEST_01667,1.1777150000000005,-0.25093,-0.27468799999999993
TEST_01668,2.6638155000000006,-0.455639,0.6563534999999998
TEST_01669,4.639571,-1.218303,1.2818110000000005
TEST_01670,2.5297595,0.3374730000000001,0.6860935000000001
TEST_01671,1.1366805000000002,-0.262366,0.04865400000000002
TEST_01672,1.740723,-0.592036,0.4646745000000001
TEST_01673,2.607843499999999,-0.6942080000000004,0.5912775000000001
TEST_01674,3.1716845,-0.5352949999999999,0.07917049999999998
TEST_01675,1.9088755000000002,0.5485729999999998,-0.26351050000000015
TEST_01676,3.7490749999999995,-1.950008999999999,1.0226919999999997
TEST_01677,2.6247125000000007,-0.6559800000000002,0.410532
TEST_01678,1.7916169999999996,-0.04524299999999999,-0.4477205000000001
TEST_01679,5.413051000000001,-1.9435700000000002,1.3355185000000005
TEST_01680,3.287824999999999,1.4249035000000005,-0.317959
TEST_01681,4.149410999999999,-0.02268650000000001,-0.6582254999999999
TEST_01682,2.2927760000000004,-0.26353400000000005,0.8311339999999998
TEST_01683,3.3335055000000002,0.4818889999999999,0.4697125
TEST_01684,2.027061,-0.3317809999999999,0.22704199999999994
TEST_01685,1.6400405,-0.8269569999999997,0.5819849999999998
TEST_01686,4.391205000000001,0.7751555,-0.08725899999999999
TEST_01687,2.0818345000000003,-1.0697475,-0.22921150000000007
TEST_01688,0.9511100000000001,-0.7926185000000001,0.30733449999999995
TEST_01689,2.969972000000001,0.24259899999999998,0.33436550000000004
TEST_01690,1.915282,-0.08635199999999996,-0.0361595
TEST_01691,3.4153684999999996,0.016976999999999992,0.13038500000000003
TEST_01692,4.6810875,-0.118591,1.4295905000000007
TEST_01693,2.9542295,0.23660100000000006,0.5855759999999998
TEST_01694,3.821049499999999,-0.161125,-0.22315699999999994
TEST_01695,2.5634830000000006,-0.3403075,0.030099
TEST_01696,2.7098069999999996,0.11689100000000005,-0.42544499999999996
TEST_01697,2.7289320000000004,-1.453186,0.5157369999999998
TEST_01698,1.2259720000000005,1.0287415000000004,0.4475610000000001
TEST_01699,4.6473679999999975,-1.1096889999999995,-0.6241080000000001
TEST_01700,1.0494155000000005,-0.370597,-0.12071749999999999
TEST_01701,1.4775919999999996,-0.27360299999999993,-0.4821685
TEST_01702,1.8816195000000004,0.8302479999999997,-0.4791215
TEST_01703,1.3745079999999998,0.679792,0.34759999999999996
TEST_01704,1.8046775000000004,-0.050682,0.083504
TEST_01705,5.005178000000001,1.3921674999999998,1.1737825
TEST_01706,1.0933489999999995,0.44697299999999995,0.5877110000000001
TEST_01707,1.3342314999999996,-0.03267650000000001,-0.23340650000000002
TEST_01708,2.726419499999999,-0.049068,0.04984150000000001
TEST_01709,3.382421,0.15635400000000005,-0.13257100000000005
TEST_01710,4.521462,1.0308715,1.5354435
TEST_01711,2.086138499999999,0.26536000000000004,0.132832
TEST_01712,2.0119015000000013,-0.806727,-0.222971
TEST_01713,2.2778600000000004,-1.1345534999999995,0.322816
TEST_01714,1.5866550000000004,0.13894950000000006,-0.021928000000000003
TEST_01715,1.8857540000000004,-1.1855195000000003,-0.6242055000000001
TEST_01716,3.2670580000000005,1.4149149999999997,0.9154625
TEST_01717,3.743285499999999,0.597071,0.6861215000000003
TEST_01718,1.4669170000000002,-0.24754900000000002,0.35652549999999994
TEST_01719,2.314587000000001,-1.1650459999999998,-0.13326999999999992
TEST_01720,3.276993000000001,2.338737,0.9813090000000002
TEST_01721,3.7196955000000003,-2.3818004999999998,-0.75691
TEST_01722,4.2238185,0.14802599999999994,1.5242025
TEST_01723,1.1552345,0.6084765,-0.3372160000000001
TEST_01724,2.2781140000000004,0.9860010000000003,-0.20498
TEST_01725,2.470049,-0.023483,-0.072965
TEST_01726,4.6500664999999985,1.2299015,0.08127849999999999
TEST_01727,3.0255199999999993,1.0317984999999998,-0.173919
TEST_01728,4.6889720000000015,0.15399949999999998,-0.3692100000000001
TEST_01729,3.052327,-0.0013744999999999868,0.37404800000000005
TEST_01730,1.4690710000000005,0.5856140000000003,0.05611300000000002
TEST_01731,1.0126795,0.290226,-0.30799800000000016
TEST_01732,3.5625454999999993,-1.0375750000000004,0.17238200000000004
TEST_01733,1.1545569999999998,-0.44808800000000004,0.17237550000000001
TEST_01734,1.8139265,-1.0445905,1.1834899999999997
TEST_01735,1.4106964999999996,-0.5237899999999998,0.521415
TEST_01736,2.6349225,-0.2134665,-0.5260694999999999
TEST_01737,3.7214365000000003,2.1733519999999995,2.0295395000000003
TEST_01738,5.430253,-1.1207489999999996,1.6828175000000003
TEST_01739,1.310063,0.27595000000000003,0.05418349999999998
TEST_01740,2.1526925000000006,-0.698035,-0.1388205
TEST_01741,1.1746499999999993,-0.44281999999999994,-0.21179049999999996
TEST_01742,1.9879714999999993,0.8999014999999997,0.6198400000000002
TEST_01743,3.285244,0.6114175,1.1386335
TEST_01744,2.8507974999999997,-0.3539225000000001,0.212229
TEST_01745,1.4857575000000003,-0.49491500000000005,-0.17529099999999997
TEST_01746,1.2940445,-0.811484,-0.551669
TEST_01747,4.116599500000001,0.33943849999999987,-0.8290225
TEST_01748,1.7602575000000003,-0.23597349999999995,0.10029050000000002
TEST_01749,4.455461500000002,-0.771597,0.7417709999999998
TEST_01750,2.3947865000000004,1.444193,0.012687499999999997
TEST_01751,1.5677000000000008,0.11126299999999996,0.120333
TEST_01752,2.7678604999999994,1.6017860000000002,0.3868005000000001
TEST_01753,3.0679155,-0.6898895000000002,0.626045
TEST_01754,1.6047744999999995,-0.16393650000000007,0.19372300000000003
TEST_01755,1.7848115000000004,0.184456,-0.5227944999999997
TEST_01756,3.383366,1.387096,0.5525709999999999
TEST_01757,2.7036215000000006,-0.019737500000000012,0.591586
TEST_01758,1.654493,-0.49150699999999997,0.0328015
TEST_01759,5.899314499999999,0.26483,0.3845439999999999
TEST_01760,4.740823499999999,-1.1214449999999998,-1.496428
TEST_01761,4.3501905,-1.846319,1.1438470000000005
TEST_01762,1.87695,1.6584914999999996,-0.556699
TEST_01763,1.2744810000000002,-0.17231650000000004,-0.5002530000000001
TEST_01764,3.1971195000000003,1.177046,-0.03716699999999999
TEST_01765,1.1042390000000006,0.24602200000000002,-0.1120405
TEST_01766,3.3353295000000003,0.14133149999999997,-0.7431139999999998
TEST_01767,3.5251720000000004,0.027492000000000003,-0.6054615
TEST_01768,0.8465710000000001,-0.14621399999999996,0.274447
TEST_01769,3.4931095000000005,-0.06226999999999999,-0.3237885000000001
TEST_01770,3.604750499999999,0.36143950000000014,0.25514400000000004
TEST_01771,2.6313389999999997,-0.22580100000000003,-0.07161000000000001
TEST_01772,1.9967680000000003,-0.09472850000000002,0.434638
TEST_01773,2.773050500000001,-0.32231049999999994,0.23035199999999995
TEST_01774,2.7630120000000007,0.23649949999999995,-0.4513765000000001
TEST_01775,1.0683444999999996,0.41807000000000016,-0.3099725
TEST_01776,2.9461045000000015,0.2686305000000001,1.3132480000000002
TEST_01777,2.222469000000001,0.11422650000000002,-0.5835710000000001
TEST_01778,1.6195705000000005,0.037108,0.179031
TEST_01779,3.653105999999999,1.2070055000000002,-0.43985549999999995
TEST_01780,1.8864465000000004,-0.48052750000000016,-0.6118565
TEST_01781,3.3174390000000002,-0.1718995,0.5629279999999999
TEST_01782,1.9110804999999997,-0.38713699999999995,0.41483849999999994
TEST_01783,2.3833055000000005,-0.3123955000000001,0.5418140000000001
TEST_01784,3.1361269999999997,-0.5333265,0.7946369999999999
TEST_01785,1.926233,0.076979,-1.0066980000000003
TEST_01786,2.853892499999999,-0.022774,-0.0189115
TEST_01787,2.3234639999999995,-0.19101850000000006,-0.40008700000000014
TEST_01788,1.9347715000000003,-0.34889,0.23755450000000006
TEST_01789,4.972931999999999,0.8660935000000001,0.10795849999999999
TEST_01790,5.347456999999999,-1.1848585000000003,1.292923
TEST_01791,1.9505189999999994,-0.26538649999999997,0.08672750000000001
TEST_01792,1.5166174999999997,0.27101750000000013,0.37361999999999995
TEST_01793,3.2775655000000006,1.2293085000000001,1.6584005000000008
TEST_01794,1.8942240000000001,0.5315399999999999,-0.008951499999999994
TEST_01795,1.653458,0.30120299999999994,0.3524440000000001
TEST_01796,1.2570575,0.35222050000000005,0.48631350000000007
TEST_01797,2.9923200000000003,-0.5310355,0.037535
TEST_01798,2.5234144999999994,0.25594449999999996,0.37501049999999997
TEST_01799,1.789731,-0.8835330000000001,0.44605399999999984
TEST_01800,1.4227804999999996,0.9987094999999998,0.2935244999999999
TEST_01801,3.114473,-0.2064665,0.619813
TEST_01802,1.5184165,0.5968914999999999,0.7330779999999997
TEST_01803,1.170356,-0.555793,-0.0052605
TEST_01804,1.9450605000000003,0.7530674999999998,-0.11829550000000003
TEST_01805,1.6735104999999995,0.35697,-0.3540585
TEST_01806,4.208020000000001,0.3302775,0.711223
TEST_01807,3.4192644999999997,-1.3095215000000002,0.6116944999999999
TEST_01808,3.8299519999999996,1.4796180000000003,-0.356038
TEST_01809,2.0390095,-0.11154650000000003,-0.16901600000000003
TEST_01810,1.6859919999999995,0.24481499999999995,0.436797
TEST_01811,2.211867,0.07099950000000002,-0.16483299999999995
TEST_01812,1.607126,-1.1773099999999999,0.09242250000000002
TEST_01813,2.6328120000000004,-0.38399850000000013,-0.6143420000000002
TEST_01814,1.5096455,0.45221800000000023,0.12151199999999998
TEST_01815,1.024843,0.02320400000000001,-0.18654350000000003
TEST_01816,2.0437395000000005,0.8438155000000002,-0.9002094999999998
TEST_01817,3.7578329999999998,-0.18589449999999996,0.5458405000000002
TEST_01818,1.0432255,-0.11020649999999997,0.013654499999999997
TEST_01819,1.802841,-0.9720210000000005,-0.0376365
TEST_01820,2.133383500000001,0.06972900000000001,0.5648385000000002
TEST_01821,3.221629,0.21772699999999995,-0.20999449999999997
TEST_01822,1.9396055000000005,0.7395909999999999,0.3923215
TEST_01823,4.090503999999999,0.28637849999999987,0.6770415
TEST_01824,3.7317384999999996,-0.6879005,-0.22599750000000007
TEST_01825,3.228669,1.4771655,0.5412095000000001
TEST_01826,2.494886,-0.11772249999999998,-0.17029400000000003
TEST_01827,4.2537945,0.16072600000000004,0.8603339999999999
TEST_01828,3.1233239999999984,1.0534595000000002,-0.6431475000000002
TEST_01829,2.705716500000001,1.7898424999999998,-0.468325
TEST_01830,3.6300679999999987,1.6937054999999999,0.48147700000000004
TEST_01831,1.9499760000000004,-0.044602,-0.17489849999999996
TEST_01832,3.416803,-0.9626765,0.9992945
TEST_01833,3.031732999999999,0.7637290000000001,-0.09907799999999997
TEST_01834,2.0197089999999998,-0.2953995,-0.062280499999999975
TEST_01835,2.0948269999999996,-0.3884755,-0.5570229999999997
TEST_01836,1.7210195000000001,0.5637229999999999,-0.5172145
TEST_01837,1.9727784999999993,-0.29756699999999997,0.276529
TEST_01838,2.959409999999999,-1.6069029999999997,-0.28236250000000007
TEST_01839,3.2791929999999994,-0.4595505000000001,1.1291894999999998
TEST_01840,4.849427,-0.1348545,-0.8340040000000001
TEST_01841,4.531133500000001,-0.22824650000000002,-0.5420695000000002
TEST_01842,2.0926740000000006,-1.2193644999999997,-0.7178029999999997
TEST_01843,2.3914269999999993,-1.1857379999999997,-0.04843449999999999
TEST_01844,2.1154889999999997,0.2888015000000001,-0.560939
TEST_01845,2.1738804999999983,-0.15396999999999997,-0.44893200000000005
TEST_01846,2.2726049999999995,0.3367769999999999,-0.5554795000000001
TEST_01847,4.841973000000001,-1.2800980000000006,0.6388245000000002
TEST_01848,5.6898295,-0.9970809999999999,0.3849560000000001
TEST_01849,4.3980955,0.5651265,0.0236585
TEST_01850,2.436052,-0.13362899999999994,0.6523175000000001
TEST_01851,2.762831000000001,0.03573599999999999,-0.48093750000000013
TEST_01852,1.7566904999999995,-0.30066899999999996,-0.6147025000000002
TEST_01853,2.0488255000000004,-0.21039249999999998,-0.0086335
TEST_01854,2.9561585,0.0075985,0.5378270000000002
TEST_01855,3.0578579999999995,0.7594895000000002,0.22395850000000006
TEST_01856,1.2551200000000005,0.5090720000000001,0.3246025
TEST_01857,2.496100499999999,-0.789269,1.1531615
TEST_01858,2.9100804999999994,0.815603,0.35132749999999996
TEST_01859,1.9370470000000002,-0.9112255,0.20234800000000003
TEST_01860,2.3895020000000002,-0.46260199999999985,-0.8467649999999999
TEST_01861,1.6806454999999998,0.5327905000000001,0.48868350000000016
TEST_01862,1.8956645,0.6826145000000001,-0.15999149999999995
TEST_01863,2.431196999999999,-0.0830305,0.32379749999999996
TEST_01864,2.4251214999999995,0.008992999999999998,0.11877349999999995
TEST_01865,3.805309499999999,0.08207099999999999,0.8557859999999997
TEST_01866,3.0932575,0.6617234999999999,0.33734799999999987
TEST_01867,2.4483634999999992,-0.5603295,0.250785
TEST_01868,3.1023324999999993,-0.3919195,-0.05415700000000001
TEST_01869,4.359686999999999,-0.7536075000000002,0.27504000000000006
TEST_01870,3.7454465,0.7150720000000002,0.6502105
TEST_01871,1.3275965,0.27430200000000005,0.12770349999999997
TEST_01872,2.435221999999999,0.639421,0.7290300000000001
TEST_01873,1.8181934999999996,0.27183049999999986,-0.2779729999999999
TEST_01874,2.1551760000000004,0.6016254999999999,0.315315
TEST_01875,1.8717539999999997,0.06086950000000001,0.5247665000000001
TEST_01876,4.094293500000001,-1.3864975,0.3804955
TEST_01877,3.1080745,1.2399445000000004,-0.5589474999999999
TEST_01878,2.811017500000001,-1.2361185,0.29585750000000005
TEST_01879,5.1446805,-0.391497,0.9522260000000005
TEST_01880,4.700798500000001,-0.202518,-0.5163270000000001
TEST_01881,5.291864000000001,-0.98753,1.2643380000000004
TEST_01882,3.9302165000000007,0.5787195,0.8356914999999998
TEST_01883,2.319174000000001,-1.5277715,0.28152699999999986
TEST_01884,2.104867,0.7833899999999998,0.2543425000000001
TEST_01885,1.1198664999999997,-0.1441285,-0.2606884999999999
TEST_01886,1.5430924999999998,0.9819390000000002,-0.4539399999999999
TEST_01887,3.8006685,-1.332219,-0.8730920000000002
TEST_01888,4.452156500000001,1.9403495000000002,0.157951
TEST_01889,1.2764984999999995,-0.38440749999999996,-0.1682175
TEST_01890,1.4029815,0.09233900000000002,-0.13096000000000005
TEST_01891,2.102698,-0.0804605,-0.8163825000000002
TEST_01892,5.132148500000001,-1.1907585,-0.8511755
TEST_01893,1.4471764999999994,-0.266938,0.200188
TEST_01894,3.0936285,0.24999300000000002,-1.2063230000000003
TEST_01895,2.5037555000000005,0.6329399999999998,0.09937299999999998
TEST_01896,2.6947605,-0.23208899999999993,0.7783184999999999
TEST_01897,1.6463055,0.5032405000000001,-0.39054500000000003
TEST_01898,5.146353499999999,-0.9816770000000004,0.0049645
TEST_01899,2.0041095,1.3096150000000004,0.3239630000000001
TEST_01900,2.767216500000001,-0.24107650000000003,0.35992999999999986
TEST_01901,1.8463124999999998,0.08815949999999996,0.08779550000000001
TEST_01902,2.2606745000000004,0.26851500000000006,-0.849789
TEST_01903,1.3351050000000004,0.36611650000000007,0.36137649999999993
TEST_01904,3.5280640000000005,-0.32462899999999983,-0.077678
TEST_01905,1.2943504999999997,-0.2852110000000001,-0.3731300000000001
TEST_01906,2.4913225,0.38653400000000004,0.4440700000000001
TEST_01907,3.615836,-0.47360100000000016,-0.10886349999999997
TEST_01908,2.8607305000000007,-0.07131400000000004,0.06902499999999998
TEST_01909,3.7243634999999995,-0.10631000000000002,1.0694825000000003
TEST_01910,2.310831,-0.6660739999999998,0.31162100000000004
TEST_01911,3.021097000000001,-0.713098,-0.0035834999999999994
TEST_01912,1.1852139999999998,0.0338405,-0.2033105
TEST_01913,1.8430200000000003,0.7125895000000001,-0.7418669999999998
TEST_01914,3.3760149999999998,0.5399165000000001,0.8611445
TEST_01915,1.7299480000000003,-0.833931,0.44392499999999985
TEST_01916,2.3787934999999987,0.22289850000000005,-0.07550950000000002
TEST_01917,3.0410209999999993,-0.5689295000000003,0.32726750000000004
TEST_01918,2.6034345000000005,0.3775749999999999,0.031742000000000006
TEST_01919,4.902200499999999,1.0389259999999998,-1.0603740000000004
TEST_01920,4.357869000000001,-0.880099,0.5090565
TEST_01921,2.8014100000000006,0.24736699999999995,0.6367585
TEST_01922,3.435509,0.6430524999999998,0.8845290000000001
TEST_01923,2.4799165,-0.970604,-0.9806779999999994
TEST_01924,2.9052425000000004,-0.5001669999999998,0.14817450000000001
TEST_01925,2.338267,0.3584324999999999,0.17626349999999996
TEST_01926,4.276343,-0.14063550000000005,0.1616535
TEST_01927,3.1029575000000005,-1.3654125,0.0675325
TEST_01928,1.3440154999999996,0.4724525,0.5886119999999999
TEST_01929,3.6628239999999996,-0.005057499999999996,0.369316
TEST_01930,1.17945,-0.16562750000000007,-0.14380499999999993
TEST_01931,4.298313,0.4688074999999998,-0.20493200000000006
TEST_01932,3.6408644999999997,-0.28954350000000006,-0.24847000000000002
TEST_01933,1.6606104999999998,-0.267875,-0.271949
TEST_01934,1.742732,0.12490499999999999,-0.5235550000000002
TEST_01935,2.91358,0.5943694999999998,-0.8118850000000002
TEST_01936,1.1378149999999998,0.193313,-0.06126149999999998
TEST_01937,2.685200000000001,0.3379650000000002,0.29788900000000007
TEST_01938,5.313154999999998,0.5389090000000002,0.37686350000000013
TEST_01939,3.3827409999999998,-1.0111654999999997,0.25839349999999994
TEST_01940,2.7321994999999997,0.792441,-0.08764749999999999
TEST_01941,2.124950000000001,0.45349000000000006,-0.7016104999999999
TEST_01942,1.6853314999999998,0.32752650000000005,0.288928
TEST_01943,1.4219355000000005,0.23155399999999998,-0.19262250000000009
TEST_01944,1.3103195000000003,0.24564300000000014,0.267872
TEST_01945,2.0426520000000004,0.16818199999999994,1.103783
TEST_01946,1.9171315,-0.009009000000000003,0.433524
TEST_01947,3.9418079999999995,0.134061,0.0037650000000000006
TEST_01948,1.959052,-0.5814269999999998,0.3251860000000001
TEST_01949,3.2356130000000007,-0.8236410000000003,0.2516345000000001
TEST_01950,4.005192999999999,-0.2146655,-0.7631180000000002
TEST_01951,2.8112154999999994,0.5536525000000001,-0.5672620000000002
TEST_01952,2.6890350000000005,1.4277930000000003,-0.472517
TEST_01953,1.6967675,-0.3120300000000001,0.196374
TEST_01954,2.647427500000001,-0.19417949999999998,0.10997349999999999
TEST_01955,1.94712,-0.210905,0.21826199999999996
TEST_01956,1.63419,0.6516605000000002,0.4302644999999998
TEST_01957,2.0847830000000007,-0.03705850000000001,0.42386099999999993
TEST_01958,2.6645889999999994,-0.5521695,-0.40246550000000003
TEST_01959,3.9577615,-1.3551645,2.3969134999999993
TEST_01960,4.592067000000001,0.47055349999999996,0.9598449999999998
TEST_01961,3.6385810000000003,1.9858210000000012,-0.6153415
TEST_01962,2.2619865,0.34199999999999997,1.0356455
TEST_01963,1.7718315,0.4005124999999999,-0.5431224999999998
TEST_01964,3.3151194999999993,0.6482049999999999,-0.8446705000000001
TEST_01965,2.021448000000001,1.1119105,-0.6756810000000001
TEST_01966,1.3064754999999995,0.7726115,-0.176247
TEST_01967,4.0988799999999985,-0.30977200000000016,0.1641350000000001
TEST_01968,3.9385400000000006,-0.39873899999999995,0.7209540000000001
TEST_01969,4.367989499999998,-0.077886,-0.9870549999999997
TEST_01970,2.3829245000000006,0.4434444999999999,0.6282540000000002
TEST_01971,3.2003665000000003,-0.04469749999999999,0.6232785000000001
TEST_01972,4.881543499999998,-0.008509,-0.9869034999999998
TEST_01973,1.0379770000000004,0.16228399999999998,0.21440250000000005
TEST_01974,3.2893234999999987,-0.6221384999999997,1.0445925000000003
TEST_01975,1.1984254999999995,-0.18332999999999997,0.4125185
TEST_01976,2.673053500000001,-0.8059829999999999,-0.6529400000000003
TEST_01977,3.682331499999999,2.2392594999999993,-0.139034
TEST_01978,5.651036500000002,0.5222485,0.7220875000000002
TEST_01979,4.6443365000000005,1.383868,0.035285
TEST_01980,2.0839845000000015,-0.8109165,-0.26447700000000013
TEST_01981,3.1242935000000003,-0.20879400000000004,0.0767675
TEST_01982,1.9867194999999995,-0.7693074999999998,0.6989000000000001
TEST_01983,2.6022710000000013,0.4056800000000002,0.5069654999999997
TEST_01984,1.5762364999999998,-0.41105499999999995,-0.3230835000000001
TEST_01985,4.862556499999998,-0.1693785,-0.04545199999999998
TEST_01986,2.7217734999999994,-0.3356585000000001,0.4555374999999999
TEST_01987,4.671062999999998,0.39247400000000005,0.3359519999999999
TEST_01988,2.3902345000000005,0.5327795000000001,-0.3297994999999999
TEST_01989,3.096468999999999,1.3913754999999999,-0.7662510000000002
TEST_01990,4.909136999999998,0.7614014999999998,1.577732
TEST_01991,3.1872369999999997,0.47845250000000006,0.45627950000000006
TEST_01992,2.0185835000000005,0.6422645000000001,0.47139349999999997
TEST_01993,2.7887645,0.115211,0.19242950000000003
TEST_01994,2.3393795000000006,0.4336435,0.11695299999999997
TEST_01995,1.7353735000000001,-0.6046895000000002,-0.09916649999999999
TEST_01996,1.8850665,0.2012315,0.4667745
TEST_01997,2.0798475,0.23187950000000002,-0.17504599999999992
TEST_01998,2.7132399999999994,1.5280545000000005,1.0228755
TEST_01999,3.163865499999999,1.8966875,-0.8148790000000001
TEST_02000,3.9328560000000006,-0.112745,-0.605451
TEST_02001,3.5093745000000003,0.30026050000000004,0.010913000000000003
TEST_02002,1.7853780000000006,-1.4480860000000004,0.4908745000000001
TEST_02003,3.4538755,-0.7124339999999999,0.008875500000000003
TEST_02004,4.053906500000001,-0.6585349999999998,-0.17979400000000006
TEST_02005,2.229628,-0.08118299999999998,-0.39903550000000004
TEST_02006,4.306828999999999,1.1180279999999994,0.5981409999999999
TEST_02007,3.047859,-0.9669669999999997,-0.022595000000000004
TEST_02008,5.0768889999999995,1.6737090000000001,0.009932000000000002
TEST_02009,2.7931375000000003,0.36399199999999987,0.4662609999999998
TEST_02010,2.0188815,0.061063000000000006,0.08997700000000003
TEST_02011,2.4517749999999996,-0.34837300000000004,-0.18721799999999997
TEST_02012,3.0367295000000007,-0.803034,0.11525300000000002
TEST_02013,2.810154,0.2053725,-0.010403999999999983
TEST_02014,3.3401015000000003,0.06349799999999999,1.2651965
TEST_02015,2.7228924999999986,0.4790755,-0.19865599999999994
TEST_02016,3.0200885000000004,0.3834594999999999,-0.5166394999999999
TEST_02017,3.641321499999999,-1.7690870000000003,-0.44479649999999993
TEST_02018,3.415515,-0.18867449999999997,-1.04125
TEST_02019,3.6209894999999994,0.9266289999999999,0.9845059999999999
TEST_02020,2.6919364999999997,0.9371314999999998,0.8791935000000001
TEST_02021,1.5029635,-0.2251805,-0.15180300000000002
TEST_02022,1.1478834999999998,-0.26632649999999997,0.447339
TEST_02023,3.5505410000000013,-0.22146849999999998,0.14083100000000007
TEST_02024,2.4612675,-0.229577,-0.3487905
TEST_02025,1.3063894999999999,0.36057400000000006,-0.09579449999999998
TEST_02026,1.6718849999999996,-0.484623,-0.3732095
TEST_02027,2.9455405000000012,-0.2416735000000001,0.9238955000000002
TEST_02028,1.9791785000000002,-0.1419275,0.21433649999999993
TEST_02029,4.6833860000000005,1.0969074999999995,0.4936234999999998
TEST_02030,1.96143,-0.7843715,0.7510690000000002
TEST_02031,2.353406,-0.13866699999999998,-0.43013450000000014
TEST_02032,3.8032430000000006,-0.3332109999999999,1.9654584999999998
TEST_02033,3.330093500000001,0.1865435,0.31688649999999996
TEST_02034,2.1490610000000006,-0.059562000000000004,-0.10355499999999997
TEST_02035,2.3547959999999994,0.647189,0.5523924999999998
TEST_02036,4.160696,1.7715275000000004,0.326862
TEST_02037,1.5903094999999998,0.3451329999999999,0.22325100000000003
TEST_02038,2.3562759999999994,0.9756820000000002,0.960793
TEST_02039,2.658825499999999,0.607584,1.4023225
TEST_02040,4.247204499999999,1.0135929999999993,1.5772044999999997
TEST_02041,3.2228304999999997,-2.554734999999999,-0.009908000000000005
TEST_02042,4.731909500000002,0.4313089999999999,-0.5931479999999998
TEST_02043,3.7538275000000008,0.380026,0.12029849999999999
TEST_02044,3.398297999999999,-1.6816139999999997,1.3652390000000008
TEST_02045,1.445989,-0.4724524999999999,-0.010841
TEST_02046,4.503736000000001,-0.789071,1.1747610000000002
TEST_02047,4.9870339999999995,-1.153963,-0.08407400000000002
TEST_02048,2.8419999999999987,-0.89713,-0.922786
TEST_02049,2.8385120000000006,0.2899225,0.4672019999999999
TEST_02050,2.972175,0.397578,0.1509605
TEST_02051,3.376358500000001,-0.06720900000000002,0.09213500000000001
TEST_02052,2.1343069999999993,1.1048750000000005,-0.7244790000000003
TEST_02053,3.1163230000000004,0.31606350000000005,0.2223345
TEST_02054,2.8645965000000007,-0.1784625,0.7958694999999998
TEST_02055,1.8815965,-0.6085250000000002,0.30507
TEST_02056,3.5755369999999997,0.631556,-0.4360854999999999
TEST_02057,3.697918000000001,0.49249150000000014,1.1620599999999999
TEST_02058,2.9385379999999994,1.5336054999999997,1.1094570000000001
TEST_02059,2.7324815000000005,-1.5504809999999998,-0.8295485000000001
TEST_02060,1.1085915000000002,-0.30097000000000007,0.11469450000000003
TEST_02061,3.066393999999999,0.46368699999999996,0.8929069999999998
TEST_02062,1.6201180000000002,0.13218649999999998,-0.09452800000000001
TEST_02063,2.8277054999999995,-0.6660179999999998,0.4614730000000001
TEST_02064,1.5144639999999998,-0.050924,0.24085600000000001
TEST_02065,2.6207279999999997,-0.16996350000000005,0.26483350000000005
TEST_02066,2.4064650000000007,0.3843425,0.21405050000000006
TEST_02067,3.9513144999999996,0.4567279999999999,0.50621
TEST_02068,2.7948934999999997,0.13019099999999995,0.1411535
TEST_02069,3.215892,1.2060655000000007,0.5148080000000002
TEST_02070,1.8257345000000003,-0.6838815,-0.35709400000000013
TEST_02071,2.536698499999999,0.9942535000000001,-0.6667890000000001
TEST_02072,2.8031555,1.5660320000000003,0.12006700000000001
TEST_02073,2.9448644999999996,-1.2731055,0.7487224999999997
TEST_02074,2.786002499999999,0.06699149999999998,0.14436550000000004
TEST_02075,1.8192270000000001,0.36169850000000003,0.31990300000000005
TEST_02076,2.215385,0.9029799999999999,-0.474147
TEST_02077,3.0949250000000004,-1.1847029999999994,0.015668500000000005
TEST_02078,3.4445700000000006,1.7304420000000005,0.8490955000000002
TEST_02079,5.1433339999999985,1.403089,1.8705204999999996
TEST_02080,2.7221925000000002,1.4260214999999996,0.599901
TEST_02081,2.0672635,0.35526199999999986,-0.613608
TEST_02082,4.4690805000000005,0.377756,-0.5303899999999998
TEST_02083,2.226144,-0.22822800000000001,0.6313004999999999
TEST_02084,1.4523314999999997,-0.077679,0.1915949999999999
TEST_02085,2.745342999999999,0.4266039999999999,-0.1272475
TEST_02086,3.358804000000001,-2.900000000000168e-05,0.9624334999999998
TEST_02087,4.445166500000001,-0.5885465,-0.1622955
TEST_02088,1.2655579999999995,-0.04897699999999999,-0.28594849999999994
TEST_02089,2.4460195000000002,-0.0635545,0.07726100000000004
TEST_02090,2.633530000000001,0.5551240000000002,0.08732900000000005
TEST_02091,3.2004945000000005,-0.14839450000000004,0.5565980000000001
TEST_02092,2.165723,-0.9781810000000002,-0.2422515
TEST_02093,2.4242985,-0.16776049999999998,-0.06880899999999998
TEST_02094,2.716165,1.0503709999999997,-1.021602
TEST_02095,2.8327870000000006,0.016998500000000007,0.037991
TEST_02096,1.638407,0.67526,0.8839060000000001
TEST_02097,4.285645,1.0368285,2.217059000000001
TEST_02098,4.8641945,-0.5576945000000002,-0.17591649999999998
TEST_02099,3.8724835,-0.5643150000000001,-0.4338465
TEST_02100,2.7294305000000003,0.006131499999999989,-0.7762619999999998
TEST_02101,3.440613999999999,0.009196499999999998,-0.6280965
TEST_02102,1.8541984999999999,0.3280359999999999,-0.34343650000000003
TEST_02103,4.34572,0.17589699999999997,0.6252135000000001
TEST_02104,2.6309569999999995,-0.17900899999999992,0.38005749999999994
TEST_02105,3.7295459999999987,-0.9486285000000001,1.3191585000000003
TEST_02106,1.7422725000000003,-0.6599465,-0.4805420000000001
TEST_02107,2.331906999999999,-0.35181,-0.423052
TEST_02108,2.774945999999999,1.2828944999999994,0.869758
TEST_02109,1.7451155000000003,-0.7065599999999999,-0.31587200000000004
TEST_02110,4.9155679999999995,-1.1033969999999997,0.981882
TEST_02111,3.457242500000001,-0.5678239999999999,-0.27083999999999997
TEST_02112,3.3750169999999997,0.5948765000000003,0.4461394999999999
TEST_02113,2.7872105000000005,-1.0241244999999999,0.6654570000000002
TEST_02114,1.9594749999999999,-0.39158100000000007,-0.02651950000000001
TEST_02115,1.8005809999999998,0.24183749999999996,-0.2010775
TEST_02116,1.5025235000000001,-0.3359709999999999,-0.12225950000000009
TEST_02117,1.9002235,0.055666499999999994,-0.17712200000000006
TEST_02118,2.9508899999999993,-0.7696334999999999,0.7823085000000001
TEST_02119,4.064821500000001,1.11085,0.6397019999999999
TEST_02120,3.1689689999999997,1.6515535000000001,1.0431649999999997
TEST_02121,1.33239,0.8858525000000002,0.07698349999999998
TEST_02122,2.934158,-0.7552165000000002,1.377345
TEST_02123,1.754939,0.476582,-0.27966
TEST_02124,2.647370999999999,0.11404899999999994,0.201405
TEST_02125,2.2047644999999987,-0.5359085000000001,0.7542479999999998
TEST_02126,1.7500695,0.9035744999999997,0.25993699999999986
TEST_02127,3.459062999999999,-0.12953199999999998,1.2681035
TEST_02128,5.6569899999999995,-1.5200215000000001,-0.6880564999999998
TEST_02129,2.7835729999999996,0.6906899999999999,-0.16483249999999994
TEST_02130,1.9270419999999997,0.38949200000000006,-0.33277150000000005
TEST_02131,2.6198734999999997,-0.3284375000000001,0.2880830000000001
TEST_02132,3.6208955000000005,1.3914395,1.1847309999999998
TEST_02133,3.1452919999999995,0.27735750000000003,-0.11084150000000002
TEST_02134,3.0664765000000003,-1.2147085,0.05422949999999999
TEST_02135,2.061187499999999,-0.09864400000000001,0.06293199999999999
TEST_02136,2.253974499999999,-0.1649915,-0.3028335
TEST_02137,3.4918649999999993,0.12069349999999998,1.953421
TEST_02138,4.093313,0.980197,-0.7732569999999999
TEST_02139,1.1813624999999999,-0.6593819999999998,-0.170716
TEST_02140,2.443463,0.009028000000000001,-0.013870000000000004
TEST_02141,1.9515460000000002,-0.17610799999999993,-0.6139789999999999
TEST_02142,1.7509184999999996,0.010962999999999994,0.4690774999999998
TEST_02143,2.653290000000001,0.2836660000000001,-0.021001000000000006
TEST_02144,2.6915095000000004,-0.29266050000000005,0.8413755000000003
TEST_02145,1.6434784999999994,0.09508400000000002,0.013130000000000001
TEST_02146,1.1452694999999997,0.110635,0.33280099999999996
TEST_02147,2.5534215,-0.6455655000000001,0.9634415000000001
TEST_02148,2.461106000000001,-0.04226799999999999,-0.07669799999999999
TEST_02149,1.7787430000000002,-0.21575099999999997,-0.7462594999999999
TEST_02150,1.1855685000000005,-0.17676299999999998,0.24243900000000002
TEST_02151,1.8532075,0.24588449999999987,0.40947599999999995
TEST_02152,3.3745295000000004,1.5423615000000002,0.5472764999999999
TEST_02153,2.990662500000001,1.3773489999999997,-0.4735000000000001
TEST_02154,2.753309999999999,0.16663700000000004,-0.25592800000000016
TEST_02155,1.8316615,-0.034385499999999986,-0.5366860000000001
TEST_02156,4.205133999999999,0.5435279999999998,-0.24655749999999996
TEST_02157,2.567630499999999,0.5602185000000001,-0.462971
TEST_02158,3.663505999999999,-1.3427435,0.3668244999999999
TEST_02159,4.121722499999999,1.6875405000000003,-1.3403045000000002
TEST_02160,3.1141285000000005,1.337628,-0.5244130000000001
TEST_02161,4.923334999999998,2.3254784999999996,-0.005648000000000018
TEST_02162,2.8244695000000006,1.4820790000000001,0.012982499999999998
TEST_02163,3.4895734999999997,-1.3518504999999998,0.0009170000000000016
TEST_02164,3.0602774999999998,1.3252585,-0.11531350000000005
TEST_02165,2.6608914999999995,0.8170250000000001,0.4300065000000002
TEST_02166,4.5891104999999985,-0.5668104999999997,1.058541
TEST_02167,1.719294,0.012697500000000009,-0.4812869999999999
TEST_02168,5.2651784999999975,0.7602705000000003,1.3275730000000001
TEST_02169,4.0559080000000005,0.007692000000000008,-0.21283350000000006
TEST_02170,3.1373609999999994,-0.015158499999999998,0.6499104999999998
TEST_02171,2.099879,-0.3778349999999999,-0.439426
TEST_02172,3.503479499999999,1.2050609999999995,-1.0866660000000001
TEST_02173,1.671773,-0.5158755000000003,0.0873855
TEST_02174,3.5253615,1.2830575,1.3056749999999995
TEST_02175,2.4141069999999996,0.09888850000000005,0.43967049999999996
TEST_02176,0.9179355000000001,-0.2593194999999999,0.17823899999999998
TEST_02177,2.450461999999999,-0.8235360000000003,1.4363545000000002
TEST_02178,4.5401625,1.5502809999999994,1.1179570000000005
TEST_02179,3.9142504999999996,0.8431919999999998,0.9480500000000003
TEST_02180,1.6207565000000002,-0.310959,0.7452285000000001
TEST_02181,2.6300505000000003,-0.175898,-0.8193725
TEST_02182,1.8745794999999998,0.3453799999999999,0.07546749999999997
TEST_02183,4.342894499999998,-0.3629095,-0.622829
TEST_02184,1.954262,-0.17518899999999998,0.47470250000000014
TEST_02185,1.1813084999999997,-0.6324924999999999,0.24333250000000003
TEST_02186,1.169192,-0.06403299999999998,0.39196700000000007
TEST_02187,3.5993489999999992,-0.4280675000000001,-0.033446500000000004
TEST_02188,3.156995,-0.5989105000000002,0.8528760000000002
TEST_02189,3.7817505000000002,-1.5027309999999998,0.2526059999999999
TEST_02190,2.7947640000000007,-0.1436305,0.25436499999999995
TEST_02191,2.0602539999999996,-0.7705954999999998,-0.22119200000000006
TEST_02192,1.3563035,-0.20753200000000005,0.2775065
TEST_02193,2.186242500000001,-0.6115075,-0.16618950000000005
TEST_02194,2.0410700000000004,-0.14539999999999995,-0.008452500000000009
TEST_02195,1.1170884999999997,0.2529505000000001,-0.15434500000000007
TEST_02196,1.372855,-0.396432,0.22214949999999997
TEST_02197,2.0595039999999996,-0.8209755000000001,-0.06316
TEST_02198,3.564156500000001,0.550082,1.2719615000000006
TEST_02199,5.866282,-1.2034440000000002,0.5311885000000001
TEST_02200,4.108296000000002,-0.10187600000000002,0.13409549999999998
TEST_02201,3.44943,-0.5690370000000002,0.5448249999999999
TEST_02202,1.3132005000000002,0.8297080000000001,0.09405450000000001
TEST_02203,3.557092,0.968132,-1.1563374999999998
TEST_02204,1.381111,-0.5112859999999999,0.13581349999999998
TEST_02205,2.7679289999999996,-0.9697554999999998,-0.8615259999999998
TEST_02206,3.5134260000000004,0.25109849999999995,0.12167649999999999
TEST_02207,1.9617609999999999,-0.28386649999999997,0.1329265
TEST_02208,5.305465499999999,0.9338665,0.0771565
TEST_02209,2.6906074999999996,0.2968869999999999,0.12479649999999999
TEST_02210,2.65487,0.3346770000000001,-0.7641770000000001
TEST_02211,4.381980999999998,0.2823610000000001,0.09144850000000002
TEST_02212,1.3685355000000001,0.0252945,0.389806
TEST_02213,2.541156,-0.20362050000000007,0.20205849999999997
TEST_02214,2.7992245000000007,0.00998,0.9643304999999998
TEST_02215,2.000127,0.10896950000000004,0.559469
TEST_02216,2.598584499999999,0.14946699999999996,0.8396395
TEST_02217,2.2105435,-0.037961999999999996,0.8587509999999999
TEST_02218,3.0150334999999995,1.0682695,1.5626424999999997
TEST_02219,3.9926855000000003,1.0392180000000004,-0.6551659999999999
TEST_02220,2.4842385,-0.8853694999999999,-0.612208
TEST_02221,1.2276755000000001,0.378337,0.5104525000000001
TEST_02222,1.9603485,-0.38244200000000006,0.3619605000000001
TEST_02223,3.8177185,0.6158155000000003,0.9291764999999998
TEST_02224,3.076737500000001,-0.031395,-0.12150799999999996
TEST_02225,1.6827954999999997,0.9878900000000003,0.24275700000000006
TEST_02226,1.3929099999999996,0.3956225000000001,0.2493315
TEST_02227,3.335715500000001,0.4698515,0.38049750000000004
TEST_02228,2.9360690000000016,0.8006754999999999,-0.39213849999999995
TEST_02229,1.5200199999999997,-0.5906299999999999,0.9854300000000004
TEST_02230,4.015270999999999,-1.4746594999999996,0.226149
TEST_02231,2.0945719999999994,-0.35600099999999996,0.12431000000000006
TEST_02232,3.1208160000000014,0.5625404999999999,-0.08582500000000003
TEST_02233,3.778978,1.3547535,1.0201519999999995
TEST_02234,3.5091874999999995,0.3203894999999999,1.3367399999999998
TEST_02235,2.2361724999999995,-0.382648,-0.047897499999999996
TEST_02236,1.5135460000000003,0.09628000000000002,0.2059915
TEST_02237,3.4141604999999995,-0.6171094999999998,-1.1061975
TEST_02238,1.090068,0.17637349999999996,-0.21350950000000002
TEST_02239,3.283963,1.4871629999999998,-0.7401035
TEST_02240,4.268055499999999,-1.8693959999999996,0.8675284999999999
TEST_02241,5.1354109999999995,-1.0059485000000001,0.6867970000000002
TEST_02242,1.1370440000000004,-0.4584340000000001,-0.5503229999999999
TEST_02243,2.5792775000000008,0.6282260000000002,-0.0397
TEST_02244,2.1519745000000006,0.7945165000000001,-0.030660000000000007
TEST_02245,1.4800229999999999,-0.20787899999999998,-0.548263
TEST_02246,2.3935854999999995,-0.20060050000000001,-0.13537449999999995
TEST_02247,4.6714145,0.3377284999999999,-0.1880070000000001
TEST_02248,1.8541585000000005,1.1846334999999995,-0.684965
TEST_02249,2.017817,0.12376649999999995,-0.36354449999999994
TEST_02250,2.8992499999999994,0.3043525,-0.7260675000000003
TEST_02251,2.3827415000000007,-0.2923554999999999,0.29846800000000007
TEST_02252,4.152645999999999,-1.4471750000000005,1.2343840000000004
TEST_02253,1.5210765,0.03193499999999999,0.14154049999999996
TEST_02254,2.7763139999999993,0.7819735000000001,0.37514649999999994
TEST_02255,3.4274470000000004,0.3417714999999999,0.2709585
TEST_02256,3.4230215000000004,0.36716100000000007,0.9923854999999997
TEST_02257,3.153918000000001,0.8552535000000001,-0.22712949999999996
TEST_02258,2.3403719999999995,0.291068,0.003192500000000001
TEST_02259,4.116610000000002,1.02278,0.1595485
TEST_02260,2.8691579999999997,-0.0268395,0.07178749999999993
TEST_02261,3.1149105,-0.13905500000000004,0.10339300000000003
TEST_02262,2.3256034999999997,0.07446449999999999,-0.31295699999999993
TEST_02263,3.979257499999999,0.40703600000000006,-0.06838849999999999
TEST_02264,3.943468499999999,0.030095000000000025,0.15441849999999996
TEST_02265,3.653754,0.41408349999999994,1.6737775
TEST_02266,1.3095779999999997,0.0880735,0.31334200000000006
TEST_02267,3.2477825000000013,-0.14010650000000005,-0.376367
TEST_02268,2.0552564999999996,0.39867699999999995,0.301847
TEST_02269,4.839528499999998,-1.4117605000000006,0.807984
TEST_02270,3.2080305,-1.4061295,0.4678744999999999
TEST_02271,2.9976054999999997,0.9481385000000006,-0.6458150000000002
TEST_02272,2.705513999999999,0.48353899999999994,0.5774340000000001
TEST_02273,1.6311920000000002,-0.8206680000000003,0.1852925
TEST_02274,3.4913184999999998,0.0201745,-0.6726775000000003
TEST_02275,0.9786444999999999,-0.3114620000000001,0.27135799999999993
TEST_02276,3.728198,-1.1076390000000003,1.0104804999999994
TEST_02277,3.8073835,1.03855,-0.195401
TEST_02278,1.3134725,-0.19452949999999997,0.5123844999999998
TEST_02279,4.518959999999998,1.1333514999999996,-1.1696155
TEST_02280,3.9682959999999996,0.7664219999999997,-0.45355999999999996
TEST_02281,3.204594000000001,-0.266439,0.8842425
TEST_02282,4.215772000000002,-0.5024489999999999,-0.5383995
TEST_02283,2.245737,0.41060949999999996,0.09158249999999994
TEST_02284,1.7381,-0.4119485000000001,0.2910124999999999
TEST_02285,2.6580945000000016,-1.0286220000000006,0.28914300000000004
TEST_02286,4.614277000000001,0.1922605,0.28359349999999994
TEST_02287,3.8427534999999997,0.8807630000000002,-0.42229399999999995
TEST_02288,1.1701635000000001,-0.34209599999999996,-0.1039545
TEST_02289,3.5767189999999998,-0.12905350000000004,-0.346322
TEST_02290,2.1975560000000005,-0.14285400000000004,-0.247293
TEST_02291,2.1994,0.4159885,0.7256929999999997
TEST_02292,1.3302005000000001,-0.5578520000000002,-0.1603655
TEST_02293,2.673022999999999,0.4903430000000001,-0.29037350000000006
TEST_02294,1.3239225000000001,-0.7974565,-0.5304485000000001
TEST_02295,2.6861129999999998,0.5246504999999999,-0.029741500000000008
TEST_02296,2.4883995000000008,-1.7948514999999996,-0.17993650000000005
TEST_02297,1.7887994999999999,0.42166149999999997,0.6201909999999999
TEST_02298,2.2323119999999994,-0.9565355000000001,0.422063
TEST_02299,2.8169949999999995,1.1824744999999997,0.16133149999999996
TEST_02300,2.3017294999999995,-0.6946625000000002,0.24264049999999995
TEST_02301,2.1417485000000003,-0.17853399999999997,-0.30295100000000014
TEST_02302,2.0292025000000007,-0.3342195,-0.03605100000000001
TEST_02303,1.578799,0.0843895,0.10754199999999998
TEST_02304,1.9989169999999996,0.2698125,0.10194500000000001
TEST_02305,2.5776524999999997,-0.7215475,0.5758365000000001
TEST_02306,2.7709799999999998,0.4487774999999999,0.13232149999999993
TEST_02307,2.6116785,-0.5666675000000001,0.47193950000000007
TEST_02308,2.1245515,-0.5518209999999998,0.4573625000000001
TEST_02309,2.8336250000000005,-0.14705150000000003,-0.3692885
TEST_02310,3.2801660000000012,0.6473260000000001,-0.36929899999999993
TEST_02311,1.7884934999999997,-0.9657559999999998,-0.18592100000000003
TEST_02312,2.255515,-0.19478150000000005,-0.11750249999999998
TEST_02313,3.079864999999999,0.6547084999999999,0.0206515
TEST_02314,2.732862000000001,-0.0035654999999999853,0.12904799999999997
TEST_02315,2.371093500000001,-0.7776364999999998,-0.943634
TEST_02316,4.077203000000001,0.6544289999999999,0.38388199999999995
TEST_02317,2.3566969999999987,1.1781984999999993,0.58073
TEST_02318,3.0999005000000013,-1.4733720000000003,0.15174899999999997
TEST_02319,5.744607999999999,-1.0333620000000003,0.3612845
TEST_02320,4.710235499999999,-0.489903,1.1427284999999998
TEST_02321,2.7511194999999997,0.5550274999999998,-0.123144
TEST_02322,4.592142000000001,-0.1467505,-0.6325594999999999
TEST_02323,2.4715850000000006,-0.41031900000000004,0.308813
TEST_02324,2.5338465,-0.9960350000000001,-0.8482839999999996
TEST_02325,2.5295645,-0.16235300000000003,0.3389789999999999
TEST_02326,4.783084499999999,-0.387378,-0.14205900000000007
TEST_02327,3.994969499999999,0.9914184999999995,-0.5243174999999999
TEST_02328,5.2327245,-0.3986235,0.3521984999999999
TEST_02329,4.237432,-0.5934174999999999,-0.22806949999999995
TEST_02330,1.17108,-0.15623700000000007,0.0961495
TEST_02331,1.5105625,-0.19437500000000002,-0.21193849999999997
TEST_02332,4.2895759999999985,-1.4780515000000003,1.9528265000000005
TEST_02333,0.7096790000000001,0.243021,-0.19440300000000002
TEST_02334,2.8694355,-0.8065784999999998,0.6979990000000001
TEST_02335,3.1197969999999993,-0.7738754999999997,-0.45923849999999994
TEST_02336,2.6705945000000004,-1.4268704999999997,-1.0177464999999994
TEST_02337,3.0440715000000003,0.24318800000000015,0.7375320000000001
TEST_02338,3.3915209999999996,-1.1295330000000003,-0.7259884999999999
TEST_02339,2.9878875000000003,0.7593165000000002,0.5770554999999999
TEST_02340,1.344372,0.23884900000000003,0.4186555
TEST_02341,1.6672335,-0.3607984999999999,0.6804125
TEST_02342,1.8390694999999995,0.1370105,-0.1704385
TEST_02343,4.300632500000001,-0.4910855000000003,0.27666899999999994
TEST_02344,3.4438515,0.2668069999999999,0.22094849999999994
TEST_02345,4.942543499999999,1.5677594999999998,1.824522
TEST_02346,1.5449475000000001,0.734915,-0.1298945
TEST_02347,2.855926,0.4184870000000001,0.25462150000000006
TEST_02348,2.8747609999999995,-1.124434,-0.9995880000000004
TEST_02349,2.6396694999999992,1.829638,1.405094
TEST_02350,2.6057415,-0.6309800000000003,0.7423985000000001
TEST_02351,2.1686154999999987,-0.7839630000000001,-0.2291225
TEST_02352,2.4260149999999996,-1.5613990000000002,0.38325450000000005
TEST_02353,2.092193000000001,-0.6519549999999998,-0.3026535
TEST_02354,2.2594415000000003,-0.4046989999999999,0.41868049999999996
TEST_02355,1.1400535,-0.0333225,0.2322295
TEST_02356,3.8034815000000006,1.7939745000000002,1.4709944999999998
TEST_02357,2.1815420000000008,-0.4332815,0.5529535
TEST_02358,3.4217524999999998,-1.0228559999999998,-0.7694700000000001
TEST_02359,5.0199915,-0.9374750000000003,-0.1783585
TEST_02360,2.123273499999999,0.6644825000000002,-0.21547149999999993
TEST_02361,1.9271074999999995,1.3236274999999997,-0.015431499999999997
TEST_02362,3.9467409999999994,0.7225835000000002,0.0313065
TEST_02363,2.1683699999999995,-0.08751299999999998,-0.6804325
TEST_02364,1.5686525000000002,-0.104616,0.20231050000000003
TEST_02365,1.9268364999999998,0.20159799999999997,-0.07489399999999999
TEST_02366,4.076964500000001,0.112817,-0.3980085
TEST_02367,3.2314815,0.6884154999999998,-0.22151649999999995
TEST_02368,3.4644095000000004,0.3865305000000001,-0.8952220000000002
TEST_02369,3.3820935,-0.20485000000000003,-0.3008790000000001
TEST_02370,1.8615650000000001,-0.22455150000000004,0.39513699999999985
TEST_02371,2.605488000000001,0.011744500000000005,-0.3143260000000001
TEST_02372,2.419453,-0.39549199999999995,-0.11876900000000003
TEST_02373,2.8724995,-0.3053414999999999,-0.5164095
TEST_02374,2.547402999999999,-0.9349755000000002,1.1190230000000003
TEST_02375,3.6078140000000003,0.274305,-0.07741250000000002
TEST_02376,2.619290500000001,0.115539,0.8497964999999998
TEST_02377,2.892378,-0.2480695,1.1555015
TEST_02378,2.0901080000000003,0.3373965,-0.36931749999999997
TEST_02379,1.715727,-0.9995279999999995,0.5876414999999999
TEST_02380,1.9257295,0.6570750000000001,0.10702199999999999
TEST_02381,1.6127765,-0.41694800000000004,-0.40738399999999997
TEST_02382,1.6123080000000005,0.3477699999999999,0.31187650000000006
TEST_02383,1.4547414999999997,-0.1995355,0.3203919999999999
TEST_02384,3.6880390000000007,-0.2944399999999999,0.8158369999999999
TEST_02385,2.347774,-1.8998665,-0.17683100000000002
TEST_02386,1.7601645000000001,0.041488999999999984,0.16696149999999996
TEST_02387,2.6097770000000002,0.265201,0.3024919999999999
TEST_02388,2.8645105,0.6848005000000001,-0.7279345000000002
TEST_02389,4.618264000000002,0.023289999999999988,0.9813485000000005
TEST_02390,5.258600499999998,-0.17847150000000006,1.0667594999999999
TEST_02391,2.7172435,0.3326330000000002,0.6153739999999999
TEST_02392,2.099461,0.621269,0.2720164999999999
TEST_02393,2.7232979999999998,1.4879015000000004,0.8007920000000002
TEST_02394,3.0785605,-0.06869700000000001,0.45032700000000014
TEST_02395,1.4639905,0.637479,0.350537
TEST_02396,2.2324114999999995,0.7216725,0.006563000000000005
TEST_02397,3.9911784999999997,-1.0005575,0.43655050000000006
TEST_02398,1.8310624999999994,-0.34194499999999994,-0.5378425
TEST_02399,3.3588579999999997,1.0896625,1.4779295000000003
TEST_02400,3.124854000000001,1.1932614999999998,0.30745849999999997
TEST_02401,3.5200034999999996,-0.267883,-0.8222799999999997
TEST_02402,3.9855229999999993,-0.8469874999999998,-0.7640360000000002
TEST_02403,1.9090965,0.5442895000000001,0.4821759999999999
TEST_02404,3.0998075000000007,0.9117215,-0.7573745000000002
TEST_02405,1.6318155,0.06562250000000001,-0.013155000000000002
TEST_02406,2.7054134999999992,0.6383129999999999,0.14457999999999996
TEST_02407,2.0105135,-0.868482,0.0725875
TEST_02408,2.165118499999999,1.6475325,-0.513972
TEST_02409,2.8561155000000005,0.38530700000000007,-0.5116510000000002
TEST_02410,2.416332,-0.09992000000000004,0.012870499999999998
TEST_02411,1.6566275000000004,0.312292,-0.42830999999999997
TEST_02412,1.57115,-0.5292025,-0.39250950000000007
TEST_02413,1.7880425000000004,-0.42815749999999997,0.28969049999999996
TEST_02414,3.5018884999999993,0.530697,1.8601389999999998
TEST_02415,2.0494820000000002,-0.08138799999999997,0.19390300000000002
TEST_02416,1.5129645000000003,-1.2560535000000006,-0.2238545
TEST_02417,2.5425974999999994,-1.2895794999999999,0.22105749999999993
TEST_02418,5.123575000000001,0.37109549999999997,1.4020769999999998
TEST_02419,3.0319025000000006,1.5857804999999998,-0.09161499999999995
TEST_02420,2.720183500000001,0.29424850000000013,0.34763200000000005
TEST_02421,3.4595895,-0.11261400000000002,0.35893900000000006
TEST_02422,1.7569810000000003,0.1848425,0.22772250000000002
TEST_02423,2.1862959999999996,0.8530345,-0.3190084999999999
TEST_02424,3.2370659999999996,-0.0930365,0.11996449999999999
TEST_02425,2.1948375000000007,0.01855349999999999,1.146652
TEST_02426,3.3674980000000003,-0.7524525000000002,-0.41947500000000004
TEST_02427,1.9364925000000004,0.014661,0.6476074999999998
TEST_02428,2.140565500000001,0.45993850000000003,0.18755750000000002
TEST_02429,3.5082629999999995,0.5307815000000002,0.08458950000000001
TEST_02430,2.053085,0.3634599999999999,0.1075845
TEST_02431,2.5412954999999995,0.569832,0.03408299999999999
TEST_02432,2.2741525000000005,0.14138099999999995,-0.4164515
TEST_02433,3.6787724999999996,-0.1329265,0.56633
TEST_02434,1.5533259999999998,-0.045939999999999995,0.0356735
TEST_02435,1.2490090000000005,0.4408600000000001,0.204889
TEST_02436,2.009075,-0.239909,0.604292
TEST_02437,2.1274159999999993,-1.1982955,0.08057549999999997
TEST_02438,2.779648999999999,0.9990279999999999,-0.21883049999999998
TEST_02439,2.0602285000000005,1.4716390000000001,-0.6268965000000001
TEST_02440,2.8498155,1.8131294999999998,-0.6631584999999999
TEST_02441,2.3720020000000006,1.8353985000000002,-0.8586365
TEST_02442,1.2218325,-0.5824925000000001,0.40120150000000004
TEST_02443,2.0184830000000007,1.9868225000000002,0.8615890000000002
TEST_02444,3.1705330000000007,0.0126375,0.229382
TEST_02445,1.924765,0.41450449999999994,-0.1734745
TEST_02446,1.1728365,-0.29195050000000006,-0.16402399999999998
TEST_02447,1.7435829999999999,0.12302599999999998,-0.38322350000000005
TEST_02448,3.5154050000000003,-1.1809119999999997,0.05318500000000001
TEST_02449,2.1525889999999994,0.4792695000000001,0.135239
TEST_02450,2.1488705000000006,0.3546164999999999,-0.0650845
TEST_02451,3.2730189999999992,-0.061668500000000015,-0.06855000000000001
TEST_02452,4.678469,1.4321729999999997,0.6566415000000002
TEST_02453,3.1053179999999996,-0.2169215000000001,0.35641049999999996
TEST_02454,3.5688745,1.2564924999999993,-1.1824405000000007
TEST_02455,3.5355619999999996,-1.1663310000000005,1.107691
TEST_02456,2.9551169999999995,1.1572050000000003,0.2859975
TEST_02457,2.232580500000001,0.084463,0.060747499999999996
TEST_02458,4.486538500000001,-1.3905265,-0.5210944999999999
TEST_02459,3.0240149999999995,0.32312649999999987,-0.6697159999999999
TEST_02460,2.256304000000001,-0.05985100000000001,0.6424289999999998
TEST_02461,3.4453659999999995,-0.2599989999999999,1.0455705000000002
TEST_02462,2.3983015000000005,-0.3291875,0.3509540000000001
TEST_02463,2.8673530000000005,0.146285,0.5686200000000001
TEST_02464,3.736316999999999,-0.08082800000000001,0.2963365
TEST_02465,3.661251,-0.39765249999999996,0.47622149999999985
TEST_02466,1.8818505,-0.5633204999999999,0.6719955
TEST_02467,2.911867,0.2069665,-0.6293174999999999
TEST_02468,2.4784520000000008,-0.9117724999999999,-0.5560854999999998
TEST_02469,2.8164344999999997,0.7482580000000002,-1.1200545000000002
TEST_02470,2.468858,-0.30238950000000003,0.5755144999999999
TEST_02471,3.110642000000001,-1.1794164999999996,0.5640955000000003
TEST_02472,2.086608,-0.8325775,0.018628500000000003
TEST_02473,3.389694500000001,-0.2728115000000001,0.28090899999999996
TEST_02474,2.0498579999999995,-0.09784450000000006,-0.008223499999999998
TEST_02475,2.4170240000000005,0.6238929999999998,-0.37354200000000004
TEST_02476,4.647693,-1.5511764999999995,-0.7645965
TEST_02477,3.1570869999999998,-1.1777234999999997,0.06456850000000001
TEST_02478,3.6581845,-0.107184,0.9352740000000003
TEST_02479,4.799013500000001,0.395542,-0.16057349999999995
TEST_02480,4.018939999999999,-0.7307225000000002,-1.128241
TEST_02481,4.642506000000001,0.044789,-0.5236875000000001
TEST_02482,2.3188979999999995,0.4692510000000001,-0.34833500000000006
TEST_02483,2.0401180000000005,1.0719625000000006,0.32897199999999993
TEST_02484,3.4299505000000012,-0.04994,-0.5034409999999999
TEST_02485,1.8690150000000005,0.7669415000000002,-0.47657799999999995
TEST_02486,2.7099584999999986,-0.4692775,-0.8983165000000001
TEST_02487,2.7478204999999987,-0.8413774999999999,-0.269625
TEST_02488,5.4338619999999995,-0.3036955,1.2050560000000003
TEST_02489,2.070784999999999,-0.10319600000000001,-0.0702415
TEST_02490,1.0968515,-0.16891749999999994,0.09067050000000001
TEST_02491,3.497058500000001,0.3871835000000001,-0.6426384999999999
TEST_02492,3.049816,1.0756430000000003,0.26198500000000013
TEST_02493,2.532382,0.3415469999999999,0.24790899999999993
TEST_02494,1.6726129999999997,1.0334840000000003,0.4698415000000001
TEST_02495,3.440196499999999,-1.2744760000000004,1.181543
TEST_02496,2.7797220000000005,-0.8430880000000001,1.3379130000000004
TEST_02497,3.227550000000001,1.5410759999999994,-0.48553449999999976
TEST_02498,1.4163550000000003,0.5066095000000002,-0.44951949999999985
TEST_02499,2.5293144999999995,-1.1745775000000003,-0.18141900000000005
TEST_02500,2.526137500000001,-0.6355229999999998,0.08099000000000003
TEST_02501,3.107407999999999,0.348581,-0.4639470000000001
TEST_02502,1.466472,0.4300589999999999,0.24027200000000004
TEST_02503,2.113261,0.29714749999999995,-0.5889580000000001
TEST_02504,2.1040799999999997,-0.6040190000000001,1.0211189999999997
TEST_02505,1.9888380000000005,0.8981125000000001,0.33552149999999986
TEST_02506,2.4819205,-0.3506300000000001,0.4590415
TEST_02507,1.1754995,0.460248,-0.15991999999999998
TEST_02508,2.186117500000001,-0.5174275000000002,0.10419599999999998
TEST_02509,4.309382999999999,0.8415309999999998,-0.40117250000000004
TEST_02510,5.204632500000001,-1.6342520000000005,1.8159169999999998
TEST_02511,1.376966,-0.31781849999999995,-0.034727000000000015
TEST_02512,3.0341214999999995,0.16869300000000004,0.140431
TEST_02513,3.7536115000000003,-1.6394434999999994,-0.507136
TEST_02514,2.0590649999999995,0.44354349999999987,0.0164995
TEST_02515,1.6684574999999997,-0.0952965,-0.25984549999999995
TEST_02516,3.107929500000001,-1.0446235000000001,1.1331925000000003
TEST_02517,3.2690410000000014,0.21239299999999994,0.38235450000000004
TEST_02518,0.9971649999999999,0.3169219999999999,0.33359149999999993
TEST_02519,3.315752,-0.3552304999999999,0.9204859999999999
TEST_02520,1.6746205000000005,0.9036679999999997,0.206544
TEST_02521,1.2531865,-0.40237999999999985,-0.28019299999999997
TEST_02522,3.0513174999999997,-1.2001234999999997,1.1310379999999998
TEST_02523,4.152392000000001,0.367392,-1.0696254999999995
TEST_02524,2.351024000000001,-0.9457994999999999,-0.5369420000000001
TEST_02525,2.6038500000000004,-0.03496550000000001,-0.6346595
TEST_02526,3.9283785000000004,-0.8965055000000002,-0.9004670000000001
TEST_02527,1.331509,0.6266434999999999,-0.16248399999999996
TEST_02528,2.021926999999999,0.9862494999999999,0.4111400000000001
TEST_02529,2.1295675000000003,0.058287,0.3276054999999999
TEST_02530,3.1648379999999996,-0.513782,-0.6436495000000001
TEST_02531,3.166317000000001,-0.06040849999999999,0.016629
TEST_02532,1.7597855000000004,0.36363500000000004,0.10503450000000002
TEST_02533,2.1058779999999997,0.2242605,0.3744519999999999
TEST_02534,1.912006,1.3497559999999997,-0.16460749999999996
TEST_02535,2.3136995000000002,-1.0760545000000001,0.278365
TEST_02536,2.389423499999999,0.7403849999999998,0.6202939999999998
TEST_02537,3.3315835000000007,1.6893194999999996,1.4018465
TEST_02538,4.3264735000000005,0.43376250000000005,1.3952614999999997
TEST_02539,0.9144535,0.3413284999999999,-0.09229950000000003
TEST_02540,3.4049234999999998,0.03379549999999999,0.921327
TEST_02541,2.838519,0.205721,0.2696004999999999
TEST_02542,1.426755,0.0823325,0.1201525
TEST_02543,3.7171375000000006,0.2450325,-0.2651899999999999
TEST_02544,2.7365620000000006,-0.28565949999999984,1.1369830000000003
TEST_02545,4.547144000000001,0.9533514999999999,1.0332035000000004
TEST_02546,1.667648,-0.20247800000000005,0.3661715
TEST_02547,2.9321525,-0.033618999999999996,0.6199090000000003
TEST_02548,3.0969949999999997,-0.06072749999999998,0.5907495000000003
TEST_02549,4.4537695,-0.004574999999999996,-0.8250545
TEST_02550,1.7132795,-0.946184,-0.69598
TEST_02551,2.9458780000000004,0.027692500000000016,-0.11494650000000001
TEST_02552,2.3916194999999996,-0.8053604999999999,0.38334000000000007
TEST_02553,3.041511499999999,-0.09066400000000001,0.40827100000000016
TEST_02554,2.1885835,0.129115,0.26909950000000005
TEST_02555,2.3752204999999993,0.3944945,-0.05818949999999999
TEST_02556,1.8324445,0.7829065,-0.29380700000000015
TEST_02557,1.8675489999999995,0.09767800000000004,0.4930395000000002
TEST_02558,2.2546505000000012,-0.5172209999999998,-0.8438199999999999
TEST_02559,4.9677495,-0.3901905,0.774001
TEST_02560,4.104189500000001,1.0755540000000003,0.159549
TEST_02561,4.3691335,0.8631934999999997,-0.7289609999999997
TEST_02562,3.4075320000000007,0.32332899999999987,0.12121899999999997
TEST_02563,3.755283499999999,-0.355991,0.6268610000000001
TEST_02564,2.805126000000001,0.5725870000000001,0.14697100000000002
TEST_02565,2.3423814999999992,0.2339624999999999,-0.9463880000000002
TEST_02566,1.0932815000000005,-0.6879345000000001,-0.38789050000000014
TEST_02567,4.786143500000001,0.11974000000000004,0.5730480000000002
TEST_02568,4.396948,1.0408839999999997,-0.7113705
TEST_02569,3.447548499999999,-0.4142239999999999,-0.5976109999999999
TEST_02570,2.437522499999999,-0.033535,0.12965499999999996
TEST_02571,1.3784200000000002,-0.1624915,0.05967399999999999
TEST_02572,2.667325999999999,0.7462785000000001,-0.9289774999999998
TEST_02573,3.0026095,-0.37761049999999996,0.553582
TEST_02574,2.5744685,-0.7133700000000001,1.0869950000000004
TEST_02575,0.9974325000000003,0.15763200000000008,-0.07237650000000001
TEST_02576,2.4413089999999995,-0.330372,0.6174965000000002
TEST_02577,3.6039035,2.116071,0.0685865
TEST_02578,5.6217775,0.12113850000000004,1.1601460000000003
TEST_02579,2.743385000000001,0.7366249999999999,-0.22432099999999994
TEST_02580,2.589767,-0.5751714999999998,-0.24445699999999998
TEST_02581,1.0470519999999999,-0.3450404999999999,-0.281195
TEST_02582,1.5623949999999998,0.48771700000000023,0.12214899999999998
TEST_02583,4.479439499999999,-0.5159229999999999,-0.7059949999999999
TEST_02584,3.809211500000001,0.08483449999999995,0.16896249999999996
TEST_02585,4.869573999999998,-1.7745199999999999,0.08155799999999999
TEST_02586,2.3988270000000007,-0.458851,0.3511955
TEST_02587,2.8411595,-0.44313,0.4051895000000001
TEST_02588,2.622315,-0.22638050000000004,0.19285849999999993
TEST_02589,2.1114555,-1.4120865,1.0603479999999998
TEST_02590,2.6957095000000004,-1.3652764999999993,-0.06948249999999997
TEST_02591,2.8477045000000003,0.03893050000000001,-0.608411
TEST_02592,2.135827999999999,0.7110989999999999,0.6177105
TEST_02593,1.5224060000000004,-0.44757000000000013,0.5231555000000001
TEST_02594,2.0833209999999998,0.3660479999999998,0.035561499999999996
TEST_02595,1.624999,-0.14222999999999997,-0.10544049999999999
TEST_02596,1.9023185,0.002411,-0.015260500000000014
TEST_02597,1.650343,-0.0672815,0.272961
TEST_02598,2.7371804999999996,-0.32234250000000014,0.22611650000000003
TEST_02599,5.927030500000001,1.3743335,0.8219835
TEST_02600,1.9604035000000004,0.6694574999999998,0.25070250000000005
TEST_02601,4.862137500000001,1.4307785,0.230815
TEST_02602,2.968399,0.8201885000000001,0.483716
TEST_02603,3.1162005,1.2398605000000003,0.8290800000000003
TEST_02604,2.5808875000000002,-0.3248370000000001,0.106603
TEST_02605,1.0639995000000002,-0.07184499999999999,-0.25840899999999994
TEST_02606,4.6574990000000005,0.18323850000000005,0.45347449999999984
TEST_02607,1.1327204999999998,0.5581254999999998,-0.3607999999999999
TEST_02608,3.0603089999999993,-1.0481859999999998,0.3161215
TEST_02609,4.288109499999999,-0.0102615,1.0140984999999998
TEST_02610,1.3417790000000005,-0.03562799999999999,-0.008355999999999999
TEST_02611,2.6115130000000004,-0.20393999999999993,-0.23242799999999997
TEST_02612,2.214514500000001,0.3556535000000001,-0.22287499999999996
TEST_02613,1.2560725000000001,0.3371409999999999,0.16270400000000007
TEST_02614,2.6472415,0.03606150000000001,-0.5829799999999998
TEST_02615,0.9646204999999999,0.45336849999999995,-0.05590800000000001
TEST_02616,2.3325375,-0.40054749999999995,-1.0076225000000005
TEST_02617,3.5016065000000007,-1.8789859999999998,0.9815674999999997
TEST_02618,4.2410035000000015,1.2009564999999998,0.9866664999999999
TEST_02619,1.6015705000000002,-0.18337749999999997,-0.5167814999999998
TEST_02620,2.0929034999999994,-0.7699800000000001,0.07815599999999999
TEST_02621,2.9020589999999995,-0.0542515,-0.3655920000000001
TEST_02622,1.9156305000000007,0.7190229999999997,-0.05131249999999999
TEST_02623,3.727525499999999,-0.3306705000000001,-0.2962229999999999
TEST_02624,4.062786500000001,0.24097949999999996,0.40664500000000003
TEST_02625,3.1887549999999996,-1.1568179999999997,-0.4979700000000002
TEST_02626,0.8857109999999999,0.0661715,-0.30407699999999993
TEST_02627,4.1752645,0.13876299999999997,0.24037500000000006
TEST_02628,1.6162684999999999,-0.7476555,0.37431699999999984
TEST_02629,3.9090415,0.663115,-0.08946350000000003
TEST_02630,4.060482000000002,-0.9067900000000002,-0.40354199999999996
TEST_02631,3.2660324999999997,-0.44092300000000006,0.7177289999999998
TEST_02632,1.5709685000000002,0.5819514999999997,0.43979150000000006
TEST_02633,2.0141009999999997,0.14995599999999992,0.5397919999999999
TEST_02634,2.7355645000000006,0.145563,-0.41793499999999995
TEST_02635,1.1405399999999997,0.36559350000000007,-0.06530549999999999
TEST_02636,4.621610500000001,-1.1297754999999996,1.0043694999999997
TEST_02637,1.1760674999999998,-0.29362550000000004,0.28540449999999995
TEST_02638,3.4169665,-1.5638884999999998,-0.836519
TEST_02639,5.3028200000000005,-0.5583505000000003,0.15562900000000007
TEST_02640,2.9794990000000006,0.24707049999999992,1.1133154999999995
TEST_02641,1.1213159999999995,-0.8822844999999998,0.16411299999999995
TEST_02642,2.2675409999999996,-0.567604,0.2784460000000001
TEST_02643,1.3274224999999995,0.5240994999999999,0.13917800000000002
TEST_02644,3.1231009999999992,-0.8142295,-0.8550060000000002
TEST_02645,2.236263,-1.0760605,-0.7819235000000002
TEST_02646,4.509620000000002,0.7204040000000002,0.19298649999999995
TEST_02647,1.9545215,0.652918,0.8225520000000002
TEST_02648,3.879279,2.0408240000000006,0.008822999999999996
TEST_02649,2.5162699999999996,0.121814,-0.035225000000000006
TEST_02650,1.9491709999999998,0.08309399999999999,0.5311049999999999
TEST_02651,2.7702184999999995,0.10005150000000002,-0.029331500000000003
TEST_02652,1.6269619999999994,-0.9284210000000002,-0.6099880000000002
TEST_02653,3.108368,-0.05360700000000002,-0.41166949999999997
TEST_02654,1.1150900000000004,-0.38065249999999995,-0.27347749999999993
TEST_02655,1.3722469999999998,0.4208425,0.19163250000000004
TEST_02656,2.9266045000000007,-1.0394405,0.7145114999999997
TEST_02657,2.7650734999999997,-0.8806389999999997,0.28147099999999997
TEST_02658,4.5824620000000005,-0.1352225,1.0009555000000003
TEST_02659,2.175852000000001,0.7604905000000001,0.24821300000000002
TEST_02660,1.6431925,0.041060000000000006,-0.6165435000000004
TEST_02661,3.468286500000001,0.1235405,0.8301025
TEST_02662,1.9226635,0.20661550000000006,0.0324805
TEST_02663,3.0980230000000004,-1.026068,1.1044940000000003
TEST_02664,1.925039,-0.3644379999999998,-0.34671450000000004
TEST_02665,5.3609025,1.2945669999999996,0.461874
TEST_02666,2.9009345,-0.2917449999999999,-0.34550100000000006
TEST_02667,3.3353225,0.3889795,0.19295049999999997
TEST_02668,3.333263,0.044523,-0.26923200000000014
TEST_02669,3.739849499999999,0.2909274999999999,0.5217089999999999
TEST_02670,4.292039499999998,0.7079374999999999,-0.8378809999999998
TEST_02671,2.6873530000000008,-0.10948599999999999,0.0017425000000000027
TEST_02672,2.3298624999999995,-0.13586000000000004,0.5298744999999998
TEST_02673,1.9377954999999996,-0.6864304999999999,0.050308000000000005
TEST_02674,1.7818625000000006,-0.11414650000000007,0.2823509999999999
TEST_02675,2.5017174999999994,-0.5197989999999997,0.46708000000000005
TEST_02676,3.0249615,1.0308875000000002,0.3284505000000001
TEST_02677,2.134100500000001,-0.2269255,0.3228029999999999
TEST_02678,1.2567255,0.13923049999999998,-0.0859405
TEST_02679,3.1013705,1.7306500000000002,0.9659400000000001
TEST_02680,2.2789769999999994,-0.9924364999999999,0.16727200000000003
TEST_02681,1.5460889999999998,-1.4565954999999997,-0.3498445
TEST_02682,1.4699900000000001,0.6200405000000001,-0.6663104999999999
TEST_02683,1.1699419999999998,0.06164549999999999,0.15275750000000002
TEST_02684,2.4546140000000003,1.3699935,-0.6134084999999998
TEST_02685,2.180712,0.3476895000000001,-0.45138350000000005
TEST_02686,1.9614505,0.7637825000000003,0.381974
TEST_02687,4.217706999999999,-0.4890884999999998,0.17970900000000006
TEST_02688,4.818915500000001,-0.6281475000000001,1.1590449999999999
TEST_02689,3.7877544999999997,-0.1620025,-0.6679940000000002
TEST_02690,1.4075265,0.330078,-0.4167245000000001
TEST_02691,2.0272974999999995,0.3212280000000001,0.40710450000000004
TEST_02692,2.188563999999999,-0.6807985000000001,0.7031085
TEST_02693,2.4146970000000003,-0.182365,0.28872749999999997
TEST_02694,2.3863220000000007,0.8579539999999999,0.7054625
TEST_02695,2.9623430000000006,0.004626499999999999,-0.0421125
TEST_02696,2.8648160000000003,0.7658394999999998,1.1045385000000003
TEST_02697,2.3143995000000004,-0.441534,1.0368910000000002
TEST_02698,1.3296835000000002,1.0359485,-0.6950955000000001
TEST_02699,3.7674945000000006,-1.3820970000000004,1.2046795000000003
TEST_02700,2.1885624999999997,-0.2829319999999999,0.8133214999999998
TEST_02701,2.127954000000001,0.18489100000000003,0.6373844999999998
TEST_02702,1.3249415,0.23103450000000003,0.101218
TEST_02703,3.2262315,-0.6972739999999997,-0.031506
TEST_02704,2.5776505000000007,-0.20762899999999995,-0.2784910000000001
TEST_02705,3.3475845,-1.0835464999999997,-0.8515339999999999
TEST_02706,1.2842655,0.1781585,-0.3019385
TEST_02707,2.111148000000001,-0.1811605,-0.6093854999999999
TEST_02708,2.2570724999999987,0.9893170000000001,0.301636
TEST_02709,3.241997499999999,1.8526585,0.8262019999999999
TEST_02710,1.534361,-0.5202574999999999,-0.4349915
TEST_02711,1.9284735000000002,0.9782049999999999,-0.4117815
TEST_02712,1.2336335,-0.19696700000000006,0.072875
TEST_02713,3.7782885,1.2362315,-1.0423505000000006
TEST_02714,1.2261140000000004,0.13066350000000002,-0.00045000000000000075
TEST_02715,1.7527025000000003,-0.15432700000000005,-0.039341499999999995
TEST_02716,4.094714000000001,1.297824,0.4098154999999999
TEST_02717,3.185762500000001,-0.8127415000000002,-0.5155399999999999
TEST_02718,3.4974985,-1.7871774999999999,-0.2659079999999999
TEST_02719,3.5755464999999997,-0.30291350000000006,-1.4950439999999996
TEST_02720,2.4884560000000002,-0.8696235,-0.4933434999999998
TEST_02721,5.304105999999998,0.6759704999999998,0.7040470000000003
TEST_02722,2.2407769999999996,1.1667290000000001,1.0623669999999998
TEST_02723,3.1965715,-0.7143165000000002,0.52853
TEST_02724,2.6973195000000003,0.42566200000000004,-0.27551
TEST_02725,1.590047,-0.5378459999999999,-0.014006999999999995
TEST_02726,2.0672695,0.3327054999999999,0.5288979999999998
TEST_02727,1.4642675000000005,-0.5123129999999998,0.38562749999999996
TEST_02728,5.643418499999998,0.6957235,-0.20893550000000008
TEST_02729,2.3550195,-0.2259080000000001,0.5300080000000003
TEST_02730,2.8927120000000004,-0.45341049999999994,0.4057385
TEST_02731,0.96525,-0.2202685000000001,-0.10658600000000004
TEST_02732,4.84604,-1.1798684999999998,0.9403815000000002
TEST_02733,2.5158144999999994,0.17367099999999996,-0.012989499999999994
TEST_02734,3.084545,-0.3556275000000001,-1.0460685
TEST_02735,2.4766939999999997,-0.19983649999999994,-0.014731000000000008
TEST_02736,1.3031910000000002,-0.17322900000000005,0.4553404999999999
TEST_02737,2.6630059999999993,-0.700442,-0.09926500000000002
TEST_02738,1.2941245000000001,-0.7293724999999998,0.2480969999999999
TEST_02739,1.715843,-0.9024209999999998,0.10005200000000002
TEST_02740,1.3983930000000007,-0.349294,-0.5879664999999998
TEST_02741,1.2148005000000004,-0.12408399999999997,-0.2822589999999999
TEST_02742,1.2705160000000006,0.44821999999999995,-0.19018949999999996
TEST_02743,3.8670139999999993,0.11921599999999999,-0.46523350000000024
TEST_02744,1.3398115000000004,-0.37902649999999993,-0.3583885
TEST_02745,4.212787500000001,0.805434,0.10418949999999998
TEST_02746,2.063202,0.44498950000000015,0.5123145
TEST_02747,3.6905270000000003,-0.41755549999999997,0.6853309999999999
TEST_02748,1.8906815000000001,-0.009625499999999999,0.08478549999999999
TEST_02749,4.534452999999998,0.7047414999999999,0.8763745000000001
TEST_02750,3.127845999999999,1.1844085000000004,-0.37446400000000013
TEST_02751,1.4712804999999998,-0.7298104999999999,-0.09581599999999998
TEST_02752,0.800715,0.032416,-0.125544
TEST_02753,1.9065325,-0.43811,-0.0068809999999999705
TEST_02754,3.5740869999999996,0.431129,-0.9848469999999998
TEST_02755,1.9696445,-0.8302395,-0.21188549999999995
TEST_02756,4.0001585,-1.2426885,-0.34026299999999987
TEST_02757,1.5238379999999996,-0.20572700000000005,0.08320450000000001
TEST_02758,2.1221384999999997,0.43082750000000003,-0.6630590000000001
TEST_02759,2.470375999999999,-1.1683875000000001,-0.8839794999999999
TEST_02760,2.597632000000001,1.4406004999999995,0.5563575000000002
TEST_02761,3.7671665,1.7100930000000005,0.8659140000000001
TEST_02762,1.5443665000000006,-0.8623794999999999,0.7330475000000001
TEST_02763,2.0343165,-0.06971399999999997,0.5630025
TEST_02764,2.9388385,0.936069,0.11077749999999996
TEST_02765,1.8024289999999996,0.19444400000000006,-0.5372085
TEST_02766,4.097210999999999,0.7662280000000004,0.167503
TEST_02767,1.6925235000000003,0.19075549999999997,0.26143750000000004
TEST_02768,2.7711805000000007,-0.07694500000000001,-0.16919349999999994
TEST_02769,2.570054999999999,-0.031232000000000003,0.012464999999999997
TEST_02770,2.017986,-0.5478560000000001,0.28262899999999996
TEST_02771,1.9907199999999996,0.10796549999999996,0.26404700000000014
TEST_02772,4.9573085,0.009097500000000012,0.973678
TEST_02773,2.5926224999999996,-0.19175350000000005,0.20607049999999993
TEST_02774,3.1617035000000007,-0.9197844999999998,-0.7640804999999999
TEST_02775,1.8236450000000002,-0.2623424999999999,0.0547065
TEST_02776,1.501656,-0.257854,0.3833024999999999
TEST_02777,3.7332540000000005,1.9026515000000002,1.8283294999999997
TEST_02778,1.7319665,-0.12586999999999998,0.5653225
TEST_02779,4.338122,-0.3957915,-0.20376699999999995
TEST_02780,2.6484035000000006,0.5585320000000003,-0.8966745
TEST_02781,2.816248999999999,-0.36206649999999996,-0.5916879999999999
TEST_02782,1.266359,0.211136,-0.04258700000000002
TEST_02783,3.2425524999999995,-0.5978850000000002,-0.2977899999999999
TEST_02784,4.204679499999999,-0.8060555000000003,-0.57189
TEST_02785,5.386865500000002,-0.14681500000000003,0.6351459999999999
TEST_02786,2.7410955,-0.07773999999999998,-0.054997000000000004
TEST_02787,1.163221,0.024367999999999997,0.2217705
TEST_02788,2.199944999999999,0.4623544999999999,-0.088815
TEST_02789,4.403762000000001,1.5856205,-0.331338
TEST_02790,5.050705500000001,-0.4846560000000001,0.6065880000000001
TEST_02791,1.9194125000000004,0.13065200000000005,0.19583450000000002
TEST_02792,1.3421429999999999,0.22825499999999993,0.3405135
TEST_02793,2.118542,-0.18591499999999997,0.2585149999999999
TEST_02794,2.5366580000000005,-0.3212590000000002,0.3969120000000001
TEST_02795,2.0000155,0.336433,0.309377
TEST_02796,3.2721125000000004,-0.5352309999999999,0.07320150000000002
TEST_02797,1.8014034999999997,-0.850995,0.06289250000000002
TEST_02798,1.8256929999999998,-1.0871555000000006,-0.8507734999999997
TEST_02799,3.3166024999999992,1.0012590000000006,-0.7904575
TEST_02800,3.308757,0.5022905000000001,0.033607
TEST_02801,1.5599384999999995,-0.134826,-0.15170550000000002
TEST_02802,3.2707854999999997,-1.7337875000000005,1.2469330000000007
TEST_02803,1.0979745,-0.6130015,0.376541
TEST_02804,2.9280290000000004,-0.8236724999999998,0.14014649999999998
TEST_02805,2.708691,0.07736349999999997,-0.19641400000000003
TEST_02806,5.023548999999998,-0.137443,0.341117
TEST_02807,3.5673505,0.0138145,-0.7834494999999998
TEST_02808,4.911786500000001,0.27334400000000003,-0.0562435
TEST_02809,2.490686499999999,0.2539239999999999,-0.231991
TEST_02810,3.4698119999999992,0.5531430000000002,1.1604049999999997
TEST_02811,1.9512305,0.42674250000000014,0.3944505
TEST_02812,2.4107935,-0.15150899999999995,-0.3863930000000001
TEST_02813,1.9518334999999998,0.11065849999999999,0.13741699999999996
TEST_02814,2.1959939999999993,-0.40188500000000005,-0.4117235
TEST_02815,3.0485289999999994,0.160843,0.362182
TEST_02816,2.687461500000001,0.10118800000000001,1.3601785
TEST_02817,3.653024,-1.873614,0.12823999999999997
TEST_02818,3.4855470000000004,-0.3000415,0.8935454999999999
TEST_02819,1.7752165000000002,-0.5512169999999998,-0.07812699999999997
TEST_02820,2.851527999999999,0.5776265,-0.11857450000000003
TEST_02821,2.58094,0.13041600000000003,-0.48211750000000003
TEST_02822,1.572758,0.37029499999999993,-0.4589719999999998
TEST_02823,1.9908095000000001,-0.566607,0.7450574999999998
TEST_02824,1.8368670000000005,0.039353000000000006,-0.7485120000000001
TEST_02825,3.704193999999999,-0.10196500000000003,0.4670130000000001
TEST_02826,2.6503529999999995,0.23692450000000012,-0.10504250000000001
TEST_02827,2.234853,-0.400991,0.39275600000000005
TEST_02828,2.9000795000000004,-0.18133599999999994,0.4541584999999999
TEST_02829,4.587635500000001,1.1307345,0.9137009999999998
TEST_02830,1.8318489999999996,1.247056,0.559862
TEST_02831,3.1011614999999995,0.882532,-0.45631449999999996
TEST_02832,1.2490420000000002,-0.3384545,-0.17217149999999998
TEST_02833,3.5415725000000005,1.249266,1.2785145000000002
TEST_02834,2.9505955000000004,0.1826755,-0.1620145000000001
TEST_02835,2.4415039999999997,0.4539939999999999,-0.0003955000000000035
TEST_02836,2.2257824999999998,-0.17367500000000002,-0.44424299999999994
TEST_02837,2.1945974999999995,0.2752899999999999,0.7501555
TEST_02838,1.3865034999999999,0.228489,-0.40409400000000006
TEST_02839,3.665432000000001,1.2904920000000004,-1.0484840000000002
TEST_02840,3.425705,-0.9167430000000001,-0.012109000000000002
TEST_02841,4.522180000000002,1.2700975000000003,1.470882
TEST_02842,3.508781,-0.6990175000000001,0.868903
TEST_02843,3.4000319999999986,1.8660199999999998,-0.7868754999999998
TEST_02844,3.3954439999999995,-0.17284700000000003,-0.2964920000000001
TEST_02845,1.6780084999999998,0.7725654999999998,-0.360005
TEST_02846,4.562196499999999,0.9539869999999999,-0.5722209999999998
TEST_02847,2.620735999999999,-0.16513500000000006,0.0083695
TEST_02848,1.4170919999999998,-1.288195,0.027453
TEST_02849,3.7237634999999996,0.1831685,0.7029139999999998
TEST_02850,2.1770134999999993,0.32079150000000006,0.3338780000000001
TEST_02851,4.131693499999999,0.19241350000000002,0.9729720000000001
TEST_02852,3.861503000000001,-0.687327,1.0224069999999998
TEST_02853,1.0281390000000001,-0.3214754999999999,0.22818699999999997
TEST_02854,0.9828945000000003,-0.7647710000000001,0.14235350000000005
TEST_02855,1.7958764999999999,0.07787600000000001,-0.3469405000000001
TEST_02856,1.6298629999999998,-0.053088499999999976,0.4556705
TEST_02857,2.3035650000000008,0.456158,0.481445
TEST_02858,2.070894,-1.0329355,0.5283630000000001
TEST_02859,3.9366674999999995,0.8839675000000002,-0.5534319999999997
TEST_02860,0.7056915,-0.39544450000000014,0.360861
TEST_02861,2.899437500000001,0.14281499999999997,0.4153605000000001
TEST_02862,1.9379290000000002,-0.1541215,0.15525599999999998
TEST_02863,3.5462975000000005,-0.5254435,0.9249985000000001
TEST_02864,4.0735695,0.6094975,0.8299115000000001
TEST_02865,3.4369544999999997,-0.21349600000000002,-0.3426235000000001
TEST_02866,2.6639169999999996,-0.25407300000000005,0.46996550000000004
TEST_02867,3.1698370000000002,0.032924499999999995,-0.9766610000000002
TEST_02868,3.0547839999999997,-0.15325800000000003,0.06998950000000004
TEST_02869,1.670227,-0.23640250000000015,0.8554440000000001
TEST_02870,4.590923499999999,-0.0575165,0.750926
TEST_02871,0.9800359999999998,-0.690258,-0.21564700000000003
TEST_02872,2.9715515000000003,1.193844,-0.773356
TEST_02873,2.4011199999999997,0.44619850000000005,0.22711549999999994
TEST_02874,2.4009525000000007,-0.24048850000000005,-0.024026500000000003
TEST_02875,0.8817529999999999,0.11277299999999998,0.2749525
TEST_02876,1.5029930000000005,0.4355510000000001,0.44060599999999994
TEST_02877,3.0994605,-1.3916835000000003,0.5847354999999997
TEST_02878,1.8468384999999996,0.029647,-0.49744149999999987
TEST_02879,2.460684,1.2425305000000004,0.4111379999999999
TEST_02880,2.810288,1.4859520000000002,-0.7405725000000001
TEST_02881,4.899298000000002,-1.8291410000000003,0.39032750000000016
TEST_02882,4.042000500000001,0.0939305,-0.7066229999999998
TEST_02883,2.3085454999999997,0.2392255,0.1308205
TEST_02884,2.6028045000000004,0.1260845,0.2968065000000001
TEST_02885,2.0826090000000006,0.23182499999999995,0.35040550000000004
TEST_02886,2.9098940000000004,-1.0423590000000003,-0.6919679999999998
TEST_02887,4.283457999999999,-0.028957500000000004,-0.6780099999999998
TEST_02888,5.8494585,-0.10209649999999998,0.9250794999999999
TEST_02889,3.857255500000001,0.45030450000000005,0.09314099999999999
TEST_02890,3.2249485,0.23852949999999998,-0.09749999999999999
TEST_02891,1.493261,-0.011155000000000012,0.024846499999999987
TEST_02892,2.4161474999999992,0.8766694999999999,0.8699144999999999
TEST_02893,2.8437140000000003,-0.2479785,0.09527600000000003
TEST_02894,1.9884069999999998,0.015764500000000004,0.065392
TEST_02895,1.7291260000000004,-0.3276834999999999,-0.19504299999999997
TEST_02896,2.4584160000000015,-0.546891,1.0519410000000002
TEST_02897,3.0524869999999993,0.7421174999999999,-0.17412550000000013
TEST_02898,4.448221000000002,-0.5424780000000002,-0.176747
TEST_02899,3.3284825,-0.4472785,-0.0561015
TEST_02900,2.8515305,0.5224835000000002,0.30456499999999986
TEST_02901,3.6597714999999997,-0.427183,0.0399655
TEST_02902,1.4723450000000002,-0.370149,0.2916695
TEST_02903,1.0740795000000007,-0.3003594999999999,0.23698149999999998
TEST_02904,1.882273,-0.3138655,-0.2703039999999999
TEST_02905,1.5737900000000005,-0.03710600000000002,0.9158130000000001
TEST_02906,2.431116499999999,-0.17889449999999996,0.33777349999999995
TEST_02907,4.500962500000003,-0.039037999999999996,0.6427455000000001
TEST_02908,2.6057749999999995,-0.1629905,0.105957
TEST_02909,4.0498075,0.34407549999999987,0.4585425000000001
TEST_02910,3.5828939999999996,1.7979679999999996,-0.15227750000000007
TEST_02911,1.6593994999999997,0.4650559999999999,-0.2127655
TEST_02912,3.8125035000000005,-1.577381,1.8303815000000003
TEST_02913,2.839533999999999,0.2498605000000001,0.5932400000000001
TEST_02914,2.4536039999999995,0.15456800000000004,0.037101999999999996
TEST_02915,1.8953570000000002,-0.10927250000000002,-0.4091960000000001
TEST_02916,3.7219374999999992,-1.0934054999999998,-0.04465849999999999
TEST_02917,2.742605499999999,-1.4738615000000004,0.6073559999999999
TEST_02918,2.9072240000000007,-0.5592460000000002,-0.7511669999999999
TEST_02919,4.371688499999999,1.415949,1.8126490000000004
TEST_02920,4.235765000000001,-1.4289614999999998,0.8049384999999998
TEST_02921,4.610134499999999,0.20633450000000014,0.3186465
TEST_02922,2.3535744999999997,1.710939,0.3303790000000001
TEST_02923,3.590066000000001,0.3071204999999999,0.10374599999999998
TEST_02924,1.4332859999999998,-0.030089000000000032,0.4925760000000001
TEST_02925,1.1121905000000005,0.23840850000000008,0.0723945
TEST_02926,2.2537025,-0.8418999999999999,-0.30297300000000016
TEST_02927,4.913434499999999,-1.154441,0.22471349999999998
TEST_02928,1.5299129999999994,0.25966100000000003,-0.29287300000000005
TEST_02929,3.7178689999999994,-0.13276600000000002,-0.44613450000000016
TEST_02930,2.1860595000000007,-0.009353999999999994,0.14940650000000003
TEST_02931,1.8321715000000003,-0.336328,-0.14808300000000005
TEST_02932,1.6002629999999998,-0.12206549999999995,-0.0235385
TEST_02933,2.6950150000000006,-0.17978449999999993,0.26264849999999995
TEST_02934,3.416341000000001,1.5361280000000002,1.2921835000000004
TEST_02935,0.7933315000000001,0.024485500000000042,-0.27365500000000004
TEST_02936,2.0102014999999995,0.993357,0.24598400000000004
TEST_02937,1.4737155000000004,-0.5467139999999998,0.11445599999999999
TEST_02938,4.0364889999999995,-0.2011925,1.0903970000000003
TEST_02939,3.1295224999999993,-1.4433165,1.0789660000000003
TEST_02940,2.4727464999999995,0.194818,-0.04785349999999998
TEST_02941,2.290662,-0.2627045,0.11265750000000002
TEST_02942,2.253246000000001,-0.7590924999999998,-0.7924944999999998
TEST_02943,3.9848425000000014,0.642439,-0.9319715
TEST_02944,0.9677640000000001,0.327162,-0.204961
TEST_02945,4.949738499999999,1.440102,-0.8636865000000001
TEST_02946,2.5475209999999997,0.19522949999999994,-0.03979250000000001
TEST_02947,1.9964005,0.323914,0.36105300000000007
TEST_02948,1.7072764999999994,-0.6127135000000002,0.23991850000000003
TEST_02949,3.5260745,-0.6330395,0.8269884999999999
TEST_02950,0.9647724999999998,0.38146100000000005,0.2694959999999999
TEST_02951,2.325846500000001,0.4408405000000001,-0.247072
TEST_02952,2.5689905,0.35554699999999995,-0.06406899999999997
TEST_02953,4.06411,1.4068035,0.7639834999999999
TEST_02954,1.5431540000000004,0.24019800000000002,-0.056244500000000024
TEST_02955,2.3869165000000008,-1.034321,0.076213
TEST_02956,3.7013455000000004,1.1743570000000005,0.8615945
TEST_02957,2.7543694999999992,0.9279145000000001,0.2752815000000001
TEST_02958,1.2795559999999997,0.49086550000000007,0.20112150000000004
TEST_02959,5.329211999999999,-0.5069480000000002,-0.3875195
TEST_02960,3.9691530000000013,1.4563820000000005,-1.1530955000000005
TEST_02961,2.8654669999999998,1.105457,0.2085665
TEST_02962,1.9424895,-1.0962574999999997,-0.6574989999999998
TEST_02963,3.6816199999999997,1.2511715000000003,0.8704784999999997
TEST_02964,3.3963354999999997,1.0044800000000005,-0.058749999999999976
TEST_02965,2.6421455000000007,-0.7128020000000002,0.5762260000000001
TEST_02966,4.325380000000001,0.4041485,0.003077999999999999
TEST_02967,2.2862795,-1.0725935,0.5311230000000002
TEST_02968,3.509425,-2.070298,0.5260204999999998
TEST_02969,1.8907695,-0.466469,0.09359800000000001
TEST_02970,2.9956715000000003,-0.10221650000000003,1.0710795000000002
TEST_02971,0.9193440000000004,0.15762550000000003,-0.2867389999999999
TEST_02972,1.6846824999999999,-0.585232,-0.8116460000000001
TEST_02973,1.5437149999999997,0.2251415,-0.03214699999999998
TEST_02974,2.8838170000000005,0.10250099999999997,0.27518099999999995
TEST_02975,2.6955249999999995,-0.4352735,-0.564352
TEST_02976,1.001634,-0.7965505,0.35400650000000006
TEST_02977,3.1983149999999996,0.5798175000000001,-0.6298535000000001
TEST_02978,2.3133215000000003,-1.0594119999999998,0.11377450000000001
TEST_02979,1.6230974999999994,0.2765214999999999,0.013447000000000004
TEST_02980,1.5403099999999994,0.36484600000000006,0.032317500000000006
TEST_02981,2.465066499999999,0.12214000000000003,0.447125
TEST_02982,1.5207080000000002,0.5292315000000001,-0.012315500000000004
TEST_02983,3.106077499999999,0.5531710000000002,-0.1219805
TEST_02984,3.405005,-0.11517300000000003,0.23355550000000005
TEST_02985,3.7326769999999994,-0.5849139999999998,-0.3962005000000002
TEST_02986,2.9367545,0.5589074999999999,-0.18611699999999992
TEST_02987,3.9115875000000004,-0.3845384999999999,-1.1368809999999998
TEST_02988,1.5975519999999999,0.340838,0.22012000000000004
TEST_02989,4.462789,0.07484699999999997,-0.9240495
TEST_02990,2.3943735000000004,-0.6565209999999998,1.0274374999999998
TEST_02991,2.6384485,-0.305616,0.029309499999999995
TEST_02992,2.9386064999999997,0.910072,0.42862749999999994
TEST_02993,2.3117694999999996,-0.5940559999999999,0.4977985
TEST_02994,1.5837675,-0.5438274999999999,0.28772300000000006
TEST_02995,2.073755499999999,-0.34266399999999997,-0.40003500000000003
TEST_02996,4.406493000000003,-1.3332070000000003,-0.7751184999999998
TEST_02997,3.0406169999999992,1.9631960000000008,1.0397049999999997
TEST_02998,1.548819,-0.9053515,0.14277049999999997
TEST_02999,3.4002600000000003,-0.3460875,-1.4210570000000002
TEST_03000,3.9362395,0.32660100000000014,0.4659110000000001
TEST_03001,3.1877375,1.36004,0.2844875
TEST_03002,1.8287514999999996,-1.2571584999999996,-0.7388434999999999
TEST_03003,4.192223499999999,-0.544302,1.3489154999999995
TEST_03004,3.1765395000000005,0.8982749999999997,-0.7733849999999999
TEST_03005,1.3397575000000002,0.4732760000000001,-0.05078500000000001
TEST_03006,4.919819499999999,0.4255835,-0.3179535000000001
TEST_03007,4.3505555000000005,-1.4928545,1.2001584999999997
TEST_03008,4.0412095,1.470539,-0.46524450000000006
TEST_03009,4.323847000000001,0.1846215,-1.0072420000000002
TEST_03010,2.669947999999999,0.016383,0.19864699999999996
TEST_03011,1.697067,-0.42505950000000015,0.2913220000000001
TEST_03012,2.9003665000000005,-0.0014399999999999986,-1.2055565000000006
TEST_03013,1.2286929999999998,-0.051207499999999996,0.0559305
TEST_03014,3.1025650000000007,-0.056989,0.1942615
TEST_03015,1.4277970000000004,-0.019325999999999982,0.038472000000000006
TEST_03016,2.5111365,-0.04681550000000001,-0.8836399999999998
TEST_03017,3.6638740000000007,-0.5670300000000001,1.1312895000000003
TEST_03018,2.3552364999999997,-0.4212610000000001,1.223719
TEST_03019,2.3684125000000007,-0.06542300000000002,0.7358319999999999
TEST_03020,1.1127855000000006,-0.5670034999999998,0.07770550000000001
TEST_03021,2.1481615000000005,-0.62453,-0.256219
TEST_03022,1.3096714999999994,-0.32312399999999986,0.1153025
TEST_03023,1.3597064999999997,-0.221634,0.4482375
TEST_03024,3.348109500000001,-0.39541000000000004,1.2365
TEST_03025,3.6734300000000006,-1.2571364999999997,0.7904065
TEST_03026,3.1684095,0.0898225,0.376763
TEST_03027,2.7118320000000002,0.04494500000000001,-0.07169449999999998
TEST_03028,1.9526595,-0.2719305000000001,0.190092
TEST_03029,3.353509,-0.7458750000000001,0.9757639999999999
TEST_03030,0.9080814999999999,-0.48213049999999985,0.25097
TEST_03031,2.673265999999999,0.7724854999999999,0.5522739999999999
TEST_03032,1.9697120000000001,0.12129750000000002,-0.03193549999999999
TEST_03033,2.7450814999999995,0.2059934999999999,0.080179
TEST_03034,1.5624930000000001,0.06902799999999998,-0.052591000000000006
TEST_03035,2.043438000000001,0.6850125,0.03841799999999999
TEST_03036,2.152361999999999,-0.2618909999999999,0.6274750000000001
TEST_03037,3.577724,0.9993004999999999,-0.23263549999999994
TEST_03038,1.3683779999999999,-0.005241500000000001,-0.2780120000000001
TEST_03039,5.229524,-0.9192435,1.7438634999999996
TEST_03040,4.629801499999999,0.3067494999999999,0.13338500000000003
TEST_03041,4.433043000000002,-0.7078814999999998,-0.009443
TEST_03042,3.8619934999999987,0.10840650000000002,0.2014515
TEST_03043,2.8280670000000003,-0.7206209999999997,1.0718429999999997
TEST_03044,2.70669,-0.5581220000000001,0.8177015
TEST_03045,1.1245310000000002,0.5959154999999998,-0.1843225
TEST_03046,1.3665005000000001,0.42294050000000005,0.2645494999999998
TEST_03047,1.8491020000000002,-0.7436335000000002,0.11644650000000001
TEST_03048,4.9457005,2.1052089999999994,1.0332845000000002
TEST_03049,1.7483695,-0.5189849999999998,-0.026330000000000003
TEST_03050,2.6550325000000012,-0.4387154999999999,-0.9411574999999999
TEST_03051,1.9422709999999999,0.366315,-0.3288190000000001
TEST_03052,3.5441749999999996,0.016548500000000004,0.9773265
TEST_03053,2.6265074999999998,-0.6484445,0.6510364999999998
TEST_03054,2.0434235,1.0609569999999995,0.40800099999999995
TEST_03055,1.6727879999999997,-0.23930850000000006,0.11856550000000002
TEST_03056,2.307106,0.8402540000000001,-0.7822625
TEST_03057,2.595987,0.5188965000000001,0.6592589999999998
TEST_03058,2.9550895,-0.7435775000000001,-1.0025519999999997
TEST_03059,4.2939525,0.7041725000000002,-0.054014999999999994
TEST_03060,2.5436184999999996,-0.35489849999999995,0.643912
TEST_03061,0.7847119999999999,0.10594800000000004,0.2667525
TEST_03062,1.7936369999999995,0.957527,-0.3218125
TEST_03063,3.234103,0.36495700000000003,1.1441629999999994
TEST_03064,3.1527914999999993,-0.34364949999999994,-0.23197849999999992
TEST_03065,4.3254864999999985,0.41651250000000006,1.7318535000000004
TEST_03066,3.2618769999999992,-0.36803650000000004,-0.10589200000000001
TEST_03067,2.6336799999999987,0.7028929999999999,-0.5670564999999999
TEST_03068,1.5321140000000004,-0.5091175000000001,0.43282199999999993
TEST_03069,3.3464424999999993,0.9429124999999999,1.103967
TEST_03070,2.318026999999999,1.6942185000000003,-0.6099695000000003
TEST_03071,1.2423064999999998,-0.23091199999999995,0.3313050000000002
TEST_03072,2.182763499999999,1.307617,0.7133775
TEST_03073,3.088296499999999,-1.2330884999999998,1.2448720000000004
TEST_03074,3.046900000000001,0.08832999999999999,0.8696269999999999
TEST_03075,1.3412184999999996,-0.15153250000000001,-0.21709650000000003
TEST_03076,1.5217169999999993,-0.12171200000000006,0.04310450000000001
TEST_03077,2.1481235,-0.26770150000000004,0.43259500000000006
TEST_03078,3.6292799999999996,-1.0960534999999996,0.5874905
TEST_03079,4.980210000000001,-1.6394875,-0.618041
TEST_03080,4.824979499999999,1.0399490000000005,-0.6328514999999999
TEST_03081,3.9434344999999995,1.6667939999999999,1.368264
TEST_03082,1.2575414999999999,0.16514800000000002,-0.03584999999999999
TEST_03083,3.7727505,-1.6641380000000003,0.3305465000000001
TEST_03084,2.3126895000000007,0.7208165,-0.20417050000000003
TEST_03085,1.0107905,0.18647600000000003,-0.33716999999999997
TEST_03086,3.0116824999999996,0.6488720000000001,0.24713200000000002
TEST_03087,3.5819715000000003,-0.5125209999999998,0.6657644999999999
TEST_03088,1.133734,-0.7776609999999997,-0.30024000000000006
TEST_03089,4.167976999999999,-0.13912849999999996,-0.20246750000000002
TEST_03090,1.7834400000000001,0.43934749999999995,-0.5485779999999998
TEST_03091,4.325990499999999,-0.289477,0.3321484999999999
TEST_03092,4.8033705,1.3265615000000004,-0.5640204999999998
TEST_03093,2.163108499999999,0.39757249999999994,-0.13243949999999993
TEST_03094,1.8317935,-0.6306109999999998,-0.3020005
TEST_03095,2.500222999999999,-0.2860530000000001,0.15359699999999996
TEST_03096,0.9966144999999998,-0.27562500000000006,0.32582399999999995
TEST_03097,2.9872874999999994,-1.128755,0.7477189999999999
TEST_03098,3.8536529999999996,-0.16236749999999994,0.236558
TEST_03099,3.7568210000000013,0.2586235,0.6763030000000002
TEST_03100,2.165017999999999,0.43319899999999995,1.0216355
TEST_03101,1.4755605,0.31613500000000005,0.34233600000000003
TEST_03102,1.9051995000000006,-0.07108750000000003,0.2090084999999999
TEST_03103,1.9894310000000008,-0.043328,0.384484
TEST_03104,2.4915835,-0.11272599999999997,0.5613624999999998
TEST_03105,1.6176779999999997,0.08925150000000003,0.2218885
TEST_03106,1.8567200000000001,-0.087602,-0.44766349999999994
TEST_03107,3.6037670000000004,0.04182750000000002,0.558719
TEST_03108,2.874702,0.049280500000000005,-0.48449949999999975
TEST_03109,1.6440809999999995,-0.23544300000000004,-0.16409449999999998
TEST_03110,4.520017,-0.39166799999999985,-0.2462920000000001
TEST_03111,1.6461875000000001,-0.6894529999999999,0.2547695
TEST_03112,1.4608354999999995,0.7831525000000001,0.23457049999999996
TEST_03113,2.490139000000001,-0.9423375,0.085136
TEST_03114,1.7896509999999997,0.10003900000000002,0.10256499999999996
TEST_03115,0.8690980000000001,-0.20105800000000001,0.2710830000000001
TEST_03116,2.1821829999999998,0.9927795,-0.47312350000000003
TEST_03117,2.9300704999999994,-0.23851250000000002,0.0323245
TEST_03118,3.200783999999999,0.36086299999999993,1.2936409999999996
TEST_03119,4.726607000000001,0.9927819999999998,2.0463319999999996
TEST_03120,1.4530084999999997,-0.05157700000000001,-0.2377665
TEST_03121,2.7075905000000002,0.981182,0.457336
TEST_03122,1.5128145000000002,-0.4779779999999997,-0.740803
TEST_03123,2.4643420000000007,-2.2410369999999986,-1.1659245
TEST_03124,1.5272734999999997,-0.11379750000000002,-0.034506000000000016
TEST_03125,2.73154,1.028677,0.5832755000000003
TEST_03126,4.305340999999999,0.09621450000000004,-0.5830299999999999
TEST_03127,3.01994,-0.47919350000000005,-0.8432949999999999
TEST_03128,4.612983999999999,-1.043246,1.052182
TEST_03129,2.7921735,0.5177839999999998,-0.3437760000000001
TEST_03130,1.7881870000000002,-0.44959149999999976,0.35286549999999994
TEST_03131,4.356688,-0.5844480000000001,-1.0522185
TEST_03132,1.2798409999999996,0.5678880000000001,-0.2756734999999999
TEST_03133,3.3901960000000013,0.34798850000000003,-0.47239299999999995
TEST_03134,2.576182,1.3075600000000005,1.1397660000000003
TEST_03135,2.161601000000001,1.0314895000000002,0.44456799999999996
TEST_03136,1.9823799999999996,-0.5568654999999999,-1.005061
TEST_03137,1.62698,-0.10739150000000001,0.21932699999999997
TEST_03138,2.262098,0.6957935,1.251815
TEST_03139,1.4477745000000002,0.14164,0.15621500000000005
TEST_03140,2.998313,-0.20703150000000003,-0.503339
TEST_03141,3.2787645000000003,-0.11124899999999995,0.41614399999999996
TEST_03142,1.3419785,0.39417349999999995,0.013338
TEST_03143,3.078277500000001,-0.9942824999999996,0.5305135
TEST_03144,3.6227444999999996,-0.007613999999999994,0.5789104999999999
TEST_03145,5.206805500000002,0.7378455,0.3042014999999999
TEST_03146,2.7198,0.18018949999999995,0.7081355000000003
TEST_03147,4.370439,-0.5679294999999999,0.9629460000000001
TEST_03148,3.2913485,-0.7249865,0.7468815000000001
TEST_03149,4.3538689999999995,-0.8335460000000002,1.2403260000000005
TEST_03150,4.204028499999998,-0.0807455,0.5978819999999998
TEST_03151,1.2436689999999997,-0.158686,0.18683149999999998
TEST_03152,3.3190285,0.010267999999999996,-0.31237000000000015
TEST_03153,2.5834525,-1.4920564999999997,-0.46172150000000006
TEST_03154,3.059090999999999,0.41852500000000004,0.3204835000000001
TEST_03155,2.686965999999999,-1.0215565,0.695827
TEST_03156,2.7943695,1.2648070000000005,0.317051
TEST_03157,1.7583534999999997,-0.28666400000000003,0.3925025
TEST_03158,1.3940764999999997,0.8764699999999996,-0.4429755000000001
TEST_03159,4.663891999999999,-1.6137824999999997,-0.9400240000000001
TEST_03160,2.6614075,0.26418300000000006,0.35356000000000004
TEST_03161,4.597992500000001,1.255519,1.118249
TEST_03162,3.633047500000001,-0.313426,0.06292550000000002
TEST_03163,2.776736500000001,-1.604381,1.2418255
TEST_03164,2.1198544999999998,0.07666350000000002,0.9760304999999998
TEST_03165,1.8273725000000005,0.9888635000000003,-0.12202199999999999
TEST_03166,1.9783415000000004,0.08106,-0.4385899999999999
TEST_03167,2.492052,0.37724599999999986,-0.609553
TEST_03168,0.7960669999999996,0.3250649999999999,0.0704065
TEST_03169,4.4885280000000005,0.4008224999999999,-0.08497099999999999
TEST_03170,2.8468324999999997,-0.5672065000000002,-0.47106000000000015
TEST_03171,2.8598500000000007,0.5030545,0.7232435000000003
TEST_03172,3.7844274999999996,0.41019599999999995,1.2402515000000003
TEST_03173,1.204024,0.38143649999999996,0.0047055000000000066
TEST_03174,1.7957539999999996,0.9707605000000001,-0.41185899999999986
TEST_03175,2.500778999999999,-0.22751249999999998,-0.5054635000000001
TEST_03176,2.5003770000000003,0.6795605,0.055474499999999996
TEST_03177,3.8784595,0.9008529999999999,0.4733509999999999
TEST_03178,4.413692000000001,-1.0807995,-1.0752845000000004
TEST_03179,3.788308999999999,0.5693400000000002,-0.3999325
TEST_03180,2.4602375,-0.5049710000000001,-0.384236
TEST_03181,3.093738,0.04536950000000002,0.5135735000000001
TEST_03182,2.2497184999999993,0.5202195000000001,0.5254075
TEST_03183,1.5112529999999995,-0.8245215,0.296894
TEST_03184,3.433559500000001,0.36032750000000013,-0.3651415
TEST_03185,1.8161810000000003,0.31475050000000004,-0.07547549999999997
TEST_03186,2.489686,-0.535443,-0.492258
TEST_03187,3.3287175,0.41456849999999995,-1.1045154999999998
TEST_03188,2.6013215000000005,-0.8114074999999998,-0.10770600000000002
TEST_03189,3.818698499999999,-1.1929800000000006,-0.692696
TEST_03190,2.726404000000001,0.9405565,-0.3085795
TEST_03191,2.916040000000001,-0.9041580000000001,-0.32724450000000005
TEST_03192,2.3581615000000005,1.2206150000000002,-0.4729914999999999
TEST_03193,1.3801729999999999,-0.41952700000000004,0.26245850000000004
TEST_03194,3.255934,-0.2850674999999998,0.9591860000000001
TEST_03195,2.248193000000001,0.4297809999999999,0.4069210000000001
TEST_03196,3.2620804999999997,1.0068319999999997,-0.337655
TEST_03197,2.599809500000001,-1.0926085000000003,-0.5249680000000001
TEST_03198,1.7063705000000007,0.3387015,-0.5626665
TEST_03199,4.606538500000001,-1.7410535,2.0985199999999997
TEST_03200,1.2764684999999996,-0.18676549999999997,-0.3755395
TEST_03201,4.974931999999999,-0.6411315000000003,0.7573014999999998
TEST_03202,4.680668000000002,-0.8992725,-0.5725969999999998
TEST_03203,3.728838500000001,-1.6242420000000002,0.2997759999999999
TEST_03204,2.681764000000001,-0.21284950000000002,0.06110550000000002
TEST_03205,1.3039179999999995,0.044749999999999984,0.07058699999999996
TEST_03206,4.265119000000002,-0.906269,0.06252100000000002
TEST_03207,3.051335999999999,1.0516794999999999,-0.15815149999999997
TEST_03208,6.4050255000000025,-1.4362905000000006,1.608953
TEST_03209,2.9109825000000003,0.028504500000000002,0.253185
TEST_03210,1.6977100000000003,-0.4662815,-0.015722000000000003
TEST_03211,4.089928500000001,-0.34125400000000006,0.7360045
TEST_03212,4.190232000000002,0.512041,1.1297715000000004
TEST_03213,1.482531,0.159078,0.265911
TEST_03214,2.147934500000001,0.14362499999999995,1.1163515000000002
TEST_03215,0.9288414999999999,0.09555950000000003,0.16790650000000001
TEST_03216,2.4266154999999996,0.6782804999999998,1.0163529999999996
TEST_03217,1.4359064999999995,-0.0898365,-0.011864500000000014
TEST_03218,3.4505369999999997,-1.033694,0.4649804999999999
TEST_03219,2.064187000000001,0.9666394999999999,0.2572529999999999
TEST_03220,1.2082275000000002,-0.13055399999999995,-0.14078199999999996
TEST_03221,3.1415669999999998,-0.19343700000000003,-0.10016950000000004
TEST_03222,1.431532,0.29016749999999997,0.2685755000000001
TEST_03223,2.7515160000000005,-0.5772795,-0.004373500000000008
TEST_03224,1.9773915,0.6194864999999998,-0.328639
TEST_03225,3.594511499999999,1.4995845,1.5817740000000002
TEST_03226,2.1125239999999996,-0.06294699999999998,0.05787099999999999
TEST_03227,4.160910499999999,-0.6869215,0.642789
TEST_03228,2.9725525,-0.5250059999999999,0.0495225
TEST_03229,3.632969,0.388372,0.5106709999999999
TEST_03230,2.6934730000000005,0.5328104999999999,-0.06975850000000003
TEST_03231,3.2620305,-0.34199950000000007,-0.13494749999999997
TEST_03232,3.2199935,-1.4337839999999997,-0.1285905
TEST_03233,2.3363424999999998,0.0373695,0.4889079999999999
TEST_03234,2.4825399999999997,0.295496,0.08544599999999998
TEST_03235,1.0921385,0.3456459999999999,0.004227500000000002
TEST_03236,2.6341324999999998,-0.5133379999999998,0.6369010000000002
TEST_03237,2.433448999999999,-0.2358059999999999,0.5324599999999998
TEST_03238,3.2722379999999998,-0.7541450000000001,0.861289
TEST_03239,4.548748000000002,0.610384,0.466692
TEST_03240,1.6618459999999997,0.7152745,0.189596
TEST_03241,4.9851339999999995,-0.6573194999999998,0.8978435
TEST_03242,3.620424499999999,0.6080780000000001,1.11272
TEST_03243,1.5418875,-0.30872049999999984,0.012423
TEST_03244,2.8662324999999997,-0.8042855000000002,-0.23957850000000008
TEST_03245,2.6142309999999997,1.1702159999999995,0.9506800000000001
TEST_03246,4.4672705,1.3737595000000002,0.049658999999999995
TEST_03247,2.3416720000000004,-0.24937049999999997,0.4965525000000002
TEST_03248,0.8757400000000001,-0.900543,0.20823099999999994
TEST_03249,2.874549000000001,-0.11820750000000002,-0.371019
TEST_03250,2.333011,0.6083909999999999,0.0554685
TEST_03251,3.0638115,-0.06947750000000001,0.19478000000000004
TEST_03252,4.220057499999999,0.8749665,-0.9619420000000002
TEST_03253,1.6098004999999995,-0.3117345,-0.19111750000000005
TEST_03254,1.7549040000000002,0.9881395000000001,-0.5565524999999999
TEST_03255,1.8277285000000003,0.6436200000000001,0.247156
TEST_03256,2.755584999999999,-1.0202749999999998,-0.8155565
TEST_03257,2.8782729999999996,0.4940955000000001,0.736522
TEST_03258,2.4343245000000007,0.181082,0.8981580000000001
TEST_03259,2.6333515,-0.7488810000000004,0.18337099999999995
TEST_03260,2.414937,0.14056750000000007,0.8222490000000002
TEST_03261,1.7006204999999999,-0.12188799999999998,-0.037825499999999984
TEST_03262,2.1211275000000005,-0.4019045000000001,-0.5831520000000001
TEST_03263,3.8304400000000003,0.18768949999999995,-0.7748980000000001
TEST_03264,2.6604229999999998,-0.1885635,1.0036009999999997
TEST_03265,4.921672000000001,-0.8214385,1.6271709999999997
TEST_03266,3.355497,-0.4903275000000001,0.6631690000000002
TEST_03267,3.4501045,-0.21876550000000003,0.1058525
TEST_03268,2.7102605,1.085712,0.7452029999999998
TEST_03269,3.216683999999999,0.005438999999999999,0.09576650000000002
TEST_03270,2.6743885,1.074888,0.3264715
TEST_03271,1.3312469999999994,-0.28441099999999997,-0.064887
TEST_03272,2.8267704999999994,-1.0324995000000001,0.13310700000000003
TEST_03273,2.8645374999999995,-1.0402359999999997,0.5895080000000001
TEST_03274,2.4567585,-0.0022525000000000028,-0.1936775
TEST_03275,2.5641939999999996,0.8075005000000002,0.1931945
TEST_03276,2.4406149999999993,-0.24121099999999998,0.570017
TEST_03277,1.6225384999999997,-0.7024300000000001,0.1977125
TEST_03278,1.4586914999999998,-0.31174800000000014,0.11058099999999996
TEST_03279,3.9909360000000005,0.4084045,1.6667475
TEST_03280,4.957674500000002,1.3979805000000005,0.6683915
TEST_03281,1.8934695,0.9553020000000003,-0.492111
TEST_03282,3.0246025000000003,0.8167960000000001,1.096733
TEST_03283,2.9052685,0.584322,0.404649
TEST_03284,3.1942504999999994,0.6281745000000001,-0.43316399999999994
TEST_03285,2.0589174999999997,0.934598,-0.11316200000000004
TEST_03286,4.192125500000001,-0.750036,-0.26265600000000006
TEST_03287,2.5025640000000005,-1.3003655000000003,1.1729655
TEST_03288,1.8778010000000003,0.621167,0.25847400000000004
TEST_03289,4.400663000000001,0.23694950000000012,-0.19470499999999993
TEST_03290,2.0871020000000002,0.23548600000000014,0.21812700000000007
TEST_03291,3.3260640000000006,0.1607575,0.7598774999999999
TEST_03292,1.5834354999999996,-0.2758415,-0.017964
TEST_03293,1.5600735000000003,-0.5255105,0.19148000000000004
TEST_03294,1.3263504999999998,0.9172959999999999,0.3007589999999999
TEST_03295,0.9214449999999998,-0.275687,0.1938375
TEST_03296,2.7727769999999996,-1.1552105,-0.062166000000000034
TEST_03297,1.9285750000000002,0.433987,0.4252709999999999
TEST_03298,4.0756225,-0.495366,0.8486384999999999
TEST_03299,1.8939965,-0.6802354999999999,0.3347605
TEST_03300,2.7347300000000008,0.23394750000000009,0.7047829999999999
TEST_03301,1.8548555,-0.4607055000000001,-0.260799
TEST_03302,1.6876574999999998,-0.19607999999999998,0.218092
TEST_03303,2.5914035,-0.7400970000000001,0.5529064999999999
TEST_03304,1.8938419999999998,0.18500150000000007,-0.3487379999999999
TEST_03305,4.888862000000001,-1.7211850000000002,0.4085095000000001
TEST_03306,2.3850005000000003,0.32028399999999985,0.7276210000000003
TEST_03307,3.0285720000000005,-0.09498850000000003,0.6009849999999997
TEST_03308,3.1331245,0.14956099999999994,0.163767
TEST_03309,1.8715509999999997,0.48208399999999985,0.10461200000000004
TEST_03310,3.642219,1.0541115000000003,0.5351250000000001
TEST_03311,2.6182225,0.15364350000000004,-0.0935635
TEST_03312,3.4959739999999995,0.40767449999999994,0.7067544999999997
TEST_03313,3.201677,1.3491324999999996,0.22745549999999992
TEST_03314,1.3275489999999994,0.12141850000000001,0.12266199999999998
TEST_03315,2.009835,-0.6585975,-0.6919790000000001
TEST_03316,1.8926670000000003,-0.47344750000000013,0.23603100000000005
TEST_03317,3.5714125,0.034372,0.278089
TEST_03318,1.4749405000000002,-0.3655695,-0.19434199999999996
TEST_03319,4.539033499999999,0.6701494999999997,-0.22977750000000002
TEST_03320,2.341697,0.7276845,-0.10012099999999993
TEST_03321,3.4465445,1.9339740000000005,1.210991
TEST_03322,4.492723000000002,1.4274844999999998,-0.28997149999999994
TEST_03323,1.4535435,-0.7389574999999999,-0.23570499999999994
TEST_03324,1.4081964999999999,-0.15992299999999998,0.16380899999999995
TEST_03325,2.3505234999999995,-0.6736949999999999,-0.2959140000000001
TEST_03326,2.8605554999999994,-0.7033735,0.2200415
TEST_03327,4.4328175,0.7106914999999998,-0.4455889999999999
TEST_03328,4.984400999999998,-1.8724864999999995,-0.652565
TEST_03329,2.5002310000000008,-0.056424,-0.6696214999999999
TEST_03330,2.2861835,-0.20430899999999996,-0.5639204999999999
TEST_03331,1.6419885,-0.32181899999999997,-0.212086
TEST_03332,2.2252640000000006,0.11445400000000007,-0.292894
TEST_03333,1.2110214999999998,0.41312799999999994,-0.004102
TEST_03334,2.9000719999999998,-1.7630395,-0.8954344999999999
TEST_03335,3.89238,0.27322299999999994,1.2507650000000001
TEST_03336,1.1586715,0.33611700000000005,0.09433550000000002
TEST_03337,2.0269775,0.24199649999999992,-0.04127849999999996
TEST_03338,3.8843394999999994,1.2738549999999993,-1.1862259999999996
TEST_03339,3.8811850000000003,-1.087003,0.2901945
TEST_03340,1.7998769999999995,-0.030591999999999994,-0.32897600000000005
TEST_03341,2.4657845000000016,-0.39805500000000005,0.8238724999999998
TEST_03342,2.0849805,-0.28409799999999996,0.13068599999999997
TEST_03343,3.1959264999999997,0.44719199999999987,-0.5687004999999999
TEST_03344,1.3896275,0.4317684999999999,0.6191245
TEST_03345,1.7484475000000002,1.2360950000000002,0.6507249999999998
TEST_03346,1.5164245000000003,-0.29755949999999987,0.48227250000000005
TEST_03347,1.3260895000000001,-0.2058685,0.12687600000000002
TEST_03348,2.7725335000000007,-0.6542945000000002,0.5767819999999998
TEST_03349,1.4119315000000001,0.46926499999999977,0.224129
TEST_03350,2.628038,0.8371095000000002,0.567768
TEST_03351,1.969895,1.1285850000000002,-0.3510470000000001
TEST_03352,2.8166685,-1.2857810000000005,-0.7909434999999998
TEST_03353,1.5827600000000004,-0.36206349999999987,0.013572999999999995
TEST_03354,2.5013509999999997,0.40030399999999994,0.2426839999999999
TEST_03355,1.8022334999999998,0.21515449999999994,-0.322133
TEST_03356,2.7516455000000004,1.7566164999999998,-0.597129
TEST_03357,3.2401785,1.0474989999999997,0.41829549999999993
TEST_03358,1.3229454999999999,-0.6225430000000001,-0.5115034999999999
TEST_03359,2.4915069999999986,-1.5479410000000002,-1.4762444999999995
TEST_03360,1.2795454999999998,0.8891435000000001,-0.079179
TEST_03361,4.235227,1.4427300000000003,1.0049275000000004
TEST_03362,1.4811789999999991,-0.5158980000000002,0.13163799999999998
TEST_03363,2.9048969999999996,1.4806339999999993,-0.316156
TEST_03364,2.537735999999999,0.557331,0.8619055
TEST_03365,2.106617999999999,0.08539999999999999,0.08940899999999999
TEST_03366,1.8784999999999998,-0.1630645,-0.30765549999999997
TEST_03367,4.107878499999999,0.08511300000000001,0.14916250000000003
TEST_03368,1.4053250000000004,-0.09323949999999998,0.7030714999999998
TEST_03369,2.3604705,-0.12835299999999994,-0.08740750000000003
TEST_03370,2.034356,-0.26572799999999996,-0.056629499999999985
TEST_03371,3.064148,0.2618125,0.04865500000000006
TEST_03372,4.011996999999999,0.4851785,-0.22090149999999995
TEST_03373,2.385148,0.13903249999999995,-0.27447049999999995
TEST_03374,3.2028775,-0.44955100000000003,0.6960294999999999
TEST_03375,1.2280174999999995,0.08145849999999999,-0.11582249999999997
TEST_03376,3.1172784999999994,-0.7135194999999999,1.6986585000000005
TEST_03377,3.9974019999999992,-0.8648585,-0.067358
TEST_03378,2.898447000000001,0.7446394999999999,-1.3215194999999995
TEST_03379,4.163148000000001,1.8344310000000001,1.3509400000000005
TEST_03380,1.3155465000000002,0.071737,-0.18996999999999992
TEST_03381,2.6447935000000005,-0.3160705,0.19318700000000003
TEST_03382,2.0940925000000004,-0.11848149999999992,-0.31736600000000015
TEST_03383,1.6869895000000001,0.07527599999999998,0.5869289999999999
TEST_03384,4.023495999999999,-0.20728599999999997,0.14540800000000004
TEST_03385,5.611941999999999,-0.9987754999999996,1.8131189999999995
TEST_03386,2.238413499999999,0.19571199999999994,0.8923239999999999
TEST_03387,4.083413,-0.6072214999999996,-0.5596164999999997
TEST_03388,2.459648500000001,1.342342,0.24901649999999997
TEST_03389,3.200104,-1.7854764999999997,1.18059
TEST_03390,5.267969500000001,-1.7493485000000004,1.131312
TEST_03391,2.449423499999999,0.38063749999999985,-0.18899250000000006
TEST_03392,2.5492625000000007,1.000149,0.8057515
TEST_03393,3.2937369999999992,-1.8422579999999997,1.1074445000000002
TEST_03394,2.3242924999999994,-0.6536584999999999,0.4066035
TEST_03395,2.3297635000000008,-0.7584835000000002,0.6489594999999998
TEST_03396,4.0039865,1.4454135,0.0752515
TEST_03397,2.4549090000000007,-0.8561105000000001,0.14123500000000003
TEST_03398,2.9771660000000004,0.0215855,0.7727215000000001
TEST_03399,4.813019000000001,-1.071131,1.6758814999999994
TEST_03400,4.530376500000002,-0.5618219999999999,0.5848215000000001
TEST_03401,3.2719655,-0.629804,0.5200124999999998
TEST_03402,3.0754669999999997,-0.19421749999999993,-0.6436540000000002
TEST_03403,2.315241,0.7030614999999999,0.9893219999999996
TEST_03404,3.215912499999999,0.8930159999999998,0.052657
TEST_03405,2.473736500000001,-0.7921760000000003,-0.34212200000000004
TEST_03406,3.3604984999999994,-0.15622900000000006,0.8560205
TEST_03407,2.418415999999999,-0.36249050000000005,0.27484799999999987
TEST_03408,5.636010000000001,-2.3608375000000006,0.7190079999999998
TEST_03409,3.3706165000000006,0.2258715,-0.19008050000000004
TEST_03410,1.8397139999999998,-0.20942550000000001,-0.235877
TEST_03411,1.025449,-0.011313500000000006,-0.17577050000000005
TEST_03412,3.7167785,0.6248420000000003,0.388839
TEST_03413,1.0624755000000006,-0.3377280000000001,0.14034100000000005
TEST_03414,3.6665314999999987,-0.4849275,1.7981049999999998
TEST_03415,1.018237,-0.41646799999999995,0.07302750000000001
TEST_03416,1.3658085,0.3380385,-0.1650915
TEST_03417,2.8267825000000006,1.2703985000000002,-0.24438500000000002
TEST_03418,1.0849285000000004,-0.20040349999999996,-0.27274050000000005
TEST_03419,3.0252650000000005,1.3988225,0.1645875
TEST_03420,2.464427999999999,-0.580983,-0.20806949999999994
TEST_03421,3.3119705,0.17518649999999997,-0.27309400000000017
TEST_03422,2.3556105,-0.10495,0.20528250000000003
TEST_03423,1.8215824999999999,0.7866239999999998,0.5413435
TEST_03424,3.1163475,-0.06828350000000001,-0.4506435
TEST_03425,3.8561965,1.1320135000000002,-0.2654779999999999
TEST_03426,2.8943655,-0.22000550000000008,0.5122924999999999
TEST_03427,1.9491739999999997,0.26802299999999996,-0.36665500000000006
TEST_03428,3.213845000000001,-0.3267455,-0.2524049999999999
TEST_03429,4.193719000000001,-0.08050500000000001,0.09824499999999997
TEST_03430,1.9021430000000004,1.0034765,0.0497445
TEST_03431,2.8127555000000006,-0.9104405000000002,0.5568884999999999
TEST_03432,1.698791,0.720088,-0.0762545
TEST_03433,2.887323500000001,0.4571964999999999,-0.6021924999999999
TEST_03434,1.2673500000000004,-0.39917400000000003,0.026424500000000004
TEST_03435,2.2639560000000003,0.0706325,-0.19609300000000002
TEST_03436,4.432812000000002,-0.18396550000000003,-0.033175500000000004
TEST_03437,1.2165369999999998,0.322644,0.3236220000000001
TEST_03438,2.718118499999999,1.3276205,-0.32561049999999997
TEST_03439,5.853632500000001,0.8704924999999999,1.238733
TEST_03440,3.6946959999999995,-2.001698,-0.8938724999999998
TEST_03441,4.215972000000001,0.24417550000000007,1.3302840000000002
TEST_03442,4.416278,0.031118499999999997,0.5621410000000002
TEST_03443,0.9778500000000001,0.42092399999999996,0.35175900000000004
TEST_03444,1.9482404999999998,0.3263490000000001,-0.29039349999999997
TEST_03445,2.163712499999999,-0.4848564999999999,-0.2733875000000001
TEST_03446,4.809802500000001,-0.6017720000000002,0.9474619999999999
TEST_03447,1.8739584999999996,-0.9718814999999998,-0.24566350000000003
TEST_03448,5.301090500000001,-2.511253,-0.9368914999999993
TEST_03449,2.186372000000001,0.4888605000000001,0.066364
TEST_03450,1.0172190000000003,0.4475985,0.262754
TEST_03451,4.224240000000001,0.5142475,0.25001499999999993
TEST_03452,3.2089834999999987,1.2641894999999994,0.384127
TEST_03453,2.1997520000000006,0.5366759999999997,0.08037149999999998
TEST_03454,2.9214044999999995,-0.215387,-0.281574
TEST_03455,3.6687034999999995,0.7950715000000002,-0.450023
TEST_03456,2.079310499999999,1.2315254999999996,-0.936696
TEST_03457,3.3394005,1.0686345,0.165561
TEST_03458,5.453365,-0.367449,0.1396035
TEST_03459,1.6660645000000005,0.20418000000000008,-0.15222299999999994
TEST_03460,2.9264289999999997,0.7388764999999999,-0.0740055
TEST_03461,1.4508934999999996,0.04216199999999999,0.026520500000000002
TEST_03462,1.9635444999999994,-0.13993300000000003,-0.4365165
TEST_03463,3.278201,-0.24315750000000008,0.09832949999999997
TEST_03464,1.4064139999999996,0.4488185,0.5874350000000002
TEST_03465,5.939247499999999,-1.7891670000000004,1.7338079999999996
TEST_03466,2.7863535,-0.375312,0.7924805000000001
TEST_03467,1.7984345,0.42392900000000006,-0.305539
TEST_03468,2.9604950000000008,-1.1427155,0.8860709999999998
TEST_03469,2.2294605,-0.25542449999999994,0.5875290000000002
TEST_03470,4.732891,0.6196479999999999,1.6546985
TEST_03471,2.079695,0.46711549999999996,0.028752499999999997
TEST_03472,2.2451365000000005,-0.18114750000000007,-0.6189079999999999
TEST_03473,2.7248125000000005,-0.7144364999999999,0.072198
TEST_03474,2.7002179999999996,-0.09079100000000002,0.062305499999999986
TEST_03475,0.9176769999999999,0.17024750000000005,0.09239450000000002
TEST_03476,3.420514000000001,-0.7551285000000001,0.43127649999999984
TEST_03477,1.9636419999999997,-0.45955099999999977,0.13964000000000004
TEST_03478,2.9417630000000003,-0.5029274999999999,-0.35847
TEST_03479,4.859484999999999,-0.6275239999999997,-0.2692254999999999
TEST_03480,1.660475,-0.18420499999999995,-0.1824625
TEST_03481,1.2090569999999996,-0.9437585,0.06627899999999998
TEST_03482,4.546450999999999,-1.5893539999999997,-0.32315600000000005
TEST_03483,4.171153500000003,-0.3867189999999999,0.010589999999999999
TEST_03484,1.7098775,0.3109525000000001,0.31272200000000006
TEST_03485,1.0997000000000001,-0.18517899999999998,0.241278
TEST_03486,3.6489775,-0.8447695,-0.6160755000000001
TEST_03487,1.5946745,0.17458649999999998,0.7305694999999999
TEST_03488,5.159278000000001,0.9106914999999998,-0.18720250000000005
TEST_03489,2.1237415000000004,-0.105489,0.19169599999999992
TEST_03490,2.7022905,0.12519550000000002,0.1160465
TEST_03491,2.5351725,0.21076000000000003,-0.424391
TEST_03492,5.053955,-0.9938839999999997,-0.5594004999999997
TEST_03493,0.985984,-0.323067,0.060550000000000014
TEST_03494,1.4567645000000005,-0.4824110000000003,0.22896899999999998
TEST_03495,1.506325,0.29416149999999996,0.09392850000000003
TEST_03496,3.0925814999999997,-1.2238320000000005,0.3126430000000001
TEST_03497,3.7531944999999998,-0.3611370000000001,0.1159075
TEST_03498,1.0734515,-0.6602789999999998,0.486521
TEST_03499,4.0143295,0.41812249999999995,0.33843650000000003
TEST_03500,2.5247895000000007,-0.5522505000000001,-0.78844
TEST_03501,3.5415770000000006,-0.46320000000000006,-0.612741
TEST_03502,1.8701770000000004,0.5794205000000003,-0.4289629999999999
TEST_03503,3.078268999999999,-0.4396045,-0.22915749999999996
TEST_03504,2.704718,0.23470799999999994,0.19620800000000005
TEST_03505,6.068852499999999,0.5957965000000001,0.9671945
TEST_03506,2.360623500000001,0.18025450000000004,0.6219114999999997
TEST_03507,2.529119,-0.11423499999999998,-1.0419299999999998
TEST_03508,1.7427444999999997,-0.5752605000000002,0.2618610000000001
TEST_03509,4.484487,0.7814999999999999,1.079745
TEST_03510,5.183463000000002,1.1345589999999999,-0.8900105000000001
TEST_03511,3.5324349999999995,-0.7796565000000001,0.2733485
TEST_03512,2.3051815000000007,0.3390750000000001,-0.31292300000000006
TEST_03513,3.2067619999999994,0.18445849999999997,-0.571113
TEST_03514,2.967797,0.23753500000000005,-0.7490295
TEST_03515,2.102067500000001,0.40630599999999994,-0.745954
TEST_03516,4.4607945,-1.0611004999999998,1.1754200000000006
TEST_03517,2.7742715000000002,1.3859099999999995,0.20525450000000003
TEST_03518,2.5588064999999993,-0.5921594999999997,-0.4100769999999999
TEST_03519,3.050106500000001,0.023186500000000002,-0.7094344999999999
TEST_03520,2.3291215000000007,-0.06628699999999998,0.46010599999999996
TEST_03521,3.3393025,-1.7410349999999997,0.5009065
TEST_03522,2.8355255,1.0220795,0.644344
TEST_03523,1.8566435000000001,-0.9519515,0.21364099999999997
TEST_03524,2.8450470000000005,-0.9419759999999997,1.0922800000000001
TEST_03525,1.0506429999999995,0.037522,0.031164500000000015
TEST_03526,3.4950210000000004,-1.0339315,0.5493109999999999
TEST_03527,1.0804140000000007,-0.19190450000000003,0.3179419999999999
TEST_03528,4.77913,-0.83404,-0.9191615000000002
TEST_03529,2.816579499999999,0.4584105,-0.27491299999999996
TEST_03530,2.8408999999999995,0.12064750000000002,0.40131250000000007
TEST_03531,2.78482,0.2719315,0.7173470000000002
TEST_03532,2.752749,-1.118787,0.9159864999999999
TEST_03533,2.640325,0.014917,0.15506499999999998
TEST_03534,1.352579,0.14428599999999997,0.34159200000000006
TEST_03535,1.642228,0.10925,0.12964799999999999
TEST_03536,1.9117345000000003,-0.26970599999999995,0.261443
TEST_03537,2.2697629999999993,1.0026525000000002,1.2117460000000002
TEST_03538,3.788692,1.5994035000000004,-1.3596989999999995
TEST_03539,1.7582140000000002,-0.7268395000000002,0.17220499999999997
TEST_03540,2.2915410000000005,-0.052786999999999994,0.19941749999999994
TEST_03541,1.519012,-0.6736655,0.09418700000000002
TEST_03542,1.5358209999999994,0.24773450000000008,0.21700450000000004
TEST_03543,1.7849185,-0.07675850000000001,-0.5902929999999998
TEST_03544,4.0204335,-0.9414435000000001,0.18816249999999995
TEST_03545,1.2341574999999998,0.21949499999999994,-0.21710799999999997
TEST_03546,3.0099814999999994,-0.6986505000000001,1.0891934999999995
TEST_03547,2.682410000000001,0.46406500000000006,-0.6169649999999998
TEST_03548,3.4717235000000004,0.3344175,0.2537250000000001
TEST_03549,2.9810475,-1.5334349999999999,-1.095221
TEST_03550,4.838023999999999,0.22773300000000002,1.4112904999999998
TEST_03551,1.8422255,0.11694799999999991,0.34478
TEST_03552,3.429685000000001,-0.4915605000000001,-0.154351
TEST_03553,2.3564040000000004,-0.7113565000000002,0.3735760000000001
TEST_03554,2.3839414999999997,0.3096155,-0.00531499999999999
TEST_03555,1.1692554999999998,-0.43980699999999995,-0.12538649999999996
TEST_03556,4.5123795,-0.9600804999999998,-0.034339499999999995
TEST_03557,3.4239625,0.29188500000000006,1.011303
TEST_03558,3.610907500000001,-0.0901885,0.6914795000000001
TEST_03559,3.6440905000000003,-0.0796425,0.15849450000000004
TEST_03560,2.3529139999999993,1.4932734999999995,-0.6605865
TEST_03561,5.001591000000001,-1.8520900000000005,-0.23887899999999995
TEST_03562,4.5488064999999995,-0.42992699999999995,-0.1625925
TEST_03563,1.2426215000000007,-0.5001954999999999,-0.273761
TEST_03564,2.633522,-0.027142500000000017,-0.3698625000000001
TEST_03565,1.3199290000000004,-0.10632950000000002,-0.2590430000000001
TEST_03566,1.3268525000000007,-0.04787549999999999,0.24057099999999995
TEST_03567,2.2975565,-0.04424849999999998,0.283783
TEST_03568,2.2117394999999993,-0.49409849999999994,0.1645975
TEST_03569,1.2001450000000005,-0.0440925,0.12141100000000002
TEST_03570,2.0336465000000006,0.41799299999999995,0.057206999999999966
TEST_03571,2.2222989999999996,-0.15124299999999996,0.2968224999999999
TEST_03572,2.692875999999999,-1.3751045000000002,-0.567691
TEST_03573,2.615713999999999,0.6014430000000001,0.433187
TEST_03574,3.046360999999999,-0.8575845000000002,-0.2544940000000001
TEST_03575,2.3628020000000003,0.6609574999999999,0.43228999999999995
TEST_03576,1.1784924999999995,0.4658034999999999,0.1625415
TEST_03577,3.2867560000000005,-1.9479705000000003,2.138359
TEST_03578,3.9940074999999995,1.2121690000000003,1.601194
TEST_03579,2.2154015000000005,1.0915445,-0.348066
TEST_03580,2.9974454999999995,0.03353300000000001,-0.9504290000000002
TEST_03581,1.176749,-0.5896999999999998,0.27674650000000006
TEST_03582,1.2701594999999997,0.2370705,-0.15012100000000006
TEST_03583,1.887228,-1.062217,-0.4343834999999999
TEST_03584,3.837628499999999,-0.5867565000000003,-0.11933300000000004
TEST_03585,4.177127499999997,1.5768925,1.3188050000000007
TEST_03586,1.9183715000000001,-0.40401350000000014,0.12916750000000002
TEST_03587,3.2378325000000014,-0.5496350000000001,-0.4062975
TEST_03588,1.8141149999999997,0.11674700000000005,0.20920650000000002
TEST_03589,2.9580414999999998,1.7131310000000002,-0.7844090000000001
TEST_03590,1.7125049999999997,-0.3815920000000001,0.0015005000000000062
TEST_03591,3.0941934999999994,1.0244080000000002,-0.5671999999999999
TEST_03592,3.2055415,-0.8901794999999999,1.7746374999999996
TEST_03593,2.626322000000001,-0.8700984999999999,-0.27970550000000005
TEST_03594,1.4807424999999994,-0.1284035,0.18195750000000005
TEST_03595,1.4554290000000005,-0.45154049999999984,0.4157559999999999
TEST_03596,3.5876555,0.9441459999999996,0.7571305000000002
TEST_03597,3.2018884999999995,1.1314114999999998,0.30255000000000004
TEST_03598,1.8518215000000002,-0.46388699999999994,-0.6938545
TEST_03599,4.278812499999999,-1.637811,0.7382269999999997
TEST_03600,4.0610824999999995,-1.0851790000000001,1.1198635000000001
TEST_03601,2.3863424999999996,-0.119484,-0.7023114999999998
TEST_03602,4.0577345000000005,1.7220129999999998,-0.8935740000000001
TEST_03603,3.521846500000001,1.015941,0.8140349999999997
TEST_03604,1.796954,0.012780999999999987,0.23185899999999998
TEST_03605,2.4466485000000002,-0.8206169999999997,0.4788475
TEST_03606,3.2161355,0.034488500000000005,0.3176414999999999
TEST_03607,0.8069555000000002,-0.35030549999999994,-0.18714750000000002
TEST_03608,6.286313499999999,1.050191,-1.1529985000000003
TEST_03609,3.6452575000000005,0.5185254999999999,0.22214100000000003
TEST_03610,3.004627,0.5645869999999997,1.1809135000000002
TEST_03611,3.4621755000000007,-0.06947850000000003,-0.0296815
TEST_03612,4.7930494999999995,0.504377,-0.057762
TEST_03613,2.447152000000001,-0.24409649999999997,0.083843
TEST_03614,1.6416240000000002,1.205632,0.8090464999999998
TEST_03615,2.587416,0.8156269999999999,0.4968429999999998
TEST_03616,2.7394005,0.24152900000000005,-0.18475650000000007
TEST_03617,3.9116684999999993,-1.6364705000000002,0.45555500000000004
TEST_03618,1.0657495000000001,-0.2710045,-0.390764
TEST_03619,2.7496005,-0.29512249999999995,0.06696
TEST_03620,1.6225550000000002,-0.7439159999999998,0.2727790000000001
TEST_03621,1.7466555,-0.6915499999999999,0.35853599999999997
TEST_03622,1.6688245000000004,0.2167795,0.310025
TEST_03623,1.1958045000000004,-0.4292314999999999,-0.4588935000000002
TEST_03624,1.8809575000000005,-0.25210800000000005,0.621401
TEST_03625,4.8813534999999995,0.144114,0.23281050000000003
TEST_03626,1.6477844999999998,-0.2999384999999999,-0.2597194999999999
TEST_03627,4.565081000000001,0.3240045,-1.2655594999999997
TEST_03628,2.805621,0.6905179999999997,0.37100999999999995
TEST_03629,4.504395500000002,0.6371785000000001,0.4729175
TEST_03630,4.711022000000001,-1.8217695,-0.9871520000000001
TEST_03631,2.3921160000000006,0.024138500000000004,-0.19899150000000004
TEST_03632,1.7440259999999999,-0.0691315,-0.6886460000000001
TEST_03633,2.4471825000000007,-1.008419,0.6861255000000002
TEST_03634,3.0455810000000003,0.6102779999999999,-0.9271685
TEST_03635,2.4373560000000003,-0.9995875000000002,-0.5375175000000001
TEST_03636,1.1140554999999992,0.6698685000000002,-0.4087819999999999
TEST_03637,2.0908635,1.3492575,0.2870115
TEST_03638,3.445127,-1.6103945,0.5780004999999999
TEST_03639,4.875279000000001,-0.20655,-0.9011995000000002
TEST_03640,4.842143999999999,-0.8093195000000002,-0.8686854999999998
TEST_03641,1.947218,-0.4949555,0.10162200000000002
TEST_03642,4.694454999999998,0.05613599999999999,1.6117350000000004
TEST_03643,1.329068,-0.17026450000000004,0.28684600000000005
TEST_03644,1.4878774999999997,0.472547,-0.23890249999999996
TEST_03645,2.724881,0.696418,0.9131505000000001
TEST_03646,4.8710225000000005,-0.3780795,-0.6011835000000001
TEST_03647,4.114842000000001,-0.2667749999999999,0.4320449999999999
TEST_03648,3.0128394999999992,0.7207645,0.12500150000000002
TEST_03649,1.912845,-0.35269050000000013,0.24207050000000013
TEST_03650,2.3680354999999995,-0.13930799999999993,-0.035402499999999996
TEST_03651,3.6647549999999995,-0.301389,-0.4125039999999999
TEST_03652,2.4918075,-0.3215219999999999,0.5168289999999998
TEST_03653,0.7885219999999998,0.19447050000000002,0.17880749999999995
TEST_03654,2.5076905,0.5291044999999996,0.9250019999999999
TEST_03655,1.4754770000000001,-0.4139695,0.38317149999999994
TEST_03656,2.8145040000000003,0.3866209999999999,1.1224055000000006
TEST_03657,3.0801749999999997,-0.6985914999999998,1.5444685000000002
TEST_03658,4.672270000000001,-1.0417225,-1.2083545
TEST_03659,1.8368205000000004,-1.092578,-0.5039759999999999
TEST_03660,1.1929750000000001,-0.07456099999999997,0.23078699999999996
TEST_03661,2.6464739999999987,-0.31579,-0.059769
TEST_03662,2.1012865000000005,0.32346500000000006,-0.5805434999999999
TEST_03663,4.257371000000001,0.3633115000000002,0.48517599999999994
TEST_03664,3.5779770000000006,0.031108499999999997,0.90456
TEST_03665,2.3858575,-0.15241399999999997,0.6884330000000003
TEST_03666,1.6195940000000004,0.041961,-0.023905000000000003
TEST_03667,3.8692725,0.48931099999999994,-0.32074
TEST_03668,1.6105245000000004,-0.16694399999999995,-0.01987349999999999
TEST_03669,4.057847999999998,0.22052299999999986,0.203671
TEST_03670,4.325598000000001,0.5774410000000001,1.4033504999999997
TEST_03671,2.4841570000000015,-0.12151499999999996,-0.04592100000000001
TEST_03672,2.039553,0.647247,0.9537719999999998
TEST_03673,3.5633860000000004,-1.6091439999999992,-0.17814450000000004
TEST_03674,2.5163235,0.38118849999999993,0.031662
TEST_03675,1.2648794999999997,-0.2580995,0.4332880000000001
TEST_03676,1.4090769999999995,0.16966000000000006,-0.11751399999999998
TEST_03677,1.9293590000000005,0.19453150000000002,0.5251395000000001
TEST_03678,3.185970000000001,-1.894403,-0.7426475
TEST_03679,4.8225345,-0.049751,-0.1460135
TEST_03680,2.0958859999999997,-0.4670595000000001,0.42971250000000005
TEST_03681,5.152471499999999,-1.6227794999999996,-0.5541100000000001
TEST_03682,3.6244489999999994,-0.2793295,0.5545544999999998
TEST_03683,1.9709159999999994,1.7427124999999997,0.6318490000000001
TEST_03684,1.0046465,0.06652399999999999,-0.15562100000000006
TEST_03685,2.494348000000001,0.15454650000000003,-0.5568555000000002
TEST_03686,2.830213000000001,0.3272555000000001,0.35200599999999993
TEST_03687,3.8934079999999995,1.3492560000000005,0.9560845
TEST_03688,4.548284500000001,0.2548450000000001,-0.639515
TEST_03689,2.6992969999999996,0.3657890000000001,0.4938224999999999
TEST_03690,2.4545744999999997,0.15903599999999996,0.7762625
TEST_03691,1.8601565,-0.40358499999999997,0.6155915000000001
TEST_03692,2.6323739999999995,0.0032569999999999995,0.09829900000000003
TEST_03693,1.0721094999999994,0.45714150000000003,0.0804985
TEST_03694,2.1289719999999996,-0.8052115000000002,0.646047
TEST_03695,3.307578499999999,-0.24555100000000002,-0.7076495000000002
TEST_03696,3.026665999999999,1.023764,0.0533445
TEST_03697,2.794131499999999,0.6421269999999999,0.0832975
TEST_03698,3.5786845,0.38683999999999996,-0.6075280000000003
TEST_03699,2.656732,-0.8136495,0.09401699999999998
TEST_03700,2.4862845,-0.2861159999999999,-0.14852749999999995
TEST_03701,3.0867764999999996,0.023774500000000014,0.18993550000000003
TEST_03702,1.7291554999999996,-0.0032889999999999994,-0.18405699999999994
TEST_03703,1.6825189999999997,-0.013654999999999999,-0.0374835
TEST_03704,4.011795999999999,-0.21350499999999997,0.5243399999999998
TEST_03705,2.1491204999999995,0.4638305,0.6368180000000001
TEST_03706,2.685366499999999,-0.14699299999999998,-0.5392935000000001
TEST_03707,2.974890000000001,0.13706600000000005,0.13305000000000003
TEST_03708,3.0812464999999998,-0.14230050000000005,-0.168242
TEST_03709,0.9565909999999997,-0.5797209999999999,0.5162935
TEST_03710,4.502279500000002,0.7637895,-0.7267775
TEST_03711,1.1150309999999997,0.1907430000000001,0.10300649999999999
TEST_03712,2.858685999999999,1.5903939999999996,1.1920664999999995
TEST_03713,1.3408529999999996,-0.546302,-0.07232150000000001
TEST_03714,1.4016285000000004,0.079876,-0.05474900000000002
TEST_03715,2.6174900000000005,-0.232481,-0.4662989999999999
TEST_03716,2.715212499999999,-0.9219579999999998,-0.36327200000000004
TEST_03717,3.1646755000000004,-1.8426165,1.0460220000000002
TEST_03718,1.3278905,0.255653,0.014993500000000002
TEST_03719,4.098696499999999,-0.2704979999999999,-1.1162399999999997
TEST_03720,1.8069804999999994,0.09395099999999999,0.22022699999999998
TEST_03721,3.4363194999999997,0.6404600000000001,-0.103089
TEST_03722,2.5722989999999997,-1.1673980000000004,0.9946785000000006
TEST_03723,2.5818959999999995,1.7960270000000003,-0.7365490000000001
TEST_03724,2.3767740000000006,1.0774124999999994,-0.2891350000000001
TEST_03725,2.418216,-0.1701405,0.018977500000000005
TEST_03726,1.1153745,-0.0949025,0.1030895
TEST_03727,2.593661500000001,-0.892465,0.6604685000000001
TEST_03728,5.8357005,-1.7243135,-0.757033
TEST_03729,2.992673,0.6843560000000002,0.011956999999999999
TEST_03730,2.5452535000000007,0.12826449999999998,0.20342699999999997
TEST_03731,3.8819105,-0.5260530000000001,0.0029964999999999888
TEST_03732,2.5598469999999987,0.019181,-0.12443499999999996
TEST_03733,1.653026,0.5716064999999999,-0.023892499999999987
TEST_03734,1.7419,0.150171,0.3146205000000001
TEST_03735,1.7136555000000002,-0.4400495,0.4907465
TEST_03736,3.001517999999999,0.5750739999999998,0.5007465
TEST_03737,2.4910264999999994,-1.0902840000000005,0.6716335
TEST_03738,5.169619000000001,1.231922,-0.30560550000000014
TEST_03739,1.3811754999999994,0.650396,0.09038999999999997
TEST_03740,2.751557,0.12930600000000003,-0.015965999999999998
TEST_03741,2.1126265,0.23699900000000007,0.22794849999999992
TEST_03742,1.9199985,-0.07717649999999997,-0.32634450000000015
TEST_03743,2.718482500000001,0.39469050000000006,0.47315150000000006
TEST_03744,1.1735800000000003,-0.006167000000000005,-0.11066199999999998
TEST_03745,3.185606,0.129316,0.14242949999999993
TEST_03746,1.1602365000000003,0.4418755,0.04403299999999999
TEST_03747,4.3025604999999985,-0.863875,0.46991949999999993
TEST_03748,2.8867030000000002,-0.5701195000000001,0.367775
TEST_03749,4.1463655,0.06085699999999999,-0.33975099999999997
TEST_03750,5.6330290000000005,0.7292059999999998,1.3127500000000005
TEST_03751,3.184485000000001,-0.6421515000000001,-0.5753795
TEST_03752,1.5491889999999997,0.6871014999999999,0.48297499999999993
TEST_03753,2.7079205,-0.5001249999999999,0.6344360000000002
TEST_03754,2.8111145000000004,0.26273600000000014,0.30878949999999994
TEST_03755,1.8533614999999997,0.7902705000000001,0.5761170000000002
TEST_03756,3.7337194999999994,1.112218,-0.08875549999999999
TEST_03757,2.3317295000000007,-0.011545499999999993,-0.01958700000000002
TEST_03758,2.6455770000000003,1.0909490000000002,0.9842955
TEST_03759,3.4447829999999993,1.314743,1.8389045
TEST_03760,4.375775999999999,1.3241199999999995,1.2806730000000002
TEST_03761,3.3064125,-1.8703874999999996,0.5991775000000001
TEST_03762,3.7378954999999996,0.509031,0.283104
TEST_03763,3.0244579999999988,0.6374305000000002,-1.0256825
TEST_03764,3.2733835000000004,0.19614099999999995,0.10295599999999996
TEST_03765,2.5937315000000005,0.4154500000000001,0.589439
TEST_03766,3.8138020000000004,0.23467699999999994,1.1669049999999994
TEST_03767,2.2974289999999997,-0.15430949999999996,1.0579034999999999
TEST_03768,1.615342,-0.1528365,0.013995
TEST_03769,3.123541500000001,0.31862449999999987,0.25099599999999994
TEST_03770,3.136879999999999,0.0672785,0.038001499999999994
TEST_03771,0.8314395000000001,0.006897499999999996,-0.28921450000000004
TEST_03772,1.7401575,0.8641034999999999,0.37733099999999997
TEST_03773,3.1743015000000008,0.6333015000000002,-0.47464300000000015
TEST_03774,3.4128085000000006,-0.9701669999999998,-0.6150560000000002
TEST_03775,3.687163,-0.125086,-0.503136
TEST_03776,2.35982,-0.0207455,1.321057
TEST_03777,3.2736504999999996,-0.5883490000000002,0.9566144999999999
TEST_03778,3.09813,1.427797,-1.0384529999999996
TEST_03779,3.0520069999999997,0.507892,0.4412705
TEST_03780,2.0167405,1.1708335000000005,-1.0237000000000003
TEST_03781,3.3225184999999993,-0.39341099999999996,-0.18800599999999995
TEST_03782,1.1975440000000006,-0.12643149999999997,-0.23005850000000005
TEST_03783,2.781416000000001,0.40136999999999995,0.12642400000000004
TEST_03784,2.3446605,0.07377349999999999,-0.08257849999999997
TEST_03785,3.7134980000000004,1.2026585000000005,1.5496400000000001
TEST_03786,2.340265499999999,0.023391500000000003,-0.3770724999999999
TEST_03787,4.359707500000001,0.6178960000000002,0.23141699999999993
TEST_03788,2.5348415000000006,0.002609000000000002,-0.1121045
TEST_03789,4.597600499999999,0.5551925000000002,-0.39464849999999996
TEST_03790,1.6334624999999998,-0.6684829999999999,0.3739840000000001
TEST_03791,1.5382610000000003,0.350194,0.0025400000000000015
TEST_03792,1.4057965000000001,0.4312434999999999,0.128871
TEST_03793,2.8975049999999998,-0.3104410000000001,0.6276489999999997
TEST_03794,1.7153325000000001,-0.22120350000000003,0.09406799999999996
TEST_03795,1.560099,-0.3922714999999999,0.32471300000000003
TEST_03796,2.5626584999999995,0.4257329999999999,-0.2412019999999999
TEST_03797,2.806003499999999,1.817176,-0.2479795000000001
TEST_03798,2.529672499999999,-0.5545625000000001,0.17887799999999993
TEST_03799,3.3148309999999994,1.6618665,0.34448400000000007
TEST_03800,3.9348490000000007,-0.15542899999999998,0.10396649999999999
TEST_03801,4.604911500000001,1.7703694999999997,0.4620715
TEST_03802,2.4264300000000008,1.8351615,1.5135395000000003
TEST_03803,1.0064985000000002,-0.6928624999999997,-0.23289949999999998
TEST_03804,1.9560089999999999,0.6924415000000002,0.5074235000000001
TEST_03805,2.508372499999999,-0.49545749999999983,-0.2467815
TEST_03806,2.4356695,-0.6719039999999998,0.5882959999999999
TEST_03807,2.764519000000001,0.25816249999999996,-0.7208350000000002
TEST_03808,5.509250500000002,0.20521150000000002,-0.5208869999999999
TEST_03809,3.7824155000000004,0.06585650000000001,0.07737050000000001
TEST_03810,2.6868395,0.08498749999999998,0.456502
TEST_03811,3.376875,-0.26526199999999994,0.014591000000000005
TEST_03812,4.8410785,1.4850415,1.7235455
TEST_03813,1.5432095000000001,0.33319050000000006,-0.247117
TEST_03814,1.4553390000000002,-0.7364435000000003,0.30736349999999996
TEST_03815,2.1340655,-0.05668200000000002,-0.2308405
TEST_03816,3.153464,1.0513274999999997,-0.023771999999999998
TEST_03817,1.4733875000000007,-0.11517499999999999,0.37889949999999994
TEST_03818,5.427908499999999,1.539602,1.0749954999999998
TEST_03819,2.6931325,-0.8227725000000001,-0.23594500000000002
TEST_03820,1.2469245000000004,0.15717100000000003,-0.044531499999999995
TEST_03821,3.1695470000000006,0.07411750000000006,1.1233185
TEST_03822,2.154346500000001,-0.220372,-0.17804950000000005
TEST_03823,3.1382575000000013,-0.997193,-0.26944
TEST_03824,2.853867,-0.3156005000000002,-0.31485149999999995
TEST_03825,1.3498154999999998,-0.3574545,-0.5468694999999997
TEST_03826,1.3666100000000005,0.23150599999999985,-0.086443
TEST_03827,1.3137835000000004,-0.105457,-0.24054600000000004
TEST_03828,2.531434,-0.5458345,0.3716395
TEST_03829,3.5990885000000006,1.4246179999999997,-0.19969099999999995
TEST_03830,2.8475925,1.6434270000000004,-0.5435020000000002
TEST_03831,2.2847125000000004,0.203197,-0.142052
TEST_03832,3.1661010000000007,0.22710450000000004,0.2415885000000001
TEST_03833,3.7803045000000006,-2.5167620000000004,1.0513740000000003
TEST_03834,2.0185019999999994,-0.11272750000000004,0.5118654999999999
TEST_03835,1.1015775000000003,0.010157999999999997,0.015254
TEST_03836,2.939297999999999,0.438666,0.8392595
TEST_03837,2.7819890000000007,0.3303229999999999,0.42898300000000006
TEST_03838,1.1639784999999994,-0.19528499999999993,-0.24652300000000005
TEST_03839,1.7231710000000002,0.39366199999999996,-0.458481
TEST_03840,2.4153319999999994,-0.7510835,0.8259445000000001
TEST_03841,4.6932855,0.07250350000000003,0.37601350000000006
TEST_03842,3.8147595000000005,-1.0910784999999998,0.5359455000000001
TEST_03843,1.5135095000000003,0.46388050000000014,-0.618027
TEST_03844,1.7241410000000004,0.05966500000000001,0.2014185
TEST_03845,1.985611,-0.6841399999999999,0.5661314999999999
TEST_03846,4.592180000000001,-0.5825545,-0.6814709999999997
TEST_03847,3.6565989999999995,-1.1900419999999998,-0.13328950000000006
TEST_03848,2.5226795000000006,-0.679777,0.40741299999999997
TEST_03849,3.4610624999999993,-0.14482450000000005,-0.0328205
TEST_03850,1.7874844999999997,0.45796400000000004,0.16415999999999994
TEST_03851,3.0872925,0.17245149999999992,-0.2706495
TEST_03852,1.1891340000000001,-0.44934199999999996,0.13258799999999998
TEST_03853,1.8899464999999998,-0.07399199999999999,0.1117725
TEST_03854,1.7844335,1.553629,-0.7387340000000002
TEST_03855,1.7138904999999998,0.727932,0.3986139999999999
TEST_03856,1.5699504999999994,0.9352759999999998,-0.3693000000000001
TEST_03857,2.322213999999999,-0.3349175,0.8007290000000002
TEST_03858,3.6654915,-0.8720559999999999,-1.1004965000000002
TEST_03859,2.7919989999999997,-0.8297895000000001,0.5982065000000003
TEST_03860,2.8301424999999996,-0.033202499999999996,-0.300249
TEST_03861,2.693171999999999,0.09627849999999996,-0.42937149999999996
TEST_03862,1.915025,-0.3172729999999999,0.025798499999999995
TEST_03863,3.690275500000001,-0.5233704999999997,0.7153875000000002
TEST_03864,2.5789559999999994,-0.19499800000000006,0.7843644999999999
TEST_03865,4.229375500000001,1.2745019999999996,0.15464599999999992
TEST_03866,3.3345819999999993,0.17280100000000004,0.9046705000000002
TEST_03867,3.261628,0.5981195,0.43086599999999986
TEST_03868,2.9866779999999986,-0.49007799999999996,-0.17424299999999995
TEST_03869,3.0918574999999997,-1.4149145000000003,0.16463649999999996
TEST_03870,2.0613224999999993,-0.0127845,0.45809200000000005
TEST_03871,2.8094124999999996,0.7603335,0.060590499999999985
TEST_03872,3.7455540000000007,0.9618395000000001,0.8827825
TEST_03873,2.5968124999999995,-1.3336305,0.6798395000000003
TEST_03874,2.0459235,-0.31681799999999993,0.32809449999999984
TEST_03875,2.023995,0.005379999999999997,-0.21401449999999997
TEST_03876,3.1557330000000006,-1.080532,-0.2904430000000001
TEST_03877,1.5851755,-0.08765,0.3809465
TEST_03878,3.7264150000000003,0.044008000000000005,-0.4504120000000001
TEST_03879,5.391722,-1.6408239999999998,-0.5708184999999999
TEST_03880,3.632672500000001,-1.823433,0.6860880000000003
TEST_03881,4.8831430000000005,-1.6695259999999998,-0.7825179999999997
TEST_03882,3.146502000000001,1.1358585000000003,0.870825
TEST_03883,1.195901,0.49601449999999986,0.2202385
TEST_03884,3.220690500000001,0.9589039999999999,-0.7307764999999999
TEST_03885,2.5396545000000006,0.955033,-0.49083350000000003
TEST_03886,2.2490459999999994,0.6604800000000002,0.26795549999999996
TEST_03887,3.998171499999998,-0.09970799999999996,-0.7074995
TEST_03888,4.423668499999998,-0.8671955,0.8826780000000001
TEST_03889,2.8964799999999995,0.025150999999999993,-0.07919249999999996
TEST_03890,1.4715835,0.05136050000000001,-0.1501305
TEST_03891,1.805949,0.2578365,-0.046381500000000006
TEST_03892,1.9758959999999997,-0.17952699999999994,0.404787
TEST_03893,1.3293459999999997,0.03373750000000002,0.3000324999999999
TEST_03894,2.7102919999999995,0.20323300000000008,1.3430225000000002
TEST_03895,1.9729945,0.8624700000000001,-0.2707265000000001
TEST_03896,1.9703225,0.12593250000000003,-0.5997309999999997
TEST_03897,1.794985,-0.6651440000000002,0.20097299999999996
TEST_03898,1.0808794999999995,-0.4676330000000001,-0.20151150000000007
TEST_03899,4.519737000000002,-0.5273939999999999,-0.16129300000000008
TEST_03900,1.9503685,-0.29004850000000004,-0.39099950000000006
TEST_03901,1.7941360000000002,-0.15374449999999998,0.2792935
TEST_03902,1.8686150000000001,-0.16414999999999996,-0.39193049999999996
TEST_03903,3.2756035,-0.7132665,-0.8865534999999999
TEST_03904,1.5799655000000004,0.29920549999999985,0.34183650000000004
TEST_03905,4.155603000000001,-1.0749984999999995,1.1293365000000004
TEST_03906,2.600733999999999,0.066717,-0.7444255000000002
TEST_03907,4.315868000000002,-0.152576,0.34429249999999995
TEST_03908,2.7107,-0.178841,0.26205350000000005
TEST_03909,2.2555194999999992,-0.11947700000000003,-1.0970000000000002
TEST_03910,4.5938165,1.5045220000000001,0.4896094999999999
TEST_03911,1.3048105000000003,-0.3200055000000001,0.14530300000000004
TEST_03912,2.7026205000000005,-1.1365455000000004,1.3036399999999997
TEST_03913,3.3605195000000005,-0.7422989999999998,0.8480924999999997
TEST_03914,3.3396680000000005,0.1851895,-0.06007850000000002
TEST_03915,1.8458275000000004,-0.5179414999999998,-0.5284755000000003
TEST_03916,3.4762770000000005,1.9022605000000001,0.372895
TEST_03917,1.9350304999999999,0.0007895000000000124,0.31544799999999995
TEST_03918,2.5604715,-1.2236200000000002,1.063023
TEST_03919,3.065298500000001,1.2999544999999997,-0.5859824999999999
TEST_03920,3.67638,1.1657700000000002,0.6538125000000001
TEST_03921,2.3415240000000006,-0.22091850000000005,-0.7219595000000001
TEST_03922,2.928101,-0.8630670000000003,0.9110119999999999
TEST_03923,2.439186499999999,-1.9496820000000001,0.5151585000000001
TEST_03924,2.0218245,-0.7449719999999997,-0.18657349999999995
TEST_03925,1.389481,-0.129011,-0.03344150000000001
TEST_03926,4.277531499999998,-1.1145674999999997,-0.6900630000000001
TEST_03927,4.4570505,-0.5688170000000001,0.6472840000000002
TEST_03928,0.7661205,0.15020900000000004,-0.1113705
TEST_03929,2.9008555000000005,-0.29534449999999995,-0.13825749999999992
TEST_03930,2.0830699999999998,-0.21605650000000004,-0.1841615
TEST_03931,1.7604394999999997,-0.3117944999999999,0.12028150000000001
TEST_03932,4.794315999999999,0.3488579999999999,0.38960149999999993
TEST_03933,2.6887144999999997,-0.5131069999999999,0.2957515000000001
TEST_03934,3.1442265000000003,0.6711345,0.2771085
TEST_03935,2.2010165000000006,-0.2704135,-0.5896695000000001
TEST_03936,2.8454785000000005,0.544279,1.0562155000000004
TEST_03937,2.1867805000000002,-0.33735650000000006,0.8725535
TEST_03938,2.4818419999999994,-0.8970679999999998,0.307041
TEST_03939,1.4298384999999993,0.4955314999999999,0.031731499999999996
TEST_03940,1.5340680000000004,0.5477964999999998,0.12365300000000001
TEST_03941,3.199100500000001,-0.276272,0.059816999999999974
TEST_03942,1.7849919999999997,0.22636100000000003,0.20336299999999996
TEST_03943,1.2059334999999995,-0.5352965000000001,-0.4276095
TEST_03944,2.4693104999999993,0.16355050000000004,-0.07043450000000004
TEST_03945,2.4175439999999995,-0.8197895,0.18525500000000003
TEST_03946,1.4376525000000004,-0.31218049999999997,0.3087215
TEST_03947,3.2013109999999987,-0.010066499999999992,-0.5572775000000002
TEST_03948,2.859863500000001,-0.6723244999999999,-0.6599309999999998
TEST_03949,2.861975,1.59958,-0.05459
TEST_03950,1.048149,0.7786675000000001,0.253834
TEST_03951,2.729745500000001,0.4654789999999999,-0.15126299999999998
TEST_03952,3.6417590000000004,-0.21857450000000003,1.6459995
TEST_03953,2.400795500000001,1.0612005,-0.6035110000000001
TEST_03954,2.499642999999999,-0.11491800000000002,-0.4433640000000001
TEST_03955,1.8051409999999997,-0.620954,0.2257365
TEST_03956,3.055077,-1.0453019999999995,-0.7180309999999999
TEST_03957,1.6829050000000003,0.37475850000000016,-0.041367
TEST_03958,2.762219999999999,1.2875954999999992,0.9431940000000001
TEST_03959,2.9743080000000006,0.633057,1.3064240000000003
TEST_03960,1.9811079999999999,-0.6370219999999998,0.32324450000000005
TEST_03961,2.6479829999999995,0.12247350000000004,-0.4212135
TEST_03962,0.8738499999999999,0.3802175000000001,-0.3564784999999999
TEST_03963,2.5874479999999993,1.3833739999999999,-0.7883534999999999
TEST_03964,3.0010174999999997,-0.0382815,0.46340800000000004
TEST_03965,1.0024085000000003,0.34886550000000005,-0.32446599999999987
TEST_03966,1.5506144999999998,0.36165249999999993,0.31386699999999995
TEST_03967,2.5261294999999997,-0.05202350000000001,-0.15120849999999997
TEST_03968,2.1263299999999994,-0.8434889999999997,-0.17239300000000005
TEST_03969,2.1170955,-0.32137399999999994,-0.2864279999999999
TEST_03970,1.8861480000000002,0.3191014999999999,-0.673432
TEST_03971,3.6949195,-0.7873055,0.33422050000000003
TEST_03972,2.5838825000000005,0.5113314999999999,-0.7964929999999999
TEST_03973,2.5510544999999993,-0.011868,0.49349049999999994
TEST_03974,3.6730165,-1.1496469999999999,-0.7773554999999999
TEST_03975,3.5282774999999997,-0.574049,-0.10254150000000001
TEST_03976,1.7157330000000002,-0.9409645,-0.30043349999999996
TEST_03977,1.5844899999999997,0.29928449999999995,0.026869999999999995
TEST_03978,3.9702574999999998,-0.28325700000000004,0.10683500000000001
TEST_03979,2.0983010000000006,-0.765684,-0.173294
TEST_03980,3.1195635,-0.839606,0.14408949999999995
TEST_03981,1.584051,0.3506235000000001,0.5453155
TEST_03982,1.7336974999999997,0.685074,0.006040499999999996
TEST_03983,3.168948500000001,0.6413285,-0.338677
TEST_03984,1.6873074999999997,0.3174585000000001,0.6380615000000001
TEST_03985,3.174569000000001,1.1365805000000002,-0.6970179999999999
TEST_03986,2.1855639999999994,0.33541150000000003,-0.34735249999999995
TEST_03987,4.487572500000001,-0.0706695,0.533385
TEST_03988,1.4588745000000003,0.4584709999999997,-0.3517284999999999
TEST_03989,3.6684114999999995,1.2271640000000006,-0.6686825
TEST_03990,4.8091954999999995,-0.512288,0.4659564999999999
TEST_03991,1.5679019999999997,0.14595100000000003,0.0237065
TEST_03992,2.115204000000001,1.4101424999999996,-0.8696135000000003
TEST_03993,2.4270385,-0.18773099999999998,-0.150306
TEST_03994,2.8165305,0.31179199999999985,0.9339945000000002
TEST_03995,2.115454999999999,-0.336603,-0.010441000000000002
TEST_03996,3.0095479999999997,-0.208953,0.6650684999999998
TEST_03997,2.1948820000000007,-0.3501559999999999,0.07989
TEST_03998,3.3884105000000004,0.712295,-0.452209
TEST_03999,5.405885999999999,1.3155685,0.8424345000000002
TEST_04000,2.379251,0.11650750000000001,0.26738300000000004
TEST_04001,4.696251499999999,-0.16413349999999996,0.7602825
TEST_04002,3.579511,0.951319,1.3752999999999993
TEST_04003,3.1661024999999987,1.8198524999999997,-0.795277
TEST_04004,3.2746174999999997,-0.1025945,0.2562685
TEST_04005,1.4741825,-0.3199145,0.06199
TEST_04006,1.176374,-0.33973050000000005,0.3979705
TEST_04007,3.5763565,1.2312220000000003,-0.47793200000000013
TEST_04008,2.0073385000000004,0.9044655000000001,0.5168055000000001
TEST_04009,1.2445784999999996,0.1430095,0.31123
TEST_04010,3.085850999999999,0.0253595,-0.8211269999999999
TEST_04011,1.4987854999999999,-0.04797800000000001,0.15900850000000002
TEST_04012,3.3706025000000013,1.1828304999999997,-0.6461234999999999
TEST_04013,2.5110985,0.7020664999999999,-0.26737849999999996
TEST_04014,2.0141244999999994,-0.9183944999999999,-0.12178450000000002
TEST_04015,1.9048785000000004,-0.3084585000000001,-0.21584200000000003
TEST_04016,1.162242,0.24902000000000002,-0.36506500000000003
TEST_04017,1.4742199999999999,0.4726135,0.4815705
TEST_04018,4.9597570000000015,-1.0325605000000002,1.6298385
TEST_04019,1.8502835000000002,0.23723050000000012,0.37987799999999994
TEST_04020,1.917774,0.11604450000000002,-0.12653599999999998
TEST_04021,2.4079635,-0.4521255000000001,-0.7631735
TEST_04022,1.6064745000000002,-0.28145050000000005,0.22703899999999996
TEST_04023,3.5183729999999995,-0.16739199999999996,0.31050449999999996
TEST_04024,1.4826824999999997,-0.24318249999999997,-0.41265450000000004
TEST_04025,2.663212999999999,1.3059214999999995,0.45743600000000006
TEST_04026,1.8346049999999998,-0.071243,-0.26365000000000005
TEST_04027,2.635636500000001,0.249189,-0.7480919999999998
TEST_04028,2.8127475,0.11638849999999994,0.3819600000000001
TEST_04029,4.123611,1.3492444999999997,-1.0553900000000003
TEST_04030,3.1059734999999997,1.449292,-0.7646370000000001
TEST_04031,2.845236,-0.21453850000000002,0.35971949999999997
TEST_04032,2.688036499999999,-1.3247474999999995,-0.53518
TEST_04033,2.7436894999999994,-1.5126789999999999,0.808498
TEST_04034,3.7573269999999996,-0.24625299999999997,-0.14281550000000004
TEST_04035,2.1764484999999993,-0.8779520000000003,-0.883346
TEST_04036,2.838909,-1.2833915,0.6627865
TEST_04037,1.2831435,0.39159599999999994,-0.1562655
TEST_04038,3.244425500000001,-0.04763700000000001,-0.2504225000000001
TEST_04039,4.881722000000002,-0.873947,-0.06823300000000002
TEST_04040,2.1740330000000005,-0.22206250000000002,0.4006544999999999
TEST_04041,5.1028845,1.2316544999999999,0.8074205000000002
TEST_04042,2.9472875,1.0939959999999997,-0.5645489999999997
TEST_04043,4.251327499999999,-2.233314000000001,-0.422011
TEST_04044,3.2060600000000004,-0.18943750000000006,1.1079359999999996
TEST_04045,2.2557125,-0.935476,0.7871724999999998
TEST_04046,2.6311870000000006,0.6935785000000001,-0.5438025
TEST_04047,1.457579,0.637919,-0.313825
TEST_04048,3.392688499999999,-1.935501,-0.1238155
TEST_04049,1.6592415000000003,0.44033150000000004,0.18892149999999996
TEST_04050,3.2263635000000006,-0.14298750000000002,0.233881
TEST_04051,1.4951044999999998,-0.335639,0.342402
TEST_04052,4.5316329999999985,-0.9826085,1.3959974999999996
TEST_04053,2.328815,0.4584145,-0.17279850000000008
TEST_04054,0.7758769999999997,-0.5510985,0.4429390000000001
TEST_04055,3.0360899999999997,0.9509535000000001,0.7414379999999998
TEST_04056,2.932052,-0.1086595,0.23894050000000006
TEST_04057,1.5782575000000003,0.2997215000000001,0.31947599999999987
TEST_04058,4.597106500000001,0.45533200000000007,0.8150145
TEST_04059,4.695416000000002,-0.9186055000000001,-0.800613
TEST_04060,2.1032965,0.15573549999999997,-0.5398904999999998
TEST_04061,2.5773449999999993,0.0289535,0.957951
TEST_04062,1.3890600000000002,0.1905855,0.2561409999999999
TEST_04063,1.2060045000000001,-0.07814200000000002,-0.21559750000000005
TEST_04064,2.6317314999999994,-0.214615,0.6379094999999998
TEST_04065,5.560687,-0.07215649999999997,0.686094
TEST_04066,2.7839449999999992,0.5108594999999998,-0.7711259999999998
TEST_04067,2.5717615,-0.023035,-0.07385899999999997
TEST_04068,1.725717,0.47442349999999994,-0.2836319999999999
TEST_04069,2.0710065,-1.0442574999999994,0.8211869999999999
TEST_04070,2.266195999999999,-0.7914380000000001,-0.7581614999999998
TEST_04071,3.2080575000000002,0.4801904999999999,0.385436
TEST_04072,2.8690809999999995,-1.7567145000000002,-0.19123300000000001
TEST_04073,3.3832214999999994,-0.6377704999999998,-0.10219750000000002
TEST_04074,2.782740499999999,-0.3434655000000001,0.11447600000000002
TEST_04075,1.3070889999999997,-0.49128599999999994,-0.19236550000000002
TEST_04076,3.8948815000000003,1.0466910000000005,-0.05748249999999996
TEST_04077,1.9041934999999999,-0.8246410000000002,0.1154925
TEST_04078,1.3110705,-0.21196450000000003,0.45431499999999997
TEST_04079,4.917365499999999,-1.3084320000000007,-0.15846850000000007
TEST_04080,3.089901000000001,-0.7784369999999996,1.0621560000000003
TEST_04081,3.162274999999999,1.0953724999999999,-0.34882050000000003
TEST_04082,3.446488,1.0968025000000008,0.35917499999999997
TEST_04083,1.977303,0.6018374999999999,0.4311084999999999
TEST_04084,3.032753499999999,1.013026,0.9808615000000003
TEST_04085,1.4445515000000007,-0.21686099999999991,0.218177
TEST_04086,1.7549255000000001,0.07743149999999999,0.36813300000000015
TEST_04087,4.554169999999999,0.556181,-0.3988764999999999
TEST_04088,1.6117905000000001,0.8146205000000001,-0.3650890000000001
TEST_04089,3.701077,0.049128,-0.3051335
TEST_04090,2.5960745,0.30348800000000004,-0.7181249999999999
TEST_04091,2.2156730000000016,0.24925149999999996,0.09429250000000002
TEST_04092,1.2856410000000005,-0.17361650000000003,0.4522114999999999
TEST_04093,1.1182415,0.07157699999999999,0.174359
TEST_04094,2.1393565,0.7722210000000003,0.454496
TEST_04095,2.6148654999999996,0.5997100000000001,-0.356536
TEST_04096,2.3648754999999992,-0.6344160000000003,0.30994600000000005
TEST_04097,3.127738000000001,-0.7172960000000002,0.0522295
TEST_04098,3.6140125000000003,-1.070967,-0.6153214999999999
TEST_04099,3.2408864999999993,0.060939999999999994,-1.0474509999999997
TEST_04100,2.0957700000000017,-0.35428600000000005,-0.3977164999999999
TEST_04101,3.17025,0.05018549999999999,-0.077518
TEST_04102,1.8058969999999994,0.031749,-0.14610850000000003
TEST_04103,3.137627,0.8185614999999999,-0.6832029999999998
TEST_04104,2.1289939999999996,0.040782999999999986,0.5000064999999999
TEST_04105,5.262115499999999,1.4267985000000003,1.8788949999999998
TEST_04106,2.2408935000000003,-0.5353490000000001,-1.065738
TEST_04107,3.4487175,0.7034795,0.702787
TEST_04108,3.2583490000000004,0.4049615,-0.9298760000000001
TEST_04109,3.335960000000001,1.0819984999999996,0.693999
TEST_04110,5.266100000000002,1.115756,1.9911770000000004
TEST_04111,2.6867344999999996,0.6582995,0.3613080000000001
TEST_04112,2.2840039999999995,-0.3805144999999999,0.7369015
TEST_04113,2.510315,-0.5567905,0.18251650000000003
TEST_04114,2.592164500000001,-0.2444704999999999,-0.594911
TEST_04115,2.245916499999999,0.9101925,0.85562
TEST_04116,4.642100000000001,1.438331,0.08765699999999998
TEST_04117,2.0329575,-0.7605685000000001,0.09589400000000003
TEST_04118,1.3773864999999998,0.1330935000000001,0.20070300000000002
TEST_04119,4.493083,-1.2136009999999993,0.5936744999999999
TEST_04120,3.8967525000000007,0.7657194999999999,-1.328995
TEST_04121,4.847920499999999,0.24427000000000004,1.1343195000000001
TEST_04122,2.2557915,0.7228725,0.9133619999999999
TEST_04123,2.5454664999999994,1.5234400000000003,0.059546499999999995
TEST_04124,1.7533205,-0.3282575,-0.17579099999999998
TEST_04125,2.1760835,0.9843475000000005,0.123984
TEST_04126,3.6539139999999994,-0.6788659999999999,-0.18374799999999997
TEST_04127,1.237359,0.3026105,0.24923849999999995
TEST_04128,2.9808330000000005,2.4909240000000006,-0.061313999999999994
TEST_04129,4.115449,0.3179774999999999,0.7503000000000001
TEST_04130,3.5076744999999994,-0.142844,1.0116975000000001
TEST_04131,4.153828999999998,0.2640944999999999,0.15188600000000002
TEST_04132,2.4004505,0.7111025,0.7475459999999998
TEST_04133,1.5046429999999997,0.3576674999999999,0.26441249999999994
TEST_04134,3.4395749999999987,0.5989555,-1.0351660000000003
TEST_04135,1.5234370000000002,0.6481924999999997,0.083756
TEST_04136,2.5658605000000003,0.1517035,-0.5456044999999996
TEST_04137,3.158118000000001,-1.7954335000000001,0.3926799999999999
TEST_04138,4.8028175,1.3018900000000002,0.12969199999999997
TEST_04139,1.8690555000000006,-0.3372785000000001,-0.5245769999999997
TEST_04140,2.501075000000001,-0.1191495,-0.028668500000000003
TEST_04141,3.0840864999999997,-0.5292,-0.6936699999999998
TEST_04142,1.9178289999999998,0.08897099999999998,-0.34684950000000014
TEST_04143,2.5749880000000007,-0.1272815,0.6838015000000002
TEST_04144,3.338621999999999,-0.39327099999999987,0.32046150000000007
TEST_04145,4.646320000000001,1.5737764999999997,0.6543315000000001
TEST_04146,1.8496200000000003,0.5820014999999996,-0.7225800000000002
TEST_04147,2.752941999999999,0.15499399999999997,0.9998249999999993
TEST_04148,2.5329130000000006,0.056215,-0.09755900000000002
TEST_04149,4.225227499999997,1.5756385000000002,-0.421241
TEST_04150,1.5553144999999997,-0.5167025000000001,0.42565600000000003
TEST_04151,3.1206490000000002,-0.7914895000000004,-0.5786940000000002
TEST_04152,1.8704189999999996,-0.772721,0.7483759999999999
TEST_04153,1.880327,0.9898225000000002,0.5791534999999999
TEST_04154,2.7445280000000007,0.018838000000000004,0.026514000000000024
TEST_04155,2.475069500000001,-0.10902099999999995,-0.39797799999999994
TEST_04156,2.7775375000000007,-0.200405,-0.14840099999999998
TEST_04157,2.2634985,-0.33945000000000014,-0.6149805000000002
TEST_04158,3.534145,1.0680594999999995,0.26261250000000014
TEST_04159,5.0647455,-1.5200234999999997,2.039956
TEST_04160,2.6961105000000005,0.3021479999999999,0.15307450000000006
TEST_04161,4.858383500000002,2.2644515000000003,1.1990439999999998
TEST_04162,4.1591415000000005,0.7448869999999999,-0.5642850000000003
TEST_04163,1.1595339999999998,-0.816836,0.24847199999999994
TEST_04164,2.2507595000000005,-0.18255700000000005,0.1669925
TEST_04165,2.590421,1.0130255,-0.6580599999999999
TEST_04166,4.687623500000001,0.9487845000000001,0.5351494999999998
TEST_04167,0.898045,0.21324100000000007,-0.12495250000000005
TEST_04168,3.8853014999999997,1.6572019999999998,-0.06644600000000003
TEST_04169,2.0610155000000003,-0.45302500000000007,-0.26500599999999985
TEST_04170,2.8775885000000003,-0.03974650000000001,0.03269299999999998
TEST_04171,2.1127879999999992,-0.34832699999999983,0.47612299999999996
TEST_04172,4.321552,0.41636399999999985,-0.223439
TEST_04173,1.259033,-0.4093219999999999,-0.010650500000000002
TEST_04174,1.30748,0.08962750000000003,0.5938670000000001
TEST_04175,3.963727499999999,0.9539299999999998,0.3400620000000001
TEST_04176,2.072738500000001,0.10950500000000002,-0.28799449999999993
TEST_04177,1.5950179999999996,-0.36215700000000006,-0.37156700000000004
TEST_04178,2.087309499999999,-1.4091704999999999,0.9012179999999999
TEST_04179,2.676835,0.7109889999999999,-0.7774179999999999
TEST_04180,2.7808944999999996,0.49088900000000013,0.7621550000000001
TEST_04181,1.5545290000000003,-0.3650789999999999,0.082701
TEST_04182,1.3158624999999997,0.6389034999999998,-0.1793685
TEST_04183,3.736657499999999,-0.16644200000000003,-0.30006150000000004
TEST_04184,4.019798499999999,-0.14458700000000002,0.28824849999999996
TEST_04185,3.230429,-0.5722935,-0.5661570000000002
TEST_04186,2.6600650000000003,-0.11026500000000003,-0.0967555
TEST_04187,3.990216999999999,0.5058065,0.3541584999999998
TEST_04188,2.134171000000001,0.9226450000000002,0.40414300000000003
TEST_04189,3.9729249999999996,-0.5067699999999998,0.9254444999999999
TEST_04190,1.8299545000000002,1.1609580000000004,-0.5048020000000002
TEST_04191,2.5531419999999994,0.6696665000000003,-0.2233669999999999
TEST_04192,3.570808500000001,1.4460099999999998,1.1861025000000005
TEST_04193,2.717027,-0.09465000000000001,0.3968455
TEST_04194,3.1095515000000002,0.2815605,0.34384250000000005
TEST_04195,1.4619424999999997,-0.6061304999999997,0.46829399999999993
TEST_04196,2.0608199999999997,-0.3168669999999999,0.025265000000000003
TEST_04197,1.7182950000000001,0.7591440000000003,0.299277
TEST_04198,2.1760220000000006,-0.2783824999999999,-0.020380499999999996
TEST_04199,3.8288054999999996,-1.602818,-0.185299
TEST_04200,3.144023,0.093293,0.35093149999999995
TEST_04201,4.259469499999999,-0.30700249999999996,0.8963370000000003
TEST_04202,1.2416375000000002,-0.44245349999999994,-0.5812099999999999
TEST_04203,2.0329119999999996,1.3160175000000003,-0.6806525
TEST_04204,2.631205999999999,-0.47467799999999993,-0.3938779999999999
TEST_04205,1.9541520000000001,-0.8314689999999998,0.16719299999999998
TEST_04206,3.4177235,0.8059524999999998,-0.5420179999999999
TEST_04207,3.7501274999999996,0.6681025000000003,0.32084899999999994
TEST_04208,2.665678000000001,-2.051310999999999,-0.4458635
TEST_04209,3.755195,-0.021165999999999997,-0.0765025
TEST_04210,2.1834430000000005,-0.06316900000000007,0.454898
TEST_04211,2.3213335000000015,0.10031850000000003,0.0003955000000000035
TEST_04212,2.4035900000000003,0.653931,0.4298240000000001
TEST_04213,1.0862760000000002,-0.09708899999999998,0.29887300000000017
TEST_04214,1.3997905,0.6043045000000001,0.46108200000000005
TEST_04215,1.1117419999999996,0.421276,-0.13160500000000003
TEST_04216,3.238970499999999,0.9642409999999998,-0.9627380000000001
TEST_04217,1.6767384999999997,0.4832235000000001,0.3323400000000001
TEST_04218,4.0314225,-0.17838949999999998,1.2459034999999998
TEST_04219,2.4056404999999996,0.8079869999999999,0.9392219999999999
TEST_04220,2.4583920000000004,-0.7017825000000001,0.644691
TEST_04221,3.213558000000001,0.3443750000000001,0.38565949999999993
TEST_04222,1.3265695000000002,0.34147399999999994,0.322203
TEST_04223,3.9709139999999996,-0.3098635,1.1951465
TEST_04224,4.057997500000001,0.09617499999999991,-0.6501279999999998
TEST_04225,2.5924139999999998,1.697101,0.5415724999999997
TEST_04226,3.3407819999999995,-0.03498600000000001,0.764156
TEST_04227,2.951565,0.6494254999999999,0.7266219999999999
TEST_04228,1.9610729999999998,-0.069519,0.2793610000000002
TEST_04229,2.5679289999999995,1.6822735000000004,1.2343435000000005
TEST_04230,3.2862685,1.1184055000000004,0.10390549999999997
TEST_04231,2.4444030000000003,-0.20743799999999993,-0.09355649999999999
TEST_04232,1.5171999999999999,-0.22830899999999998,0.5551385
TEST_04233,3.3833200000000003,2.095136,1.0104395
TEST_04234,3.159269,0.7694455,-0.8898114999999996
TEST_04235,1.4541619999999997,0.47648400000000013,0.03347700000000001
TEST_04236,1.3748765000000005,-0.6541505000000003,0.218225
TEST_04237,2.1661610000000007,0.7376034999999996,-0.30221450000000005
TEST_04238,1.2032289999999999,0.20576300000000003,0.15024550000000003
TEST_04239,3.2736574999999997,-0.868168,0.9788819999999998
TEST_04240,4.678837499999998,-0.45520250000000007,-0.124608
TEST_04241,2.522829499999999,0.7643529999999997,-0.36047949999999995
TEST_04242,1.9572879999999997,-1.2001629999999996,-0.4394865
TEST_04243,2.785991,-0.7279850000000002,-0.09683199999999997
TEST_04244,2.502116,-1.1188179999999999,1.0255824999999996
TEST_04245,2.620392999999999,0.9802605,-0.5973785000000003
TEST_04246,3.5198235,0.4995624999999999,-0.34255900000000006
TEST_04247,2.3000089999999997,0.43449050000000017,-0.5632420000000001
TEST_04248,4.808547999999998,1.9833559999999995,0.21504799999999996
TEST_04249,2.098360499999999,0.05255700000000002,0.3136924999999998
TEST_04250,2.5815235000000007,-0.027036500000000005,0.158188
TEST_04251,4.127953999999999,0.41244450000000005,-0.1751405
TEST_04252,3.1175165000000007,1.5912249999999997,0.298162
TEST_04253,0.7322914999999997,-0.04738150000000001,0.10109099999999996
TEST_04254,2.716991,-0.48606100000000024,1.201205
TEST_04255,1.043949,-0.2847055,0.22488150000000004
TEST_04256,2.7045794999999995,-0.562057,0.8674899999999999
TEST_04257,2.2609770000000005,1.3417355000000004,-0.5974234999999999
TEST_04258,1.8247594999999994,-1.2662719999999998,-0.426686
TEST_04259,4.097163999999998,-0.6802000000000001,-1.1008125000000004
TEST_04260,1.6154580000000003,0.17866300000000007,-0.41509699999999994
TEST_04261,1.1355724999999999,-0.5018730000000001,0.12178799999999998
TEST_04262,1.6980830000000005,0.021125499999999995,0.07543449999999999
TEST_04263,4.027911999999999,-0.6484410000000003,1.1899305000000002
TEST_04264,3.3631979999999997,0.2900870000000001,0.026306000000000003
TEST_04265,1.7601535000000001,0.5216915000000001,1.0345149999999999
TEST_04266,1.1050255,0.2561205000000001,0.460418
TEST_04267,3.5323595,-0.0893025,0.014098000000000006
TEST_04268,2.6333974999999996,-1.0907520000000002,0.6271925
TEST_04269,3.2264910000000007,0.8200014999999999,0.1963405
TEST_04270,3.4244155,0.7681039999999997,-0.3831834999999999
TEST_04271,2.4322995,0.49366200000000027,-0.08944500000000002
TEST_04272,2.946339,-1.3569739999999997,0.2682859999999999
TEST_04273,2.3329710000000006,-0.9239184999999996,0.5029394999999999
TEST_04274,1.4346280000000005,-0.4737975,0.11019000000000001
TEST_04275,1.4402735000000002,0.05928399999999997,-0.04167900000000001
TEST_04276,2.826155,-1.9977514999999988,0.7012915
TEST_04277,3.3230355000000005,2.1837830000000005,-0.23328300000000002
TEST_04278,3.176724000000001,-1.6505944999999997,1.0026870000000003
TEST_04279,3.182333999999999,-1.9256784999999996,-0.6885785
TEST_04280,4.3758225,2.438512000000001,-0.17105800000000007
TEST_04281,2.6231515000000005,-0.4866355000000001,-0.5881174999999997
TEST_04282,3.1308029999999993,-0.791614,0.8742124999999998
TEST_04283,1.6706545,-1.5135795,-0.45137949999999993
TEST_04284,1.067307,-0.40053949999999994,0.43159500000000006
TEST_04285,2.2900045,0.20792000000000002,0.0681185
TEST_04286,2.538174000000001,0.26022349999999994,-0.28083400000000003
TEST_04287,2.4024775,1.4522610000000005,-0.8663139999999998
TEST_04288,3.3005599999999995,0.2645890000000001,-0.9742735000000006
TEST_04289,2.7013249999999998,0.48817800000000006,0.19223649999999998
TEST_04290,3.2762284999999993,-0.44926049999999995,-0.7009795000000001
TEST_04291,2.507913,-0.14617049999999995,-0.3987005000000001
TEST_04292,3.5646335,1.2357970000000003,0.2540645
TEST_04293,1.4263369999999997,0.0215885,-0.007984000000000003
TEST_04294,1.1329319999999998,0.7484645,0.4692625
TEST_04295,1.3724824999999998,-0.46588600000000013,0.13679000000000002
TEST_04296,1.5343290000000005,0.3810150000000001,0.5016394999999998
TEST_04297,2.9081504999999996,-1.8694750000000004,0.26366049999999996
TEST_04298,5.391712499999998,-1.0066920000000001,0.8818079999999999
TEST_04299,2.1940765000000013,-0.07660200000000002,0.7280715000000002
TEST_04300,1.6939520000000001,-0.2910215,0.45403800000000005
TEST_04301,2.076725,0.28400650000000005,-0.290694
TEST_04302,1.7922675,0.14943250000000002,-0.5186944999999998
TEST_04303,4.416836,-0.5350550000000001,0.8326659999999998
TEST_04304,3.7172050000000008,-0.0355185,-0.5454380000000001
TEST_04305,2.2104065000000013,-1.4673,-0.7133084999999999
TEST_04306,0.8674319999999999,0.4875585,-0.10964149999999999
TEST_04307,3.8686529999999992,-0.32930750000000003,0.100352
TEST_04308,2.7334940000000003,-0.06510350000000001,-0.4487274999999999
TEST_04309,1.9044179999999997,0.46431849999999997,0.13889300000000002
TEST_04310,1.9069655,-1.3876045000000001,0.6430035000000001
TEST_04311,1.9336425000000004,0.20166199999999995,0.09508300000000001
TEST_04312,2.6344164999999986,0.8025170000000001,0.5707555
TEST_04313,2.04555,-0.09947900000000004,0.069655
TEST_04314,2.2513065000000005,0.19118050000000003,-0.16878949999999998
TEST_04315,2.2870795,-0.09046299999999999,0.013735499999999998
TEST_04316,4.269555499999998,-2.061328,0.7314670000000002
TEST_04317,1.5040499999999999,-0.2951505,0.15047100000000005
TEST_04318,1.5318310000000006,0.6296564999999998,0.18295849999999997
TEST_04319,4.140282,-0.2751004999999999,2.2205115000000006
TEST_04320,4.4583835,0.44475399999999987,0.48801
TEST_04321,3.286660999999999,0.975722,-0.050894
TEST_04322,2.8091869999999988,1.6149789999999995,0.2498140000000001
TEST_04323,1.2526785000000005,0.17075749999999995,0.1616435
TEST_04324,1.6991809999999998,0.21972600000000003,0.17773350000000004
TEST_04325,0.8685054999999999,-0.2975635,-0.17381100000000005
TEST_04326,1.2668789999999994,-0.3436194999999999,0.030487
TEST_04327,5.141719999999999,1.5772085000000007,0.6293074999999999
TEST_04328,4.680704500000003,1.4014059999999993,-0.9549900000000004
TEST_04329,3.3259535000000002,-0.07396799999999999,0.16564999999999996
TEST_04330,1.6765525000000001,0.25048100000000006,-0.25028149999999993
TEST_04331,1.076307,-0.27274049999999994,0.10864950000000001
TEST_04332,4.213963,1.3673815,0.7457925000000002
TEST_04333,2.155249499999999,0.40040000000000003,-0.06336499999999998
TEST_04334,1.4149434999999997,-0.41364500000000004,0.3183984999999999
TEST_04335,1.2087119999999998,0.4499349999999999,0.208107
TEST_04336,1.5228450000000004,0.4105435000000001,-0.20917250000000007
TEST_04337,1.3252595000000003,0.2551985000000001,-0.32918649999999994
TEST_04338,4.3756319999999995,0.005545,-0.848128
TEST_04339,1.2681010000000001,0.59038,0.25445249999999997
TEST_04340,1.3078659999999998,0.5640274999999999,0.001406500000000001
TEST_04341,3.0087284999999993,-0.47554299999999994,0.40992749999999983
TEST_04342,1.8667165,0.6302455,0.18864149999999996
TEST_04343,1.248865,-0.22017849999999994,0.29053900000000016
TEST_04344,1.8944705000000002,0.13010850000000002,-0.3931645
TEST_04345,4.9293905,-0.4463465000000001,0.872072
TEST_04346,3.1803384999999995,0.042925,0.014862999999999998
TEST_04347,1.9262944999999996,0.7080524999999999,-0.38644999999999985
TEST_04348,1.6956070000000003,0.44191950000000013,0.3976640000000001
TEST_04349,0.9163680000000003,-0.1521995,-0.17006900000000003
TEST_04350,1.9944149999999996,0.572406,0.0824445
TEST_04351,2.4095555000000006,-0.742995,0.5057410000000002
TEST_04352,3.8087550000000006,0.9463904999999999,1.6340389999999996
TEST_04353,3.8643755,0.6763520000000001,1.9549794999999999
TEST_04354,1.9161645000000003,0.5164535,0.11377999999999996
TEST_04355,1.5619070000000002,0.40372450000000004,0.22772649999999994
TEST_04356,1.9073720000000003,0.7987115,-0.4813575
TEST_04357,1.9606590000000002,0.6244270000000001,0.132301
TEST_04358,1.1776429999999996,0.5671389999999998,0.2767665
TEST_04359,4.660069,-0.0193515,0.5342089999999999
TEST_04360,3.7452330000000003,-1.9282505000000003,1.0819334999999999
TEST_04361,3.6207529999999997,2.2309880000000004,1.2975679999999998
TEST_04362,2.949264500000001,1.0785559999999998,0.7115554999999998
TEST_04363,3.3831775000000004,-0.5319880000000001,0.8255909999999997
TEST_04364,1.7840424999999995,-0.019729500000000004,-0.40769599999999995
TEST_04365,2.023235,-0.5015935,-0.200193
TEST_04366,1.7642174999999995,0.019008499999999998,0.06940000000000002
TEST_04367,2.759469,0.13109950000000004,0.612712
TEST_04368,2.5783674999999997,0.525232,0.9520495
TEST_04369,2.540159,0.041500500000000023,-0.22236650000000005
TEST_04370,1.4226035000000004,0.3704760000000001,0.26209800000000005
TEST_04371,3.0683880000000006,0.17743949999999997,-0.085785
TEST_04372,4.0709835000000005,1.6289924999999998,-0.660407
TEST_04373,1.2706849999999998,-0.022407999999999997,-0.09305199999999997
TEST_04374,1.9257065,1.5296125000000003,-0.405573
TEST_04375,1.7329575000000002,0.19907099999999997,0.187948
TEST_04376,2.65076,0.6460775,1.5838839999999998
TEST_04377,2.948611500000001,0.5366415,0.5882634999999998
TEST_04378,1.4854995000000004,1.1853315,0.37162049999999996
TEST_04379,3.763294499999999,0.8317909999999997,0.05802
TEST_04380,0.9860169999999998,-0.30839549999999993,0.11008800000000003
TEST_04381,3.348620500000001,0.07311799999999999,-0.16489249999999997
TEST_04382,1.8152545,0.2028975,-0.16669699999999998
TEST_04383,2.6079390000000013,-0.5887080000000002,0.6536414999999999
TEST_04384,2.170214000000001,-0.012064000000000005,0.38406250000000003
TEST_04385,4.466533,0.4283039999999999,0.31337849999999995
TEST_04386,2.638366500000001,0.6706715000000001,-0.8345520000000002
TEST_04387,2.094975999999999,0.3098225,-0.598448
TEST_04388,2.2433559999999995,-0.6189285000000002,-0.357144
TEST_04389,3.058776,-1.754617,1.3589749999999996
TEST_04390,2.429236499999999,0.6771110000000001,0.8701525000000001
TEST_04391,1.8442695,0.42890799999999996,0.03664350000000001
TEST_04392,3.1447530000000015,0.7370410000000001,0.972402
TEST_04393,2.7052270000000003,0.309244,0.07172349999999998
TEST_04394,3.655123,-0.7521909999999998,0.5749820000000001
TEST_04395,2.3812624999999987,1.0871149999999998,-0.9037494999999998
TEST_04396,1.5471275000000002,0.696856,0.5045090000000002
TEST_04397,1.8454704999999996,0.014427500000000017,0.5011035000000001
TEST_04398,2.6237295000000005,-0.13125150000000002,0.18952750000000007
TEST_04399,5.296978,0.6086445,1.4069735
TEST_04400,4.119128499999999,1.2163539999999995,-0.08148699999999998
TEST_04401,4.532277499999999,-0.6261874999999999,-0.28244350000000007
TEST_04402,4.307910500000002,-0.8169729999999998,0.4103165
TEST_04403,3.0356155000000005,0.0627635,0.42061849999999984
TEST_04404,2.2347390000000003,0.33680049999999995,-1.0038779999999996
TEST_04405,1.869738,-0.3942135,-0.41878899999999997
TEST_04406,2.1180789999999994,0.6805644999999998,-0.24586800000000011
TEST_04407,4.969928999999999,0.04145599999999999,0.24183799999999997
TEST_04408,1.2854200000000002,0.5476945,-0.5824585000000002
TEST_04409,3.478893,-0.12519599999999997,-0.13855399999999998
TEST_04410,1.137613,-0.12562350000000003,0.06103399999999999
TEST_04411,1.9497659999999999,-0.41701050000000006,-0.32543749999999994
TEST_04412,3.7122565,0.9499494999999998,-1.180006
TEST_04413,2.7650585,-0.243207,-0.16687549999999998
TEST_04414,1.4830915000000005,0.2460775,0.0833795
TEST_04415,3.7920774999999995,0.13348700000000002,-0.6399124999999998
TEST_04416,2.128004,-0.7210025,0.255811
TEST_04417,4.108398500000002,-1.6833065,1.9177225000000004
TEST_04418,4.637039,-1.3627624999999997,0.676234
TEST_04419,2.592082499999999,0.7087804999999998,-1.040394
TEST_04420,1.7033584999999998,-0.3130164999999999,0.15789799999999993
TEST_04421,3.249452499999999,-0.40297800000000006,0.36142849999999993
TEST_04422,1.1711595,-0.224546,-0.1020985
TEST_04423,3.7178345000000004,0.5126825,0.6653260000000001
TEST_04424,2.5380895,-0.34018349999999986,-0.35833099999999984
TEST_04425,2.0742970000000005,-0.7079475000000002,0.5889065
TEST_04426,2.263648,0.066073,0.40155399999999997
TEST_04427,4.229069999999999,-0.18617850000000002,0.9845134999999999
TEST_04428,3.1908960000000004,0.17343199999999995,0.15653649999999997
TEST_04429,4.996374999999999,1.3691964999999997,-0.2007025
TEST_04430,5.313410499999998,-1.7365580000000005,-0.9378070000000001
TEST_04431,1.9860530000000003,-1.2212155,-0.5407940000000001
TEST_04432,3.339138000000001,-0.6089605,1.5662705
TEST_04433,3.8138155000000005,0.12967099999999998,0.7695105000000002
TEST_04434,2.9586084999999995,-0.40733299999999995,1.0017915
TEST_04435,1.4045755000000002,-0.11362799999999995,-0.0503955
TEST_04436,1.9180154999999994,-0.12547000000000003,0.6881770000000001
TEST_04437,1.6386315,-1.0801370000000001,0.27878899999999995
TEST_04438,1.999698,0.14375949999999996,0.459921
TEST_04439,3.9890790000000007,-1.5610119999999998,1.4397655
TEST_04440,2.4554540000000005,-0.951609,0.5592565
TEST_04441,1.3978145000000006,0.475987,0.14153500000000002
TEST_04442,3.8526484999999995,0.2816119999999999,-0.8711764999999997
TEST_04443,3.6983365000000004,-1.3056595,-0.3254825000000001
TEST_04444,2.3958290000000004,0.5834405000000001,0.4011300000000001
TEST_04445,2.366066000000001,-0.028367499999999997,0.07659850000000001
TEST_04446,1.6503150000000002,0.4294819999999999,-0.1917255
TEST_04447,4.232531499999999,1.4098960000000003,1.0025580000000003
TEST_04448,4.294916500000001,1.6253010000000003,1.5027745
TEST_04449,3.2779914999999997,-0.35128049999999994,-0.5045235000000001
TEST_04450,1.2692075000000005,-0.049189000000000024,0.19188799999999995
TEST_04451,3.035113999999999,0.5430615000000003,0.1503175
TEST_04452,4.731852,-0.2094455,1.6148795
TEST_04453,2.318048,0.08251850000000002,0.3878460000000001
TEST_04454,2.3081414999999996,-1.5287015000000004,1.4165815000000004
TEST_04455,1.8594054999999998,1.0443004999999999,0.1380925
TEST_04456,3.3807739999999993,-0.3724005,1.0305199999999997
TEST_04457,2.2916919999999994,0.07457050000000001,0.10624999999999997
TEST_04458,2.7174630000000004,0.221513,-0.11716399999999999
TEST_04459,4.608105500000001,-1.4439669999999993,1.0405794999999998
TEST_04460,2.4521255,-0.1853535,-0.6952879999999998
TEST_04461,3.1843894999999995,-0.46827699999999994,0.76699
TEST_04462,2.0266944999999996,-0.224296,0.141934
TEST_04463,1.858184,0.023826,0.5889710000000001
TEST_04464,4.2874205000000005,0.2944875000000001,0.6939910000000002
TEST_04465,4.285523500000002,-1.6605765,-0.31305850000000013
TEST_04466,2.1010865,-0.06459,0.3005005
TEST_04467,3.663239999999999,-0.7941149999999999,-0.5920174999999999
TEST_04468,2.562417,-0.8170580000000002,0.4806640000000001
TEST_04469,2.6372769999999988,0.0913745,0.8039915
TEST_04470,2.302789499999999,-0.10164100000000005,0.6286049999999999
TEST_04471,1.2662774999999995,-0.6023615,0.21344799999999997
TEST_04472,1.2088375000000005,0.48857949999999994,0.0236835
TEST_04473,2.2243489999999992,-1.0337864999999997,0.8693744999999999
TEST_04474,1.5214145000000001,-0.20659300000000003,0.10744450000000003
TEST_04475,2.3479855,0.7358429999999998,0.5366379999999998
TEST_04476,2.8779474999999994,0.4362265000000001,0.8311069999999998
TEST_04477,3.0673355000000004,-0.2401549999999999,0.9741890000000002
TEST_04478,2.9429805000000004,-0.8798355000000001,0.7707139999999999
TEST_04479,4.218708000000002,-0.1827645,-0.08921699999999996
TEST_04480,4.364522999999998,0.5124389999999999,1.4724840000000006
TEST_04481,1.3924695000000002,-0.20580000000000004,-0.11270949999999999
TEST_04482,2.4843075,1.4576515000000003,1.6170150000000003
TEST_04483,2.4236389999999997,-0.9841224999999997,-0.8708845000000003
TEST_04484,2.1176595000000002,-0.29670950000000007,0.0758555
TEST_04485,0.9436160000000002,0.0026534999999999927,0.3029559999999999
TEST_04486,3.798564999999999,0.49139300000000025,-0.6642990000000002
TEST_04487,4.236641499999999,-0.685099,0.21727649999999998
TEST_04488,4.598838500000001,0.4433809999999999,0.24261749999999999
TEST_04489,3.164434999999999,-0.087733,-0.08373349999999999
TEST_04490,2.5953995,0.2686085,0.5942080000000001
TEST_04491,2.8629595000000005,0.19216199999999997,0.514798
TEST_04492,4.6352195,-0.7946244999999998,0.7592625000000003
TEST_04493,2.552787,0.029631999999999974,0.014235000000000008
TEST_04494,2.2049529999999997,-0.18086000000000002,0.014622999999999997
TEST_04495,1.4536865,0.8337514999999998,-0.20120200000000005
TEST_04496,2.955108,-0.051226,1.3277305000000004
TEST_04497,3.540453500000001,-1.8470530000000005,1.8281195000000001
TEST_04498,5.082839,0.6390349999999998,1.6271485000000003
TEST_04499,1.9915234999999996,1.2323615,-0.4300280000000001
TEST_04500,3.040328500000001,0.35648199999999997,0.511933
TEST_04501,1.168412,0.07503049999999997,-0.125931
TEST_04502,1.9465044999999996,-0.28214950000000005,0.49866949999999965
TEST_04503,2.203432499999999,0.10965149999999999,0.5914275000000002
TEST_04504,2.7133355000000003,-0.13821899999999998,-0.6022995000000002
TEST_04505,2.7646299999999995,0.9520280000000001,1.0443995
TEST_04506,1.549594,0.5126445,0.3103110000000001
TEST_04507,2.0728019999999994,0.5169819999999999,-0.14667099999999997
TEST_04508,2.8008355000000007,0.333113,0.632455
TEST_04509,3.317388499999999,0.4900875,-1.1706219999999994
TEST_04510,2.6858340000000007,-1.1592844999999996,0.7201085
TEST_04511,1.1454705000000005,-0.40906450000000005,-0.11107250000000002
TEST_04512,2.2088849999999995,0.7437464999999999,-0.3069424999999999
TEST_04513,2.0826364999999996,0.055728499999999986,0.30515050000000005
TEST_04514,3.0648365,0.14545500000000003,0.014425999999999991
TEST_04515,0.980515,0.4967290000000001,0.07191050000000002
TEST_04516,2.9079894999999993,0.7134530000000001,0.44840299999999994
TEST_04517,1.465605,0.399134,0.40287199999999995
TEST_04518,3.5130774999999996,0.44023399999999996,0.880676
TEST_04519,5.469840500000002,-1.0197059999999996,-0.9391895000000001
TEST_04520,1.9358739999999997,0.9501390000000001,-0.1683325
TEST_04521,1.6608069999999997,-0.6761689999999999,-0.194851
TEST_04522,2.6015365,-1.4332595000000001,1.3574539999999997
TEST_04523,3.3019555,1.9272940000000007,0.14520899999999998
TEST_04524,3.6452584999999997,1.157096,-0.525033
TEST_04525,1.8250685,-0.09072300000000003,-0.035639
TEST_04526,2.9545830000000004,0.2945195,-0.31253049999999993
TEST_04527,2.886706499999999,-0.5981400000000001,1.3261425
TEST_04528,2.755458000000001,1.1243250000000002,-0.4818555000000003
TEST_04529,1.9728899999999998,0.44287899999999986,0.06499899999999997
TEST_04530,2.5708094999999997,0.47367500000000007,-0.3108050000000001
TEST_04531,1.1542394999999996,-0.12334300000000002,-0.31306500000000015
TEST_04532,2.6682549999999994,-0.5981715000000001,-0.9623929999999998
TEST_04533,0.9301985000000002,-0.05512349999999999,0.19259050000000005
TEST_04534,1.6037375000000003,0.23624650000000003,0.21688249999999998
TEST_04535,4.143912999999998,0.36462300000000003,-0.12945000000000004
TEST_04536,3.206797999999999,-0.8727335,-0.6545614999999999
TEST_04537,3.546128999999999,-0.3702495000000001,0.7481439999999999
TEST_04538,2.9790810000000003,-0.9043539999999999,-0.334568
TEST_04539,2.1424005,0.131127,-0.7304845000000001
TEST_04540,1.5832484999999994,-0.6853589999999999,-0.13421050000000007
TEST_04541,2.2987830000000007,-0.010260999999999998,-0.33423249999999993
TEST_04542,1.5465029999999997,-0.3799845,0.4367015000000001
TEST_04543,2.301948,-0.4131545,-0.6269249999999997
TEST_04544,3.7732494999999986,0.5412969999999999,-0.22534850000000012
TEST_04545,4.437842,1.5894345000000003,1.684825
TEST_04546,1.2510854999999994,0.19999850000000002,0.040479
TEST_04547,3.9403200000000007,-0.5094740000000002,0.6777010000000003
TEST_04548,2.8200250000000002,0.594073,0.20278050000000009
TEST_04549,2.635267,-1.2489100000000006,0.20928799999999997
TEST_04550,1.9546080000000006,-0.4912540000000001,0.6173249999999997
TEST_04551,1.3696250000000005,0.187654,0.0320785
TEST_04552,1.7260110000000002,-0.6553479999999998,0.04703550000000001
TEST_04553,3.6624175,2.075970000000001,0.7069275000000002
TEST_04554,3.692490999999999,0.31433550000000005,0.3261439999999999
TEST_04555,0.7422615000000001,0.3735610000000001,-0.22813
TEST_04556,2.756223499999999,1.1182305000000006,-0.781145
TEST_04557,2.8788219999999995,0.9737574999999999,-0.6263085000000002
TEST_04558,2.305643999999999,0.8132524999999999,0.33049150000000005
TEST_04559,5.6250550000000015,1.5710685,-0.5310035000000002
TEST_04560,2.8776919999999997,2.3841395,-0.10473449999999998
TEST_04561,1.5398999999999998,0.2899085,-0.47320550000000006
TEST_04562,3.7124510000000006,-0.5007110000000001,0.6478025000000001
TEST_04563,2.4025619999999996,-1.6544505,1.2253869999999998
TEST_04564,3.0987909999999994,0.22812949999999996,1.4606294999999996
TEST_04565,1.0991295000000005,-0.20424750000000005,0.33152100000000007
TEST_04566,2.7590355000000004,-0.08358350000000002,0.844532
TEST_04567,2.8978670000000015,0.6257545,0.7032085000000001
TEST_04568,4.716402500000002,-1.6981040000000003,0.9590995000000001
TEST_04569,2.522597499999999,0.7028120000000001,-0.13648899999999997
TEST_04570,2.0135104999999993,0.5845629999999997,-0.31384849999999986
TEST_04571,2.8186435000000003,-0.2667225,0.7943095
TEST_04572,2.4105830000000004,0.18429450000000003,-0.7586145000000002
TEST_04573,1.543738,0.18269249999999995,0.022860000000000005
TEST_04574,2.255486499999999,0.1103165,0.40555149999999995
TEST_04575,1.4446215000000007,0.507086,0.2849370000000001
TEST_04576,3.1054320000000004,-0.185071,1.0401119999999997
TEST_04577,3.281824999999999,-0.06268650000000002,0.6492205
TEST_04578,4.868342,-0.6354895,-1.1590799999999999
TEST_04579,1.730125,0.3375125,0.531689
TEST_04580,2.4252520000000004,0.09045250000000002,0.006052
TEST_04581,3.4822935,0.30032249999999994,-0.6965680000000001
TEST_04582,1.619751,-0.5561529999999999,-0.4971214999999999
TEST_04583,2.0568120000000003,0.6405135000000001,-0.3662120000000001
TEST_04584,3.084708499999999,-0.5347405000000001,-0.5127869999999998
TEST_04585,2.1405340000000006,-1.7412490000000005,-0.47519049999999996
TEST_04586,1.9252035000000003,0.14212649999999996,0.20850649999999998
TEST_04587,2.527948500000001,-0.3182624999999999,-0.38377799999999984
TEST_04588,2.358209499999999,-0.8307030000000001,0.10071750000000002
TEST_04589,2.8254279999999996,1.1756464999999998,0.5284870000000002
TEST_04590,5.099374000000001,1.494561,-0.022342999999999995
TEST_04591,2.1554189999999993,0.2350705,-0.09777700000000002
TEST_04592,2.2777415000000003,-1.2629870000000003,0.03865249999999999
TEST_04593,3.5350664999999992,0.7273240000000001,-0.30609
TEST_04594,1.7868785000000003,-0.05090599999999999,0.252254
TEST_04595,1.0659905000000003,-0.32401900000000006,0.4205074999999999
TEST_04596,2.2176659999999986,0.6593185000000001,-0.12268300000000006
TEST_04597,3.4862140000000004,-0.8969314999999999,0.7767899999999999
TEST_04598,1.2969039999999996,0.3471514999999999,-0.056477000000000006
TEST_04599,5.5045484999999985,-0.2004875,-0.24603749999999985
TEST_04600,3.886521000000001,0.3621969999999999,-1.0322694999999997
TEST_04601,4.537592,-2.1452725,-0.32183400000000006
TEST_04602,1.8862395000000003,1.100634,0.1791975
TEST_04603,3.479743500000001,-0.8767894999999999,-0.07485199999999997
TEST_04604,1.432207,-0.12925199999999998,0.5085585000000001
TEST_04605,2.615912000000001,-0.027266,-0.6603089999999998
TEST_04606,2.9368279999999993,-0.6864595,-0.674093
TEST_04607,3.1872350000000003,0.9242170000000001,-0.6961045000000001
TEST_04608,4.218794000000001,-0.6719329999999999,0.5382020000000001
TEST_04609,3.4061525,0.17302549999999994,0.4676785
TEST_04610,2.9331239999999994,0.31884500000000005,-0.29179750000000004
TEST_04611,2.6285105,-0.008703000000000002,-0.217798
TEST_04612,4.6225904999999985,0.14405650000000003,1.238261
TEST_04613,1.3773995,0.09487449999999997,-0.03900650000000001
TEST_04614,1.796011,1.1382580000000002,0.33787649999999986
TEST_04615,4.063183999999998,-0.8423790000000002,-0.6391444999999998
TEST_04616,1.7411215000000002,0.24953900000000007,-0.24190050000000005
TEST_04617,2.892312,0.06466550000000001,0.9339894999999998
TEST_04618,4.7331354999999995,-0.7676549999999998,0.49892000000000014
TEST_04619,2.250361,-0.41039650000000016,0.111285
TEST_04620,2.8316595000000007,0.20204900000000003,-0.008197000000000001
TEST_04621,0.7703324999999999,0.14493499999999998,0.08452550000000002
TEST_04622,1.7237150000000003,0.49042800000000025,0.5253700000000002
TEST_04623,3.3234080000000006,-0.25978049999999997,1.0974920000000004
TEST_04624,3.280261500000001,-0.042984499999999995,-0.14293700000000004
TEST_04625,2.6983775000000008,-0.6956979999999998,1.5173665000000003
TEST_04626,2.6412140000000006,-0.28750900000000007,-0.3976779999999999
TEST_04627,3.9600269999999993,-0.13209350000000003,-0.13751999999999998
TEST_04628,1.7552300000000003,-0.2276915,-0.022828
TEST_04629,2.0111545,-1.0852049999999998,0.364611
TEST_04630,1.1481925,0.08896400000000002,0.29770850000000015
TEST_04631,1.5195459999999996,-0.7322275,0.4546935
TEST_04632,3.3332399999999995,0.4769855000000001,0.16241300000000003
TEST_04633,1.6938484999999996,0.5339645,-0.24601649999999997
TEST_04634,1.726004,-0.38438950000000005,0.197486
TEST_04635,1.0540605000000003,0.6062270000000002,-0.357472
TEST_04636,3.9161290000000006,1.8697594999999998,-0.784494
TEST_04637,2.3720239999999997,-0.4594629999999999,0.05069299999999999
TEST_04638,1.3252155,0.7267034999999998,0.17888050000000005
TEST_04639,3.4339745,-1.1127254999999998,-1.2228180000000004
TEST_04640,4.780789000000002,2.3070415000000004,1.0636460000000003
TEST_04641,2.793813,0.2718830000000001,0.5575009999999998
TEST_04642,2.746383500000001,-1.3872495000000002,0.168454
TEST_04643,3.706687500000001,-2.258679,0.1639205
TEST_04644,3.404079500000001,-0.70977,-0.8585505000000002
TEST_04645,2.811391499999999,-0.6678079999999998,0.18780100000000002
TEST_04646,1.5369025,0.2693374999999999,-0.236225
TEST_04647,1.9183965,-0.23805849999999995,-0.11336050000000003
TEST_04648,2.8566475000000002,0.5199840000000001,-0.4742210000000002
TEST_04649,4.051700500000002,0.6201270000000001,-0.5338175000000001
TEST_04650,2.782152999999999,0.6354395000000003,0.2642590000000001
TEST_04651,2.4983729999999995,0.19387100000000002,-0.531031
TEST_04652,4.295807,0.7129265,-0.34018400000000004
TEST_04653,2.3444450000000003,-0.0446645,0.20832950000000006
TEST_04654,2.0137275,1.6271575,-0.1576525
TEST_04655,3.2084814999999995,-0.5852255000000002,-0.7419214999999998
TEST_04656,1.977105,-0.047420000000000004,-0.351154
TEST_04657,3.2938155,0.5012974999999997,-0.26184299999999994
TEST_04658,3.848143500000001,0.5498015,-0.8390965
TEST_04659,1.5466755000000003,-0.5168540000000001,-0.16233299999999998
TEST_04660,0.9796785000000001,-0.180986,-0.106966
TEST_04661,2.055084999999999,-0.0384425,0.5494114999999999
TEST_04662,2.0812999999999997,-0.6715005000000001,0.025202499999999996
TEST_04663,3.825744499999999,0.202441,-0.10149050000000003
TEST_04664,3.9978455000000004,-0.5396925,0.7135050000000001
TEST_04665,4.103835,1.1973445000000003,0.0865205
TEST_04666,1.7851260000000002,-0.5654759999999999,-0.7926554999999997
TEST_04667,3.3904415,-0.18210799999999994,-0.07502499999999998
TEST_04668,2.80114,0.1951369999999999,-0.14209499999999997
TEST_04669,2.8747199999999995,0.23681000000000002,-0.5673410000000001
TEST_04670,5.0370325000000005,-1.1748614999999996,1.1784655000000002
TEST_04671,1.3037025000000004,0.33100849999999993,0.170705
TEST_04672,3.093154,-1.3541079999999999,1.5165184999999997
TEST_04673,2.5621160000000005,0.4758360000000003,0.3673525000000001
TEST_04674,2.9345215000000007,0.1430345,-0.04902200000000001
TEST_04675,2.4131435000000003,0.9734255000000006,0.576632
TEST_04676,2.234615999999999,0.18475400000000003,-0.057882500000000024
TEST_04677,2.2128094999999988,0.5081910000000001,0.031033500000000002
TEST_04678,2.180094500000001,-1.1373220000000002,-0.5295070000000002
TEST_04679,4.973241,-1.5953015,2.158217500000001
TEST_04680,2.263252499999999,1.8033955000000002,-0.37801550000000006
TEST_04681,5.051107,0.9486235000000002,0.9594384999999999
TEST_04682,4.9085895,-0.040544500000000004,-0.8167045
TEST_04683,2.6086470000000004,0.7113874999999998,0.2110825
TEST_04684,1.8035565,-0.3210135000000002,0.7040700000000002
TEST_04685,3.0592565,-0.04659749999999999,0.06518
TEST_04686,3.9056914999999996,0.36615200000000003,-0.21665750000000003
TEST_04687,1.3211555000000004,0.26387550000000004,-0.45848649999999996
TEST_04688,2.4969090000000005,1.3228095,-0.972426
TEST_04689,2.377844000000001,0.3200560000000001,0.09587850000000003
TEST_04690,2.561339499999999,0.7564385000000001,0.4679845
TEST_04691,2.9344265000000007,-0.1505825,0.6506359999999998
TEST_04692,4.035369499999999,-1.1839414999999998,0.5148645
TEST_04693,1.314578,-0.4520305,0.4253509999999999
TEST_04694,3.216036999999999,0.062059500000000004,0.5493510000000001
TEST_04695,2.7187605,0.19345500000000004,0.21050800000000003
TEST_04696,2.7074835000000004,0.5496645,0.0099045
TEST_04697,1.4734824999999996,0.0505085,0.21575700000000003
TEST_04698,4.364792,0.06214600000000003,0.8328529999999998
TEST_04699,4.6269755,-1.4970724999999998,1.4170415
TEST_04700,2.8589459999999995,-0.5040364999999998,0.48887349999999996
TEST_04701,1.499998,-0.3854715,-0.11050450000000003
TEST_04702,1.3613435000000003,0.3303969999999999,0.36940700000000004
TEST_04703,1.5170554999999997,0.09242500000000003,-0.194238
TEST_04704,1.237384,-0.5544385,-0.2745155000000001
TEST_04705,1.9811199999999998,-1.5764420000000001,0.9918655000000005
TEST_04706,0.9785345000000001,0.030730000000000007,0.330102
TEST_04707,1.7288155,-0.7132820000000002,0.020074500000000002
TEST_04708,2.5221880000000008,0.004085,-0.20402949999999997
TEST_04709,3.3381394999999996,-0.060611000000000005,1.436878
TEST_04710,4.239763499999999,-1.1380310000000002,0.062269000000000005
TEST_04711,1.7028205000000005,-0.31333150000000004,0.17778849999999993
TEST_04712,1.8410190000000002,0.40607249999999995,0.5289649999999998
TEST_04713,2.3466324999999992,0.46228150000000007,0.025726499999999992
TEST_04714,1.2309535,0.115184,-0.10104950000000003
TEST_04715,1.5267714999999997,0.37244450000000007,0.33787250000000013
TEST_04716,3.7910044999999997,-0.2927755000000001,0.08197199999999996
TEST_04717,1.7392344999999998,0.012225999999999994,0.17404300000000003
TEST_04718,1.9963399999999993,0.39090100000000005,0.9131094999999998
TEST_04719,4.161745,-0.5570034999999998,0.5997004999999997
TEST_04720,4.0457485,-1.2716335,-0.5726209999999998
TEST_04721,3.4953104999999995,2.2931505000000003,-0.5076955
TEST_04722,1.7144080000000002,-0.7719764999999998,-0.571331
TEST_04723,1.4750565,1.0812035000000004,0.424594
TEST_04724,2.7576424999999993,0.6618189999999999,-0.3543089999999999
TEST_04725,2.7878815000000006,0.23125199999999996,0.5648385
TEST_04726,3.492755500000001,-0.008395500000000004,0.165586
TEST_04727,2.475510999999999,0.5389725000000001,0.8732064999999999
TEST_04728,2.532695000000001,-1.6303375,0.5707179999999997
TEST_04729,2.8607780000000007,0.408028,0.100902
TEST_04730,1.052806,0.0756655,-0.228916
TEST_04731,3.8193224999999993,0.088575,0.357295
TEST_04732,2.8533584999999997,-0.7954254999999999,0.7132114999999999
TEST_04733,2.2396635000000007,-0.30389199999999994,0.6219900000000003
TEST_04734,1.9185565000000007,1.5501015000000002,-0.3196025
TEST_04735,3.993058499999999,1.3488025000000006,-0.47514649999999997
TEST_04736,2.8657335000000006,0.015324499999999991,0.9338164999999998
TEST_04737,2.997775999999999,0.02586649999999999,0.1587015
TEST_04738,2.3701985,0.09923899999999998,0.40771250000000014
TEST_04739,1.2477885000000004,-0.4252135,0.155665
TEST_04740,1.425799,0.2619135,-0.14789000000000005
TEST_04741,1.049761,0.13308650000000002,-0.34943899999999994
TEST_04742,1.9893125000000011,-0.21013300000000001,0.3203640000000001
TEST_04743,2.1542324999999996,-0.7378829999999998,-0.8242599999999999
TEST_04744,2.8935340000000007,-0.34358999999999995,-0.0357305
TEST_04745,1.4981595000000008,-0.08602000000000004,0.4728699999999999
TEST_04746,1.236891,-0.017743999999999992,-0.16214350000000002
TEST_04747,2.3397295,-0.08423500000000003,0.07577799999999998
TEST_04748,2.7800744999999996,1.0195409999999994,0.3074859999999999
TEST_04749,3.3774930000000007,-0.44125950000000014,-0.3277890000000001
TEST_04750,4.149837999999999,-0.11081999999999999,0.7646120000000001
TEST_04751,1.2787634999999997,-0.7090644999999999,0.06540099999999999
TEST_04752,2.1562269999999994,-1.3316974999999998,-0.8025680000000002
TEST_04753,2.5207570000000006,0.8010894999999999,1.0729905000000002
TEST_04754,2.236701500000001,0.3011120000000001,-0.009717000000000003
TEST_04755,1.4656075,0.44375950000000003,0.24333750000000004
TEST_04756,3.4689579999999998,-1.2525664999999995,1.4888240000000001
TEST_04757,1.829678,-0.22990200000000005,0.3256919999999999
TEST_04758,3.0151180000000006,-0.38851500000000005,1.1571905
TEST_04759,3.8556954999999995,0.37142149999999996,2.142695500000001
TEST_04760,2.027513000000001,-0.8326445,0.2550520000000001
TEST_04761,2.5213219999999987,2.2639215000000004,-0.6223905000000001
TEST_04762,1.7282109999999995,0.46841,-0.7165655000000002
TEST_04763,3.136462,1.4878370000000003,-1.2459964999999997
TEST_04764,2.542577,0.08804550000000001,-0.5076110000000001
TEST_04765,1.042829,0.1092185,-0.20166
TEST_04766,4.446929000000001,-1.019349,0.5218774999999998
TEST_04767,1.3124020000000003,0.7046595,0.48199499999999984
TEST_04768,3.242228999999999,2.2392160000000003,1.6102230000000004
TEST_04769,1.8745379999999998,0.10170450000000003,-0.08001500000000002
TEST_04770,2.255936,0.18757500000000005,0.297786
TEST_04771,1.0698749999999995,-0.419088,0.11507399999999994
TEST_04772,1.1518465000000002,0.536592,-0.5794134999999998
TEST_04773,2.3121804999999993,-0.8212099999999999,0.14083149999999994
TEST_04774,1.8935960000000003,0.6657719999999998,-0.18580100000000005
TEST_04775,2.7621185000000006,0.5059110000000002,-0.09995749999999999
TEST_04776,1.8346324999999999,-0.0739275,0.8265
TEST_04777,1.9800185000000003,-0.891197,-0.015513499999999986
TEST_04778,1.761791,0.3542649999999999,0.5790420000000001
TEST_04779,2.2406940000000004,-0.4256255,0.24333100000000002
TEST_04780,1.4858825000000002,-0.6888184999999999,0.4749915000000001
TEST_04781,3.3596364999999997,-0.5461815,-0.10056649999999999
TEST_04782,1.851944,-0.2784370000000001,-0.5677505000000003
TEST_04783,3.0997859999999995,-0.41123250000000006,1.2390760000000005
TEST_04784,3.2646314999999997,0.20085449999999994,0.21608899999999998
TEST_04785,2.825272,1.7710580000000005,-0.5835079999999998
TEST_04786,2.8213684999999997,-0.5762995000000002,0.28257400000000005
TEST_04787,1.6516784999999996,0.319837,0.37131099999999995
TEST_04788,3.4417045,0.18415700000000004,-0.092717
TEST_04789,4.696969499999998,-0.41506299999999996,0.4036145
TEST_04790,3.5798004999999997,1.1855924999999998,-0.2560659999999999
TEST_04791,2.172366000000001,0.05586550000000001,0.6087770000000003
TEST_04792,3.3248404999999996,-1.309882,0.5674334999999999
TEST_04793,2.9601695,-0.009762499999999999,0.9723970000000003
TEST_04794,2.1320000000000006,-0.22085549999999993,0.026439000000000008
TEST_04795,0.8343605000000001,0.005627500000000004,-0.04043349999999999
TEST_04796,3.548203,-0.8591889999999999,0.517296
TEST_04797,1.8753534999999997,0.26729949999999997,0.514235
TEST_04798,2.1587864999999997,-1.1848505000000005,0.6444545000000004
TEST_04799,5.022854000000001,0.058240500000000035,1.681588
TEST_04800,5.011018999999999,-0.208528,0.6174245000000003
TEST_04801,4.8523285,-2.4342125,-0.9588329999999999
TEST_04802,1.3637555,0.8932430000000001,-0.19117699999999999
TEST_04803,2.38891,-0.9812675000000001,-0.2500725
TEST_04804,2.135984000000001,0.17959300000000006,-0.142179
TEST_04805,1.1227589999999998,-0.18035,0.19136250000000002
TEST_04806,2.448776500000001,0.0289785,0.15538
TEST_04807,4.0623195,-1.0043595000000005,-0.6289250000000002
TEST_04808,5.8688460000000005,-2.2702514999999988,0.599743
TEST_04809,1.7969144999999997,0.4539114999999999,-0.30955550000000004
TEST_04810,2.0593820000000003,-0.432206,-0.5454309999999998
TEST_04811,2.0891235000000004,0.10673950000000007,-0.4742634999999999
TEST_04812,3.0073675,1.3216424999999998,0.45819050000000017
TEST_04813,0.9986905000000003,0.10106749999999994,-0.22706149999999997
TEST_04814,3.8930014999999987,-0.16597499999999998,1.1736779999999998
TEST_04815,3.9172364999999996,0.34984600000000005,0.41247750000000016
TEST_04816,1.3938290000000004,-0.7321854999999997,0.4076670000000001
TEST_04817,1.6464705000000002,-0.3849739999999999,0.6039815
TEST_04818,4.764179000000002,0.6775570000000002,1.5715880000000004
TEST_04819,0.8066364999999999,-0.04797399999999998,0.17744449999999995
TEST_04820,1.3233089999999996,0.623549,-0.03736199999999999
TEST_04821,1.1566484999999997,-0.229715,-0.07389299999999997
TEST_04822,1.493893,-0.012840000000000004,-0.2052115
TEST_04823,3.7506330000000005,0.065222,0.21432200000000007
TEST_04824,1.6069759999999995,0.45705350000000017,0.5449074999999999
TEST_04825,1.7830839999999992,-1.1013614999999999,0.22527850000000002
TEST_04826,2.5646914999999995,0.33916899999999994,0.127241
TEST_04827,1.7536129999999999,-0.29483400000000004,-0.581634
TEST_04828,2.751408,0.9144575000000001,-0.8263720000000001
TEST_04829,3.4597415000000002,-0.6585565000000001,-0.9068335000000001
TEST_04830,4.565213000000002,-0.06707349999999998,-0.7617484999999999
TEST_04831,1.3796115000000002,0.08049850000000003,0.041395500000000016
TEST_04832,3.199852999999999,0.5386835000000001,-0.4252975
TEST_04833,3.698933499999999,0.6066404999999999,0.6749614999999998
TEST_04834,2.3531755000000003,0.16849650000000005,-0.015119000000000002
TEST_04835,2.412728999999999,0.16782850000000005,0.3903105
TEST_04836,3.614621999999999,-0.373799,0.8513250000000001
TEST_04837,1.7616399999999999,-0.17161150000000003,-0.13093500000000002
TEST_04838,2.1131889999999998,-0.9491290000000003,0.0842165
TEST_04839,5.3479765000000015,0.9621750000000002,1.280783
TEST_04840,2.1073554999999997,-0.6925330000000001,-0.18851099999999998
TEST_04841,2.9384014999999994,-1.3338509999999992,-0.0793945
TEST_04842,1.8301840000000007,0.174765,0.11243099999999999
TEST_04843,1.9476615000000002,-0.32419200000000004,-0.7689859999999997
TEST_04844,2.5466440000000006,0.31295350000000005,0.26257849999999994
TEST_04845,2.263499,-0.3244945000000001,-0.24454199999999995
TEST_04846,2.2299315,0.3520669999999999,-0.3010354999999999
TEST_04847,4.078102000000001,-0.7301169999999999,0.4518535
TEST_04848,4.071273000000001,-0.31845900000000005,-0.6672080000000001
TEST_04849,1.876178,0.0984315,-0.03886100000000002
TEST_04850,2.0977384999999997,0.23872800000000002,-0.2685145
TEST_04851,1.7980694999999995,0.08304900000000001,-0.028259500000000007
TEST_04852,1.6280735000000006,-0.21962800000000005,0.2007405
TEST_04853,1.0329080000000002,0.19986100000000007,0.03244649999999999
TEST_04854,1.0231625000000002,0.3337455,0.176641
TEST_04855,1.1757680000000001,0.6258710000000001,-0.1968125
TEST_04856,3.391529499999999,0.6588689999999999,1.5316519999999998
TEST_04857,4.272564499999999,1.5057549999999997,0.15807149999999998
TEST_04858,2.183782499999999,0.13156299999999999,-0.0011155000000000036
TEST_04859,4.363010999999999,0.9449015000000001,1.0490104999999998
TEST_04860,2.8695145,-0.8819585000000001,0.6645404999999999
TEST_04861,1.6993794999999998,0.013016500000000007,-0.34912699999999997
TEST_04862,1.3111189999999997,0.36606649999999996,-0.04058649999999999
TEST_04863,3.2067544999999997,-0.6249404999999999,0.7999175000000003
TEST_04864,1.784232,0.6406160000000001,-0.002384
TEST_04865,3.0664630000000006,0.7228905000000001,0.352178
TEST_04866,3.1805049999999992,0.020647000000000016,-0.07598850000000001
TEST_04867,1.4772119999999997,0.6369220000000002,-0.05791450000000002
TEST_04868,2.980915499999999,0.051896,-0.061391
TEST_04869,4.5956685,0.2429884999999999,-0.6900764999999999
TEST_04870,2.4994735000000006,-0.4590814999999999,-0.2099515
TEST_04871,2.3006875000000004,0.526157,-0.46057800000000004
TEST_04872,3.20214,-0.19991150000000008,-0.9113039999999999
TEST_04873,2.8520879999999993,-1.004197,-0.20398750000000007
TEST_04874,0.9868645,0.02781949999999999,-0.1455455
TEST_04875,1.4403759999999994,-0.3319944999999999,-0.21604600000000004
TEST_04876,3.7478214999999993,-1.3816214999999994,1.0653915000000005
TEST_04877,2.3569460000000007,0.30378249999999996,0.25741400000000003
TEST_04878,3.173285000000001,-1.1833930000000004,0.13268649999999999
TEST_04879,5.552833,0.9493790000000001,-1.2762019999999998
TEST_04880,2.494685500000001,1.5672169999999999,0.05992199999999999
TEST_04881,1.6367045000000005,-0.049294499999999984,-0.04997749999999998
TEST_04882,3.184938999999999,0.9289575000000001,1.3975100000000005
TEST_04883,2.5097745,-0.26105500000000004,-0.7094369999999999
TEST_04884,3.347806500000001,-0.24533799999999986,-0.5678569999999997
TEST_04885,2.4661245000000003,0.14138449999999997,0.17736049999999998
TEST_04886,2.5438129999999997,0.2585235,0.009364500000000001
TEST_04887,1.1971625000000001,-0.18009150000000002,0.45062349999999995
TEST_04888,2.242299,-1.770266,-0.6476335
TEST_04889,2.9026555000000007,0.46424799999999994,0.19899000000000006
TEST_04890,3.0913734999999996,-0.17020450000000004,0.16142799999999996
TEST_04891,2.4463385000000004,0.0019535000000000004,-0.140317
TEST_04892,1.5238480000000003,-0.38616799999999996,0.29164650000000003
TEST_04893,1.7073010000000002,0.029619,0.0194195
TEST_04894,1.936322,-0.582586,0.5922135
TEST_04895,4.010869000000001,0.6791050000000001,-1.500578
TEST_04896,1.1688545000000004,-0.8182359999999999,-0.6083915
TEST_04897,1.54952,0.09577500000000004,0.33864099999999997
TEST_04898,2.9328344999999993,0.4984735,1.3189465000000002
TEST_04899,2.7351754999999986,-0.8279299999999999,0.22123550000000003
TEST_04900,2.492266,-0.4954915000000002,0.2496925
TEST_04901,3.1008710000000006,-0.12604500000000002,-1.0975460000000006
TEST_04902,1.6226759999999998,0.3503869999999999,-0.20352550000000003
TEST_04903,2.0062315,-0.6862085000000003,0.7126590000000002
TEST_04904,1.8143965,0.44949550000000016,-0.434292
TEST_04905,3.969246,0.6515844999999998,0.6373860000000001
TEST_04906,2.540401,-0.1674075,0.27919800000000006
TEST_04907,2.1279855000000008,-0.21724049999999998,-0.7331779999999999
TEST_04908,2.0899090000000005,-0.4548914999999997,0.018873999999999995
TEST_04909,3.5662685000000014,-0.7695029999999998,-0.3024285000000001
TEST_04910,2.2641600000000004,-1.7314649999999996,-0.03581800000000001
TEST_04911,1.8137114999999997,-0.7410800000000001,-0.0514745
TEST_04912,1.8652299999999997,0.160838,-0.39251100000000005
TEST_04913,2.9793589999999996,-0.26115999999999995,-0.0038510000000000176
TEST_04914,1.9881784999999996,0.37344149999999987,-0.2742200000000001
TEST_04915,2.257473,-0.41973750000000004,0.2504915
TEST_04916,4.3083335,0.48664799999999997,-0.11496050000000008
TEST_04917,2.326754,-1.6159774999999996,0.792607
TEST_04918,2.4675029999999993,-0.6901984999999999,0.40062549999999997
TEST_04919,3.6747034999999997,1.2606810000000004,-0.226279
TEST_04920,2.5545595000000003,0.5893465000000002,0.7663954999999999
TEST_04921,2.124984500000001,0.07618350000000002,0.49221649999999995
TEST_04922,2.4808319999999995,-1.0219984999999996,0.011659500000000007
TEST_04923,2.0239825000000007,1.56289,0.6857119999999999
TEST_04924,2.6357345000000003,0.1018335,0.05652649999999999
TEST_04925,2.5946585000000004,-0.4541345000000002,0.16405600000000004
TEST_04926,2.2445445,-0.5095535,0.337084
TEST_04927,2.1063184999999995,0.13220599999999996,-0.48004349999999985
TEST_04928,3.0213050000000004,0.30803050000000004,1.2585374999999999
TEST_04929,2.3472295,0.6200124999999999,0.05633799999999999
TEST_04930,2.2203225000000004,-0.3346549999999998,0.407369
TEST_04931,2.178990500000001,-0.022402500000000002,0.116675
TEST_04932,2.1621575000000006,-0.9405599999999995,0.3055365
TEST_04933,2.4055615000000006,-0.20964200000000005,0.34324299999999996
TEST_04934,2.1888825,-0.27938850000000004,0.7092019999999999
TEST_04935,1.8162754999999997,-0.039191000000000004,-0.18088549999999998
TEST_04936,2.4886659999999994,0.9556929999999997,-0.08128299999999997
TEST_04937,3.2141364999999995,-0.7598814999999999,0.02411950000000001
TEST_04938,3.4969520000000003,-0.008762499999999994,-0.8066935000000002
TEST_04939,4.463925000000001,0.972639,-0.9532910000000001
TEST_04940,2.0317629999999998,-0.8046,0.8818800000000002
TEST_04941,2.769075999999999,0.4238239999999999,0.7151755
TEST_04942,2.4766205,-0.1016215,0.5568965000000003
TEST_04943,2.7060715,-0.2497125,0.1037815
TEST_04944,1.4088865000000006,-0.6789039999999997,-0.525459
TEST_04945,5.340574499999999,-0.49734149999999994,0.10859550000000001
TEST_04946,2.48361,0.362663,-0.33516650000000003
TEST_04947,3.9355589999999996,0.22614450000000003,-0.17112550000000004
TEST_04948,2.7956389999999995,-0.51522,0.24329499999999996
TEST_04949,4.122509999999998,-0.32199149999999993,0.07163149999999999
TEST_04950,2.7595909999999995,1.0058979999999993,-0.5656710000000001
TEST_04951,1.2346640000000004,0.21686850000000002,-0.235656
TEST_04952,2.609825999999999,1.593323,0.11069300000000001
TEST_04953,2.2714220000000003,0.7616320000000001,0.5688105000000002
TEST_04954,1.8279534999999996,-0.046189499999999994,0.2645034999999999
TEST_04955,1.2502654999999998,0.029799999999999993,-0.0658055
TEST_04956,4.374140499999999,0.5346914999999999,-0.17038049999999996
TEST_04957,3.5157485000000004,1.7288525,0.012037500000000001
TEST_04958,1.9948670000000002,-0.4891335000000001,-0.2756035
TEST_04959,5.697464,1.5157935,-0.5795005
TEST_04960,2.5233229999999995,2.0321039999999995,-0.568527
TEST_04961,4.7670425,-1.5681105000000004,0.9423639999999999
TEST_04962,2.0079854999999998,0.875769,-0.39024250000000016
TEST_04963,2.8165699999999996,-1.6559265,-0.8272659999999998
TEST_04964,2.0666745000000004,-0.36595049999999996,0.5193865
TEST_04965,2.572358499999999,-0.5332335000000001,0.45592
TEST_04966,1.6860959999999996,-0.2195455,0.37177550000000004
TEST_04967,4.959231999999998,1.2024220000000003,-0.5075519999999999
TEST_04968,1.411266,-0.6408875,-0.06876350000000003
TEST_04969,2.5437469999999998,0.07969500000000003,-0.5691280000000001
TEST_04970,1.7175249999999997,0.5666325000000001,0.5489850000000003
TEST_04971,1.7044885000000003,0.12524999999999997,-0.37536500000000006
TEST_04972,4.744021999999999,0.8212269999999999,-0.20505999999999996
TEST_04973,3.0385904999999998,0.49030750000000006,-0.5111360000000001
TEST_04974,3.3754855,-0.7971545000000002,0.7992145000000002
TEST_04975,3.3305375,1.1640359999999998,-1.0561939999999996
TEST_04976,2.3469915000000006,0.4369844999999999,1.1506404999999993
TEST_04977,1.9568879999999997,-0.06281299999999998,0.8524655000000001
TEST_04978,4.1347655,-0.17035500000000003,0.3522005
TEST_04979,2.0775870000000007,-0.38013450000000004,0.2776459999999999
TEST_04980,2.6502350000000003,0.11005700000000004,-0.00041399999999999857
TEST_04981,0.9114319999999999,0.5774824999999999,0.04431
TEST_04982,1.920249,-0.7523869999999997,0.5974170000000001
TEST_04983,1.3787574999999999,-0.29865399999999986,0.30792350000000007
TEST_04984,1.2460475000000002,0.5058605000000003,0.44930500000000007
TEST_04985,1.3409459999999995,0.5191785,0.12574200000000002
TEST_04986,2.0074795,0.4912774999999999,0.5666755000000001
TEST_04987,2.2791725,0.5826095,-0.4070225000000001
TEST_04988,2.584991499999999,-0.17869,0.6866365000000001
TEST_04989,3.9206534999999985,-0.005140999999999998,0.31805950000000005
TEST_04990,4.561272000000001,-1.0282605,0.4871569999999999
TEST_04991,2.895849000000001,0.6446810000000001,0.26250850000000014
TEST_04992,2.4279310000000005,1.0902285000000003,0.6028249999999998
TEST_04993,2.9729305000000004,0.783851,0.1055525
TEST_04994,1.23973,0.29132299999999994,0.21259050000000002
TEST_04995,1.990197,0.5904020000000001,0.25312050000000014
TEST_04996,4.115059500000001,0.4716674999999998,0.8837425000000001
TEST_04997,1.6912860000000003,0.41780249999999997,0.01337300000000001
TEST_04998,1.367184,-0.4375135000000001,-0.465062
TEST_04999,3.180802499999999,0.28727400000000014,-0.162678
TEST_05000,2.0284789999999995,-0.11139750000000005,0.3524329999999999
TEST_05001,2.7570189999999997,-1.7813010000000002,0.8082110000000002
TEST_05002,3.9958229999999992,-0.16139800000000004,0.5732404999999998
TEST_05003,3.942687000000001,1.7909645000000003,-0.6336474999999999
TEST_05004,2.808663500000001,-0.16058749999999994,-0.302086
TEST_05005,1.7985414999999998,-0.8294470000000002,-0.6584550000000002
TEST_05006,1.5834475000000003,0.31550499999999987,-0.3311535
TEST_05007,4.000171500000001,-0.9038925000000002,0.7280319999999999
TEST_05008,5.406279999999999,-1.1148955000000003,0.12964
TEST_05009,2.0131485000000002,-0.642461,0.3000895
TEST_05010,1.5562595,-0.5581864999999999,0.4708684999999999
TEST_05011,3.078929499999999,0.19611249999999997,-0.49526450000000005
TEST_05012,1.7034615,0.1212675,-0.5973284999999999
TEST_05013,2.529382,-0.06998349999999999,0.174987
TEST_05014,2.0535810000000003,-0.1061905,-0.9944144999999996
TEST_05015,1.9875975000000001,-1.1475065,-0.41883950000000003
TEST_05016,3.3635550000000007,0.7183919999999998,-0.4483399999999999
TEST_05017,2.4333675000000006,-0.6149919999999998,0.0364605
TEST_05018,4.220660000000002,-0.8855269999999998,1.6691524999999998
TEST_05019,2.196749,-0.6085545,0.5979394999999998
TEST_05020,0.969752,0.13359650000000006,-0.45821449999999997
TEST_05021,3.332668,-0.07720300000000002,0.13889850000000004
TEST_05022,1.9884695000000001,-0.262652,0.3485884999999999
TEST_05023,4.372549500000001,-0.6677950000000001,0.23721399999999998
TEST_05024,1.7014309999999997,-0.3467675,0.1178945
TEST_05025,2.748463000000001,-1.4432434999999995,-0.508919
TEST_05026,1.669728,0.19605699999999998,-0.27913350000000003
TEST_05027,3.1312729999999993,0.5419365,-0.0453395
TEST_05028,1.5888614999999997,0.1565025,-0.34454149999999995
TEST_05029,2.2413479999999995,-1.4666015000000001,-0.35347550000000005
TEST_05030,4.6207055,0.31692600000000004,1.6618719999999993
TEST_05031,2.711173500000001,0.266102,0.2812839999999999
TEST_05032,3.1233495000000002,1.0651329999999999,-0.14052200000000004
TEST_05033,4.234592500000003,-0.6008039999999999,0.6257204999999998
TEST_05034,3.4352839999999993,-0.11777450000000002,0.5265590000000002
TEST_05035,1.0312685000000001,0.336739,0.2611045000000001
TEST_05036,4.464460499999998,-0.780379,0.26323549999999996
TEST_05037,3.756282500000001,-1.5760515000000002,0.09665550000000002
TEST_05038,3.056784500000001,0.027035999999999998,0.24356399999999995
TEST_05039,4.549041,-0.31866649999999996,-0.16595749999999998
TEST_05040,4.682004999999998,-1.657546,1.393015
TEST_05041,1.2951320000000006,-0.23282750000000005,-0.11720800000000002
TEST_05042,3.0393295,-0.38327800000000006,0.7616080000000001
TEST_05043,3.4640690000000003,-0.15017749999999994,0.19133950000000005
TEST_05044,2.903719999999999,0.9160469999999997,-0.5854094999999999
TEST_05045,1.803222,-0.45381550000000004,-0.2987349999999999
TEST_05046,1.364528,-0.25467399999999996,0.46155650000000004
TEST_05047,1.1539814999999995,-0.3182244999999999,0.010377499999999998
TEST_05048,5.298445999999998,-2.088500500000001,-0.4772314999999998
TEST_05049,3.511364,0.009945000000000004,-0.5184134999999999
TEST_05050,1.1908915000000007,-0.4548595000000001,0.08971500000000003
TEST_05051,2.7533575,-0.3357285,7.900000000002003e-05
TEST_05052,3.135993500000001,0.5292764999999999,0.5789280000000001
TEST_05053,2.3641569999999996,0.323362,-0.35856050000000006
TEST_05054,3.2447049999999997,-1.1252025,-0.5906549999999999
TEST_05055,1.5168374999999998,0.7644340000000001,0.1918145
TEST_05056,1.7148644999999998,0.8772014999999997,0.9573195000000002
TEST_05057,1.6399420000000005,0.6592509999999998,1.0595349999999994
TEST_05058,2.4312295,-1.275976,0.5782404999999999
TEST_05059,2.3098649999999994,0.4366629999999998,-0.2826954999999999
TEST_05060,2.9203899999999994,0.3348355,0.6215750000000002
TEST_05061,2.2395935000000002,-0.13170300000000001,-0.2112995
TEST_05062,1.5633979999999998,0.15480999999999998,0.1179535
TEST_05063,3.564077,0.9698855,-0.8836175000000002
TEST_05064,1.1195460000000002,-0.476182,0.056559999999999985
TEST_05065,5.063571,1.4138054999999996,0.6182779999999998
TEST_05066,2.9023090000000002,0.08397650000000001,-0.987334
TEST_05067,2.447012000000001,0.0793295,0.4854935
TEST_05068,2.819009999999999,0.42839700000000003,-0.382189
TEST_05069,4.499685999999999,-0.5170819999999999,-0.9111530000000001
TEST_05070,2.4483219999999997,-0.414759,0.5417500000000001
TEST_05071,2.339141499999999,0.4391390000000001,0.24054650000000002
TEST_05072,1.1521389999999996,0.384142,-0.2534070000000001
TEST_05073,2.0408484999999996,0.38421950000000005,0.14967000000000003
TEST_05074,3.0016300000000005,0.16061,0.14779
TEST_05075,1.6182575000000003,0.41456250000000017,0.660925
TEST_05076,3.165931500000001,-0.3387825000000001,-0.20123050000000006
TEST_05077,1.5665040000000006,-0.5836759999999999,0.119056
TEST_05078,2.6941960000000007,0.6238484999999997,-0.8851625000000001
TEST_05079,1.957153,-0.149862,-0.9625374999999998
TEST_05080,2.9092994999999995,-2.1159934999999996,0.8172875000000001
TEST_05081,4.256806,0.580921,0.353024
TEST_05082,1.893487,-1.1382095000000003,-0.24585100000000001
TEST_05083,1.1287274999999997,0.8161599999999998,0.344954
TEST_05084,1.9138905,-0.04223649999999999,-0.1334555
TEST_05085,1.9250279999999993,-0.6626704999999999,0.25935750000000013
TEST_05086,1.2948970000000002,-0.45099550000000016,-0.3529165000000001
TEST_05087,3.5166369999999993,-0.8253659999999998,-0.8718015
TEST_05088,4.612070000000001,-1.0164389999999996,-0.5654204999999999
TEST_05089,3.529691500000001,0.244492,0.03289550000000002
TEST_05090,1.2298709999999997,0.2557014999999999,0.1847495
TEST_05091,3.320752,0.292178,0.6649335000000001
TEST_05092,2.650645,0.18561450000000002,0.6652125
TEST_05093,2.0618295000000004,0.5682359999999997,-0.13453649999999998
TEST_05094,2.770661500000001,-0.5981155000000002,0.7784165000000001
TEST_05095,3.9409080000000003,-0.33025849999999995,-0.2595805
TEST_05096,1.2573369999999997,-0.7276935,0.0336875
TEST_05097,3.8276174999999992,0.019210000000000012,1.6588429999999996
TEST_05098,2.9885175,1.3200585000000002,-0.8208745000000001
TEST_05099,2.493654,1.4488389999999998,0.3727274999999999
TEST_05100,1.5416219999999998,-0.4614260000000001,-0.15612649999999995
TEST_05101,0.9424880000000001,-0.0437675,-0.1997899999999999
TEST_05102,1.9652715000000005,0.05874,-0.0288585
TEST_05103,2.5512750000000004,0.18381300000000006,0.3027555
TEST_05104,1.3997725,0.0457745,0.030086999999999996
TEST_05105,3.7952870000000005,-1.5242219999999995,-0.023717000000000005
TEST_05106,2.1746584999999987,-0.3431445000000001,-0.9521579999999998
TEST_05107,4.135200999999999,-0.312439,0.9817450000000001
TEST_05108,2.470919999999999,-0.7941340000000002,0.3436055000000001
TEST_05109,4.866291500000002,1.5684294999999997,1.5557759999999998
TEST_05110,4.208846500000002,-0.3122785,-0.2935865
TEST_05111,1.8095514999999995,-0.8623675,0.14648300000000009
TEST_05112,3.3766244999999997,-0.3795914999999999,-0.9093140000000001
TEST_05113,3.642913499999999,-0.2931524999999999,1.1314609999999998
TEST_05114,1.471188,-0.3498215,0.501439
TEST_05115,1.0724715000000002,-0.04336550000000001,-0.25456350000000016
TEST_05116,3.4146029999999987,-1.8972360000000004,1.5334975000000006
TEST_05117,3.0670895,0.394663,-0.852012
TEST_05118,3.1477939999999993,-0.48070250000000014,0.47571150000000006
TEST_05119,3.6643940000000006,0.76728,1.2225589999999995
TEST_05120,4.076676500000001,-2.024432,1.3675655
TEST_05121,2.2093585000000004,0.6030005000000003,-0.101249
TEST_05122,3.0466124999999993,-0.8705945000000002,-0.6064214999999997
TEST_05123,3.7986500000000003,0.5813390000000002,-0.23425499999999994
TEST_05124,1.8108794999999993,0.5463669999999998,0.127733
TEST_05125,0.9164395000000003,0.167403,-0.07691799999999999
TEST_05126,5.234357999999999,-0.8553864999999998,-0.4733965000000001
TEST_05127,3.6013400000000013,0.482791,-0.850463
TEST_05128,2.9773119999999995,2.4860585,-0.9506935000000001
TEST_05129,2.8077844999999995,-0.270516,0.4201649999999999
TEST_05130,2.1825975000000013,-0.510222,-0.2633065000000001
TEST_05131,3.7931310000000007,0.47808549999999983,-0.0316735
TEST_05132,1.4818324999999999,0.0987265,0.6284065000000001
TEST_05133,1.5684135000000001,0.06754849999999998,0.06789250000000002
TEST_05134,2.6741599999999996,0.060569500000000005,1.3837339999999996
TEST_05135,1.9928594999999998,-0.15672399999999997,-0.3518414999999999
TEST_05136,1.0408340000000003,-0.6149115000000003,-0.5302930000000001
TEST_05137,2.135648999999999,0.135693,0.7808059999999999
TEST_05138,1.192249,0.43402799999999997,-0.03922049999999999
TEST_05139,3.0313825000000003,-0.4275419999999999,0.055304500000000006
TEST_05140,1.0830619999999995,0.09387800000000003,-0.09571749999999998
TEST_05141,3.4822845000000004,-0.21228249999999999,0.7797594999999997
TEST_05142,1.61089,-0.5790549999999999,0.2191075
TEST_05143,2.817330999999999,-0.6282759999999998,1.1504885
TEST_05144,1.6563594999999995,0.463236,0.3234924999999999
TEST_05145,4.093610499999998,-0.6647904999999998,0.43999049999999995
TEST_05146,2.513790999999999,0.31944800000000007,-0.522552
TEST_05147,2.839938,0.0360765,0.276629
TEST_05148,2.2105644999999985,-0.1935154999999999,-0.11088800000000001
TEST_05149,3.317366,1.9487955000000001,0.517574
TEST_05150,4.450503000000001,-0.48833250000000017,0.7444095000000002
TEST_05151,2.265175,-0.19388649999999996,-0.17198750000000004
TEST_05152,1.6582275000000006,-0.47839599999999977,-0.319051
TEST_05153,3.0122259999999996,-0.8282125,-0.3506015000000001
TEST_05154,1.783489,0.41056899999999996,-0.15637550000000006
TEST_05155,1.6362744999999999,-0.7374509999999999,-0.553312
TEST_05156,4.0377975,-0.4926219999999999,-0.38829250000000004
TEST_05157,1.806141,0.4679715,0.007239500000000001
TEST_05158,2.6544635000000008,-1.2274740000000004,-0.13546249999999993
TEST_05159,6.1138639999999995,1.6781479999999998,-1.2312389999999998
TEST_05160,1.6604839999999994,0.25527500000000003,-0.298914
TEST_05161,1.3431529999999998,0.20646699999999996,0.033357000000000005
TEST_05162,1.7368550000000003,1.1301254999999997,1.0189140000000005
TEST_05163,1.8739245000000002,-0.6016235000000003,-0.37450950000000005
TEST_05164,1.6199740000000005,-0.0187145,0.4333995
TEST_05165,2.9247025,0.6148555,-0.4115375
TEST_05166,1.987651,0.49758199999999997,0.11986849999999998
TEST_05167,4.805004,-0.7940384999999996,0.2229184999999999
TEST_05168,2.6336990000000005,-0.7340005000000002,-0.3773185
TEST_05169,3.5331304999999986,0.18857849999999998,-0.19087200000000004
TEST_05170,2.256562,-0.3889139999999999,-0.2406445
TEST_05171,3.5416015,0.10101849999999998,0.06680399999999997
TEST_05172,3.210569000000001,1.2037735,-0.6676645000000003
TEST_05173,1.984618,-0.390351,0.37100500000000014
TEST_05174,1.6546060000000002,0.4694170000000001,-0.05117299999999999
TEST_05175,1.9581955000000004,-0.8289584999999997,-0.22512850000000006
TEST_05176,2.9538925000000003,-0.5780894999999999,1.1713485000000001
TEST_05177,1.6597595,-0.5174149999999997,0.7023865000000002
TEST_05178,4.927370499999999,0.18540500000000001,1.4993364999999998
TEST_05179,1.9713105000000002,0.06139749999999998,-0.5291630000000002
TEST_05180,2.225346,-0.15850799999999998,0.10560900000000008
TEST_05181,0.9607534999999998,-0.4541914999999999,0.07858499999999997
TEST_05182,1.873935,0.6561840000000002,-0.4530129999999999
TEST_05183,2.9588355,0.4044849999999999,0.43645750000000005
TEST_05184,1.856589,0.4363045,0.6222739999999998
TEST_05185,5.357598500000002,-1.1981834999999998,-0.7646295000000001
TEST_05186,2.5543444999999996,-0.12027550000000001,0.7769455000000001
TEST_05187,1.6234905000000004,0.5162404999999999,0.5362559999999998
TEST_05188,2.6558605,-0.7105644999999998,0.46215399999999995
TEST_05189,4.8084015,-1.470174,0.7771614999999997
TEST_05190,2.5646035000000005,1.5909220000000002,0.09505399999999999
TEST_05191,2.626783,-0.25438099999999997,0.6124095
TEST_05192,3.5592440000000005,0.6481049999999999,0.6359794999999999
TEST_05193,1.8896430000000002,0.4869030000000001,0.0417595
TEST_05194,2.4389195000000012,0.13211500000000007,-0.24479199999999987
TEST_05195,1.7386849999999994,0.1157805,-0.5606245
TEST_05196,3.5939699999999997,-0.09355300000000003,1.258134
TEST_05197,3.125060499999999,1.097042,-0.5362659999999999
TEST_05198,3.3181035000000003,0.9652349999999998,-0.19222350000000002
TEST_05199,5.353698000000001,0.956972,-0.5599995
TEST_05200,2.582454,-1.0664269999999996,0.2349305
TEST_05201,4.353009999999998,-0.9107700000000001,-0.4908814999999999
TEST_05202,1.5583520000000006,0.3947740000000001,0.7617290000000001
TEST_05203,3.5670089999999997,-2.0646345000000004,-0.34591999999999995
TEST_05204,3.2912174999999997,0.8411134999999998,-0.49179500000000015
TEST_05205,2.1927104999999996,-0.5011775000000002,0.13897199999999998
TEST_05206,2.5612139999999988,-0.18338200000000002,0.5462045000000001
TEST_05207,2.8080950000000002,-0.20167700000000005,0.9961490000000001
TEST_05208,1.6687029999999998,0.39216249999999986,0.7227034999999999
TEST_05209,1.7355399999999999,-0.3508300000000001,-0.17917500000000003
TEST_05210,3.1078405000000004,0.4742525000000001,0.40265100000000015
TEST_05211,3.157470000000001,0.0027249999999999974,-0.011871
TEST_05212,2.3653154999999986,1.2864230000000005,0.31066949999999993
TEST_05213,1.261593,-0.476816,-0.06572399999999998
TEST_05214,2.9759029999999997,0.122087,0.221429
TEST_05215,2.482532000000001,-0.5956174999999999,0.20773949999999994
TEST_05216,3.1391685000000003,0.9907799999999999,0.268629
TEST_05217,3.2241584999999997,-1.3096924999999997,1.4623470000000003
TEST_05218,1.172059,0.791482,-0.4050935
TEST_05219,4.408072,1.0355085000000002,1.1460065
TEST_05220,1.9897780000000005,-0.8972615000000002,0.14216249999999997
TEST_05221,2.284769,-0.14024700000000007,-0.8125069999999998
TEST_05222,1.2362635000000002,-0.40380250000000006,0.17738700000000004
TEST_05223,3.5314560000000004,-0.4027114999999999,0.028296499999999992
TEST_05224,3.0997869999999996,0.09897250000000005,-0.502866
TEST_05225,3.3513755,1.8514545,2.0036735000000006
TEST_05226,1.4682489999999997,-0.3604530000000001,-0.3699825
TEST_05227,2.79364,0.22316949999999994,-0.9635715000000002
TEST_05228,2.9043550000000002,-0.3724090000000001,0.4459419999999999
TEST_05229,4.870455000000001,1.3352269999999997,0.6815189999999998
TEST_05230,3.581822499999999,-1.0589914999999999,0.9649635000000001
TEST_05231,2.6192009999999994,-0.078196,-0.10591399999999998
TEST_05232,2.7331975,-0.1448085,0.24521449999999995
TEST_05233,3.1348575,0.22104549999999998,0.526759
TEST_05234,2.7629754999999996,0.021573499999999995,0.08818350000000003
TEST_05235,1.3889560000000003,-0.301775,-0.20147150000000003
TEST_05236,2.787405500000001,1.1438979999999996,0.010649500000000003
TEST_05237,2.4363694999999996,0.8383939999999999,-1.0708115
TEST_05238,2.5643804999999995,-0.5227220000000001,-0.4074920000000001
TEST_05239,4.2468605,-1.4934390000000002,-0.39228150000000006
TEST_05240,3.474479500000001,1.141238,1.3275864999999998
TEST_05241,5.274945500000001,1.971573999999999,-0.2728809999999998
TEST_05242,4.443215499999999,0.030106499999999998,0.9284464999999998
TEST_05243,2.6025379999999996,1.4543449999999996,0.846074
TEST_05244,1.7841664999999998,-0.23109449999999998,-0.21645349999999994
TEST_05245,1.8902005,0.5127045000000001,-0.33377249999999986
TEST_05246,1.6456189999999997,-0.5701695,0.13813850000000003
TEST_05247,2.2271470000000004,-0.9180325000000003,0.7869189999999999
TEST_05248,5.648225,-0.001557499999999979,-0.6627660000000001
TEST_05249,3.5175929999999997,0.07107950000000005,0.1824375
TEST_05250,2.6410779999999994,0.6162995,0.0349475
TEST_05251,3.9928844999999984,-0.16381549999999995,-0.262
TEST_05252,1.4534884999999997,-0.17632050000000002,0.04648799999999998
TEST_05253,2.782967,-0.0643555,0.23319150000000005
TEST_05254,1.139996,0.8141149999999999,0.43092
TEST_05255,2.6003325000000004,0.009573000000000002,-0.11405249999999995
TEST_05256,1.1355829999999996,0.3606235,0.08804400000000001
TEST_05257,3.1587609999999997,-0.2545855,0.5509679999999999
TEST_05258,1.700911,-0.8844865,-0.7671229999999999
TEST_05259,1.8481325000000006,0.7970624999999998,-0.46970549999999994
TEST_05260,1.6570694999999998,0.04003350000000001,0.356805
TEST_05261,2.7495295000000004,0.067026,-0.010941000000000001
TEST_05262,1.3322075000000004,-0.3581589999999999,0.28441049999999996
TEST_05263,1.9562074999999999,-0.7000515,0.28816350000000013
TEST_05264,2.2903845,-0.06700150000000002,0.5126705
TEST_05265,4.0823445,-0.7352844999999999,0.7105315000000002
TEST_05266,3.2993685,0.4089259999999999,0.253898
TEST_05267,3.795197499999999,0.7625864999999998,0.32798250000000007
TEST_05268,3.0195035,-0.5884515000000001,-0.1281055
TEST_05269,4.0909075,-1.0037245000000001,-1.1993975
TEST_05270,4.920179999999999,-1.3220139999999996,1.7570500000000004
TEST_05271,3.035896499999999,-0.06591699999999999,-0.14820999999999995
TEST_05272,2.7632120000000002,-0.7644545000000001,1.3866869999999998
TEST_05273,2.471309,-0.12464150000000006,-0.14670650000000007
TEST_05274,1.410458,-0.03397500000000002,0.516777
TEST_05275,0.8144419999999999,-0.2825925,0.14065699999999995
TEST_05276,3.5072265000000002,-0.7658834999999999,0.24578400000000003
TEST_05277,3.015907499999999,0.4555755,0.8280690000000002
TEST_05278,1.6314789999999995,-0.4445985000000001,-0.5658494999999999
TEST_05279,2.4892805,-0.010971000000000009,0.7972334999999997
TEST_05280,3.9311215000000006,0.42340199999999995,0.525853
TEST_05281,2.9672514999999997,-0.22486150000000005,-0.8853074999999999
TEST_05282,3.992095499999999,0.49295100000000003,1.3886165
TEST_05283,1.6840760000000006,1.2733385000000004,-0.42861400000000005
TEST_05284,2.086949,-0.8081000000000003,-0.12300050000000001
TEST_05285,2.5496385000000004,-0.8974690000000001,-1.0119234999999998
TEST_05286,3.3766909999999988,-0.174054,-0.2221685
TEST_05287,2.2469054999999996,0.022322500000000002,0.8046824999999997
TEST_05288,3.8577119999999994,0.8098670000000002,0.4946784999999999
TEST_05289,3.0044709999999997,-0.2091645000000001,0.313064
TEST_05290,1.8229700000000002,0.2462515000000001,0.36566649999999995
TEST_05291,2.5818380000000003,-0.044665999999999983,0.4140545
TEST_05292,1.2986019999999998,0.15047599999999997,0.17681200000000002
TEST_05293,2.078884000000001,-0.06006199999999999,-0.04174250000000002
TEST_05294,1.2546294999999998,-0.32706100000000005,-0.09184499999999997
TEST_05295,3.457319,0.5708619999999999,-0.6231135
TEST_05296,2.4469499999999993,-1.207382,-0.7243495
TEST_05297,2.9620619999999995,1.0114329999999998,-0.6242705
TEST_05298,2.0113589999999997,0.3808600000000001,0.04849350000000001
TEST_05299,3.3508949999999986,0.5973839999999999,-0.5753105000000001
TEST_05300,2.780391500000001,0.328399,-0.8442815000000001
TEST_05301,2.0385159999999987,-0.6034915000000001,-0.09958550000000001
TEST_05302,1.7045380000000003,-0.2311585000000001,0.0741645
TEST_05303,3.1905549999999994,-0.6114915000000002,-0.8620515000000001
TEST_05304,2.8276185,-0.5463200000000001,0.2652925
TEST_05305,5.032035500000001,0.2485754999999999,-0.7717175000000002
TEST_05306,1.6612205000000002,-0.060601999999999975,0.12114899999999997
TEST_05307,4.0084605,-0.6986669999999997,-0.44936749999999986
TEST_05308,2.0180525,-0.5697120000000001,0.38194049999999985
TEST_05309,1.8185829999999998,-0.8183445,-0.5189549999999998
TEST_05310,3.3229230000000003,0.02702500000000001,-0.23698149999999985
TEST_05311,2.5530775000000014,0.9130784999999999,0.6278065
TEST_05312,3.9146415,-0.7649405,-0.7856475
TEST_05313,2.5882534999999995,-1.5711749999999998,-0.5466864999999999
TEST_05314,1.5831684999999993,-0.37778249999999985,-0.11804899999999992
TEST_05315,1.8794885000000003,-0.1398005,0.0596865
TEST_05316,2.3724434999999997,-1.215245,-0.7065794999999999
TEST_05317,2.9527224999999993,1.2275779999999998,0.6980025
TEST_05318,2.4401694999999997,0.34291799999999995,0.37549450000000006
TEST_05319,5.5043965,-0.0787735,1.5944615
TEST_05320,2.9486934999999996,-1.0361875000000005,-1.0714374999999996
TEST_05321,2.0798049999999995,-1.111135,-0.6394264999999998
TEST_05322,4.0020045,-0.0952265,0.13825700000000002
TEST_05323,4.437733499999999,1.547002,0.0428495
TEST_05324,2.402832000000001,0.9784159999999997,0.009661499999999996
TEST_05325,2.042062,0.29306850000000007,0.6390624999999999
TEST_05326,2.7823145,-0.5428175000000002,0.54223
TEST_05327,3.534142999999999,-0.45337949999999994,0.6587855
TEST_05328,2.274787000000001,-0.6012669999999998,-0.7977385
TEST_05329,2.5737095000000005,0.3381470000000001,-0.20442299999999997
TEST_05330,2.3091755000000003,-0.4674180000000003,0.14534650000000005
TEST_05331,0.7857844999999999,0.33848600000000006,-0.05521449999999999
TEST_05332,1.1559769999999994,0.2517085,0.061727500000000005
TEST_05333,2.0209285,-0.7370984999999999,0.20800650000000004
TEST_05334,0.9822464999999997,0.3643560000000001,0.024483999999999992
TEST_05335,1.2304515000000005,-0.051894,-0.15003600000000003
TEST_05336,2.7588910000000006,-0.3981089999999998,-0.04689999999999998
TEST_05337,2.8969335000000003,-0.9322794999999998,0.7642884999999999
TEST_05338,3.3913985,0.12587500000000001,-0.23997850000000004
TEST_05339,2.3956279999999994,1.1544400000000001,0.44807100000000005
TEST_05340,1.7017675,0.06508200000000001,-0.1076965
TEST_05341,2.7563865000000005,-0.45206250000000014,0.6257840000000002
TEST_05342,1.6068565000000001,-0.039858000000000005,0.11162050000000001
TEST_05343,1.7354869999999996,-0.6744865,0.3435950000000001
TEST_05344,1.1014700000000004,-0.22078400000000004,-0.08501050000000002
TEST_05345,2.0632195,-0.48565249999999976,-0.35797650000000003
TEST_05346,1.8698155,-0.5637115000000003,0.5041460000000003
TEST_05347,3.47084,-0.2451045000000001,0.11999000000000003
TEST_05348,2.3276600000000003,-0.4423395,0.353967
TEST_05349,2.789416000000001,-0.5438105,-0.18949699999999997
TEST_05350,4.378550499999998,-0.7292639999999999,0.552068
TEST_05351,2.439246,-0.5253579999999999,-0.7023084999999998
TEST_05352,3.0558285,-0.7671224999999999,-0.9635309999999997
TEST_05353,3.4459910000000007,1.7824255000000002,0.8495760000000001
TEST_05354,1.1485509999999999,-0.237994,0.22803999999999996
TEST_05355,1.8113119999999996,0.0903795,0.07885699999999998
TEST_05356,2.8458845000000013,0.226835,-0.4328235
TEST_05357,2.110485500000001,-0.2663405,0.3918885000000001
TEST_05358,3.9786675000000002,-1.076171,0.8816634999999999
TEST_05359,4.2548095,-1.3453945000000003,1.721098
TEST_05360,3.6231729999999995,2.2716134999999995,-0.5762894999999998
TEST_05361,3.9648330000000005,-1.9102514999999998,1.54299
TEST_05362,3.2571065,1.2097065000000002,1.1671200000000002
TEST_05363,3.60977,1.979931000000001,1.023641
TEST_05364,1.9876635000000002,-0.294501,0.34783599999999987
TEST_05365,2.0363445000000002,0.418725,-0.41946000000000006
TEST_05366,4.028238,0.05894050000000003,0.20009050000000006
TEST_05367,5.218370500000002,-0.29503749999999995,-0.25061900000000004
TEST_05368,4.101233000000002,-0.7649569999999999,0.6400804999999998
TEST_05369,3.5050100000000013,0.2655605000000001,0.49536750000000007
TEST_05370,2.8337745,-0.1295785000000001,-0.17449999999999993
TEST_05371,4.0013915,-0.5484944999999998,-0.10328999999999999
TEST_05372,2.5392539999999992,0.294557,-0.08609950000000004
TEST_05373,1.6393105,0.4654195000000001,0.15507449999999998
TEST_05374,3.2807865,1.2279019999999998,-1.1949654999999995
TEST_05375,2.2648069999999993,0.118903,-0.17461549999999998
TEST_05376,1.9046550000000004,-0.4450359999999999,-0.48969899999999994
TEST_05377,3.827417499999999,-1.88625,0.501706
TEST_05378,5.611976499999999,-1.3569464999999998,0.5168065
TEST_05379,2.8484785000000015,-1.198081,0.5316685000000001
TEST_05380,2.236568,0.5170380000000001,0.4526935
TEST_05381,3.717723499999999,0.29387299999999994,0.49372600000000005
TEST_05382,2.1002955000000005,0.3525405,-0.394494
TEST_05383,3.8857805,-0.5640425,0.23743699999999993
TEST_05384,3.8306564999999995,-0.6634945000000001,0.19983700000000001
TEST_05385,1.7337420000000003,1.2935985000000005,-0.9631335000000001
TEST_05386,2.3728479999999985,0.2712784999999999,-0.4017685
TEST_05387,3.7489279999999985,0.7934370000000001,0.3352695
TEST_05388,1.9508390000000002,-0.6802249999999996,0.0642715
TEST_05389,4.146673000000002,-0.5178335000000003,1.0010480000000002
TEST_05390,1.0944255000000003,0.0642835,-0.12328049999999995
TEST_05391,2.0584810000000004,0.15553,-0.30161000000000004
TEST_05392,1.6301729999999994,0.8009689999999999,0.06987299999999999
TEST_05393,2.2881814999999994,-0.7387735000000001,0.06424949999999999
TEST_05394,2.6687584999999996,-0.2763239999999999,0.166662
TEST_05395,2.2570675,0.2976765,0.8019094999999998
TEST_05396,2.303100999999999,-1.0315554999999996,-0.17341849999999998
TEST_05397,1.3900575000000002,-0.1913515,-0.12868049999999995
TEST_05398,1.1103835,0.010416499999999985,-0.23846850000000003
TEST_05399,2.7234765000000007,1.2204284999999997,-0.5269500000000003
TEST_05400,2.4362185000000003,-0.4591354999999999,0.6039985
TEST_05401,2.2235950000000004,0.6527370000000001,0.228532
TEST_05402,2.0399614999999995,0.44587550000000004,-0.118106
TEST_05403,1.296382,0.6859554999999998,0.20639599999999997
TEST_05404,1.8762305000000001,-0.373208,0.21831500000000004
TEST_05405,1.0278015000000003,-0.02569349999999999,0.13013650000000002
TEST_05406,4.2266379999999995,0.6241745,1.1432924999999994
TEST_05407,3.8261899999999995,0.6335040000000001,0.46613
TEST_05408,3.1673125,1.2243999999999995,1.3306710000000002
TEST_05409,2.9879470000000006,0.46293399999999996,0.170456
TEST_05410,2.638491999999999,-0.2628985000000001,-0.2104099999999999
TEST_05411,3.2153164999999997,0.26546000000000003,0.1232745
TEST_05412,1.9511419999999997,1.173534,-0.743194
TEST_05413,2.3995405000000005,-0.21533250000000004,-0.039199
TEST_05414,2.2424959999999996,0.7302414999999999,-0.8936474999999999
TEST_05415,3.0152660000000004,-0.13018100000000002,0.041231500000000004
TEST_05416,2.1273534999999995,0.18885800000000003,0.8949079999999998
TEST_05417,2.7204729999999993,-1.446031,0.5595145000000001
TEST_05418,1.944926,-1.5483599999999997,-0.8546755000000001
TEST_05419,1.5259629999999995,-0.5419375,0.09861850000000003
TEST_05420,1.6924520000000003,0.0383775,0.03776800000000001
TEST_05421,2.2895769999999995,0.14783899999999994,-0.8844174999999999
TEST_05422,1.166551,-0.08838249999999996,0.1149845
TEST_05423,3.074534,-0.5301985,-0.7039489999999999
TEST_05424,3.1475029999999995,-0.067929,0.108145
TEST_05425,4.891093,-0.38832449999999996,1.132476
TEST_05426,2.6911389999999997,0.3228560000000001,0.09805399999999999
TEST_05427,2.5842490000000002,0.10758350000000003,0.7231775
TEST_05428,1.7842799999999999,0.5348784999999999,0.05665100000000001
TEST_05429,3.4390110000000007,-1.3048449999999996,0.8493285000000002
TEST_05430,2.239339499999999,0.19779599999999997,-0.5123409999999997
TEST_05431,1.1637945,0.030475000000000012,0.08786750000000002
TEST_05432,2.3752515,-0.7939889999999998,1.2360924999999998
TEST_05433,2.5882489999999994,0.21570250000000002,0.5564549999999999
TEST_05434,2.9970110000000005,-0.30592,0.08982599999999998
TEST_05435,1.9155225000000002,-0.5901895000000004,-0.11514
TEST_05436,4.593866,0.38479550000000007,0.784288
TEST_05437,3.436791,0.14094800000000005,1.0259450000000006
TEST_05438,3.9633430000000005,-1.3737150000000007,-0.15265
TEST_05439,4.665779499999999,-1.2757870000000002,2.43142
TEST_05440,1.808241,-0.6590969999999998,-0.24640449999999994
TEST_05441,2.656934000000001,0.9522845,0.6124709999999998
TEST_05442,3.0288939999999993,-0.7106865000000002,0.32636200000000004
TEST_05443,2.8883489999999994,1.1500095000000001,-1.3769865000000001
TEST_05444,3.2970755,-0.7677689999999999,0.7476814999999998
TEST_05445,2.6808844999999994,0.5074024999999998,-0.016979000000000005
TEST_05446,1.8256975,0.6165270000000003,0.37202549999999995
TEST_05447,4.2965895000000005,1.235538,1.2076470000000004
TEST_05448,3.025702,0.4852365000000002,1.1687259999999995
TEST_05449,3.2050775,0.1477635,0.5329595000000001
TEST_05450,3.2372699999999996,0.20534350000000004,-0.11913000000000001
TEST_05451,1.8441980000000002,-0.3980615,0.5574945000000001
TEST_05452,4.574986000000001,-0.7346909999999998,0.9760539999999993
TEST_05453,1.5313765000000004,-0.22621950000000002,0.19573449999999995
TEST_05454,3.4451259999999997,-1.1081564999999998,1.1405910000000006
TEST_05455,2.871417999999999,0.4632019999999999,0.48435250000000013
TEST_05456,3.0464735000000003,-0.17958199999999996,0.5669725
TEST_05457,3.554708999999999,-1.5051815,0.8193330000000001
TEST_05458,3.1621539999999992,-0.7119215,0.498496
TEST_05459,3.547919499999999,-0.9077284999999999,-1.112485
TEST_05460,3.2029424999999994,-0.5010515,-0.38159750000000003
TEST_05461,1.2353059999999998,-0.4992814999999999,-0.4214
TEST_05462,1.721653,0.5352454999999998,-0.5781735000000001
TEST_05463,2.062214,-0.2224915,0.6941720000000002
TEST_05464,3.1214085,0.007283500000000009,-0.4955710000000001
TEST_05465,2.2800380000000002,-0.7437130000000003,0.18073350000000007
TEST_05466,2.7584199999999996,-0.0018554999999999995,-0.11725150000000005
TEST_05467,2.552821,-0.6058345,0.9666545000000001
TEST_05468,3.158486500000001,0.35611799999999993,-0.029256000000000008
TEST_05469,3.606808000000001,-0.293457,0.12718050000000003
TEST_05470,0.9167325,-0.29789199999999993,0.186991
TEST_05471,2.6666665,-0.6166860000000001,0.1057845
TEST_05472,1.9820065000000002,-0.8464255000000002,0.07420849999999998
TEST_05473,2.8006505000000006,-0.367745,0.14641350000000003
TEST_05474,2.881243500000001,0.545662,-0.48224150000000016
TEST_05475,1.3925609999999997,0.2972285,0.33816450000000015
TEST_05476,4.416518,-1.1097574999999997,0.6660515000000001
TEST_05477,3.0424404999999997,-1.7237930000000006,0.42892050000000004
TEST_05478,3.444767999999999,-1.2811095,0.015126499999999996
TEST_05479,6.115542000000001,-0.13872250000000003,0.3625839999999999
TEST_05480,1.2414445,0.23583099999999993,0.12069299999999997
TEST_05481,4.3025255,0.1790055,0.4197815000000001
TEST_05482,4.193122999999998,1.2523985000000002,0.5949530000000001
TEST_05483,1.9970440000000003,1.2941174999999996,-0.602103
TEST_05484,2.4855884999999995,0.06537899999999999,0.3590625000000001
TEST_05485,3.054067999999999,0.6086455000000002,-0.036442000000000016
TEST_05486,4.432014,0.033893,0.26941299999999996
TEST_05487,4.907553000000002,1.3341960000000004,0.31355850000000013
TEST_05488,2.2369185,1.0495155,0.8510475000000002
TEST_05489,1.9625009999999996,-0.11383050000000002,0.23200700000000005
TEST_05490,2.1774724999999995,0.11078100000000002,0.36591399999999996
TEST_05491,3.4659820000000003,0.029383500000000014,-0.255707
TEST_05492,3.7928490000000012,0.9156889999999998,-0.06396299999999999
TEST_05493,1.5075309999999997,-0.6424455,-0.394717
TEST_05494,2.1422509999999995,1.5807864999999999,-0.3289515
TEST_05495,2.964778,0.060471500000000004,0.20326350000000004
TEST_05496,1.6152865000000003,0.125148,0.8835095
TEST_05497,1.7024670000000004,-0.1182135,0.66551
TEST_05498,2.9689950000000005,0.35384649999999995,0.26242050000000006
TEST_05499,3.4956405000000013,0.4262039999999999,0.7269805
TEST_05500,1.3900354999999995,-0.442156,0.058955999999999995
TEST_05501,2.956066999999999,0.47208000000000006,0.29946799999999985
TEST_05502,2.2801735,0.47985350000000004,0.6540925
TEST_05503,3.3891445000000004,-0.808862,0.40989199999999987
TEST_05504,3.549633,-0.5464985000000001,0.16891
TEST_05505,4.5170405,-0.4203745000000001,0.5342985000000003
TEST_05506,3.1854105,-0.5080685,0.0861845
TEST_05507,1.566315,0.1492110000000001,0.3683500000000001
TEST_05508,2.571474499999999,0.3862690000000001,-0.386486
TEST_05509,3.4344024999999996,-0.8688230000000001,-0.025056500000000002
TEST_05510,3.9787544999999995,-0.10196999999999999,0.8243530000000001
TEST_05511,1.3880114999999997,-0.5059645000000002,0.3477875
TEST_05512,1.2395129999999999,0.2570095,0.009343499999999994
TEST_05513,2.6593910000000003,-0.6112415000000001,0.6245645
TEST_05514,2.2997875,0.4099370000000001,-0.08465499999999997
TEST_05515,2.151519499999999,0.133831,0.040292
TEST_05516,4.837754999999998,0.9823264999999999,0.7285954999999997
TEST_05517,2.3636825000000012,0.891143,-0.193814
TEST_05518,2.5772685000000006,0.16794799999999996,0.7004715000000001
TEST_05519,2.7770745000000003,1.5767339999999996,0.1338565
TEST_05520,1.4993675000000004,-0.6242419999999999,-0.29293300000000005
TEST_05521,3.0777930000000007,2.1642389999999994,0.12857049999999992
TEST_05522,1.2343625,0.0414025,-0.5456125000000001
TEST_05523,3.6961109999999993,-1.1071039999999999,-0.7347250000000001
TEST_05524,1.4333779999999996,0.3391175,0.27437200000000006
TEST_05525,3.072459999999999,-0.2206795,0.49673550000000005
TEST_05526,1.5474755,0.21684750000000003,-0.3974669999999999
TEST_05527,4.195672999999999,-0.157756,0.6883900000000003
TEST_05528,2.2230354999999995,0.5433835,-0.09068550000000003
TEST_05529,3.279575499999999,-0.15890199999999996,0.26016799999999995
TEST_05530,1.638426,0.104876,0.242506
TEST_05531,3.103192000000001,0.3861595,-0.8560625
TEST_05532,1.2553839999999996,0.31852400000000014,0.45470849999999996
TEST_05533,2.2510755000000007,-0.13635199999999997,0.3070204999999999
TEST_05534,2.0708330000000004,-1.0624190000000002,-0.0110885
TEST_05535,3.2807035000000004,-1.039533,0.6028274999999998
TEST_05536,2.7278694999999993,-1.5351184999999998,-0.6498809999999999
TEST_05537,1.5603789999999997,-0.27703849999999997,0.2790875
TEST_05538,4.839698499999999,0.5310540000000001,1.7313089999999995
TEST_05539,2.737109499999999,1.3536054999999998,-0.7724855000000002
TEST_05540,1.9665244999999998,-0.10869899999999996,-0.2765095000000001
TEST_05541,3.6674445,0.30081250000000015,0.9778085000000001
TEST_05542,1.7828944999999998,0.4489629999999999,-0.007527499999999998
TEST_05543,3.0705325000000006,-0.005404000000000001,0.36180849999999987
TEST_05544,1.0555129999999995,0.22261949999999997,-0.046672999999999985
TEST_05545,5.827645500000001,-1.617108,0.36079600000000006
TEST_05546,1.5668029999999997,0.7693765000000001,0.03619049999999999
TEST_05547,3.810133499999999,0.0366095,-0.019139500000000004
TEST_05548,2.704637000000001,-0.0107015,0.06378500000000001
TEST_05549,2.5156970000000003,1.0446229999999999,0.19693049999999993
TEST_05550,1.9712085,0.7570269999999999,0.4644425
TEST_05551,1.800574,0.14703900000000003,-0.34464449999999985
TEST_05552,2.225262,-1.1477794999999997,-0.4953650000000001
TEST_05553,3.07031,1.181515,0.119801
TEST_05554,3.5342719999999996,0.5279885,0.013236999999999999
TEST_05555,1.6808099999999997,-0.44367599999999996,-0.217538
TEST_05556,3.8818205,0.6877345,1.1993564999999997
TEST_05557,2.4941455,1.3798064999999995,-0.18818649999999995
TEST_05558,3.3011515,0.6923029999999999,-0.5954244999999999
TEST_05559,5.034023499999998,-1.4350375,1.6517535000000003
TEST_05560,2.204601,-0.7526184999999997,0.080014
TEST_05561,4.3420275,1.700031,1.167296
TEST_05562,3.8607365000000007,-0.08775449999999999,-0.046335999999999995
TEST_05563,3.3231159999999997,2.1106114999999996,-1.3179319999999997
TEST_05564,2.5013254999999996,-0.6271655,0.023492499999999993
TEST_05565,2.2315829999999997,0.7863935,-0.7284315
TEST_05566,2.9845099999999993,0.2550715,0.15337749999999994
TEST_05567,4.4821665,0.6286874999999997,1.1984730000000001
TEST_05568,5.3331159999999995,-1.5042595000000003,0.0066945
TEST_05569,2.2192109999999996,0.5328499999999998,0.23814750000000004
TEST_05570,2.4718590000000007,-0.20120449999999998,-0.7155964999999997
TEST_05571,3.6210190000000004,-0.26584699999999994,-0.435175
TEST_05572,4.3563265,-0.9380840000000001,0.7904985
TEST_05573,1.2456715000000003,-0.22203199999999995,0.136822
TEST_05574,2.9683995000000003,-0.048745000000000004,0.6470275000000001
TEST_05575,2.081048000000001,-0.767444,0.3121405
TEST_05576,1.76187,-0.6687275000000001,-0.6185999999999998
TEST_05577,2.510227000000001,0.7466,1.0521859999999994
TEST_05578,4.673654,-0.8376500000000002,-0.8008280000000001
TEST_05579,2.5011355,0.6541304999999998,0.19982099999999997
TEST_05580,3.2191754999999995,-0.25095100000000004,0.39448300000000003
TEST_05581,3.0324120000000003,-0.0633715,0.131176
TEST_05582,2.19885,-0.7371165000000002,0.7690414999999999
TEST_05583,2.167432,0.03864799999999999,-0.2994595000000001
TEST_05584,1.6210765,-0.187705,-0.39157700000000006
TEST_05585,3.506136500000001,0.09834499999999999,1.334822
TEST_05586,1.5273480000000001,0.5145324999999997,-0.28225200000000006
TEST_05587,1.8219925,0.633815,-0.3228404999999999
TEST_05588,2.5426829999999994,-0.00039099999999999985,-0.135726
TEST_05589,2.9174610000000003,-0.8333945,0.15665700000000005
TEST_05590,3.5697859999999997,0.6212165000000001,0.4107090000000001
TEST_05591,2.4148750000000003,0.6045024999999997,0.4208734999999999
TEST_05592,1.7183964999999999,1.1504524999999997,-0.034418000000000004
TEST_05593,2.673355,0.444307,0.0708125
TEST_05594,2.3112880000000002,0.351267,0.014454000000000002
TEST_05595,1.757691,0.6040220000000003,-0.32917849999999993
TEST_05596,1.7506580000000005,-0.9936554999999998,0.518786
TEST_05597,2.0115355,-0.8660205000000002,0.28804950000000007
TEST_05598,1.685014,-0.11481499999999997,0.5226584999999999
TEST_05599,4.644998500000002,-0.8305325000000001,0.2769600000000001
TEST_05600,4.5956335,0.670831,-0.6159965000000001
TEST_05601,4.632361000000001,1.7694060000000003,-0.6876289999999998
TEST_05602,3.746845000000001,0.36379000000000006,-0.46216199999999996
TEST_05603,1.4500264999999999,0.8267559999999998,0.09028600000000003
TEST_05604,2.3721745,-0.4166245,0.8816119999999998
TEST_05605,2.1098384999999995,0.6307535,0.062082500000000006
TEST_05606,4.369235500000002,0.6999105000000001,1.049136
TEST_05607,1.8830144999999998,-0.2614575000000001,0.35325199999999995
TEST_05608,1.1545355,0.5024795000000001,0.23402149999999994
TEST_05609,3.3563020000000003,0.31535399999999997,0.21782999999999997
TEST_05610,1.4356135000000005,0.20704749999999994,-0.40554599999999996
TEST_05611,3.3683049999999994,-0.4984289999999999,0.15104700000000004
TEST_05612,2.2362754999999996,-1.2965339999999999,0.8875535000000001
TEST_05613,3.2365635000000004,0.2757219999999999,0.443604
TEST_05614,1.1300939999999997,0.7865800000000001,-0.5664004999999998
TEST_05615,2.2069919999999996,-0.6899825000000002,0.4235175000000001
TEST_05616,1.3819765000000004,-0.47431600000000007,0.45370749999999993
TEST_05617,4.357790000000002,2.0864485000000004,-0.5779174999999996
TEST_05618,3.7937855000000007,0.5814995000000001,-0.43347400000000014
TEST_05619,1.190364,-0.6711345,0.1195675
TEST_05620,3.3374655,-0.34221099999999993,0.8344110000000002
TEST_05621,2.127,-0.057343000000000005,0.687966
TEST_05622,1.9657149999999999,0.054977499999999985,0.439621
TEST_05623,1.5689570000000002,0.5948715,0.1297705
TEST_05624,3.954557999999999,0.20926550000000005,-0.10733299999999998
TEST_05625,4.468392499999998,0.006425000000000007,0.5147755
TEST_05626,2.380623,-0.4442664999999999,0.41433949999999997
TEST_05627,1.5816794999999997,0.438588,0.14703849999999996
TEST_05628,2.7425175,-0.53946,0.23476099999999994
TEST_05629,3.905690500000001,-1.108423,-0.7019544999999999
TEST_05630,2.8107274999999996,0.28720099999999993,0.0745435
TEST_05631,2.2433929999999993,-0.7784580000000001,0.42461649999999984
TEST_05632,2.3689484999999997,1.6001655000000001,0.009048500000000003
TEST_05633,3.659024,1.0173085,1.4836625000000003
TEST_05634,1.4222859999999993,-0.04769800000000002,-0.02637750000000001
TEST_05635,1.6673604999999996,0.17331649999999998,0.11737350000000002
TEST_05636,3.4144064999999992,1.4144775000000003,0.9511395
TEST_05637,3.3146759999999986,-1.3252474999999997,-0.7632245
TEST_05638,1.0706295,-0.2651395,0.33684000000000003
TEST_05639,3.21732,1.6273884999999997,0.5037514999999999
TEST_05640,3.4406190000000008,-0.47278200000000004,0.9272239999999998
TEST_05641,3.3859865000000005,1.1394685000000002,0.5140525
TEST_05642,1.3136885000000005,-0.16507100000000002,-0.17465450000000005
TEST_05643,4.175616500000002,-1.2114775,0.6178669999999999
TEST_05644,2.3552124999999995,0.8114140000000003,0.3917939999999999
TEST_05645,1.5457969999999999,-0.011558500000000006,0.005834499999999998
TEST_05646,4.241952499999999,1.4185549999999998,-0.543683
TEST_05647,2.681744,1.0033599999999996,-0.039434
TEST_05648,1.1567340000000002,0.6589845000000001,0.516758
TEST_05649,1.9344295000000002,0.7236785000000001,-0.09875849999999997
TEST_05650,2.201676,0.006079499999999995,-0.36257950000000005
TEST_05651,1.099724,0.1585775,-0.16921900000000006
TEST_05652,2.5787365000000007,-0.0303915,0.14578899999999997
TEST_05653,2.927149499999999,-0.26932049999999996,0.28818449999999995
TEST_05654,2.5177855000000005,0.754715,0.9871270000000001
TEST_05655,1.7420550000000001,0.4778064999999999,-0.4281285000000001
TEST_05656,1.9710655000000001,0.6138669999999999,0.7848704999999998
TEST_05657,3.008361,-0.1130375,0.800541
TEST_05658,4.649763,0.862202,0.9294449999999997
TEST_05659,3.6916140000000004,1.1242639999999997,0.5964334999999997
TEST_05660,2.160818,0.20263899999999996,-0.376901
TEST_05661,3.0297155,-0.3088384999999999,1.525989
TEST_05662,1.6322275,0.19309649999999995,0.29219699999999993
TEST_05663,3.48759,0.5776914999999999,-0.37194499999999986
TEST_05664,3.108364000000001,-0.228453,0.26921049999999996
TEST_05665,5.556233499999999,-1.8901790000000007,-0.6487265
TEST_05666,2.9507575,-0.5439920000000003,0.6717550000000001
TEST_05667,3.6115065,0.308528,-0.24248350000000005
TEST_05668,1.8282015,0.3737069999999999,-0.3984465000000001
TEST_05669,3.1357275000000002,-1.8696055,-1.10929
TEST_05670,3.572190000000001,1.3000800000000003,0.7830735000000001
TEST_05671,1.1750875,0.17992200000000003,0.10811049999999998
TEST_05672,2.6363709999999996,0.5748654999999998,0.45917800000000003
TEST_05673,1.60906,-0.13295600000000002,-0.005351499999999978
TEST_05674,3.5576055,0.7309909999999997,0.10056500000000002
TEST_05675,1.9661520000000003,0.9289450000000001,-0.610474
TEST_05676,4.4831495,-2.244539999999999,1.4735155
TEST_05677,3.280143,0.5892565000000002,0.6620235000000003
TEST_05678,0.963951,0.353955,0.35743050000000004
TEST_05679,4.8777314999999986,0.43171499999999996,1.5011375000000002
TEST_05680,3.017438500000001,-0.17759050000000004,-0.25617749999999995
TEST_05681,4.025036000000002,1.6639635000000004,-0.5510619999999999
TEST_05682,2.1953715,-0.5912835000000001,-0.5103605000000001
TEST_05683,2.4878389999999992,-0.48038200000000003,-0.005191999999999999
TEST_05684,2.7903625000000005,0.20084950000000001,0.7551810000000002
TEST_05685,2.2438644999999995,-0.1275495,0.8025919999999998
TEST_05686,3.099546000000001,-0.6649934999999998,-0.4694435000000001
TEST_05687,3.643283999999999,0.7796675,-0.5666929999999999
TEST_05688,1.1016664999999999,-0.5120000000000001,0.047613499999999996
TEST_05689,3.3647679999999998,0.2183365,0.184234
TEST_05690,3.220949,0.5549665,0.30181900000000006
TEST_05691,2.3544485,0.07995450000000001,-0.8262365000000002
TEST_05692,1.3431680000000004,0.6827350000000002,-0.014630499999999996
TEST_05693,2.549423,0.10594749999999996,-0.2190655
TEST_05694,1.8992445,0.6363969999999999,0.20223149999999995
TEST_05695,2.3640635,-0.25069,-0.5641749999999999
TEST_05696,3.2299439999999997,-0.44722949999999995,0.44291400000000003
TEST_05697,3.0175055,-1.194584,0.4415475
TEST_05698,2.8889435000000008,0.321312,-1.1103384999999997
TEST_05699,3.9978625000000014,1.5454350000000003,-1.2550259999999998
TEST_05700,2.732527,-0.21064650000000001,0.1986225
TEST_05701,2.9009069999999992,0.09104550000000003,-0.9703735
TEST_05702,1.6578834999999998,-0.11463050000000007,0.3625405000000001
TEST_05703,3.6660509999999986,-0.074495,0.413192
TEST_05704,2.7114139999999995,0.298391,0.0508605
TEST_05705,1.3948564999999997,0.283773,0.6173390000000003
TEST_05706,2.054998,0.5543384999999998,0.5238004999999998
TEST_05707,1.2948695,0.059068,0.44390949999999996
TEST_05708,2.9895125000000005,-0.22947400000000007,0.5675469999999998
TEST_05709,1.952686,1.0970000000000002,-0.2780849999999999
TEST_05710,2.087183499999999,-0.8366465000000001,-0.7699055000000001
TEST_05711,2.2883365,0.5845940000000002,0.427362
TEST_05712,1.387567,0.397715,-0.41239650000000005
TEST_05713,1.852328,-0.0087415,-0.45714899999999986
TEST_05714,3.4143394999999996,-0.572988,1.2452105
TEST_05715,1.4623439999999999,-0.34673450000000006,0.2330545
TEST_05716,1.7531814999999995,0.19866399999999995,0.0875475
TEST_05717,1.8488879999999996,0.7205294999999997,-0.4835884999999999
TEST_05718,2.004186,-0.08736000000000002,0.8367755000000001
TEST_05719,4.878513000000002,0.732683,0.6473675000000003
TEST_05720,1.4862775000000006,-0.5097879999999999,-0.13778949999999995
TEST_05721,1.758689,0.28030050000000006,-0.44765350000000004
TEST_05722,4.080878499999999,0.38848099999999997,-0.69195
TEST_05723,3.2916624999999993,-1.6266775000000004,0.44962749999999996
TEST_05724,1.8240620000000005,-0.2789364999999999,0.2951244999999999
TEST_05725,1.8824519999999998,-0.4903465,0.16240200000000002
TEST_05726,1.6838154999999997,-0.290527,0.09632950000000001
TEST_05727,2.085649000000001,-0.8092489999999999,-0.023715000000000007
TEST_05728,6.121701000000002,1.710842,-0.3844919999999999
TEST_05729,1.0911330000000001,-0.34248,0.04831599999999999
TEST_05730,1.410917,0.33122449999999987,0.10793549999999999
TEST_05731,2.2177799999999985,0.2674329999999999,0.0325835
TEST_05732,4.511126000000001,-0.6693735000000001,0.9431754999999999
TEST_05733,1.4925880000000005,0.2969489999999999,0.10456649999999998
TEST_05734,1.4337565000000003,-0.29224399999999995,0.31545200000000007
TEST_05735,2.0023324999999996,-0.9892875000000002,0.010277
TEST_05736,2.4990999999999994,0.7940834999999999,0.05425049999999996
TEST_05737,2.1624105,0.206689,0.049100000000000005
TEST_05738,2.328308,1.1808660000000006,-1.0641209999999997
TEST_05739,0.7816520000000002,-0.3923315000000001,-0.07276950000000004
TEST_05740,2.2183935000000012,0.4313945,-0.8354115000000001
TEST_05741,3.1965084999999993,-0.26744999999999997,0.0633935
TEST_05742,1.3032820000000003,0.18895049999999997,-0.193477
TEST_05743,1.6850139999999998,-1.0169430000000004,0.6862334999999999
TEST_05744,2.0243825000000006,0.0622585,-0.1627754999999999
TEST_05745,2.0171835000000007,0.5211800000000001,-0.8471770000000001
TEST_05746,2.555797,0.072661,0.027257500000000004
TEST_05747,1.9703435,-0.5565035,0.597747
TEST_05748,1.960353,0.7109239999999999,-0.09996749999999999
TEST_05749,3.9413084999999994,-0.687573,-0.9706539999999999
TEST_05750,1.1658039999999998,0.6518765000000002,0.13593650000000002
TEST_05751,1.7063430000000004,-0.12129199999999993,0.037872499999999996
TEST_05752,1.9643410000000003,0.8563399999999999,-0.42276100000000005
TEST_05753,2.142327,-0.14366850000000003,0.5611809999999997
TEST_05754,0.941727,-0.34558500000000003,-0.0003159999999999986
TEST_05755,1.36932,-0.309023,-0.11553850000000002
TEST_05756,2.058327499999999,-0.4449364999999999,0.6182845000000003
TEST_05757,1.5512989999999998,-0.0520995,0.1388235
TEST_05758,3.2317469999999995,-1.2504650000000002,0.31383899999999987
TEST_05759,3.2968965,-0.6629319999999999,0.8018775
TEST_05760,2.2021755000000005,0.961009,0.21551900000000002
TEST_05761,2.8778984999999992,-0.146923,0.14655300000000004
TEST_05762,3.674561499999999,-1.5369550000000003,1.3151515000000003
TEST_05763,3.7707179999999996,-1.4004734999999995,1.0508259999999998
TEST_05764,2.1488850000000004,0.17764199999999997,-0.4639580000000001
TEST_05765,1.4904225000000002,0.30069499999999993,-0.33083150000000006
TEST_05766,1.5545034999999998,0.011381999999999996,-0.26517350000000006
TEST_05767,4.4802335,-0.7072084999999999,-0.5985355000000001
TEST_05768,2.3697575000000004,1.030853,0.05590600000000001
TEST_05769,3.0156390000000006,0.14087850000000002,0.2469214999999999
TEST_05770,2.692559,-0.321959,0.06316499999999997
TEST_05771,3.660574500000001,0.05020399999999999,-0.010652
TEST_05772,2.400944000000001,0.8275715000000001,0.4772474999999999
TEST_05773,1.5655424999999998,0.27372799999999997,-0.26471199999999995
TEST_05774,1.1637685,0.32326,-0.10003749999999997
TEST_05775,2.135951499999999,0.41156550000000014,0.0674025
TEST_05776,1.0124670000000004,0.3761779999999999,0.5414055000000002
TEST_05777,1.1186134999999997,0.16664949999999998,0.09156150000000002
TEST_05778,4.5642369999999985,1.5698310000000004,1.3784094999999998
TEST_05779,1.065632,-0.5758265,0.14846700000000002
TEST_05780,2.042903,0.22444350000000002,-0.432438
TEST_05781,2.380688,-0.35501499999999997,-0.9706265000000001
TEST_05782,1.3435245,0.016314000000000002,0.051532
TEST_05783,3.9284169999999987,-0.008910500000000002,-0.4368305000000001
TEST_05784,1.3915354999999994,-0.2837384999999999,0.2619069999999999
TEST_05785,4.2239265,1.6048370000000003,1.1916749999999996
TEST_05786,3.0122894999999996,-0.18219450000000004,-0.4088059999999999
TEST_05787,3.461049,0.6888580000000001,0.1534355
TEST_05788,2.4292934999999996,0.7045419999999998,0.213042
TEST_05789,0.7374379999999999,-0.003544499999999992,0.16935549999999994
TEST_05790,3.643096000000001,0.17208000000000004,0.676947
TEST_05791,3.0051750000000004,0.5407120000000001,-0.48964399999999997
TEST_05792,2.7091035000000008,-1.1221524999999999,-1.0987540000000005
TEST_05793,3.116144,0.17466949999999998,0.9663699999999998
TEST_05794,3.1354039999999994,0.279431,-0.37822650000000013
TEST_05795,0.9636215000000001,0.46473,-0.067797
TEST_05796,3.8504234999999998,-0.47173949999999987,0.24435999999999997
TEST_05797,2.5729259999999994,0.8629635,0.16508399999999995
TEST_05798,3.2092884999999995,-0.9471195000000003,0.904298
TEST_05799,2.758039000000001,-0.712038,0.827303
TEST_05800,2.761196000000001,1.3505989999999994,0.5408004999999998
TEST_05801,3.900715999999999,-0.6311525000000001,0.171006
TEST_05802,4.480976499999998,-0.99261,0.016149500000000004
TEST_05803,3.3620160000000006,0.548512,0.09255849999999999
TEST_05804,2.3513599999999997,-0.253881,0.8025924999999999
TEST_05805,1.6406249999999996,0.9637729999999999,-0.5120119999999999
TEST_05806,2.576831500000001,0.2659419999999999,0.31491749999999985
TEST_05807,3.301955499999999,-0.5065450000000002,0.5293895000000001
TEST_05808,1.8332065,0.535126,0.8973390000000003
TEST_05809,4.580424,0.5629209999999998,-1.1123609999999995
TEST_05810,2.4175500000000008,0.5964875000000001,0.07492649999999998
TEST_05811,4.2145345,-0.24667650000000002,0.5292570000000001
TEST_05812,2.699405500000001,0.8055694999999998,-0.8599629999999998
TEST_05813,0.9307570000000001,0.291549,-0.098153
TEST_05814,1.3937289999999996,0.023027000000000002,-0.36630050000000014
TEST_05815,1.5060519999999997,-0.7224424999999999,0.4063840000000001
TEST_05816,2.9945239999999997,-0.48753100000000016,-0.4704495
TEST_05817,1.4537959999999996,0.5473134999999999,0.10695700000000001
TEST_05818,1.9044095000000003,-0.140018,-0.9290815000000001
TEST_05819,4.544587,-0.8024215000000002,0.4112495000000001
TEST_05820,1.002678,0.04563099999999998,-0.1306965
TEST_05821,1.8289354999999996,0.5987865000000001,0.066666
TEST_05822,1.4646775,-0.04412699999999999,0.03066449999999998
TEST_05823,1.278259,-0.07296549999999999,-0.2339495
TEST_05824,3.2942175000000002,0.004337000000000002,-0.20951599999999998
TEST_05825,2.204867499999999,-1.1288380000000005,0.8354225
TEST_05826,1.3140375,0.061674,0.07075800000000002
TEST_05827,4.040763500000002,-0.1418645,-0.4813144999999999
TEST_05828,2.2455109999999996,0.095544,0.3177255000000001
TEST_05829,1.2081875000000004,-0.2105685,0.40584399999999987
TEST_05830,1.2074209999999996,0.13256099999999998,0.4288700000000001
TEST_05831,1.2896924999999997,-0.08914149999999998,0.24353249999999999
TEST_05832,1.966459,0.409308,0.27704300000000004
TEST_05833,1.8723565,0.7302420000000002,0.5151155000000001
TEST_05834,3.4432435000000003,0.28968099999999997,-0.8961684999999999
TEST_05835,0.9333169999999997,-0.39869750000000004,-0.20273499999999997
TEST_05836,2.9518874999999998,-1.4218725,-0.5769004999999998
TEST_05837,3.8120515000000004,-1.953504499999999,0.16700349999999997
TEST_05838,0.8899315000000001,0.47552250000000007,-0.04317600000000002
TEST_05839,3.0449284999999997,0.8389634999999998,-1.094082
TEST_05840,2.684906,2.0704770000000003,1.0766635
TEST_05841,4.276907999999999,-1.1986335,0.9690025
TEST_05842,2.076929,0.9686474999999998,-0.8830530000000001
TEST_05843,3.1845485000000004,-1.0128799999999998,0.5088080000000003
TEST_05844,2.3469965000000004,-0.33324699999999996,-0.14045749999999996
TEST_05845,1.653762,-0.7135464999999999,-0.24382750000000003
TEST_05846,4.3268055000000025,-0.37979149999999984,0.5206550000000003
TEST_05847,3.419536999999999,-0.23305250000000002,-0.237085
TEST_05848,4.337426000000001,-1.5114279999999995,0.7696675000000001
TEST_05849,1.5044779999999998,0.016028499999999998,0.11025699999999998
TEST_05850,2.5971735000000002,0.281253,0.06815449999999999
TEST_05851,3.5366475,0.474594,0.6431015
TEST_05852,3.2703395000000004,0.31788849999999985,-1.1459214999999996
TEST_05853,1.0408720000000002,0.040122500000000005,0.16099600000000003
TEST_05854,1.7114400000000005,1.0492575000000002,-0.0978155
TEST_05855,3.0441329999999995,-0.8381910000000001,1.1298934999999997
TEST_05856,2.768719500000001,-0.6831830000000003,0.13782149999999999
TEST_05857,2.2762765000000003,0.8057450000000002,0.4370465
TEST_05858,3.668574000000001,1.5817115000000004,-0.22287899999999994
TEST_05859,2.2655660000000006,-1.3149835,-0.5833855000000003
TEST_05860,1.1253669999999998,0.16184800000000002,0.298349
TEST_05861,3.1111565,-0.17615099999999995,0.11879050000000002
TEST_05862,2.207536999999999,-0.03917749999999997,0.036182999999999986
TEST_05863,3.7398595000000006,-0.5968359999999998,-0.8068314999999999
TEST_05864,3.0234185,0.013521499999999995,0.06754650000000001
TEST_05865,1.5159299999999996,-0.1188185,0.7382965000000001
TEST_05866,1.5288844999999998,0.5908894999999998,-0.38024249999999993
TEST_05867,3.569739499999999,0.10800299999999999,-0.05304750000000003
TEST_05868,1.5553884999999994,0.0512585,0.00016799999999999975
TEST_05869,1.3150469999999999,0.29626299999999994,-0.6143449999999999
TEST_05870,1.5345259999999998,-1.1201449999999995,-0.12097999999999999
TEST_05871,2.0144400000000005,-0.7089175,-0.04211950000000002
TEST_05872,3.1207354999999994,1.4148199999999997,1.1462420000000002
TEST_05873,2.870209,1.6013564999999996,-0.7792265
TEST_05874,2.6786675,0.6501155000000001,0.692288
TEST_05875,1.2190285000000003,0.22442050000000002,-0.0028174999999999997
TEST_05876,2.4090845000000005,-0.6519264999999999,0.2712605
TEST_05877,2.9192655,0.4706095,0.6050105000000001
TEST_05878,2.2486619999999986,0.21361500000000005,0.40253000000000005
TEST_05879,3.906320499999999,-0.28159550000000005,0.6423675
TEST_05880,3.7383720000000005,-0.061483000000000024,0.0676445
TEST_05881,2.8896865,0.8999334999999999,-0.4210585
TEST_05882,1.4996904999999998,-0.063161,-0.13259300000000002
TEST_05883,2.5147750000000006,-1.4454755000000001,1.0623624999999999
TEST_05884,3.0544284999999993,-0.5536275,1.3955465
TEST_05885,1.7118839999999997,-0.1720045,-0.18602450000000006
TEST_05886,4.990485,0.5082774999999999,0.518864
TEST_05887,4.221553,-1.1711620000000003,0.11561450000000002
TEST_05888,2.236175499999999,0.48589199999999994,0.4903895
TEST_05889,2.776198,0.1296855,0.4893684999999998
TEST_05890,3.2049289999999995,0.26832800000000007,-0.177827
TEST_05891,1.8735325,0.20195500000000002,0.0369735
TEST_05892,4.502553000000001,0.26774350000000013,0.6127005000000003
TEST_05893,2.7465530000000005,0.6310965,-0.29858800000000013
TEST_05894,2.5202560000000007,-0.5572909999999998,-1.0105084999999998
TEST_05895,1.4025094999999994,0.3466279999999999,0.3215239999999999
TEST_05896,2.6082185000000004,0.2528769999999999,0.8925495000000001
TEST_05897,2.1718105000000008,0.3798279999999999,-0.04406999999999997
TEST_05898,5.402004499999999,-0.9650365000000001,0.06465549999999998
TEST_05899,3.509438499999999,1.1978585000000002,-0.745838
TEST_05900,2.0198810000000003,-0.3137575000000001,0.5110789999999998
TEST_05901,1.523328,0.29745849999999996,-0.2565724999999999
TEST_05902,2.0790775000000004,-0.7685825000000002,-0.13335949999999996
TEST_05903,2.1588055000000006,-1.0713200000000003,-0.13449699999999998
TEST_05904,1.1539455000000003,-0.20533450000000003,-0.07839000000000002
TEST_05905,3.8268394999999993,-0.1862975,1.7910299999999992
TEST_05906,1.4483199999999998,0.471772,-0.48511950000000004
TEST_05907,3.594220499999999,0.16777650000000005,-0.3741135000000001
TEST_05908,2.7204639999999998,-0.7778235,0.377657
TEST_05909,4.10022,0.519226,1.0561160000000003
TEST_05910,3.160521,0.2710874999999999,-0.903457
TEST_05911,1.795439,-0.48887499999999995,0.1907055
TEST_05912,2.492967,-0.13940850000000005,0.32965749999999994
TEST_05913,3.181096,-1.4283395,-0.2780325
TEST_05914,2.5023545,0.0635405,0.07777250000000002
TEST_05915,1.5989519999999997,0.1106595,-0.2641595
TEST_05916,1.2769109999999997,0.17006950000000004,-0.1714425
TEST_05917,3.4909260000000004,0.5075414999999999,0.338236
TEST_05918,1.6864519999999996,-0.080236,-0.3672270000000001
TEST_05919,4.768093500000001,-0.9389114999999995,1.19741
TEST_05920,3.285434500000001,1.240409,0.8242425000000001
TEST_05921,0.9715095,-0.6245935,0.236893
TEST_05922,2.6627779999999994,0.3900409999999999,1.7577984999999996
TEST_05923,1.2492725000000002,0.2698019999999999,-0.12209099999999998
TEST_05924,3.1363224999999995,0.7821524999999999,-0.38929649999999993
TEST_05925,1.0022395000000002,-0.35680899999999993,0.32855999999999985
TEST_05926,2.083534,0.424132,-0.13487049999999998
TEST_05927,2.9531455,0.6097105000000003,-0.05946700000000003
TEST_05928,3.7123399999999993,-1.7784530000000003,-0.010464999999999995
TEST_05929,3.0396354999999993,0.6277890000000002,-0.14913449999999992
TEST_05930,2.581354499999999,-0.016644499999999996,-0.20230350000000002
TEST_05931,4.048366999999997,0.271531,1.1135595000000005
TEST_05932,3.3325785000000003,-0.9596430000000002,1.1672859999999994
TEST_05933,1.4517330000000002,0.3362465000000001,-0.22011799999999998
TEST_05934,2.8261515,0.9432320000000004,0.4017245000000001
TEST_05935,2.480149500000001,0.24344049999999998,-0.310253
TEST_05936,2.9764095,0.4426650000000001,0.574183
TEST_05937,3.4028329999999993,1.8520765,-0.160896
TEST_05938,2.889567500000001,-0.811748,-0.8788115000000001
TEST_05939,3.4737155,1.3709965,-0.051278000000000004
TEST_05940,2.9962334999999998,-0.8432015,-0.5451429999999999
TEST_05941,2.989186,0.19707849999999996,0.44884350000000006
TEST_05942,1.3994055000000003,-0.5539565000000001,0.17697899999999994
TEST_05943,3.6141190000000005,0.6402560000000002,0.8982475000000001
TEST_05944,1.4978685,0.0836835,-0.1466555
TEST_05945,2.5865849999999995,0.48492799999999997,0.054716999999999995
TEST_05946,2.3442749999999997,0.43405000000000005,0.29674700000000004
TEST_05947,2.3681039999999998,-0.39810500000000004,0.034118499999999996
TEST_05948,1.9291699999999998,-0.45957050000000005,0.395648
TEST_05949,4.161876000000001,-1.6049350000000002,-0.16652050000000002
TEST_05950,5.280102500000002,0.40088899999999994,1.5434299999999996
TEST_05951,2.5268715000000004,0.7723865000000001,0.6582315000000001
TEST_05952,3.3648045,1.563406,1.0154334999999999
TEST_05953,3.3050395,0.44918699999999995,0.36210300000000006
TEST_05954,2.5587050000000007,-0.4664395,0.5796110000000001
TEST_05955,1.6918549999999999,-0.1977285,0.26157700000000006
TEST_05956,3.9085385000000006,-1.1512534999999997,0.3006
TEST_05957,1.7593625,-0.2423664999999999,0.27694299999999994
TEST_05958,1.6900615000000003,0.860284,-0.6552310000000001
TEST_05959,3.6923909999999998,-0.7881409999999999,-1.3086989999999994
TEST_05960,4.543604000000001,-1.4004494999999997,1.2257185
TEST_05961,4.979890000000001,2.0266565000000014,-0.6887965000000001
TEST_05962,1.7069754999999995,0.7478895000000001,0.240413
TEST_05963,0.9715739999999999,-0.43020050000000004,0.2792775000000002
TEST_05964,1.8976709999999999,0.6674195,-0.01991050000000001
TEST_05965,1.7542969999999998,-0.5790360000000001,-0.0034594999999999995
TEST_05966,2.5439309999999997,0.20826,-0.9710150000000002
TEST_05967,3.6649135,1.0754810000000004,-0.5736080000000001
TEST_05968,2.5240125,-0.45779000000000003,-0.8633794999999997
TEST_05969,2.6205714999999996,0.040577499999999975,0.1842275
TEST_05970,1.5676305000000004,-0.18285800000000008,0.22392650000000003
TEST_05971,3.2172565000000004,0.2340789999999999,-0.6469444999999998
TEST_05972,4.429288,0.8261935,0.028647499999999996
TEST_05973,1.7695189999999994,-0.07935400000000001,-0.05827500000000004
TEST_05974,2.0661960000000015,-0.8930095,0.7938704999999999
TEST_05975,2.4938199999999995,0.15512499999999996,-0.21766449999999998
TEST_05976,2.942583999999999,0.9159705000000002,-0.06475049999999999
TEST_05977,1.6403094999999999,0.8534754999999998,0.24020899999999998
TEST_05978,1.5113209999999992,-0.25202,-0.8629910000000001
TEST_05979,1.1815544999999998,0.015789500000000005,-0.286799
TEST_05980,2.4549875,-0.11692399999999999,1.0265435000000003
TEST_05981,3.3697044999999997,-0.07610900000000002,0.6148274999999999
TEST_05982,1.7613729999999999,0.18411150000000004,0.3011175
TEST_05983,2.0581179999999994,-0.81098,0.659935
TEST_05984,3.2684045000000017,-0.41325049999999985,0.7462114999999998
TEST_05985,2.5350375,0.6279674999999999,1.417055
TEST_05986,2.0647395,-0.425153,0.8726410000000003
TEST_05987,2.351602,0.16509300000000005,-0.39099550000000005
TEST_05988,1.9909545000000006,0.6156010000000003,0.1942065
TEST_05989,4.2321955,-0.9210864999999999,0.2808715
TEST_05990,4.775287500000001,-0.38628149999999994,0.33614749999999993
TEST_05991,2.447415499999999,-0.3723895000000001,-0.49693900000000013
TEST_05992,2.373664999999999,-0.990641,-0.22998999999999992
TEST_05993,3.4032219999999995,1.669607,-0.8826015
TEST_05994,2.3524779999999996,0.23713500000000007,-0.036830499999999995
TEST_05995,2.2130279999999996,-0.7926410000000004,-0.2707894999999999
TEST_05996,4.184865500000001,2.1364700000000005,-0.5483495
TEST_05997,3.3615330000000014,-0.6805935000000001,0.9866389999999999
TEST_05998,2.0495775000000007,0.9881510000000002,-0.271374
TEST_05999,4.823483000000002,-0.0242765,0.45840549999999997
TEST_06000,2.886424,0.166248,0.35313750000000005
TEST_06001,1.7661739999999995,1.2076124999999998,0.26574149999999996
TEST_06002,3.468125,-0.536778,1.2507590000000004
TEST_06003,0.7855205000000001,-0.30019000000000007,0.23602600000000007
TEST_06004,3.443347,0.8548325000000001,-0.1977819999999999
TEST_06005,2.620764499999999,-0.7814564999999999,-0.9629144999999999
TEST_06006,4.297654999999999,-0.653659,0.026386
TEST_06007,2.5279635000000003,0.16035750000000004,-0.6141030000000001
TEST_06008,1.5725695000000002,-1.075554,-0.2895135000000001
TEST_06009,1.763212,-0.1393575,0.2641159999999999
TEST_06010,1.7856505000000005,-0.2141535,0.04511299999999999
TEST_06011,3.1555805,0.1770985,-0.6297845000000001
TEST_06012,3.242065,-1.7008669999999995,-0.4002454999999999
TEST_06013,2.8694274999999996,-0.08252299999999999,0.31114450000000005
TEST_06014,1.744155,0.5547730000000001,0.07406399999999999
TEST_06015,1.8518784999999998,0.34151050000000005,0.5508285
TEST_06016,2.1380455000000014,0.5598445000000001,0.22433399999999998
TEST_06017,1.2513835,-0.165151,-0.746263
TEST_06018,2.7643524999999998,1.2190660000000002,0.5560744999999998
TEST_06019,4.664792,0.17161699999999996,1.2210550000000002
TEST_06020,2.947488,-0.07519349999999998,-0.6419165
TEST_06021,3.3796165,-0.03548849999999999,0.5889245000000001
TEST_06022,1.6435120000000003,-0.08509900000000001,0.2465354999999999
TEST_06023,4.101668999999999,-0.11638200000000004,-0.2549930000000001
TEST_06024,3.3730105000000004,-0.3593434999999999,-0.410951
TEST_06025,3.4446014999999996,1.7650779999999995,-0.33111250000000003
TEST_06026,2.221469,0.11405200000000001,-0.40248949999999994
TEST_06027,1.6273445000000002,0.5499575000000001,0.282273
TEST_06028,2.0425590000000007,0.7549445,0.1992995
TEST_06029,4.166907,-0.7409345,-0.7564150000000002
TEST_06030,3.2359574999999996,1.144113,1.0823620000000003
TEST_06031,1.4488229999999995,0.135925,-0.2474105
TEST_06032,2.7775925,0.40683749999999996,-0.12873349999999997
TEST_06033,3.7721424999999993,-1.5181865000000005,-0.23085049999999996
TEST_06034,3.2543175,0.6123970000000001,0.267185
TEST_06035,1.0474369999999995,-0.063566,0.10966599999999996
TEST_06036,3.9135505000000013,-0.2656424999999999,1.1871615
TEST_06037,3.4500269999999995,0.4427324999999999,0.8895589999999998
TEST_06038,2.4443045000000003,-0.4250370000000001,0.6243125
TEST_06039,3.7397609999999997,-1.3414395000000003,-0.40814949999999994
TEST_06040,1.375546,-0.7831794999999999,0.4663990000000001
TEST_06041,1.9035149999999996,0.18680799999999997,-0.29800550000000003
TEST_06042,1.6260080000000001,-0.28255500000000006,0.1416045
TEST_06043,2.7819879999999997,-1.0135744999999998,0.2322230000000001
TEST_06044,3.8013809999999992,1.4426535000000005,0.897214
TEST_06045,1.9887195,-0.9733149999999999,0.21914099999999997
TEST_06046,3.0505880000000003,0.21926649999999998,-0.14995700000000006
TEST_06047,3.4317575,-0.1785465,-0.066338
TEST_06048,1.2047165000000004,0.2404655,0.43564699999999995
TEST_06049,2.3865344999999993,0.3848745,-0.08402449999999996
TEST_06050,3.3355594999999996,0.20555249999999994,0.584233
TEST_06051,4.255270499999999,0.14471599999999996,-1.1959520000000001
TEST_06052,4.797238000000001,-0.16306900000000005,0.2580645000000001
TEST_06053,2.3951145000000005,0.05800150000000001,-0.152732
TEST_06054,1.6401895,-1.0670145000000002,-0.14457299999999995
TEST_06055,1.8123650000000002,-0.24744300000000005,-0.10866849999999997
TEST_06056,2.0766215,0.6490784999999999,0.38635600000000003
TEST_06057,1.0820194999999997,0.49154549999999986,0.46574400000000005
TEST_06058,4.1128490000000015,-0.05845749999999999,0.37045000000000006
TEST_06059,2.3411090000000008,-0.300365,-0.39790749999999997
TEST_06060,2.8795180000000005,-0.094184,0.1695215
TEST_06061,1.6114189999999995,-0.1397265,0.0975445
TEST_06062,2.3102239999999994,0.6403019999999999,0.7707019999999998
TEST_06063,3.4790359999999994,-0.10963300000000001,-0.33753749999999993
TEST_06064,2.9925300000000004,0.4526195,0.615162
TEST_06065,3.5259489999999998,-1.6554960000000005,1.2759585000000002
TEST_06066,3.5895455000000003,-0.081374,0.8298984999999999
TEST_06067,2.616347499999999,-0.15908499999999995,-0.27177550000000006
TEST_06068,2.5259300000000002,-0.4542394999999998,-0.067343
TEST_06069,4.232968999999999,0.5283410000000002,-0.818516
TEST_06070,2.800217499999999,-1.3383494999999996,0.29771100000000006
TEST_06071,1.6914225000000003,-0.5523325000000001,-0.21929150000000003
TEST_06072,2.319469,-1.0047299999999995,-0.07554599999999997
TEST_06073,3.461074000000001,-2.1413625,-0.6853615
TEST_06074,3.198646499999999,-0.48531799999999997,0.5485435000000001
TEST_06075,1.5577234999999998,0.18406300000000003,0.461391
TEST_06076,2.9163675000000002,0.8408994999999998,-0.33448799999999995
TEST_06077,1.7061765,-0.1516435,0.090335
TEST_06078,1.914199,-0.20241550000000005,-0.42774049999999997
TEST_06079,4.259887000000001,1.7128794999999999,1.5358070000000006
TEST_06080,4.188877,-0.27062200000000003,0.5044795000000002
TEST_06081,3.7653510000000003,2.2954930000000004,1.3666179999999999
TEST_06082,2.6424620000000005,-0.7575100000000001,-0.5898335
TEST_06083,2.6649265000000004,1.8670520000000002,1.0053970000000003
TEST_06084,2.56557,-1.234115,1.10431
TEST_06085,1.6918789999999997,-0.301381,-0.35818150000000004
TEST_06086,2.3646329999999995,1.1242955000000001,0.5897139999999998
TEST_06087,1.5735455000000003,0.471306,0.013628000000000001
TEST_06088,4.6656594999999985,-1.6529325000000004,1.2108634999999994
TEST_06089,2.8860944999999996,0.23689150000000003,0.20931599999999995
TEST_06090,2.483352000000001,0.6651450000000001,0.20134449999999995
TEST_06091,2.3675634999999993,-0.096418,-0.5929009999999998
TEST_06092,3.9235185,1.1886229999999998,-1.355242
TEST_06093,1.1681135000000005,-0.20359950000000004,0.27026700000000003
TEST_06094,3.5250209999999997,-0.618647,1.1839405000000003
TEST_06095,3.4774375000000006,0.8919834999999999,0.29243750000000013
TEST_06096,2.5150675000000007,0.20474000000000014,0.24285999999999996
TEST_06097,2.7294110000000007,0.47297999999999996,0.3328574999999999
TEST_06098,4.381361000000002,-1.5427769999999994,-0.03861449999999998
TEST_06099,3.194575499999999,1.3551045,1.2311810000000005
TEST_06100,2.5395759999999994,-0.7471949999999998,-0.38835450000000005
TEST_06101,3.03362,0.4272595,0.6853294999999999
TEST_06102,2.227700000000001,0.46418799999999993,-0.6193675000000001
TEST_06103,2.0824265,0.6881160000000002,-0.2986215
TEST_06104,4.181565999999998,-0.05516449999999999,1.0816145000000001
TEST_06105,1.5849590000000002,1.1323765000000003,-0.6278315000000001
TEST_06106,2.3405390000000006,-0.011345999999999998,-0.8081065000000002
TEST_06107,4.224544999999999,0.7504770000000001,0.8985040000000002
TEST_06108,2.1524210000000004,-0.5707114999999998,0.17382349999999996
TEST_06109,2.4809420000000006,-0.5733174999999999,0.546661
TEST_06110,1.1342204999999996,0.4256899999999999,-0.03461900000000001
TEST_06111,2.5387115000000002,-0.5798004999999997,0.2947055000000002
TEST_06112,2.994046,1.3220735000000001,1.0462635
TEST_06113,2.454368000000001,-0.12662050000000002,0.5955109999999999
TEST_06114,1.9196594999999996,0.172793,0.17515149999999996
TEST_06115,2.329821000000001,0.6140764999999997,0.890009
TEST_06116,3.9065624999999997,-0.631589,0.9821215
TEST_06117,2.2478269999999996,-1.0228304999999995,-0.027004000000000025
TEST_06118,2.6275800000000005,1.1979105000000003,0.5060364999999998
TEST_06119,5.843068000000001,0.7854104999999998,-0.4814875000000002
TEST_06120,3.1361105,-0.5213899999999998,-1.1124650000000003
TEST_06121,2.123323000000001,1.273766,-0.3068514999999999
TEST_06122,1.8965800000000002,0.9016545,-0.34071550000000017
TEST_06123,2.523746,-2.2746770000000005,0.21825549999999996
TEST_06124,2.411699,0.3930559999999999,0.8616325
TEST_06125,1.5965705,0.2785229999999999,-0.20416049999999994
TEST_06126,5.181775000000002,-0.08078050000000002,0.114325
TEST_06127,2.0590915,0.528589,-0.5028875000000002
TEST_06128,2.755918499999999,0.7677545000000001,-1.0199605000000003
TEST_06129,3.2226375,-0.17355500000000001,0.1660565
TEST_06130,2.5705609999999997,0.003082500000000002,-0.6057174999999999
TEST_06131,4.3606675,0.3304470000000001,-0.3405815
TEST_06132,4.7756825,-0.15430800000000006,1.7791175
TEST_06133,2.061371500000001,-0.4402154999999999,0.5334689999999997
TEST_06134,2.4331339999999995,-0.014427500000000001,-1.073362
TEST_06135,2.6430919999999993,-0.7978914999999998,-0.15936050000000004
TEST_06136,1.6231479999999998,-1.1238834999999998,-0.3216549999999999
TEST_06137,2.2145419999999993,0.5478544999999999,-0.7318115000000001
TEST_06138,4.565710999999998,0.27754749999999995,0.7627834999999997
TEST_06139,2.946853,0.15331300000000003,-0.8745069999999999
TEST_06140,2.696519,-0.9009980000000001,0.8735759999999999
TEST_06141,3.048371,-0.17941850000000004,-0.621197
TEST_06142,2.1993359999999997,0.9415674999999999,-0.6716855000000003
TEST_06143,1.4409764999999997,-0.38312500000000016,0.3720900000000001
TEST_06144,1.6986974999999997,-0.6569595,0.050116999999999995
TEST_06145,3.744167,-0.6676955,0.6417205000000001
TEST_06146,2.1358439999999996,-0.1848705,0.14836650000000007
TEST_06147,3.4508415,-0.39450599999999997,-0.6785215000000002
TEST_06148,2.5279599999999993,-0.5590255000000001,0.6633045
TEST_06149,2.3106109999999997,1.1830490000000005,1.3993615
TEST_06150,4.281338999999999,-1.578647,1.6911590000000003
TEST_06151,2.8640030000000003,-1.3281875,0.3733805
TEST_06152,1.1892259999999997,0.4732034999999999,-0.037272000000000007
TEST_06153,2.6863644999999994,0.18202849999999998,0.7833789999999998
TEST_06154,3.0453045000000003,-0.38566899999999993,1.3017035
TEST_06155,2.1114349999999993,-0.0808795,0.023943
TEST_06156,2.240941999999999,1.2356790000000006,-0.48998549999999985
TEST_06157,3.500178500000001,-2.225767,-0.8668415
TEST_06158,2.6032319999999993,1.7182490000000004,-1.022421
TEST_06159,0.9477,0.46214099999999997,0.12474450000000001
TEST_06160,2.9102430000000004,-1.650248,-1.2798854999999998
TEST_06161,1.4349530000000001,-0.5019715,-0.16605500000000006
TEST_06162,1.4365335000000004,-1.243408,-0.29356550000000003
TEST_06163,2.4899594999999994,-0.479499,0.003936000000000007
TEST_06164,3.2650609999999993,1.4924864999999996,1.7227459999999994
TEST_06165,1.307331,0.19933799999999996,-0.06235100000000001
TEST_06166,1.8846120000000002,-0.32059099999999985,-0.13145750000000003
TEST_06167,4.4692824999999985,0.1065875,0.004954499999999997
TEST_06168,2.5179075000000006,-1.2202825000000002,0.7560024999999999
TEST_06169,2.7474170000000004,-0.36703350000000007,0.071708
TEST_06170,1.5976845000000002,-0.39314299999999996,0.22776799999999997
TEST_06171,2.775788499999999,-0.13541799999999993,-0.20314399999999994
TEST_06172,3.2899974999999997,-1.1228115,1.0949200000000003
TEST_06173,2.2917260000000006,0.5415659999999999,0.33619350000000003
TEST_06174,1.6288699999999996,0.014554000000000006,-0.5121195000000001
TEST_06175,1.7976704999999997,-0.3379739999999999,0.17324400000000006
TEST_06176,2.410887000000001,-0.9252065,-0.8366705000000001
TEST_06177,3.099916499999999,-0.53481,0.8588514999999999
TEST_06178,2.5678255000000005,0.967239,1.2184469999999998
TEST_06179,0.9695105000000002,0.21573050000000002,-0.26611450000000003
TEST_06180,1.4741315,-0.15447300000000003,-0.10438150000000004
TEST_06181,2.8179805,-0.2679605,-0.6422359999999998
TEST_06182,1.9482224999999997,0.22841799999999998,0.07515100000000001
TEST_06183,1.353542,0.15164399999999995,-0.009322499999999996
TEST_06184,1.2211625000000002,-0.24179799999999993,-0.12986949999999992
TEST_06185,4.025294000000001,-0.969642,0.28963150000000004
TEST_06186,2.6813375000000006,-0.138938,0.03250849999999998
TEST_06187,3.596874,0.8362059999999998,0.866817
TEST_06188,2.8989210000000005,-0.4486764999999999,0.08269049999999999
TEST_06189,4.920941999999999,-0.557749,0.8814615000000001
TEST_06190,3.0078454999999997,1.6586405,1.3188955000000004
TEST_06191,1.8464225000000005,-0.9354975000000002,-0.401328
TEST_06192,3.3820325,0.006534999999999999,0.49601699999999993
TEST_06193,2.555955000000001,0.2683595,0.09451649999999998
TEST_06194,2.612510499999999,0.05454150000000001,0.4983039999999998
TEST_06195,0.8110975,-0.12846849999999996,0.007595500000000001
TEST_06196,2.9069160000000007,-1.6068855000000006,0.13674549999999996
TEST_06197,2.227492,-0.749271,0.7919975
TEST_06198,2.944586000000001,-1.4128295000000006,0.7056629999999999
TEST_06199,4.8388425,-0.4623790000000001,-1.263179
TEST_06200,2.8998910000000007,-1.5931284999999997,-0.804046
TEST_06201,3.574719499999999,-0.4815195000000001,0.4289885
TEST_06202,1.4026794999999996,-0.28273550000000014,0.5582685000000003
TEST_06203,2.6260224999999995,0.6642374999999999,-0.43003049999999987
TEST_06204,2.279966,0.29197900000000004,0.9915849999999998
TEST_06205,0.8967564999999997,-0.17014050000000003,-0.0127285
TEST_06206,1.3164429999999996,0.5904515000000002,-0.284205
TEST_06207,4.862809999999998,1.2616635000000005,-0.17049699999999995
TEST_06208,2.6526365,1.8224719999999999,-0.6496835
TEST_06209,2.0023150000000003,0.485966,-0.14538550000000003
TEST_06210,1.2278219999999997,-0.3454119999999999,-0.218117
TEST_06211,2.245642999999999,-0.5839779999999999,0.6724165000000002
TEST_06212,3.413821500000001,1.2548585,0.3778440000000001
TEST_06213,2.7049525,-0.4582179999999999,0.16160049999999998
TEST_06214,3.018615,-0.181503,1.4693090000000004
TEST_06215,1.1758315000000006,0.6117519999999999,-0.3109215000000001
TEST_06216,1.5327125000000001,-1.0780484999999995,1.001503
TEST_06217,2.3495289999999995,0.7304295000000002,-0.656423
TEST_06218,3.867063,-1.1524849999999998,1.2107075000000003
TEST_06219,3.9303705000000013,1.2680835000000001,-0.9616864999999999
TEST_06220,1.2482290000000003,0.2806145,-0.25328849999999997
TEST_06221,3.5749285000000013,-0.31088399999999994,0.6019229999999998
TEST_06222,1.1631485000000001,-0.085558,-0.0333825
TEST_06223,3.3677835,-0.142536,-0.3070289999999999
TEST_06224,1.7403495000000002,0.5908674999999999,-0.32959949999999993
TEST_06225,3.133367,1.4042355,0.5892175000000002
TEST_06226,3.2034190000000002,-0.050478999999999996,-1.062011
TEST_06227,1.7022335000000004,0.19935450000000002,-0.0982215
TEST_06228,2.540380000000001,-0.9210700000000003,0.494145
TEST_06229,4.634282500000001,0.9025994999999998,-1.0195570000000003
TEST_06230,2.3144900000000006,0.361947,-0.655551
TEST_06231,2.3416644999999994,-0.06117899999999999,0.036007999999999984
TEST_06232,3.756949500000001,-0.908332,0.5766639999999998
TEST_06233,2.660101000000001,0.28073249999999994,-0.4172190000000001
TEST_06234,3.143471999999999,-0.28934250000000017,0.123057
TEST_06235,1.5001029999999997,0.6104500000000002,-0.5042770000000001
TEST_06236,3.6683075,2.191466,0.7585574999999998
TEST_06237,3.6207719999999997,1.790019,0.8022029999999999
TEST_06238,3.2557475,0.5238754999999997,1.2601474999999995
TEST_06239,1.0663079999999998,-0.4164684999999999,-0.17270399999999997
TEST_06240,3.9505494999999997,-2.1143115,-1.132464
TEST_06241,4.441265,-0.0933195,0.2250359999999999
TEST_06242,0.9327190000000001,0.5882795000000001,0.27677500000000005
TEST_06243,3.9933120000000004,-1.179569,-0.544148
TEST_06244,3.4227314999999994,-0.34407449999999995,0.15860000000000005
TEST_06245,1.5300869999999995,0.480436,-0.3290964999999999
TEST_06246,3.4860670000000002,1.0834075000000003,1.1368814999999999
TEST_06247,3.771590499999999,1.4036399999999998,0.5525039999999997
TEST_06248,4.482984999999999,0.9268529999999999,0.6155975
TEST_06249,2.182815999999999,0.27968899999999997,0.16448249999999992
TEST_06250,3.1180339999999998,0.6423580000000002,-0.8276235
TEST_06251,3.510891999999999,-0.13976200000000005,-0.18486999999999995
TEST_06252,1.9654194999999999,1.5055505,-0.47118400000000005
TEST_06253,3.0962525000000003,0.050235499999999975,0.49695800000000007
TEST_06254,1.1529220000000004,-0.06990100000000003,0.227983
TEST_06255,4.233122000000002,0.3627269999999999,0.833798
TEST_06256,1.8278425000000005,0.5816179999999999,0.20298150000000004
TEST_06257,3.228331499999999,-0.43187549999999997,-0.5469599999999999
TEST_06258,3.1663320000000006,1.1612494999999998,-0.10679649999999999
TEST_06259,4.1676935,-0.8373575,0.9948035000000003
TEST_06260,2.2524854999999997,0.7564975,-0.7353165000000002
TEST_06261,3.4607830000000006,-0.47527049999999993,-0.8440585
TEST_06262,1.9087799999999997,-0.41324400000000006,-0.35194050000000016
TEST_06263,1.377739,0.10398800000000001,-0.5654354999999998
TEST_06264,3.557861,-0.5740995000000001,0.20834650000000005
TEST_06265,1.3463715000000003,-0.5964854999999998,-0.5412525
TEST_06266,2.4848565000000007,0.21908899999999998,-0.423392
TEST_06267,1.4875230000000004,0.0215065,0.4213800000000001
TEST_06268,2.190951500000001,-0.9313360000000003,0.0024785000000000085
TEST_06269,0.9518504999999999,0.314021,-0.053258500000000014
TEST_06270,4.905924999999999,-1.1824645,1.2787645000000003
TEST_06271,2.0642949999999995,-0.4421285,0.11151699999999998
TEST_06272,1.7379570000000002,0.47170699999999993,0.550711
TEST_06273,2.510518499999999,1.4973045000000003,-0.8024889999999998
TEST_06274,3.0522735,0.04281750000000001,0.9171039999999997
TEST_06275,1.9103954999999995,-0.5683155,-0.23017800000000008
TEST_06276,4.62644,0.8792729999999999,-0.5021165
TEST_06277,2.1568949999999996,0.6459364999999999,0.2990845
TEST_06278,1.3065494999999996,-0.4778155000000001,0.6036120000000003
TEST_06279,1.5828440000000004,-0.91957,-0.5604865
TEST_06280,3.121274000000001,0.28787150000000006,0.47555849999999994
TEST_06281,4.270680999999998,-0.0017584999999999858,0.823037
TEST_06282,3.3990615,-0.20545800000000009,1.193067
TEST_06283,1.3134220000000003,-0.9423295,0.1181045
TEST_06284,1.7822429999999998,-0.011486999999999995,-0.19326249999999995
TEST_06285,1.124488,0.2061010000000001,0.25078900000000004
TEST_06286,4.512952499999999,0.17156800000000005,0.24105500000000007
TEST_06287,1.6903559999999997,0.029466,-0.15769899999999998
TEST_06288,5.2175484999999995,-0.8186429999999998,0.3454649999999999
TEST_06289,2.9866584999999994,0.34095,-0.42730650000000003
TEST_06290,3.3274625,0.20216799999999988,-0.022871999999999997
TEST_06291,1.2395354999999997,0.16542849999999995,0.22942400000000002
TEST_06292,1.6882585000000003,1.1616429999999998,0.7747269999999999
TEST_06293,2.9307010000000004,-0.36287099999999994,0.19770350000000003
TEST_06294,2.310088499999999,-1.2945959999999994,-0.18011149999999995
TEST_06295,3.4897905,1.0192025,-0.6313074999999999
TEST_06296,2.0059784999999994,-1.3335839999999999,-0.186836
TEST_06297,1.8278770000000002,0.14891749999999995,0.155719
TEST_06298,1.8107000000000002,-0.5438395000000003,-0.7231555000000001
TEST_06299,3.1681225,-1.2354685,0.06690400000000002
TEST_06300,1.701621,-0.19218800000000003,0.11409250000000001
TEST_06301,3.5044725,-0.04827150000000001,0.345604
TEST_06302,1.2197680000000006,0.1817375,0.28502050000000007
TEST_06303,1.8849945,-0.3751364999999999,-0.21403649999999996
TEST_06304,3.8368800000000003,-0.2242345,0.29923500000000003
TEST_06305,4.2079179999999985,-0.411007,-0.3779529999999999
TEST_06306,2.427401500000001,0.2661855000000001,-0.09971050000000001
TEST_06307,3.6066485000000004,-0.10779749999999996,0.10248399999999996
TEST_06308,2.594052500000001,1.006386,0.6287845000000001
TEST_06309,2.9682364999999997,-1.301237,-0.211426
TEST_06310,1.884143,-0.42489999999999994,-0.07414250000000001
TEST_06311,2.3625995,-0.0201,-0.06439049999999999
TEST_06312,2.534265499999999,0.334373,0.9268654999999997
TEST_06313,2.1893075,0.300863,0.41280449999999996
TEST_06314,3.0632985000000006,-0.28399249999999987,0.8742055
TEST_06315,1.966094,-0.03012150000000001,0.043391
TEST_06316,3.5120535000000004,-1.7038644999999997,-0.6716089999999998
TEST_06317,1.9074715000000007,-0.4845640000000003,0.20876449999999996
TEST_06318,3.8048639999999994,1.3241135000000002,-0.7398165000000001
TEST_06319,4.1907605,-1.1619624999999998,0.49837099999999995
TEST_06320,1.716805,1.1405229999999995,-0.25371450000000006
TEST_06321,4.591677000000002,-1.3533434999999994,1.2842054999999997
TEST_06322,3.719665000000001,-0.08191299999999999,0.6159489999999999
TEST_06323,3.521995999999999,-1.1168434999999999,-0.13705450000000002
TEST_06324,1.862506,0.04640999999999999,0.28207099999999996
TEST_06325,2.295545,-0.49091000000000007,0.10623100000000002
TEST_06326,2.686170999999999,-0.857673,0.8269924999999998
TEST_06327,2.853213999999999,-0.7681865000000001,-1.007171
TEST_06328,5.375443999999999,-2.3453229999999996,0.9265599999999997
TEST_06329,3.377255,-0.3053175,-0.22807199999999994
TEST_06330,1.4635394999999998,-0.6239335000000004,0.10822599999999999
TEST_06331,1.3492754999999998,0.5310429999999999,-0.09829749999999998
TEST_06332,2.0756649999999994,-0.9890154999999993,-0.26599749999999994
TEST_06333,2.3451795000000004,-0.2826445,-0.09243399999999999
TEST_06334,3.570406000000001,-1.2029654999999997,-0.47547800000000007
TEST_06335,2.304735,0.5872499999999999,0.38205750000000005
TEST_06336,2.1249614999999995,-0.711999,0.0685515
TEST_06337,3.059465500000001,-0.720394,1.240803
TEST_06338,2.2649524999999997,-0.4672735000000001,0.37996950000000007
TEST_06339,4.245482999999998,-0.926646,-0.26077950000000005
TEST_06340,2.9472650000000007,-0.423934,-0.056313500000000016
TEST_06341,1.1167719999999997,0.08453950000000002,0.1641605
TEST_06342,1.7145435000000004,0.04725300000000001,0.5228739999999998
TEST_06343,2.843121,-0.0781345,-0.148787
TEST_06344,1.8530079999999995,0.3350845,-0.3434004999999999
TEST_06345,3.5815669999999993,-0.8322555,-0.32489149999999994
TEST_06346,2.473674000000001,-0.412536,-0.6203609999999999
TEST_06347,3.99719,0.17098950000000002,0.8202420000000002
TEST_06348,2.7576155000000013,-0.45412050000000004,0.5242275
TEST_06349,3.3184404999999995,-1.1395435000000003,-0.5985225000000001
TEST_06350,1.5265410000000004,0.7788310000000002,-0.31589449999999997
TEST_06351,2.7820560000000008,0.6154614999999999,-0.5738694999999999
TEST_06352,3.370797500000001,-0.9854790000000001,-1.0178734999999999
TEST_06353,3.9126449999999995,-0.710898,0.5894715
TEST_06354,3.4076170000000006,0.6571775000000002,1.4357519999999995
TEST_06355,1.010725,0.1024515,0.32724699999999995
TEST_06356,2.104684,1.2765615000000001,-0.31771449999999996
TEST_06357,3.1750099999999994,0.9131680000000002,0.280154
TEST_06358,2.7623800000000003,-0.6359735000000001,-0.27110100000000004
TEST_06359,4.845115499999999,0.5707669999999998,0.3960469999999999
TEST_06360,4.055713500000001,-0.13603599999999993,-0.15378949999999997
TEST_06361,3.8187395,0.964531,0.088699
TEST_06362,4.2558025000000015,0.73556,0.59552
TEST_06363,4.052910500000001,-0.13310100000000002,0.7178180000000002
TEST_06364,1.9982530000000005,0.9738924999999999,-0.21611350000000007
TEST_06365,2.1133895000000003,-0.8469384999999998,0.5175405
TEST_06366,2.9368055,-0.31369950000000013,-0.17414750000000007
TEST_06367,4.621479999999998,-0.44507850000000004,1.2708330000000003
TEST_06368,4.9010975,-2.0169189999999997,-0.6531094999999998
TEST_06369,0.6896270000000001,-0.04722999999999998,-0.11144799999999999
TEST_06370,1.9655834999999997,-0.7012449999999999,-0.20922850000000004
TEST_06371,1.228897,0.15815249999999997,-0.13901200000000002
TEST_06372,2.0265805000000006,0.881623,0.6685599999999999
TEST_06373,2.4782684999999995,-0.420207,0.48354400000000003
TEST_06374,2.836490000000001,-0.140023,1.5988910000000005
TEST_06375,2.1174405,-0.20611849999999993,0.10082649999999999
TEST_06376,2.5090770000000004,-0.6061344999999998,0.6564289999999999
TEST_06377,4.127920999999999,-0.9235454999999999,2.217190499999999
TEST_06378,3.5615685,1.0357114999999997,-0.6351655
TEST_06379,4.362680000000001,0.06469999999999998,1.1374410000000006
TEST_06380,2.3155350000000006,0.096704,0.046338499999999984
TEST_06381,2.0945465,-0.09356600000000001,-0.8865215000000002
TEST_06382,1.739388,-0.4277535,-0.30481699999999995
TEST_06383,2.1861489999999995,0.0528435,0.7706244999999998
TEST_06384,2.7409795000000003,0.19518850000000001,-0.050726499999999994
TEST_06385,1.8568664999999998,-0.23449149999999996,0.5293904999999999
TEST_06386,2.637609999999999,-0.2733495,0.3327325000000001
TEST_06387,4.4973445000000005,0.9610034999999999,1.097293
TEST_06388,2.4160104999999996,-0.008463499999999999,-0.6618000000000002
TEST_06389,3.5929335,-1.4386415,1.114755
TEST_06390,1.8896379999999997,0.8095715,0.6401325
TEST_06391,2.3456980000000005,0.6988015000000001,0.3248890000000001
TEST_06392,1.8003175000000002,-0.1105885,-0.08605250000000002
TEST_06393,2.08864,0.5497920000000001,0.5555075
TEST_06394,2.0841675,-0.46032049999999997,0.5671679999999998
TEST_06395,2.6423814999999995,-0.4803585000000001,-0.7640160000000001
TEST_06396,1.8889164999999997,0.12526149999999997,-0.24815899999999985
TEST_06397,2.533575,0.9968364999999999,-0.10825949999999997
TEST_06398,3.2130265,-1.6160434999999993,-0.592697
TEST_06399,3.9011129999999996,-0.888334,0.43420749999999997
TEST_06400,4.410470499999999,1.2778,1.1388835000000004
TEST_06401,1.6494065000000002,1.0546219999999997,0.5663624999999998
TEST_06402,1.4796095,0.15609300000000004,-0.3583875000000001
TEST_06403,0.8595159999999997,0.22914699999999993,0.36335200000000006
TEST_06404,3.266902,1.2498429999999998,0.2339235
TEST_06405,2.104278999999999,0.23952950000000012,-0.140442
TEST_06406,1.1941210000000004,0.052822999999999995,0.10278749999999998
TEST_06407,3.8792204999999997,0.016253999999999998,0.011368000000000012
TEST_06408,5.3442735,0.9700400000000002,0.4318375000000001
TEST_06409,3.912140999999999,0.188992,-0.32044249999999996
TEST_06410,1.5205015,0.4769740000000001,-0.20666449999999997
TEST_06411,2.1655224999999994,0.43395249999999996,-0.778041
TEST_06412,1.1218774999999996,0.12853349999999997,-0.008050999999999999
TEST_06413,2.0234480000000006,0.3947775,0.24935250000000003
TEST_06414,1.7102294999999996,0.8377995,-0.06676050000000003
TEST_06415,2.8013555000000006,-1.1346285000000003,-0.31634750000000006
TEST_06416,2.7935385,0.46723350000000025,0.6191454999999997
TEST_06417,2.4464159999999997,-0.6239205,-0.5045035000000002
TEST_06418,1.7870769999999996,-1.0395309999999995,-0.30933649999999996
TEST_06419,1.7976044999999998,0.43628150000000004,-0.4241825
TEST_06420,2.993855499999999,0.6710800000000002,-0.15292449999999994
TEST_06421,2.7891764999999995,0.28173899999999996,-0.6346225
TEST_06422,1.8221345,-0.22880900000000004,0.2987679999999999
TEST_06423,1.414818,0.010463999999999998,-0.13073799999999997
TEST_06424,1.0020539999999998,-0.2553574999999999,0.061726500000000004
TEST_06425,3.5781804999999993,-0.834354,2.060271000000001
TEST_06426,2.159168000000001,-0.3991785000000001,0.5550450000000001
TEST_06427,1.6957895000000005,0.4227615000000001,-0.043269
TEST_06428,3.300489500000001,-0.014804499999999957,0.3770565000000001
TEST_06429,3.2585939999999995,0.6660335000000001,1.0038215
TEST_06430,4.344443999999999,-0.030625000000000006,1.2078674999999999
TEST_06431,2.5637149999999993,0.18223450000000008,0.07877149999999998
TEST_06432,3.3651624999999994,-1.0088885000000003,-0.9562895
TEST_06433,3.210865,-0.8102280000000001,0.9380060000000001
TEST_06434,1.4429135000000002,0.011432499999999995,-0.08858500000000002
TEST_06435,2.050485000000001,0.447808,0.16523550000000004
TEST_06436,2.3921424999999994,1.3676235,0.2962919999999999
TEST_06437,2.0366155,-0.7888360000000001,0.5137324999999999
TEST_06438,1.1031669999999993,-0.4985369999999999,-0.12506249999999997
TEST_06439,5.073640000000001,0.8897794999999998,-1.1255304999999995
TEST_06440,3.8609729999999995,-0.590239,0.4196815000000002
TEST_06441,3.7688485000000007,1.8534880000000005,0.570408
TEST_06442,3.6243554999999996,-0.46425150000000004,0.5985805000000002
TEST_06443,2.5973584999999995,2.222022,0.8016380000000001
TEST_06444,2.9116755,0.21543749999999998,0.282246
TEST_06445,2.0339459999999994,0.40502950000000004,0.4652745
TEST_06446,4.985034500000003,-1.1324065,0.450893
TEST_06447,1.8997834999999998,-0.23340199999999994,-0.0252235
TEST_06448,5.032143500000002,-1.9426475,-0.6635045000000002
TEST_06449,2.6942105000000005,-0.337113,0.34012600000000004
TEST_06450,1.5881179999999997,0.5422825000000001,-0.15971099999999996
TEST_06451,3.6901085,-0.24650450000000002,0.15881749999999994
TEST_06452,1.57104,0.7539340000000001,-0.513848
TEST_06453,2.5377259999999993,0.09655749999999999,0.491473
TEST_06454,1.4025470000000007,0.07944749999999999,0.4208300000000001
TEST_06455,3.080539,0.23770199999999997,0.1949725
TEST_06456,2.4762130000000004,0.5678734999999999,0.962911
TEST_06457,2.3783205,1.4454395,0.5290255
TEST_06458,2.313893999999999,-0.6291385,0.6518210000000002
TEST_06459,3.3520425000000005,-0.4989979999999998,0.5272385000000002
TEST_06460,2.6577530000000005,-0.5175015000000001,-0.11491200000000004
TEST_06461,2.4538605000000002,-0.1906465,0.7209034999999997
TEST_06462,1.8403124999999996,0.716086,0.3949475000000001
TEST_06463,1.9698109999999995,0.7172925000000001,0.311923
TEST_06464,3.572637499999999,-0.0006124999999999985,0.14380599999999993
TEST_06465,3.973241499999999,0.3827229999999999,0.47316300000000006
TEST_06466,1.4060210000000002,-0.374513,0.10776149999999998
TEST_06467,1.8259685,0.4929935,-0.0495125
TEST_06468,2.457865999999999,1.0945025000000004,0.35147399999999995
TEST_06469,3.8476420000000005,1.1455670000000002,0.36435249999999997
TEST_06470,4.0548065000000015,0.05586500000000001,0.9022444999999999
TEST_06471,1.4180985000000004,-0.7260165000000003,0.3805879999999999
TEST_06472,2.622421499999999,-0.2212689999999999,-0.8904924999999999
TEST_06473,2.7754884999999994,-0.04638850000000001,0.6551415000000003
TEST_06474,3.1635245000000003,-0.3236915,0.5365965000000004
TEST_06475,0.9832204999999999,-0.212158,-0.023914
TEST_06476,1.5136105000000002,-0.06259499999999998,0.36220549999999996
TEST_06477,3.6521545000000004,-1.5094619999999996,0.5964900000000002
TEST_06478,1.5140485,0.5195615000000002,0.073402
TEST_06479,2.6912364999999996,-1.6076610000000002,-0.90604
TEST_06480,2.852054,0.19671149999999998,0.7084715
TEST_06481,2.6671324999999992,0.3446475000000001,-0.25147549999999996
TEST_06482,3.7825835000000003,1.601702,1.6273215000000003
TEST_06483,3.9325475000000005,-2.1356770000000003,-1.0440009999999997
TEST_06484,2.2125470000000007,-0.17614599999999994,0.8307305
TEST_06485,2.6531335,-0.2967765,0.2632564999999999
TEST_06486,4.363076500000001,0.1416555,0.18440650000000003
TEST_06487,4.8831445,-1.3015624999999997,0.1849155
TEST_06488,2.8431014999999995,0.6968699999999999,0.4728069999999999
TEST_06489,3.5759285000000007,0.031468,0.06348000000000001
TEST_06490,2.3322535,-0.030814000000000008,0.054013500000000006
TEST_06491,0.7910464999999999,0.11949000000000001,-0.1301415
TEST_06492,1.7636024999999993,-0.6569394999999999,-0.2648785000000001
TEST_06493,1.6354985000000002,0.2595105000000001,0.16034500000000002
TEST_06494,1.3180425000000002,-0.5197774999999999,0.09036749999999999
TEST_06495,2.688932500000001,0.9387054999999997,-0.7792110000000003
TEST_06496,2.1192935000000013,0.3556394999999999,0.0576075
TEST_06497,2.369485,0.36309749999999996,0.09195699999999998
TEST_06498,2.2332814999999995,0.3737674999999999,0.306157
TEST_06499,1.5638999999999998,0.33058700000000013,0.2977790000000001
TEST_06500,1.9469245000000002,0.46050250000000015,-0.36877850000000006
TEST_06501,2.7094570000000004,0.04477899999999999,-0.06862600000000005
TEST_06502,1.4787674999999996,0.010023999999999998,-0.1882765
TEST_06503,3.5282754999999995,0.7180539999999999,0.028056500000000005
TEST_06504,3.8781575000000004,-0.2627010000000001,-0.063633
TEST_06505,3.891845,0.654342,0.5961685000000001
TEST_06506,2.5683975000000006,0.17473650000000002,0.022891500000000006
TEST_06507,3.708308999999999,-0.2958804999999999,1.0172814999999997
TEST_06508,2.9248699999999994,1.2499485,0.09278450000000002
TEST_06509,1.0732145000000004,-0.15356350000000002,-0.19837999999999995
TEST_06510,1.033057,0.20113900000000007,0.03263750000000001
TEST_06511,2.6787170000000002,0.0011024999999999854,-0.064558
TEST_06512,2.119005499999999,-0.12871349999999998,0.371135
TEST_06513,2.5560205,-0.637057,-0.7196150000000001
TEST_06514,1.4254584999999995,-0.20245849999999999,0.2530215000000001
TEST_06515,1.581413,-0.6191225,0.3133250000000001
TEST_06516,2.8558874999999997,0.42344999999999994,-0.06494200000000003
TEST_06517,3.3828499999999995,0.6475529999999999,0.323978
TEST_06518,1.7423075000000001,0.20942500000000003,0.20079299999999997
TEST_06519,5.652989499999999,0.44464799999999993,1.2985395000000004
TEST_06520,4.366066,-0.3607839999999999,-1.4664400000000004
TEST_06521,4.3936934999999995,0.8015100000000001,0.20799650000000006
TEST_06522,2.568497000000001,0.08233800000000002,0.053885499999999996
TEST_06523,1.9746860000000006,-0.7032965,0.2479785
TEST_06524,2.8389259999999994,-0.3287355000000001,0.006278499999999999
TEST_06525,1.1455154999999997,0.05136000000000001,0.24778750000000005
TEST_06526,1.7579185000000002,-0.22258099999999997,0.04778199999999999
TEST_06527,4.348750500000001,0.600726,1.2511325000000006
TEST_06528,4.2044725000000005,0.6162610000000001,-0.37073700000000004
TEST_06529,2.8087294999999988,0.6519840000000001,-0.17115649999999993
TEST_06530,1.4115905,0.0855955,-0.11327449999999996
TEST_06531,0.8852860000000001,0.059903499999999964,0.043523000000000006
TEST_06532,4.2308805,-1.0356259999999997,1.4585335000000001
TEST_06533,1.6543539999999999,-0.40228699999999995,0.3406275000000001
TEST_06534,2.127968,-0.4710519999999999,0.12152950000000001
TEST_06535,2.1464785000000006,-0.13084199999999996,-0.091523
TEST_06536,2.0840959999999997,0.6016715000000002,0.8984174999999999
TEST_06537,3.7871845,-0.006988000000000003,-0.3037984999999999
TEST_06538,5.057576999999999,-1.3271369999999996,-0.2080925
TEST_06539,3.0847715,1.2528365,0.06308550000000004
TEST_06540,2.282937500000001,-0.3475775000000001,-0.8511075
TEST_06541,2.3432935,-0.007582999999999991,-0.6396779999999997
TEST_06542,1.2466409999999999,-0.02552350000000001,0.10878099999999996
TEST_06543,4.218219,-0.9647329999999998,-0.9982529999999998
TEST_06544,4.4174025000000015,0.419014,-0.8808505000000002
TEST_06545,1.9920394999999997,-1.7473975000000002,-0.9178410000000001
TEST_06546,2.1732839999999998,0.5065264999999999,-0.7119954999999998
TEST_06547,2.1747854999999996,-0.35640499999999997,0.29042199999999996
TEST_06548,2.922781,0.38970799999999994,0.43979599999999996
TEST_06549,1.8367889999999996,-0.34044799999999986,0.540213
TEST_06550,4.643108999999997,-1.1708629999999993,-0.7528754999999999
TEST_06551,1.9722700000000002,-0.36320750000000007,-0.158742
TEST_06552,1.6905329999999998,-0.16024750000000004,-0.14317149999999995
TEST_06553,1.9162735000000002,-0.229207,0.288503
TEST_06554,2.3025735000000003,-0.4062374999999999,-0.08730399999999996
TEST_06555,1.9838710000000002,0.5384794999999998,0.7062234999999999
TEST_06556,2.9630530000000004,-0.45203950000000004,0.28948749999999995
TEST_06557,1.27553,-0.0203625,0.37201850000000003
TEST_06558,3.1100420000000004,1.7650615,-0.6285595000000002
TEST_06559,3.5652930000000005,0.9770015000000001,0.5777874999999997
TEST_06560,2.859139,1.691386,1.1973275000000005
TEST_06561,3.3842280000000002,-0.354475,-0.4477755
TEST_06562,2.4814774999999987,0.14479999999999998,-0.009692
TEST_06563,3.8989135,1.2959435,0.683435
TEST_06564,1.7930445000000002,-0.40936499999999987,0.5788934999999997
TEST_06565,2.9313335,-0.2094325,0.620015
TEST_06566,2.2009365,0.3034959999999999,0.42016749999999986
TEST_06567,2.8420134999999997,1.3196324999999995,-0.7305039999999998
TEST_06568,2.233768999999999,-1.3733399999999998,0.48631650000000004
TEST_06569,2.9862305,0.23205950000000003,-0.23151200000000002
TEST_06570,3.3833154999999993,0.3059925,0.47726650000000004
TEST_06571,1.4089104999999997,-0.4461725000000001,-0.26202600000000004
TEST_06572,2.0682595,0.03342749999999999,-0.8475765
TEST_06573,2.6328984999999996,-0.1547955,-0.06981299999999997
TEST_06574,2.201409,-0.6545175000000001,0.5066135000000002
TEST_06575,2.8257015,0.10541299999999999,0.8725484999999997
TEST_06576,2.6204780000000003,0.9518025,0.0729955
TEST_06577,2.8650015,0.25042,0.5897425000000001
TEST_06578,5.662536499999999,0.2107815,1.5693365
TEST_06579,3.0820350000000003,1.1928315,0.7972200000000002
TEST_06580,1.7892330000000003,0.22961,-0.31136400000000003
TEST_06581,2.596102,0.22072150000000007,1.0219205000000002
TEST_06582,1.1976620000000002,-0.23651899999999998,0.1770474999999999
TEST_06583,3.591276999999999,0.3152355000000001,0.005948500000000002
TEST_06584,2.8779135000000005,-0.27168500000000007,0.7215840000000002
TEST_06585,5.41134,0.6688394999999998,0.8397524999999999
TEST_06586,3.0994394999999995,-0.42476400000000003,0.595847
TEST_06587,4.077366499999999,0.02804399999999998,-0.8028265000000003
TEST_06588,2.1496014999999993,-0.6022595000000001,-0.31655550000000005
TEST_06589,2.835438,0.9067740000000001,-1.0650125000000001
TEST_06590,4.521105000000001,1.1444975,-1.0054224999999999
TEST_06591,2.1392039999999994,0.14819099999999996,-0.16793600000000003
TEST_06592,2.1876735,0.10014050000000001,-0.8104530000000001
TEST_06593,2.5087919999999992,-0.7034494999999998,-0.03137449999999998
TEST_06594,1.6744494999999997,-0.4492909999999999,0.23436249999999997
TEST_06595,1.0999790000000003,-0.22626649999999993,0.24649549999999998
TEST_06596,2.8793349999999993,-0.35425050000000013,-0.6975460000000002
TEST_06597,2.0768185,0.13807550000000002,-0.3767665
TEST_06598,1.3712195000000003,-0.08750799999999996,-0.2784494999999999
TEST_06599,5.353595499999999,0.26985900000000007,1.9793739999999995
TEST_06600,3.087575,-1.2795444999999994,0.2728285
TEST_06601,1.9391779999999996,0.26145000000000007,0.607323
TEST_06602,1.9920905000000002,-0.8320735000000004,-0.5034599999999998
TEST_06603,1.938348,1.100337,-0.8803285000000003
TEST_06604,2.612028499999999,0.6244295000000003,0.921705
TEST_06605,3.104215,0.3948435000000001,-0.23419399999999993
TEST_06606,4.874506,-0.4388724999999999,-0.5351615000000002
TEST_06607,1.6831304999999999,0.4962984999999998,0.0290095
TEST_06608,5.632230000000002,-0.475116,0.2543565
TEST_06609,3.422722499999999,-0.09470800000000001,-0.2702365
TEST_06610,2.7305680000000008,-0.04650749999999999,-0.38097899999999996
TEST_06611,2.201781500000001,0.025736000000000002,-0.6890080000000001
TEST_06612,2.057960499999999,-1.5698985000000003,0.9620029999999999
TEST_06613,1.6485604999999999,-0.37697800000000004,0.2684665000000001
TEST_06614,2.673285,1.0492460000000001,-1.0481640000000003
TEST_06615,2.9827875,1.1702910000000004,0.5309724999999998
TEST_06616,3.240108000000001,-1.0995640000000004,-0.330477
TEST_06617,2.7640765,-0.9103239999999999,1.5264775
TEST_06618,2.0380469999999997,-1.1080034999999993,-0.6738090000000001
TEST_06619,2.733734499999999,-0.485376,0.37197099999999994
TEST_06620,1.6224000000000003,0.42786099999999994,0.4472075000000001
TEST_06621,1.3408710000000004,-0.13283399999999998,0.17064049999999997
TEST_06622,1.8054894999999997,-0.3904579999999999,0.241938
TEST_06623,2.9916845000000007,-0.5217339999999999,-0.19492900000000002
TEST_06624,3.182899,0.13077350000000001,-0.21944650000000002
TEST_06625,2.9435505,1.3727774999999998,-0.8859265000000003
TEST_06626,1.0727574999999998,0.20578449999999995,0.28256650000000016
TEST_06627,3.5343979999999995,0.2023195,1.2339715000000002
TEST_06628,2.3106210000000003,0.07497000000000001,-0.17872400000000005
TEST_06629,4.199060000000002,-0.9508865000000002,-0.27350950000000007
TEST_06630,1.9640194999999998,1.4832594999999997,-0.6762015000000001
TEST_06631,2.102437,-0.034489000000000006,0.042283
TEST_06632,1.358059,-0.6479984999999999,0.7084885000000001
TEST_06633,2.3461760000000007,0.35956599999999994,0.5093359999999999
TEST_06634,1.2228969999999995,0.15322350000000007,-0.2726075000000001
TEST_06635,1.2263069999999998,0.24337399999999998,0.37555950000000005
TEST_06636,2.4247979999999996,0.44343499999999997,0.9463299999999999
TEST_06637,3.5859875,-0.7644315,-0.382327
TEST_06638,1.9853589999999994,-0.4845370000000003,-0.1970985
TEST_06639,3.8436429999999984,1.0470590000000004,0.23056150000000003
TEST_06640,4.595894500000002,-0.029377999999999994,1.4441765000000002
TEST_06641,4.770849,2.0876520000000003,-0.840398
TEST_06642,3.9628085000000013,-0.7798494999999999,-0.7606210000000003
TEST_06643,2.7062380000000004,-0.3712789999999999,0.6762615000000001
TEST_06644,2.817299,0.6629775,-0.4721245000000001
TEST_06645,2.207228499999999,-0.8686600000000003,-0.170862
TEST_06646,1.5107295000000005,-0.6667475,0.40249099999999993
TEST_06647,4.699074500000002,-0.7491274999999997,-0.9866080000000005
TEST_06648,4.4470395000000025,-0.3803205000000001,-0.026738500000000012
TEST_06649,3.1442435,-0.10135400000000006,0.30431
TEST_06650,3.3207674999999997,-0.08520849999999999,1.1923634999999995
TEST_06651,2.3964485000000004,0.171871,-0.0084575
TEST_06652,2.524199500000001,-0.3208560000000001,0.7519805000000004
TEST_06653,1.2715785000000004,0.4819359999999999,0.03864250000000001
TEST_06654,2.030808,-0.3321209999999999,0.9243224999999998
TEST_06655,3.7067274999999995,-0.09344400000000003,-1.0937145000000004
TEST_06656,2.8370504999999997,-1.003717,-0.7464429999999997
TEST_06657,3.7435645000000006,2.067835,2.262246
TEST_06658,4.747156000000002,1.4851035000000001,-0.7580709999999999
TEST_06659,4.196814499999998,-1.3325200000000001,-0.18093699999999996
TEST_06660,2.0531605,-0.959984,-0.853775
TEST_06661,1.8791060000000002,-0.3537995000000001,-0.165374
TEST_06662,1.6601459999999992,0.32208049999999994,0.048341999999999996
TEST_06663,4.482649,0.26379300000000006,0.825855
TEST_06664,1.6062869999999998,0.6675645000000001,0.26872850000000004
TEST_06665,4.209395500000003,-0.277934,0.49989100000000003
TEST_06666,3.1827129999999992,-0.5437970000000003,0.7074650000000001
TEST_06667,2.6226675000000004,0.7614579999999999,1.0038254999999996
TEST_06668,2.6787310000000004,-0.7354805,-0.0182815
TEST_06669,3.8005235000000006,-0.6041120000000002,0.6013064999999999
TEST_06670,2.628939,1.3680199999999996,-0.7467250000000001
TEST_06671,1.837081,-0.6055900000000002,-0.3498500000000001
TEST_06672,1.46284,0.20818299999999995,-0.13267750000000006
TEST_06673,2.6865380000000005,-0.1351925,0.5010895
TEST_06674,3.6438024999999996,0.09389149999999999,1.1273630000000003
TEST_06675,2.0634835,-0.33498,0.3374769999999999
TEST_06676,2.7698695000000004,-1.5977315,-0.5045859999999998
TEST_06677,3.1565014999999987,0.34915149999999995,0.8563110000000003
TEST_06678,1.4319495000000004,0.1364225,0.12688700000000008
TEST_06679,2.702318,1.1601789999999998,-0.336777
TEST_06680,3.1989160000000005,1.2466095000000001,0.18539699999999998
TEST_06681,2.6283105000000013,0.8341640000000001,0.49189950000000005
TEST_06682,1.7777375000000002,-1.1245855000000002,-0.3430339999999999
TEST_06683,2.353287000000001,-0.46952449999999996,0.8692329999999997
TEST_06684,2.0081005000000003,-0.28292249999999997,-0.26465199999999994
TEST_06685,2.6212339999999994,-0.23607900000000004,0.506167
TEST_06686,3.3833504999999997,-0.5593385000000002,-0.7836720000000001
TEST_06687,3.1839289999999996,0.393941,0.352467
TEST_06688,5.721263499999997,-1.411123,1.2643520000000001
TEST_06689,2.4734714999999996,0.48648999999999987,-0.030682500000000022
TEST_06690,1.3638905000000001,0.18744399999999997,0.15508750000000004
TEST_06691,1.4258639999999998,0.04694400000000001,0.14617550000000007
TEST_06692,2.5405619999999995,-0.9358180000000003,0.17586650000000004
TEST_06693,2.9234584999999997,0.227545,0.21910100000000005
TEST_06694,1.4216405,-0.7565500000000001,0.5949165000000001
TEST_06695,0.9050855,0.28678750000000003,0.2378885
TEST_06696,2.7401625000000003,-1.5042670000000002,-0.09243600000000002
TEST_06697,3.7794545,-0.05023650000000002,0.520061
TEST_06698,3.146379499999999,-0.4530889999999997,1.2652410000000005
TEST_06699,3.9590825000000005,-0.4760159999999999,1.1547150000000004
TEST_06700,2.358256999999999,0.0003229999999999882,-0.23546700000000012
TEST_06701,2.7469645,0.1093765,0.8630205
TEST_06702,1.2678004999999999,0.019196499999999995,0.43168700000000004
TEST_06703,3.1009390000000003,-0.09341050000000002,-0.402763
TEST_06704,2.7442830000000002,-0.1698495,0.20727649999999997
TEST_06705,5.288539500000001,0.31563549999999996,-0.463772
TEST_06706,1.8996469999999999,-0.12361500000000003,0.21008000000000004
TEST_06707,3.265627500000001,0.5149195,0.49593
TEST_06708,2.5445515000000007,0.41602850000000013,0.21104750000000005
TEST_06709,4.503238000000001,-0.7322824999999997,0.044755500000000004
TEST_06710,4.136837999999998,-0.0334715,-0.5294629999999999
TEST_06711,1.987945999999999,-0.9567340000000002,0.13188899999999998
TEST_06712,1.9766385000000004,1.2127489999999996,-0.8756560000000002
TEST_06713,2.697320500000001,-0.03326699999999999,-0.25816950000000005
TEST_06714,1.2653075,0.16852800000000004,0.03803899999999999
TEST_06715,1.0597909999999993,0.09785699999999999,0.2558045
TEST_06716,1.4427170000000002,-0.31937249999999995,-0.21579350000000003
TEST_06717,1.233569,-0.28578499999999996,-0.17182299999999995
TEST_06718,1.3939215000000003,-0.5952080000000002,-0.271923
TEST_06719,5.384063,0.7270900000000002,-0.09604400000000003
TEST_06720,2.5948629999999993,-0.5769770000000001,0.4104054999999999
TEST_06721,4.681736499999999,0.706974,-0.04958699999999999
TEST_06722,4.662863499999999,1.3917739999999996,-0.5066520000000003
TEST_06723,1.7303630000000005,-0.12019099999999999,-0.09630250000000003
TEST_06724,1.5154575000000003,0.5236200000000001,-0.28035849999999984
TEST_06725,1.3089145000000002,0.6421069999999999,0.3582185000000001
TEST_06726,5.240103499999999,-0.4256095,-0.246308
TEST_06727,3.0020940000000005,0.39137750000000004,0.4717750000000001
TEST_06728,5.598227999999998,-1.6169049999999996,-0.8840699999999999
TEST_06729,2.3597254999999997,-0.2681425,0.0068214999999999994
TEST_06730,2.863551,0.5975844999999997,-0.15350550000000007
TEST_06731,1.22932,0.09549450000000001,0.1992275
TEST_06732,4.199614499999999,0.11048299999999991,0.37132350000000003
TEST_06733,3.063852,-0.35441600000000006,0.5482665
TEST_06734,2.4135885000000004,-0.2589620000000001,0.30790350000000005
TEST_06735,0.913367,0.24992350000000005,0.03744349999999999
TEST_06736,1.7052519999999993,0.1189455,0.4348604999999999
TEST_06737,3.4712569999999996,0.22164100000000003,0.7629685000000002
TEST_06738,5.4360465,1.1790655000000003,-0.46183150000000006
TEST_06739,2.507786,1.3193699999999997,0.068654
TEST_06740,1.5529380000000004,0.12259149999999996,0.30953450000000016
TEST_06741,1.284078,0.026387000000000015,0.209455
TEST_06742,1.9455715000000005,-0.2680600000000001,-0.669694
TEST_06743,2.963982500000001,0.7495265,-0.7483015000000002
TEST_06744,2.3174849999999996,0.1580805,-0.5219885
TEST_06745,4.523261,1.8102449999999997,-0.47395999999999994
TEST_06746,3.2387225000000006,0.8557844999999998,0.5880955000000001
TEST_06747,4.6971725,-0.4408824999999999,0.029209000000000006
TEST_06748,2.5246235,0.4349709999999999,-0.3459674999999999
TEST_06749,3.54759,-1.5820265000000004,-1.1795825
TEST_06750,1.17109,-0.24288999999999988,-0.045363000000000014
TEST_06751,1.2097449999999998,-0.9016894999999998,-0.06533999999999998
TEST_06752,2.7300454999999992,1.4736809999999996,0.623155
TEST_06753,2.2648945000000005,0.4491100000000003,-0.399462
TEST_06754,2.289581,0.288554,0.0882745
TEST_06755,1.8925225000000006,-0.7029235,0.5093315
TEST_06756,3.1504055,-0.7671155000000001,-0.37708000000000014
TEST_06757,2.1286414999999996,-0.03969549999999999,-0.25939300000000004
TEST_06758,3.352363500000001,-1.3493809999999993,0.7398185
TEST_06759,4.561008,0.20329549999999996,0.8953774999999999
TEST_06760,3.089982,-1.5645034999999998,-0.5761710000000002
TEST_06761,4.285964999999998,0.881915,-0.7385824999999999
TEST_06762,3.9841670000000002,-1.5413290000000002,-0.9395874999999999
TEST_06763,1.5564635,0.1320635,0.7009610000000002
TEST_06764,1.7590095000000003,0.01668849999999998,-0.0386
TEST_06765,1.4605639999999998,-0.0744385,-0.33373600000000003
TEST_06766,3.6826084999999997,-0.7469939999999999,-0.5845910000000001
TEST_06767,3.7903035000000003,1.340348,-0.9324425000000001
TEST_06768,4.878486000000002,-1.6726165,-0.12183450000000001
TEST_06769,2.481153999999999,-0.04695800000000001,0.006103999999999999
TEST_06770,1.0766665,0.596626,-0.24755699999999994
TEST_06771,4.096534499999999,0.16002099999999997,1.0852900000000005
TEST_06772,4.726569499999998,1.1055895000000002,1.1014255000000004
TEST_06773,1.3547805,0.421563,0.3585615000000001
TEST_06774,3.3174725000000005,0.9947200000000003,0.9389534999999999
TEST_06775,2.8482355000000004,0.5801975000000001,-0.124141
TEST_06776,2.2549075,0.26132699999999986,-0.198753
TEST_06777,1.4973569999999996,0.501657,-0.35500699999999985
TEST_06778,2.5570675000000005,-0.22074149999999998,0.13527299999999995
TEST_06779,4.267729,1.3075970000000003,0.9147930000000003
TEST_06780,1.4579269999999998,0.1784525,-0.010863000000000005
TEST_06781,3.0769460000000004,-0.030649000000000013,0.13432750000000004
TEST_06782,2.2496469999999986,-0.08881700000000001,0.0830275
TEST_06783,3.8692754999999996,0.125369,0.8694084999999999
TEST_06784,3.1787589999999994,-0.26340500000000006,0.05928449999999998
TEST_06785,2.3931224999999987,-0.280721,0.0517865
TEST_06786,2.5837005000000013,0.047558,-0.031185500000000005
TEST_06787,4.540927000000002,0.8001264999999999,-0.31359400000000004
TEST_06788,2.0056339999999997,-0.614868,-0.33787649999999997
TEST_06789,4.665082,-1.1207069999999995,-0.37020050000000004
TEST_06790,1.6501729999999997,0.12878,0.5463205
TEST_06791,2.4149160000000007,0.6608569999999999,0.012146
TEST_06792,3.2037034999999996,-1.5693249999999999,-0.8625744999999998
TEST_06793,3.356417499999999,0.9947804999999997,1.0610289999999993
TEST_06794,2.377386000000001,0.3417204999999999,-0.03225250000000006
TEST_06795,2.531946500000001,0.8278399999999997,0.5219580000000001
TEST_06796,4.517634,-1.6253900000000003,-0.42169999999999985
TEST_06797,1.8416474999999999,-0.41870100000000005,0.5240125000000002
TEST_06798,3.6600804999999994,-0.6997840000000002,0.9795295
TEST_06799,3.946772000000001,1.8167584999999997,-0.428531
TEST_06800,2.6011900000000012,1.5521060000000004,0.6716200000000001
TEST_06801,4.460243500000002,1.6658845,-0.0353835
TEST_06802,1.7650645000000003,1.1470984999999998,1.0699685000000003
TEST_06803,1.9179505000000001,0.7613119999999998,-0.1433025
TEST_06804,2.1902165,-0.09107900000000002,-0.12761350000000005
TEST_06805,2.875526,-0.36535400000000007,0.7718425
TEST_06806,3.790226500000001,-0.44565400000000005,0.27064850000000007
TEST_06807,3.763234,-1.4113894999999999,-0.9000849999999998
TEST_06808,5.6726835000000015,0.10655299999999994,0.114677
TEST_06809,3.1701559999999995,0.213256,0.22453
TEST_06810,2.723317,0.18428799999999998,0.17095500000000002
TEST_06811,2.470681000000001,-0.1940455,-0.166864
TEST_06812,3.063644500000001,-0.10286899999999999,1.2112669999999994
TEST_06813,2.5505704999999996,0.03831500000000001,-0.3960474999999999
TEST_06814,2.7750794999999995,-0.011771500000000011,0.6573450000000001
TEST_06815,2.2921309999999995,0.468,-0.10834700000000003
TEST_06816,2.9809715000000008,0.5152079999999999,0.9164825000000001
TEST_06817,2.5035119999999993,-0.7348265,1.3266674999999992
TEST_06818,3.385572,-0.9402275000000002,1.1700305000000002
TEST_06819,2.4068129999999996,0.683578,0.28716349999999996
TEST_06820,2.3902004999999997,-0.36287250000000004,-0.07769800000000002
TEST_06821,3.063337500000001,-0.11070999999999998,0.217696
TEST_06822,1.4935765000000005,0.8167790000000001,-0.05630749999999999
TEST_06823,3.5471380000000003,0.4165420000000002,0.8348955000000002
TEST_06824,1.7082430000000002,0.2754289999999999,-0.15428799999999995
TEST_06825,3.357806,1.3867119999999997,0.11302399999999999
TEST_06826,1.4193784999999999,-0.13698400000000002,0.46148300000000014
TEST_06827,3.2215595,0.19878400000000004,0.457937
TEST_06828,1.3946459999999994,0.2953914999999998,0.1806045
TEST_06829,3.7793129999999993,-0.14956750000000008,-0.9001414999999999
TEST_06830,3.8947435000000006,0.29403100000000004,1.2304524999999997
TEST_06831,2.784669000000001,0.9552255000000001,-0.30406949999999994
TEST_06832,3.4673999999999996,0.22101899999999994,0.5701559999999999
TEST_06833,3.8104345000000004,-1.0576840000000003,1.2773675
TEST_06834,3.1313175,0.018681499999999997,-0.5170695000000001
TEST_06835,1.0021595,0.3408865000000001,-0.031556999999999995
TEST_06836,2.7440130000000003,0.17797600000000002,-0.1412405
TEST_06837,0.9882234999999999,-0.012869999999999996,-0.14080549999999997
TEST_06838,2.375284999999999,-1.1720514999999998,-0.5498824999999999
TEST_06839,3.895341000000001,-0.5389209999999998,-1.0072380000000005
TEST_06840,1.6393294999999992,-0.31777849999999996,0.31038450000000006
TEST_06841,4.550232499999998,-0.7604795000000001,0.961576
TEST_06842,2.023946000000001,0.020821,0.08711050000000001
TEST_06843,3.2183340000000005,1.024887,-0.7971235
TEST_06844,2.037833000000001,-0.7814970000000001,-0.5683104999999997
TEST_06845,1.2363635,-0.46856749999999997,-0.10088499999999997
TEST_06846,5.068261500000002,0.6238859999999999,-0.2744969999999999
TEST_06847,4.023421000000001,-1.0890544999999996,-0.7416305
TEST_06848,4.5462325,-2.2627285000000006,0.8197715000000001
TEST_06849,3.3858370000000004,-0.47069,-0.31582200000000005
TEST_06850,3.0968039999999997,-0.049138499999999974,-0.5723670000000003
TEST_06851,1.1263259999999997,-0.30107700000000015,-0.0163405
TEST_06852,3.4979925000000005,0.002465000000000007,-0.8481815000000001
TEST_06853,3.0203155000000015,0.3316650000000001,0.385573
TEST_06854,1.6631734999999996,1.2331030000000005,-0.6392764999999999
TEST_06855,1.7864815000000007,0.13756600000000002,0.43774250000000003
TEST_06856,2.8365020000000003,-0.050422,0.7479754999999999
TEST_06857,1.9688855,-0.36866,-0.11461300000000002
TEST_06858,4.827323000000002,1.1617004999999998,1.4079920000000001
TEST_06859,1.2152315000000002,-0.12757349999999998,-0.12376899999999999
TEST_06860,1.4546280000000003,-0.21816899999999986,-0.2507054999999999
TEST_06861,1.2378945,-0.39718549999999997,-0.109916
TEST_06862,1.5422505000000002,0.3987820000000001,0.12445550000000001
TEST_06863,1.2140475,-0.35782149999999996,0.5012544999999997
TEST_06864,3.6870470000000006,-0.5636059999999999,-0.5802464999999999
TEST_06865,5.283759,-0.4976660000000002,-0.15695
TEST_06866,1.9358495000000002,-0.43601600000000007,-0.3623584999999999
TEST_06867,3.938919499999999,-0.21981000000000006,-0.09512400000000004
TEST_06868,1.9670995,0.4588495000000001,0.3382364999999999
TEST_06869,3.6249800000000003,-0.754891,1.3167779999999998
TEST_06870,1.3401775000000002,-0.6470595000000001,-0.4391545000000001
TEST_06871,2.7186465,-1.2243975,0.4741175000000001
TEST_06872,1.4805920000000004,-0.7363085000000001,0.13668150000000004
TEST_06873,3.627088000000001,-0.06825149999999996,0.6895894999999999
TEST_06874,2.519829999999999,0.4399735000000001,0.675173
TEST_06875,1.0052895000000002,-0.12359299999999995,-0.33618650000000005
TEST_06876,4.204773000000001,0.3320260000000001,0.5883130000000002
TEST_06877,2.6465120000000004,1.1844055,0.10015700000000001
TEST_06878,2.5715010000000005,-0.4103605000000001,0.4407145
TEST_06879,5.505405500000001,0.3383659999999999,2.114948000000001
TEST_06880,2.10478,-0.4727135000000001,0.101613
TEST_06881,4.2937745,-0.03508050000000001,-0.2579060000000001
TEST_06882,4.338053500000001,0.9587679999999998,0.21583249999999993
TEST_06883,3.5438530000000004,-1.1967235,1.0611095000000001
TEST_06884,2.756705,0.10513550000000002,-0.5272224999999999
TEST_06885,1.0217229999999997,-0.32905699999999993,0.1735445
TEST_06886,2.9569565,-0.08314550000000004,-0.32479199999999997
TEST_06887,4.3858555,0.11716949999999998,-0.33653150000000015
TEST_06888,3.772590999999999,1.2795954999999997,1.3569259999999999
TEST_06889,4.5534505,-0.4272215,-1.0573559999999997
TEST_06890,1.6564124999999994,0.12351450000000007,-0.1084915
TEST_06891,2.624340000000001,-0.143872,-0.5870090000000001
TEST_06892,4.6984284999999995,-0.8228385,0.21280599999999994
TEST_06893,2.8094020000000004,-0.5681444999999998,0.583261
TEST_06894,1.6097195,0.10232350000000001,-0.5057434999999999
TEST_06895,3.9524484999999996,0.5667365,-0.749429
TEST_06896,3.4402740000000014,0.06939150000000002,-0.3158269999999999
TEST_06897,1.4538824999999997,-0.400142,-0.34730800000000006
TEST_06898,5.059592499999998,-0.3916614999999999,-1.0504704999999999
TEST_06899,3.8883415,-0.24866050000000003,1.0369129999999998
TEST_06900,2.302243,0.40640149999999997,-0.6826244999999999
TEST_06901,3.1950735,0.05619950000000001,0.4770384999999999
TEST_06902,1.3103695000000002,-0.5139355000000001,0.3115945
TEST_06903,4.084954,-0.6316209999999998,1.0711279999999999
TEST_06904,2.460351000000001,-0.4111739999999999,-0.5068859999999997
TEST_06905,4.914158499999999,-1.2328370000000002,1.6685769999999998
TEST_06906,2.1779660000000005,0.10051749999999998,-0.48755249999999967
TEST_06907,2.313439500000001,-0.12761849999999997,0.9065159999999999
TEST_06908,2.9026664999999996,0.12387749999999999,0.024474499999999993
TEST_06909,4.880586000000001,0.441913,-0.32657700000000006
TEST_06910,1.9267525,-0.9722780000000001,-0.500208
TEST_06911,2.1471995000000006,-1.1880619999999995,-0.4722385000000001
TEST_06912,1.4690945000000004,0.9196610000000001,0.47384550000000003
TEST_06913,2.822935,1.51404,0.947148
TEST_06914,1.7771195000000004,-0.008756499999999993,-0.15901850000000003
TEST_06915,2.2928845000000004,-0.19563300000000003,-0.2740365
TEST_06916,4.2639285000000005,0.6881965000000001,0.7831404999999999
TEST_06917,1.4025335,0.27082900000000004,0.21968199999999993
TEST_06918,2.8670840000000006,0.7095835000000003,-0.5760495000000002
TEST_06919,3.2569584999999996,-0.778891,1.9558360000000004
TEST_06920,1.8316084999999998,0.4805344999999999,0.1815945
TEST_06921,1.1170850000000003,0.2885530000000001,0.0639615
TEST_06922,2.0504290000000003,-1.0133930000000002,0.062584
TEST_06923,3.987249500000001,-1.2062985,0.313376
TEST_06924,2.074597999999999,-0.9175025000000002,-0.5502080000000003
TEST_06925,1.253025,-0.3135855000000002,-0.3058130000000001
TEST_06926,1.5009555000000003,0.7021164999999997,-0.026342499999999994
TEST_06927,4.216636499999999,-0.3744495,1.000624
TEST_06928,2.4179709999999996,-0.2346735000000001,1.309783
TEST_06929,3.635138500000001,0.4875755,-0.07823799999999999
TEST_06930,2.2330594999999995,0.2797945000000001,0.4159395
TEST_06931,1.0342885000000002,-0.4291059999999999,0.09337650000000003
TEST_06932,3.2505235,0.1465385,-0.10526650000000004
TEST_06933,2.259571,0.17764899999999995,0.50614
TEST_06934,2.9161769999999994,-0.15116149999999998,0.27811149999999996
TEST_06935,1.9714250000000004,0.324795,0.2428465
TEST_06936,1.5079595,0.5500475,0.4505765
TEST_06937,3.4702604999999997,0.3458285000000001,0.6874865000000001
TEST_06938,4.634506499999999,1.0902355,-0.20887699999999998
TEST_06939,3.663351000000001,0.448094,0.07205099999999998
TEST_06940,1.1688239999999999,0.1826514999999999,-0.347961
TEST_06941,2.8282844999999996,-0.0836515,-1.0586895
TEST_06942,2.2799345000000004,-0.663748,0.18914749999999997
TEST_06943,3.9233979999999997,-0.5592095000000001,-0.15817000000000003
TEST_06944,1.3108715000000002,-0.411222,-0.333627
TEST_06945,1.7592590000000001,0.420898,0.47491800000000006
TEST_06946,1.389348,-0.038087,0.634104
TEST_06947,1.4953060000000002,0.1644215,-0.16115699999999994
TEST_06948,2.5036545000000006,-0.5052995,0.3178700000000001
TEST_06949,1.3832944999999999,-0.2119395,-0.32864299999999996
TEST_06950,2.7220989999999996,-0.16940500000000003,-0.026808500000000016
TEST_06951,2.3149499999999996,-0.15528349999999996,0.6082055000000002
TEST_06952,1.1258985,-0.43147,0.32861649999999987
TEST_06953,3.6755679999999993,0.7779335000000003,0.09075450000000002
TEST_06954,2.8740730000000005,-0.6389124999999999,-0.0414825
TEST_06955,2.2458150000000003,-0.28220049999999997,-0.011657000000000004
TEST_06956,4.261441,1.4595865000000003,1.051491
TEST_06957,3.035066999999999,-1.0216475000000003,-0.3458294999999999
TEST_06958,1.2720345000000002,0.26850050000000014,-0.3950720000000001
TEST_06959,2.0604024999999995,0.7705355,-0.3231544999999999
TEST_06960,2.6619389999999994,-0.4597315,0.3749260000000001
TEST_06961,3.017105500000001,0.181328,-1.0153255
TEST_06962,0.8811109999999999,0.055316500000000005,0.47977000000000014
TEST_06963,3.6909229999999997,0.27339350000000007,0.3722234999999999
TEST_06964,2.9784955,0.6581960000000002,0.6832265
TEST_06965,2.176271,-0.8716745,0.9081974999999998
TEST_06966,4.938725499999998,-0.3485920000000001,0.463797
TEST_06967,1.3668575000000003,0.3575605,-0.5506659999999999
TEST_06968,4.19248,2.2177834999999995,0.6496644999999999
TEST_06969,1.2568805000000005,0.303771,0.00010349999999999943
TEST_06970,1.5964939999999999,-0.31003749999999997,0.38604950000000016
TEST_06971,1.9274945,0.6149514999999999,0.05765349999999997
TEST_06972,0.9830429999999999,0.5566945000000001,0.39386050000000006
TEST_06973,3.2294494999999994,-0.4525245,0.019789999999999995
TEST_06974,2.391333500000001,0.6355605,-0.8722950000000002
TEST_06975,3.7127619999999992,0.7856249999999998,-0.6520114999999997
TEST_06976,1.1950045000000002,-0.621879,-0.13867050000000003
TEST_06977,1.3092670000000002,0.4317385,0.16584449999999995
TEST_06978,4.355606500000002,0.25849149999999993,-0.14763099999999996
TEST_06979,4.356433000000001,1.6296010000000003,1.5042294999999999
TEST_06980,1.2193179999999995,-0.6401265000000003,-0.4523304999999999
TEST_06981,3.5501165,-0.5229035000000002,-0.09231850000000003
TEST_06982,2.5176014999999996,0.5304054999999999,-0.0906025
TEST_06983,3.003003000000001,0.21858650000000002,-0.6773589999999998
TEST_06984,3.2498494999999994,-0.34307350000000003,0.44667349999999995
TEST_06985,2.1444135000000006,-0.16261449999999997,1.1666765
TEST_06986,2.2014725000000013,0.376583,0.10440599999999997
TEST_06987,3.0483390000000004,0.07170300000000002,0.226465
TEST_06988,2.9514549999999997,1.1665375000000002,0.154215
TEST_06989,1.9317100000000003,-1.195668,0.465649
TEST_06990,1.0383394999999997,-0.2801679999999999,0.155486
TEST_06991,1.9462934999999997,-0.5253269999999999,0.2757719999999999
TEST_06992,1.9782194999999998,-0.8540990000000002,0.8035924999999999
TEST_06993,2.6703334999999995,-0.24502600000000008,-0.42825250000000015
TEST_06994,2.0120190000000004,0.6003539999999998,-0.0036015000000000005
TEST_06995,2.3550959999999996,-0.6194485000000001,-0.6854015000000003
TEST_06996,2.1568300000000002,-0.6721709999999999,-0.44004849999999995
TEST_06997,2.7889535000000003,-0.47661850000000006,0.5588999999999997
TEST_06998,1.2472755000000002,-0.21673199999999992,0.213332
TEST_06999,4.887228,-1.181123,0.42022799999999993
TEST_07000,2.4917730000000002,0.6060220000000001,0.27903500000000003
TEST_07001,2.4209179999999995,1.5135900000000004,0.2692200000000001
TEST_07002,1.9601734999999998,-1.3135235,0.299536
TEST_07003,1.9143434999999998,1.2676085000000001,0.5635720000000002
TEST_07004,1.6102305000000006,0.05965649999999999,-0.1820434999999999
TEST_07005,3.0093135,0.5719429999999999,-0.2554104999999999
TEST_07006,1.4380115000000002,0.5376479999999999,0.24835300000000007
TEST_07007,5.136830000000002,1.6772709999999997,-0.5370755
TEST_07008,1.3404695,-0.7579400000000001,0.5676210000000002
TEST_07009,4.434432,0.687843,1.2648355000000002
TEST_07010,1.480119,0.21362450000000002,0.3511564999999999
TEST_07011,3.4776,0.16174450000000007,-0.013279499999999996
TEST_07012,3.3634305000000007,0.2107255,0.028679000000000007
TEST_07013,2.4904150000000005,0.03608450000000002,0.22180650000000002
TEST_07014,2.667607000000001,-0.1847950000000001,0.49569700000000005
TEST_07015,3.739923000000001,0.9967804999999997,-0.983412
TEST_07016,1.7743074999999997,-0.8711575000000001,-0.7021835
TEST_07017,3.95263,-1.5057115000000005,-0.02960049999999997
TEST_07018,4.093481000000001,1.6655594999999999,-0.4594299999999999
TEST_07019,2.2706849999999994,0.6462469999999999,0.022289499999999997
TEST_07020,1.6775435,0.12858749999999997,-0.35462099999999996
TEST_07021,1.0729560000000005,-0.19124299999999994,0.030705499999999997
TEST_07022,1.8973039999999997,0.5066844999999999,0.24244300000000008
TEST_07023,2.461421000000001,-0.7935829999999997,0.242104
TEST_07024,2.3155735,-0.19205749999999994,0.47282900000000005
TEST_07025,3.7392060000000003,1.6468834999999995,0.11315449999999999
TEST_07026,2.901574000000001,0.35827200000000015,-0.07089049999999998
TEST_07027,2.0023435000000003,0.6981455000000001,-0.5496270000000001
TEST_07028,2.9192815000000003,-0.024970999999999993,-0.08743849999999999
TEST_07029,2.7445539999999995,-1.4817165000000003,0.0400335
TEST_07030,4.2044394999999986,-0.17868099999999998,0.14950750000000004
TEST_07031,2.5851450000000002,-0.494108,0.3373944999999998
TEST_07032,3.4363164999999998,1.4322829999999998,0.338894
TEST_07033,1.3216084999999995,-0.6609155000000001,-0.31464850000000005
TEST_07034,1.8837510000000002,-0.018675500000000053,0.114503
TEST_07035,2.293809499999999,-0.8917995000000001,-0.4868610000000003
TEST_07036,2.0713635,-0.22659149999999995,-0.6564775000000002
TEST_07037,2.6458364999999997,0.047737000000000036,0.3548915
TEST_07038,2.5509625,0.741581,1.0969000000000002
TEST_07039,6.198784500000001,0.38422500000000004,2.3429725000000006
TEST_07040,4.387938999999999,1.1049825000000002,1.6842489999999999
TEST_07041,1.6850185,0.6488764999999999,0.500705
TEST_07042,2.724554000000001,0.40452450000000006,1.1161200000000004
TEST_07043,3.2383550000000003,0.5374445,0.10234299999999996
TEST_07044,3.337126,0.15806750000000006,0.259843
TEST_07045,1.388305,0.19131600000000004,-0.339762
TEST_07046,3.1548755,-0.4599400000000001,0.4861189999999999
TEST_07047,4.126694499999999,-1.0020414999999998,1.1153425000000006
TEST_07048,4.721906499999998,-1.0501230000000001,1.3434189999999995
TEST_07049,3.0274344999999996,0.35680049999999985,0.34600100000000006
TEST_07050,2.6252814999999994,0.26245450000000003,0.24212349999999996
TEST_07051,1.6162015000000003,-0.055278999999999995,-0.3450980000000001
TEST_07052,2.055628000000001,1.2736444999999998,0.5733005000000001
TEST_07053,3.0229545,-0.3820200000000001,-0.2890164999999999
TEST_07054,3.5149090000000007,-0.1515325,0.7359984999999999
TEST_07055,1.578748,0.2501819999999999,-0.11438000000000001
TEST_07056,2.1612029999999987,-0.14499550000000003,-0.08241000000000002
TEST_07057,1.694953,0.2773995,-0.5370900000000001
TEST_07058,5.340563500000001,1.077708,1.2762789999999997
TEST_07059,1.7678745000000005,0.059588,-0.014093000000000001
TEST_07060,2.8911835000000004,0.44454300000000013,-0.4395355
TEST_07061,0.969738,0.418802,-0.16090850000000004
TEST_07062,1.5574069999999998,0.3427404999999999,0.05255200000000001
TEST_07063,3.2256670000000005,0.7081920000000004,0.9160745
TEST_07064,0.9061695000000001,-0.2747425000000001,-0.13628249999999995
TEST_07065,2.1064545000000003,-1.0596484999999998,0.7532854999999998
TEST_07066,2.8213549999999996,0.05979200000000001,-0.24019049999999992
TEST_07067,3.645482,0.5679720000000001,-1.0384235
TEST_07068,2.321156,1.2930954999999995,-0.8522910000000002
TEST_07069,1.4180909999999995,0.36204949999999997,0.38328450000000003
TEST_07070,3.5561760000000007,-1.4354814999999999,0.5459579999999998
TEST_07071,3.3869000000000007,0.8198949999999998,0.5639435
TEST_07072,2.502871,0.18009950000000002,0.10428599999999996
TEST_07073,2.375131500000001,0.36012900000000003,-0.2683184999999999
TEST_07074,2.330223499999999,0.5562079999999999,-0.5260564999999998
TEST_07075,2.1827004999999993,-0.06520100000000001,0.05751450000000001
TEST_07076,1.3580000000000005,-0.08348550000000003,0.4516730000000001
TEST_07077,1.6679,0.12109950000000003,0.33305200000000007
TEST_07078,3.6144425000000004,-1.4944160000000004,0.17869700000000002
TEST_07079,4.767106500000001,0.17018300000000003,0.6107330000000002
TEST_07080,1.2446389999999998,0.49874899999999994,0.09200100000000001
TEST_07081,2.634992499999999,0.188193,-0.017764999999999996
TEST_07082,3.200886,-1.64563,-0.22911150000000002
TEST_07083,3.1712120000000006,-1.4790935000000007,1.3001389999999997
TEST_07084,3.2825325,-0.8843300000000001,-0.7546974999999998
TEST_07085,2.791878000000001,0.7052919999999999,-0.0369145
TEST_07086,3.06576,0.6608960000000002,0.38901349999999996
TEST_07087,1.2579365000000005,0.15989950000000006,-0.032662000000000004
TEST_07088,4.102275999999998,-1.8973324999999996,0.589879
TEST_07089,3.8870734999999996,-0.20234499999999997,0.0658595
TEST_07090,2.441786499999999,0.2988980000000001,0.16188650000000004
TEST_07091,2.9132105,-0.012011499999999984,0.6337924999999998
TEST_07092,4.880176500000001,1.3695435000000005,1.3265369999999996
TEST_07093,1.2872355,-0.16567750000000006,0.15575899999999998
TEST_07094,1.6885184999999998,0.42743699999999996,0.5822094999999998
TEST_07095,1.2257059999999997,0.06364049999999999,0.4017600000000001
TEST_07096,2.360769000000001,-0.8836420000000003,0.7659799999999999
TEST_07097,2.4131624999999994,1.4649285000000003,0.6399160000000002
TEST_07098,2.0488275000000007,1.4553365000000005,0.7088445000000001
TEST_07099,3.1646664999999996,-1.7004510000000002,-1.4273654999999998
TEST_07100,1.1613189999999998,-0.35722199999999993,0.18519849999999993
TEST_07101,3.405795000000001,-0.11443800000000007,0.6034644999999998
TEST_07102,1.2726489999999995,-0.6335410000000001,0.28471650000000004
TEST_07103,1.6615475000000002,-0.027483999999999998,-0.042220499999999994
TEST_07104,1.4559439999999997,0.135924,-0.007871000000000003
TEST_07105,2.9658130000000007,0.9469894999999999,-0.632602
TEST_07106,2.678537499999999,-0.5283455000000001,0.6971124999999998
TEST_07107,2.6622874999999997,0.7770444999999999,-0.7329459999999999
TEST_07108,2.4561319999999998,-0.11472950000000001,-0.057255
TEST_07109,3.9083179999999995,-0.9312100000000001,-0.4376225000000001
TEST_07110,3.5719424999999987,-1.105092,0.6703939999999999
TEST_07111,1.5837680000000005,0.6327395000000001,-0.1354665
TEST_07112,3.2285514999999987,0.8971279999999999,0.008747000000000001
TEST_07113,2.3769044999999993,0.8359255,-0.2339655
TEST_07114,1.7335440000000002,0.3859315,0.07061650000000001
TEST_07115,1.2043679999999997,-0.307844,-0.11870599999999998
TEST_07116,1.7373905000000005,0.098053,0.21585099999999996
TEST_07117,2.623632999999999,0.221177,-0.7015255000000002
TEST_07118,2.782749,-0.21500300000000006,-0.4977965000000001
TEST_07119,3.267535999999999,-1.87562,-0.4683795
TEST_07120,2.0674164999999993,-0.9888849999999999,-0.65805
TEST_07121,2.5185640000000014,-1.2715815000000001,-0.7185860000000002
TEST_07122,3.7096585,-1.2839505000000004,-0.06485350000000002
TEST_07123,1.4473564999999997,-0.49098600000000014,0.2598095
TEST_07124,2.4914324999999993,-0.16041549999999996,0.6106309999999999
TEST_07125,2.3821035000000004,-0.5224829999999998,0.25166199999999994
TEST_07126,5.225972999999998,0.6163315000000003,0.3853954999999999
TEST_07127,4.343185000000001,0.6451530000000001,0.008801000000000003
TEST_07128,5.164427,0.8902935000000003,-0.17433650000000006
TEST_07129,1.7999020000000003,0.065695,0.3008305000000001
TEST_07130,2.868984999999999,-0.37091050000000003,-0.39753950000000005
TEST_07131,1.8276745,0.3409304999999999,0.051559999999999995
TEST_07132,1.0460930000000004,-0.2511795,0.2843039999999999
TEST_07133,1.490586,0.2694820000000001,-0.11228449999999998
TEST_07134,1.4890095000000003,0.12412049999999997,0.23200149999999997
TEST_07135,2.0539665,-0.7897489999999998,0.2503355
TEST_07136,2.3093665000000003,-1.2302130000000004,0.105032
TEST_07137,4.277376499999999,-1.6341330000000003,-0.6854594999999999
TEST_07138,2.8920965000000005,0.6806495000000001,0.23854199999999998
TEST_07139,4.648246,-0.17969200000000002,1.2775124999999998
TEST_07140,2.822531499999999,0.39348500000000014,0.39802250000000006
TEST_07141,2.8933435000000003,-0.19333400000000003,-0.9598670000000002
TEST_07142,1.1369000000000002,-0.23119250000000008,0.23340699999999998
TEST_07143,1.4145614999999998,-0.17131199999999996,0.21991000000000008
TEST_07144,4.217825,-0.689978,0.19202849999999994
TEST_07145,4.052867000000001,0.6997929999999999,0.9989745000000001
TEST_07146,2.0785230000000006,0.17040500000000006,0.250773
TEST_07147,4.752809999999998,0.016449500000000006,0.018009999999999998
TEST_07148,3.4323020000000013,-0.490942,0.5514869999999998
TEST_07149,3.0282264999999993,-1.2351969999999999,0.557588
TEST_07150,4.910348500000001,0.584805,-1.0211665000000003
TEST_07151,1.5305294999999999,0.532929,0.1446095
TEST_07152,3.3229100000000003,1.1118350000000001,-0.26549049999999996
TEST_07153,3.290975500000001,0.4743045000000003,1.1024760000000002
TEST_07154,2.3383744999999987,0.16486099999999998,0.005545499999999998
TEST_07155,1.3824049999999999,0.26386849999999984,-0.15414300000000003
TEST_07156,2.992566,0.8703869999999999,0.5460725
TEST_07157,2.445056000000001,0.814308,0.44785600000000003
TEST_07158,2.7741645,0.08855500000000001,1.1469699999999996
TEST_07159,5.576169999999999,-1.086332,2.2522975
TEST_07160,2.1421970000000004,-0.41514699999999993,0.4883524999999999
TEST_07161,3.315128,0.3893025,1.0136355
TEST_07162,2.7727025,-1.6253325000000003,1.1723299999999997
TEST_07163,1.5269595000000002,1.3822620000000003,0.3784525000000001
TEST_07164,2.364271999999999,0.22144099999999994,0.0049899999999999944
TEST_07165,1.676542,-0.11026399999999997,0.19962200000000008
TEST_07166,1.6086954999999994,-0.6405904999999998,0.0515095
TEST_07167,1.8479285000000005,0.06757149999999999,-0.21777950000000001
TEST_07168,2.2147815000000004,0.6853454999999999,0.8525489999999998
TEST_07169,3.6641665000000003,0.275316,-0.015827499999999994
TEST_07170,1.8729195000000005,-0.195774,-0.3433165
TEST_07171,3.862121,-0.3097414999999999,-0.7240549999999998
TEST_07172,2.593975500000001,1.3826145,-0.18535850000000004
TEST_07173,0.9186859999999997,0.35530550000000005,-0.04183100000000002
TEST_07174,1.0832264999999994,-0.3840749999999999,-0.12883400000000006
TEST_07175,2.1661835,0.0037619999999999984,0.2854310000000001
TEST_07176,1.1872044999999996,0.06552950000000002,0.4836775
TEST_07177,2.58979,-0.05733450000000001,0.9504519999999999
TEST_07178,3.0975445,-0.21108700000000002,-0.9712225000000001
TEST_07179,3.410811,-1.5047154999999997,0.48180900000000004
TEST_07180,2.4479919999999993,0.513857,-0.7970199999999998
TEST_07181,1.0452010000000003,-0.037888000000000005,0.2342305
TEST_07182,1.8276235000000003,-0.11188500000000003,0.09857400000000002
TEST_07183,4.369383999999998,0.08816599999999995,0.5749174999999999
TEST_07184,2.873604,-0.1269865,0.013730000000000027
TEST_07185,2.7234949999999998,0.041186,1.1932290000000005
TEST_07186,2.6512124999999993,0.3197615000000001,-0.5092290000000003
TEST_07187,4.124392999999998,-0.17771150000000002,0.6703224999999998
TEST_07188,2.4214140000000004,-0.6765534999999999,0.2107385
TEST_07189,4.398076499999999,-1.1533804999999997,1.4031010000000004
TEST_07190,3.990453999999998,-1.5740045,1.4613155
TEST_07191,2.5189104999999996,-0.5076614999999999,-0.21642550000000008
TEST_07192,3.710313,1.3434894999999996,1.4652689999999997
TEST_07193,2.6952594999999997,1.288701,0.8655925
TEST_07194,2.5369005000000002,-0.17682600000000007,-0.42627399999999993
TEST_07195,2.0801934999999996,-0.7013555000000001,0.3273670000000002
TEST_07196,1.9237415000000002,1.3290314999999997,-0.30654650000000006
TEST_07197,2.4831905,0.2891269999999999,-0.26357149999999996
TEST_07198,3.6302885000000007,-1.2503194999999994,1.1874864999999997
TEST_07199,3.597564,-1.3506670000000003,0.9065644999999998
TEST_07200,4.086501499999999,-0.0729855,0.5781519999999998
TEST_07201,3.8099409999999994,-0.5540165000000001,1.1706040000000002
TEST_07202,1.0175445,-0.3368425,0.460727
TEST_07203,2.1336049999999993,1.4193365000000002,0.09326399999999999
TEST_07204,2.4185949999999994,-0.5042260000000001,-0.157864
TEST_07205,2.7385064999999993,0.93778,-0.40857850000000007
TEST_07206,3.6272220000000006,0.2393245,-0.34583499999999995
TEST_07207,2.1903235,-0.37647249999999993,-0.6875379999999999
TEST_07208,5.671759999999999,0.1072615,-0.4109800000000001
TEST_07209,2.1196254999999997,-0.6693040000000002,0.004747999999999999
TEST_07210,2.6972545,0.504122,0.08371000000000003
TEST_07211,4.43782,-0.46017949999999996,0.07959050000000001
TEST_07212,0.8796305,-0.4996259999999998,-0.26217
TEST_07213,1.5342800000000003,0.23453299999999985,0.07906599999999997
TEST_07214,1.838584,-1.3330695,0.40581
TEST_07215,4.0616185,1.2240634999999997,-1.3450794999999998
TEST_07216,1.8599015,0.05292249999999999,-1.0270635000000001
TEST_07217,3.229028499999999,-0.23941850000000003,0.9481175000000002
TEST_07218,1.27711,0.7828904999999997,-0.4610804999999999
TEST_07219,2.210432,-0.9227905000000001,-0.24647
TEST_07220,1.8819265000000003,-0.647324,-0.030306000000000007
TEST_07221,3.4027915,-0.27365549999999994,-1.1470774999999995
TEST_07222,1.3435844999999995,0.5098739999999999,-0.13257000000000002
TEST_07223,3.9699819999999995,-0.32444800000000007,0.577214
TEST_07224,2.803273,0.4713724999999999,0.9836774999999998
TEST_07225,3.563813,0.8218204999999998,0.7341915000000001
TEST_07226,3.3788355,0.7334669999999999,-0.1061725
TEST_07227,4.435704500000001,-0.34702299999999997,-0.08743999999999998
TEST_07228,2.1877174999999998,0.643101,0.1208595
TEST_07229,2.916016000000001,-1.2617314999999998,-0.8554050000000001
TEST_07230,2.9167299999999994,0.18782500000000005,-0.606768
TEST_07231,1.9123430000000003,0.31594500000000003,-0.07030749999999998
TEST_07232,3.358279499999999,-1.0801140000000002,1.5930795
TEST_07233,2.7652080000000003,0.406736,1.0030255
TEST_07234,1.9697560000000003,0.37828750000000005,0.2758505
TEST_07235,2.0019089999999995,-0.7150779999999999,0.36946199999999996
TEST_07236,2.825663499999999,-1.143177,-0.46790500000000007
TEST_07237,2.658742,0.4342710000000001,0.5243595
TEST_07238,3.6354545000000007,0.833459,-0.2079275
TEST_07239,4.318074000000001,1.5584160000000005,-0.9123435
TEST_07240,2.4971780000000003,-1.8467824999999998,-0.9746305
TEST_07241,4.206000000000001,1.5092955,0.7428295
TEST_07242,2.8190800000000005,-1.0337295,-0.8419920000000003
TEST_07243,3.977713,0.28985049999999996,0.248512
TEST_07244,3.233247999999999,0.052517,0.6242945000000003
TEST_07245,2.367150500000001,-0.047551500000000003,-0.7378434999999999
TEST_07246,4.701719000000001,0.43769100000000005,-0.9246485000000002
TEST_07247,1.4641094999999997,-0.09853749999999994,-0.23989600000000003
TEST_07248,1.7737459999999996,0.6618739999999999,0.11186700000000004
TEST_07249,3.5496285000000007,0.5428455000000001,0.13236400000000004
TEST_07250,1.8195394999999999,0.44024150000000006,-0.1417345
TEST_07251,1.5423584999999997,-0.0551065,0.2685085
TEST_07252,2.476207500000001,-1.330895,-0.732948
TEST_07253,1.0780865,0.09466250000000001,0.13591549999999997
TEST_07254,3.7065785,1.2293510000000005,-0.38612999999999986
TEST_07255,2.2032635,-0.8999305000000001,-0.060212
TEST_07256,3.237858,0.6782605000000002,-0.5188874999999998
TEST_07257,3.847972500000001,0.8263315000000002,2.023384000000001
TEST_07258,4.094346,0.5891979999999999,-0.358911
TEST_07259,1.1751894999999999,-0.19299700000000009,-0.46149400000000007
TEST_07260,3.0438605,0.6037004999999999,0.5084825000000002
TEST_07261,2.8362795000000007,0.016937499999999998,0.28988099999999994
TEST_07262,1.826711,-0.13160900000000003,-0.32817849999999993
TEST_07263,3.0853054999999996,-1.0520930000000002,0.5613589999999999
TEST_07264,2.7123444999999995,0.04363099999999996,0.263586
TEST_07265,2.0260249999999997,0.052502500000000014,-0.4458010000000001
TEST_07266,1.909386,-0.054658499999999985,-0.44142100000000006
TEST_07267,2.0158540000000005,0.3584614999999999,-0.031742
TEST_07268,2.668341,0.7489064999999999,0.5912879999999998
TEST_07269,4.814329000000002,0.255993,1.2304455
TEST_07270,1.803067,-0.22249799999999995,-0.22259700000000007
TEST_07271,2.1300679999999987,-0.41978499999999985,-0.14840049999999996
TEST_07272,1.17524,0.3964770000000001,-0.508556
TEST_07273,1.9287074999999994,-0.4828794999999999,-0.43967849999999997
TEST_07274,3.6089320000000003,0.3632525000000001,-0.4968259999999999
TEST_07275,1.9542274999999998,-0.8576744999999999,0.3324015000000001
TEST_07276,1.3859105000000003,0.9130500000000001,0.4544069999999999
TEST_07277,2.1960120000000014,0.12018100000000007,0.665521
TEST_07278,2.8526735,0.8675994999999999,1.106681
TEST_07279,5.2803115,-1.3972829999999998,-0.5266004999999998
TEST_07280,1.5306155000000001,0.34010249999999986,-0.006292000000000001
TEST_07281,4.8523415,-0.36472199999999994,0.548657
TEST_07282,2.1349789999999995,0.3083219999999999,-0.6656084999999998
TEST_07283,1.0476209999999997,0.7082755,-0.12209599999999994
TEST_07284,2.6366129999999997,-0.36366950000000003,0.08134449999999999
TEST_07285,1.7754005,0.34992900000000005,0.17001549999999999
TEST_07286,2.0550349999999997,0.45492199999999994,-0.4143200000000001
TEST_07287,4.7349225,1.5210790000000003,-0.8962535
TEST_07288,5.9876555,-0.9626529999999998,1.680962
TEST_07289,3.833494999999999,0.30846950000000006,1.1605784999999997
TEST_07290,2.0319870000000004,0.19080399999999997,0.4201055000000001
TEST_07291,3.9155690000000005,0.38515350000000004,0.9550040000000004
TEST_07292,5.014021999999998,0.4075994999999999,-0.7696670000000001
TEST_07293,2.8098215,0.12059399999999998,0.16368849999999993
TEST_07294,1.7770935,1.1507284999999996,0.3398405
TEST_07295,2.712440999999999,0.39174300000000006,-0.30884849999999997
TEST_07296,2.5463374999999995,0.5869880000000002,-0.6544560000000003
TEST_07297,3.6787610000000006,-0.338293,0.37764949999999997
TEST_07298,5.7765045000000015,1.531428,1.783636
TEST_07299,1.3712155000000001,-0.22801699999999997,-0.18074700000000005
TEST_07300,1.9595485,0.33296499999999996,0.5044369999999999
TEST_07301,1.0958229999999998,-0.028793000000000003,0.320364
TEST_07302,1.5671560000000004,0.16144000000000003,-0.07115199999999999
TEST_07303,1.8541969999999999,-0.13793149999999993,0.5637544999999997
TEST_07304,1.1574330000000002,-0.22751399999999994,0.29775299999999993
TEST_07305,3.2332735,-1.423665,1.95926
TEST_07306,2.0005845000000004,0.2755285000000002,-0.17259350000000007
TEST_07307,3.054638500000001,-0.4435990000000001,-0.9374395000000002
TEST_07308,3.2124224999999997,0.31071899999999997,-0.028546499999999995
TEST_07309,4.474986000000002,-1.2888194999999998,1.3045135
TEST_07310,3.7803560000000003,0.3434500000000001,-0.5386345000000002
TEST_07311,2.199916,0.820119,-0.5352495000000002
TEST_07312,2.917176,-0.7904949999999997,-0.9062819999999998
TEST_07313,2.215625500000001,-0.42665049999999993,0.227333
TEST_07314,1.5873275,-0.33923699999999996,0.0893805
TEST_07315,0.8887040000000002,0.137704,-0.14668899999999996
TEST_07316,2.1111650000000006,-0.6211089999999999,0.044100999999999994
TEST_07317,1.9132025000000004,-0.6770794999999998,0.4069845000000001
TEST_07318,1.9707949999999999,-0.8028309999999999,-0.3059975
TEST_07319,5.704063,0.5868359999999999,0.5334180000000004
TEST_07320,3.6617735,-1.3256360000000003,-0.649891
TEST_07321,3.1081675000000004,0.22684600000000002,-0.31213800000000014
TEST_07322,3.5402620000000002,-1.7999829999999999,0.6895335
TEST_07323,2.5678435000000004,-0.9379824999999999,0.9560949999999999
TEST_07324,1.6914829999999998,0.104712,0.14326900000000004
TEST_07325,1.3528904999999996,0.33062,0.26579449999999993
TEST_07326,3.1564025,0.4067955,0.6072704999999998
TEST_07327,2.3957410000000006,1.2526264999999994,0.2585664999999999
TEST_07328,4.510744000000002,-0.16136850000000003,-0.9270365
TEST_07329,4.1086005,0.0323475,-0.305674
TEST_07330,1.3666965000000002,0.1307735,0.29903650000000004
TEST_07331,2.868573500000001,0.289328,0.2547875
TEST_07332,2.6617469999999996,1.625475,-0.7980735
TEST_07333,1.9676285000000004,-0.27007749999999997,0.3146795
TEST_07334,2.3074160000000012,0.23693750000000005,0.8616919999999999
TEST_07335,3.620903,0.7974914999999998,0.39263400000000004
TEST_07336,2.1263365000000003,-0.06091549999999999,-0.20347850000000003
TEST_07337,2.0739644999999993,0.2520835,-0.24638100000000007
TEST_07338,1.7465069999999996,1.3016790000000005,0.30346249999999997
TEST_07339,3.1537235000000003,-0.8240974999999999,1.0086824999999997
TEST_07340,1.665467,0.247842,-0.16205199999999997
TEST_07341,1.1223215000000004,-0.5347035,0.08527400000000002
TEST_07342,2.0098645,-0.8424695,-0.762972
TEST_07343,1.346946,0.07643200000000003,-0.358934
TEST_07344,3.2773035000000004,0.16188999999999992,0.08639049999999997
TEST_07345,3.1443630000000002,0.0170325,0.020349
TEST_07346,1.6976215000000006,-0.7425870000000001,0.41212600000000005
TEST_07347,3.0320080000000003,0.21748699999999999,0.9144379999999998
TEST_07348,1.6678389999999998,0.17447900000000005,0.1247665
TEST_07349,2.4623175,-1.4128529999999997,0.6102130000000001
TEST_07350,4.477903499999998,-0.22007049999999995,0.80016
TEST_07351,1.5610420000000005,0.5432200000000001,0.23947649999999993
TEST_07352,1.1923354999999995,-0.47782149999999995,-0.3650780000000001
TEST_07353,1.9889750000000006,-0.09120349999999999,0.3328625
TEST_07354,3.0086245000000007,-0.44535149999999996,0.0765905
TEST_07355,1.7101874999999997,0.044102,0.131531
TEST_07356,1.9185719999999997,-0.3649909999999999,0.05676750000000001
TEST_07357,2.4855975000000003,-0.49661899999999987,0.35644699999999996
TEST_07358,1.8730194999999998,0.18948350000000003,0.34058850000000007
TEST_07359,5.7967949999999995,-0.9548445000000001,0.7843184999999999
TEST_07360,2.7183834999999994,1.2570934999999996,-0.15603799999999998
TEST_07361,2.3523000000000005,1.4437849999999997,-0.733358
TEST_07362,0.8545879999999999,0.514647,0.3199835
TEST_07363,3.450349,0.7184444999999998,-0.09066799999999997
TEST_07364,2.3547744999999995,-0.34495700000000007,0.5019955
TEST_07365,2.6554859999999993,-0.8506805000000001,-0.46503549999999994
TEST_07366,4.428030999999999,-1.1653470000000001,1.108225
TEST_07367,3.2286565000000005,-1.5136579999999997,0.09663100000000001
TEST_07368,1.9673874999999998,-0.34360250000000003,-0.25240899999999994
TEST_07369,1.7023619999999997,-0.4577225,-0.17267
TEST_07370,1.9898625000000003,0.29146800000000006,-0.05385400000000002
TEST_07371,2.316729500000001,0.19009999999999994,0.1804205
TEST_07372,3.5056455,1.2872065000000004,-1.3050935
TEST_07373,1.393291,-0.5819470000000001,0.36269899999999994
TEST_07374,2.7513690000000004,1.4901579999999999,-0.09989300000000001
TEST_07375,3.430466,0.8825674999999998,0.464394
TEST_07376,1.8417169999999998,-0.052917500000000006,-0.6990935
TEST_07377,1.447803,0.37219900000000006,0.8086409999999998
TEST_07378,1.2833940000000004,0.7238659999999999,-0.211805
TEST_07379,4.325147,1.5223895000000003,1.3674529999999998
TEST_07380,1.8547304999999998,0.326809,-0.3045195
TEST_07381,2.4088489999999996,0.27139,0.11418150000000002
TEST_07382,1.6082394999999996,0.03169650000000001,0.1051785
TEST_07383,2.044003,0.546554,0.09137749999999999
TEST_07384,2.671969499999999,-0.32125,-0.8149029999999999
TEST_07385,3.3754535,-0.2963440000000001,0.2861895
TEST_07386,2.6818299999999997,-0.15180900000000006,-0.9053059999999999
TEST_07387,2.290832,-0.07870950000000002,-0.687368
TEST_07388,1.9001565000000005,-0.020362999999999992,0.23148749999999996
TEST_07389,1.2925475,-0.5933650000000003,-0.6737724999999999
TEST_07390,3.8968134999999995,0.8899135,-0.7966519999999997
TEST_07391,2.1837280000000003,-0.6110715000000001,-0.24931649999999997
TEST_07392,2.233556,0.32282549999999993,0.041163500000000006
TEST_07393,2.5306384999999993,0.0016320000000000032,-0.19856199999999996
TEST_07394,1.7099315000000006,-0.351969,-0.2593154999999999
TEST_07395,1.5277455000000002,0.43228500000000003,0.1267945
TEST_07396,2.6766560000000004,1.1174275000000002,0.7263029999999999
TEST_07397,3.0054520000000005,0.14740799999999993,0.5522265000000002
TEST_07398,3.59117,1.8009949999999995,0.562779
TEST_07399,5.485688999999999,-0.7600395,0.7909789999999999
TEST_07400,4.2210515000000015,1.7464110000000002,0.9254199999999999
TEST_07401,1.3146080000000002,1.0032044999999996,-0.19506249999999997
TEST_07402,2.371828499999999,1.1494505000000004,-0.4245479999999999
TEST_07403,2.572520999999999,0.29122499999999996,0.9185985000000001
TEST_07404,1.1592884999999997,0.25529199999999996,-0.107271
TEST_07405,2.1175985000000006,-0.08552999999999997,0.2846765
TEST_07406,4.391094500000001,1.190671,1.1901880000000002
TEST_07407,4.637146499999998,-0.9009899999999997,0.8973544999999998
TEST_07408,5.637094000000001,0.984,0.40889650000000005
TEST_07409,2.6061755,-0.18687000000000006,0.07131799999999999
TEST_07410,2.9406630000000002,-0.30285000000000006,-0.2528325
TEST_07411,2.4243654999999995,-0.07092999999999999,0.5621309999999999
TEST_07412,2.8592069999999996,0.4808425000000001,-0.417459
TEST_07413,1.0640429999999996,0.22104050000000003,0.18412550000000005
TEST_07414,1.2174345,-0.6884565,-0.25436250000000005
TEST_07415,2.1708,-0.7011759999999998,-0.07969749999999998
TEST_07416,2.5325204999999986,-1.1310274999999999,0.3323285
TEST_07417,3.2534914999999995,-0.3030595,0.9916419999999996
TEST_07418,1.8815255000000004,1.1421550000000003,-0.9070230000000002
TEST_07419,3.4188565000000004,-1.5181154999999993,0.9652695000000002
TEST_07420,2.362517499999999,-0.8980499999999999,-0.12149049999999997
TEST_07421,3.103081499999999,-0.05349600000000001,0.12942900000000004
TEST_07422,1.4814254999999998,-0.198695,0.10076000000000002
TEST_07423,1.3741149999999998,0.00028399999999999866,0.4733839999999999
TEST_07424,1.9963674999999999,0.2835815000000001,0.8774755000000003
TEST_07425,4.2003900000000005,0.017020000000000007,1.5075055000000002
TEST_07426,2.538525999999999,-0.27737,-0.13227150000000004
TEST_07427,2.2507615,-0.251928,0.06510950000000001
TEST_07428,2.9296395000000004,-0.042067999999999994,0.03128400000000003
TEST_07429,0.799514,0.245507,-0.013799
TEST_07430,2.685638999999999,-0.5756140000000001,0.8881160000000001
TEST_07431,1.9116924999999998,-0.9575700000000003,0.021488
TEST_07432,2.0101085,-0.15025150000000004,-0.31859650000000006
TEST_07433,3.0917354999999995,-0.066098,0.5712315
TEST_07434,2.0346745,-0.647386,0.298122
TEST_07435,2.0221465,0.129405,0.11441099999999998
TEST_07436,1.2585479999999998,0.2569244999999999,0.125619
TEST_07437,2.6455694999999997,0.5673339999999999,0.16457299999999994
TEST_07438,3.4919235000000004,-1.7705669999999998,0.22984999999999994
TEST_07439,3.790452,-0.2919599999999999,-0.7413205
TEST_07440,2.431665499999999,-1.5549100000000005,-0.4326825
TEST_07441,4.533769499999999,0.7859080000000002,-0.9846739999999999
TEST_07442,1.9468779999999997,-1.4737080000000002,0.6395399999999998
TEST_07443,3.4611054999999995,1.5172905,-0.42386799999999997
TEST_07444,1.7964529999999996,-0.146289,0.5444714999999999
TEST_07445,1.3181509999999994,0.5184245000000001,0.32716449999999997
TEST_07446,4.121646999999999,0.7768269999999999,0.8459144999999999
TEST_07447,4.393678999999999,-0.749077,-0.005556499999999996
TEST_07448,4.710520499999999,1.3396834999999996,1.0261955
TEST_07449,4.111488500000002,0.25773749999999995,0.8643834999999999
TEST_07450,1.6892215,0.029960000000000032,-0.32610649999999997
TEST_07451,4.314359499999999,-0.3520875000000001,-0.9112500000000002
TEST_07452,4.393463000000002,1.1784094999999999,1.3760250000000005
TEST_07453,3.098697500000001,-0.417177,0.15835950000000001
TEST_07454,2.181204999999999,0.775109,0.18692199999999998
TEST_07455,3.024891,0.9304739999999999,-0.03212250000000001
TEST_07456,2.8230130000000004,1.0314925000000001,1.5963595000000004
TEST_07457,1.4574024999999997,-0.4551464999999999,-0.048190500000000004
TEST_07458,2.9803810000000004,-0.25147250000000004,-0.9497970000000002
TEST_07459,2.912170999999999,0.40406600000000004,0.04688849999999997
TEST_07460,1.592374,-0.3129489999999999,0.28179200000000004
TEST_07461,2.7682754999999997,-0.4706154999999999,-0.8800780000000001
TEST_07462,1.8596495,-0.49508749999999996,-0.3212569999999999
TEST_07463,2.3723105,-0.5854615000000002,-0.08587550000000002
TEST_07464,2.0066449999999993,0.11184550000000001,-0.0006674999999999995
TEST_07465,1.3108885000000003,0.3136340000000001,-0.3724479999999999
TEST_07466,1.9586065000000001,-0.09706700000000001,0.378843
TEST_07467,3.4064115,0.5013545000000001,0.5177099999999999
TEST_07468,2.1189660000000012,0.101823,0.5408740000000001
TEST_07469,4.392869,-0.15244049999999998,0.9944385000000003
TEST_07470,1.5005049999999995,-0.041386500000000014,0.42078250000000006
TEST_07471,1.6565295000000004,-0.7080690000000001,0.011123000000000004
TEST_07472,2.745717,-1.0206195000000005,-0.18100850000000002
TEST_07473,4.226982999999999,0.26648399999999994,-0.38988049999999985
TEST_07474,2.4796424999999997,0.28435900000000014,0.0829395
TEST_07475,1.5015575,0.44172399999999995,-0.025718500000000005
TEST_07476,2.5144045000000004,0.7508015000000001,0.6951340000000001
TEST_07477,3.042216500000001,0.33234850000000005,-0.0943145
TEST_07478,2.2396595,-1.1813964999999997,-0.21022700000000002
TEST_07479,5.6077829999999995,-0.280856,-0.2949375000000001
TEST_07480,4.2628150000000025,1.9202335,-0.8955635
TEST_07481,4.255934999999999,-1.2081925000000004,0.411805
TEST_07482,1.013082,0.02868,0.5202419999999999
TEST_07483,3.8705045,-0.368529,1.1306490000000002
TEST_07484,3.0244055000000007,0.05043149999999999,1.3730669999999998
TEST_07485,1.41801,0.14610299999999998,-0.4075295
TEST_07486,3.4169839999999994,-0.462261,0.6597035000000001
TEST_07487,4.3884039999999995,0.8406195000000001,0.537836
TEST_07488,4.258972,-2.1195635,-0.16776049999999998
TEST_07489,3.637148,0.4934154999999999,0.8960995
TEST_07490,1.3343715,-0.5433009999999998,-0.27527250000000003
TEST_07491,2.7572539999999996,-0.6180415000000001,-0.9899585
TEST_07492,4.62026,0.18321949999999998,-0.5640749999999999
TEST_07493,2.1238655,0.12497649999999999,-0.15758049999999998
TEST_07494,1.6147324999999995,0.5206664999999999,0.38954849999999996
TEST_07495,2.0113950000000003,-1.1357195000000004,-0.13097150000000005
TEST_07496,2.1579995,-0.41108599999999995,1.0143865
TEST_07497,3.9667130000000004,-0.4864725000000001,-0.38960549999999994
TEST_07498,3.8891965,-1.3531955000000004,0.021334999999999993
TEST_07499,2.2655200000000004,-0.014502000000000004,-0.1356155
TEST_07500,1.3971254999999996,-0.4371400000000001,0.053335499999999994
TEST_07501,3.599503,-0.5859295000000002,-0.8132424999999999
TEST_07502,1.204085,-0.3984765,-0.3603119999999999
TEST_07503,1.5651175,0.3528205,-0.5062310000000001
TEST_07504,4.345041500000001,-0.07094850000000003,1.2261915
TEST_07505,5.121259000000001,-0.4731295000000001,-0.18528799999999998
TEST_07506,2.0921235000000005,-0.3674155000000001,-0.9649710000000002
TEST_07507,3.7470865,0.0154595,-0.21717250000000002
TEST_07508,2.2375385000000003,-0.3073245,0.323295
TEST_07509,4.02372,-1.5819200000000004,1.0806614999999997
TEST_07510,2.461376500000001,-0.4703065000000002,-0.7681439999999998
TEST_07511,2.76072,-0.5689850000000001,-0.4194675000000001
TEST_07512,3.800331,0.8044385000000001,2.0974394999999992
TEST_07513,2.408188,-0.8861005,0.19522150000000005
TEST_07514,2.463736000000001,0.259814,0.04629399999999999
TEST_07515,1.8220219999999998,-0.07184250000000006,0.31822950000000005
TEST_07516,3.5658415000000003,-0.03662199999999999,-0.39131299999999997
TEST_07517,3.0121645,-0.056687,0.7747305
TEST_07518,2.693234,1.3722309999999998,-0.01321149999999999
TEST_07519,5.6538425,0.5391885000000001,0.061236000000000006
TEST_07520,4.162444999999999,0.1977315,0.2423365000000001
TEST_07521,3.1682124999999997,2.0235934999999996,0.6364565000000001
TEST_07522,3.660096,-0.028899999999999995,0.192763
TEST_07523,2.1673669999999996,-1.1406939999999999,0.3616609999999999
TEST_07524,1.9536829999999998,-0.466982,-0.5672324999999997
TEST_07525,2.0317600000000007,-0.02753600000000001,-0.6501544999999997
TEST_07526,2.649707999999999,-0.7175234999999998,-0.455984
TEST_07527,4.085538999999999,0.498009,0.167273
TEST_07528,4.9450994999999995,0.9862084999999998,-0.873054
TEST_07529,3.1212545000000005,0.20506199999999997,-0.15345000000000006
TEST_07530,2.62385,0.402332,0.2219564999999999
TEST_07531,3.5087319999999984,-0.6649510000000003,-0.7742420000000002
TEST_07532,3.575303499999999,-0.061438500000000014,1.5949935000000002
TEST_07533,1.1016949999999999,-0.15144799999999997,0.10345100000000002
TEST_07534,2.9980329999999986,0.5781700000000003,0.019291500000000003
TEST_07535,1.725431,-0.9152315000000002,0.042349499999999984
TEST_07536,2.394635499999999,-1.0076404999999995,0.9343995
TEST_07537,2.235536999999999,0.6506165,0.0604325
TEST_07538,3.9814694999999993,1.2797630000000004,1.4396555000000002
TEST_07539,2.450793,0.2330789999999999,-0.7795590000000001
TEST_07540,2.7038534999999992,-0.5451840000000003,0.2435385
TEST_07541,2.7227085000000004,-0.074041,0.29752049999999985
TEST_07542,1.492885,-0.20310850000000008,0.2896475000000001
TEST_07543,1.6008524999999996,-0.8470255000000001,-0.0040455000000000005
TEST_07544,3.202286,-0.1415615,0.09570699999999997
TEST_07545,3.299584,-0.129629,1.0357950000000002
TEST_07546,2.600781500000001,0.16937949999999996,0.013686999999999998
TEST_07547,2.929863499999999,0.489939,-0.4963229999999999
TEST_07548,3.2416099999999997,0.07928349999999998,-0.13201799999999997
TEST_07549,4.154963,-1.3297800000000006,0.2848075
TEST_07550,2.503907,-1.3661464999999997,-0.4924140000000001
TEST_07551,1.2565085000000003,-0.12563049999999998,0.011934499999999997
TEST_07552,3.3840945000000007,1.6304029999999996,-0.4601609999999999
TEST_07553,3.620204,-1.9067935,-1.0590250000000005
TEST_07554,1.863537,-0.47458649999999986,0.10539700000000002
TEST_07555,1.8310355,-0.8679944999999998,-0.6673995000000001
TEST_07556,1.9838330000000004,-0.3567249999999999,0.21312100000000006
TEST_07557,2.647043499999999,-0.9056259999999998,0.048849000000000004
TEST_07558,2.1882945,-0.0023355000000000008,-0.21054749999999997
TEST_07559,4.898819,-0.3897005,-0.10889450000000006
TEST_07560,4.377922000000002,-0.9373969999999996,0.778554
TEST_07561,4.694495,1.4946245,1.0356675000000002
TEST_07562,2.2930414999999993,-1.7158165000000003,-0.7488164999999998
TEST_07563,3.8855845,0.902058,-1.3501575
TEST_07564,2.4591975,0.06517250000000001,0.9374270000000001
TEST_07565,1.2425015000000001,0.192717,0.015463000000000003
TEST_07566,4.842351000000001,0.5850815,1.2101375
TEST_07567,3.149689500000001,-0.24310549999999995,-0.6311949999999998
TEST_07568,1.4404254999999995,-0.8018980000000001,0.3407175000000001
TEST_07569,3.8975410000000004,0.069106,-0.6898095000000002
TEST_07570,2.4368710000000005,-0.7278225,-1.0257779999999999
TEST_07571,3.2750995,-0.28824549999999993,0.407849
TEST_07572,3.5145124999999995,-0.8660940000000001,-0.6485374999999999
TEST_07573,2.2631444999999992,0.081588,-0.164479
TEST_07574,2.1709639999999997,1.0708555000000004,-0.3219389999999999
TEST_07575,3.9165365,0.7652844999999999,-0.23037799999999997
TEST_07576,1.6207295,0.6792069999999999,0.412365
TEST_07577,3.7542264999999992,-0.7775335000000001,0.5966930000000001
TEST_07578,1.406436,1.4043194999999997,0.5336510000000003
TEST_07579,3.809524000000001,-0.09157900000000004,-0.7521934999999997
TEST_07580,3.2771629999999994,-0.43533349999999993,0.8521559999999997
TEST_07581,0.9397435000000001,-0.29482850000000005,-0.05904099999999998
TEST_07582,1.3440435000000002,0.5924090000000002,-0.17120450000000004
TEST_07583,4.393615499999999,0.6251435,0.9107290000000001
TEST_07584,0.9239135,0.36858499999999994,0.0149235
TEST_07585,2.9301695,1.2207460000000003,0.8914245000000001
TEST_07586,2.3185399999999996,0.1851355,-0.460551
TEST_07587,1.4641594999999994,0.062159500000000006,0.07433749999999997
TEST_07588,3.0093745000000003,0.18736650000000005,-0.397815
TEST_07589,3.724175500000001,-0.8604149999999997,1.0250790000000003
TEST_07590,3.005560000000001,0.9058005000000002,0.4854174999999999
TEST_07591,1.5338120000000002,-0.9703800000000001,-0.17611900000000003
TEST_07592,2.996066000000001,1.4422085,1.3671754999999997
TEST_07593,3.345664,-0.5432895,0.8712105
TEST_07594,2.2398464999999996,0.35113099999999997,-0.02330449999999997
TEST_07595,2.3173134999999996,0.5500389999999997,0.6443425
TEST_07596,3.6136880000000002,-1.3419225,-0.467958
TEST_07597,2.979924000000001,-0.23919500000000005,0.5744565000000001
TEST_07598,2.9014469999999997,-1.165413,-0.4830805000000001
TEST_07599,4.8121160000000005,0.6912084999999999,0.21812700000000002
TEST_07600,1.9670109999999998,0.24791349999999998,0.08441249999999997
TEST_07601,2.839569000000001,-0.5505615,0.878819
TEST_07602,3.327308,-0.1501800000000001,0.43602450000000004
TEST_07603,2.8109064999999993,-0.600975,-1.3244625
TEST_07604,1.4113385000000005,0.1591905,-0.176859
TEST_07605,2.3958645,0.49220250000000004,-0.7252344999999998
TEST_07606,2.1360395,0.13290649999999998,-0.31946850000000004
TEST_07607,4.703848000000001,0.864117,1.1971724999999998
TEST_07608,1.3872159999999998,0.7168590000000001,0.33790249999999994
TEST_07609,2.150967,0.7072440000000001,0.13319749999999994
TEST_07610,3.2045135,-0.47494149999999996,0.6087805000000002
TEST_07611,1.3387915000000001,0.10243250000000005,0.2180979999999999
TEST_07612,3.2081615,0.9585454999999998,-1.1992754999999997
TEST_07613,1.3954904999999995,-0.389107,-0.045007499999999985
TEST_07614,3.6381255,0.8967639999999998,0.3132769999999999
TEST_07615,1.4990179999999997,0.15239000000000003,-0.015231000000000001
TEST_07616,1.7145805,-0.5428625,-0.6552514999999999
TEST_07617,3.0366004999999996,-0.5871465,0.8003260000000001
TEST_07618,1.8613184999999999,-0.9471145000000001,-0.5417885
TEST_07619,3.4010239999999996,-0.05219100000000001,-0.04534699999999999
TEST_07620,1.5561585,-0.11243949999999998,0.3842489999999999
TEST_07621,2.421536999999999,0.05578950000000002,0.15953600000000007
TEST_07622,2.0796555,-0.7750764999999998,0.7441685
TEST_07623,2.3710945,0.26222999999999996,-0.5669995000000001
TEST_07624,3.2194439999999993,-0.064369,0.045112
TEST_07625,1.5771405000000003,0.8585209999999999,-0.249212
TEST_07626,3.5769389999999994,-0.6525099999999997,-1.1460645
TEST_07627,2.1347484999999997,-0.42453450000000015,0.29223450000000006
TEST_07628,2.6043280000000006,-0.3915975000000001,0.053652500000000006
TEST_07629,4.521940500000001,-1.8694845,1.7572259999999997
TEST_07630,4.373886000000001,0.4506445,1.6567940000000003
TEST_07631,1.6186395,-0.123461,-0.01792050000000001
TEST_07632,1.9691815,-0.9118085000000002,-0.128125
TEST_07633,3.4259275000000002,1.4804770000000005,0.08056150000000001
TEST_07634,3.1289800000000003,0.5159504999999998,-0.13848
TEST_07635,1.2988150000000005,-0.010929999999999999,0.4228805000000001
TEST_07636,4.702226499999998,-1.7172825000000005,-0.40429250000000005
TEST_07637,1.6394104999999997,0.45311150000000017,0.117336
TEST_07638,1.5391940000000004,-0.40991500000000014,0.5654520000000001
TEST_07639,5.140172,-1.0080835000000001,-0.2981574999999999
TEST_07640,1.3374865000000002,0.6588559999999999,-0.19076149999999997
TEST_07641,4.945127,2.0555829999999986,0.7384005
TEST_07642,2.5277900000000004,0.2955684999999999,-0.44252199999999986
TEST_07643,4.079915999999999,-0.9933960000000001,-1.2897200000000002
TEST_07644,2.0395054999999997,0.18488900000000005,0.062188999999999994
TEST_07645,0.8288705000000001,-0.25165550000000003,-0.127994
TEST_07646,4.684780000000002,1.1447565000000002,-0.5663120000000001
TEST_07647,4.695020999999999,1.3409720000000003,0.755219
TEST_07648,1.9207140000000003,-0.8430664999999999,0.12219149999999998
TEST_07649,4.531514,-0.4545835000000001,-0.5887290000000001
TEST_07650,0.8006834999999999,-0.15215850000000003,-0.0473655
TEST_07651,1.7527470000000003,0.36863349999999995,-0.28594949999999997
TEST_07652,3.3892305000000005,1.1372339999999999,0.6247629999999998
TEST_07653,1.7060694999999997,-0.39234250000000004,-0.04158049999999999
TEST_07654,2.9710174999999994,0.17932249999999994,-0.6514795
TEST_07655,3.2699564999999997,-0.1705795,-0.44460749999999993
TEST_07656,1.4108229999999997,0.22419099999999997,0.41285000000000005
TEST_07657,2.468208500000001,0.7324174999999998,0.3205570000000001
TEST_07658,3.7087535000000003,-0.45845899999999995,-0.2982325
TEST_07659,3.205706000000001,-1.4814224999999999,-1.2636705
TEST_07660,1.5847685,-0.45124800000000015,0.259488
TEST_07661,2.962692500000001,0.291458,0.9117264999999999
TEST_07662,1.9305715,-0.372046,0.6541055000000001
TEST_07663,1.278276,-0.209509,0.014965000000000003
TEST_07664,2.7243684999999997,0.269537,0.638878
TEST_07665,5.4409860000000005,-0.41446650000000007,-0.6019869999999999
TEST_07666,2.7324649999999995,-0.10139700000000001,-0.8382399999999999
TEST_07667,2.2538474999999996,-0.22184999999999985,0.7955895
TEST_07668,1.6094145000000002,-0.5301760000000001,0.25764650000000006
TEST_07669,2.280220000000001,-0.3702065000000001,1.3492640000000002
TEST_07670,4.5170889999999995,0.6703439999999998,0.7932824999999999
TEST_07671,3.0350590000000004,0.42532500000000006,-0.14253550000000004
TEST_07672,1.8792680000000002,-0.9426715000000001,0.15049649999999998
TEST_07673,3.954867000000001,0.22191349999999999,0.8848895
TEST_07674,2.7763625000000003,0.3266525,0.009383500000000003
TEST_07675,2.366054999999999,-1.0812359999999999,1.1020655000000001
TEST_07676,3.9117384999999993,1.1239365000000001,0.6084155
TEST_07677,2.4419790000000012,-0.3053135,0.30391100000000004
TEST_07678,1.7490655000000004,-0.9209685000000001,-0.922434
TEST_07679,3.2468115,-1.0776879999999998,-1.054745
TEST_07680,1.9362144999999997,1.7146280000000003,-0.803113
TEST_07681,2.784259499999999,1.3659190000000003,-0.23288249999999994
TEST_07682,3.0991485,0.8886025000000002,1.2812700000000001
TEST_07683,2.2698585000000007,1.3139715,0.38379299999999994
TEST_07684,2.7912625,0.15778950000000008,-0.0012800000000000242
TEST_07685,2.765062500000001,-0.6148640000000001,-0.7800799999999999
TEST_07686,1.4480930000000005,-0.3267960000000001,0.16468200000000002
TEST_07687,4.7992905000000015,-0.6842600000000001,0.8615220000000001
TEST_07688,5.7188685,0.576537,-0.5521154999999998
TEST_07689,1.6947690000000004,0.37127600000000016,0.004456500000000004
TEST_07690,1.8769505000000004,0.17182099999999997,-0.09475200000000003
TEST_07691,1.526497,-0.3748880000000001,0.2858844999999999
TEST_07692,2.5608269999999997,0.6706100000000002,0.3936350000000001
TEST_07693,2.0234945,0.169217,0.20577450000000003
TEST_07694,2.7828650000000006,0.7396755000000002,0.82165
TEST_07695,3.418556500000001,0.5008914999999998,-0.19566750000000005
TEST_07696,1.6105239999999998,-0.06863250000000003,-0.6085594999999997
TEST_07697,3.603104999999999,-1.1391960000000005,1.9207524999999994
TEST_07698,5.6854284999999996,1.2210530000000002,-0.057
TEST_07699,4.4300844999999995,-1.727904,0.128819
TEST_07700,0.9624045000000002,0.346886,0.11693200000000002
TEST_07701,3.4802005000000005,-0.09762850000000002,0.36694000000000004
TEST_07702,2.1391050000000007,-0.444269,0.932771
TEST_07703,3.4879995000000004,-0.1799715,0.24909099999999995
TEST_07704,3.5586204999999995,-0.1726405,0.42106750000000004
TEST_07705,1.1912870000000004,-0.11131450000000004,-0.1602495
TEST_07706,3.0567485000000003,-0.3475165000000001,-0.8905279999999998
TEST_07707,2.1190289999999994,-0.03326700000000001,-0.5248209999999999
TEST_07708,3.2234154999999998,-0.4405215000000001,-0.13884650000000004
TEST_07709,1.3035095,-0.3507070000000001,-0.43981899999999996
TEST_07710,1.2705744999999995,-0.3031595,-0.11591349999999996
TEST_07711,2.083002,-0.6361484999999999,-0.36993049999999994
TEST_07712,2.671992000000001,1.5194500000000004,0.6810585000000002
TEST_07713,3.2313795,0.13368799999999997,0.2887805
TEST_07714,3.270560999999999,-0.20467000000000007,-0.3337724999999999
TEST_07715,1.1085340000000004,-0.2473435,-0.11442049999999998
TEST_07716,3.643667500000001,0.16033849999999994,-0.5851684999999999
TEST_07717,3.584110499999999,0.8879845000000001,0.6453240000000002
TEST_07718,1.4082584999999996,0.9335024999999999,0.5996315000000001
TEST_07719,5.216203999999999,0.5784320000000001,0.8509385000000002
TEST_07720,3.4038910000000002,-0.3146039999999999,0.743668
TEST_07721,1.8172104999999996,0.4103030000000001,-0.35979249999999996
TEST_07722,3.6958830000000003,-0.08494200000000002,0.9693205000000007
TEST_07723,3.2846515000000016,-0.21962199999999998,-0.002375999999999992
TEST_07724,2.2417725,-0.4431385,0.6882495
TEST_07725,0.9932480000000001,0.269473,-0.04820750000000002
TEST_07726,2.595841000000001,-0.05646849999999999,-0.27529649999999983
TEST_07727,1.3584725,0.8288615000000001,0.40345300000000006
TEST_07728,1.0968784999999999,-0.498123,-0.20285650000000002
TEST_07729,2.437374,-0.26850150000000006,0.30959250000000005
TEST_07730,2.6068754999999992,0.6673755000000001,0.7456674999999999
TEST_07731,2.8838065,0.38470849999999995,0.746725
TEST_07732,0.8776234999999999,0.019801000000000006,0.0027324999999999997
TEST_07733,1.9623785000000002,-0.2098455,0.11370349999999999
TEST_07734,1.4487389999999998,0.6416555000000002,0.6355395000000001
TEST_07735,2.7948399999999998,0.6694775,-0.5732309999999999
TEST_07736,3.1830084999999997,-1.1259114999999997,0.9099599999999997
TEST_07737,1.5533285000000001,0.7661239999999998,0.7421420000000001
TEST_07738,2.4572114999999997,-1.2278409999999997,-0.7866054999999998
TEST_07739,2.961963,-0.12506199999999995,-0.7308735
TEST_07740,3.054995,0.2815165000000001,0.15049050000000003
TEST_07741,1.9769104999999998,-0.32255000000000006,-0.04036100000000001
TEST_07742,1.4212919999999998,-0.6502605,-0.5638285
TEST_07743,3.8257315000000003,0.5993744999999999,1.0325074999999995
TEST_07744,4.053487,-0.6566434999999997,0.5630109999999999
TEST_07745,2.0697305000000012,1.4224335000000004,1.133166
TEST_07746,3.26058,-0.511884,-0.6310399999999999
TEST_07747,3.4737980000000004,0.24889250000000002,-0.8119204999999999
TEST_07748,1.7571720000000002,-0.37922299999999987,0.05418049999999999
TEST_07749,2.9517240000000005,1.1157855000000003,-0.8478375000000002
TEST_07750,1.1392015000000004,-0.205061,0.22733600000000007
TEST_07751,2.7799535000000013,-0.53502,-0.7250315
TEST_07752,3.290854499999999,0.4617890000000001,-0.41028300000000006
TEST_07753,3.431861499999999,0.915262,-0.9507185
TEST_07754,1.4517404999999997,-0.11926300000000006,0.09847049999999997
TEST_07755,0.9612054999999999,0.12388350000000001,0.264701
TEST_07756,4.3808075,-0.2975645,1.101363
TEST_07757,2.5125104999999994,0.8823434999999997,-0.3095645
TEST_07758,2.0222420000000003,-0.24735799999999997,0.4981590000000002
TEST_07759,4.2825940000000005,1.8464444999999998,1.254058
TEST_07760,4.628131999999999,-0.9348495,0.42005499999999996
TEST_07761,2.7670895,2.165164,-0.11198200000000003
TEST_07762,3.536898,-0.05120350000000002,-0.15458399999999994
TEST_07763,3.5667754999999994,1.2945624999999996,-1.0441309999999997
TEST_07764,1.5428145,-0.07454250000000001,0.04028799999999999
TEST_07765,1.37963,0.6528625000000001,-0.16235399999999994
TEST_07766,4.3344695,0.9264755,0.3018390000000001
TEST_07767,2.3362170000000004,1.5086525000000004,-0.752469
TEST_07768,4.846231499999998,-1.6910039999999997,-0.5690549999999999
TEST_07769,2.9918125000000004,0.33911049999999987,0.31344599999999995
TEST_07770,2.4560565,0.10324199999999999,-0.1467735
TEST_07771,2.946821500000001,0.2627115,-0.43620799999999993
TEST_07772,1.5552624999999998,-1.0153914999999998,0.5765995000000003
TEST_07773,2.8279725000000004,0.5620760000000001,0.0618325
TEST_07774,1.0754289999999997,0.3582894999999999,0.2638560000000001
TEST_07775,3.057693,0.7105505,0.005571500000000007
TEST_07776,3.0196560000000012,0.691295,1.3617750000000002
TEST_07777,1.6889100000000001,0.8576865000000002,-0.3115620000000001
TEST_07778,3.461372999999999,-0.7966675000000001,0.7056085000000001
TEST_07779,3.5147960000000005,-0.7509804999999998,0.705313
TEST_07780,3.1639239999999997,-0.6800270000000002,-0.6332615000000001
TEST_07781,3.6878759999999993,-0.12134199999999998,-0.33730099999999996
TEST_07782,1.4806644999999998,0.17861350000000006,-0.06421400000000001
TEST_07783,3.171943500000001,-0.123037,0.12589
TEST_07784,4.1354655000000005,-0.2024645,-0.5727945000000003
TEST_07785,5.4800165,-1.6627619999999999,1.4762019999999998
TEST_07786,1.6851974999999997,-0.372509,0.12353999999999998
TEST_07787,1.5306094999999995,0.0037374999999999978,-0.20716500000000002
TEST_07788,1.5397895,-0.6195930000000001,-0.12727250000000007
TEST_07789,1.9464070000000002,0.241359,-0.408193
TEST_07790,2.7995774999999994,1.5759519999999998,0.0331935
TEST_07791,2.0014020000000006,0.5389935000000001,0.18334050000000005
TEST_07792,3.0719585,-0.7497275,0.6534875
TEST_07793,2.501255,0.022302000000000006,-0.27540899999999996
TEST_07794,1.9546994999999994,-0.162449,0.04671350000000002
TEST_07795,1.0027065000000002,0.47036999999999973,-0.3825495000000001
TEST_07796,1.5421074999999997,-0.19245299999999999,0.42202300000000004
TEST_07797,3.1737655000000005,0.44332000000000005,0.6855070000000001
TEST_07798,3.0448024999999994,0.410646,-0.17851800000000004
TEST_07799,3.3692545,1.1241400000000006,-1.4284565
TEST_07800,4.927827500000002,-0.5158685000000002,-1.2356854999999998
TEST_07801,1.342994,-0.04825249999999999,-0.06363249999999998
TEST_07802,0.9297945000000001,0.31653450000000005,0.10694800000000003
TEST_07803,2.2962140000000013,-0.24203549999999996,-0.7622675000000002
TEST_07804,2.9342045000000003,0.18528250000000002,-0.602414
TEST_07805,2.3252875,-0.001921000000000013,0.011202
TEST_07806,1.1674125000000002,-0.222958,0.24739099999999997
TEST_07807,4.233700999999998,0.47913149999999993,-0.8651915000000002
TEST_07808,0.7894409999999998,0.21692550000000005,-0.0016059999999999955
TEST_07809,1.6341075000000003,0.335885,0.10493750000000003
TEST_07810,3.0428625,0.045254,0.13510600000000006
TEST_07811,1.7905564999999999,-0.14117949999999996,-0.23542600000000002
TEST_07812,4.5720335,0.9973949999999998,-0.34755
TEST_07813,2.240708999999999,0.06455550000000002,-0.048876500000000024
TEST_07814,2.656120000000001,0.6520294999999998,-0.08386000000000006
TEST_07815,1.269407,0.5052295,-0.09435550000000001
TEST_07816,1.596153,0.9382825000000001,0.07910149999999999
TEST_07817,3.2422869999999993,-0.6692529999999999,0.6398940000000002
TEST_07818,4.0882925,-1.1904144999999997,-0.009676000000000006
TEST_07819,1.442911,0.5307434999999997,-0.19689000000000004
TEST_07820,1.6199385000000002,-0.118223,-0.30380750000000006
TEST_07821,1.422021,-0.10929599999999998,-0.360799
TEST_07822,1.5899624999999995,-0.254887,0.007285000000000001
TEST_07823,2.346619500000001,-0.16864449999999995,0.6005239999999998
TEST_07824,1.992328,0.3885454999999999,-0.47527550000000013
TEST_07825,2.675498,-0.7353845,0.009928500000000002
TEST_07826,3.118781499999999,0.4418415,-0.268616
TEST_07827,3.0074575,0.5015369999999999,0.10929749999999999
TEST_07828,2.7712194999999995,0.05051199999999999,-0.005370000000000003
TEST_07829,1.4863805,-0.11950449999999996,-0.212602
TEST_07830,2.478405500000001,0.07839000000000002,0.8825600000000002
TEST_07831,1.520744,1.2176365000000002,-0.033771
TEST_07832,1.0618680000000005,-0.24494950000000007,-0.003852999999999998
TEST_07833,3.8533090000000003,-1.0256889999999996,0.44695850000000004
TEST_07834,3.6446,0.6331790000000002,1.2943134999999995
TEST_07835,1.9449090000000002,-0.06077450000000003,0.3072619999999999
TEST_07836,3.1329079999999996,-1.4170075000000004,1.1319255000000006
TEST_07837,2.1911435,0.20583949999999998,0.6010249999999998
TEST_07838,3.0361704999999994,0.7148965000000002,0.776391
TEST_07839,3.604500000000001,-0.21593050000000005,0.6089330000000004
TEST_07840,3.5784769999999995,-0.2711534999999999,1.4289505000000002
TEST_07841,4.767843,2.1270184999999993,1.1923684999999995
TEST_07842,1.426063,-1.4720224999999996,-0.5851500000000003
TEST_07843,1.3822310000000002,-0.17123399999999997,-0.7278164999999999
TEST_07844,1.5462585000000004,-0.7157970000000001,0.25663199999999997
TEST_07845,1.6958450000000003,-0.43352700000000005,-0.34869399999999984
TEST_07846,4.831693499999998,0.6118750000000001,0.7827605
TEST_07847,3.6109935,0.28050200000000003,0.04761700000000001
TEST_07848,5.4966035,-2.235474000000001,0.10297899999999999
TEST_07849,1.9248479999999997,0.6378665000000001,0.19078849999999997
TEST_07850,1.6843774999999996,0.37093599999999993,-0.30535
TEST_07851,1.373914,0.2990785,0.18610649999999995
TEST_07852,2.058386,0.7551994999999998,-0.023567000000000008
TEST_07853,1.3662785000000006,0.10158800000000001,-0.15380900000000003
TEST_07854,2.477596000000001,-1.2785465,0.581274
TEST_07855,3.3035970000000012,-0.6972485000000002,0.882163
TEST_07856,2.7963275000000007,0.016735500000000007,0.5066474999999999
TEST_07857,2.323413500000001,-0.008628499999999997,0.15449600000000002
TEST_07858,3.80943,-1.5815369999999997,0.7319459999999998
TEST_07859,2.7823140000000004,1.1585480000000006,-0.150822
TEST_07860,0.901038,-0.13316100000000003,0.432376
TEST_07861,1.1990115000000001,0.5454605,0.29193749999999996
TEST_07862,2.037635,0.7038945,0.5700365000000001
TEST_07863,1.3645474999999996,-0.3268034999999999,-0.06914349999999997
TEST_07864,3.2121795,-0.25265649999999995,-0.17254150000000001
TEST_07865,1.0950690000000005,0.5698215000000002,0.5675884999999998
TEST_07866,1.4136935000000004,0.019213999999999995,-0.0072239999999999995
TEST_07867,1.1084345000000004,0.1106285,0.09399700000000002
TEST_07868,3.2258904999999998,-0.8301365000000002,-0.4889674999999999
TEST_07869,0.9844154999999999,0.616483,-0.119512
TEST_07870,3.105926,-1.0204470000000003,0.9087575
TEST_07871,1.8902465,-1.1925145000000006,0.08209050000000001
TEST_07872,1.7404169999999999,-0.3490725,0.5196110000000003
TEST_07873,3.7560309999999997,-0.665626,-0.16974399999999995
TEST_07874,3.098682000000001,0.343094,-0.35504300000000016
TEST_07875,1.0993939999999998,-0.18515550000000003,0.06255050000000001
TEST_07876,3.0575255000000006,-1.4154660000000001,1.1787849999999995
TEST_07877,2.1829005000000006,-0.49579249999999975,0.2867254999999999
TEST_07878,1.234216,0.0121,0.35584250000000006
TEST_07879,4.491704500000001,-0.8464809999999998,1.7381409999999997
TEST_07880,4.365738500000001,1.4973640000000001,-1.0137854999999998
TEST_07881,2.724579500000001,-2.3750434999999994,0.5810545000000003
TEST_07882,3.1743965000000003,-0.3596635,-0.009919999999999991
TEST_07883,2.6377369999999996,0.7508204999999997,-0.4488145000000001
TEST_07884,2.5240565000000004,0.5097420000000001,0.289485
TEST_07885,1.9800324999999999,-0.3352915,-0.5216725000000001
TEST_07886,3.748366999999999,-0.43192449999999993,-0.6668875000000003
TEST_07887,3.0894344999999994,0.23711550000000003,-0.31065950000000003
TEST_07888,2.000971999999999,0.20775300000000005,0.7996070000000003
TEST_07889,2.9134910000000014,-0.22527400000000003,-0.28956800000000005
TEST_07890,2.594817000000001,-0.2791460000000001,0.4691715000000002
TEST_07891,3.7664879999999994,-0.47392199999999995,-0.4122914999999998
TEST_07892,3.083682499999999,0.43361500000000003,1.208146
TEST_07893,2.973998,0.0836395,0.025175499999999996
TEST_07894,2.765264,1.421964,0.27563499999999996
TEST_07895,1.9018005000000002,0.6867369999999999,0.0237925
TEST_07896,1.9748375,0.103038,0.40073450000000005
TEST_07897,3.8591820000000006,0.381221,1.4916089999999995
TEST_07898,2.8802685000000006,-0.9327825000000001,-1.008969
TEST_07899,1.9112884999999995,-0.5358799999999998,0.6367275000000001
TEST_07900,2.6069275000000003,-0.21972199999999997,0.533499
TEST_07901,1.5423770000000006,-0.2793620000000001,-0.20315599999999995
TEST_07902,1.548571,0.009042499999999998,0.28856250000000006
TEST_07903,3.2828149999999994,0.5256205,0.47288999999999987
TEST_07904,3.4949285000000003,-0.23233350000000014,0.9230515
TEST_07905,4.209275,-0.9585474999999999,1.3532250000000006
TEST_07906,3.083323,-0.12598399999999998,0.48193600000000003
TEST_07907,3.0024524999999995,0.8687474999999999,-0.6934794999999998
TEST_07908,2.6076399999999995,-0.06253800000000002,-0.12115700000000003
TEST_07909,3.5951459999999997,1.2232055,1.364616
TEST_07910,4.2762315,-0.10028300000000001,1.9356844999999996
TEST_07911,2.988717499999999,0.24473900000000004,-0.0341005
TEST_07912,1.1571724999999997,0.4728500000000001,-0.365306
TEST_07913,1.5979465000000002,-0.543489,0.5710154999999997
TEST_07914,3.0094794999999994,0.3786360000000001,-0.5930985000000001
TEST_07915,1.1094950000000001,0.0492795,-0.30192350000000007
TEST_07916,1.6608425,0.7575190000000003,0.19515349999999998
TEST_07917,3.0162530000000007,-1.6566089999999996,0.8330949999999999
TEST_07918,2.474415500000001,1.1021085000000004,-0.8031695000000001
TEST_07919,3.6040425000000003,-0.2505369999999999,-1.4203264999999996
TEST_07920,2.4874134999999997,0.8939344999999999,0.1272975
TEST_07921,3.6528035,0.5567635000000002,0.0028840000000000007
TEST_07922,4.079269000000001,-0.10723049999999999,-0.4914959999999997
TEST_07923,4.274098999999998,-2.083657499999999,0.5948295000000001
TEST_07924,2.836496500000001,0.459129,0.47862799999999983
TEST_07925,1.1851589999999999,-0.31376000000000004,0.15471400000000002
TEST_07926,4.6624035,-0.7386044999999999,0.4050634999999999
TEST_07927,2.104254000000001,-0.8426770000000001,-0.08356150000000001
TEST_07928,3.362853,-2.1485785000000015,-0.5984830000000001
TEST_07929,3.9659999999999997,0.256046,-0.30587399999999987
TEST_07930,2.4849514999999993,0.265247,-0.3282895000000001
TEST_07931,2.7172709999999993,0.20985900000000005,0.15075500000000003
TEST_07932,3.4779609999999996,-0.7652895000000001,-0.7020979999999999
TEST_07933,0.8663800000000001,-0.20620899999999998,0.0068645
TEST_07934,1.5648734999999994,-0.2886849999999999,0.254906
TEST_07935,2.664699000000001,-0.15082399999999996,0.08654600000000001
TEST_07936,1.7084735000000006,-0.8082835000000002,0.1026995
TEST_07937,2.4222754999999996,1.0591324999999998,1.261704
TEST_07938,3.1894489999999998,1.5108775000000005,-0.13354999999999995
TEST_07939,2.5691970000000004,0.46129399999999987,0.6168655
TEST_07940,2.0953545,-0.7440445,-0.4069615000000001
TEST_07941,2.073851499999999,0.3283094999999999,0.13708949999999998
TEST_07942,1.4053929999999997,-0.2862594999999999,-0.4513525
TEST_07943,4.0236030000000005,0.4695929999999999,-0.22477549999999996
TEST_07944,1.9447634999999994,0.43684999999999996,0.8807910000000002
TEST_07945,5.7269185,-0.29755050000000005,1.4261874999999997
TEST_07946,2.0384804999999995,0.16527850000000005,0.321002
TEST_07947,3.7080035000000002,-0.8359905000000001,0.5992109999999999
TEST_07948,2.948200999999999,-1.0538784999999997,-0.043485499999999996
TEST_07949,3.7810950000000005,0.6794405000000001,0.1841165
TEST_07950,4.960604,-1.5798465,-0.930755
TEST_07951,1.2158889999999998,-0.6330274999999999,-0.10055450000000003
TEST_07952,2.0475480000000004,0.879723,0.25383350000000005
TEST_07953,2.894020499999999,1.532909,-0.672782
TEST_07954,3.1537070000000003,0.18468650000000003,0.051225999999999994
TEST_07955,1.4064894999999997,0.21890949999999998,0.243823
TEST_07956,3.178707999999999,-2.021795999999999,0.33562900000000007
TEST_07957,1.7119619999999998,0.013368500000000016,0.16030100000000003
TEST_07958,3.4929975000000004,0.09560149999999998,0.0206975
TEST_07959,6.0803645,-0.6112409999999998,1.5823044999999998
TEST_07960,4.372613499999998,0.724653,0.9586615000000003
TEST_07961,3.095056499999999,1.7505044999999995,1.1411334999999996
TEST_07962,2.7435755000000004,0.8476645,-0.5626194999999996
TEST_07963,1.4159320000000004,-0.14227700000000004,-0.5627025000000001
TEST_07964,2.391000000000001,0.4928190000000002,0.6174579999999998
TEST_07965,0.759159,-0.06009600000000001,-0.2859540000000001
TEST_07966,3.6603695000000003,1.0667054999999994,-0.9186095000000001
TEST_07967,0.8802745000000001,-0.458678,0.34122799999999986
TEST_07968,3.9654030000000002,-0.6752934999999998,0.20918049999999988
TEST_07969,2.223457499999999,0.18858500000000003,0.12036099999999994
TEST_07970,2.1991870000000002,0.00035299999999999394,-0.37332600000000016
TEST_07971,4.530738500000002,0.2540640000000001,-0.4921115
TEST_07972,3.1779460000000004,-1.6156644999999994,-0.5786274999999999
TEST_07973,2.957191,-0.516518,0.21753299999999998
TEST_07974,2.3913715,0.3922134999999999,-0.6600925000000001
TEST_07975,3.0871605000000004,1.0681204999999998,0.8070424999999997
TEST_07976,2.648304499999999,-1.1827714999999996,-0.0167965
TEST_07977,4.088298999999999,0.42176499999999995,-0.3490644999999999
TEST_07978,4.631520000000001,-0.7289899999999997,-0.6233175000000002
TEST_07979,3.032461000000001,0.035678,0.4687325000000001
TEST_07980,2.294399000000001,0.7413755,0.4095869999999999
TEST_07981,1.467031,-0.00596,-0.5864894999999998
TEST_07982,1.9464760000000003,0.5460775000000002,0.6751200000000002
TEST_07983,1.2672820000000007,-0.20074199999999998,-0.40604300000000004
TEST_07984,1.8774354999999998,-0.17989899999999998,-0.3120664999999999
TEST_07985,4.8387685000000005,-0.9566175000000001,1.7708870000000005
TEST_07986,1.7874260000000004,0.24273399999999992,-0.699082
TEST_07987,4.436216499999998,0.9583799999999998,-0.022120499999999998
TEST_07988,2.2739955000000003,0.5674939999999998,-0.3365969999999999
TEST_07989,1.263836,-0.14669100000000002,0.2950375000000001
TEST_07990,3.5100474999999998,1.7265720000000004,0.5268000000000004
TEST_07991,1.094515,0.12461700000000003,0.021693500000000004
TEST_07992,3.3904959999999997,1.4633615000000002,1.3896580000000003
TEST_07993,3.277624500000001,1.8877819999999996,0.2547345
TEST_07994,3.453677,-0.12943349999999998,0.5111330000000002
TEST_07995,1.5983805000000002,0.37715199999999993,-0.4797554999999999
TEST_07996,4.363965000000001,-0.16142800000000002,0.072487
TEST_07997,2.4243514999999998,0.2580355,0.5568775000000002
TEST_07998,1.4631954999999999,0.7517075,0.428326
TEST_07999,5.086465499999997,1.5826945000000001,2.0761139999999996
TEST_08000,4.213642000000002,1.83156,-1.4118290000000002
TEST_08001,2.1118240000000013,-1.6022705000000006,0.5424144999999999
TEST_08002,3.9583249999999994,0.9885270000000006,0.6323119999999999
TEST_08003,3.4496414999999994,-0.6837865000000001,0.09685600000000007
TEST_08004,1.6429240000000003,0.2402975,0.0852025
TEST_08005,1.8342290000000003,-0.6663345000000002,-0.5717439999999999
TEST_08006,4.899773999999997,0.19271850000000004,-0.09857400000000004
TEST_08007,2.795484,1.4834505,0.2282455
TEST_08008,4.290938500000001,0.3523434999999999,0.6553365000000001
TEST_08009,3.478522000000001,0.5726724999999997,0.464341
TEST_08010,2.1061864999999997,-0.2505625000000001,-0.050103499999999995
TEST_08011,3.353045,0.09835700000000003,0.203088
TEST_08012,2.5137689999999995,1.5340705,-0.7743400000000001
TEST_08013,2.4585184999999994,0.5335165,-0.34771
TEST_08014,2.577274000000001,0.2907475,1.4117510000000004
TEST_08015,2.684164000000001,-0.7383305000000002,0.26578349999999995
TEST_08016,1.7283584999999995,1.2555865000000006,-0.060149000000000015
TEST_08017,3.1822584999999997,-0.058512000000000036,0.6374529999999999
TEST_08018,3.432284,-0.8319045000000003,0.3408395000000001
TEST_08019,4.639953,0.5460445,0.06812
TEST_08020,1.9288604999999996,0.0414095,0.35554399999999997
TEST_08021,2.5238195,0.3466879999999999,-0.3704725
TEST_08022,1.6863960000000005,0.13694950000000006,0.0527075
TEST_08023,2.4688865,0.12421750000000001,-0.5526055000000001
TEST_08024,3.036132,0.3658564999999998,0.7350434999999997
TEST_08025,3.6697299999999995,-0.07933799999999996,0.105514
TEST_08026,2.2086084999999995,-0.17767850000000002,-0.4857279999999999
TEST_08027,3.2644795,-0.52084,-0.5669265000000001
TEST_08028,2.802193499999999,0.516076,0.254996
TEST_08029,2.849285,-1.267362,0.7077455000000004
TEST_08030,1.9619225,0.0460405,0.7887909999999999
TEST_08031,2.9900744999999995,0.9927110000000001,-0.6170390000000001
TEST_08032,1.8669384999999994,-0.6742900000000003,-0.4008225000000001
TEST_08033,3.0051915,-1.0675625000000002,0.6491949999999997
TEST_08034,2.0440569999999996,0.3769665,0.2938409999999999
TEST_08035,1.9412645,-0.20517449999999998,-0.23068449999999996
TEST_08036,1.4403704999999998,0.4634165000000001,0.5102389999999999
TEST_08037,2.0822609999999995,-0.256172,0.557072
TEST_08038,1.973726,-1.0929685000000005,0.5873619999999998
TEST_08039,4.568299500000002,0.31573749999999984,1.7284405
TEST_08040,2.593734499999999,-0.11078599999999998,0.2736870000000001
TEST_08041,1.9178479999999998,-0.7481490000000002,0.17395699999999997
TEST_08042,1.6794154999999997,-0.146295,0.005135999999999998
TEST_08043,1.7676920000000003,0.9035545,-0.8574165
TEST_08044,2.9733724999999995,-0.4925179999999998,0.9531519999999998
TEST_08045,1.0222255000000002,-0.028374999999999994,0.12473949999999998
TEST_08046,1.9901225,-0.015833999999999997,0.0763935
TEST_08047,1.6262510000000006,-0.26425200000000015,-0.10782400000000003
TEST_08048,4.689184000000001,-1.0070544999999997,1.2313334999999999
TEST_08049,1.794715,-0.10203299999999998,-0.258261
TEST_08050,2.135638500000001,0.234682,0.0033694999999999997
TEST_08051,1.4220745000000004,0.6659515,-0.13028099999999998
TEST_08052,3.5108460000000004,-0.16650200000000004,-0.3778205000000001
TEST_08053,2.0899360000000007,0.623991,-0.3282965
TEST_08054,1.2606260000000005,-0.35066799999999987,0.09858850000000002
TEST_08055,1.1964260000000002,-0.03376699999999997,0.025664000000000006
TEST_08056,3.1341920000000005,0.39127050000000013,0.31978700000000004
TEST_08057,1.085384,0.275978,0.5047455000000001
TEST_08058,1.8721325000000006,-0.6664165,0.6947749999999999
TEST_08059,1.823059,0.290805,-0.23928500000000003
TEST_08060,1.4755965,-0.17671250000000005,-0.423571
TEST_08061,3.1166590000000003,0.3002175,0.012692500000000002
TEST_08062,1.798814,-0.029428500000000003,-0.009419500000000004
TEST_08063,3.746194,0.2156315,0.27929099999999996
TEST_08064,3.2122799999999994,-0.0909875,0.12326050000000001
TEST_08065,4.342878500000001,-0.06462750000000002,-0.4780185000000001
TEST_08066,2.3182385000000005,-0.2764739999999999,-0.7908315000000001
TEST_08067,2.7179785,0.11844600000000002,-1.0196849999999995
TEST_08068,2.498484500000001,-0.7873255,-0.126201
TEST_08069,3.8978455,-1.1249129999999998,-0.5820129999999997
TEST_08070,3.7745170000000003,-0.9543715000000005,0.939726
TEST_08071,1.5303984999999996,0.06568299999999999,-0.11572949999999997
TEST_08072,2.691822000000001,0.5471519999999999,0.15246300000000002
TEST_08073,4.124194000000001,0.19585550000000002,-0.9708335000000002
TEST_08074,2.560738499999999,-0.4005580000000001,0.3880524999999999
TEST_08075,1.103621,0.12769099999999997,0.14327499999999993
TEST_08076,4.6721354999999996,-0.906627,-0.26742299999999997
TEST_08077,1.5074515,-0.8438385000000002,-0.5374100000000002
TEST_08078,2.7016364999999993,-1.3354675000000005,-0.10586299999999997
TEST_08079,5.742248999999999,0.7943669999999999,0.12105600000000001
TEST_08080,2.2045715,-1.6559365,-0.32704049999999996
TEST_08081,4.820935500000001,2.243079500000001,0.9282954999999999
TEST_08082,4.548961499999999,-1.4892849999999997,-0.6712165000000002
TEST_08083,3.1934785000000003,-0.753112,-0.8979535
TEST_08084,3.404017499999999,1.2095099999999999,1.7130815000000004
TEST_08085,2.2031550000000006,0.8176255000000001,0.041851999999999986
TEST_08086,4.628718000000001,0.09463550000000001,0.7265145000000001
TEST_08087,1.1788709999999998,-0.19868249999999996,0.338137
TEST_08088,3.4724375,-0.9130769999999999,0.22133650000000005
TEST_08089,1.804981,0.10537450000000001,0.20057949999999997
TEST_08090,1.5198965000000004,-0.4090340000000002,-0.16837749999999999
TEST_08091,2.954244999999999,0.2559219999999999,-0.0925755
TEST_08092,3.519388999999999,-1.2378655,1.4965465
TEST_08093,2.0428489999999995,0.4286780000000001,-0.09119749999999999
TEST_08094,3.4504754999999996,-0.08149399999999996,-0.3002955
TEST_08095,1.5097970000000003,0.46022149999999995,-0.04903149999999998
TEST_08096,3.5224615000000004,-0.41277549999999996,0.6702594999999999
TEST_08097,3.195423999999999,-0.17989,1.9068340000000001
TEST_08098,4.575550999999999,0.8587254999999999,-0.6885265
TEST_08099,1.3727399999999998,-0.2673015000000001,-0.12589699999999998
TEST_08100,2.4817329999999993,0.484054,0.21057700000000001
TEST_08101,1.7815589999999997,-0.15930249999999999,0.3689895000000002
TEST_08102,1.5234159999999997,-0.01637950000000002,-0.00907849999999999
TEST_08103,4.467575999999999,0.24482300000000004,0.638488
TEST_08104,4.230939000000001,-0.383811,-0.23481600000000002
TEST_08105,2.144661500000001,-1.5326489999999997,-0.6045765000000003
TEST_08106,3.1053455000000003,0.37922149999999993,-1.1523585
TEST_08107,2.8870994999999997,-0.1452545,0.19453399999999998
TEST_08108,3.36264,1.3838574999999995,-0.24055949999999995
TEST_08109,1.064642,0.175205,0.036014
TEST_08110,4.838693999999999,-1.386297,0.0022565
TEST_08111,1.8532370000000005,-0.9775450000000003,-0.19441000000000003
TEST_08112,3.110265000000001,-0.24400599999999992,0.32090850000000004
TEST_08113,2.1366794999999996,-0.27121249999999997,-0.616845
TEST_08114,2.02086,-0.10826900000000003,-0.04930899999999998
TEST_08115,1.0590940000000004,0.5686649999999999,0.5155619999999997
TEST_08116,2.3087595,0.9627650000000001,-0.8368764999999999
TEST_08117,1.6664385,0.6000400000000001,0.328439
TEST_08118,3.7922180000000005,-0.9851665000000001,-0.8936044999999999
TEST_08119,3.7630065,-1.773876,-0.9114825000000002
TEST_08120,3.627043999999999,1.7991935,1.2061635000000002
TEST_08121,3.126728,-1.4848599999999996,-0.8243219999999999
TEST_08122,4.1335225000000015,-0.5835249999999998,-0.3165639999999999
TEST_08123,2.2606455000000008,1.3287389999999997,-0.48344050000000016
TEST_08124,3.0238140000000007,-0.12857450000000004,0.3226340000000001
TEST_08125,2.353826499999999,0.5165649999999999,-0.40663999999999995
TEST_08126,1.0306459999999995,0.0003614999999999994,0.3131024999999999
TEST_08127,2.2877235,-0.012245999999999993,0.6875690000000001
TEST_08128,5.1233679999999975,1.3097524999999999,0.469482
TEST_08129,2.9109999999999996,-0.34082999999999997,0.4114769999999999
TEST_08130,1.5615185,-0.7306705000000001,0.26827099999999987
TEST_08131,1.2922955,0.2448845,0.36371600000000004
TEST_08132,4.605050499999999,-0.9055175000000002,0.6631220000000002
TEST_08133,2.4771345,-0.0464075,0.22807800000000011
TEST_08134,3.4009045,1.0357165000000004,0.15064400000000006
TEST_08135,2.2119765000000013,0.12430149999999998,0.17034650000000007
TEST_08136,3.1008305,-0.49000000000000016,1.3458999999999999
TEST_08137,3.588768999999999,-1.2682620000000002,0.18007450000000003
TEST_08138,1.6827159999999997,1.8099195,0.7968190000000003
TEST_08139,4.172662999999998,0.4234834999999999,-0.1380794999999999
TEST_08140,2.1575644999999994,-0.19329600000000002,-0.0007365000000000006
TEST_08141,2.195215499999999,-0.42718999999999996,-0.29687849999999993
TEST_08142,2.1595625000000007,0.5804854999999998,-0.595933
TEST_08143,3.8903810000000014,0.2777624999999998,-0.1837355
TEST_08144,3.1169149999999997,-0.3476745000000001,-0.38559149999999986
TEST_08145,2.3303555000000005,0.051878499999999994,0.0213755
TEST_08146,1.6462569999999999,0.6091389999999999,0.118945
TEST_08147,3.221301499999999,0.156254,-0.43368099999999987
TEST_08148,2.4517770000000003,0.6010989999999998,0.32643350000000004
TEST_08149,1.4605395,0.7925065,-0.6088935
TEST_08150,4.7866965000000015,-0.023170999999999997,0.7883410000000002
TEST_08151,2.8625865000000004,-0.5360609999999999,0.6417469999999998
TEST_08152,3.3174560000000013,1.1944875000000001,-0.4575439999999999
TEST_08153,3.5747185000000012,-0.579596,0.062230499999999994
TEST_08154,2.6875199999999997,0.015162,0.6527890000000001
TEST_08155,1.8983149999999998,0.7263139999999999,0.8160620000000001
TEST_08156,3.0180974999999988,-1.1734835000000001,1.2425875
TEST_08157,1.5777419999999993,-0.4482679999999999,0.25117049999999996
TEST_08158,1.3179675000000004,0.7841275000000001,0.19363000000000002
TEST_08159,4.905593000000001,0.33059849999999996,-0.9681945000000002
TEST_08160,3.4199970000000004,-0.4606575000000001,0.03214
TEST_08161,4.102636000000001,1.0099010000000002,-0.009891
TEST_08162,3.0074935,-0.5435754999999999,1.397853
TEST_08163,1.6191009999999997,0.007034999999999972,-0.15179700000000002
TEST_08164,2.0619270000000003,-0.42585900000000004,0.024693500000000004
TEST_08165,2.5727800000000007,1.005761,0.8253500000000003
TEST_08166,2.5361385,1.0128189999999997,-0.5627669999999996
TEST_08167,2.546209,0.7225965000000002,0.07153499999999997
TEST_08168,5.722086000000001,-0.3962630000000001,1.0976474999999997
TEST_08169,2.8078239999999997,0.3969584999999999,0.05283399999999999
TEST_08170,2.1322995000000002,-0.13753350000000003,-0.048629000000000006
TEST_08171,1.2490914999999996,-0.1730255,0.142709
TEST_08172,3.7576165000000006,-0.04224300000000002,1.1329229999999997
TEST_08173,2.4000399999999997,0.22422850000000005,0.2925285
TEST_08174,2.4994705000000006,0.26876599999999995,0.3413614999999999
TEST_08175,2.7668120000000007,-0.9286429999999999,-0.6100454999999999
TEST_08176,1.1822444999999995,0.5030230000000002,-0.29076800000000014
TEST_08177,3.9770410000000003,0.3623244999999998,-0.45907150000000013
TEST_08178,1.8523685000000003,0.7385624999999998,0.7355424999999998
TEST_08179,3.347003,0.03033699999999999,0.25621849999999985
TEST_08180,2.4329269999999994,0.7455880000000001,-0.4148204999999999
TEST_08181,1.3516475,-0.001256000000000014,-0.20859349999999993
TEST_08182,2.0862359999999995,0.5063934999999999,-0.05104500000000001
TEST_08183,4.404210999999998,0.003683500000000006,0.3523374999999999
TEST_08184,3.7804309999999997,-0.3968270000000001,-0.7497800000000001
TEST_08185,1.2071340000000004,-0.5984929999999997,0.41592350000000006
TEST_08186,2.1964094999999997,-0.25209899999999996,-0.4193644999999999
TEST_08187,3.8253345000000007,-0.16621399999999997,0.41053800000000007
TEST_08188,2.8656585,-0.6499555000000001,0.707586
TEST_08189,3.7110199999999995,-0.13585599999999995,0.060838499999999955
TEST_08190,1.783408,1.0686164999999996,-0.518795
TEST_08191,1.7710785000000002,-0.38643300000000014,0.15975599999999998
TEST_08192,1.6514865000000003,0.7343730000000002,0.4533100000000001
TEST_08193,2.7456900000000006,-0.19704599999999997,0.6823639999999999
TEST_08194,2.8981470000000007,0.606865,-0.727508
TEST_08195,1.2016635,-0.03642299999999999,-0.00918
TEST_08196,2.995361,0.7229560000000002,0.6306055000000002
TEST_08197,3.5694405,-1.9311195000000003,-0.46140250000000005
TEST_08198,2.598181500000001,1.2932225000000002,-0.7653400000000001
TEST_08199,4.3435735,-1.3638955,0.8294895000000001
TEST_08200,3.7126405000000013,-0.13403549999999997,0.045496
TEST_08201,2.6556000000000006,1.7308305000000004,-0.39551349999999996
TEST_08202,2.021751000000001,0.008036499999999999,0.8989325000000001
TEST_08203,3.9521245000000005,0.6876310000000001,-0.5942475
TEST_08204,3.1871964999999998,1.4136670000000002,0.6766719999999997
TEST_08205,1.1096684999999997,0.06497750000000001,0.23221250000000004
TEST_08206,2.6025375,-0.608331,0.4259414999999999
TEST_08207,2.559533,0.9622099999999999,0.015636
TEST_08208,1.9340359999999999,1.2753315,0.9770285
TEST_08209,3.404553,0.4425955000000001,0.638029
TEST_08210,1.9064209999999997,0.3936459999999999,0.15337250000000002
TEST_08211,1.6370630000000006,0.2192245,0.3112974999999999
TEST_08212,4.578624500000002,0.30084249999999996,-0.930628
TEST_08213,1.045074,-0.19331500000000001,0.14672049999999998
TEST_08214,2.9895104999999997,1.2077240000000002,-0.2609794999999999
TEST_08215,1.9738734999999996,0.5916444999999999,0.17023100000000002
TEST_08216,0.899839,-0.5581644999999997,-0.21272500000000005
TEST_08217,2.1172180000000007,0.23499499999999995,0.7016054999999999
TEST_08218,4.522057499999999,-0.3916895000000001,0.45875150000000003
TEST_08219,3.027033499999999,0.4856,0.9968085000000003
TEST_08220,2.5955599999999994,-0.0468035,-0.010387499999999992
TEST_08221,3.2531504999999994,-0.09431249999999997,-0.06478049999999999
TEST_08222,2.2484824999999997,0.35223650000000006,0.08980500000000002
TEST_08223,4.396089999999999,-0.6491794999999999,0.6388614999999999
TEST_08224,3.1170234999999997,0.31211599999999995,0.42722550000000004
TEST_08225,4.714152500000003,-1.3555135000000003,0.9093315
TEST_08226,1.4918239999999994,0.06962299999999996,-0.4690564999999999
TEST_08227,2.0785514999999997,-0.379973,0.009538499999999998
TEST_08228,3.0195929999999995,0.1081025,0.17359049999999998
TEST_08229,3.914842,0.18102899999999994,0.7374380000000003
TEST_08230,1.1348069999999995,0.6247710000000002,-0.05076550000000002
TEST_08231,2.3623879999999984,0.07492050000000006,-0.11232450000000004
TEST_08232,2.9884820000000003,-0.4672615000000001,0.8415684999999999
TEST_08233,3.815283,-0.9566814999999999,1.7758674999999997
TEST_08234,1.3649804999999997,-0.11739299999999996,-0.2528095
TEST_08235,2.0788135000000008,-0.2856075,0.5506085000000001
TEST_08236,3.8131449999999996,0.6530385000000001,0.8315610000000002
TEST_08237,2.6590924999999994,-0.6330450000000001,0.6654459999999999
TEST_08238,1.401602,0.6460915,0.629701
TEST_08239,3.3658599999999996,-0.4685720000000001,-1.111065
TEST_08240,4.0163095,2.349132,-1.2762685
TEST_08241,5.375399000000002,2.184813499999999,0.7357155
TEST_08242,2.8214435,1.1528565000000002,-0.6724870000000002
TEST_08243,1.7170500000000002,-0.843088,0.34327550000000007
TEST_08244,1.9152379999999998,-0.6790885000000002,0.4122895000000001
TEST_08245,1.6484425000000003,0.1974975,0.3917585
TEST_08246,3.0183980000000004,0.7000989999999999,0.13051049999999997
TEST_08247,1.5177464999999999,-0.5256529999999997,-0.35942199999999985
TEST_08248,4.8243425,1.8397994999999998,-0.4693775
TEST_08249,4.116629500000002,0.419629,-0.9165174999999999
TEST_08250,1.0021734999999998,0.267448,0.026373499999999998
TEST_08251,3.3577605000000004,0.33773050000000004,-0.38695199999999985
TEST_08252,3.4752655,1.3630265000000006,1.5510490000000003
TEST_08253,2.6728110000000003,-0.18393100000000007,0.004257499999999994
TEST_08254,1.5620094999999996,-0.7035955000000003,0.7468489999999998
TEST_08255,2.7308075000000005,0.09125949999999997,0.21328249999999999
TEST_08256,1.2141980000000006,-0.31366499999999997,0.029070000000000006
TEST_08257,3.144777500000001,1.735636,-0.42567400000000005
TEST_08258,1.4423689999999993,0.6877554999999997,0.1962215
TEST_08259,2.5408525,-0.9933835,0.5564745000000001
TEST_08260,1.2047875000000001,0.015726,0.30303649999999993
TEST_08261,1.78105,-0.15351849999999997,-0.083331
TEST_08262,2.2552249999999994,-0.2873565,-0.13433900000000004
TEST_08263,1.0017399999999999,0.338861,0.3425709999999999
TEST_08264,2.654033,0.09623349999999997,0.006790000000000001
TEST_08265,5.5197185,1.4242089999999998,0.460684
TEST_08266,1.5877725000000003,-0.11881599999999999,0.3385829999999999
TEST_08267,3.248517999999999,-0.4523084999999999,0.1467025
TEST_08268,2.3576155000000005,1.0945869999999998,0.2619575
TEST_08269,3.5662084999999992,-0.33280600000000016,0.07746899999999995
TEST_08270,3.8616265000000007,-0.22952900000000015,1.7523235
TEST_08271,2.6677525,-0.9531330000000002,-0.017062000000000008
TEST_08272,1.6004245000000008,-0.4147360000000001,-0.48904450000000027
TEST_08273,2.8585080000000005,-0.6956595000000003,0.603445
TEST_08274,2.2269655000000013,-0.5009380000000001,0.6339999999999999
TEST_08275,0.7335354999999999,0.3778564999999998,-0.135108
TEST_08276,1.1797079999999993,-0.45949999999999996,-0.2663485
TEST_08277,1.2935589999999997,0.3833209999999999,0.13040649999999998
TEST_08278,2.7620854999999995,1.5540519999999998,0.39212649999999993
TEST_08279,5.113968000000002,-1.2884210000000003,0.861082
TEST_08280,3.2215954999999994,1.3173704999999996,0.08507300000000001
TEST_08281,2.7190685000000006,0.28113499999999997,0.012780000000000001
TEST_08282,2.1557744999999997,0.4311520000000001,1.4823780000000002
TEST_08283,3.5671279999999994,-0.19476349999999992,0.9938910000000001
TEST_08284,1.9236960000000005,0.1183295,-0.169615
TEST_08285,1.6664535000000003,0.2971205,-0.1871135
TEST_08286,4.9806360000000005,-0.5473655000000003,-0.12853349999999997
TEST_08287,4.7951359999999985,0.9303930000000001,0.6440310000000002
TEST_08288,4.743991499999999,1.487454,-0.775487
TEST_08289,3.4421684999999993,0.22997350000000005,0.18145399999999998
TEST_08290,1.664679,-0.5536530000000002,-0.10436899999999999
TEST_08291,0.977593,0.19285750000000002,-0.18330599999999997
TEST_08292,2.3491759999999995,1.2631124999999996,-0.06776099999999999
TEST_08293,1.3860040000000002,0.4100650000000001,0.0225685
TEST_08294,3.455327,-1.2025305,1.9798640000000005
TEST_08295,1.5669564999999999,0.5404734999999999,0.41128050000000005
TEST_08296,2.9228520000000007,0.7803555000000001,1.5722240000000005
TEST_08297,1.8524755,0.6924165,-0.6080959999999999
TEST_08298,3.8860649999999994,0.9588275000000004,0.27528299999999994
TEST_08299,4.0529575,1.2238300000000004,0.9275799999999996
TEST_08300,2.6555079999999984,-0.16309849999999998,-0.4633514999999998
TEST_08301,2.6341194999999997,-0.413617,-0.11832399999999998
TEST_08302,1.4001025,0.2467865,0.286979
TEST_08303,1.4148945,-0.7596330000000002,-0.020034999999999994
TEST_08304,3.9338794999999998,0.20345549999999996,0.4639005000000001
TEST_08305,1.5030064999999997,-0.44086149999999996,0.1170215
TEST_08306,2.8686420000000012,0.09606899999999999,0.36349699999999996
TEST_08307,1.2760634999999998,-0.19821299999999992,-0.0015904999999999977
TEST_08308,3.4043305000000004,0.47815050000000003,-0.7098689999999998
TEST_08309,4.7307559999999995,-1.0686000000000004,0.7708805000000001
TEST_08310,1.6589080000000003,1.0779179999999997,-0.7581864999999999
TEST_08311,1.9305860000000004,-0.6864045000000002,-0.10384150000000002
TEST_08312,3.4998424999999997,0.7132739999999997,1.2932434999999995
TEST_08313,2.926006000000001,-0.6706154999999998,-0.4947919999999999
TEST_08314,2.222144,0.3972164999999999,-0.04551250000000001
TEST_08315,2.1549845000000003,-1.0419600000000004,0.9085574999999999
TEST_08316,3.3100555000000003,-0.2575260000000001,-0.311183
TEST_08317,3.285057000000001,1.8018595000000006,-0.12997349999999996
TEST_08318,3.2660435000000003,-1.4592169999999998,-0.6245160000000003
TEST_08319,5.539456000000001,-0.8133560000000002,0.9539039999999999
TEST_08320,1.6788260000000002,-0.4169115,0.16758750000000006
TEST_08321,5.0044,0.5278395000000001,0.9331259999999999
TEST_08322,1.0621705000000001,0.33712200000000003,0.6575169999999999
TEST_08323,3.102903500000001,0.4289494999999999,0.5713644999999998
TEST_08324,2.680167,-0.03362149999999999,-0.9183655000000002
TEST_08325,1.8731274999999996,0.2698364999999999,0.141933
TEST_08326,4.039200500000001,0.17310999999999996,0.14857149999999997
TEST_08327,3.4646010000000005,-0.4445945000000001,0.9243565
TEST_08328,3.6807204999999996,-1.9356155,-0.13838949999999994
TEST_08329,3.4360994999999996,0.42470449999999993,0.8019179999999999
TEST_08330,2.682960499999999,0.529658,-0.6498665
TEST_08331,3.3898099999999998,0.3745685000000001,-1.0509380000000001
TEST_08332,2.4060349999999997,1.2421949999999993,0.3678405
TEST_08333,2.1650174999999994,0.35169400000000006,-0.0778935
TEST_08334,2.0440710000000006,-0.248284,-0.13575299999999996
TEST_08335,2.9186180000000004,-0.003348500000000001,-0.16199200000000002
TEST_08336,3.0750555000000004,0.8763794999999998,-0.012572000000000007
TEST_08337,3.6520189999999992,-0.6394684999999998,0.935629
TEST_08338,4.384799999999998,0.9357410000000002,-0.7702145000000001
TEST_08339,1.9244785000000002,0.6071615000000002,0.30660999999999994
TEST_08340,1.9913155000000002,-0.8688749999999998,-0.544982
TEST_08341,2.3503935,-0.496611,0.249975
TEST_08342,2.2408744999999994,0.6194834999999999,0.034592000000000005
TEST_08343,0.9499555000000002,-0.18565349999999994,0.2493720000000001
TEST_08344,1.2042249999999997,-0.2861515,-0.0418785
TEST_08345,1.9150484999999997,0.08075150000000003,-0.37309450000000005
TEST_08346,3.305275000000001,0.26453399999999994,0.4596535
TEST_08347,4.1997634999999995,-0.43467100000000003,1.0266579999999994
TEST_08348,2.1105565000000004,0.509449,0.10722399999999999
TEST_08349,4.671416000000001,1.0088539999999995,-0.852546
TEST_08350,5.126536999999999,-0.7462089999999998,-0.39850600000000014
TEST_08351,2.945692999999999,0.25700099999999987,-0.11793050000000002
TEST_08352,3.180360500000001,0.5284789999999999,1.2555790000000002
TEST_08353,2.561472,-1.1728605,0.23889400000000005
TEST_08354,2.605148500000001,0.4982905,0.08827250000000003
TEST_08355,2.152406,-0.20282,-0.7374249999999998
TEST_08356,1.7530219999999996,-0.2724495,0.4658944999999999
TEST_08357,2.1813095000000007,-0.167366,0.6287085000000001
TEST_08358,1.7278085,0.35147700000000004,-0.19353850000000003
TEST_08359,5.522454,-1.0806369999999996,-0.322557
TEST_08360,2.782406000000001,-1.1858619999999997,0.6272035000000002
TEST_08361,1.0671620000000006,0.20354600000000006,-0.3129145
TEST_08362,3.599391999999999,-0.7271135000000001,0.5359830000000003
TEST_08363,3.3303080000000005,0.8812885000000001,-0.0811405
TEST_08364,2.0047014999999995,0.5242825000000001,-0.4218955000000001
TEST_08365,1.6334500000000003,-0.11364499999999997,-0.3214054999999999
TEST_08366,4.1628795,-0.14721649999999994,-0.7871880000000003
TEST_08367,3.7397565000000004,-1.3898045000000003,1.0567395
TEST_08368,1.6088139999999997,0.29290800000000006,0.22351950000000007
TEST_08369,3.550939999999999,-0.03653,-0.006393500000000007
TEST_08370,2.0078949999999995,-0.4658645,-0.41751550000000004
TEST_08371,2.669925000000001,-0.12617300000000004,0.9117035
TEST_08372,1.5063959999999996,0.7748414999999998,-0.635367
TEST_08373,1.9561769999999998,0.49902599999999975,0.25926249999999995
TEST_08374,2.1856465,0.33414999999999995,-0.074323
TEST_08375,2.349707500000001,0.085632,0.42980150000000006
TEST_08376,2.659079500000001,-0.45791950000000015,0.9631835000000002
TEST_08377,2.2930135000000003,-1.1069574999999998,-0.06505200000000005
TEST_08378,3.9906755,-0.267601,0.2259425
TEST_08379,2.723167,0.6047795000000001,0.6338100000000002
TEST_08380,2.5125040000000003,0.8808879999999999,0.5026629999999999
TEST_08381,3.752649999999999,-0.25641499999999995,1.2348380000000003
TEST_08382,1.4967549999999998,0.5108524999999999,0.21671099999999996
TEST_08383,1.6600575000000002,-0.3756909999999999,0.028829500000000004
TEST_08384,1.1074230000000003,0.46021750000000006,-0.0734495
TEST_08385,3.3992449999999996,-1.8844939999999997,-0.24514500000000003
TEST_08386,2.683013,-0.5778035000000001,-1.0259515000000001
TEST_08387,2.25021,-0.6855244999999999,-0.2263095
TEST_08388,2.311893500000001,-0.03212800000000002,-0.0012949999999999997
TEST_08389,3.3379544999999995,-1.2132365000000007,-0.14681550000000002
TEST_08390,4.651498,-1.4100005000000007,0.6035910000000002
TEST_08391,1.1583505,-0.1367155,-0.075156
TEST_08392,3.539777999999999,1.1804415000000004,-0.7633644999999998
TEST_08393,2.5344425,-0.0122885,-0.41091
TEST_08394,2.317220999999999,-0.400854,0.05032000000000001
TEST_08395,1.5062294999999999,-0.3222615,-0.07728600000000002
TEST_08396,3.0755149999999993,0.17616149999999997,0.8123205
TEST_08397,2.2727884999999994,-0.048140999999999996,0.12729900000000002
TEST_08398,1.6676700000000002,-0.08476699999999998,0.3920349999999999
TEST_08399,5.085487999999999,-1.0629139999999997,0.007028499999999997
TEST_08400,3.9263014999999992,-0.3052684999999999,-1.1357425
TEST_08401,2.2033789999999986,1.3903219999999994,-0.10858899999999999
TEST_08402,3.735020999999999,-0.9842745,1.0940619999999994
TEST_08403,3.903509,-0.5399044999999998,0.17858650000000004
TEST_08404,2.8633995000000008,-0.42006499999999997,0.038825
TEST_08405,1.193385,0.2521515,-0.09618700000000002
TEST_08406,4.7012245,-0.886873,0.13448399999999996
TEST_08407,2.015301,1.1036039999999998,0.45431050000000006
TEST_08408,3.3954665000000004,1.4723474999999995,-0.6652085000000001
TEST_08409,2.8649639999999996,0.1916065,0.9384839999999999
TEST_08410,3.182681999999999,0.4859159999999999,-0.6800345000000003
TEST_08411,0.9550105,0.07690449999999997,-0.18283100000000005
TEST_08412,4.335631999999999,0.29425999999999997,-0.19286000000000003
TEST_08413,1.4430435,0.4468975,-0.1741455
TEST_08414,2.941511,0.23887250000000002,0.8162500000000003
TEST_08415,2.3110039999999996,0.5783060000000002,-0.27353299999999997
TEST_08416,1.9535475,-1.2634775,0.134996
TEST_08417,3.2775935,0.13717149999999995,-0.13751149999999995
TEST_08418,2.1330344999999995,1.0581764999999994,-0.5086665000000001
TEST_08419,2.794076999999999,-0.6216805000000001,-0.580287
TEST_08420,2.2993180000000004,-0.22382050000000003,0.8929694999999999
TEST_08421,3.128372500000001,-0.0834935,0.41160200000000013
TEST_08422,2.2279544999999996,0.5817055,0.39481499999999997
TEST_08423,1.3760915000000002,0.10677599999999997,-0.09313999999999999
TEST_08424,3.1371695000000006,0.44747,0.42091750000000006
TEST_08425,4.218915999999998,0.7023439999999999,-0.6673404999999999
TEST_08426,1.9060954999999997,0.23185999999999998,-0.0886555
TEST_08427,3.549582499999999,-0.3565735,0.3561225
TEST_08428,2.6750624999999997,-0.6739705000000001,-0.3817785
TEST_08429,3.909660999999999,-1.6162444999999994,0.06769349999999999
TEST_08430,3.269801,1.0042219999999997,-0.3250065
TEST_08431,2.4680055,-0.9755535000000004,-0.013275000000000002
TEST_08432,1.4077220000000001,0.31257500000000005,-0.41469350000000005
TEST_08433,2.2405679999999997,-0.25846800000000003,-0.4497449999999998
TEST_08434,2.6497455,0.29696999999999985,0.1098815
TEST_08435,2.236323999999999,-0.5611674999999998,-0.9989355000000003
TEST_08436,4.459921999999998,0.71695,0.26209
TEST_08437,3.3146559999999985,0.8296599999999998,1.0374915000000002
TEST_08438,1.5022075,0.3163944999999999,-0.22866599999999998
TEST_08439,4.239586999999998,0.3681495,0.6365219999999998
TEST_08440,3.8852949999999993,-0.399144,-0.23540999999999995
TEST_08441,4.130476000000001,0.43811849999999997,0.5740465000000001
TEST_08442,4.234138999999999,-0.9290559999999997,0.6620920000000001
TEST_08443,3.5537219999999996,0.24169750000000012,-1.0612340000000002
TEST_08444,3.3289799999999996,1.267989,-0.033331999999999966
TEST_08445,1.4899110000000002,0.22982350000000001,-0.17275299999999993
TEST_08446,3.4177975,0.18410000000000007,-0.15636950000000005
TEST_08447,3.6154245000000005,-1.0785615,-0.01758150000000001
TEST_08448,4.032379499999999,1.7586745000000001,0.09154999999999998
TEST_08449,2.9128019999999997,0.058812,-0.4088674999999999
TEST_08450,1.3175625,0.436967,0.12416350000000007
TEST_08451,2.868477500000001,-0.12063649999999998,0.3431965000000001
TEST_08452,2.305638,1.3201234999999993,0.6145595000000001
TEST_08453,3.1618725,0.2920290000000001,-0.11932949999999998
TEST_08454,1.4216280000000001,-0.04582199999999999,0.037313
TEST_08455,1.309688,0.6574354999999998,-0.22481800000000002
TEST_08456,3.2409029999999994,-1.2634320000000003,-0.036504999999999996
TEST_08457,2.6193729999999995,-0.186813,1.3569149999999996
TEST_08458,5.1010905,-0.1283095,1.0619019999999995
TEST_08459,1.7468694999999999,0.18760199999999994,-0.3868974999999999
TEST_08460,2.3540314999999987,0.047401500000000034,-0.44312150000000017
TEST_08461,3.1741055000000005,-0.15195200000000003,0.3758225
TEST_08462,1.7175325000000001,-0.6542355,0.5987575
TEST_08463,1.6852204999999998,0.5443695000000002,-0.11447700000000002
TEST_08464,1.1534399999999998,0.014789500000000014,-0.23604350000000002
TEST_08465,2.5601895000000003,-0.063381,1.0920450000000006
TEST_08466,2.6470469999999993,-0.018908499999999995,-0.0387625
TEST_08467,4.275311000000001,-0.45960749999999995,-0.7535035000000001
TEST_08468,2.6621429999999995,-0.139105,-0.08131300000000002
TEST_08469,3.1908714999999996,-0.8343524999999998,1.2035550000000006
TEST_08470,3.5362649999999993,0.6905575000000002,0.7699239999999998
TEST_08471,1.8383285000000003,-0.6722885000000003,0.40818099999999996
TEST_08472,3.2208490000000007,0.8421950000000001,0.46550299999999983
TEST_08473,3.2557235,0.5875505,1.1915495000000003
TEST_08474,1.7024584999999997,-0.075794,0.18385250000000006
TEST_08475,1.7903510000000002,-0.32589899999999994,0.1618835
TEST_08476,1.8457185000000005,-1.01251,0.017878
TEST_08477,3.6940779999999993,-1.8105330000000004,-0.04124450000000001
TEST_08478,3.6256539999999995,-1.3915305,0.9835279999999997
TEST_08479,4.937664499999999,-1.0121194999999998,-0.5218365
TEST_08480,1.5456999999999999,0.9391585000000002,0.189436
TEST_08481,2.153443000000001,1.1629049999999999,-0.2583495
TEST_08482,4.262941499999998,-0.17618099999999998,1.5166895
TEST_08483,3.673465500000001,0.0735625,0.40685099999999996
TEST_08484,1.7107195,0.3263125000000001,0.2952435
TEST_08485,1.6732034999999996,-0.3148915,0.4220360000000001
TEST_08486,4.203684000000001,-0.6016905000000001,-0.8536930000000001
TEST_08487,3.3714645000000005,1.6922639999999998,1.1543510000000001
TEST_08488,4.498871999999999,2.2827389999999994,-0.3280774999999999
TEST_08489,4.203718500000001,-0.02578350000000002,-0.46827749999999996
TEST_08490,2.8050555,0.28421599999999997,0.20215800000000003
TEST_08491,1.5842975,0.016662000000000003,0.411856
TEST_08492,3.6472335000000005,0.845494,0.3241704999999999
TEST_08493,2.3373404999999994,-0.18288399999999996,0.03655200000000001
TEST_08494,1.8328389999999999,1.0927765000000003,-0.563782
TEST_08495,2.6498865,-0.17299950000000003,0.17999250000000006
TEST_08496,3.668064,0.6184784999999999,0.43285450000000003
TEST_08497,2.8530199999999994,-0.1444785,0.035092
TEST_08498,1.0994160000000002,0.037049999999999986,0.3301655
TEST_08499,2.282733500000001,0.5648265000000001,-0.07990850000000001
TEST_08500,2.9866585,0.3843015000000001,-0.16029749999999995
TEST_08501,1.9988085,-0.024373,-0.5612115
TEST_08502,1.1135375,-0.33451150000000013,-0.28792599999999996
TEST_08503,4.049631000000001,0.22835449999999985,0.8249550000000001
TEST_08504,2.6369995,-0.12488800000000005,0.12002850000000001
TEST_08505,5.4454955,1.7178595,2.0152004999999997
TEST_08506,2.2081245000000003,0.460676,0.8603535
TEST_08507,3.158524,-0.19639049999999994,-0.8608919999999998
TEST_08508,2.238156000000001,-0.6315535000000001,0.19650449999999994
TEST_08509,1.1390545000000003,0.18129000000000003,-0.31873000000000007
TEST_08510,2.1062890000000003,0.145146,0.675816
TEST_08511,1.3321264999999998,-0.6477004999999999,0.0002534999999999998
TEST_08512,3.154701,0.27682149999999994,0.6333030000000002
TEST_08513,1.969739,-0.5923705000000001,-0.20909200000000006
TEST_08514,2.2768299999999995,-0.2341449999999999,-0.013893499999999993
TEST_08515,1.5454555000000003,0.6317754999999999,0.1513545
TEST_08516,4.240377999999997,1.9685775000000003,0.7545050000000002
TEST_08517,3.487764500000001,-0.6042255000000003,0.09623549999999999
TEST_08518,3.7543739999999994,1.4815004999999997,0.436449
TEST_08519,4.189958000000001,1.0902369999999997,-1.1689474999999998
TEST_08520,3.321752,-0.25325000000000003,-0.30758200000000013
TEST_08521,3.320863,0.2129985000000001,-0.49147349999999973
TEST_08522,3.863957,0.6672004999999999,1.1074450000000002
TEST_08523,4.057416,-1.7677605000000005,-0.5716160000000001
TEST_08524,2.510295000000001,-0.4043469999999999,-0.6765355000000002
TEST_08525,1.441392,-0.05338400000000001,0.12367299999999995
TEST_08526,3.2173439999999998,0.14430949999999998,-0.7374819999999999
TEST_08527,3.9393645,-1.13897,-0.9961214999999999
TEST_08528,2.952620500000001,2.209736000000001,0.43252350000000006
TEST_08529,3.4887619999999986,0.3194674999999999,-0.588247
TEST_08530,2.844985500000001,-0.18085899999999994,-0.141916
TEST_08531,2.287304000000001,-0.37719950000000013,0.13977500000000004
TEST_08532,4.6978785,0.3499779999999999,-0.17839249999999995
TEST_08533,2.447985,0.08095649999999997,0.17162949999999993
TEST_08534,1.5290455,0.050694499999999997,0.033503
TEST_08535,1.2474800000000004,-0.5377255000000001,0.3111785
TEST_08536,2.054942500000001,-0.18893900000000002,0.41886300000000004
TEST_08537,2.576713999999999,0.600467,0.09322649999999999
TEST_08538,3.9026130000000006,0.7299195,-0.9898080000000004
TEST_08539,2.7826980000000003,-1.7082675000000003,0.5818664999999998
TEST_08540,1.4231379999999998,-0.21041500000000002,-0.4557260000000001
TEST_08541,2.156357999999999,0.03813199999999998,0.11138999999999996
TEST_08542,1.4530234999999998,0.4788995,0.14447150000000003
TEST_08543,1.0475224999999995,0.39227,-0.2600545000000001
TEST_08544,3.359605,-0.057585999999999984,-0.04541349999999998
TEST_08545,3.0086270000000006,0.3471855000000001,0.3567595000000001
TEST_08546,2.9091530000000008,0.203591,0.3832219999999999
TEST_08547,2.608693999999999,0.31778400000000007,0.0773945
TEST_08548,1.9666610000000002,0.04717700000000002,-0.34338450000000004
TEST_08549,2.7603675,1.5591615,0.8192735
TEST_08550,5.251416500000001,-0.210765,0.205216
TEST_08551,1.8454989999999998,0.613812,-0.13337499999999997
TEST_08552,2.6959915,1.8542510000000003,-0.3746914999999999
TEST_08553,3.514224,1.0915714999999997,-0.23786400000000002
TEST_08554,2.7674279999999998,0.100238,0.6719660000000001
TEST_08555,1.743007,-0.05031249999999999,-0.43019900000000016
TEST_08556,2.5901250000000013,0.7017324999999999,0.25361599999999995
TEST_08557,2.1320265000000007,0.7146960000000001,-0.31112850000000003
TEST_08558,3.0264829999999994,1.6210344999999995,-0.41621600000000014
TEST_08559,5.0045515,1.635472,-0.22283150000000002
TEST_08560,2.9006480000000003,-0.2710110000000001,0.8820030000000001
TEST_08561,2.1474124999999993,1.3547730000000004,-0.12436200000000004
TEST_08562,1.2594624999999997,-1.012727,0.24256000000000003
TEST_08563,1.0269214999999998,-0.091584,0.0865195
TEST_08564,2.220185,-0.01653150000000001,0.4170539999999999
TEST_08565,1.7170755000000004,-0.0845365,-0.15595999999999996
TEST_08566,4.145849000000002,-0.456179,0.255988
TEST_08567,4.613090500000002,-1.0668305000000002,0.5534464999999997
TEST_08568,2.1213065,1.2983860000000003,0.5740755
TEST_08569,1.0637834999999998,-0.30511900000000014,0.129306
TEST_08570,1.9788070000000002,-0.2624405,-0.043987
TEST_08571,1.5612625000000007,-0.0400605,-0.073802
TEST_08572,4.0985255,0.0886515,1.0285185000000003
TEST_08573,2.4316445,0.2771960000000001,0.5514210000000002
TEST_08574,3.444747499999999,1.3058629999999996,1.4401995000000003
TEST_08575,2.2483945,1.0561459999999996,0.20834100000000005
TEST_08576,2.408747499999999,-0.7848625,-0.023348499999999998
TEST_08577,3.2585594999999996,0.9199809999999999,0.5288164999999998
TEST_08578,3.6218690000000002,0.37600350000000005,1.0575909999999995
TEST_08579,3.7344385,-0.36027849999999995,0.7257899999999999
TEST_08580,2.312156,0.9235395,-0.37590100000000004
TEST_08581,3.2755620000000003,-0.15006850000000002,-0.27943850000000015
TEST_08582,1.8293590000000004,0.10079099999999996,0.2691029999999999
TEST_08583,4.238143999999999,-0.6656115000000002,1.0993979999999997
TEST_08584,3.757005499999999,-0.5379204999999999,0.3072704999999999
TEST_08585,2.6997239999999993,1.1346810000000003,0.21152700000000005
TEST_08586,1.0716335,0.21402550000000004,-0.38712700000000005
TEST_08587,4.506244000000001,0.41371250000000004,-0.2701975
TEST_08588,3.6145405000000004,0.859073,-0.30220699999999995
TEST_08589,3.684749,-1.5398654999999999,-1.3016234999999998
TEST_08590,2.4314385000000005,-0.6656145,-0.7779644999999998
TEST_08591,2.5818840000000005,-0.7131484999999999,0.6131015000000002
TEST_08592,1.5936329999999996,1.0794495000000004,-0.7280004999999997
TEST_08593,2.7862184999999995,0.9684889999999997,0.9990224999999999
TEST_08594,2.271619500000001,0.0796975,0.0369795
TEST_08595,1.8657694999999999,-0.732344,0.4327179999999999
TEST_08596,3.361575,-0.21002250000000003,0.8216515000000002
TEST_08597,2.434988999999999,0.032225,-0.07147250000000002
TEST_08598,1.728136,0.874196,-0.5908420000000001
TEST_08599,1.3824695,-0.6038390000000001,0.21559600000000004
TEST_08600,3.162025000000001,-1.5140810000000005,1.1996639999999998
TEST_08601,1.1265170000000002,-0.1200615,0.23052599999999995
TEST_08602,2.954881499999999,1.5372290000000002,1.4064955000000001
TEST_08603,1.9978560000000003,-0.11153650000000004,-0.40347699999999986
TEST_08604,2.221094,-0.2518119999999999,-0.04103000000000002
TEST_08605,1.9648300000000005,-0.9549524999999999,-0.747833
TEST_08606,1.8489870000000002,0.16175999999999996,-0.547261
TEST_08607,1.3083869999999995,-0.31601199999999985,-0.35325900000000005
TEST_08608,4.387691000000002,1.9054410000000002,-0.9773394999999997
TEST_08609,4.013647499999999,-0.45766799999999985,0.4549264999999999
TEST_08610,1.853403,0.7790695000000002,-0.312608
TEST_08611,4.110561499999999,-0.3208160000000001,0.3175930000000001
TEST_08612,3.352414499999999,0.9254795,0.8422345
TEST_08613,2.701341,-0.2784690000000001,-0.005691999999999968
TEST_08614,1.3433670000000002,0.8019329999999998,-0.19832599999999995
TEST_08615,2.048647,-0.7423119999999999,0.4703590000000001
TEST_08616,2.9557444999999998,0.633305,0.6583134999999997
TEST_08617,2.2622805000000006,0.48395599999999994,0.5183695000000001
TEST_08618,2.8874429999999993,1.310801,0.10887200000000001
TEST_08619,1.222986,0.09105099999999999,-0.16386700000000004
TEST_08620,1.890908,0.20859150000000007,-0.23097299999999998
TEST_08621,2.876214,-0.1932655,0.32020199999999993
TEST_08622,1.7615279999999998,-0.0006415000000000066,0.11216650000000006
TEST_08623,2.731878,0.8106849999999999,-0.8595810000000002
TEST_08624,2.915698500000001,-0.222267,0.3264195
TEST_08625,4.115536500000001,1.2006965000000003,-0.5718185
TEST_08626,2.1142285000000003,0.285772,0.0476225
TEST_08627,1.161123,0.062967,0.32604900000000003
TEST_08628,2.981256,-0.35832450000000005,-0.08510700000000002
TEST_08629,4.188674499999999,1.4758164999999999,1.2854329999999998
TEST_08630,1.1106430000000003,-0.21292749999999996,0.127234
TEST_08631,2.8708595,0.8439860000000001,0.25562349999999995
TEST_08632,2.5728210000000002,0.590921,0.1021935
TEST_08633,3.281788999999999,-1.7256589999999996,-0.488567
TEST_08634,1.2519549999999997,0.25197450000000005,-0.0351205
TEST_08635,1.2052695000000002,0.4041754999999999,-0.3564760000000001
TEST_08636,3.9723375,-1.0499800000000001,-0.018888999999999982
TEST_08637,3.404991999999999,-1.335925,0.819226
TEST_08638,2.496275,0.8950675000000001,1.2174919999999996
TEST_08639,5.581694000000001,-0.31310749999999987,0.3149025000000001
TEST_08640,2.5885125,0.45986449999999995,-0.30490699999999993
TEST_08641,3.427493,-1.0022480000000002,-0.8862709999999998
TEST_08642,4.4620865,0.584767,0.3901165
TEST_08643,2.1369065000000003,-0.9182195000000002,-0.8804205
TEST_08644,2.0720435000000013,0.7088744999999999,0.373421
TEST_08645,1.7419219999999995,-0.27233150000000006,-0.45989349999999996
TEST_08646,3.872375999999999,1.1284280000000002,-0.720411
TEST_08647,2.2919609999999997,1.3353770000000003,0.06279499999999999
TEST_08648,5.189139999999999,0.8203865000000001,0.32968199999999986
TEST_08649,1.9475065,-0.051265,0.26186149999999997
TEST_08650,1.8948394999999993,0.4850769999999999,0.061629
TEST_08651,3.3552110000000006,0.4350860000000001,0.33842899999999987
TEST_08652,3.8513089999999996,0.07908400000000002,0.6336220000000001
TEST_08653,3.100614499999999,0.6721370000000001,-0.5402255
TEST_08654,2.9696100000000003,-1.5946820000000002,-1.1209359999999997
TEST_08655,4.280726,-0.56104,-0.22888000000000003
TEST_08656,1.7600000000000002,-0.2743145,0.06562399999999999
TEST_08657,3.629961000000001,2.041307999999999,0.0432375
TEST_08658,2.0279500000000006,0.36948500000000006,-0.29276899999999995
TEST_08659,2.9370465,-1.2578985,0.5027855000000001
TEST_08660,1.9899490000000002,-1.0376825000000003,1.0305045000000002
TEST_08661,0.7616185,-0.2211555,-0.252186
TEST_08662,1.6132705000000005,0.315843,0.31479349999999995
TEST_08663,3.387971499999999,0.15143550000000008,-0.9195260000000001
TEST_08664,1.9532375000000004,0.060441999999999996,-0.3928634999999999
TEST_08665,4.322928999999998,0.5155350000000002,-0.37146749999999995
TEST_08666,1.3666114999999999,0.15232200000000007,-0.5677085
TEST_08667,2.593232999999999,-0.45922550000000006,0.26848649999999996
TEST_08668,2.7420554999999993,-0.6149525000000001,0.31869650000000005
TEST_08669,2.4657964999999997,1.438452,0.5949585
TEST_08670,1.0698069999999993,-0.625565,-0.16435500000000003
TEST_08671,3.240177999999999,0.10528599999999999,-0.12548
TEST_08672,2.6894224999999996,-0.21431449999999996,-0.194347
TEST_08673,2.562000500000001,-0.08493849999999999,0.499738
TEST_08674,3.440852,-0.41957800000000006,0.6497880000000003
TEST_08675,1.34532,0.4829300000000002,-0.19309450000000003
TEST_08676,3.920622,1.5820745,0.7086260000000002
TEST_08677,2.1245309999999993,0.9245445,0.20586200000000004
TEST_08678,3.2955764999999992,-1.8241034999999997,-0.91063
TEST_08679,4.3342149999999995,-1.3233579999999998,2.2241030000000004
TEST_08680,4.736708000000001,2.1055695000000005,-0.9139475000000002
TEST_08681,2.341361000000001,0.7972304999999997,-0.28895050000000005
TEST_08682,1.3746865,-0.5675610000000002,-0.345348
TEST_08683,3.7652934999999994,2.0654220000000003,0.894646
TEST_08684,2.6793475,-0.369173,-0.19819400000000004
TEST_08685,1.4211545,-0.2406355,0.016893999999999992
TEST_08686,3.2709925,-0.4045190000000001,-0.08800099999999997
TEST_08687,3.001607999999999,0.38855450000000014,-0.6412135000000001
TEST_08688,0.7851365000000002,0.4186280000000001,0.21385749999999992
TEST_08689,2.737282500000001,0.3123830000000001,-0.0873095
TEST_08690,3.1562935000000003,0.0770625,1.2196009999999995
TEST_08691,2.775988,0.15118999999999996,-0.13759200000000002
TEST_08692,2.416163,0.9446505000000001,0.10504100000000001
TEST_08693,1.3118599999999998,0.22511550000000008,-0.07178700000000002
TEST_08694,3.202286500000001,0.06469449999999999,1.4122645000000005
TEST_08695,3.5793850000000003,0.5764960000000001,-1.0038674999999997
TEST_08696,3.0930554999999993,-0.4842444999999998,1.5432960000000002
TEST_08697,3.829249000000001,-0.5987135,0.754678
TEST_08698,3.4093415000000005,0.46699349999999995,-0.973473
TEST_08699,2.397824,1.2484019999999998,-0.3713264999999999
TEST_08700,3.4116539999999995,0.9799675,0.8662795000000001
TEST_08701,3.633044,0.34435299999999985,-0.6886874999999999
TEST_08702,1.806266,0.13911349999999997,-0.09305200000000002
TEST_08703,2.497069,-0.17294750000000003,0.128841
TEST_08704,1.6202405000000004,0.5986160000000001,-0.22242399999999998
TEST_08705,2.919625,-1.4709059999999996,-0.6145190000000003
TEST_08706,3.303252499999999,-0.5077670000000001,0.4824434999999998
TEST_08707,2.1473504999999995,-0.15346550000000003,0.4527619999999999
TEST_08708,2.98601,0.6650349999999997,-0.6060580000000001
TEST_08709,4.421002,-0.9880335000000001,0.9157334999999998
TEST_08710,1.8393264999999999,0.1076955,0.60504
TEST_08711,2.4746295,-0.8803399999999999,0.2475745
TEST_08712,1.8438060000000003,-1.1289720000000003,0.8310195000000001
TEST_08713,2.4505135,0.14091299999999998,0.17423100000000002
TEST_08714,3.4074044999999993,-0.4730144999999997,-0.33433949999999996
TEST_08715,1.3306370000000003,-0.18482500000000004,0.1412835
TEST_08716,2.9812089999999998,-0.3886915,0.7196969999999998
TEST_08717,3.0828469999999997,-0.155413,-0.45380600000000004
TEST_08718,3.639783499999999,-0.10358550000000001,1.1681195000000002
TEST_08719,5.442538000000001,0.8949745,2.0459345
TEST_08720,3.7849490000000006,0.4008424999999999,0.7648645000000001
TEST_08721,3.9873200000000004,0.09108450000000001,0.6350295000000001
TEST_08722,3.8240600000000002,0.764508,1.6052504999999995
TEST_08723,1.8275995,0.4696760000000001,0.6519035
TEST_08724,2.824796,0.4364775000000001,0.23496
TEST_08725,1.0792729999999997,-0.3626135000000001,-0.024076999999999994
TEST_08726,1.4996395000000005,0.049357,0.147278
TEST_08727,2.9801865,0.23905150000000003,0.821202
TEST_08728,1.0153269999999999,-0.8826965,0.26142450000000006
TEST_08729,1.7192105000000004,0.4386064999999999,0.0358985
TEST_08730,1.5663874999999998,-0.056759000000000004,0.3134265000000001
TEST_08731,3.7205719999999993,0.38724299999999995,0.246857
TEST_08732,2.9066234999999994,0.600967,1.367279
TEST_08733,3.032147,0.0038404999999999997,0.3091070000000001
TEST_08734,3.251097499999999,-0.4705735,-0.438046
TEST_08735,1.6112359999999994,0.3381375,0.4105000000000001
TEST_08736,1.5778310000000004,-0.18709749999999997,0.82718
TEST_08737,2.889991000000001,-0.24598300000000003,0.72749
TEST_08738,3.2113249999999995,1.4927805000000003,1.7312915000000002
TEST_08739,2.3894160000000015,0.3411955,-0.2291035
TEST_08740,1.560867,0.2373015,-0.45603449999999995
TEST_08741,3.595614000000001,-0.096131,0.24635149999999995
TEST_08742,1.4973005000000006,0.4344419999999999,-0.01381050000000001
TEST_08743,1.6531665,0.7560249999999998,0.3155405
TEST_08744,3.8293015000000006,0.1882065,-0.49097850000000004
TEST_08745,1.5076460000000003,-0.5915999999999999,-0.5595939999999999
TEST_08746,2.6374904999999993,-0.15545199999999995,-0.8845589999999997
TEST_08747,2.9283770000000002,0.15643500000000005,-0.24036099999999996
TEST_08748,1.6404985,-0.167556,0.18613750000000007
TEST_08749,2.9694189999999994,-0.5710485000000001,-0.43516449999999995
TEST_08750,3.826698500000001,1.535786,1.5410604999999997
TEST_08751,1.3237325000000006,0.21399499999999996,0.08265050000000002
TEST_08752,2.195127500000001,-0.9336285000000001,0.058662000000000006
TEST_08753,2.093527999999999,-0.5854085000000002,0.04263499999999999
TEST_08754,1.903679,-0.40095500000000006,0.29314399999999996
TEST_08755,1.6269554999999998,-0.5874759999999999,-0.1560145
TEST_08756,3.3849470000000004,-0.16193149999999998,1.0528595000000003
TEST_08757,3.518609,0.5625809999999998,0.7680855
TEST_08758,0.9182299999999999,0.06941050000000001,0.013131499999999996
TEST_08759,0.9814295,-0.11299100000000001,-0.26701549999999996
TEST_08760,1.8492274999999996,0.19750800000000002,0.35667099999999996
TEST_08761,2.5473049999999997,1.5018925,0.07691149999999998
TEST_08762,3.223501500000001,0.6932420000000001,0.47792500000000004
TEST_08763,3.110676,1.123174,0.0144
TEST_08764,2.2370575,-0.6857629999999999,-0.34464900000000004
TEST_08765,0.798233,-0.15616750000000001,-0.18097999999999997
TEST_08766,2.52623,0.10453949999999998,-0.37907900000000005
TEST_08767,2.213817500000001,1.0981439999999998,-0.7453695000000001
TEST_08768,3.9386710000000003,-1.0205175,0.2508834999999999
TEST_08769,1.8627774999999995,0.6693045,0.08768000000000001
TEST_08770,1.3422015000000003,0.0809885,-0.09006350000000002
TEST_08771,1.5341710000000002,-0.17796100000000004,-0.23094499999999996
TEST_08772,4.543931,0.030511500000000004,-1.0023265
TEST_08773,2.5292484999999987,0.16135800000000006,0.154084
TEST_08774,2.312649,-1.3790870000000002,-0.6563374999999998
TEST_08775,2.5652245000000002,0.0173185,0.662588
TEST_08776,2.1271520000000006,-0.168748,0.4006860000000001
TEST_08777,3.7848405000000005,0.7389654999999997,1.0548430000000002
TEST_08778,4.765913500000001,0.5650809999999999,-0.9429465000000001
TEST_08779,2.5612329999999996,-1.1711449999999997,-0.45519050000000005
TEST_08780,2.2634990000000013,-0.25270549999999997,0.6413774999999999
TEST_08781,2.340090000000001,0.14780250000000006,-0.5689774999999999
TEST_08782,1.4471984999999996,-0.23566350000000003,-0.08005699999999999
TEST_08783,4.431313499999998,0.12609850000000006,-0.9252385000000003
TEST_08784,3.3781235000000005,0.04265850000000004,-0.5998635
TEST_08785,4.745843499999998,1.3095155000000003,-0.028733000000000012
TEST_08786,1.415733,-0.1816935,-0.505435
TEST_08787,3.389901499999999,0.148598,0.7736314999999999
TEST_08788,2.371044499999999,-0.036222,-0.03021850000000003
TEST_08789,3.0613115000000013,-1.5345139999999997,1.042264
TEST_08790,1.41438,-0.4369655,0.49690749999999995
TEST_08791,2.8252144999999995,-0.024425999999999986,0.16656749999999998
TEST_08792,2.1397530000000007,0.7154424999999998,-0.7567525
TEST_08793,1.868296,0.144607,-0.29633149999999997
TEST_08794,1.3333160000000004,0.14752200000000001,0.04104400000000001
TEST_08795,0.9643170000000001,0.05332250000000002,-0.008615000000000001
TEST_08796,1.9415355,0.0791335,0.14178049999999995
TEST_08797,2.7553895,1.5418040000000004,0.29621800000000004
TEST_08798,1.9851649999999998,0.4476714999999999,-0.15509850000000003
TEST_08799,5.4047665,-0.7922645000000001,0.3065955
TEST_08800,2.3877800000000002,-1.1062890000000003,0.3184739999999999
TEST_08801,4.5593344999999985,-1.4720505,-0.7075285
TEST_08802,3.0179264999999993,1.3384199999999997,0.26576099999999997
TEST_08803,2.7917724999999987,-0.08453699999999999,0.5774735000000002
TEST_08804,2.3049764999999995,-0.9291184999999996,0.7217015
TEST_08805,2.8632405,0.8080800000000002,0.7306675000000001
TEST_08806,3.7401250000000004,1.3349285000000002,-0.14773550000000005
TEST_08807,1.9907724999999998,0.12589350000000002,-0.0946475
TEST_08808,2.6426065000000003,0.17441600000000007,0.5539429999999999
TEST_08809,1.9914124999999996,0.04193350000000001,-0.12080050000000003
TEST_08810,2.1386675000000004,0.192139,0.2736505
TEST_08811,2.4087354999999997,-0.018868000000000003,-0.6633690000000001
TEST_08812,1.7646625000000002,-1.0652194999999993,-0.727534
TEST_08813,1.131251,-0.09343849999999998,-0.09076749999999997
TEST_08814,1.29976,0.5453270000000001,-0.4520185000000001
TEST_08815,1.4280129999999998,-0.449543,0.14991149999999998
TEST_08816,1.1547419999999997,-0.20142449999999995,-0.37047
TEST_08817,2.476067999999999,0.22940549999999993,0.5818094999999999
TEST_08818,4.465365500000002,0.40248200000000006,-0.6121219999999997
TEST_08819,1.8495895,-0.8179515000000002,0.5071265000000003
TEST_08820,2.3119884999999996,0.057454,-0.5232804999999999
TEST_08821,3.3637689999999996,0.24864100000000008,0.028023500000000007
TEST_08822,1.9511235000000005,-0.4049469999999999,-0.29279949999999993
TEST_08823,1.5760389999999997,0.3282820000000001,0.14246150000000002
TEST_08824,2.6791964999999993,-0.186842,0.18211349999999998
TEST_08825,1.679739,-0.5212010000000001,0.9430974999999999
TEST_08826,3.4051634999999996,0.2583810000000001,-0.8022575000000001
TEST_08827,1.4597029999999998,0.3369190000000001,0.127863
TEST_08828,2.3376045000000003,-0.2796595,0.12858149999999996
TEST_08829,0.8990250000000002,0.3569025,0.470368
TEST_08830,2.620441500000001,0.7078819999999997,-0.7579825000000001
TEST_08831,1.7986939999999998,-0.3420004999999999,-0.06349799999999994
TEST_08832,2.6394450000000007,0.5105429999999999,0.3397685
TEST_08833,3.556307499999999,0.8824000000000001,0.47884599999999994
TEST_08834,1.7156529999999997,0.3075555,-0.13078900000000004
TEST_08835,1.59019,0.4169305000000001,0.5047664999999997
TEST_08836,3.3177355,-1.4548505000000003,1.2067675000000002
TEST_08837,2.9751905,-1.6245849999999997,-0.37993649999999995
TEST_08838,3.1563405000000007,-0.10940699999999998,1.048711
TEST_08839,5.3893084999999985,-0.4873424999999999,1.3412639999999998
TEST_08840,3.7357325,1.4474465,0.5820735000000001
TEST_08841,1.0130355,0.20586849999999995,0.19757849999999996
TEST_08842,3.8640975000000006,1.4394724999999997,0.7135345
TEST_08843,2.6627989999999997,-1.6858350000000002,-0.7337069999999999
TEST_08844,2.8187815000000005,0.020726499999999995,0.199964
TEST_08845,2.6058974999999993,0.5966480000000001,-0.15632249999999995
TEST_08846,3.2950054999999994,-0.339549,-0.602135
TEST_08847,1.9786874999999997,1.2683425000000002,-0.9297035000000003
TEST_08848,6.1949855,1.8085145000000002,-0.6979670000000002
TEST_08849,1.5958285,-0.3717035,-0.0837785
TEST_08850,2.9050139999999987,-0.022884000000000005,-0.7212564999999999
TEST_08851,0.9449845,0.20864149999999998,-0.23555749999999998
TEST_08852,1.1353285000000009,-0.8845810000000001,0.337327
TEST_08853,1.3242590000000005,-0.162564,0.0109075
TEST_08854,1.9168229999999997,0.620903,-0.19083199999999995
TEST_08855,3.7231015000000003,-0.5863674999999999,0.5644825
TEST_08856,1.5298654999999997,-0.4040115000000001,-0.19713000000000003
TEST_08857,3.9942835000000008,-0.17802800000000002,1.9686830000000002
TEST_08858,2.6301344999999996,0.7468885000000002,-0.7841015000000002
TEST_08859,1.937452,0.3832129999999999,-0.5129960000000001
TEST_08860,0.9190069999999999,0.2750269999999999,-0.04185100000000001
TEST_08861,3.2934850000000004,-0.252992,0.8759214999999998
TEST_08862,1.4134964999999997,-0.24789300000000006,0.1612635
TEST_08863,2.1200595,0.37994950000000005,0.06588200000000002
TEST_08864,3.3127895000000005,0.09655349999999999,0.148121
TEST_08865,3.6021395,0.9602649999999997,1.7565205
TEST_08866,1.6834994999999997,-0.44067149999999994,-0.426388
TEST_08867,2.327752,0.4920054999999999,-0.2927764999999999
TEST_08868,2.326755999999999,0.7353594999999999,-0.4572330000000001
TEST_08869,3.160965,-0.7404074999999999,0.878765
TEST_08870,4.7893370000000015,-0.7166815000000001,1.5018890000000003
TEST_08871,1.0692574999999997,0.099032,-0.01759199999999999
TEST_08872,0.9081844999999998,-0.18343750000000003,0.2594915
TEST_08873,1.8517900000000003,-0.3467835,-0.172455
TEST_08874,2.3759724999999996,0.1939745,0.09999500000000001
TEST_08875,2.3442855000000016,0.39982850000000003,-0.022256000000000012
TEST_08876,1.4741174999999997,-0.2908295000000001,0.20453750000000004
TEST_08877,3.8050210000000004,0.6866884999999999,-0.24264000000000005
TEST_08878,2.3121565000000013,0.8330725,-0.40582149999999995
TEST_08879,5.402049000000002,0.09128449999999999,1.1463989999999993
TEST_08880,3.7811755000000002,0.878908,0.9965424999999997
TEST_08881,3.7069215,-1.5276010000000004,0.3006874999999999
TEST_08882,1.0233879999999997,0.07934699999999997,0.371841
TEST_08883,2.683138500000001,1.7495650000000003,1.1380279999999994
TEST_08884,3.0712845,-0.16545049999999997,0.28548299999999993
TEST_08885,1.015961,0.24381899999999995,0.0261045
TEST_08886,1.7080995000000003,0.26463749999999997,-0.06388999999999997
TEST_08887,3.228446999999999,0.4986875,0.00036199999999999774
TEST_08888,2.5701119999999995,0.5102214999999999,-1.1857849999999999
TEST_08889,1.4746595000000005,0.2252335,0.10742350000000003
TEST_08890,2.9868049999999995,0.3354435000000001,-0.37088600000000005
TEST_08891,1.5727364999999995,-0.04465000000000001,-0.2953914999999999
TEST_08892,1.0059790000000004,0.15286349999999996,0.3291934999999999
TEST_08893,2.9686895,-0.19476049999999995,0.31991650000000005
TEST_08894,2.7308209999999997,1.528064,1.1107520000000002
TEST_08895,2.395409,-0.43620250000000016,-0.01501750000000001
TEST_08896,1.9872115,-0.6104054999999999,1.217622
TEST_08897,4.119866999999999,-0.249857,-0.7400809999999999
TEST_08898,1.290962,-1.1647034999999994,-0.4852389999999999
TEST_08899,0.9544005000000002,0.3208970000000001,-0.12493949999999998
TEST_08900,2.371292499999999,-0.4049305000000001,0.429084
TEST_08901,1.850889,0.08290199999999999,-0.3138240000000001
TEST_08902,2.0501194999999988,0.39011450000000003,-0.17839149999999995
TEST_08903,3.370968,-0.6773529999999998,0.9092765000000002
TEST_08904,2.4142494999999995,-0.4144875,0.38686849999999995
TEST_08905,1.4375734999999994,0.15760800000000003,0.25282600000000005
TEST_08906,2.7465640000000002,0.2781744999999999,-0.13322650000000003
TEST_08907,2.4856925000000007,0.433215,-0.1655145
TEST_08908,2.268826,-0.8903605,0.5446470000000001
TEST_08909,4.021777999999999,1.4322575,0.771375
TEST_08910,3.020063500000001,-1.6295900000000003,0.8189565000000003
TEST_08911,1.273135,-0.21852299999999994,-0.21471150000000003
TEST_08912,1.9924355,-0.15272299999999994,0.535974
TEST_08913,2.854447,0.3794125,-0.943384
TEST_08914,2.9986784999999996,-0.305678,0.6140684999999999
TEST_08915,1.3641205,0.0535955,-0.13163649999999996
TEST_08916,2.952462999999999,-0.09688699999999996,0.347004
TEST_08917,3.591391000000001,-2.1565205,-0.513349
TEST_08918,3.8088184999999997,-1.4280459999999995,-0.23805050000000003
TEST_08919,2.3175820000000007,-1.4372815,0.6301184999999999
TEST_08920,4.8593645,-0.12106449999999998,0.36290750000000005
TEST_08921,4.941490500000002,1.9845044999999988,0.0021954999999999995
TEST_08922,3.7537174999999996,-0.21151249999999996,0.6102464999999998
TEST_08923,3.0055575,0.016058500000000003,0.42699650000000006
TEST_08924,1.5066439999999997,-0.3278485,0.6061394999999998
TEST_08925,2.194596,0.45744299999999993,0.3649585000000001
TEST_08926,2.7275599999999995,-0.2778675,-0.8061989999999997
TEST_08927,2.9588605,-0.14736950000000004,0.4887670000000001
TEST_08928,5.442317499999998,0.041279500000000004,0.6396394999999999
TEST_08929,4.3069545,-0.076146,-1.1102409999999998
TEST_08930,2.7191254999999996,0.4634499999999999,-0.7542404999999999
TEST_08931,3.721321500000001,-0.5477504999999999,-0.7333310000000002
TEST_08932,4.132380999999999,0.9341900000000001,-1.2356210000000003
TEST_08933,0.9096925000000002,0.41987950000000007,-0.10945649999999998
TEST_08934,2.244638,1.6684330000000003,-0.44221449999999995
TEST_08935,1.2148504999999998,0.41374,0.2560604999999999
TEST_08936,1.5306904999999997,0.2784240000000001,0.149456
TEST_08937,3.9500760000000006,-1.6532040000000003,0.773792
TEST_08938,5.761205000000001,0.40125350000000004,-1.1654290000000005
TEST_08939,1.1101715000000003,-0.0731285,0.18564700000000006
TEST_08940,2.3268405,0.6814154999999997,0.42845450000000007
TEST_08941,1.1501634999999997,0.134862,0.23640350000000004
TEST_08942,1.7064655000000002,0.7795964999999999,0.5386595000000003
TEST_08943,1.8222210000000003,-0.109628,-0.29862849999999996
TEST_08944,2.8522844999999997,0.46782700000000005,-0.19074649999999999
TEST_08945,4.591965499999999,1.6876579999999994,0.027278499999999997
TEST_08946,3.3874269999999997,-0.19988100000000003,0.12845549999999994
TEST_08947,1.3293940000000002,0.3844749999999999,-0.46027700000000005
TEST_08948,3.1728125,0.23739449999999995,-0.2937655
TEST_08949,4.549606,0.6088294999999999,0.9065825000000001
TEST_08950,2.6052860000000004,1.635418,0.5603304999999998
TEST_08951,2.6007789999999993,0.7832125000000002,0.4351484999999998
TEST_08952,3.1816969999999998,1.7242620000000004,1.6942080000000004
TEST_08953,3.845891999999999,0.4646585000000001,1.07567
TEST_08954,1.75894,0.3750180000000001,0.368768
TEST_08955,1.1194484999999998,0.27904749999999995,-0.19658650000000003
TEST_08956,3.7892425000000003,-1.4953295,0.4921890000000001
TEST_08957,1.8161785000000004,0.46344600000000014,0.14042699999999997
TEST_08958,1.8061184999999997,-0.9686965000000002,0.03973199999999999
TEST_08959,2.6636334999999995,-0.9065940000000002,0.8675804999999999
TEST_08960,1.4936789999999993,-0.11682600000000001,0.06525650000000001
TEST_08961,5.1801185000000025,0.9838400000000004,1.0856784999999993
TEST_08962,1.3986460000000003,-0.6077754999999998,0.3332404999999999
TEST_08963,1.5409204999999995,1.1068785,-0.5866785000000003
TEST_08964,2.7401715000000006,-0.044884999999999994,0.096982
TEST_08965,2.4418129999999993,0.037114500000000016,-0.3315185
TEST_08966,5.1926665,0.5281530000000001,0.5507835000000002
TEST_08967,2.3659395000000014,1.2801090000000004,0.158422
TEST_08968,4.98024,-0.31434799999999996,1.0192495000000004
TEST_08969,4.0343855,0.18343249999999997,-0.8054075
TEST_08970,1.5138095000000003,0.01730900000000001,-0.21313099999999996
TEST_08971,4.0257975,-0.5020764999999999,-0.6295479999999998
TEST_08972,4.550677,-1.234362,-1.0051
TEST_08973,0.9086539999999999,-0.276049,0.2722825
TEST_08974,3.187768000000001,-1.368109,1.2652325000000002
TEST_08975,2.907534,-0.6698825000000002,0.45571150000000005
TEST_08976,2.7534025,-0.513501,1.6580220000000003
TEST_08977,3.2161880000000003,-0.2742365000000001,0.9338865000000002
TEST_08978,2.2909960000000007,-0.7371334999999999,1.3437284999999997
TEST_08979,2.9404510000000004,-1.3778015,-0.826486
TEST_08980,2.0498985000000007,-0.245485,0.419902
TEST_08981,3.4891680000000003,0.14191550000000003,0.45754549999999994
TEST_08982,2.0451525000000004,0.03869900000000001,-0.2244130000000001
TEST_08983,2.8109064999999998,-0.12329649999999998,0.1068915
TEST_08984,3.0576605,-0.05674450000000001,0.8413754999999999
TEST_08985,1.9952439999999996,-0.2687570000000001,0.613662
TEST_08986,1.899706,0.7551380000000001,0.37719900000000006
TEST_08987,3.603093500000001,-0.0831005,-0.015407499999999977
TEST_08988,2.7367604999999995,-0.1740585,0.00464800000000002
TEST_08989,3.2201329999999997,-1.0294880000000002,0.8433230000000002
TEST_08990,1.2622415,0.23135599999999998,-0.23453500000000005
TEST_08991,2.4275779999999996,0.023743,0.029851499999999982
TEST_08992,2.139567499999999,-0.6978449999999998,-1.0821494999999999
TEST_08993,3.5113229999999995,1.7630815000000006,0.5407635000000002
TEST_08994,2.7784949999999995,-0.27391,0.1329785
TEST_08995,0.8073629999999998,0.1356965,0.171458
TEST_08996,2.424190000000001,0.4981550000000001,0.3320890000000001
TEST_08997,0.9846295000000002,-0.4268930000000001,0.3201429999999999
TEST_08998,3.100840500000001,-0.7976669999999999,0.6899390000000001
TEST_08999,3.9493055000000004,-0.5803565,-1.191689
TEST_09000,4.419393499999999,-1.1163709999999998,0.4501934999999999
TEST_09001,2.503678999999999,-0.18759049999999994,0.3427465
TEST_09002,1.7331005000000008,0.27119099999999996,0.795752
TEST_09003,2.802562,-2.384284,-0.54152
TEST_09004,2.640265,0.0494005,0.24482700000000013
TEST_09005,1.3120170000000007,0.6131550000000001,-0.17288650000000003
TEST_09006,4.442994000000002,-1.043173,0.8298540000000002
TEST_09007,4.057255,0.476622,1.1872135000000004
TEST_09008,5.557819500000003,-0.6958585,0.11193299999999998
TEST_09009,0.9805360000000003,0.3116580000000001,0.16593549999999996
TEST_09010,1.0739535,-0.18289650000000007,0.1191245
TEST_09011,1.6424735,0.08855999999999999,-0.07723849999999999
TEST_09012,3.6048940000000007,-0.011753500000000004,0.39621249999999986
TEST_09013,1.4526075,0.04272199999999998,-0.17255399999999999
TEST_09014,1.6442549999999998,-0.056141999999999984,0.7175965
TEST_09015,3.0606445,0.46631400000000006,0.4877120000000001
TEST_09016,2.136832,0.149475,-0.8381814999999997
TEST_09017,1.303235,0.6912459999999999,0.6204500000000003
TEST_09018,3.2052250000000004,0.9234310000000001,-0.6943715000000001
TEST_09019,2.2454189999999996,-0.9831635000000002,0.6339600000000001
TEST_09020,2.1099200000000007,0.18323349999999994,-0.9560919999999998
TEST_09021,3.327114,-0.3496300000000001,0.8200810000000001
TEST_09022,2.1860419999999996,-0.145091,0.06705699999999996
TEST_09023,3.2674280000000007,-0.05779900000000001,-0.3303005
TEST_09024,1.941999,0.0845315,-0.15006599999999998
TEST_09025,3.9795875000000005,1.2343954999999998,0.8949920000000002
TEST_09026,1.2085154999999999,-0.06717399999999998,-0.42970299999999995
TEST_09027,3.9592340000000004,-0.49926349999999997,-0.14641850000000006
TEST_09028,2.9689900000000007,-0.038618,-0.08207400000000002
TEST_09029,4.6090175,0.7769315000000001,-0.5464904999999998
TEST_09030,5.255734500000003,-1.0727819999999997,1.7495875000000005
TEST_09031,2.036415499999999,-1.0976040000000002,-0.12435699999999998
TEST_09032,2.170632500000001,0.45950899999999995,0.25027900000000003
TEST_09033,2.1728354999999993,0.2696915000000001,0.6024565000000002
TEST_09034,1.5501714999999996,0.29575699999999994,0.20161449999999997
TEST_09035,1.4334335000000005,0.2894759999999999,0.20102449999999997
TEST_09036,1.6276535,-0.6694695000000002,-0.14823550000000002
TEST_09037,3.9890285,0.6923464999999998,-0.5652239999999997
TEST_09038,0.8934544999999998,-0.26175700000000013,0.4149065
TEST_09039,4.7307405,1.7386820000000003,-0.9306980000000001
TEST_09040,1.6438544999999998,-0.6064175000000002,-0.11769950000000001
TEST_09041,1.2466974999999996,0.25160150000000003,-0.30101650000000013
TEST_09042,3.3281675000000006,-1.5969240000000002,0.8975915000000001
TEST_09043,1.2253735,-0.5013124999999998,-0.04842499999999999
TEST_09044,3.480983,0.26879,-0.17685350000000002
TEST_09045,2.128179500000001,0.9899564999999999,0.7161085000000003
TEST_09046,1.5068544999999998,0.9821275,0.07446999999999998
TEST_09047,2.2368155000000005,0.5044825,-0.006648
TEST_09048,3.947664000000001,1.6431705,0.3004385000000001
TEST_09049,2.9008564999999997,0.5007545000000001,-0.20384200000000002
TEST_09050,1.4336564999999997,0.1625355,0.12168899999999998
TEST_09051,1.7066625000000002,-0.22030099999999997,0.173012
TEST_09052,2.0762290000000005,-0.133422,-0.23958000000000002
TEST_09053,3.0793610000000005,0.23340100000000003,-0.30890699999999993
TEST_09054,3.4949315000000003,-1.7376079999999994,-1.1155244999999998
TEST_09055,1.2052189999999998,-0.355496,-0.011724499999999999
TEST_09056,2.7089290000000004,-0.26861999999999997,0.7036094999999998
TEST_09057,3.1773789999999993,-1.1173285000000002,0.8766050000000001
TEST_09058,4.251068999999999,0.047027,-0.636916
TEST_09059,1.3729639999999999,0.715533,-0.21201450000000005
TEST_09060,2.7924444999999998,0.5228605,-0.9555830000000003
TEST_09061,1.6150005000000003,-0.5064854999999997,0.37182000000000004
TEST_09062,1.378455,-0.4217970000000001,0.3065789999999999
TEST_09063,2.1353714999999998,-0.36131450000000004,0.4553935
TEST_09064,2.0246405000000003,-0.026472,0.3622779999999999
TEST_09065,2.739065,-0.08526,-0.5169315000000001
TEST_09066,2.6974124999999995,0.33335900000000007,0.030699500000000008
TEST_09067,3.5370929999999996,0.5886239999999999,0.09109449999999997
TEST_09068,3.2681710000000006,0.7093429999999998,0.6436915
TEST_09069,3.0624214999999992,-1.3236079999999997,-0.781004
TEST_09070,2.2253540000000003,-0.3633075,-0.6152420000000003
TEST_09071,2.0990784999999996,0.11918700000000003,0.33304999999999996
TEST_09072,3.488351000000001,0.519611,0.4197105
TEST_09073,2.2184924999999995,-1.3530590000000005,0.24226649999999997
TEST_09074,2.6281144999999997,-0.5692680000000003,0.37058099999999994
TEST_09075,1.3028090000000003,0.087593,-0.044026499999999996
TEST_09076,4.262158,0.7267624999999998,-0.8426814999999999
TEST_09077,2.2582395,-0.02613600000000001,0.3457380000000001
TEST_09078,2.7531754999999993,-0.753283,0.26767799999999997
TEST_09079,1.9332795000000005,-0.7778599999999999,0.2564780000000001
TEST_09080,4.468677500000001,1.0364729999999995,-0.16254849999999998
TEST_09081,5.1129764999999985,-2.0664795,-0.6236465
TEST_09082,1.4492789999999998,-0.9823160000000004,0.5925294999999999
TEST_09083,1.1134095000000006,-0.22594000000000003,-0.026125999999999996
TEST_09084,3.2858294999999997,-0.32883650000000014,0.5477989999999999
TEST_09085,2.1500285000000003,0.7410215000000002,-0.21634399999999995
TEST_09086,3.9183109999999997,-0.25500549999999994,1.0586310000000003
TEST_09087,2.014562000000001,1.4128185,0.6030110000000002
TEST_09088,4.148272999999999,2.239165499999999,0.3260174999999999
TEST_09089,3.131501,0.5522714999999998,-0.2688045
TEST_09090,2.400074000000001,0.4433440000000001,0.2497325
TEST_09091,2.5473075000000005,-0.13766849999999997,-0.21200899999999995
TEST_09092,4.321353500000001,0.020448499999999998,0.37325749999999996
TEST_09093,2.5645649999999995,0.0773945,0.1277435
TEST_09094,2.9239425000000003,-0.8402865000000002,0.8756124999999998
TEST_09095,2.2903044999999995,0.962564,0.8579794999999998
TEST_09096,3.3206260000000007,0.5700654999999999,0.7401199999999999
TEST_09097,1.7428095000000001,0.15933949999999997,-0.37029600000000007
TEST_09098,5.0954109999999995,-1.4657749999999998,0.07177799999999997
TEST_09099,3.3502495000000003,0.9671135,-1.167288
TEST_09100,1.551526,-0.2624349999999999,-0.08674399999999996
TEST_09101,1.8616254999999997,0.2737995000000001,-0.5124960000000001
TEST_09102,2.162686,0.16546150000000004,0.6258235000000001
TEST_09103,3.4281910000000004,0.29446700000000003,-0.15233350000000007
TEST_09104,1.4258855000000001,0.11908700000000005,0.4075245000000001
TEST_09105,3.9590120000000004,-0.5115795000000001,0.3563190000000001
TEST_09106,2.534675000000001,0.7302799999999998,-0.5384549999999999
TEST_09107,1.2546080000000002,0.0466985,-0.20904850000000003
TEST_09108,2.8286014999999995,-0.4196430000000001,0.18172450000000007
TEST_09109,1.5659200000000002,-0.2917234999999999,0.5926779999999998
TEST_09110,5.3069045,-0.5810534999999999,-0.7544435
TEST_09111,2.6614105000000006,0.9417300000000002,-0.6599035
TEST_09112,1.9475119999999997,0.6000165000000002,0.616485
TEST_09113,3.6287275,0.8760055,0.972723
TEST_09114,1.8628159999999998,-0.6571910000000001,-0.20039600000000002
TEST_09115,2.092434,0.46235399999999993,-0.45327049999999985
TEST_09116,4.4617375,0.5360395,-0.18725750000000002
TEST_09117,2.6652834999999993,1.0362185000000002,-0.6086305000000001
TEST_09118,1.5419374999999997,-0.07681800000000003,-0.259764
TEST_09119,4.7172205,-1.0582885000000002,-0.7377860000000003
TEST_09120,4.188446999999999,2.464606999999999,0.25809349999999986
TEST_09121,4.072300500000002,-0.909584,0.9421475000000001
TEST_09122,1.9397000000000006,0.998496,0.3025385000000001
TEST_09123,2.7351045,-2.235196,-0.12175300000000001
TEST_09124,1.4043985,-0.0006994999999999953,-0.2541225
TEST_09125,2.4396164999999996,0.4734735,0.3304974999999999
TEST_09126,4.963806000000001,-0.5951815,-0.27730149999999987
TEST_09127,1.6899095000000002,0.11719500000000005,-0.4495640000000001
TEST_09128,2.0012689999999997,0.148505,0.5854919999999999
TEST_09129,1.9580379999999997,0.7401394999999998,-0.16596350000000004
TEST_09130,1.0694840000000005,-0.05570999999999999,0.27558
TEST_09131,2.1601595,0.47901150000000003,-0.28381749999999994
TEST_09132,1.2202239999999995,-0.5300684999999999,-0.360418
TEST_09133,1.6757725000000003,-0.3045645,0.3443090000000001
TEST_09134,2.429892,-1.6165010000000002,1.2068135000000002
TEST_09135,1.4582914999999999,-0.6443865,-0.08547899999999996
TEST_09136,2.1718054999999996,0.33504999999999996,0.934993
TEST_09137,3.6299885000000005,1.7011409999999996,0.8671825
TEST_09138,3.0865125,0.0451435,0.5498195000000001
TEST_09139,4.378655,-0.675632,-1.1003154999999998
TEST_09140,2.207837,0.7081945000000001,-0.843604
TEST_09141,3.1397204999999992,0.2691705,-0.42281050000000003
TEST_09142,1.5648499999999999,0.043599,0.42785500000000004
TEST_09143,3.263479499999999,0.17315300000000006,0.173072
TEST_09144,3.6436025,0.3015170000000001,0.4971609999999999
TEST_09145,4.409944499999999,-0.1397815,-0.7091279999999996
TEST_09146,2.6173520000000012,0.354919,0.20009550000000004
TEST_09147,1.8336415000000001,-0.6651659999999998,0.016366
TEST_09148,2.8312425,-0.31349799999999983,-0.541594
TEST_09149,3.526833999999999,0.6530469999999997,0.101299
TEST_09150,3.000992,0.41283400000000003,0.864985
TEST_09151,2.791947500000001,-0.396201,0.014345500000000021
TEST_09152,2.928815,-1.3307575000000003,-0.4141995
TEST_09153,2.752163,0.932741,-0.7055519999999997
TEST_09154,2.244071999999999,0.20167450000000003,-0.17259000000000005
TEST_09155,1.0634965000000003,0.0027694999999999977,-0.11584549999999999
TEST_09156,1.5439199999999995,0.31764650000000016,0.49554599999999993
TEST_09157,3.279270499999999,-0.5818414999999998,-0.5633615000000002
TEST_09158,2.823988,-0.15159500000000004,0.1937915
TEST_09159,5.6426859999999985,0.7635424999999998,1.3918915
TEST_09160,4.526133,-1.3471465,-0.10439699999999998
TEST_09161,1.9742515,0.237681,0.256528
TEST_09162,1.7381115000000005,-0.032978,-0.4953009999999997
TEST_09163,2.1016389999999996,0.16951550000000004,0.4510750000000001
TEST_09164,2.3533355,0.4240935000000001,0.167586
TEST_09165,2.5354904999999994,0.755077,-0.10634800000000004
TEST_09166,1.4553174999999996,-0.45713649999999983,0.20413149999999997
TEST_09167,4.555762000000001,-1.3839739999999998,1.0768019999999998
TEST_09168,1.6822930000000005,-0.8392240000000002,0.22275299999999998
TEST_09169,1.1840849999999998,0.3358784999999999,0.25308800000000004
TEST_09170,2.5071135,0.4010315000000001,0.8929985000000003
TEST_09171,2.3206665,-0.2905345,0.07682399999999998
TEST_09172,2.101597,0.17001699999999995,-0.013366999999999999
TEST_09173,2.5084069999999996,0.027014499999999997,0.11373750000000002
TEST_09174,3.5197004999999995,0.054118,-0.714769
TEST_09175,1.2754795000000003,0.091587,-0.32626350000000004
TEST_09176,1.0281019999999998,0.006019,0.027410500000000004
TEST_09177,4.163366500000001,0.11975850000000002,1.5960760000000005
TEST_09178,1.6873844999999998,-0.021539000000000003,0.4510179999999999
TEST_09179,3.7325425,0.05837449999999998,0.694532
TEST_09180,2.5797655000000006,-0.26219349999999986,0.7722315000000001
TEST_09181,0.8403274999999998,0.2541585000000002,-0.011257500000000002
TEST_09182,2.096186500000001,0.6488375000000001,-0.05125699999999999
TEST_09183,1.2331974999999997,-0.516045,0.14223950000000002
TEST_09184,3.2303645000000003,0.17709800000000003,-0.20319600000000002
TEST_09185,2.0969740000000003,0.8924189999999999,0.7446920000000002
TEST_09186,3.260520500000001,0.4406515000000001,0.09406800000000001
TEST_09187,3.9846600000000003,-0.17384499999999997,-1.2488095
TEST_09188,3.3702175000000003,1.1234175,-1.1647599999999998
TEST_09189,3.9820825000000006,0.25513250000000004,0.7700264999999997
TEST_09190,4.031426500000002,-1.2638325000000001,0.9472565000000002
TEST_09191,2.9674875000000016,0.05508400000000001,0.36328400000000016
TEST_09192,3.044847999999999,0.08394850000000001,-0.5057749999999999
TEST_09193,3.0177450000000006,0.6769260000000001,-0.3147199999999999
TEST_09194,1.7590430000000001,0.33001499999999995,0.061116
TEST_09195,1.8574610000000005,-1.0252965,-0.7196069999999999
TEST_09196,4.272045500000001,-1.3549260000000003,-0.4523030000000001
TEST_09197,1.6369125,-0.42096049999999996,0.0937665
TEST_09198,2.0939975,0.5959270000000002,0.773164
TEST_09199,2.0966125,-0.2475065,1.1270709999999995
TEST_09200,2.7981810000000005,-0.981724,0.5250765000000001
TEST_09201,4.0797550000000005,-0.22457850000000007,1.0980010000000002
TEST_09202,1.929414,1.6795925,0.16523950000000007
TEST_09203,1.7411519999999996,-1.8776134999999998,-0.6402329999999998
TEST_09204,1.770266,0.5740004999999999,-0.49276849999999994
TEST_09205,1.6829535000000002,-0.4458460000000001,0.5648195000000003
TEST_09206,4.2174075,-0.141391,0.373532
TEST_09207,3.652971,-0.27084450000000004,0.35386950000000006
TEST_09208,2.9223755,2.2892219999999996,-0.36739049999999984
TEST_09209,3.13298,0.15116349999999998,0.386436
TEST_09210,2.833790500000001,-0.288902,0.001030500000000002
TEST_09211,1.4281579999999998,0.17368750000000005,-0.21268449999999997
TEST_09212,4.3904285000000005,1.1899714999999997,0.4313324999999999
TEST_09213,3.0913875000000006,-0.3697459999999999,-0.6788995
TEST_09214,1.5161005000000003,0.3786244999999999,-0.18176149999999996
TEST_09215,3.3603455,0.7185454999999997,-0.44128100000000003
TEST_09216,1.2711474999999997,0.08772200000000002,-0.30296200000000006
TEST_09217,2.5926364999999993,-0.014771999999999995,0.6964294999999999
TEST_09218,2.2051225000000008,-1.7261785000000003,0.19183099999999997
TEST_09219,3.3996534999999994,0.33739700000000006,0.021892500000000016
TEST_09220,2.3777880000000007,-0.18372900000000003,0.27028800000000003
TEST_09221,3.064089499999999,0.09185750000000002,-0.15948499999999996
TEST_09222,1.5416145,-0.37245950000000005,-0.2620945
TEST_09223,4.447292499999998,-0.474861,1.100689
TEST_09224,3.0628024999999997,0.25890350000000006,1.1691959999999997
TEST_09225,2.8927264999999998,0.14865049999999996,-0.8912279999999999
TEST_09226,3.1345179999999995,0.27444,-0.020818
TEST_09227,2.3146085,-0.6387169999999999,-0.18003799999999995
TEST_09228,2.7245190000000004,0.038491999999999985,-0.6322140000000002
TEST_09229,2.756436,1.4835265000000006,0.6948545000000003
TEST_09230,4.107902000000001,1.1903565000000005,1.6774654999999998
TEST_09231,2.2441024999999994,0.6091474999999997,-0.0014965000000000004
TEST_09232,1.212352,0.31996299999999994,0.3686855
TEST_09233,3.756152000000001,1.9125994999999998,1.1691345000000002
TEST_09234,2.549542,-0.028010499999999987,-0.02816799999999997
TEST_09235,1.5558295000000002,-0.069703,0.33446749999999986
TEST_09236,2.1605114999999997,0.008782000000000002,-0.7833355000000002
TEST_09237,1.5982425000000005,0.2688854999999999,-0.12454399999999999
TEST_09238,1.1775380000000006,0.13825600000000005,-0.2328055000000001
TEST_09239,4.9386969999999994,0.7822134999999999,1.3767040000000001
TEST_09240,2.190670000000001,0.4116170000000001,0.37738499999999997
TEST_09241,2.6358055,-1.5767824999999995,-0.3331045
TEST_09242,2.3342245,-0.9443915,0.4183894999999999
TEST_09243,2.908970999999999,-1.1944179999999998,0.6571889999999999
TEST_09244,2.6689124999999994,0.06498899999999999,0.30814949999999997
TEST_09245,1.8859354999999998,-0.6378124999999999,0.059127000000000006
TEST_09246,5.063551499999999,1.3184005,-0.9463064999999999
TEST_09247,3.389906,0.018262999999999998,0.5002745000000001
TEST_09248,3.717004499999999,-0.6243889999999999,0.5320134999999999
TEST_09249,4.617672999999999,0.7364779999999997,-0.2136325
TEST_09250,1.3182010000000004,-0.0193695,0.17417950000000001
TEST_09251,3.049367,0.19259599999999996,-0.1447025
TEST_09252,3.958452500000001,1.1093485000000007,-0.11238350000000003
TEST_09253,2.7060865,-0.02812149999999999,0.17206200000000005
TEST_09254,3.5100199999999995,-1.539373,-0.2948149999999999
TEST_09255,2.4553269999999996,-0.395511,-0.6021699999999999
TEST_09256,3.053672500000001,-1.4842239999999998,-0.7491239999999999
TEST_09257,1.583097,0.4720595000000001,0.5899164999999997
TEST_09258,4.090201,-0.5720369999999999,0.5408845000000003
TEST_09259,1.642336,-0.9946570000000003,0.4683035000000001
TEST_09260,1.2436729999999996,-0.07144399999999998,-0.25572300000000003
TEST_09261,1.013591,-0.025750000000000016,0.15075049999999995
TEST_09262,2.06038,0.306168,0.03902850000000001
TEST_09263,2.209755499999999,0.16021999999999997,0.5232615000000003
TEST_09264,3.3893310000000008,-0.5618700000000001,0.8805734999999999
TEST_09265,2.0422109999999996,-1.0994995000000003,-0.8570264999999999
TEST_09266,2.802250999999999,-0.469438,0.6179620000000001
TEST_09267,3.025785000000001,-0.2275105,-0.10139700000000001
TEST_09268,2.1059684999999995,-0.3024475,-0.004204500000000003
TEST_09269,1.914335,0.3422765,-1.312602
TEST_09270,2.275234999999999,0.465641,-0.36298600000000003
TEST_09271,1.7467489999999999,-0.426713,0.09929450000000004
TEST_09272,2.0812425000000006,-0.48104850000000005,-0.5534770000000002
TEST_09273,2.2240925000000002,0.5201710000000004,-0.15775899999999995
TEST_09274,3.4970855000000007,-0.7823070000000001,0.8203700000000003
TEST_09275,1.9328610000000006,-0.38440799999999997,0.1000925
TEST_09276,2.0114225,0.14217400000000002,-0.07289650000000002
TEST_09277,3.5268965,0.7043184999999998,0.28792149999999983
TEST_09278,3.148688000000001,-0.40868250000000006,0.18561699999999998
TEST_09279,4.767164000000001,-0.04954250000000001,0.3882785
TEST_09280,3.025419499999999,0.690857,0.7687689999999998
TEST_09281,1.8076405000000002,1.2330619999999994,-0.13410899999999998
TEST_09282,2.2603799999999996,-0.34276049999999997,0.4243730000000001
TEST_09283,2.6581295000000003,1.2242584999999995,0.3850430000000001
TEST_09284,2.4297340000000007,0.21899149999999995,-0.12881999999999993
TEST_09285,1.589705,-0.0121735,0.24537350000000005
TEST_09286,5.107646999999998,0.8123825000000002,0.6997084999999998
TEST_09287,2.6462079999999997,-1.3636930000000005,-0.3812394999999999
TEST_09288,3.349630499999999,0.9441184999999999,-0.7013590000000001
TEST_09289,4.2255695,0.04062299999999999,0.831718
TEST_09290,1.8243850000000004,0.12444600000000006,0.28629249999999995
TEST_09291,1.5490299999999997,-0.2972945000000001,-0.40629550000000003
TEST_09292,1.2451899999999998,-0.08473300000000003,-0.0806025
TEST_09293,1.1143294999999998,0.141135,0.11912500000000001
TEST_09294,2.2576589999999994,0.4984554999999999,-0.6717329999999998
TEST_09295,3.068823,-1.1240765000000004,-0.4127535
TEST_09296,1.0057705000000001,0.5817459999999999,-0.3710105
TEST_09297,1.963899,-0.1529695,-0.29666500000000007
TEST_09298,4.393908999999999,-0.9886934999999999,-0.6109890000000001
TEST_09299,1.725434,-0.3305525,-0.3317604999999998
TEST_09300,2.8847880000000004,-0.43737400000000004,-0.12437549999999994
TEST_09301,2.104968999999999,-0.441695,-0.45284450000000004
TEST_09302,1.3937139999999997,0.3109365,0.3652479999999999
TEST_09303,3.238701,-0.21540499999999999,0.11698549999999998
TEST_09304,2.619240500000001,0.05951500000000001,-0.13322699999999998
TEST_09305,3.390341500000001,-0.22423550000000012,0.033177
TEST_09306,1.6201379999999999,0.44402699999999995,0.18152749999999998
TEST_09307,4.242799500000001,0.14434049999999998,-0.7057164999999999
TEST_09308,1.9434310000000004,0.5062165000000001,0.04797100000000002
TEST_09309,3.007985500000001,0.8174065000000001,0.08266599999999999
TEST_09310,4.447770499999998,1.4851689999999997,0.6254169999999999
TEST_09311,3.0363945,-0.6365235,-0.495735
TEST_09312,1.4448335000000005,-0.04854950000000001,-0.002357000000000005
TEST_09313,2.196361,-0.9874119999999997,0.5786735000000001
TEST_09314,3.3521795,0.532986,-0.6380844999999999
TEST_09315,1.3696510000000002,0.6905435,0.33866399999999985
TEST_09316,4.5244075,-1.8772390000000003,0.4228955
TEST_09317,1.6442675,0.09961199999999999,0.45041850000000017
TEST_09318,2.22872,0.17057500000000003,-0.8022814999999999
TEST_09319,4.284408,-1.292075,2.307733
TEST_09320,3.941711999999999,0.3345330000000001,1.1024754999999997
TEST_09321,4.768309,-2.4843630000000005,1.5850415000000002
TEST_09322,3.501272000000001,-1.7205454999999998,-0.6890939999999998
TEST_09323,1.3055864999999995,1.0437849999999997,0.3350120000000001
TEST_09324,2.2421279999999992,-0.24832200000000001,0.5544264999999999
TEST_09325,2.5100155000000006,0.4688729999999998,0.3228895000000001
TEST_09326,1.3907905,0.34595849999999995,-0.17859450000000002
TEST_09327,4.653163000000001,0.014677500000000003,0.07336299999999998
TEST_09328,4.721465999999999,0.49725099999999994,0.2800005
TEST_09329,2.0964544999999997,0.31971649999999985,0.09740249999999998
TEST_09330,2.753577999999999,0.04555000000000001,0.6461705000000002
TEST_09331,3.1214165000000005,0.2628044999999999,-0.5197405000000003
TEST_09332,4.463297000000001,-0.7364525000000002,0.2417695
TEST_09333,3.016033,0.08376750000000002,-0.028935500000000024
TEST_09334,2.9791899999999996,0.40934650000000006,-0.11810549999999997
TEST_09335,4.181049,0.5681010000000001,0.039681499999999995
TEST_09336,2.6051160000000007,-1.1002599999999996,-0.3803255
TEST_09337,1.864629,-0.22916599999999995,0.8841769999999998
TEST_09338,3.1712,-0.11704200000000002,-1.0716779999999995
TEST_09339,1.1285004999999997,-0.15547250000000004,-0.28605949999999997
TEST_09340,1.0437490000000003,-0.23621949999999997,-0.1065365
TEST_09341,3.5644790000000004,-0.22077800000000003,-0.2631715
TEST_09342,1.6834765000000003,-0.6054664999999999,-0.16070299999999998
TEST_09343,4.355712999999998,0.18983350000000002,1.3622685000000003
TEST_09344,2.047148499999999,-0.6703935,0.401165
TEST_09345,4.058959000000001,1.6374974999999998,0.4569215000000001
TEST_09346,1.9885430000000002,-0.32411449999999997,-0.5136000000000003
TEST_09347,3.6723220000000008,0.3607984999999999,0.4635300000000001
TEST_09348,2.7386005000000004,-0.6678474999999998,0.3221709999999999
TEST_09349,4.1698275,1.5679370000000001,-0.885332
TEST_09350,2.3388335000000007,-0.733968,-0.393526
TEST_09351,1.7434850000000002,-0.2432795000000001,0.20611850000000004
TEST_09352,2.941485,0.892002,-0.6789950000000001
TEST_09353,2.834696,0.203927,0.7713399999999999
TEST_09354,1.0952994999999996,0.11675550000000001,0.11489800000000001
TEST_09355,1.8433725,-0.941688,0.36760250000000005
TEST_09356,3.9340344999999997,-1.6083715,0.30790700000000004
TEST_09357,3.047376,-0.5600759999999999,0.364101
TEST_09358,1.461906,0.19273300000000004,0.449788
TEST_09359,3.7451805000000005,-1.6925685,0.7653750000000001
TEST_09360,4.480004999999999,-1.627241,0.19709249999999998
TEST_09361,1.4853619999999998,-1.2517834999999997,-0.012480000000000005
TEST_09362,2.5808649999999993,0.13038699999999998,-0.40003
TEST_09363,3.9445475,-1.3529445,-0.5917585000000003
TEST_09364,2.2533905,0.21711200000000008,0.4778620000000001
TEST_09365,1.1336670000000004,-0.15807900000000003,-0.3559390000000001
TEST_09366,3.5467885,0.058275,0.0360195
TEST_09367,1.2641505000000006,-0.056485,0.2494945
TEST_09368,2.9252075000000004,0.9394019999999998,0.1710905
TEST_09369,2.397621,0.434944,0.3512915000000001
TEST_09370,0.7859974999999999,0.2566785000000001,0.2153195
TEST_09371,1.6097639999999998,0.07680399999999998,0.3839505000000001
TEST_09372,2.1417084999999996,-0.5699164999999997,-0.576198
TEST_09373,2.4332840000000004,-0.44415149999999987,0.232966
TEST_09374,3.4117664999999997,-1.2396435000000006,-0.6231515
TEST_09375,1.0528875000000004,-0.28679450000000006,0.1736525
TEST_09376,2.4860985000000007,-1.04391,0.6594815
TEST_09377,3.8268555000000006,-2.071952499999999,1.4894155000000002
TEST_09378,3.1218895,-0.807476,-0.16525800000000002
TEST_09379,3.0439600000000007,-1.0054284999999998,0.7199880000000002
TEST_09380,2.330657000000001,0.2053065,0.1010955
TEST_09381,2.3539325,-0.4332690000000001,0.18646049999999997
TEST_09382,1.9010245000000006,-0.2884,0.4907925
TEST_09383,3.7142399999999998,-0.5494949999999997,-0.6948285000000001
TEST_09384,2.463355500000001,0.139641,-0.041416499999999995
TEST_09385,3.5586959999999994,-0.14746149999999997,0.8504804999999999
TEST_09386,2.8210680000000004,0.50969,0.5028839999999999
TEST_09387,3.028317999999999,0.24650099999999994,0.59412
TEST_09388,2.8401659999999995,0.4114570000000001,-0.6549680000000001
TEST_09389,3.2844919999999997,-0.50577,-0.7269354999999998
TEST_09390,3.998139,-1.4344899999999998,-0.7343730000000002
TEST_09391,2.695347,0.41869249999999997,0.5787804999999999
TEST_09392,1.0466885000000001,-0.19134249999999997,-0.27875150000000004
TEST_09393,2.4093299999999993,-0.9112799999999996,-0.48368449999999985
TEST_09394,3.3602825000000003,-0.446463,0.08926500000000001
TEST_09395,1.2676574999999999,-0.39970150000000015,-0.2636005000000001
TEST_09396,2.699250000000001,-0.08700450000000004,0.267322
TEST_09397,1.3737874999999995,-0.02980500000000001,0.005036000000000009
TEST_09398,2.3652950000000006,0.7234365000000001,-0.01922549999999999
TEST_09399,3.5619489999999994,1.778927,-0.4178875
TEST_09400,1.6681024999999994,0.2814625,0.4701835
TEST_09401,3.3748975000000003,0.5293919999999999,-0.7607810000000004
TEST_09402,3.198008499999999,-0.9475715000000001,0.27141499999999996
TEST_09403,1.6912484999999997,0.45452099999999995,0.23000850000000006
TEST_09404,3.2382505000000004,-0.413006,-0.1332125
TEST_09405,1.2649199999999996,0.6480060000000001,-0.154606
TEST_09406,4.922084999999999,0.5718105000000001,-0.8173400000000002
TEST_09407,3.5771080000000004,1.1569730000000003,-0.21955950000000007
TEST_09408,1.8177059999999998,-0.6255939999999998,-0.5741405
TEST_09409,1.4652175000000003,0.6482870000000001,-0.092647
TEST_09410,2.2792174999999997,0.7078345,0.4453800000000003
TEST_09411,2.406486,-0.09262250000000001,0.22826850000000015
TEST_09412,4.954719999999999,-1.1132719999999996,-0.2911635
TEST_09413,3.0449050000000004,0.6485569999999998,0.08280249999999997
TEST_09414,1.7259635000000002,-0.8316490000000001,-0.36362500000000003
TEST_09415,2.680135,0.18247999999999998,-0.1594855
TEST_09416,2.615552,0.051293500000000034,0.9478894999999997
TEST_09417,3.839069000000001,2.320358500000001,0.6033685
TEST_09418,4.423604499999998,-0.05115099999999999,1.4515220000000002
TEST_09419,3.1365884999999993,-1.3658505000000003,-0.17677899999999996
TEST_09420,1.7572154999999998,-0.7107739999999999,0.3684704999999999
TEST_09421,2.0949155,-0.4461345000000001,-0.32864749999999987
TEST_09422,1.4540980000000001,-0.5253799999999997,0.42339150000000014
TEST_09423,3.9011380000000004,-0.3026185,0.47002199999999994
TEST_09424,1.354011,0.07806400000000002,0.3478985
TEST_09425,3.6052695000000003,0.806818,0.5499135
TEST_09426,1.8945435,0.21884149999999997,-0.7997330000000001
TEST_09427,3.3247989999999996,-0.6015445,0.18988050000000006
TEST_09428,2.5957434999999998,-0.3219405000000001,0.023235
TEST_09429,4.122727500000002,-1.0816024999999998,0.2205435
TEST_09430,3.3786399999999994,0.7363199999999999,0.6751995
TEST_09431,1.7276115000000005,0.641341,0.18316250000000006
TEST_09432,2.6643755000000002,-0.924077,1.1721194999999998
TEST_09433,2.5830564999999996,0.051750999999999985,-0.005875000000000012
TEST_09434,1.9139675,-0.41577449999999994,0.1809055
TEST_09435,1.3966455,0.25795600000000013,-0.4343530000000001
TEST_09436,4.501402499999999,1.9055329999999997,-0.0061799999999999945
TEST_09437,3.417792000000001,-1.4884275000000007,-0.7019569999999999
TEST_09438,1.3011854999999999,0.013392500000000003,-0.44982900000000003
TEST_09439,5.920045,-1.6973850000000001,-0.11170550000000001
TEST_09440,2.487551,-0.673206,0.041785
TEST_09441,3.1747560000000004,-1.1810330000000002,-1.030707
TEST_09442,0.4630315,0.369714,-0.20871550000000005
TEST_09443,2.525077500000001,-1.5887004999999998,0.9105169999999998
TEST_09444,2.0024414999999998,0.041091500000000024,-0.08763700000000003
TEST_09445,2.776017499999999,-0.3040210000000001,-0.07582449999999999
TEST_09446,4.357995500000001,-1.27114,-0.435673
TEST_09447,4.951508,-0.664527,0.8166815000000003
TEST_09448,2.6553344999999995,-1.3514730000000001,-0.09963749999999999
TEST_09449,2.4461434999999994,0.08797450000000001,0.249299
TEST_09450,3.1342444999999994,0.6448325,0.823141
TEST_09451,1.4251079999999998,-0.22259099999999998,-0.2661315000000001
TEST_09452,3.2135049999999996,0.9908035,-0.229145
TEST_09453,1.0951434999999998,-0.0396045,0.2967255000000001
TEST_09454,1.5185865,0.5205095000000001,-0.09675199999999999
TEST_09455,2.302867000000001,0.663265,-0.566714
TEST_09456,3.185968,0.215239,-0.06216249999999998
TEST_09457,3.1842515000000002,-0.14622149999999995,0.5954955
TEST_09458,5.5191225,0.3336500000000001,-1.1479115
TEST_09459,1.3429845000000005,0.5801054999999999,-0.411373
TEST_09460,2.7194535000000006,0.509141,0.2534274999999999
TEST_09461,2.4168485000000013,-0.4826515,-0.3865080000000001
TEST_09462,1.9257325,-0.23583200000000004,-0.193847
TEST_09463,1.9436794999999998,0.5577175,-0.25806049999999997
TEST_09464,2.833907999999999,0.13238500000000003,0.18386850000000005
TEST_09465,3.0772755,-0.5437165000000002,1.6312665000000002
TEST_09466,2.5244264999999997,0.4401330000000001,-0.12368450000000002
TEST_09467,1.1610364999999998,0.22761299999999995,0.12465050000000003
TEST_09468,3.4278565,1.336354,-1.1460665000000003
TEST_09469,3.665751000000001,0.5447930000000001,0.5028129999999998
TEST_09470,2.7748295,1.5328299999999997,0.123139
TEST_09471,1.0661364999999998,-0.3721694999999998,0.0280835
TEST_09472,3.351201500000001,1.4392335,0.17001000000000002
TEST_09473,2.6136405,-1.4266580000000002,-0.3228665
TEST_09474,3.6167404999999997,-0.4821990000000002,-0.14391399999999996
TEST_09475,1.7124374999999996,-0.05071950000000002,0.29547149999999994
TEST_09476,1.8363860000000003,0.6776090000000001,0.044247999999999996
TEST_09477,3.7863114999999996,-0.3760070000000001,0.44891899999999996
TEST_09478,2.786526500000001,-0.0362575,-0.5056589999999997
TEST_09479,5.157320499999999,-0.5056084999999999,1.4266654999999997
TEST_09480,4.0007595,0.22112949999999995,-1.4163039999999998
TEST_09481,4.7761619999999985,1.7711380000000003,-0.5730175000000001
TEST_09482,1.3182040000000002,0.07141449999999999,-0.33460349999999994
TEST_09483,3.982792999999999,-2.2466920000000004,0.6001470000000001
TEST_09484,3.3229504999999993,-0.15536349999999993,1.0796160000000004
TEST_09485,2.0851770000000007,0.15825599999999995,0.37082800000000005
TEST_09486,4.767303499999999,-0.44851549999999996,-0.3988924999999999
TEST_09487,2.8154275,0.855484,-0.44066700000000003
TEST_09488,4.9560344999999995,-1.2807464999999998,0.5582290000000002
TEST_09489,3.4635285,0.030425,-0.16340050000000003
TEST_09490,2.3847260000000006,0.1639355,-0.22122349999999996
TEST_09491,3.3522790000000002,-0.22680049999999996,-0.13900949999999995
TEST_09492,1.301183,0.3949650000000001,-0.0005379999999999994
TEST_09493,1.1015609999999996,-0.12579400000000002,-0.06481499999999998
TEST_09494,1.6552205,0.9649289999999999,0.6741240000000002
TEST_09495,1.7106309999999998,-0.516103,0.022206999999999998
TEST_09496,2.3677365000000012,0.9366889999999997,0.4094279999999999
TEST_09497,4.05457,1.5263809999999998,1.292332
TEST_09498,3.8201905,-1.2247574999999995,0.7123964999999998
TEST_09499,2.9794324999999993,-0.0431425,-0.8838440000000002
TEST_09500,1.7027729999999999,-0.03292100000000002,0.20276
TEST_09501,3.0893044999999995,-0.5388710000000001,-0.15303699999999998
TEST_09502,1.7911225000000006,0.2678634999999999,-0.32712149999999995
TEST_09503,3.8681815000000004,0.31877199999999983,0.47752649999999996
TEST_09504,3.0399090000000006,-0.6879955000000001,-0.6539915000000002
TEST_09505,4.158769500000002,-1.1250655,1.977554
TEST_09506,3.1693130000000003,0.3982809999999999,-0.8452644999999999
TEST_09507,2.2285675,0.4845195,0.4386915
TEST_09508,3.0667859999999996,-0.16500299999999996,0.49247550000000007
TEST_09509,2.1352884999999997,-0.25204099999999996,-0.32103550000000003
TEST_09510,2.7313975000000004,-0.8647564999999999,-0.43391500000000005
TEST_09511,2.0411565,-0.43764950000000014,0.13603699999999996
TEST_09512,2.106201499999999,-0.7938749999999999,0.8051975000000002
TEST_09513,2.2560079999999996,0.07513049999999998,0.31211500000000003
TEST_09514,2.424597500000001,-0.10323899999999998,0.10295250000000004
TEST_09515,0.9554005000000001,0.08704899999999999,0.22764249999999997
TEST_09516,4.779073999999998,-0.725699,0.7692964999999999
TEST_09517,2.1067170000000006,0.5988869999999997,0.5964280000000001
TEST_09518,2.2044565,-0.33994249999999987,-0.5367560000000002
TEST_09519,4.4644214999999985,-0.4323709999999999,0.848363
TEST_09520,1.4463139999999997,-0.8615999999999999,-0.35292900000000005
TEST_09521,3.3915144999999995,1.4370675,-0.8765130000000001
TEST_09522,3.9773814999999995,-1.4322395,-0.019384499999999992
TEST_09523,1.838568,-2.143855,-0.2875194999999999
TEST_09524,3.1388965000000004,-0.5204729999999997,-0.9917019999999995
TEST_09525,1.8989409999999998,-0.007503499999999991,-0.38091149999999996
TEST_09526,3.333474,-0.5853775000000001,0.29824550000000005
TEST_09527,4.819295000000002,1.6455209999999998,-1.017428
TEST_09528,2.0269484999999996,-0.4777189999999999,0.6160885
TEST_09529,3.080559500000001,0.049215,0.23651899999999992
TEST_09530,2.985661500000001,-0.23067700000000002,0.17290249999999996
TEST_09531,1.0477399999999997,0.012276499999999997,0.169485
TEST_09532,2.235150000000001,-1.126825,-0.6403905000000002
TEST_09533,2.2752079999999992,-0.131758,-0.07803900000000003
TEST_09534,3.0454270000000006,1.1601149999999998,1.2016535
TEST_09535,2.065256499999999,-0.0246575,0.20693200000000003
TEST_09536,1.785608,-0.9950380000000002,-1.0088074999999996
TEST_09537,3.1854195,0.9080355,-0.35339449999999994
TEST_09538,4.731413,-0.6933040000000004,1.0973089999999996
TEST_09539,2.9174180000000005,0.1887285,-0.049065
TEST_09540,2.7039819999999994,0.257536,-0.0051519999999999995
TEST_09541,3.3770835,-0.6162275,1.0397480000000003
TEST_09542,1.1333034999999998,0.28786849999999997,-0.2438054999999999
TEST_09543,2.1196535000000005,-0.3394805000000001,0.34157400000000004
TEST_09544,2.204567,-0.17164699999999997,0.34673149999999997
TEST_09545,4.694001499999999,1.3028535000000003,1.5107915000000003
TEST_09546,3.2048824999999987,-0.4397905000000001,-0.504354
TEST_09547,1.327731,0.130591,-0.23665999999999998
TEST_09548,3.022909499999999,-1.3639695,0.5596460000000003
TEST_09549,1.6909024999999998,-0.24578049999999999,-0.5859185000000002
TEST_09550,2.7336865,-0.601202,-0.6968250000000002
TEST_09551,3.0133175000000003,-0.43227499999999996,0.350433
TEST_09552,1.98482,0.6553280000000001,0.8047115
TEST_09553,2.8413200000000005,-0.8313949999999999,0.5801145000000002
TEST_09554,1.299549,0.18227,0.09656400000000001
TEST_09555,2.014947,0.16243000000000002,0.007900499999999998
TEST_09556,3.80764,0.08743700000000001,0.48528550000000004
TEST_09557,1.163983,-0.46032799999999996,0.071076
TEST_09558,1.720547,0.7771824999999997,-0.15365499999999993
TEST_09559,3.6182599999999994,-1.3505445000000005,2.084161000000001
TEST_09560,2.9862569999999997,-1.5236699999999996,0.7159060000000002
TEST_09561,2.2187860000000006,-0.27372650000000004,0.6239905
TEST_09562,1.5892215,-1.1290395,0.5888985000000002
TEST_09563,2.372114999999999,0.09260300000000002,-0.2842949999999999
TEST_09564,1.661443,-0.0418645,0.31440200000000007
TEST_09565,2.1712209999999996,-0.11886549999999997,-0.11425099999999998
TEST_09566,1.5130810000000001,-0.2776035000000001,0.29002549999999994
TEST_09567,4.799577500000001,0.320889,0.14819100000000002
TEST_09568,2.7521635,1.7747300000000004,-0.510119
TEST_09569,1.8384049999999998,-0.4127660000000001,0.286491
TEST_09570,1.7931945000000002,-0.2351085,0.10037349999999998
TEST_09571,2.007773499999999,-0.5282734999999997,-0.24479550000000005
TEST_09572,2.4151664999999998,1.0027649999999997,0.286425
TEST_09573,1.8226414999999998,0.25797749999999986,0.423676
TEST_09574,2.7212454999999998,1.1934265000000002,0.8451515
TEST_09575,3.1208039999999997,-0.1639255,-0.8307249999999999
TEST_09576,2.4273955000000003,-1.2561989999999996,0.15925899999999998
TEST_09577,1.9048599999999993,-0.09659,0.06981799999999998
TEST_09578,3.8986514999999997,0.5083875,-0.8194254999999999
TEST_09579,1.3791804999999997,0.9089014999999999,-0.33630250000000017
TEST_09580,2.063421000000001,0.09714500000000001,-0.5143405
TEST_09581,2.0378789999999993,-0.617494,-0.7197905
TEST_09582,1.6149384999999996,0.025143999999999993,-0.310937
TEST_09583,3.0899809999999994,-0.9350199999999997,0.8495379999999999
TEST_09584,2.8755505,0.40702949999999993,-0.46214349999999976
TEST_09585,4.4277125,0.9237020000000001,0.48351900000000003
TEST_09586,1.6974180000000003,0.48472550000000003,-0.14102199999999998
TEST_09587,3.0600375000000004,0.5422165000000001,0.594624
TEST_09588,2.566525,-0.6042209999999999,0.415222
TEST_09589,4.0359465,1.4875845000000003,0.29470700000000016
TEST_09590,3.059370999999999,0.18083600000000002,0.8152085000000002
TEST_09591,2.788356499999999,0.29476749999999985,-0.35580849999999997
TEST_09592,3.6623965,1.668362,1.9124440000000003
TEST_09593,3.252071499999999,0.3384275000000001,0.7137610000000001
TEST_09594,3.5932040000000005,-0.7577439999999999,0.5670564999999997
TEST_09595,2.136927,-0.23282300000000003,-0.8409945000000001
TEST_09596,3.761231500000001,-0.44246149999999995,-0.45219950000000037
TEST_09597,3.2193675000000006,2.312378499999999,0.6247615000000001
TEST_09598,2.154351,1.0317825000000003,-0.05919700000000001
TEST_09599,3.57564,0.8094849999999998,2.002525500000001
TEST_09600,3.5672414999999997,0.10125549999999997,1.2671450000000002
TEST_09601,1.0062935000000004,0.2966875,-0.20020699999999997
TEST_09602,1.7276270000000005,0.6416350000000002,0.44353649999999994
TEST_09603,2.291575,2.008294499999999,-0.11913150000000002
TEST_09604,2.9178565,0.09497450000000002,-0.14455949999999995
TEST_09605,1.5080824999999998,0.21084350000000002,-0.33885800000000016
TEST_09606,2.1482740000000007,-0.1578775,0.19785749999999996
TEST_09607,4.014140999999999,-0.11314949999999997,0.9360409999999995
TEST_09608,4.859037000000002,-0.5483515000000003,0.1302595
TEST_09609,3.6607339999999993,0.105867,0.16823249999999995
TEST_09610,2.622344,0.01646999999999999,0.7098555000000004
TEST_09611,2.2742339999999994,-0.14734749999999996,-0.46510700000000016
TEST_09612,3.5161050000000005,-0.7730450000000002,0.37081299999999995
TEST_09613,1.0167690000000003,-0.40873500000000007,0.19973049999999992
TEST_09614,2.9337719999999994,-0.8569355000000001,0.12789099999999998
TEST_09615,3.6561905,0.08820750000000001,0.6079249999999998
TEST_09616,2.6811525000000005,-0.350229,-0.30426
TEST_09617,3.948647000000001,1.2272570000000003,1.2545400000000002
TEST_09618,1.3698975000000004,0.3213895,0.3695335000000001
TEST_09619,1.6054400000000002,-0.46176300000000003,-0.5442749999999998
TEST_09620,2.0169605,-0.199448,-0.019698500000000008
TEST_09621,3.5322379999999995,-0.004810499999999988,0.018859500000000008
TEST_09622,1.7805305000000002,0.09305450000000003,0.4147489999999999
TEST_09623,2.1197619999999997,-0.34045649999999994,0.6556424999999999
TEST_09624,3.4557955,-0.24007399999999998,-0.17345400000000002
TEST_09625,4.8083875,1.0202255,0.5995975
TEST_09626,2.6689645,-0.32854250000000007,-0.6251625000000002
TEST_09627,1.9746885,0.3295624999999999,0.6053824999999997
TEST_09628,1.805768,-0.1065315,0.2543710000000001
TEST_09629,2.0442655,-0.36933300000000013,-0.7575579999999998
TEST_09630,3.8247565000000003,0.8180494999999998,-0.117175
TEST_09631,2.626711499999999,0.15997599999999992,-0.06630450000000002
TEST_09632,3.2050970000000003,-1.1869450000000006,-0.5793165
TEST_09633,1.686923,-0.11600849999999999,-0.4763785000000001
TEST_09634,1.9302634999999992,0.15357299999999996,-0.3609435000000001
TEST_09635,0.8146405000000002,0.2756225,-0.12797850000000002
TEST_09636,2.376103999999999,1.0983270000000003,-0.6628209999999999
TEST_09637,3.3736575,0.3921994999999999,0.7091194999999999
TEST_09638,3.6218645,-0.12730650000000004,0.39196899999999996
TEST_09639,1.9893074999999998,0.858579,0.5885064999999998
TEST_09640,1.9722210000000002,-1.2627805000000003,0.03661500000000001
TEST_09641,4.224572499999999,1.0801455,0.8907795
TEST_09642,1.8148505000000004,-0.38672649999999986,-0.7403210000000002
TEST_09643,0.9886754999999997,-1.012914,-0.161605
TEST_09644,2.299034,0.9458234999999997,0.5228074999999999
TEST_09645,1.7682455,-0.9395255,0.33095899999999995
TEST_09646,3.6466754999999997,0.011236499999999998,-0.26386899999999996
TEST_09647,3.6076115,1.1836244999999996,-0.3995819999999999
TEST_09648,1.2896025000000002,-0.9129380000000002,0.3856069999999999
TEST_09649,3.7738454999999993,0.009610499999999994,-0.06617100000000002
TEST_09650,2.1476235,0.056133999999999976,0.5066124999999997
TEST_09651,2.2269360000000002,-0.0527245,0.06335599999999998
TEST_09652,5.108552499999998,-0.43265149999999997,1.1637379999999997
TEST_09653,2.3189125000000006,0.27880349999999987,-0.39703849999999996
TEST_09654,3.389694,1.7881804999999993,0.18643600000000005
TEST_09655,3.0257545000000006,-0.220974,0.410725
TEST_09656,2.1223045000000007,-0.31891650000000005,-0.8062415
TEST_09657,1.8612705000000003,0.3960435,-0.3384405
TEST_09658,2.4236724999999995,-1.5713635000000001,-0.7841754999999999
TEST_09659,3.6060685000000006,0.47078149999999996,0.31529700000000005
TEST_09660,2.4283979999999987,-0.205945,0.017141499999999997
TEST_09661,3.3143935,-0.3057565,-0.035044000000000027
TEST_09662,2.0594665,0.14360699999999998,0.297527
TEST_09663,3.015001,-0.5222424999999999,0.29960699999999996
TEST_09664,3.8178970000000003,0.0019419999999999923,0.19334250000000003
TEST_09665,1.7067659999999996,0.3940085,1.039501
TEST_09666,2.4871454999999996,0.1792085,-1.2753280000000002
TEST_09667,4.2865375,-0.427779,0.15808300000000006
TEST_09668,2.7593870000000003,-0.6427134999999999,0.47147249999999996
TEST_09669,5.0609905,0.934188,0.015491500000000002
TEST_09670,1.0374285,-0.37742200000000004,-0.04495349999999998
TEST_09671,1.3608655,-0.14615899999999998,-0.027272500000000005
TEST_09672,2.515113499999999,1.5045875000000002,1.2076740000000001
TEST_09673,3.4069500000000006,-0.42504549999999997,-1.1699285000000001
TEST_09674,1.8350019999999996,0.174591,-0.26440350000000007
TEST_09675,2.377303500000001,-0.6604585000000001,-0.6326820000000001
TEST_09676,1.5567129999999998,-0.7888070000000003,-0.15177450000000003
TEST_09677,1.3499220000000003,0.294308,0.16902450000000002
TEST_09678,3.4500800000000007,0.7934600000000003,-0.9204854999999998
TEST_09679,2.3700415,0.6481050000000002,-0.2311145
TEST_09680,4.446458000000001,-1.8896455,-0.22644150000000002
TEST_09681,4.609484499999999,0.37217,-0.18931949999999997
TEST_09682,2.5965444999999994,0.739018,1.3209654999999998
TEST_09683,1.4018004999999998,0.40698449999999997,-0.4311855
TEST_09684,3.7203955000000004,0.9653344999999997,0.2360845
TEST_09685,0.875792,0.11974000000000001,-0.179046
TEST_09686,3.401704,0.9500144999999998,0.3602144999999999
TEST_09687,3.4999490000000004,1.092826,0.4778319999999999
TEST_09688,5.343887000000001,-1.1928649999999998,0.6469849999999999
TEST_09689,3.8079205,-0.1430825,0.34726349999999995
TEST_09690,2.1082375000000004,0.5092220000000002,-0.33242700000000003
TEST_09691,3.3575739999999987,-0.3497329999999999,-0.37799950000000004
TEST_09692,1.2436789999999998,-0.183075,0.14825299999999997
TEST_09693,3.252152999999999,0.6241635000000001,-0.5526065000000002
TEST_09694,1.1232925000000002,-0.5629120000000001,-0.2728619999999998
TEST_09695,1.9949509999999995,-0.083142,0.4880515000000001
TEST_09696,3.0315309999999993,1.1310444999999998,1.9024604999999994
TEST_09697,2.9983275000000003,0.36220699999999983,0.06463699999999999
TEST_09698,1.7917399999999999,1.4148684999999996,-0.3564680000000001
TEST_09699,4.693866999999999,1.4399740000000003,0.5868809999999998
TEST_09700,1.9567775000000003,0.5227845000000002,0.5205059999999997
TEST_09701,3.015378,-0.0765085,-0.17997749999999996
TEST_09702,1.7120784999999998,-0.503884,-0.1269615
TEST_09703,3.008107999999999,0.7669495,-0.2232745
TEST_09704,3.4865840000000006,0.3218420000000001,1.048015
TEST_09705,5.6478405,1.0121289999999998,-0.3755815000000001
TEST_09706,2.874391,-0.6060064999999999,0.4803439999999999
TEST_09707,3.6013345,0.074603,0.40084
TEST_09708,1.5247760000000004,0.6591125,-0.4474524999999999
TEST_09709,2.4582389999999994,-1.2765079999999998,0.0678775
TEST_09710,2.949622,0.047313499999999994,0.9290885
TEST_09711,3.0763644999999986,-1.0072649999999999,-0.7055484999999999
TEST_09712,1.8206354999999994,0.3985280000000001,0.16734100000000002
TEST_09713,1.7690040000000005,0.18502649999999998,0.243801
TEST_09714,2.597709,-0.15966249999999996,0.10618450000000001
TEST_09715,2.2876009999999996,-1.1666725000000002,-1.0076390000000006
TEST_09716,3.442975999999999,1.5934310000000003,0.054012500000000005
TEST_09717,3.243985,-0.7119285,-0.36215050000000015
TEST_09718,1.5916525000000006,0.908858,-0.16346250000000004
TEST_09719,2.8195015,-1.3578879999999995,1.1818964999999995
TEST_09720,2.8312880000000002,-1.779801,-0.8583700000000002
TEST_09721,4.123233000000002,1.0901055000000002,0.526959
TEST_09722,2.6981105000000003,-0.49767149999999993,1.5387805
TEST_09723,4.247422500000001,-1.3024104999999997,0.5630049999999999
TEST_09724,2.430988000000001,-0.011375499999999997,-0.168945
TEST_09725,1.3318805,-0.3110195,0.18092200000000005
TEST_09726,1.8121025000000004,-0.8711805,-0.3419650000000001
TEST_09727,1.9276114999999994,-0.4362250000000001,0.2538715
TEST_09728,6.240709000000001,1.869942,-0.9021645000000003
TEST_09729,1.5493085000000004,0.29599500000000006,0.16080449999999996
TEST_09730,3.1391605,-0.33824699999999996,-0.7252609999999999
TEST_09731,4.267816999999999,-0.21641250000000006,-0.6244484999999999
TEST_09732,2.312844999999999,0.8347834999999999,-0.47708449999999986
TEST_09733,0.8503539999999998,-0.0528815,0.0232005
TEST_09734,2.629765,0.3799059999999999,1.537972
TEST_09735,2.0409539999999993,0.6406689999999999,0.43661250000000007
TEST_09736,2.135881999999999,0.010455999999999998,1.2920640000000003
TEST_09737,3.382101499999999,-0.9670210000000002,0.040736
TEST_09738,3.251693499999999,0.5438715,1.3435055
TEST_09739,1.9326360000000005,0.6005525,-0.023060499999999998
TEST_09740,1.475282,0.07415299999999998,0.25828550000000006
TEST_09741,2.3471030000000006,0.11404950000000004,0.3077385
TEST_09742,1.2996124999999998,-0.420401,0.24661200000000003
TEST_09743,1.7907584999999995,0.6665500000000001,-0.2466980000000001
TEST_09744,3.927781499999999,0.05147,0.34488949999999996
TEST_09745,2.8611369999999994,-1.6444994999999996,-0.8061554999999999
TEST_09746,3.3741110000000005,0.573302,-0.7518560000000001
TEST_09747,3.491746000000001,0.32763400000000004,0.0311555
TEST_09748,2.694137500000001,0.13417450000000003,0.7150589999999997
TEST_09749,4.504868999999999,0.3938959999999999,0.7144290000000002
TEST_09750,4.861241999999999,-0.25628699999999993,-0.3942864999999998
TEST_09751,1.5222905000000004,-0.1447235,0.025015500000000003
TEST_09752,3.2328824999999997,-0.8397629999999998,-1.1101145000000003
TEST_09753,2.3252614999999994,-0.2813795,0.196096
TEST_09754,1.9672685000000003,-0.299089,0.3043874999999999
TEST_09755,1.0756619999999997,0.16201649999999998,-0.0478845
TEST_09756,2.468360499999999,-0.046375499999999986,0.21142499999999997
TEST_09757,1.5162295000000001,0.7045375,0.4237749999999999
TEST_09758,1.9642514999999998,-0.7698830000000001,0.8976299999999999
TEST_09759,3.1075160000000004,1.8476854999999994,-0.2789285
TEST_09760,4.248734500000001,-1.8377485,0.2886545
TEST_09761,4.790390499999999,-0.2240065,0.5200045
TEST_09762,1.7778465000000006,0.11862650000000002,0.6683580000000002
TEST_09763,1.3372700000000002,1.0770009999999999,0.5947110000000001
TEST_09764,1.5172575,-0.008730000000000009,0.24267799999999998
TEST_09765,1.9904474999999997,-0.29436249999999997,-0.20927999999999997
TEST_09766,1.488755,0.305566,-0.07488350000000002
TEST_09767,4.4220725000000005,1.0445164999999998,-0.8300465000000001
TEST_09768,1.4977159999999996,-0.36219250000000003,0.3470575
TEST_09769,2.997102,0.14148899999999998,0.3328285
TEST_09770,1.9667834999999994,0.25631149999999997,-0.5878035000000001
TEST_09771,3.5943359999999993,-0.40978400000000015,-0.05837200000000001
TEST_09772,2.992876,0.484643,1.1525750000000001
TEST_09773,1.300793,0.030927499999999997,0.13812799999999997
TEST_09774,1.6340534999999998,-0.076083,0.5138995
TEST_09775,3.1401535,0.3106755000000001,0.68001
TEST_09776,2.1905415,0.527544,1.1173629999999997
TEST_09777,2.014374000000001,0.5588710000000003,-0.2571524999999999
TEST_09778,4.842241499999999,-0.8553465000000002,0.29709949999999996
TEST_09779,2.6252760000000004,-0.6417394999999999,-0.6174280000000002
TEST_09780,2.4624705000000002,0.4083330000000001,-0.29194300000000006
TEST_09781,3.2288475,-0.28464599999999995,0.4318725
TEST_09782,1.486662,0.33671549999999995,0.366969
TEST_09783,3.077438,-0.5166925000000002,-0.826881
TEST_09784,3.8578989999999997,-0.065058,0.9130114999999999
TEST_09785,4.281756999999997,0.5488439999999999,0.596752
TEST_09786,2.3714565,-0.45280499999999996,0.9122985000000001
TEST_09787,4.241158499999999,0.5511445,0.071718
TEST_09788,2.0125910000000014,-0.19392099999999995,-0.283957
TEST_09789,4.396798500000003,-0.7624415000000002,-0.020852500000000003
TEST_09790,1.1372019999999996,-0.06831800000000002,0.34844750000000013
TEST_09791,2.3551455,-0.048853999999999995,-0.05079550000000001
TEST_09792,2.3789,-1.4678715000000002,-0.27196699999999996
TEST_09793,3.0539735000000006,-1.5501144999999998,1.1289230000000003
TEST_09794,2.9681065,0.19703,0.6212955000000002
TEST_09795,1.9152330000000002,-1.1204120000000002,0.2517425
TEST_09796,1.877014,0.2666860000000001,-0.26545149999999984
TEST_09797,2.1107314999999995,-0.300658,0.4961374999999999
TEST_09798,2.2468985,0.28049449999999987,0.788057
TEST_09799,5.471467999999998,1.1460249999999994,2.0759655
TEST_09800,4.345900999999998,0.6073065000000002,0.5296545000000001
TEST_09801,2.0180525000000005,-0.9431674999999999,-0.3645465000000001
TEST_09802,3.9911655,0.046646499999999994,0.40759000000000006
TEST_09803,1.2596725000000002,-1.4948465,0.17274049999999996
TEST_09804,2.228798500000001,0.17739450000000004,-0.021773999999999988
TEST_09805,2.8129989999999996,0.7752589999999999,-0.5350315000000002
TEST_09806,3.4754255,0.9634515000000001,0.8919829999999997
TEST_09807,3.302285000000001,-1.027539,0.5752489999999998
TEST_09808,5.409017,0.10072750000000003,0.8224094999999998
TEST_09809,2.1582965000000005,0.6495139999999999,0.16219799999999995
TEST_09810,3.2402885,0.186038,0.9000265000000001
TEST_09811,1.1043930000000004,0.46244850000000004,0.03767599999999999
TEST_09812,3.3275130000000006,-1.6611539999999996,-0.21407849999999995
TEST_09813,2.817406000000001,-0.33421950000000006,-0.16180350000000004
TEST_09814,2.6662379999999994,0.9662344999999999,1.3690400000000005
TEST_09815,2.277792500000001,-0.18928549999999997,0.129293
TEST_09816,2.5545389999999997,0.17036800000000002,0.878932
TEST_09817,3.1479584999999997,-1.6546119999999993,0.4693405
TEST_09818,3.738887499999999,-0.14639599999999997,-0.8923690000000002
TEST_09819,4.0481195,-0.11782049999999993,-0.110613
TEST_09820,2.4066910000000004,-0.2750850000000001,-0.3453334999999999
TEST_09821,2.2036664999999998,0.3153935000000001,0.708961
TEST_09822,1.4609230000000006,0.4523714999999999,0.5057625
TEST_09823,1.8942319999999997,-0.5083630000000001,0.7265310000000001
TEST_09824,3.9321629999999996,-0.4819959999999999,0.38865750000000004
TEST_09825,5.2883130000000005,-0.8372329999999999,-0.051779499999999985
TEST_09826,3.476352000000001,0.3252054999999999,0.6384549999999998
TEST_09827,2.66552,-0.667451,-0.3178319999999999
TEST_09828,3.710431,-0.22768,-0.503122
TEST_09829,1.0115924999999997,0.25464850000000006,0.6642314999999999
TEST_09830,2.8213055,1.295312,1.1425505000000005
TEST_09831,2.9088959999999995,0.769963,-0.52866
TEST_09832,2.8485074999999997,1.2187049999999997,0.8239699999999999
TEST_09833,3.5595609999999986,-2.1134104999999996,-0.353221
TEST_09834,2.8534894999999993,-0.11129600000000008,0.6580705
TEST_09835,1.7317369999999994,-0.6347090000000002,0.4516245
TEST_09836,4.013093999999999,-0.6083444999999998,1.200404
TEST_09837,2.6381765,-1.261236,-0.19226749999999998
TEST_09838,2.892087499999999,0.3409689999999999,1.218146
TEST_09839,4.02173,-0.7779390000000002,-0.8876545
TEST_09840,4.1230475,0.3406179999999999,1.600896
TEST_09841,1.8996515000000005,0.5853715000000002,0.17040249999999996
TEST_09842,3.7493815,-1.1441875000000001,-0.3660325
TEST_09843,1.4950624999999995,-0.3976330000000001,-0.06963449999999999
TEST_09844,3.024381,-0.5449885000000003,0.8677250000000001
TEST_09845,2.377249000000001,-0.10489550000000003,0.20133099999999998
TEST_09846,4.295606500000002,-0.7254225000000003,0.07060850000000002
TEST_09847,2.6875865,-0.8886765000000001,-0.4433085
TEST_09848,4.4604050000000015,1.4072349999999998,0.12325949999999997
TEST_09849,2.1114709999999994,0.5474295000000001,-0.12860249999999995
TEST_09850,3.1756705,-0.48873749999999977,-0.5181709999999999
TEST_09851,2.586982000000001,-0.040015500000000016,-0.19615449999999993
TEST_09852,4.847671,0.9273485000000001,1.2536245000000004
TEST_09853,1.5040475,0.08041300000000004,0.1359045
TEST_09854,3.0406535000000003,1.0418324999999997,-0.8428065
TEST_09855,1.952384,0.8632719999999999,-0.4015810000000001
TEST_09856,2.428251,-1.0488005000000005,1.2586105
TEST_09857,3.8714315,-0.8904595,-0.5685794999999998
TEST_09858,1.6878704999999998,0.7286865,-0.16909500000000002
TEST_09859,1.9952619999999999,-1.005984,0.4422775
TEST_09860,2.6024575,-0.6573545,-0.2852345
TEST_09861,3.3734465,-0.2373575,-0.5989555
TEST_09862,1.4755345000000004,0.27013999999999994,0.28481
TEST_09863,3.6174485000000005,-0.49254850000000017,-0.0658265
TEST_09864,1.6807235,0.39812099999999995,-0.6350765000000002
TEST_09865,2.9667165000000013,1.5782584999999998,0.594187
TEST_09866,1.6314170000000003,-0.7220015,-0.35798549999999985
TEST_09867,1.8405790000000002,-0.49138849999999995,0.051561499999999996
TEST_09868,3.3794474999999995,1.0268795,0.053972000000000006
TEST_09869,3.0253225000000006,1.1032915000000005,0.8754279999999999
TEST_09870,1.7929760000000001,0.8531479999999997,-0.15107350000000003
TEST_09871,1.3901075,0.5687460000000002,-0.10630500000000001
TEST_09872,2.986369000000001,1.0154020000000006,0.804136
TEST_09873,2.5026074999999994,-1.4621139999999997,-1.1237759999999999
TEST_09874,3.3094614999999994,-0.04297100000000001,-0.048829499999999984
TEST_09875,2.0866355000000003,-0.144713,0.22943650000000004
TEST_09876,2.8063414999999994,-0.8431784999999998,-0.07010299999999997
TEST_09877,3.4129999999999994,-1.054199,-0.6549155
TEST_09878,1.9308985,0.6641695,0.3902124999999999
TEST_09879,4.3475865,-1.0617355,2.042172500000001
TEST_09880,3.1309685000000003,-0.058641,0.8539789999999999
TEST_09881,1.9144425000000005,-0.9705159999999998,0.28003250000000013
TEST_09882,1.3769945,0.8152340000000002,-0.0336285
TEST_09883,2.5401984999999994,-0.3166950000000001,0.04683050000000003
TEST_09884,2.9550290000000006,0.5215135,1.5218474999999998
TEST_09885,2.888199,-0.8506734999999999,0.42962349999999994
TEST_09886,3.091509500000001,0.3505409999999999,0.9254789999999999
TEST_09887,1.5078734999999996,-0.4138449999999999,-0.2858415000000001
TEST_09888,4.807323999999999,-1.4636114999999996,-0.13268050000000003
TEST_09889,3.442005000000001,0.0379145,0.06420299999999998
TEST_09890,1.0440959999999997,0.03579299999999999,0.37361350000000015
TEST_09891,2.041500000000001,-0.39633900000000005,0.19724600000000003
TEST_09892,2.3502824999999987,-0.8033475000000001,-0.08710449999999997
TEST_09893,1.7912789999999996,-0.5130839999999999,0.22878199999999999
TEST_09894,1.8232520000000003,1.3989500000000001,0.6670775
TEST_09895,1.8697649999999997,0.7755264999999998,0.43932250000000006
TEST_09896,2.6757364999999993,0.4981829999999998,0.07736300000000002
TEST_09897,2.2931534999999994,-0.2848695,0.461372
TEST_09898,2.392397499999999,1.4006555000000005,-0.6700325
TEST_09899,1.7352254999999999,-0.7966279999999999,-0.3010339999999999
TEST_09900,1.562669,0.3098895000000001,0.06547249999999999
TEST_09901,2.0044035,0.306431,-0.125529
TEST_09902,1.6912239999999998,-0.6291340000000003,0.4443370000000001
TEST_09903,3.8255684999999993,-0.16228399999999998,0.614806
TEST_09904,4.242360999999998,-0.6908059999999999,0.19745250000000003
TEST_09905,1.7851720000000002,-1.4188269999999998,0.4797370000000001
TEST_09906,1.3786709999999998,-0.495379,0.2017395
TEST_09907,2.0103775000000006,0.7011359999999999,0.181224
TEST_09908,1.806094,-0.5965059999999998,-0.22248250000000003
TEST_09909,3.7637695,0.274694,-0.384636
TEST_09910,5.0232765000000015,1.3350779999999995,-0.5273234999999998
TEST_09911,2.862692,-0.551091,-0.2327009999999999
TEST_09912,2.5396695000000005,1.6346524999999998,0.10357150000000004
TEST_09913,3.6800004999999993,-1.1720160000000004,0.11931299999999996
TEST_09914,1.5450160000000004,-0.01967299999999999,0.072781
TEST_09915,0.7373965,0.22787999999999983,-0.09581150000000004
TEST_09916,2.412783,0.08443499999999998,-0.7021095
TEST_09917,2.3329344999999995,-1.6782554999999997,-0.22263899999999998
TEST_09918,2.3486640000000003,-1.4046574999999997,0.9732884999999998
TEST_09919,3.9317374999999997,-0.7813599999999998,1.8909654999999999
TEST_09920,2.9511685000000014,-0.396825,0.230958
TEST_09921,2.1370075,1.1115779999999997,0.23192550000000006
TEST_09922,1.3540550000000002,-0.41528449999999995,-0.38372100000000015
TEST_09923,3.2595955000000005,-1.0654105,0.6520785
TEST_09924,1.6867525000000003,0.113329,0.4961420000000001
TEST_09925,2.0409394999999995,0.7069755,-0.4910899999999999
TEST_09926,4.571700499999998,-0.7476770000000001,-0.1547614999999999
TEST_09927,5.1019605000000015,-1.0086964999999999,0.8915089999999999
TEST_09928,0.9505995,-0.34415549999999995,0.2076175
TEST_09929,1.5740505000000002,-0.17527350000000005,0.11031049999999998
TEST_09930,1.8831950000000002,0.40603900000000004,0.2505085
TEST_09931,2.5196689999999995,-0.074355,-0.218698
TEST_09932,1.4078994999999996,-0.17885299999999998,-0.5657214999999998
TEST_09933,3.1743929999999994,0.0328645,0.43492549999999996
TEST_09934,1.662118,0.6921660000000001,0.7076925000000001
TEST_09935,1.6152560000000002,0.734069,-0.3131765000000001
TEST_09936,2.7683709999999997,-1.4107359999999995,1.6059489999999998
TEST_09937,1.1462885000000003,-0.1602105000000001,0.5321985000000004
TEST_09938,4.905348499999998,1.4427819999999993,0.3861734999999999
TEST_09939,4.0928819999999995,-0.6036739999999998,1.2509440000000003
TEST_09940,3.255624000000001,0.2713550000000001,-0.7004370000000001
TEST_09941,2.2107885000000005,-0.5799294999999998,-0.5501975
TEST_09942,1.6656195000000005,0.0635625,-0.2320925
TEST_09943,4.1341105,-0.9565235000000003,-1.0220419999999995
TEST_09944,1.8060519999999993,0.43298099999999984,0.44847649999999994
TEST_09945,3.7809415,0.6159764999999999,1.1914669999999998
TEST_09946,2.0648139999999993,0.20882499999999993,-0.4716035000000001
TEST_09947,3.9645479999999997,0.008549499999999991,-0.09896750000000003
TEST_09948,2.8390649999999993,-0.5613955,0.7279869999999999
TEST_09949,4.472962500000002,-0.02815199999999999,1.3296815000000004
TEST_09950,1.9789079999999994,-0.4880365,-0.385263
TEST_09951,1.6840054999999996,-0.6715475000000001,-0.1362785
TEST_09952,1.187503,0.28167999999999993,0.4809365
TEST_09953,2.510158500000001,1.03938,-0.8287929999999999
TEST_09954,2.8247214999999994,0.14412400000000003,0.2747385000000001
TEST_09955,1.3068750000000005,-0.5037900000000002,-0.15619049999999995
TEST_09956,1.9633495,-0.7777430000000001,0.030583500000000007
TEST_09957,3.4207360000000007,-1.2333325,-0.4041855
TEST_09958,2.931184000000001,-0.45676449999999996,-0.5946664999999999
TEST_09959,4.719177,1.2001575000000004,0.0034015000000000026
TEST_09960,3.010525500000001,0.8337299999999999,-0.10889950000000001
TEST_09961,3.2535395,-1.0724725,0.8729099999999999
TEST_09962,2.8633935000000004,-0.8164035000000001,1.1231005000000005
TEST_09963,3.6280865,-0.28405500000000006,-0.24193699999999987
TEST_09964,2.8414625,-0.07970300000000001,-0.45902450000000006
TEST_09965,0.938897,0.3539025000000001,0.22554999999999997
TEST_09966,5.049785000000002,-0.8875869999999999,0.589075
TEST_09967,4.0521674999999995,-1.092619,1.2948295
TEST_09968,5.164519,-1.6713270000000002,0.8127375000000002
TEST_09969,1.9121035,0.662725,0.14077700000000004
TEST_09970,2.2164840000000003,0.23530049999999997,0.4632685000000001
TEST_09971,0.7310845000000001,0.1138885,0.04493000000000001
TEST_09972,2.2840829999999994,0.020175499999999992,0.5891689999999998
TEST_09973,2.9562159999999986,0.23443950000000005,-0.13933749999999995
TEST_09974,2.821358,0.9319415,0.8748254999999997
TEST_09975,2.0548230000000007,-0.5829469999999999,0.30607149999999994
TEST_09976,0.9098760000000001,0.07985700000000001,-0.18441949999999996
TEST_09977,1.117439,-0.24721900000000002,-0.155016
TEST_09978,3.1257635,-0.5672705000000002,1.0985645000000002
TEST_09979,3.608166999999999,-0.45852550000000014,-0.213227
TEST_09980,3.1971510000000007,1.0221624999999996,0.6290339999999999
TEST_09981,1.1030265,0.24556150000000002,0.1689354999999999
TEST_09982,1.3927469999999997,0.2738735,0.34997849999999997
TEST_09983,1.0024935,-0.08964600000000002,0.120576
TEST_09984,0.7799384999999999,0.201947,0.03944649999999998
TEST_09985,4.134373500000002,-0.357699,0.9756875
TEST_09986,2.325668500000001,0.41818799999999995,-0.8504675
TEST_09987,1.5497079999999999,0.5111225,0.6034809999999999
TEST_09988,2.0091585,-0.06585649999999998,0.19392000000000004
TEST_09989,3.2827630000000005,1.6150574999999996,-0.6031194999999999
TEST_09990,2.7072849999999993,0.6114729999999999,0.632813
TEST_09991,2.746410500000001,0.424967,0.5462690000000002
TEST_09992,1.6569564999999997,-0.6123994999999998,-0.8170915000000002
TEST_09993,2.7880409999999998,0.9913820000000004,0.8730599999999997
TEST_09994,1.504953,-0.24364849999999982,0.39003599999999994
TEST_09995,1.103159,0.4606430000000001,0.37448
TEST_09996,4.498438500000001,-1.4874399999999999,0.7643870000000001
TEST_09997,3.0903245,0.6329565000000001,0.700488
TEST_09998,1.410193,0.6004450000000002,-0.3916885000000001
TEST_09999,4.235080999999999,-0.23053249999999997,1.6535805000000006
TEST_10000,1.0440244999999997,-0.26916049999999997,-0.070272
