id,x,y,z
TEST_00001,3.98957262749958,-1.0523674494790736,0.045261888787188856
TEST_00002,1.9294425321246171,0.6169850187668409,0.7970958470215541
TEST_00003,0.8059197899166872,-0.19031541702464297,0.14815014936968204
TEST_00004,3.524421668368664,-1.6439147338782487,-0.9432356501431016
TEST_00005,2.3037074755396447,0.017721864140165824,-0.039938779523849166
TEST_00006,4.997346901140807,-0.7889656533755892,0.4982609861500919
TEST_00007,2.8984898872692093,1.001758004674428,0.8348758425202621
TEST_00008,1.4600308910318447,-0.4300199896690046,0.41671182165232223
TEST_00009,1.4523375636683893,0.4864569414685176,0.1512329474118707
TEST_00010,2.2568986324858127,-0.4089513178214541,0.17210778430390983
TEST_00011,2.330814911224258,-0.46294299820833223,0.019945269113133685
TEST_00012,4.01608002202083,1.5033924825600948,0.8969700402932437
TEST_00013,2.551537345932382,0.5827065176607568,-0.3125201411478913
TEST_00014,2.1577315692707653,1.4922323188800204,-0.21117569791095733
TEST_00015,3.002106515258298,-0.6893937537203814,0.8686527336347294
TEST_00016,3.2868918177887863,0.50747929406926,-0.5370289554536777
TEST_00017,4.006155672859413,0.8536436294848662,1.1594169839998945
TEST_00018,3.07133689651788,0.2605112309731387,-0.48574278683341743
TEST_00019,1.4136573437713476,0.08604236830183871,0.2903283178155532
TEST_00020,1.8779216722141334,0.06579113135673545,0.030415455478031206
TEST_00021,3.5113702460451632,-0.3691359888155406,-0.14288385125765435
TEST_00022,1.4024819877699373,0.2969310535212626,-0.2786913379613456
TEST_00023,2.1414424103024716,0.40069062027917346,0.6796165264785097
TEST_00024,3.761852649956445,-0.585953647650765,0.8177680157488086
TEST_00025,4.926366050141226,1.615237440244664,1.2152178134621958
TEST_00026,1.7909672656802804,-0.5947481742279687,-0.50857824575264
TEST_00027,3.451759745254872,0.18590692317899288,-0.33799254560030206
TEST_00028,3.424918266660108,0.4830217960077368,-0.06431198341039114
TEST_00029,2.177826826303551,-1.143400174945448,1.3383796274639244
TEST_00030,3.5373438225677267,-0.19211622035335682,1.2251802731118429
TEST_00031,1.3513166558862812,-0.9179579627607528,-0.10132285528963383
TEST_00032,2.5005396036790892,-0.80879842819231,-0.021897632435623638
TEST_00033,2.1607224532448783,-0.5841321502260595,0.47070022860653216
TEST_00034,1.992143545375589,-0.1499762882252126,0.39699834154483377
TEST_00035,2.0489783670798047,-0.15776121736530183,-0.22135566342625568
TEST_00036,3.5240575738107793,-1.404831797357442,-0.5459140921418016
TEST_00037,2.8390826923996686,-1.576299026617491,0.1853915312598557
TEST_00038,0.9650899136402992,0.39780204680781395,-0.3236639955006978
TEST_00039,5.157804484667911,0.772444641220102,-1.126085390250914
TEST_00040,2.371210322209739,0.31788598110499916,-0.2607738440877364
TEST_00041,3.2231655134979027,-0.41156123202766426,0.6934095687309213
TEST_00042,3.349158142240207,-1.5071647529227605,-0.5081997931649823
TEST_00043,4.087813742678346,1.6672004250513195,0.8972386734074236
TEST_00044,2.416222471653608,-0.7566792029538145,-0.22441665793229557
TEST_00045,1.5673233548060446,0.41059390716340555,-0.12092034850988101
TEST_00046,4.444068421946851,-0.1695543444810147,0.6006105234615179
TEST_00047,1.480981776542594,-0.26415618274061636,-0.22751257066956174
TEST_00048,4.150060412057534,-0.9403268727466338,0.49060312984143306
TEST_00049,2.218606006346679,0.3036476943494912,0.2965207458395838
TEST_00050,1.0839489781415856,0.5481862302308471,-0.23961613425146927
TEST_00051,3.2212754621618807,-0.3607092363064059,-1.05100811368369
TEST_00052,4.391387375509252,0.574758600966318,1.5038065377870664
TEST_00053,2.788833354655935,0.06539204398265988,0.16041508845549685
TEST_00054,2.546892975841715,0.22175470082869642,0.9944480702960571
TEST_00055,1.5477344167759224,0.08709947589124055,0.3601079945823713
TEST_00056,3.3770971441226494,-0.7683766031903604,-1.1109440604537009
TEST_00057,1.3416937816745753,0.21307230838447283,-0.18045274014527984
TEST_00058,3.5336986615259236,-0.6131891457610582,-0.2693517842031551
TEST_00059,3.1910585546104095,-0.45022067192171655,-0.1383569064079853
TEST_00060,2.0228585513624653,-0.9364232913921112,-0.6414043919746735
TEST_00061,1.928814234966044,0.016540580179252185,0.3424703494204008
TEST_00062,2.178684817278006,0.04193602491124352,0.7912338246442391
TEST_00063,2.7105075952162863,-0.012286637415280022,-0.7421246655164506
TEST_00064,1.8527537501933498,-0.2385916503043697,0.5410179192769993
TEST_00065,2.860234242577094,-1.3780210003725082,-0.7442801032359817
TEST_00066,2.302669561771036,0.5243135677679714,-0.3304169224621075
TEST_00067,3.6556183134831044,0.1305372851471968,0.19116727753847165
TEST_00068,3.1273223123436464,-0.21446619461237265,0.03891404252221621
TEST_00069,3.0620198875349987,-0.4189465040970181,-0.27195709786194716
TEST_00070,1.35759346821207,0.5188054754083635,0.5223886546654893
TEST_00071,2.687176700982008,-0.7849138127349049,0.6636201217522081
TEST_00072,2.251638327928307,1.0281628953793926,0.7762701793914192
TEST_00073,3.123908884207912,-1.1805196398306863,0.918707364420166
TEST_00074,1.3463331609484743,0.5331092272397384,0.2214632637885701
TEST_00075,0.9287802358033146,0.33075430428089125,-0.2619328731075979
TEST_00076,3.9652259545059794,0.19661316280501004,1.0439963665866934
TEST_00077,3.351544417724683,-1.3227876527166418,-1.0870449152277961
TEST_00078,1.2693525569241793,-0.4696504799905261,0.19083124135519972
TEST_00079,4.74107707149192,-1.391747501202758,1.3097960881635184
TEST_00080,1.4373351409109365,0.48749706878306714,0.4122843901703868
TEST_00081,3.625048996593116,-1.1666286437164102,1.2455165832178712
TEST_00082,2.214457778693241,0.20576874769854714,0.3993203237285692
TEST_00083,2.994724074393052,0.6531559803711608,0.5674462971482931
TEST_00084,2.602885937345829,0.30208549989894373,-0.18801352721784664
TEST_00085,1.9774016898497415,-0.4312448503830937,0.02915283920589675
TEST_00086,2.11071861744569,1.2868192709344202,0.2030164539560548
TEST_00087,3.921314223819617,-0.8743082555436524,0.6110177458078421
TEST_00088,5.237217729901248,-2.1878317583725675,1.313131539320755
TEST_00089,3.314793148335998,-0.0030355664718602297,0.1495814917742299
TEST_00090,3.025442101536531,0.6193564145499306,0.4738517540408583
TEST_00091,1.235624996021864,-0.3153189204681825,0.2126983983796925
TEST_00092,2.0041951136714653,-0.46668504808060446,-0.5255891546969346
TEST_00093,2.4462176350869687,0.4967301885506484,-0.36724692881458715
TEST_00094,1.77430086461118,0.5784818220410135,0.2717685215811754
TEST_00095,3.8426407739782595,-0.2138070663231278,-0.8711441286342316
TEST_00096,2.095755231313209,0.8209884258105283,-0.43132934232620257
TEST_00097,2.8161373388764575,-0.08990352022694979,0.2413780161234757
TEST_00098,4.808473751164925,-1.0765853149756612,-0.11965864992863234
TEST_00099,3.657496712674782,0.8207873068770092,0.728465611369647
TEST_00100,1.0379457920590007,0.29401070454297557,0.3694334623545346
TEST_00101,1.5994632792489671,-0.34326763603574195,-0.10367233126731697
TEST_00102,1.8437337518786203,0.4976448502422855,0.4197647286825253
TEST_00103,3.7222790759665534,0.08026048870928285,0.7956311288512653
TEST_00104,2.007071700309464,0.07645046022495934,-0.2661375086097739
TEST_00105,1.265116190067509,0.5209816808348375,0.39004262243493776
TEST_00106,3.1631597037388586,-0.08115783557839036,-1.1024790214263431
TEST_00107,4.178004516362616,-0.38374476223760773,1.074651288492678
TEST_00108,2.9996052231109602,-1.0590034335383283,-0.49508547417277704
TEST_00109,1.0208305995462112,-0.17283816097878346,-0.12071843641317413
TEST_00110,2.547052725589413,-1.6542009142428324,0.4274258610269191
TEST_00111,2.997955714642137,-0.423538455157125,-0.6459891924223623
TEST_00112,3.525822979372999,0.48095006320060557,-0.5815675847881884
TEST_00113,3.0573497334659936,-0.14854726289675832,0.4743841376194686
TEST_00114,2.8342984660265347,-0.44192497291638005,1.1886358777811847
TEST_00115,1.2120261629111873,-0.17978187912846752,0.38799843175508786
TEST_00116,3.694326688909452,-0.8497759047358238,-0.7124929957467112
TEST_00117,3.1341410550200184,0.45756715629475814,0.7433504691788639
TEST_00118,1.677526190840935,0.6120335464945189,0.49592760524545293
TEST_00119,4.853006590985192,-0.027564415259149305,-0.3593697922345883
TEST_00120,2.7232223222621443,-0.9961868310289848,0.5003530751606478
TEST_00121,4.852401518846351,-1.0336463027164566,1.3189257712561155
TEST_00122,4.269221501164714,0.5123340713381023,0.558724094582132
TEST_00123,1.7099407816595456,0.9257414820440462,-0.10328613083425964
TEST_00124,1.7413603622523064,0.1931252916090081,-0.18949036931327767
TEST_00125,2.125571508016563,-0.7788469022517601,0.7403766549274932
TEST_00126,1.530432448584842,-0.35125215536629584,-0.30890656134635225
TEST_00127,1.9166886863578114,0.32765879732798175,0.1314089918088122
TEST_00128,3.330674398213793,1.9583497959846752,0.5230083523722621
TEST_00129,3.547930984152545,0.4497184590155003,0.46834310542406143
TEST_00130,2.712617321028137,-0.1287587618551039,-0.012748905122291872
TEST_00131,1.5879253982963788,0.10973702505074703,0.296887258137832
TEST_00132,4.507297026316912,0.599773345343034,0.6010932372794011
TEST_00133,2.3404645486927205,0.6367474722619004,0.4946913477508039
TEST_00134,1.4245370649752975,0.7902411672898273,0.41038133538150146
TEST_00135,2.046471602255348,0.9282414388443699,0.34476872259256897
TEST_00136,3.3640412782677314,-0.11875236513158431,-1.0065495191895022
TEST_00137,1.8357140763904296,0.8518689586816781,-0.7200229279742515
TEST_00138,3.164266683171514,0.5572702032479151,-0.8091089995142753
TEST_00139,1.7887469618817364,-0.7758492816417791,-0.5027981176660219
TEST_00140,0.8927797225864065,0.5124648235872785,0.28509695332004426
TEST_00141,1.9550563969840835,-0.5600405253964479,0.1365844556131162
TEST_00142,1.1614936900017065,-0.05528107057006556,0.2258853414916596
TEST_00143,4.203216385031273,0.16750673367190874,0.955216011249729
TEST_00144,2.137360729043623,-0.19163827719150334,-0.0801847890112038
TEST_00145,5.174398933825977,0.0115291630675418,-0.55016278818831
TEST_00146,3.0686858950885156,-0.21835678634845923,-1.2839056882989797
TEST_00147,2.1998375128277714,-0.08664252095125582,0.7349084640096004
TEST_00148,2.7996893324898005,1.0038871037700623,-0.579841781871244
TEST_00149,3.363131036481434,1.1897936886745055,0.5416853923113387
TEST_00150,4.735927659510648,1.073135680401532,0.8028778614818244
TEST_00151,2.3120133038176878,0.0986151681670421,-0.13411774065016882
TEST_00152,2.4556755141180187,0.8135249543407492,0.42110748425155753
TEST_00153,3.7427318652404225,-0.3764586578637969,-0.5754979827532637
TEST_00154,2.9450262939144976,0.22886102594877095,-0.20652905102812727
TEST_00155,1.980530618774706,0.18038780517309067,-0.5890702695000589
TEST_00156,1.9514190109875578,-0.4715254505287062,0.3981045176287363
TEST_00157,2.39195118392942,-0.5613636751686593,0.6136937852739979
TEST_00158,2.6672589072482786,-1.4297156131965776,1.0788864436146068
TEST_00159,3.842390470319439,-1.2363424219944625,2.1102950403682215
TEST_00160,1.5144411197726904,-0.020869979648151515,-0.07775181283505087
TEST_00161,1.1294189315114975,0.5981123859754268,0.026656173791376626
TEST_00162,1.3227046100570832,0.9328074745241527,-0.0799444705055035
TEST_00163,3.7250614664046475,0.20981412465452695,0.051357490137551864
TEST_00164,2.508547692335652,0.07678945891275596,1.0389220154104686
TEST_00165,1.902062040314266,0.456490485277999,0.5042415703863288
TEST_00166,2.938363255899717,-0.5662006727873654,-0.17600329985395688
TEST_00167,3.7834942969084655,-0.05682704894060412,0.2682985061104487
TEST_00168,5.490685663591675,0.30891346860993385,0.09858651985019914
TEST_00169,2.6270004805569567,-0.4675075567533358,-0.18255519814685917
TEST_00170,0.9028962049775209,0.3976633061859859,0.2783781185938442
TEST_00171,3.4710051586517934,-0.1337482978782054,-0.06097940248303045
TEST_00172,4.975502639858408,0.7838477284840851,-0.878933575382509
TEST_00173,1.295608000395458,0.17649013843163056,-0.07700711669870015
TEST_00174,3.131439385983463,1.9347109693676392,-0.18251492376400763
TEST_00175,3.400167152344438,0.5752704804294467,0.5181802231962634
TEST_00176,0.9815919820448106,-0.6076370817702089,-0.175968990523678
TEST_00177,1.547772726750913,0.7638106883830976,-0.2159898758710846
TEST_00178,5.22481173750473,0.5599798184759046,-0.12891993166372873
TEST_00179,3.8282856039744573,1.4269270222014578,0.12653157317386418
TEST_00180,3.145835141279674,0.3870116849846477,0.2682245505230943
TEST_00181,2.8969479793065624,0.16723986471370966,0.018433360319329867
TEST_00182,1.476195573216201,-0.4203883207815864,-0.3213628751326316
TEST_00183,2.069916217594553,-0.18563166031912343,0.3649358104966149
TEST_00184,3.088264449273865,-0.09736329378024058,-0.25581802314851365
TEST_00185,3.024316110699849,0.841413262869204,-0.43850768469212364
TEST_00186,2.4538498374367497,-0.10658326207762367,-0.3849467070931491
TEST_00187,3.615960053304231,-0.6535186210165804,0.33857121599640305
TEST_00188,2.517129123268051,-0.35832405361922304,-0.0073308505666888815
TEST_00189,1.4303705067901378,0.7396417579663075,0.3017626105097797
TEST_00190,3.0168324973551677,-1.8767944706915738,1.1469333069318741
TEST_00191,2.7847044761147,0.41884821037473086,0.3520649735813673
TEST_00192,2.3564904060450176,-0.6925706641215038,1.1015293751264272
TEST_00193,2.9075991252594586,-1.115891745906404,1.1017020900372285
TEST_00194,1.375538573923243,0.1677393653132201,0.09375512933878585
TEST_00195,2.216194306594959,0.6474154729464164,0.5338769874433121
TEST_00196,3.3141528945487266,-0.27517111990859217,0.5282755055209858
TEST_00197,1.9926867689130299,-0.03551951575390033,0.08773729419570675
TEST_00198,3.723634604449883,-0.19711395906963552,0.7364905750318625
TEST_00199,3.2945781595865262,-0.5793382814549958,-1.105841094003028
TEST_00200,4.748884577151276,0.2832337835856767,-0.1949735031758865
TEST_00201,1.8172845480266107,1.0945519642819,-0.19567405792002263
TEST_00202,1.774301783932948,0.4140891955860961,-0.4763629043887511
TEST_00203,3.1079044396874442,-0.40795477353017606,0.07104719550442111
TEST_00204,3.216549207515154,0.983326072239963,-0.0113036729436819
TEST_00205,1.2855010986108217,0.48940217227306004,0.24526679278195854
TEST_00206,4.153073540675268,0.4153672526823964,0.5446469076351573
TEST_00207,3.8176466201496027,0.7548052346337041,-0.15098084099389183
TEST_00208,4.590467750948781,-0.3411416285535544,0.8274988568834541
TEST_00209,2.237795220215235,0.6579976242746728,0.17095828477995742
TEST_00210,2.4705575629606358,-0.1699764166485002,0.2101542823325866
TEST_00211,4.0852164646466,0.2674289908689799,0.17929781086092175
TEST_00212,4.075260133040072,1.0412403602180191,0.04070756039767991
TEST_00213,2.265578586754787,0.6918896677693936,-0.2532196182135431
TEST_00214,3.072169855414419,0.07251287741655653,0.41242720557787604
TEST_00215,2.816250838900724,0.2920757446648692,0.2779426749974933
TEST_00216,2.800837233062783,-0.5170704405608632,1.5594246441971722
TEST_00217,1.5056624242043695,0.17343635703255472,0.7251179107220063
TEST_00218,5.291268018706255,0.2219820506924204,-1.222524117256562
TEST_00219,1.3874800006304138,-0.28741187536239565,-0.22334769086689385
TEST_00220,3.2233060866626526,-0.20534855182529133,-0.7827919514090225
TEST_00221,2.988768103497149,0.26920411864610777,-0.1036293781439636
TEST_00222,1.385711206547827,0.4805280924440484,0.28528509873350766
TEST_00223,3.7473477253900525,-0.40770560807203104,0.2707152397601768
TEST_00224,1.2996664706101897,0.5835276466983749,0.09138351844688247
TEST_00225,4.937818328547786,-1.7267177447421946,-0.41610735631475443
TEST_00226,3.0212722678905832,-0.26743582376829433,-1.1108402781151696
TEST_00227,4.50618275133128,0.0406085593561288,0.617529073231894
TEST_00228,2.2639913305643433,-0.4324147545878751,0.21103780567612315
TEST_00229,3.9494296224572856,1.7083909419706012,-0.5706545012659379
TEST_00230,2.306671876034668,0.19636486756141525,0.5813834445333875
TEST_00231,2.7210938592488008,0.8067783985452702,0.12296512898208448
TEST_00232,3.4302736257741597,1.740124959757034,0.06211483685769271
TEST_00233,3.3184593298109557,1.0388415668955433,-0.8413172017151958
TEST_00234,1.9609781448677293,0.6694202657889475,-0.05109118464342975
TEST_00235,1.995035207058427,0.06205520584152901,0.20202154058007252
TEST_00236,3.456475705874877,-1.7260486138443676,1.342745411776407
TEST_00237,2.101009930735327,0.9363325938125386,0.19387086928341754
TEST_00238,1.7498706249859424,-0.24149764233863766,-0.6523443581399436
TEST_00239,6.31967589920773,-0.567063770487978,-0.8382038094761198
TEST_00240,2.5691043809234166,1.6283159388120818,0.5971112962519133
TEST_00241,4.7113379018286805,0.8743809643627057,1.3271019904592378
TEST_00242,1.3120122141643575,0.40781461051719325,-0.39263136757244016
TEST_00243,2.0258944504356617,0.8330348168661588,-0.8806841054899148
TEST_00244,3.3586451862592126,0.21823211204257023,0.05762200409192119
TEST_00245,2.2526851705763526,0.963212730012862,-0.2705668127039829
TEST_00246,4.024128724461606,-0.2686511931675618,0.1612614592554572
TEST_00247,4.484887781087108,-1.0368563611223676,0.3114920714254337
TEST_00248,1.2300634923065936,0.5748318492487277,-0.10600096975080729
TEST_00249,3.791050382772893,0.2638353552309877,-0.4451649344232628
TEST_00250,2.05060248402346,-0.010460625802793933,-0.00646777018586637
TEST_00251,3.6716726168368314,-0.06619392141193561,-0.09326246422001203
TEST_00252,3.074954255738173,0.22275019354671535,-0.578129703483064
TEST_00253,2.7750530532271083,-0.30969755562289397,-0.22740880217553955
TEST_00254,1.6024237585123005,-0.653121228777259,-0.019663548691351163
TEST_00255,1.883366313720298,0.01921398899235692,0.02481574381570904
TEST_00256,1.0780286708993487,0.3576697445735877,0.6359075667320845
TEST_00257,1.7937903505577506,0.15244331577175024,0.090134609465998
TEST_00258,2.521262419217549,0.7778518469356406,0.45376429706386856
TEST_00259,3.2543615968729664,0.29921803118158075,0.9952196168176087
TEST_00260,2.408529296419209,0.874919353068508,0.2038826852842124
TEST_00261,1.655807249449459,0.11827751155880312,0.4493392239117695
TEST_00262,1.0546937400772958,-0.02519046837004687,0.2198891988721414
TEST_00263,2.1267149141503716,0.3382851201424654,0.6622538698324888
TEST_00264,3.4652559180463394,-0.05795893565694117,-0.4066930772839587
TEST_00265,1.2040792950074772,0.48940472432741416,0.5770529387732451
TEST_00266,2.7928287874824536,0.4107649981607495,-0.01575404390658254
TEST_00267,1.273968031505536,0.5442296452750468,-0.3064989469527888
TEST_00268,3.2555073371884804,0.30182693361038654,-1.0244104107175467
TEST_00269,2.7780909656685733,-1.3012468421988275,0.40670097305036285
TEST_00270,2.789878876715789,-0.49604939779467355,-0.4374083152095245
TEST_00271,3.034090570630708,0.9056876120743621,0.2806445685949389
TEST_00272,2.6874773212807943,0.26951421760310595,-0.3000760323321237
TEST_00273,1.7910650056093254,0.1265308298537322,-0.3543136264221916
TEST_00274,1.5693492403678226,0.7040875552554205,0.1318970920161666
TEST_00275,2.1135023924660836,-0.304101214918276,0.3508428411144367
TEST_00276,3.943209851029373,-0.5072229575154305,0.6769317612058354
TEST_00277,3.322656008553744,-1.2290025913829397,0.9443696176477755
TEST_00278,3.9264389528883266,-1.119662916450176,-0.5896464814220903
TEST_00279,5.387966037671232,-1.4702891866533618,-0.999834542849249
TEST_00280,3.1148731852565663,1.5753047879500317,-0.9147622895044178
TEST_00281,2.0839530298301185,1.5658902473176017,-0.5597353023676691
TEST_00282,1.4647174091533042,-0.7183989013042735,0.8918927689616198
TEST_00283,1.3187902373809932,0.5835296297915976,0.47186392027604845
TEST_00284,2.718303143874349,0.009933431910258089,0.2667910369055326
TEST_00285,1.5470775743707497,0.33571675677177504,-0.35082402153627895
TEST_00286,2.0273715354048347,0.2433562536156695,0.25475360095966826
TEST_00287,2.4152308047311495,-1.068373731998801,-0.5118489006916265
TEST_00288,5.4374349165462,2.3247447199018954,0.6079120718634726
TEST_00289,4.348663126109116,0.3782664594026591,0.8321010658785469
TEST_00290,1.9817650733103158,-0.3232673260211839,-0.005737091963029383
TEST_00291,0.8988283882448278,0.2883389228561546,-0.07403396271739124
TEST_00292,4.116802328626216,0.9838165866219064,1.8940795267564956
TEST_00293,1.6555598816216763,0.21067875878380954,0.2538211699488688
TEST_00294,1.821817688459519,-1.157129955610569,0.23810500039121543
TEST_00295,3.456579852960197,-0.1360347275654532,0.5280070443859711
TEST_00296,3.0113400040652674,-0.7910728889993973,-0.5770630091908265
TEST_00297,1.5960195732104425,-0.7026166156370419,-0.34181729101007996
TEST_00298,3.508667993445398,0.9427958377808182,-1.3284002163882414
TEST_00299,4.363318732325448,0.7953399007223868,-0.5866369452665436
TEST_00300,2.1101570559648786,0.8739188754884782,-0.5707017733076338
TEST_00301,1.6573595745549738,0.1855858696415087,-0.2792440822995795
TEST_00302,1.660840888622469,-0.07730228022085321,0.2883646174467136
TEST_00303,3.1921702597656747,0.5133847925937595,-0.034170925175265494
TEST_00304,1.8685559039254418,-0.16037605478891404,-0.45669090702320997
TEST_00305,4.01184119228425,0.599133408013886,0.8232940257297715
TEST_00306,1.0324914495831634,-0.36770503207784594,0.05342715937034684
TEST_00307,4.16351868067584,0.01548238938280839,-0.8133225196191485
TEST_00308,2.868727011191134,-0.5222370513091575,0.07247047250597226
TEST_00309,3.693795768387977,-0.8155215166889299,0.611321303790175
TEST_00310,5.130451019366747,-1.3352357046561711,1.5999001605693919
TEST_00311,2.945985735965408,-0.8492696647608206,-0.07508545571225779
TEST_00312,1.2110363957023589,0.3033885343497391,-0.17798393274760255
TEST_00313,1.7532162119540886,-0.061803806029849646,0.34390930903040656
TEST_00314,2.240876420455239,0.20557332210012236,0.04545419383719049
TEST_00315,1.6465059801940403,-0.3874338501160733,-0.44904154240744637
TEST_00316,3.5782764582220343,-0.32761153764519585,1.2629838100765074
TEST_00317,3.410600718753962,1.8569208419259213,0.18333060905966309
TEST_00318,1.4723636897343488,0.25790970830820487,-0.07523313256949168
TEST_00319,5.313023356332138,-0.06962081712471196,-0.38101790720719436
TEST_00320,1.301377613589118,-0.19534454653412997,-0.17055247721540034
TEST_00321,5.359383594490136,0.5335450660176063,0.6413378839395745
TEST_00322,3.95713587671789,0.3310953168780034,-0.47752382478725136
TEST_00323,3.8484960084916002,0.9149657779743054,0.8130577652536165
TEST_00324,2.7237097278453315,-0.6424825081979813,-0.2638965720685462
TEST_00325,0.8956055467409313,0.20294106889240332,0.25342436996158163
TEST_00326,4.79982834707666,0.4348528445584771,-0.2222949761488216
TEST_00327,2.049902075631481,0.1800478577110115,0.17901889321211678
TEST_00328,3.36989928282647,-0.24405075606724977,-0.30249139908575257
TEST_00329,2.9171466865441698,0.4528125423939506,0.06055651276171491
TEST_00330,1.55439678238752,0.6140079975827336,0.030369588463007607
TEST_00331,0.8146624422072412,0.16857573000629783,-0.05560876657309407
TEST_00332,2.79622357106104,0.41202032019977947,1.0733740369556872
TEST_00333,2.676175203669025,-0.7812416277017844,-0.36174832168689364
TEST_00334,1.3789168011607769,0.9538067894316273,-0.16911928424333136
TEST_00335,3.701108914667005,0.12682304455312554,-0.04998590897788517
TEST_00336,2.9573961735387346,-0.3425484031083781,0.2220280730248699
TEST_00337,1.8121196006592912,0.24513303943475054,0.18262373717211036
TEST_00338,5.477613361625452,0.006695666095175628,-0.8513301478750356
TEST_00339,3.6931558555700663,0.09220742994536871,-0.021518104635605072
TEST_00340,2.298425620486722,0.9583601292236321,0.5226091815332473
TEST_00341,3.611387443367613,0.1363913275055246,0.06906019448361315
TEST_00342,1.860965980150141,-0.5559496391546025,-0.77556001380132
TEST_00343,1.5932864774669813,-0.6661201015799422,-0.31513585226555885
TEST_00344,1.5318384472537958,-0.14437926073413862,-0.04465104245808977
TEST_00345,1.664755676092673,-0.10632106391678822,-0.1572007860593767
TEST_00346,2.572819992376257,0.43495377075651104,0.5540837087372418
TEST_00347,3.878545814934801,0.34948225857029697,-0.6954568752354078
TEST_00348,1.9767331868514306,0.5365002539029636,0.0028856520156632804
TEST_00349,2.0822047246147393,-0.988210958528168,0.10292160102275849
TEST_00350,3.3648846146015248,-1.5553451043835416,-0.31740886349186553
TEST_00351,2.3474426659160685,-0.7675111336156315,-0.5651993611115741
TEST_00352,3.3873340154254215,-1.0957604962975462,1.2117352635573524
TEST_00353,3.532712491782466,1.1995843461428681,-0.6001684504069037
TEST_00354,2.752838609866615,0.2885150315785929,-0.06245840534414243
TEST_00355,1.8974042130746633,-0.06439623928416227,0.08321041569890404
TEST_00356,2.3073852766957597,0.4646204914695819,0.1185528338950042
TEST_00357,2.86455768570002,-0.749592564439745,0.1937793920928929
TEST_00358,1.380328192582514,0.11693203021939731,0.10124208254236361
TEST_00359,2.906425050139604,1.3879090435727035,0.20917532704544903
TEST_00360,3.1299350025877715,1.9599368862372468,1.3682382934401272
TEST_00361,4.652036004903759,0.25090398775902273,0.4427906274285283
TEST_00362,2.5650923525268987,-0.522722138493579,0.17426826838789383
TEST_00363,3.002697011946102,0.10418565130077861,-1.2555691098706177
TEST_00364,3.7382156255590684,-1.509200972572422,0.10104704425706924
TEST_00365,2.917610610904821,0.6743472647748973,0.8765409854089444
TEST_00366,5.171817339482318,-0.43862903260061015,-0.18707665223858802
TEST_00367,1.8797910844379386,-0.46368414509023537,-0.4631916387334126
TEST_00368,1.0581932231364983,0.1863380289362924,-0.32641467210198266
TEST_00369,4.31378627712428,0.4271935475799564,-0.4988132836486758
TEST_00370,1.4445828441407302,0.7673922026691801,0.1671882370935402
TEST_00371,1.8782551512407826,0.37204214173279315,0.22330274661228003
TEST_00372,1.6504750041175884,0.47272983750277225,0.6487445413214394
TEST_00373,2.980244359469211,0.3750422765885059,0.2059228432465667
TEST_00374,1.085358374665765,-0.3090958233015573,-0.2606919043604116
TEST_00375,3.4476246696212383,0.9511935825054657,-0.23419469518498096
TEST_00376,1.100340562854766,-0.697505893253766,-0.12808385397225336
TEST_00377,2.2342130283602626,-0.15744989850000865,0.39826353261788794
TEST_00378,1.6284947214806869,-0.6689194630267515,-0.09920309984078471
TEST_00379,1.802609660203525,-0.9146425118854221,-0.467010168392858
TEST_00380,2.8037546071948354,-0.6622688692703097,0.3224850407888387
TEST_00381,3.486165614361744,0.019124649298548835,0.3236211553483436
TEST_00382,2.169125125607044,0.321540294971744,0.4798057252330444
TEST_00383,4.040517515386601,-0.4177598978121372,-0.4078746856709812
TEST_00384,2.163586105664178,-0.4511954195878058,-0.5245824621783155
TEST_00385,3.564670025188308,-1.471839056091539,-0.09006726282656519
TEST_00386,3.022243714336091,-0.033265303250705085,-0.17090803822003367
TEST_00387,2.1864661611659395,0.025970804284701023,-0.037504984415776266
TEST_00388,1.6665563987973673,-0.1106697444214938,0.1912888343101829
TEST_00389,2.4165751620957905,0.4647976366176591,1.4427491738717582
TEST_00390,4.429614217350663,0.28507835674613957,-0.6505813769727167
TEST_00391,1.6147445791319799,-0.5434049155275658,-0.05904818829959008
TEST_00392,3.064102593487299,1.5993617709236811,1.5328386315873186
TEST_00393,1.928025564440672,-0.1819678110572342,0.555582779568058
TEST_00394,2.877777894812251,-0.6011540549438321,0.5714596802130724
TEST_00395,1.0259633085527045,0.11311436505383232,-0.22365530318795998
TEST_00396,3.8298663839031746,0.7648794280660897,0.3247790181852756
TEST_00397,3.3582904694304214,0.8243081887802515,-0.8415053357543528
TEST_00398,1.1763025269665215,-0.12076890530246986,0.2803448220203735
TEST_00399,5.765898778453484,1.0368454758295818,0.2725638816616744
TEST_00400,3.9257855550913656,-0.1256549965754606,0.2430567636867681
TEST_00401,1.8397397343466657,-1.1815824698111157,-0.18290581139199716
TEST_00402,3.721204315175796,1.279110759966226,0.3303645316070749
TEST_00403,3.0206256842752723,-2.357127176438682,0.404507297211396
TEST_00404,3.1323400997060924,-0.24762886762361067,-0.4868386837983774
TEST_00405,2.205328509054194,1.072196663824835,0.7312604965528934
TEST_00406,2.9657837851894864,-0.3644597102932982,0.8349959431178549
TEST_00407,1.3105704281100585,0.845158011408755,-0.13691764940944373
TEST_00408,4.531458634183215,1.4828055533509261,1.082767555573471
TEST_00409,3.190521147529373,0.3432203266258273,0.2521412759514781
TEST_00410,1.6045916776458018,0.4512786991809553,0.398541052045342
TEST_00411,3.5928508233296497,0.24064177219137908,-0.32849171403662475
TEST_00412,2.0969821675486693,-0.44817449622010047,0.5524976639632255
TEST_00413,2.3252799709261422,-0.35059154242437907,-0.09183749445006607
TEST_00414,1.7335196952275298,0.4038541776771551,-0.11755406743696466
TEST_00415,3.9645018093668045,1.0064506127559012,-0.5869617058145465
TEST_00416,1.6194711229802543,0.27567240927567827,-0.20959839872822764
TEST_00417,3.6163746829139605,-1.430849488502606,1.2035585950309824
TEST_00418,1.8516963369579542,0.25714370335332076,0.2372136682219143
TEST_00419,4.00802622131761,0.4100736312216164,0.48307542153680577
TEST_00420,1.355817557158953,0.130623037759462,0.050895860807464964
TEST_00421,2.9421574139496594,-0.44841312104356224,-1.00738927123802
TEST_00422,1.6406099614694978,-0.10564729579727115,-0.6646101497565238
TEST_00423,2.613666958268885,-0.7288745350473668,-0.8552389432854997
TEST_00424,1.1188461983047728,-0.5258957332372236,0.34183401955906234
TEST_00425,2.573047719026347,0.8189230084205723,0.2945442163956311
TEST_00426,3.106155066811029,0.25034274204949747,-0.7424532165511893
TEST_00427,2.9566778249019228,-0.2861433646155878,-0.5299521098847673
TEST_00428,1.771453331641984,0.014810811807050035,0.218814226222118
TEST_00429,4.149105021889855,0.04018149082897094,0.07768322684596993
TEST_00430,1.1418882260428176,0.23623760903669289,-0.32193200764091096
TEST_00431,2.189372614715687,0.4151906263927681,-0.05679899094283178
TEST_00432,2.7741642729709737,0.45967462342021476,0.5202049796053173
TEST_00433,2.615785291278144,1.1251012139855876,-0.06423890649494388
TEST_00434,1.2360743987483347,-0.3572315372116868,0.042870420341953444
TEST_00435,1.873768486381522,0.7533658348254642,-0.3424198544414323
TEST_00436,2.168876380626737,0.5156859237726243,-0.022113349299869973
TEST_00437,3.063062607983121,-1.0151018132677025,0.43263340884173773
TEST_00438,2.8032452528166076,1.5619866087409484,0.05176502353737638
TEST_00439,2.4670319488492733,1.4342841949360599,1.542609547925193
TEST_00440,2.955707801624698,0.44413946054374837,0.630929590699899
TEST_00441,2.2677315550570887,1.0758073808588264,-0.9016359079409533
TEST_00442,2.77391446944672,0.3874424872655568,-0.23904570358417282
TEST_00443,3.549585674571703,1.007790097306797,0.07237111670048207
TEST_00444,2.6642903344302384,0.6071327205351081,0.4554469477084501
TEST_00445,2.474195002185625,0.4441008785453523,0.6269562777191064
TEST_00446,1.9145423704891225,0.4493357198492899,0.0309254534566996
TEST_00447,2.509931431627326,-0.3842855823865556,-0.602982985339954
TEST_00448,5.052412901253882,-0.3650842615392018,-0.5598755001083434
TEST_00449,4.792457836907482,0.7495229405887971,0.1678767800549971
TEST_00450,3.254547593200512,0.4298812988588307,1.089767985343724
TEST_00451,3.290426383984393,0.10791764084661677,0.33870023487279266
TEST_00452,4.2661923568550355,-0.3719130397302442,-1.0939546821270671
TEST_00453,2.8758814259793657,0.06051423062044839,-0.27593723866562636
TEST_00454,2.777492913156172,-0.3503239509579826,0.6627586134068035
TEST_00455,3.257314039174023,0.24965138557952019,-0.4243846141110176
TEST_00456,1.9498187153059434,0.42764616591970933,0.7277603511983601
TEST_00457,3.7917675754668783,1.1025114255924093,-0.697575796091239
TEST_00458,4.397439778027905,0.05871582251930041,-0.2872944983777313
TEST_00459,4.479059918353698,1.4959902188160192,-0.9969046214168192
TEST_00460,1.8806786368013746,0.4700865202634442,0.3374587200379623
TEST_00461,3.5735078574956645,0.4146821552710981,1.230396522658953
TEST_00462,2.341204803862825,-0.07178437676131494,0.8952307063365401
TEST_00463,1.2663611973508049,0.4243638893819134,-0.19328386885765952
TEST_00464,4.003285975732223,0.614146527062728,-0.5286473814866339
TEST_00465,2.8542681546230386,0.0887291327722765,0.05089520186593179
TEST_00466,1.3153727852037267,-0.6578395515952191,0.21675131740326228
TEST_00467,4.177052095211805,-0.1250242429454706,0.5324472822057003
TEST_00468,2.0793191572641776,0.11560702171694223,-0.02745415799641973
TEST_00469,2.365784275275289,-0.31455951424833717,-1.5360655259535794
TEST_00470,2.692781138195345,-0.1559783084515486,-0.41333975459974737
TEST_00471,1.3219662632248539,-0.5822364774541479,0.1383965885881663
TEST_00472,1.2897045512358336,-0.7129891700833403,0.5426579549896403
TEST_00473,3.0472475649753155,0.8586344753561681,0.6870982932269609
TEST_00474,2.807101508043443,0.3844383916361603,-0.285638927006272
TEST_00475,1.5842999501396084,0.02131119196064449,0.7108397932720832
TEST_00476,4.4499700129654425,1.3586301119263573,0.5721275843112229
TEST_00477,1.7836439947567695,0.3072098981331707,0.21724011039202684
TEST_00478,1.3477408485210571,0.6936696760222244,0.5691731106300958
TEST_00479,3.620226982400498,-0.2948973013050802,1.6327436163830589
TEST_00480,3.8299079190402714,-0.5510381321846979,0.05690160654196518
TEST_00481,4.036719291124497,0.008244925786473558,1.0231914261134916
TEST_00482,2.4634337686616137,-0.3223365762143673,0.20781054384755057
TEST_00483,0.9789993186020732,-0.46825257742236287,-0.15807401681861807
TEST_00484,2.1466457228867326,0.052891556170530186,0.52102870933706
TEST_00485,1.631708848849833,0.5874797659825995,0.04606365815274584
TEST_00486,1.1855741743810837,-0.4234076765210392,0.2837112214817591
TEST_00487,1.0882898377666974,-0.0274241439720529,0.36522714700301906
TEST_00488,2.3042570933376805,1.1046269571857084,-0.24435580591668848
TEST_00489,3.203123726698572,0.2820085467415799,-0.23167219513219478
TEST_00490,2.008635312056999,0.8513208194018275,0.3767896480873399
TEST_00491,3.5996373980086096,0.1895607439771847,1.141205865358803
TEST_00492,4.198213324076674,0.8854982153621413,1.5448097730267913
TEST_00493,2.538133312258801,-0.11731921288774619,0.3212880666801574
TEST_00494,1.9109048063967171,1.054197208442367,0.0033295627306416074
TEST_00495,1.7783983134391248,-0.36587948425264194,-0.05962139537104101
TEST_00496,2.1781219294481025,0.7072295206308492,0.3727323384805531
TEST_00497,1.9891168630277172,-0.6778611038498678,0.04297310562764114
TEST_00498,5.371613745257734,-0.8259278093919,1.7978639058896555
TEST_00499,4.117067036958464,0.29962136821197843,0.24320043310580036
TEST_00500,1.9674903285690406,0.6740824847676056,0.46818715305961767
TEST_00501,2.958458264877822,0.23236281369482562,1.3225383930424477
TEST_00502,1.8954498550875123,0.4350860886919695,0.15212674657547623
TEST_00503,1.7939600114085643,0.3490589639325344,0.058699294177560216
TEST_00504,1.9865719446929542,0.0973466957030261,-0.4945655237815404
TEST_00505,3.540681572198599,1.5468535564071202,-0.24697476608860014
TEST_00506,1.8915806317351505,0.3215970569103858,0.47954527325169377
TEST_00507,1.3880790997120853,-0.0061117923002635514,-0.24773375703126232
TEST_00508,2.256242914075289,-0.9858419665448303,0.38519828143023216
TEST_00509,1.3176125346221903,-0.43320964147460583,0.6707842811685426
TEST_00510,2.027360986007766,-1.553131774719864,0.5995941508616324
TEST_00511,2.6706057423026466,-1.0194585245864154,-0.44905295462390277
TEST_00512,2.6254169841974124,1.150070365177281,-0.5201249317118972
TEST_00513,2.539661698265401,0.6398129781697948,-0.5997210758384054
TEST_00514,1.9097775494779325,0.4961492836240584,-0.2263673403054105
TEST_00515,1.3294415557828525,0.3189269237745057,-0.10558845232257037
TEST_00516,4.027037768273445,-0.3725922998887022,1.0261604007206788
TEST_00517,1.637484408023133,-0.3816129396161394,-0.17621427532812642
TEST_00518,3.835362878155739,0.4919786243750329,-0.04556855964833172
TEST_00519,3.5923329110617055,-0.8180679992203513,-0.9632326244582121
TEST_00520,5.057541634943368,-0.5772487355057906,0.47929593467571474
TEST_00521,2.1880562895953415,-0.8420741883792843,-0.08628504089298054
TEST_00522,3.626442763282779,1.3099343327492574,-0.09157637952637808
TEST_00523,2.1707105769396366,-1.35437865608963,-0.2723980872295194
TEST_00524,3.084068568501742,0.2926954885658832,-0.3811265870841222
TEST_00525,1.5835007239250072,0.7099873622731468,-0.20624593178977155
TEST_00526,2.8033709430379914,-0.7963005817721001,-0.7548257629566139
TEST_00527,1.780824834600217,1.040881244697156,0.23251178040401274
TEST_00528,5.8059102437784755,-0.6321654964599941,-0.6365060714291273
TEST_00529,3.478634049096834,0.24062292303709992,-0.12735396799090773
TEST_00530,2.9335226458450903,-0.06759602491847545,-0.8066751036900984
TEST_00531,3.868391420846788,-0.2712581570448851,-1.0472680341785237
TEST_00532,2.4883861054066805,-0.9499383747411496,0.2587965309031568
TEST_00533,2.6787131679802734,0.22858743211865576,-0.23366986835960865
TEST_00534,1.6686180628340865,0.9818549727845934,0.7501363828235474
TEST_00535,1.8882921757692357,-0.6752882915396398,-0.07943652495999583
TEST_00536,3.019005479225569,0.26134580254147927,1.6415281849092864
TEST_00537,4.03457980464002,-0.6920900830181709,-0.6251328386699779
TEST_00538,3.5150679291175697,-0.06517822291792248,-0.5719477073760721
TEST_00539,2.4135599624018464,0.9352989432066112,-0.3218481263546322
TEST_00540,1.08058978961141,-0.04604383554149002,-0.16743256274412743
TEST_00541,3.8262488889715964,-0.40086566926062556,0.3379145513171404
TEST_00542,1.7730614980677886,0.7807071222943927,-0.10804668275287654
TEST_00543,1.5215026667771965,0.46964378973364024,0.1646143927599368
TEST_00544,3.725463175768168,-0.3939493015139933,-0.5491857887945737
TEST_00545,2.8269835148618996,0.08451650908353217,1.521011119815395
TEST_00546,1.1824687545751138,-0.319424158080001,-0.18565055105571945
TEST_00547,3.119296205319835,0.374259509960617,-0.4704112087516694
TEST_00548,2.925717499170808,1.1856574456288553,-0.3935563893554227
TEST_00549,3.2647000812244724,0.10352567786631739,-1.0497531121198647
TEST_00550,3.881803610674201,1.2163353910748218,-0.0005051144372832655
TEST_00551,2.8216957218491383,-0.3070526949011946,-0.2557671136251956
TEST_00552,2.2970381234744877,-1.252245556605551,0.4489455039727464
TEST_00553,3.206939060481995,-0.2133207682330407,0.5572381221869294
TEST_00554,1.7454359654910923,0.14506482853977426,0.12088497815351748
TEST_00555,2.075961060545195,-0.7845451187386047,0.12312971734355475
TEST_00556,3.025932255826198,-1.2307641767153332,0.8311060466537784
TEST_00557,2.509356782692218,-0.34482825547752166,-0.13306434065080186
TEST_00558,2.9594513595393135,-0.4020316473538917,-0.44736082446286396
TEST_00559,3.8075884290376507,-0.7252083122310443,1.4359946145625797
TEST_00560,3.442285649443611,-0.4316296911036026,0.970195281335023
TEST_00561,5.01726027836577,-1.9255169435373418,1.2384652141763226
TEST_00562,1.92816357865004,-1.5806128919266218,0.9780743298860077
TEST_00563,1.076151136267161,-0.9245200834792305,-0.11297050722723825
TEST_00564,1.8342976559304536,-0.11823348016192915,0.22074756175805557
TEST_00565,2.1737094561400534,0.23223908654154,0.6070493007951666
TEST_00566,3.099452631888635,-0.4959258661387121,0.4623344572259194
TEST_00567,3.268844839310251,-0.5927363418780235,0.3381625940412972
TEST_00568,3.3057941873633045,0.8759673926619878,-0.8312020845765469
TEST_00569,3.5616090440119446,-0.09419836985373052,0.759620508393006
TEST_00570,2.2161823255000104,0.2098575888288219,0.3809184042111471
TEST_00571,3.094453752238403,-0.39096569420949406,0.012590999066039834
TEST_00572,1.5404799369970266,0.16328445711645145,-0.29939228512015714
TEST_00573,0.9639203595970354,-0.3608189243854003,-0.10220760690401123
TEST_00574,1.6185578458660854,0.2927402540093431,0.5895647604642102
TEST_00575,3.1432270723720235,0.15139123201434126,0.1540856181721985
TEST_00576,2.032919520622418,0.7493794595888028,0.6295427029624288
TEST_00577,2.3590387360653753,0.9943283850603352,0.33536081790156025
TEST_00578,3.8955907304358184,0.23353194529996776,0.6214792234481781
TEST_00579,2.5879185111396343,0.07314639794286368,-0.1524109909601427
TEST_00580,1.66910053135518,-0.5905069759951661,0.6308233264592106
TEST_00581,2.8555332840595264,0.4044293721866754,0.6806086393317896
TEST_00582,1.3709151769253265,-0.12511394717011434,-0.34592200083230923
TEST_00583,3.729339710689939,0.051860576909100356,-0.6798760814837055
TEST_00584,4.075563617872298,-0.3096455269447401,0.08545057354991983
TEST_00585,4.491449512465804,-0.3945722959282791,-0.47086693257012013
TEST_00586,1.3485344240514745,-0.14987397898398336,-0.3365127000685971
TEST_00587,2.0152737149817974,-0.05279442597439799,-0.12238284441564751
TEST_00588,2.6116033347544763,-0.7811189983746296,0.4724397329467535
TEST_00589,1.0193674338117091,-0.012229911787681801,0.45217120473604383
TEST_00590,4.024157880052519,-0.7081466783750262,0.7092334109512668
TEST_00591,3.0440301300465173,0.06328670692159544,-0.056192607105362564
TEST_00592,1.7936813622899477,-0.6806990388226359,-0.14038819184703175
TEST_00593,3.3399672244536363,0.7830049427904319,1.1829386603780048
TEST_00594,2.389025968266688,0.42821452979053526,0.4460280854803685
TEST_00595,1.123596242293009,0.11460573029761476,-0.17108259136105303
TEST_00596,4.559671091500145,1.1372277048027708,-0.7835435183822679
TEST_00597,2.850014120495873,-0.35081502591100877,0.5695279939442427
TEST_00598,2.308851165529361,0.11410725337623447,0.7320689341085322
TEST_00599,4.471944409119793,-1.8845862570592689,2.2259962738435446
TEST_00600,2.9218694218652677,1.1582534832472011,1.0523767491528666
TEST_00601,2.770874038990257,1.1167965633799466,-0.4732923090634085
TEST_00602,1.16507979098395,0.637472428136245,-0.1045001381392714
TEST_00603,1.3464884536368378,0.3691047250223164,0.014996232392827399
TEST_00604,3.507129172968611,-0.016825942493996805,0.2000652112593351
TEST_00605,1.1362065273636848,0.5520150909967947,-0.01886994456575624
TEST_00606,4.732125106332017,0.7387793455542949,0.9885879112064107
TEST_00607,1.6782614291430618,1.198463157717671,0.5338148320499476
TEST_00608,2.0048973890531117,1.5513913252019333,0.3511198154476687
TEST_00609,2.539158447414157,0.07801095106643499,-0.5831421625275356
TEST_00610,2.078068309149427,0.5899424256351576,-0.12907875428141247
TEST_00611,3.7456522775094836,0.024014053744266548,0.8827543178515075
TEST_00612,3.4943374605916744,-0.982405469599269,0.029485203552815278
TEST_00613,2.718764467684045,-0.04630923927235945,-0.3845321195816622
TEST_00614,1.5579449402957835,-0.25835513632822965,0.33914848085811894
TEST_00615,1.1951954700899734,0.02581903696435911,-0.14748317435333194
TEST_00616,2.113700971445546,-0.4454568589140893,-0.5825253999481891
TEST_00617,2.9353374818162097,-0.26741121005484514,0.9457834023878728
TEST_00618,2.390572465535625,0.7841886624724447,0.6400449044704174
TEST_00619,3.3110344580525903,1.0625928003206495,0.8767200011714811
TEST_00620,2.224805489543758,0.028939594032409092,0.4841755116653162
TEST_00621,3.0337114131692027,-0.46347185552069675,0.4314899426373528
TEST_00622,1.8778430600127392,0.18341179128591661,0.18461723158132426
TEST_00623,3.9959332891635815,0.5076697178276925,-0.04521747254453586
TEST_00624,3.1036369343246593,-0.0974672306727426,-0.2517165137911132
TEST_00625,2.9639216992691115,1.0247298941989327,-0.09294944375995981
TEST_00626,3.198943516306039,-0.5650094747750593,-0.8379938822347518
TEST_00627,2.7281656157411356,-0.18571595192412724,0.14878967370402646
TEST_00628,2.1552381187528926,0.04785436744200917,-0.15875950490294102
TEST_00629,3.978466699681323,-1.060948496401505,-0.24556779211579324
TEST_00630,3.3808488653827466,-0.8671435963740415,-0.7619383669767612
TEST_00631,3.0582443540648443,-0.7312378378680122,-0.10220859341714418
TEST_00632,2.970404763266144,0.6013315120826016,0.5674821366071694
TEST_00633,2.7013528395504274,-0.8165991073434125,0.7751952302633205
TEST_00634,1.6721918720296485,-0.24831712753489782,0.20764120628595198
TEST_00635,2.6374537245493586,0.9141253908978478,0.8424564403155798
TEST_00636,1.407131399284117,-0.495995875026458,-0.3387776803916152
TEST_00637,3.107044777700529,0.15931250013657128,1.022403617669055
TEST_00638,2.754008453104934,0.14501807505730768,-0.06319058968177065
TEST_00639,4.81259037659823,0.7446081983988126,-1.2000504394411553
TEST_00640,4.616790327639173,0.45735488178259115,-1.0499490467209032
TEST_00641,4.673512380237126,-2.207452037792118,1.208431438433461
TEST_00642,1.6943189014704167,1.0550975849074282,0.8358955109170245
TEST_00643,1.9298220657903593,1.128112704580185,0.2916492356150434
TEST_00644,1.7052537668525594,0.3573879431758568,-0.29373426614503306
TEST_00645,1.2953242311887179,0.008634005137023013,0.021611706026099013
TEST_00646,2.4041856791716607,-0.8826139720221179,0.5483932408622579
TEST_00647,2.39973278672209,-0.7323807441268125,0.47371716588474017
TEST_00648,3.4052199778814787,-0.29341407192522073,0.39263393125917356
TEST_00649,1.7425669490266802,0.6823057998300208,0.2936862181745089
TEST_00650,2.214390003964274,-0.11227787774749869,-0.15822449420440354
TEST_00651,2.1027416097050584,0.6265248683248318,0.23209683030803285
TEST_00652,1.2960688689998243,-0.8469830226985919,0.08952902914082222
TEST_00653,2.5142455952882248,-0.5752916650658756,0.19852986474597686
TEST_00654,2.1817788608450908,-0.4743556727498288,0.3209487510501109
TEST_00655,2.7976596700138363,-0.31913676721519185,0.02451483589517283
TEST_00656,1.4307201977479935,0.7128081345206171,0.22991625653378192
TEST_00657,2.029961438551315,0.5447619918126695,-0.5465717618494693
TEST_00658,1.767239525130726,1.0326783891225841,-0.5572149863917524
TEST_00659,2.729934613684947,-1.6255551624854885,0.39041434287501137
TEST_00660,2.8983236310613205,0.4159655137344205,-0.026386292661649827
TEST_00661,1.4143004948871145,-0.6365932808559016,-0.2202693185453114
TEST_00662,1.3519239935607241,0.04802274870027264,0.08490147007133197
TEST_00663,3.210466223106023,0.5562158241539135,0.21917359997695343
TEST_00664,3.4476483915895466,-0.25608099719790656,-0.2110871022483044
TEST_00665,3.563600872022639,0.08696343254800026,0.8016538410280433
TEST_00666,2.8334568508157654,0.21453745461797089,-0.12562858954008632
TEST_00667,4.176279907177889,-0.5304457106232369,0.44447650027240954
TEST_00668,2.907829426097801,-0.8818360613842944,0.047623255242411996
TEST_00669,2.6439145808907156,0.9467780854174408,1.1934551900113692
TEST_00670,3.0407764593232187,-0.23348030490418886,-0.5932940226170215
TEST_00671,2.4031102534861906,0.2428798881418261,-0.010907395938977993
TEST_00672,2.9127170509956417,0.9975096358909444,0.9631298854851222
TEST_00673,2.8718194090079474,-0.7619719754227107,0.45431539192670867
TEST_00674,2.0964790217106177,-0.4360523020714575,0.5910952442718628
TEST_00675,1.8049321676068966,-0.04563271500330246,-0.5069154640493484
TEST_00676,1.9741585904129442,0.6847068227030396,0.032066732991289634
TEST_00677,3.206327291953703,2.119707042855316,0.5500419805906572
TEST_00678,2.223630937782768,0.5472171393313312,0.593229389203479
TEST_00679,5.857606251967802,0.6801282919346856,-0.7214335034675011
TEST_00680,3.026547522908811,1.59745436406876,0.21776722884187777
TEST_00681,3.2372531180254587,-1.3860989761277889,1.0886768152217536
TEST_00682,3.658478357136769,0.1759614659226208,0.2760730382928761
TEST_00683,2.526906512671981,0.2638264075934703,0.9147677122522145
TEST_00684,2.341136867714665,-0.16627500986011567,0.6372269830270096
TEST_00685,2.351768735651583,0.6711295034515166,0.11008218075065795
TEST_00686,1.522371029874529,-0.06253077124351027,0.19092769295144493
TEST_00687,5.0230116243159975,1.3327196373626746,-0.9231691554595819
TEST_00688,4.074152040832596,-2.0941317093567977,1.4564476844067884
TEST_00689,3.340873103183963,0.019365747905987777,0.7077497511171048
TEST_00690,2.7274173190843713,0.42514865442019,-0.6729931149287407
TEST_00691,2.2556509332982997,-0.05296405812474421,0.6971240994304431
TEST_00692,1.9620519098504106,-0.42900186118052713,0.6081220787253607
TEST_00693,2.3137742451552246,0.5507002408039302,0.10377534207608315
TEST_00694,2.8818668902997526,1.670682847603535,0.7964855689439341
TEST_00695,0.9463380179204969,0.5549485203507185,-0.03335889902822352
TEST_00696,2.688210713602832,0.43176046231484083,-0.5871845500174928
TEST_00697,2.4660037344219092,-0.37589946745156844,0.3940759470295868
TEST_00698,5.291423193456396,-1.640807385284983,-0.6336810012287495
TEST_00699,1.2060386776329084,-0.022773368907076912,0.055159003063248446
TEST_00700,1.098419499565963,0.05868827181998971,0.37711116388135896
TEST_00701,2.7240281326820446,0.35566737954826616,0.25918597639556856
TEST_00702,1.4327169620624263,-0.5632555739166317,-0.2722540830069224
TEST_00703,2.2410977289310456,0.1585095032411932,-0.02943005188034972
TEST_00704,2.2158446975952835,-0.6923760293846024,-0.3785793488802045
TEST_00705,2.617949194589615,1.3499794523494397,-0.3105310160218299
TEST_00706,2.701218723296679,-0.23201687967541876,-0.10881618020159489
TEST_00707,4.406385787491323,-0.20446714830883517,-0.34056060999827925
TEST_00708,2.093883479929617,0.138737052952735,-0.15791314528425254
TEST_00709,4.202539399328498,-1.719728020637792,1.5147595739955524
TEST_00710,2.4957449473117213,-1.706937013771764,0.7665825498195699
TEST_00711,1.4855439860653052,0.1998893489390617,0.08708915526387609
TEST_00712,2.6224007753582166,0.1597007569271826,0.9335660996502451
TEST_00713,2.2332353922504256,0.8168594054323435,-0.6153813780544675
TEST_00714,2.9306899278302803,-0.15336165661599502,0.04564575561683888
TEST_00715,1.0685014903812724,0.07223275296822661,-0.07217602353530678
TEST_00716,2.205115302864129,0.060618325358619454,-0.6649071471317963
TEST_00717,2.2233231830153057,0.22847782253741272,0.2837800061451377
TEST_00718,3.129537070838745,-0.6364588303252265,0.9348751678549321
TEST_00719,3.152113099616477,-1.2631840087300454,-1.4967660052639182
TEST_00720,2.999432397157243,2.3447879120494837,0.4497113545602362
TEST_00721,1.7850567574467113,-0.7127012833296492,-0.05457593247852049
TEST_00722,4.118199458009757,0.3312954524566423,0.43531373844274207
TEST_00723,2.2126759161367433,-0.3121389844791931,0.7538617853783031
TEST_00724,2.0610538108401206,-0.295409228540662,-0.3576647353508736
TEST_00725,0.8474411373240938,-0.031299538888866246,-0.18648955305560702
TEST_00726,3.243022175035606,-1.0264760572049128,-0.06191608161192724
TEST_00727,3.448606677899149,-0.8939987655064298,-0.6031637010441373
TEST_00728,5.793660027915791,-0.48180615597305426,-0.4016994118108019
TEST_00729,3.9400423702490333,0.4597314225568228,0.4378381155338758
TEST_00730,2.8772787384687866,0.6328418326372242,-0.011540534955614874
TEST_00731,2.2436633473926206,0.5104676319793254,0.1521496403364115
TEST_00732,1.439957199921925,0.10500764038830993,0.028473449229812476
TEST_00733,2.8345197665246165,0.3485386046766896,0.14001432501962244
TEST_00734,1.4369209423211966,-0.6180485327001936,-0.11009081543127046
TEST_00735,1.2094182186356675,-0.019889025628580498,0.3584362744357213
TEST_00736,2.228416283494836,0.6232455215561766,-0.3114058012496618
TEST_00737,3.045237200370284,-1.4051968471648983,0.7023346953528214
TEST_00738,4.873583634172537,0.8946519640077859,-1.2803677319415785
TEST_00739,4.070320407632732,1.5092578729492316,1.2737601274291475
TEST_00740,2.6088990022753005,-0.4703860728711909,-0.07310387897259996
TEST_00741,1.1920008302812555,-0.42643136080054184,0.41876200629213706
TEST_00742,1.943201435133683,0.03943541034074509,0.6035074154546777
TEST_00743,3.6437698416403816,-0.4634173328033632,0.23079550856245581
TEST_00744,2.2586240842985936,-0.4151756333123075,0.4583878872701523
TEST_00745,2.5999250152792537,0.37677750274575905,1.0804084567043002
TEST_00746,1.6440255798406533,0.30091463264953194,0.028501412296662976
TEST_00747,3.5960747613435067,-0.5804606519516757,-0.760890757130946
TEST_00748,1.7376120154699368,0.026509414336337574,0.11029236549350893
TEST_00749,3.711254655951617,-0.31289045547273486,1.1840448529337113
TEST_00750,1.3587448647890055,0.7223745173870177,-0.3101992984944185
TEST_00751,2.8559135466943144,-0.29879579450452076,-0.309958352016179
TEST_00752,3.40914570745264,0.28467293463052157,0.6610557878087016
TEST_00753,3.1531116462106716,-1.3760916745832148,0.8448067306743654
TEST_00754,2.8117642189913545,0.05569731249845981,0.41987520088733327
TEST_00755,1.8199169230784822,0.09223725013722059,-0.2114075280587538
TEST_00756,4.068307591672547,-0.7981001472155554,0.3177259119191589
TEST_00757,1.664597005058619,0.3895278985736059,-0.0879527904577037
TEST_00758,2.5394241727331512,1.0660919754398597,-0.3971539676160228
TEST_00759,4.939335052210245,1.2239204203455742,0.10685790081831667
TEST_00760,4.75043679229622,-0.0820211870450247,-1.4669285107443233
TEST_00761,1.0076386216912732,0.02228771347166275,-0.057337071475819186
TEST_00762,2.7074228117741783,0.10197173262038227,-0.074825540001801
TEST_00763,3.320059253243761,0.8581316473845292,0.3124046391038364
TEST_00764,2.4374421970171376,0.254283197631487,-0.026385921933957817
TEST_00765,1.5922966674109016,0.42697715979489664,-0.01327488409112677
TEST_00766,2.114118398950962,-0.7657832234538848,-0.35775479015627937
TEST_00767,2.8815356126367933,0.8394443229211143,0.9432049901741082
TEST_00768,2.5142728615753307,0.2979657439084263,-1.0995810263294215
TEST_00769,2.105651323858696,0.8439535446632815,0.0374005441945804
TEST_00770,3.377894692231332,0.3458926037817845,1.0991521049770294
TEST_00771,1.646296811876289,-0.3574010971402909,0.33363927047487985
TEST_00772,1.3900831461852834,-0.1943990631860917,-0.1550071784169832
TEST_00773,1.9463394235578841,-0.11529336856706572,0.2409840433028827
TEST_00774,2.1758519910316103,1.2813743002390245,-0.801210847098268
TEST_00775,4.126089090575466,1.0675149429633097,-1.100950791243595
TEST_00776,2.881491983504287,0.22497371846579148,0.7707325609484065
TEST_00777,3.1914966730606777,-0.8906153289639602,0.18319811026356891
TEST_00778,4.891152616798631,0.4222206734951145,-0.31994237627306205
TEST_00779,4.7787928556036015,-1.3905301177519271,-1.404372596440594
TEST_00780,1.9669606786553822,0.6673941406082561,0.48044510939281815
TEST_00781,3.1932984055461366,-0.0877087032933559,-0.18361702718733255
TEST_00782,1.9126608750168927,-0.4662160222700748,0.5027222741092527
TEST_00783,3.919041840238525,0.7896764993539976,-0.004912311632536154
TEST_00784,2.321579222301094,-0.1799086758632573,0.46759177150443915
TEST_00785,2.811214920793148,0.4425892668095434,1.525461075385912
TEST_00786,2.793989969642281,-0.2769563677212761,0.09198725499944176
TEST_00787,2.5001240495447266,0.6700545268498084,0.8936176800084626
TEST_00788,2.279235975584969,-0.4888724390919093,0.3856126561931568
TEST_00789,2.732253620456663,-0.9548328098169924,-1.2843704968268557
TEST_00790,4.094880476772023,0.07439522072254334,0.5845981984704803
TEST_00791,2.38166837783134,-0.30492973960519815,0.29499038465594524
TEST_00792,2.218464226929178,0.9863349338355661,-0.14584184572111678
TEST_00793,2.956948630637036,0.5551052116439139,-0.04522315122238174
TEST_00794,2.49041066408751,-0.583501284822239,0.41115742127050625
TEST_00795,1.7878208841817154,0.3440169461372964,0.4247296454294811
TEST_00796,4.598859755085423,-0.4995403301592445,0.13303863777359276
TEST_00797,2.8549738733282366,-1.5000289298137908,0.9955220712694239
TEST_00798,3.33535827843588,1.437081360400167,1.0076712503629046
TEST_00799,3.6565514130294146,-0.6417875162247866,-1.2777660111037032
TEST_00800,3.501619720362813,1.5887593066032388,0.2914522720440618
TEST_00801,3.6349611575223544,1.3976353156727368,-0.24355807328971307
TEST_00802,4.4971115152285615,-1.4308462194623708,-0.1176861428180125
TEST_00803,3.231584727613369,-0.10656761314634577,0.06568410837189492
TEST_00804,2.0880108638654424,-0.5327783127174733,-0.7605980208970798
TEST_00805,2.0832321223217463,1.070107887420798,-0.6330150475613023
TEST_00806,4.224975395036351,-0.1980891554715215,0.33577548136642654
TEST_00807,1.1360145146049556,0.41016322893868346,0.16397189821604038
TEST_00808,5.608103417316729,0.3712154160008182,0.14706785139518763
TEST_00809,2.4187273544443952,0.6982543294932011,-0.06502680818636884
TEST_00810,1.5560832149970136,0.25823409056202085,-0.22784773058004373
TEST_00811,0.788250067044563,0.41487972966030556,-0.03306904911614281
TEST_00812,2.4823826972470697,0.5712400063512334,-0.3130336547457467
TEST_00813,2.3811656724574495,-0.11237962667190117,0.0385035788565267
TEST_00814,3.707513298009501,1.684099078630249,-0.8095446283576753
TEST_00815,2.365018036764791,0.8866653329069129,-0.21087624054702633
TEST_00816,2.592870311831897,-1.13700213735248,-0.2057995750865362
TEST_00817,3.7282074173429334,-1.9362083254827516,1.7385605025982493
TEST_00818,5.445296415946112,0.46171466060520666,-1.161456066802304
TEST_00819,1.6659975638757747,0.4992066143588068,0.3091576560048689
TEST_00820,1.4621058104045275,0.29544529502439315,-0.022065049576591604
TEST_00821,2.6590039508333887,-0.40149114119230617,0.6478919340826449
TEST_00822,2.085220681393185,0.6710423064515794,0.15834935247805335
TEST_00823,2.403636820059756,-0.5696111294991331,-0.45652622466361276
TEST_00824,1.6766692422987723,-0.3318369002840585,-0.25733216259217334
TEST_00825,1.4083788098192458,0.4949054432166464,-0.6844529305160449
TEST_00826,1.6086649368845658,0.4535042778092546,-0.31050849808835645
TEST_00827,1.1122147917843197,0.39504898948998174,0.0632661076688784
TEST_00828,2.393804067165837,0.9296280456101679,-0.6479795355647249
TEST_00829,1.2756012126668288,-0.08581863208534433,-0.2955650611743589
TEST_00830,4.745724275546206,-1.3107813172000249,1.836544901348484
TEST_00831,2.202802822951241,-0.4145685232746697,0.16433312985986376
TEST_00832,1.4447975920724454,0.6185590357838583,0.28539199935250464
TEST_00833,3.2038492258897606,-0.9543283649052805,1.5025921372250908
TEST_00834,2.0587718430347293,0.15598792574291012,0.2326136686823663
TEST_00835,1.9090772034722039,0.6793159224402264,0.1072681319414858
TEST_00836,1.4139783313199905,-0.9173274577220261,0.00249678158177817
TEST_00837,1.3704229767230873,-0.1782178662750695,0.002481449323565057
TEST_00838,2.4135024177869697,-0.34316635764756165,-0.15254434631835506
TEST_00839,5.792426081053716,0.44533133493097626,-0.07479586546497069
TEST_00840,1.5016471592149108,-0.08225911047067228,-0.24510954244150532
TEST_00841,3.991044183339628,1.494586995212223,1.4686289892616498
TEST_00842,3.0637726802864638,0.5698383507226501,1.5557086587725382
TEST_00843,2.431123064860119,0.6718093276300681,0.05993947874875172
TEST_00844,3.490089478704641,0.313490849688245,0.7123024992664672
TEST_00845,2.5063434612134423,0.135647128990745,-0.04936636633327507
TEST_00846,4.592637260987127,-0.40914469659939184,0.7739715526238834
TEST_00847,3.6558147942722483,0.3491486854948767,0.1344579050180553
TEST_00848,3.8746641936139605,1.0663400184712752,0.0023228116219735895
TEST_00849,3.5802413860204547,-0.07557761345923358,-0.055452077836289436
TEST_00850,3.108015117527437,-0.31590214532561334,-0.31108451056452247
TEST_00851,4.263457342090103,0.14070134720091176,-0.1385884737086177
TEST_00852,3.2213757070436677,-0.7038479479126754,0.48467372916669343
TEST_00853,1.6533746513527106,-0.6936273148239219,-0.15314924029286697
TEST_00854,3.1176182712939853,1.3377544181881142,-1.0873798179064964
TEST_00855,1.0762474215926425,0.08688845703322537,-0.2722814144700506
TEST_00856,3.267866535762828,-0.22860255600300441,1.500280828061709
TEST_00857,3.739244455293734,-1.9454029106179007,0.3255196387083412
TEST_00858,4.273917552486207,-0.16690726523919536,-0.5653222968153271
TEST_00859,1.29784119225448,0.2836850807193826,-0.39381300804123104
TEST_00860,2.15774248894834,0.30306775187140433,-0.13580953982432817
TEST_00861,3.352473926354555,0.01885510977361004,0.2354062700485312
TEST_00862,1.5953036775512353,0.29559661011490695,-0.1937498722410488
TEST_00863,3.4579036983770437,-0.016051624829004647,1.0327978111380878
TEST_00864,4.061781310184946,0.1304902012335907,0.8409957789992916
TEST_00865,4.907230677569341,0.34489256356888287,0.1306864387462811
TEST_00866,1.3887297166924721,0.448994427494085,-0.045491670148502625
TEST_00867,1.8380713859751734,0.492101349001927,0.18536018304127114
TEST_00868,2.4285664957533193,-0.7685758307623599,0.2320012153569692
TEST_00869,4.379904769167844,-0.5473051139304078,-0.1094599195072794
TEST_00870,0.9795351524393568,0.42330513150301374,0.003428998476000109
TEST_00871,1.4830179968302615,-0.3721910130500387,-0.08446758246968125
TEST_00872,3.3654488361078427,0.9841920379119755,0.13204358153597143
TEST_00873,3.5381057855670344,0.25355173560218547,0.5695499116192297
TEST_00874,1.6581072141320339,0.1498149866424195,-0.04722917904688179
TEST_00875,1.066633713503154,0.30534874829057934,0.0950339397681738
TEST_00876,3.456376523162847,-0.29537448741909167,0.356775441709336
TEST_00877,2.6151259889269327,0.8217065953677126,0.19033810495173825
TEST_00878,2.2805693452045084,0.7116379850779043,-0.29153732816487027
TEST_00879,3.610126467292595,-1.0352278049928754,1.9670342937833707
TEST_00880,4.230417453083379,-1.5177478125802637,0.3174042614216821
TEST_00881,4.643470462331925,1.3740739990857809,0.8997374887961294
TEST_00882,2.0331654155478023,-1.0404243862865552,1.2682118185750704
TEST_00883,4.1606695298926635,0.13179440332443987,-1.1248960043739538
TEST_00884,1.8821745301694168,-0.20188249830196267,0.20905280423125872
TEST_00885,2.6960894306468144,0.3385465007727324,0.5990143695244041
TEST_00886,2.077595686338827,-0.33393506399832856,0.26162855139312446
TEST_00887,3.869512766120178,-0.08296976973447152,0.13998662959925012
TEST_00888,4.2944738264706785,-2.204690383106297,0.9339251924435923
TEST_00889,3.514685096610156,0.0561210024385505,0.07549394773426288
TEST_00890,1.5867802947288656,0.30409059426697527,0.17007465721018317
TEST_00891,4.081755853710744,0.3107100879103432,-1.1419347943666958
TEST_00892,4.442847844842865,-1.102296551928521,0.7313359581310694
TEST_00893,1.2828537090310184,-0.030815209669655643,-0.03303776055583808
TEST_00894,1.6780202361311423,0.6366416826475503,0.7495407753372821
TEST_00895,2.854289850138285,0.3268959551241718,0.3108538272990378
TEST_00896,2.3822445455606904,-0.17868887986872337,0.5215202020040561
TEST_00897,3.6833518918536754,-1.0752058506464788,1.7033234657775667
TEST_00898,1.9507095046375567,-0.4827892219047088,0.5511458599227701
TEST_00899,3.2195651759244104,-0.9450640924544846,-0.3379851586915781
TEST_00900,3.097837302637404,0.47058299550176436,0.9096679684902984
TEST_00901,3.243964815099993,0.4291612190999408,-1.1311201862959765
TEST_00902,2.4992422776203935,-0.2178952909770318,0.1681132459606909
TEST_00903,2.768099509707853,-0.34060062419231063,-0.41172924914910497
TEST_00904,3.8298000134150767,-0.016736084765392005,0.8182869813136495
TEST_00905,4.106774166378032,-0.3588638984551841,0.7431028855734294
TEST_00906,1.9784694646783894,-0.06092140302679959,-0.06814178080381861
TEST_00907,4.135908033049022,0.4035589009766268,-0.48379019132025464
TEST_00908,3.0904709384483793,-0.8188273375996213,-0.573481606551138
TEST_00909,4.221680548226124,0.0210458352590937,0.44270017381749055
TEST_00910,1.9958609647588261,-0.8866065704398812,0.5521098692720487
TEST_00911,1.801924689445805,0.04587483401672564,0.2624955104382988
TEST_00912,3.186943532198285,-0.6981699476637374,0.5863605106147329
TEST_00913,3.288015911594048,0.9065370764876254,0.4964025497399141
TEST_00914,2.404360085564082,-0.29178301632012477,0.2539340806300403
TEST_00915,1.5968517565611304,-0.8294273104736989,-0.3075544989603219
TEST_00916,4.361012342843121,-0.01994959163922796,0.15412752779232322
TEST_00917,3.054979123124774,-2.2747334281282603,-0.8470737109209633
TEST_00918,1.6013217028251077,-0.46464987945834924,-0.500401533388125
TEST_00919,1.1722007289273668,0.09570805165811092,-0.13132515111986998
TEST_00920,2.8119763617366624,-1.6657637318475518,-0.7037106218780194
TEST_00921,2.0196790809729483,1.2354943568680272,-0.3166921269938058
TEST_00922,4.290006507153005,-0.779092266902631,0.49947372619134794
TEST_00923,2.3485382025098827,0.5361562791598105,0.6315631043009069
TEST_00924,3.2954456792560034,1.0785062485065469,-0.048861221957478655
TEST_00925,0.8808652049170339,-0.12737382483996149,-0.3166034789912527
TEST_00926,4.591131025794385,-0.8220510264974791,-0.5998676424092614
TEST_00927,5.059637700995909,-0.4739868459710322,1.1964404696619586
TEST_00928,4.42504134421421,1.490314497229261,-0.10665833096412283
TEST_00929,2.112237976006515,0.2742895752181561,0.2567230125087695
TEST_00930,2.7253141729825487,-0.042305016857407084,-0.6347179190607033
TEST_00931,3.1579000973004887,-0.4256926839076376,-1.211912160216596
TEST_00932,3.4172602553668208,-0.9726210628020631,0.44007133626320943
TEST_00933,1.231816310184411,-0.36280271432522626,0.03977395090741703
TEST_00934,2.4859435703877146,-0.645785318081093,-0.42350929290139144
TEST_00935,1.2626981149218557,0.488932813579032,0.23320831363300706
TEST_00936,1.7963063898593106,-1.1038738303802222,-0.6075691307333491
TEST_00937,2.108530471523391,0.7910586923073853,0.3885460372117402
TEST_00938,2.439313423340569,-0.7022205899016749,-0.782011542113596
TEST_00939,2.386056254338582,0.6014133895025268,-0.09233936328342052
TEST_00940,2.9193801192935056,-0.2711634631804775,-0.13987505102886888
TEST_00941,3.616403083416302,-0.44390835807096807,-0.6918967175302588
TEST_00942,1.7980810242449459,-0.41435789462647205,0.061038832714657945
TEST_00943,3.992478738743157,0.4734780874118768,0.9451606109289344
TEST_00944,3.704765907495096,-0.28812378344145784,-0.5841399804878321
TEST_00945,2.1927878138983674,1.746762146548223,1.074586297700179
TEST_00946,2.0489324543142726,0.08198493933238606,-0.18072779698648306
TEST_00947,2.289323060844633,-0.14909024239659635,0.08273907432353667
TEST_00948,2.027970555424617,0.4263028505222393,-0.19733412891734725
TEST_00949,1.2341119032414525,0.1855374650051568,0.5558639875780773
TEST_00950,2.301089025287854,-0.14503028904289106,0.26600885095646554
TEST_00951,1.7827415443513748,0.8062719336160937,0.3173499529665794
TEST_00952,2.129492068293739,0.1820424019689554,-0.47465356520852725
TEST_00953,3.109883873586043,-1.569157518234779,0.8475854356458007
TEST_00954,2.7965137538158413,0.0616641287309957,-0.6386379946955142
TEST_00955,2.0819452365053244,-0.04930347383214959,-0.4778977484312732
TEST_00956,1.4019564232194723,0.04694575636324794,-0.5763265216905262
TEST_00957,2.0611376629034703,0.19887476418172173,0.01671436131562793
TEST_00958,3.293181109705019,-1.6188308394629116,-0.4570888585557021
TEST_00959,5.494985103841067,1.71649546260634,0.2959188390264099
TEST_00960,3.9421379968166343,-0.3421244920463288,0.2748758923944875
TEST_00961,4.131237180725259,1.0393862041306652,0.7661932024006946
TEST_00962,3.3722191410413407,0.602950646623558,-0.5464837212361494
TEST_00963,3.3239108346799706,1.6911892740020027,0.08765659293654628
TEST_00964,2.588136318763313,-0.13180201760595886,-0.5931805114970374
TEST_00965,2.3300998406962483,-0.5910065960962777,0.6147267034312359
TEST_00966,4.848711042133103,1.072594579839209,0.49128076541520954
TEST_00967,4.798887459408725,-1.2672383989479286,0.5852082655142894
TEST_00968,1.6980078391095816,0.1764779112607237,-0.026121415358488418
TEST_00969,2.0352095503022687,-0.1367988144949585,0.029153053834219768
TEST_00970,2.270793545168321,0.25746747119204744,-0.11496216495461854
TEST_00971,3.291597410563687,0.10034316811610372,-0.35084424711121603
TEST_00972,2.9503951081938875,-0.08055332843240602,-0.3639355509495347
TEST_00973,1.026545155779974,-0.019630672368883967,0.06743462464606736
TEST_00974,2.870262237136427,1.3159519509455198,-0.44097346124707215
TEST_00975,2.302975839598709,-0.752439805863652,-0.09406743116166359
TEST_00976,1.8500094076922544,1.0222616084530936,1.1072033455964025
TEST_00977,3.342987060404895,0.1603092493418306,-0.30252434490804164
TEST_00978,2.0151436189602823,-1.612086312762057,0.3573853607860669
TEST_00979,4.467796559026771,-0.6696715464346724,-1.2966951260818995
TEST_00980,1.1752845004629082,-0.34452263434541347,-0.09585794869836531
TEST_00981,2.9611764437198373,-0.09456446690650763,0.07180650051377807
TEST_00982,1.6816957481819,0.4156814119706412,0.023735268892575656
TEST_00983,1.2816941676603397,0.3030645393828374,-0.12979919032158513
TEST_00984,1.8122573162178577,-0.10279072819589694,-0.17507594114127834
TEST_00985,1.5047110153912269,0.5292846177306528,0.6441075413022909
TEST_00986,3.21518519787841,-0.10908544839424517,-1.3692994816666597
TEST_00987,2.94409697034771,-0.2927259715757952,0.0911691984140795
TEST_00988,2.588784481923553,-0.04041959157042215,-0.07829380804221221
TEST_00989,1.8730543608397812,-0.11640195056209786,0.7758293553026951
TEST_00990,2.482139588664626,1.6073464307123013,0.6093113663715474
TEST_00991,1.719901369591317,-0.8774728860896283,0.0906691935439338
TEST_00992,1.5870624598573733,0.9180040820498117,0.4577381410155136
TEST_00993,4.000352459766636,0.1383831714609851,1.0719830794292151
TEST_00994,1.3497979893815122,0.14420159554627224,-0.09908930968349663
TEST_00995,0.7566474148436341,0.02578641364041614,-0.014727125014036361
TEST_00996,2.7870542278512502,-1.6057898604537215,-0.26274470767962865
TEST_00997,2.2533457374490515,-0.1925320684265256,0.17134471610493676
TEST_00998,1.4211723897786859,0.5821175700696958,0.07481197689863552
TEST_00999,1.3721246758339984,-0.6244232125522025,-0.6922472947618571
TEST_01000,2.770843392009331,0.8757023460368839,-0.8333708349524187
TEST_01001,3.3565859801238673,-0.9510311953408984,1.0733356541094392
TEST_01002,3.555876340598542,0.94231260769949,-0.426539478740655
TEST_01003,3.6694098662666637,-0.947810417423821,-0.5077318091194187
TEST_01004,2.1968342367039964,0.8322456396315635,-0.08997899223448166
TEST_01005,1.3186240457353526,0.7161091778250118,-0.08104772026027715
TEST_01006,3.7807179909468713,0.7963368100342914,1.2540051220721262
TEST_01007,3.2855643379356234,-1.4128015206804532,-0.6380319285235893
TEST_01008,4.98144310645555,-0.13011725438669858,1.466716084630126
TEST_01009,2.4427883336579037,0.16552497333297622,0.18558867428248657
TEST_01010,2.2647437189010713,-0.10138643751571687,-0.394305980508412
TEST_01011,2.5056535004832847,-0.016189270458342626,0.09862389615961058
TEST_01012,4.833826093498997,0.5875028748349195,0.39116079590200836
TEST_01013,2.6614885929242784,0.16276936096879704,0.3961419990902955
TEST_01014,2.5483424023977497,1.2932888545402292,0.9997489370270737
TEST_01015,3.0982774953173347,-0.26450827232946106,-0.14491777619525836
TEST_01016,1.9251121504804691,-0.8362982326735441,1.067450288040627
TEST_01017,3.2997238423730826,-1.089548121849445,-0.7904224358239347
TEST_01018,3.057648377556973,1.4150086630526897,-1.192831081121217
TEST_01019,3.8301713985312067,0.7012829641349078,-0.1930368669572225
TEST_01020,1.5576224333412818,0.27732820049988977,0.6411361281401007
TEST_01021,1.6821969715196587,0.43822940240464464,0.4469439085842658
TEST_01022,1.789304459868162,0.08401109513386937,0.09761073155648141
TEST_01023,3.7019420640425094,-1.0429382734159989,0.5825825310505276
TEST_01024,2.6211095513354143,0.37470065997014695,-0.23295315855564624
TEST_01025,2.4832142966707114,-0.4624284739602926,-0.5415025189035106
TEST_01026,1.5233816945142749,0.38726096696672463,0.33545332356031005
TEST_01027,2.949089747186482,-0.0401634540304041,-0.47460730257052225
TEST_01028,2.5885284146518233,-0.5031739917206691,0.334055999258412
TEST_01029,1.095432359054629,-0.48552176381692264,-0.6071388103493143
TEST_01030,1.150410087097904,-0.21317242039385215,0.14553638773512262
TEST_01031,1.8720052034525432,-0.23051750911414942,0.1888350323988831
TEST_01032,1.6480835748199836,0.5259136860995751,0.66113743829249
TEST_01033,2.2494250324168363,0.27849045482137985,0.5925473204348192
TEST_01034,2.8235434404561626,-0.019875746859620118,-0.5898207512780425
TEST_01035,1.3570407402849753,0.35656696018451867,0.6270765776459958
TEST_01036,0.9784374240927682,-0.30445573432991596,-0.41953499282638257
TEST_01037,3.2528220970342043,-1.9449410954184272,0.9404883000900854
TEST_01038,2.456128654822186,0.7891110670089306,-0.73050937832518
TEST_01039,5.334304441746474,-1.6003205193561154,1.858053220932159
TEST_01040,3.5685554349818482,0.029676668329952992,0.22701141228068925
TEST_01041,3.459775534478403,0.20269984266261265,-0.31258410575651363
TEST_01042,1.5201536958364488,-0.33015934775569455,-0.14968672948406084
TEST_01043,3.8405414248086673,-1.9487850121013417,0.9577983983913763
TEST_01044,2.4431603408811577,-0.861757288070623,0.19204599691171048
TEST_01045,1.3800636581150478,-0.04743247764017943,0.06731481020413034
TEST_01046,2.039361392602065,0.19336802692600769,0.2165971905668289
TEST_01047,1.5948014245920168,0.7350658327048729,0.6027387058788991
TEST_01048,3.407270053668422,-2.2799844111562675,-0.3715909305110455
TEST_01049,3.720900049609558,0.20392865199860932,0.3825324366191344
TEST_01050,1.3872375461295712,0.0291512881700133,0.37161585792984686
TEST_01051,1.429078660192362,-0.156600458088698,-0.03632339010132431
TEST_01052,1.428231653588182,-0.04753534760005277,0.13302400381710863
TEST_01053,2.2662475296945974,-0.7298580180979238,0.5167349493531345
TEST_01054,3.67425456588964,-1.078008079261103,-0.29689870103110466
TEST_01055,1.9121939639860794,-0.1596979017418019,0.366337500531054
TEST_01056,2.1764115634145025,-0.011215309773200862,0.967756425423606
TEST_01057,3.4533768810589844,-0.820306505346548,1.1679852889020155
TEST_01058,4.690077790857142,-0.9808473245623742,-0.40982562192086297
TEST_01059,4.069892696839543,-0.5614185020192732,-1.07689342658348
TEST_01060,1.7414933609756311,0.524248996742625,-0.1703972647681424
TEST_01061,3.0306747215723115,-0.3331518514437708,0.744715788692792
TEST_01062,1.9502930540044279,0.7222059499428188,0.1781114195477507
TEST_01063,3.318615801770632,-0.4721914010804605,-0.42625740733383777
TEST_01064,2.238227692678884,-0.31913139511813077,0.9390810159429416
TEST_01065,3.522519264375024,1.1063467018145805,1.6699763803416618
TEST_01066,2.5623627698500933,0.14095235358138852,-0.0049957795618762145
TEST_01067,4.628285550884395,-0.15618964036161861,0.3643657000423189
TEST_01068,3.13945826588832,1.2222502283792396,-1.0656897839237276
TEST_01069,3.484731045463542,0.8514901810737375,0.4599258532546193
TEST_01070,4.559127017835358,-0.550684660368655,1.041451112707154
TEST_01071,1.3709819653098438,0.22154937784243833,-0.15364492071522254
TEST_01072,1.5172647100841619,-0.056155937110985446,0.7123090072179281
TEST_01073,3.168175648884275,0.561366128226057,0.4681551051441562
TEST_01074,2.796171997576771,0.04392141432890363,0.17015545695954756
TEST_01075,1.5642581976580359,-0.7820175015565622,0.5684828243622312
TEST_01076,2.9539526750721707,0.4978557193176791,1.1113852063129241
TEST_01077,3.498045447864634,1.4865334734785693,-0.5090900612831954
TEST_01078,2.419408344311161,-1.022080953727799,-0.3904276974106281
TEST_01079,5.370947732881338,-0.8303407300229547,0.748483639125086
TEST_01080,3.604878427124077,1.56163446575652,0.2872519427414142
TEST_01081,2.275546301035056,0.8020144488256087,0.5771473584698357
TEST_01082,1.5655511830102196,0.46935846602748355,0.03385509018683322
TEST_01083,2.12789412712023,-2.007564413358362,-0.5488540374567066
TEST_01084,2.2462774008465933,0.6187923284292564,-0.20982977361223656
TEST_01085,2.246047987947786,-0.17484242410297132,-0.041247443341691205
TEST_01086,2.2257867887487137,0.873052550037048,-0.3106448327025921
TEST_01087,4.845665069205859,-0.17049148493418761,-0.42305704805478134
TEST_01088,4.991334851854532,-2.05117402091687,0.1538798713406734
TEST_01089,3.5055559988326634,-0.11798855204803155,0.10042534404783614
TEST_01090,2.7274831331099834,0.26287269055803497,0.1369139048175065
TEST_01091,4.148998587902545,0.2905060417102137,0.3053379569913481
TEST_01092,5.044042848359958,-0.9665675003574787,1.2173827608483117
TEST_01093,2.1237097567948604,0.4976107498661219,-0.1869993705421931
TEST_01094,2.047028520646224,1.2608959495465177,0.841923879776005
TEST_01095,3.3842962934612606,0.9247534521838657,-0.6167080994131573
TEST_01096,2.0056626810340457,0.4952941005372049,-0.23522899040180215
TEST_01097,3.899175885963454,1.567606787341101,0.8828851211234908
TEST_01098,1.7959518042268787,-1.1566957863625993,-0.7637752393968827
TEST_01099,1.2505939907279409,-0.5694489658675234,-0.27507330579471545
TEST_01100,2.5313839076943063,0.47537751443825654,-0.760320087644637
TEST_01101,1.0556809849476747,0.26897688843162776,-0.4032709681984611
TEST_01102,1.4730052252995467,0.20183349020498212,0.2504122810263305
TEST_01103,3.398201099415646,0.019821910954041587,0.5654905977442665
TEST_01104,1.2628134957791701,-0.4890749293700661,-0.19451204530620772
TEST_01105,1.7294896249292897,-0.7595968452879371,0.04229157826359225
TEST_01106,3.506997973436554,0.14858698956480887,-0.39989965479003303
TEST_01107,1.6707566451216975,-0.19491475706725678,0.5098559092539544
TEST_01108,2.6827975590266386,-0.04596604206596393,-0.10179679265779316
TEST_01109,3.449323442503246,-1.4044803252728577,-1.0476752099250286
TEST_01110,1.0767047872988427,-0.30941449699457235,0.008736080794912001
TEST_01111,3.1618472329110276,0.11124131508034746,-0.31217335718732814
TEST_01112,1.5325176634871795,0.14644670726695683,-0.05571527134272834
TEST_01113,3.5931944234482467,-0.7806403304403556,-0.16638711520196278
TEST_01114,3.1273460106286324,-0.10241518565140459,0.759969667199369
TEST_01115,2.115571360132797,-0.22619825915802605,-0.5476400291581334
TEST_01116,1.8202844663285358,-1.0534533639276418,-0.36270512999930005
TEST_01117,2.3762485389938317,-1.2403504266981664,-0.31754287202854775
TEST_01118,3.7497638350244573,-1.5357201534725442,-1.1208488923498088
TEST_01119,1.8783297380326458,0.0874535873791113,-0.366107528481776
TEST_01120,4.654629848152524,-1.1195010765658462,0.248152578136086
TEST_01121,3.0835927533802554,1.5104015693822692,0.8181276065424166
TEST_01122,2.107088353278871,-1.0324581407528175,-0.19338372585471375
TEST_01123,2.819216015610196,-0.788851654649007,-0.46797048654242823
TEST_01124,1.113642303624724,-0.17088031290498434,0.3996756751491158
TEST_01125,1.497568771158294,0.5763867760315817,0.05583560302903856
TEST_01126,4.380978421418869,0.34923351132149216,1.082310148487009
TEST_01127,2.972711531556045,0.045124187767434765,0.880854699576439
TEST_01128,3.778449489982446,0.6002079561728217,0.9670236180098909
TEST_01129,3.1934972528681906,0.004861191385865628,0.6383031809764315
TEST_01130,2.5999681069674008,0.015956918900608876,-0.5307138665309494
TEST_01131,2.270153353506199,-0.18488731824586413,-0.04042749128484216
TEST_01132,3.2172111158504473,-0.2833474548263762,0.6575564076480432
TEST_01133,1.4025170168673784,0.2603744772981399,0.09493339401930086
TEST_01134,3.0587957492876394,0.5498232916223222,-0.9399617143593153
TEST_01135,1.8658184825590836,0.7538345319696362,0.34394318968661314
TEST_01136,2.763850783465022,-0.02158656444951281,-0.46463226838801513
TEST_01137,0.8091603270309939,0.055751405074890646,0.2587939370934207
TEST_01138,3.288381070534102,1.4745664778433596,0.8808795452882281
TEST_01139,2.2241626859470154,-1.2676894534959524,-0.3362121072879646
TEST_01140,2.526376111322618,-0.9998818354195101,-0.9297391074370365
TEST_01141,2.8028408542558356,0.03689554325605305,-1.0986059334651561
TEST_01142,1.7872583946135119,-0.5104831948204402,0.06341088803212065
TEST_01143,2.1042921518175834,-0.44373365473611454,-0.21016271347955706
TEST_01144,3.170700628333445,0.15483698431022386,0.09318686738071993
TEST_01145,1.095255137019028,-0.1282163584209988,-0.08107510981917865
TEST_01146,2.9169086807355455,0.5926166076410552,-0.014969048344024526
TEST_01147,4.383996991572214,-0.11399631299285706,-1.0516640672927322
TEST_01148,2.1022508659861603,0.18542985597202072,-0.0767434082613329
TEST_01149,3.311273996727814,0.4027622032501257,-0.5949951070147518
TEST_01150,0.9026815064637653,-0.45244631972145977,0.026294731012276012
TEST_01151,2.8932261437805105,-0.41612060158759445,-0.3841828531171362
TEST_01152,1.4741539660988765,0.029939564965169255,0.5490722473678217
TEST_01153,3.7026706174684003,-1.752890373167366,-0.5952995593819039
TEST_01154,1.5285919881451042,0.10742325295812752,-0.13050972437256178
TEST_01155,2.2279876238611718,0.07830745719400987,0.7206132663929146
TEST_01156,4.786067411247864,0.15293520973749955,0.39451161765999515
TEST_01157,1.9809151494624035,-0.3041222316676598,0.28776344199339426
TEST_01158,3.5139188441414793,0.7785091113485677,-0.3113469815140978
TEST_01159,4.700196409659157,-0.5606770297815928,1.8478582797654421
TEST_01160,4.40643081324528,1.8534977466264289,0.05740846452927079
TEST_01161,2.016186006208794,1.360903064585287,-0.30707548649015837
TEST_01162,2.300070296159696,-1.2669727764966103,0.47973353291510323
TEST_01163,3.499447494247155,0.9044543016843992,-0.812873760132119
TEST_01164,2.062078266424296,-0.09330183441498573,0.4796790101766171
TEST_01165,1.473417227460595,0.018871462970775195,-0.3351274959892792
TEST_01166,2.7824132207390972,0.4215441560924536,-0.08705157752289827
TEST_01167,2.4197256009973325,-0.22407009664224006,0.9909510396451063
TEST_01168,1.0948273806845363,0.6297177770231891,0.025514164882529004
TEST_01169,3.5468664385065654,-0.10054192059664338,0.08172053287540536
TEST_01170,1.937089215228199,0.3180598396488027,-0.5740883555311771
TEST_01171,1.897376183965323,-0.046472517396365993,0.2245097307029904
TEST_01172,4.851893370378264,-0.28374583650699464,0.9327199815352856
TEST_01173,2.826285412949417,0.46742703545531394,0.5211118317688364
TEST_01174,3.436967839414204,0.3434325431800764,1.0795693835882478
TEST_01175,1.926563410464919,-0.21897373438880574,0.24029380524297955
TEST_01176,1.670947820056643,0.6510291608105323,0.8214327360367026
TEST_01177,3.39696921010785,0.4895952311659315,-0.5028009105707534
TEST_01178,5.172092569628694,0.26479497584028555,0.44389985667209847
TEST_01179,3.4172894656000032,0.3865357017888767,-0.8365166355468119
TEST_01180,1.3159543422109745,0.369704420310367,0.05737102010192214
TEST_01181,1.6323066386844416,-0.14072957788542237,0.5685349852623844
TEST_01182,1.5672078670769163,0.7055603222880746,0.48946889553917344
TEST_01183,1.9947999993284227,0.06644170778435537,-0.1896770580332988
TEST_01184,2.5692126295195328,-0.1926234318958054,-0.7910785577472902
TEST_01185,3.0911087753468167,-0.5773265889279379,1.1763257270661704
TEST_01186,2.711353623446862,-0.2942118553537871,-0.07073264422592743
TEST_01187,4.059540720880708,0.5873920577930021,-0.9918367842538225
TEST_01188,2.274483998767139,-0.058797556389244124,-0.21094568424282864
TEST_01189,2.465683458477267,1.3803357306736017,-1.0161092746755334
TEST_01190,1.6698273548343294,0.8246129520712187,0.5704754004729423
TEST_01191,1.4012480645274055,0.5129111016573923,0.19945987804035253
TEST_01192,2.6253868398043685,-1.7976435934387134,-0.8799882657837579
TEST_01193,3.614686183226249,0.9153574311364377,0.6420964457764271
TEST_01194,2.393402651968436,0.6096953483519707,0.39902372326146585
TEST_01195,2.1884957655653796,-0.4153705956882993,0.17654516088034003
TEST_01196,3.1869429810983827,-1.5909807073843816,0.7017642854815793
TEST_01197,2.9370559959697853,-1.7841073922198105,0.33818164340545065
TEST_01198,3.156252575879193,1.314652602189105,0.5816958338528522
TEST_01199,5.410288813021427,-1.5051326742786955,1.999849142037231
TEST_01200,1.8356964197987238,0.8579425986176943,0.09250120227865526
TEST_01201,2.6208029645119013,-0.14222096120855807,-0.4678877752115043
TEST_01202,1.8583396668263241,-1.038764709054986,0.8701509534274839
TEST_01203,1.419215992422717,0.2775610409560821,0.4056135254083923
TEST_01204,3.3446017778475117,-0.6536872253230358,0.06730427201685886
TEST_01205,2.4179484580353168,0.050137584250964436,0.13459825599278494
TEST_01206,4.14478588913596,-0.16609575722085415,-0.019446546863330923
TEST_01207,4.694004695845938,-0.4408775893143916,-0.5926570529728289
TEST_01208,3.1181651882878234,-1.1031525591655666,-1.1078713081484208
TEST_01209,3.5614793444621125,-0.0913353058916871,-0.7961352889672859
TEST_01210,2.1866355693314095,0.33782392503011877,0.09774785308159813
TEST_01211,4.32691109680432,0.5309469350996792,0.4669000383926095
TEST_01212,2.6898033267735775,-0.7024289369021287,1.1224711123859088
TEST_01213,1.6518390171506234,0.4135045776729678,0.31460497772596724
TEST_01214,3.189931406424401,0.6590531927822284,1.587584705112676
TEST_01215,2.7070751247050615,-0.5973274108990069,-0.12028132701350748
TEST_01216,2.353226477282797,0.4465071902931798,-0.07395531114463749
TEST_01217,1.9319229987993465,-0.12281890011260767,0.5513018120869629
TEST_01218,1.234738105401741,0.6232606716743896,0.09101374678675135
TEST_01219,3.7504777838018377,0.41734792668838655,0.26284312486634315
TEST_01220,2.707633360635894,0.7584972024432675,-0.019741143582277333
TEST_01221,3.630429423685535,-0.5124998859651387,-0.2388833750994121
TEST_01222,2.1776920724828566,0.2878103340956457,-0.7988167018831017
TEST_01223,2.5835477175891173,-0.7552936187233753,0.21643390136184323
TEST_01224,4.182458324526195,0.1170469245758125,1.0768186132110944
TEST_01225,1.9345251197802489,-0.8745682275614239,0.5968948113343983
TEST_01226,2.2429396185033807,0.013942495342793106,-0.0058639227840109436
TEST_01227,1.3267445810044751,-0.18789230409157925,-0.39605382248948984
TEST_01228,2.3000838243423205,0.2167180463372043,-0.045690488982963975
TEST_01229,3.6791359709321334,-0.6729439718863478,0.6280318353323828
TEST_01230,1.110516076658639,-0.6508070021411296,0.16628344919500931
TEST_01231,3.007514644710298,0.39078489681284406,0.06899246670368717
TEST_01232,2.0771500538036065,0.2961412149053435,-0.12613102676405144
TEST_01233,2.6610628944094303,0.18107436312178926,0.30224228757510263
TEST_01234,2.2425301864676994,-0.03815244556863874,0.37263560639263166
TEST_01235,1.3001680603138877,-0.43326628758862284,-0.06016475914953819
TEST_01236,3.4748086274021768,-0.14359818197586244,-0.261638668483785
TEST_01237,3.063762986794853,-0.8335849017496313,0.16622801167092638
TEST_01238,2.324225022372893,0.5859060762556223,0.053364104347780744
TEST_01239,4.9055345207386996,-1.516706324393651,0.920574782119216
TEST_01240,3.016251263883003,-2.152376965085942,-1.071890439769169
TEST_01241,4.127826162395944,-0.6899438340846306,1.0527443853822813
TEST_01242,2.9045338433177528,-0.05437474588059291,-0.6320491506029793
TEST_01243,3.0733557119570345,0.7956878275922756,-0.4676941987419613
TEST_01244,3.7990544580983667,-0.865181023125736,1.3581118234506435
TEST_01245,2.4476216843505854,-0.8509427583403926,0.4021551390673587
TEST_01246,2.641135079882561,0.10306150248481093,-0.16126567406756512
TEST_01247,2.9601111024645634,-0.3351653772132459,1.0179316506743725
TEST_01248,3.192109888383516,0.606437504982964,0.9564052286998471
TEST_01249,2.7638072070910766,0.5280851469802725,0.42661906263275134
TEST_01250,2.164353866839444,0.3485565028264969,0.46106246394166595
TEST_01251,3.04974463730396,0.25403377934980176,0.09796798566144804
TEST_01252,3.6016626548772006,0.39093641501462445,-0.8766383477457194
TEST_01253,2.3085971034936006,0.2204622269915846,-0.3925838547765615
TEST_01254,2.5199908606442873,-0.4990175719336941,0.29345428461430034
TEST_01255,1.884631997018257,1.2116608096186745,0.17393395165637096
TEST_01256,3.2655784265176084,-0.3510653289872823,0.777787342258413
TEST_01257,3.3861395190315102,-1.8958403617359514,1.5816125344359397
TEST_01258,1.897679949019742,1.4339371238774221,-0.025938766696456554
TEST_01259,3.163088002989378,1.4505475732995081,-0.36074282486883236
TEST_01260,1.2428055765413972,-0.015281934890789467,-0.49404345785175696
TEST_01261,1.9522211478725766,-0.4529488471760102,-0.2916565389029991
TEST_01262,2.005497976367096,-0.49316608689081026,0.5194839780287812
TEST_01263,4.130650810994115,-0.6759887248465857,1.2975296917285442
TEST_01264,3.748510589449876,-0.1795448236237175,-0.07939473512058746
TEST_01265,1.1896088363572315,0.4458611839305793,0.3118201157450458
TEST_01266,3.010886482850799,0.09955654334797194,-0.15960704678132756
TEST_01267,3.4782474064784825,-0.36816894426667884,-0.22763638912888745
TEST_01268,2.4834735923408147,-0.0994453218209291,0.23289834543388016
TEST_01269,4.387665855733149,1.7796940977840041,0.8158139025322578
TEST_01270,4.1484520026939835,-0.6127698115990629,1.0686439118875959
TEST_01271,2.8445724284427305,0.4945575298079772,0.0753524905165593
TEST_01272,2.0298989063057142,-0.8536598795225914,0.8319677344522466
TEST_01273,2.0265759558377137,-0.1456041510763614,0.2412302886311552
TEST_01274,2.6767372872795634,0.16463487910254504,0.08325862307090777
TEST_01275,1.2377919235407253,-0.31999797601258206,-0.11809251126356167
TEST_01276,3.866368418861804,0.09247579909225066,0.06490749819022858
TEST_01277,1.485262050641339,0.012963959919141933,-0.16127893621972827
TEST_01278,3.1653366027584604,-1.213292551329647,-0.9879698953899806
TEST_01279,4.894116844781104,0.07981064623101546,0.29778041330732513
TEST_01280,3.538280695260311,-0.6844801778718644,-0.5130565161237456
TEST_01281,4.256155778815397,0.5778922954317139,0.0682264064070921
TEST_01282,3.6804091619134427,-1.4150396186388643,0.30042723140459765
TEST_01283,2.747098036985459,-1.5986983928437093,-1.1170451723800534
TEST_01284,1.685291765475516,0.24370457545477403,-0.23463310270291396
TEST_01285,1.5257392964526781,-0.0353606103553389,0.5651404237564552
TEST_01286,2.088821066326292,0.18986656001833158,0.26366886154492064
TEST_01287,1.962865083823141,0.777189741407561,-0.0211612107366083
TEST_01288,5.2131854908664,-2.112034138514921,0.8514246298707892
TEST_01289,3.6702537306318272,-0.05709197717556886,0.3557213511619517
TEST_01290,1.6724306962080928,0.6376275878574528,-0.2277033796215062
TEST_01291,1.7881175866979542,0.08851876034072825,0.1168104917297425
TEST_01292,4.378863739879624,1.276774369129969,1.4116634680610793
TEST_01293,3.0373576036105856,0.2719864984617217,0.20650404500770747
TEST_01294,1.6896632048091689,-0.5234156405103927,-0.6549039971755417
TEST_01295,3.7776652053470676,1.1630842206589593,0.3824410320525028
TEST_01296,1.2426519745250377,-0.2611211747751869,0.08127723342230148
TEST_01297,3.3044220197570313,1.3353793867418606,1.3906810680261275
TEST_01298,1.904821532347377,0.09322475001819347,-0.45954798452100815
TEST_01299,3.0796987410721375,-0.1905710550012046,-0.27518578948656885
TEST_01300,2.643765941242942,-0.42206640104875043,-0.27576114971487087
TEST_01301,2.3905515528508037,-0.16431914806927625,-0.23635968796375775
TEST_01302,1.5014698168160638,-0.4435725443045635,0.2439747069870551
TEST_01303,2.976561200927093,0.0713408528219364,0.07649464274317946
TEST_01304,1.839187960272672,-0.042115779505165846,-0.4926954944982642
TEST_01305,5.48985599739723,0.8663282160114196,1.1435627218816382
TEST_01306,2.9366524817627933,0.5125714659191793,-0.39733335763671673
TEST_01307,2.0365524429182664,-0.6555223093579582,0.2526688523715605
TEST_01308,2.214075001153263,0.34814102419301046,0.48439311811318825
TEST_01309,2.849187830580238,-1.408290379751285,0.6137445097723905
TEST_01310,4.142683921228298,0.34247799967576054,0.59664918429613
TEST_01311,2.6462970348769455,1.0039088503467526,-0.15890275613745986
TEST_01312,1.5082836205414771,-0.31428146052065925,0.040401437982027964
TEST_01313,3.2388779203267655,-1.471959561231821,-0.36976091715525067
TEST_01314,2.1544817777297194,-0.6850517930779156,0.11385778990347863
TEST_01315,0.8576532362741733,-0.06679502492012075,-0.18072068549387205
TEST_01316,1.8637337449224873,-0.5128231059708243,-0.06768861472950374
TEST_01317,3.5087670636923494,-2.214578360271515,1.137171809793594
TEST_01318,3.0438002750335977,-0.6063596399021675,0.46018398608431965
TEST_01319,5.490562823612776,-0.24691724084749067,0.346023907450985
TEST_01320,1.4306272761950685,0.5985361625314084,-0.44246702133882354
TEST_01321,4.853992590982092,0.5617906443993306,0.12811525788548425
TEST_01322,4.722128699525533,-1.5236774819828094,-0.8046444053137941
TEST_01323,4.211842702099651,-1.6564238197472043,-0.17304352849208823
TEST_01324,1.0152070801463209,-0.1522504860067865,-0.20787947177757962
TEST_01325,1.9845461312724026,0.2935678274458195,0.3549270768893073
TEST_01326,4.174436246997543,-0.8024883729674902,-0.031168954044928275
TEST_01327,1.9469331884850265,0.95093283287674,0.44643305547437756
TEST_01328,5.387257685760828,-1.3471460681286058,1.5142868411453672
TEST_01329,3.394575621463742,0.291229825483961,0.21710282858148225
TEST_01330,2.8167166236788166,0.6282712575255064,-0.7317325639369957
TEST_01331,3.107036244561388,0.10825902379579498,-0.07529652510157037
TEST_01332,3.0940343137148707,-0.08438225514558492,-0.14502687790836558
TEST_01333,2.4646892256023336,0.09643951430683863,-0.14599350044853268
TEST_01334,3.1864207359466254,0.2339580977856995,0.2074485474777182
TEST_01335,3.771934899293547,-0.2641062479010522,-0.10588327225898614
TEST_01336,1.6486154213600404,0.3714330926695624,0.3496504522809922
TEST_01337,3.090082901383366,1.9979982210621618,1.92925712130437
TEST_01338,1.284438482174811,0.7537017738708132,-0.18958200838288447
TEST_01339,1.3042970379322678,-0.19373644413897592,-0.02569181641607391
TEST_01340,1.9253603743864618,-0.24999913227975037,-0.34105268333217714
TEST_01341,3.4433963952121043,-0.2760702616665204,1.11729532954997
TEST_01342,1.6994901755409597,-0.9813571433979282,0.28826872109609425
TEST_01343,3.4406440620508763,0.2351372732193145,0.8391648262800431
TEST_01344,3.860605551385826,-0.703681904378692,0.9960061962358825
TEST_01345,1.3878544495252167,-0.4782388435359661,0.022175607503718102
TEST_01346,2.27677303650371,-0.5925186396346367,0.22515941454437885
TEST_01347,2.2654568244022375,-0.6676332055894677,0.4586254362276253
TEST_01348,2.7017427523682325,-0.00863515465908289,-0.16842805722368015
TEST_01349,1.9018008932663155,0.4373966555131478,-0.37993910674599585
TEST_01350,3.3425945000261876,-1.1985662509933792,0.9849798460342972
TEST_01351,2.2850891728277265,1.045109360463279,0.1549466352367746
TEST_01352,3.3059256688583387,-0.043584444107081025,1.676371038184279
TEST_01353,1.6402390205843125,0.05462870062385175,-0.00615332079456115
TEST_01354,1.8579804427220579,0.6262739906414878,0.30159918800353824
TEST_01355,2.277378774574327,0.14155932557663295,-0.0626267884602755
TEST_01356,3.4703404053423865,1.7591522805669737,-0.31778054606878464
TEST_01357,3.2081696391897343,0.07556826270369023,0.8242477351287862
TEST_01358,3.685111830886647,0.07914776606125386,0.7784098397972264
TEST_01359,5.570903650542428,1.6539704823044479,0.22488610652395866
TEST_01360,4.430347555976332,0.9760353790622511,0.9104511805027566
TEST_01361,2.700864737557634,1.5368497335712379,-0.1641286322384097
TEST_01362,2.421409213373093,0.435934398941067,0.6779565757137282
TEST_01363,3.085315111757534,-2.0828228246884635,-1.1501275594672544
TEST_01364,3.6936731343890283,0.6867162082982333,1.0799758111643456
TEST_01365,1.4947320238015844,0.4760618978884418,-0.07250034917336066
TEST_01366,2.4136084604696806,-0.41660825534361673,0.3933084253002623
TEST_01367,2.508108204649585,-0.19643267332415348,-0.22507533555576667
TEST_01368,2.8140768773234335,-1.0062380706248577,1.206173425254397
TEST_01369,2.1977141689685826,0.31842167528514753,0.2623994241721945
TEST_01370,1.578387530517932,0.7724656867914143,0.001132678190690808
TEST_01371,2.1712591391557075,0.04345483464399294,-0.44630667766698845
TEST_01372,3.8704382226513507,0.5802400196423042,-1.0008017397315083
TEST_01373,2.3851283379080193,-0.6243204689660757,-0.09367559969042566
TEST_01374,1.2627100218015364,-0.28590763568904937,0.2805696871621031
TEST_01375,3.1592947775504783,-0.5090044704239284,-0.012802676457879688
TEST_01376,2.6764865352948166,0.4130089938650228,1.0160784464825816
TEST_01377,1.5549732303517743,0.6885527153894059,0.03133313829317001
TEST_01378,2.667958860183065,0.6875120891902442,-0.7207072984196445
TEST_01379,4.372730038349702,1.1622471383590678,-1.319159498732814
TEST_01380,2.2087687079579674,-0.6901677213194628,-0.27072687043456717
TEST_01381,2.7108943414090834,-0.5410918938370246,-0.3243565242831103
TEST_01382,1.5601701156974312,0.18613455875700277,0.09081940313738449
TEST_01383,2.3447758722143877,0.5826824021400987,-0.010925777563645015
TEST_01384,2.4634822615121212,-0.06313571864375968,0.05254287970180506
TEST_01385,2.563024738636642,0.281864120586455,0.4087888920079079
TEST_01386,2.468899087293438,-0.20528002251680377,0.35577315500054807
TEST_01387,3.548052471147557,-0.09968827277636175,0.04878231054241646
TEST_01388,2.3601680498557567,0.16299551138377386,0.28558731991485553
TEST_01389,3.8790854186531747,0.2977578003214728,-0.31298761167571126
TEST_01390,1.0021220161121467,-0.12298087211086589,0.07327350430545883
TEST_01391,1.2412108572731162,-0.0622110025905432,-0.05365038708981673
TEST_01392,2.6728826220596287,0.6200121865995336,-0.4846780386313549
TEST_01393,2.1967101188613403,-0.172784252669429,0.5386488455078556
TEST_01394,2.7857062937640524,-0.0014783423579362697,0.06363133858231955
TEST_01395,2.030538354740189,-0.44066101522506124,-0.13667159255609157
TEST_01396,2.6208081045576406,1.1709225714722498,-0.644067784742866
TEST_01397,2.19874452582376,0.5825433848987769,0.6522080016974381
TEST_01398,1.706876847183485,-0.27649653040869815,-0.0482644787430376
TEST_01399,5.87183977029409,1.4041625619039197,-0.4247366549043379
TEST_01400,4.682855480664161,2.2247925244630924,-0.4939105045902064
TEST_01401,4.361726817075081,1.4957256856466241,0.7309424966420209
TEST_01402,2.495445199337376,-1.2739079497923114,1.1282916578315283
TEST_01403,1.816003672382895,-1.7064900095067794,-0.6030656223181896
TEST_01404,1.779006046453365,0.9297780341021545,0.28893934484851247
TEST_01405,2.859305225265676,0.4337854151302154,-0.3147483240069829
TEST_01406,3.8102557633375223,-0.3194013878665596,-0.2181847621170468
TEST_01407,1.3846062715777243,-0.8819918543176449,-0.07900993920765419
TEST_01408,4.375499457545055,-0.7097986786434994,0.9128440813392174
TEST_01409,2.456213171446539,-0.3488992838641885,-0.4632388828818226
TEST_01410,2.1295132716004197,0.28198776870851994,0.22142054862564914
TEST_01411,0.815908480499788,0.3335089211579203,-0.04746709980927316
TEST_01412,2.573872950051138,-0.37556457489480255,-0.19040927284328807
TEST_01413,1.1924889228932876,-0.11371525655374252,0.31758709445832833
TEST_01414,1.684263193117425,-0.3242834278920306,0.020392864087339934
TEST_01415,4.03479943101942,0.8382990560574536,-0.8313050712709515
TEST_01416,3.218004577688936,1.0698268645093787,-0.5871898507675163
TEST_01417,2.8570693765602346,1.2245076730942832,0.3447189154397945
TEST_01418,5.287229326417561,-0.700527737701937,0.5947420410108742
TEST_01419,1.850140019755552,0.6196436387693386,-0.20683714761949662
TEST_01420,2.466111683600667,0.9064830982879054,-0.7987998950910193
TEST_01421,2.548189000409883,-0.3489408948592917,0.21260644459979983
TEST_01422,2.089648477660153,-0.07615698765949845,-0.21462005347587104
TEST_01423,2.8942685665177517,-0.4702442518042282,0.12053408089546676
TEST_01424,2.6507357344329705,0.14049634439356654,-0.04472811914286215
TEST_01425,2.213806840503222,0.6596802988752907,-0.5663451272186663
TEST_01426,1.076887662268575,0.20366411240189464,0.2656446872445374
TEST_01427,3.9065003521535666,0.7692508446682211,0.912136086665809
TEST_01428,2.15422887695894,-0.12075794368647927,-0.15077978710836462
TEST_01429,3.649067206805625,1.0251664050378493,0.4261863603686054
TEST_01430,3.0128942504958847,-0.5865968424908984,0.7491612426934601
TEST_01431,1.5260358945469312,-0.9305666530185611,-0.3560840355199994
TEST_01432,2.8474173284926514,1.346458891830652,0.3718674861350062
TEST_01433,1.9509336196272986,-0.36895339365718427,-0.2036174757062279
TEST_01434,1.8100369013860118,0.011040070446355004,-0.10675766441803035
TEST_01435,2.0496835000806732,-0.7209982481149361,-0.6911773758198833
TEST_01436,1.7842212507243793,-0.050735821108397666,-0.1395950662688043
TEST_01437,1.6634327192765455,-0.539711585243035,0.14696345260976235
TEST_01438,3.4280106758067044,1.6659410436248632,-0.5637051540563779
TEST_01439,5.640412046405451,1.0276660097494525,0.37250606617368365
TEST_01440,4.400770533888047,-0.7767429815228464,-0.8078271374482766
TEST_01441,3.1011900689961522,2.1430228401259797,-0.1882876573027394
TEST_01442,1.6476005145047772,-1.5974881051246328,-0.6774768334022844
TEST_01443,3.4302718387694346,0.42068032192572496,0.5516270882258927
TEST_01444,1.8197888915952631,0.3245531742546455,0.5198932743957717
TEST_01445,1.0325146358839947,-0.13391101211501621,0.19309057037121297
TEST_01446,1.7049923683634398,0.14412429195572968,0.05357082968720527
TEST_01447,5.118763754295781,-1.0225302186834389,1.2864435777488106
TEST_01448,4.0599939995776175,1.1374426360991354,1.2094750768500684
TEST_01449,3.8542571193818924,-0.2955474190998056,0.8550733393622352
TEST_01450,1.9585247240375458,0.6556547629678033,-0.1165663368831607
TEST_01451,2.487551114220995,-0.31960274973585734,0.3764365330198636
TEST_01452,3.857782808602376,0.5849614185580152,1.6456714272556145
TEST_01453,1.0968723871779462,0.12480829662515229,0.12312162024166548
TEST_01454,1.7085724192123795,0.9884291314100309,-0.5982570341370443
TEST_01455,0.8839147114717324,0.37537049564367714,0.12730852534512138
TEST_01456,2.0638575352548405,0.5014416515427189,0.041360085638230216
TEST_01457,3.7727374775863187,-1.7844701888686638,-0.4412478611365153
TEST_01458,2.5835404169690546,0.9404087257288435,-0.7720028419484215
TEST_01459,3.4600237135350986,0.27393122757705696,0.24929743142062077
TEST_01460,1.760281673815156,-0.13406056475609954,-0.31270935075056844
TEST_01461,3.242297808878022,-0.020043614860558955,0.5931868974862256
TEST_01462,1.945273482155413,-0.45718382473094565,0.21258519158838077
TEST_01463,1.977274650154432,0.5625542347257488,-0.6679195734244946
TEST_01464,1.6817815984928166,-0.6057656294331086,0.11190889274326142
TEST_01465,3.605253553881292,-0.23785748378699587,0.5593300367573786
TEST_01466,3.1939085155909916,-0.04595279458307476,0.2105344731742765
TEST_01467,4.026124765179295,0.791020361930806,-0.8205023794497143
TEST_01468,2.5335032914650406,-0.4699729947838216,0.11571621261545981
TEST_01469,3.263983587063484,-1.228390026786328,-0.39909820649577055
TEST_01470,3.6585631045847027,-1.3733450086037882,-0.31017314047835043
TEST_01471,2.0267162119409563,0.05948259573543022,-0.045523978589753926
TEST_01472,3.7192418543803734,0.7372964693971359,1.2258300234414743
TEST_01473,3.616086436705418,-1.0637427571996991,-0.1420371096846624
TEST_01474,1.8377093581160415,0.12981718668984288,0.46309088012869726
TEST_01475,1.7712529912644566,0.43365005763084613,-0.11916201602453692
TEST_01476,2.227540261141129,0.2530972730939112,-0.5516946687906823
TEST_01477,2.4248005827757613,-0.036241971033167446,-0.3500900064532893
TEST_01478,1.29267401682078,-0.3830922394419966,0.5209485844194985
TEST_01479,5.615977988065914,0.7730619188092462,0.7686474139874423
TEST_01480,3.403207469385871,-0.5965786603489933,-0.595915358574817
TEST_01481,2.7128457655808798,-1.9591295003448999,-0.45270513956902564
TEST_01482,1.311567022653727,-0.8044891755424181,-0.6743308657498838
TEST_01483,2.6724693806350612,-2.1067674464747315,-0.04466796763803359
TEST_01484,1.8643864336216918,0.35241025899995,0.4137613004150552
TEST_01485,2.0833658031151727,1.0062580117471538,-0.4726742340270296
TEST_01486,2.4923750125444086,-0.43126455020241405,-0.39627684145266195
TEST_01487,3.9115500990994785,0.7036809324119809,-0.45377973440600416
TEST_01488,2.9277182542657214,1.5605254836858775,1.1104828516447973
TEST_01489,3.3632675604023965,0.14909288680262736,-0.39914629734945545
TEST_01490,2.8933507789602744,0.07272027790555441,-0.12583266788314945
TEST_01491,2.7242728001299605,-0.050351640605869566,-0.9040975983867389
TEST_01492,2.562481767757235,-1.5661693746999779,-1.139270634019554
TEST_01493,2.2728799397857316,0.29693837662787864,-0.25345233067739975
TEST_01494,2.847320121862077,-0.031683270764841696,0.6200442448328233
TEST_01495,3.361532289521758,0.18509152700028086,-0.2678135752546809
TEST_01496,2.598454994630946,0.5837192781309608,1.2882914750690428
TEST_01497,2.174685726953463,1.0651539543112727,-0.24231721621652752
TEST_01498,3.3515119301459877,-0.7741948515120629,1.381941661441524
TEST_01499,3.691465706159498,-1.0971079213047137,0.19973311345665362
TEST_01500,2.1898747152904647,0.5803608951385266,0.2063759060794428
TEST_01501,2.046737774252637,-0.18443031883974698,-0.6446323621430079
TEST_01502,1.7573902667156496,-0.9157945143016005,0.6548747674174487
TEST_01503,4.32463749180606,0.719519159481503,0.2561448223578991
TEST_01504,3.473489834522142,0.12438619968985042,0.44449568376172083
TEST_01505,3.4264298658048085,-1.1414789920910076,1.7568388267963844
TEST_01506,1.4852925743760186,0.12259213677769429,-0.09257104162212085
TEST_01507,2.7454510031139514,-0.29558051456306267,0.2876281690088082
TEST_01508,2.9982758744150004,-0.543048163399407,-0.2093068545650275
TEST_01509,2.2604757738412835,-0.021324351381508976,-0.436782775179632
TEST_01510,3.393616128964953,-1.302113326648109,0.8042360565727045
TEST_01511,1.9184507978770422,-0.38271082377781096,0.09175333740390625
TEST_01512,1.265860472012701,0.4785098107615896,0.19399062000863967
TEST_01513,2.9860483409082486,-0.5539985053433383,0.5896475662401541
TEST_01514,1.4872230213020734,-0.14253559572246025,0.26544745116452906
TEST_01515,1.0151193040316573,-0.48365896757852817,0.25700394574030105
TEST_01516,2.3353535279452378,-0.0823996476862466,0.7470474249576802
TEST_01517,3.053984449185927,0.13200210786719732,-0.8279802989282606
TEST_01518,2.385362243251101,-1.0373266049288692,-0.8241008949174756
TEST_01519,4.911815123772811,1.0784050261658478,2.3259594687672784
TEST_01520,4.098008897173917,-0.333411343906856,0.35855032843619883
TEST_01521,1.163929910530617,0.4712087965101988,0.3518510287620832
TEST_01522,4.248270972034489,0.18769511385042825,0.059119220012533925
TEST_01523,1.5359012152977718,0.5805635458734364,-0.4550645210481002
TEST_01524,3.301682085844881,0.03909163077024491,1.139859319571034
TEST_01525,1.8405139970419258,0.32272370288203617,-0.21561345962139655
TEST_01526,4.7864981760259875,0.8161277371772102,0.8406811380010697
TEST_01527,2.3452936781915215,0.32712714725017894,0.525974672996359
TEST_01528,1.3752098078189234,-0.1622854308844315,-0.16860461083050396
TEST_01529,1.7714452685989632,-0.013845287192203083,0.06018407352597189
TEST_01530,2.2433908183496185,0.10689318138566525,0.543338208962835
TEST_01531,2.363375611448968,0.0023966949775626393,-0.35979241511382154
TEST_01532,4.878002602207227,1.0199625099527956,1.8317284733161814
TEST_01533,2.242958459791426,0.009777186565683089,-0.21280661484473876
TEST_01534,3.141972929354335,0.5731127522918721,0.6753402332244564
TEST_01535,3.0561635736761312,0.46789889514246846,0.7169155353165774
TEST_01536,2.638254020827509,-0.957093155241913,1.332556957131145
TEST_01537,1.7139748463415037,0.6353986588132033,0.7574669578576051
TEST_01538,3.8972784749544975,-0.6567307263755939,1.5518496878402268
TEST_01539,2.8551774709104825,-0.4797035189723874,-0.07760152983329824
TEST_01540,2.1774850818581313,0.7660603397818189,-0.44161007703630895
TEST_01541,1.3257441526509004,-0.6114148444064404,0.05796829067505014
TEST_01542,1.2946255269974938,0.2060655731890703,0.2121713355507289
TEST_01543,1.2929651618020266,0.03971205308582875,-0.3193721353829425
TEST_01544,4.151913749928888,-0.0903719916827458,-0.435256692609168
TEST_01545,2.867334415713335,0.2591417837635833,-0.7296958820945836
TEST_01546,2.889114485846425,0.21997311732786518,0.1234795918649722
TEST_01547,1.662208046326287,0.1424731218467997,0.09760440752167016
TEST_01548,2.883048840399731,1.2957504631396564,-0.8885437810772201
TEST_01549,3.997742672497884,-0.6200849374352334,0.8136744893322485
TEST_01550,1.6279942750019576,1.0915372834380637,0.00564059317378149
TEST_01551,1.8086801915930084,-0.5249206778324327,0.08684618739094342
TEST_01552,2.4672988390085235,-1.1116845973697058,0.46919136711903464
TEST_01553,2.67458577560928,0.6641542562065091,-0.2732907422860618
TEST_01554,2.1821300588834807,-0.34896073364252383,-0.3526129379525728
TEST_01555,1.6700019512165651,-0.22163129926718997,0.12237357814121143
TEST_01556,3.749617368161768,0.03527540200102009,0.6674706873672618
TEST_01557,3.6368267343707914,1.1956752023254136,1.0599630313019388
TEST_01558,3.5219221005866723,1.1135450197992884,0.6238881406446267
TEST_01559,5.142045755915945,1.4643364590596277,-0.8452385044505829
TEST_01560,4.496798899097394,0.30343249594544797,1.1558973452296415
TEST_01561,4.088585484422683,-0.8631418747551403,1.1958648008752122
TEST_01562,1.7399570071980233,1.2409017885121456,-0.7981871141082669
TEST_01563,3.8921076847578258,1.5013999727803786,1.2942197350955573
TEST_01564,3.254217034055011,0.15203474756236118,-0.32609599519459953
TEST_01565,2.0033398779968308,-0.5285768137583732,0.4672384111344991
TEST_01566,2.575794124276128,-0.5033239594882821,0.1429013930766502
TEST_01567,3.2316090516427063,0.5736600207702036,0.3283365727892801
TEST_01568,3.242844727636485,-1.8603271639790804,-0.2632436042372396
TEST_01569,3.4487478832907756,-0.17697293309049494,-0.3555959118742654
TEST_01570,2.6453703312967995,0.22158797189514418,-0.49091015378138286
TEST_01571,3.9186820247555767,0.31427663691420005,-0.41115859525119036
TEST_01572,3.856016527163167,-1.4507862529785864,-0.8291521137530282
TEST_01573,2.632115828962193,0.1522123461362214,0.0763772877218499
TEST_01574,2.048070508385711,1.1526122017311942,0.021720909552761115
TEST_01575,2.0688254786360165,-0.5629031568133165,0.5818694901043673
TEST_01576,1.3168742339862958,0.4472115575972125,0.7345401246262344
TEST_01577,2.733391272163244,0.7716673627513893,0.7146343885017782
TEST_01578,4.571496550326466,0.23654469222940247,0.3396807995882134
TEST_01579,1.6172188709790871,-0.5794769504324786,0.35465505760211724
TEST_01580,1.691112139867812,0.51203902312104,0.6230474274984034
TEST_01581,1.9597117201034584,0.1314170533678623,-0.9079944467523151
TEST_01582,1.537435217670442,-0.5401505225172253,-0.2586143083207162
TEST_01583,4.31740915834678,-0.7891058277155297,0.9208919259765231
TEST_01584,2.4569214661443013,-0.1310144750559599,-0.036734940512692604
TEST_01585,0.9358795667573723,-0.5248937576464511,0.3115107144842187
TEST_01586,2.811745790397384,0.3139607508272671,-0.5013286257456754
TEST_01587,2.7310061027464054,0.6256371775279399,-0.48251025727171354
TEST_01588,2.640372710553972,0.5344590620257584,-0.06461815785436585
TEST_01589,4.570741165065082,1.213455430669594,0.9340475324567031
TEST_01590,1.367533925251937,0.9493904295335822,0.032931987246751476
TEST_01591,2.4201400211781574,-0.4149593476202648,0.17030995730640738
TEST_01592,1.3685392964248697,0.13391751695706539,0.2704199598774366
TEST_01593,2.7203551125332828,0.7713794059504103,-0.7682719112294873
TEST_01594,1.5828144552511418,-0.1720202837502891,-0.060864438819494306
TEST_01595,1.066466244141597,-0.3316418052951977,0.1278452997967142
TEST_01596,3.2898958027281333,-0.2655815661658052,0.8893731999420996
TEST_01597,0.9612839832681717,-0.1670387110699054,-0.07945614847739806
TEST_01598,2.565122554951852,1.189965562259917,1.0458940872617244
TEST_01599,5.281543431267246,-0.5448545790142182,0.2753818158545594
TEST_01600,4.63581288686598,2.0375989624561046,1.176947097478647
TEST_01601,4.328905308730119,0.13101262484880138,-0.7611761644703884
TEST_01602,3.45498794793436,-1.228869165726716,0.21267763570955572
TEST_01603,4.021298753462986,-1.480375739559587,-0.610337106907327
TEST_01604,2.518830700917937,0.6813988297050969,-0.07365219010510721
TEST_01605,1.921413669660219,-0.2636429737858575,-0.07115991494618279
TEST_01606,4.05735907587528,-0.27923331097554477,0.16018228861363046
TEST_01607,4.503143500036368,-1.1844488273566478,-0.33048165618057085
TEST_01608,3.564043190759613,-0.9439268643690314,1.2850280969842722
TEST_01609,2.9678699627194547,0.46839189836960726,-0.09225224584033348
TEST_01610,1.9773979812739029,-0.4597406688164598,0.38724530985720573
TEST_01611,3.5561787259196014,-0.2600841679181201,-0.03343472641009184
TEST_01612,2.9996205302556893,0.9554567909631677,0.18858783416980704
TEST_01613,1.805737020656842,0.050722830334387736,0.16888374668215314
TEST_01614,1.6943323612330667,-0.8591599998599444,0.8582357514334757
TEST_01615,2.577096947313799,-0.22812741492005104,-0.605271821044949
TEST_01616,2.784678962749079,-1.271066493702196,-0.316918972611073
TEST_01617,1.9575319661363637,-0.709741059189611,-0.20776496613594408
TEST_01618,1.3047324185688316,0.06574823773069498,0.4002102821928704
TEST_01619,2.012651246536359,0.44080914374977653,0.2523582807106681
TEST_01620,2.315689153253179,-0.8852986221427847,0.1186826455520263
TEST_01621,3.258443910336609,0.12559934023437594,0.12729325661125743
TEST_01622,1.8923664569294112,-0.4109781158456238,0.3009543509522744
TEST_01623,2.462709963969717,-0.6651530551625487,-0.5694795355717249
TEST_01624,4.147788984055094,0.22290223691335148,-0.8133556910976346
TEST_01625,4.612919336026389,-1.6944763579942161,1.0340368914598612
TEST_01626,1.804424401286728,0.10278741691422377,0.4404820387548173
TEST_01627,3.564969276926384,-0.24253021306351816,-0.2718489631693787
TEST_01628,2.866338116126187,-1.152359180025768,-0.3278107842250046
TEST_01629,3.624450340479107,-0.2696622894047861,0.8591488765855639
TEST_01630,1.2066439352799854,0.4797119209211762,0.32756418644717994
TEST_01631,3.13484965400479,-0.7855964894204895,-0.5577094146465115
TEST_01632,3.4942752029692397,1.4504836995901669,-1.036788372306568
TEST_01633,3.439122367860109,0.8646578401908245,0.7689507555486068
TEST_01634,3.715614970800339,-0.44367614400716326,-0.6484948953515357
TEST_01635,1.5535613288099925,-0.27330280587735634,-0.18212332606929021
TEST_01636,2.556399267483798,-1.4943091067554712,1.0635496984376702
TEST_01637,3.0145087089980547,-0.29309503467814885,-0.10635759694441008
TEST_01638,2.8471158458282377,0.5032748778119362,0.16781521210723538
TEST_01639,4.108984579174903,0.9975454576346312,1.8112058821344281
TEST_01640,3.602361858804726,1.1063956296463855,-0.6460511722661857
TEST_01641,3.4203385838106795,-0.0760712078107848,1.1056171308766332
TEST_01642,2.919752332073972,1.596662482690218,-0.639813988441418
TEST_01643,2.8771648819416655,-1.175109956062199,0.3371338949554073
TEST_01644,1.8136896857073705,-0.19932767835803578,-0.1908326546409842
TEST_01645,2.1252596811496756,0.5608911240126132,-0.14855839242451932
TEST_01646,4.70642703966447,-0.15541657372133255,1.2333734128018676
TEST_01647,4.942536931688263,-0.9018730157112171,0.26636675081747957
TEST_01648,5.1378152497099165,1.2437556158549967,-0.3364904712700676
TEST_01649,2.7795876767969174,-0.20777173138639884,-0.27765475364206815
TEST_01650,1.7422739232662074,0.14515431247284008,-0.11259149192023353
TEST_01651,1.7655940226173261,-0.0004799888711818816,0.2051011450431146
TEST_01652,3.563318714050224,1.3829722422152562,-0.32271585249316015
TEST_01653,1.5126280611992875,-0.23605038637048584,0.3453398058234532
TEST_01654,3.25194649682653,0.7318359879088774,-0.6167302339600038
TEST_01655,1.3019303466001841,-0.829285502447394,-0.2135666978465959
TEST_01656,2.666858538343735,-1.272727630624992,1.0625623603457965
TEST_01657,3.886767647684411,0.5283825798262207,0.5815013767631886
TEST_01658,1.4881248773383149,-0.333859205527783,0.2089370897569989
TEST_01659,3.7515671267569544,-1.4796670664055926,-0.6180605802974262
TEST_01660,2.115158883415923,0.8836679393880641,0.7771549685317622
TEST_01661,2.1331991433260944,0.25479217428910017,-0.4954556389090702
TEST_01662,1.5635509989282432,0.1737586929497435,0.1914228401577191
TEST_01663,1.6665242895309411,0.6617206944529432,-0.568884763897205
TEST_01664,2.8712230169918525,-0.48136996337744364,0.28000970171864015
TEST_01665,4.595978397117384,1.3294888185644136,-0.9339114107047164
TEST_01666,1.8010676195452824,0.1479033733305072,-0.48147809813083503
TEST_01667,1.178470488576298,-0.24780449701754487,-0.27433177153548294
TEST_01668,2.6642897317414387,-0.45592992764478624,0.6591432655538225
TEST_01669,4.642386747311933,-1.212297207507967,1.283102117896041
TEST_01670,2.5297007731006538,0.3381130222337551,0.6862550870846883
TEST_01671,1.1390698012927623,-0.2613338252547437,0.04965648948096095
TEST_01672,1.7429216990755279,-0.5910835785832513,0.46616552338927464
TEST_01673,2.60129161242726,-0.697304199967671,0.5983326876652868
TEST_01674,3.1719607609380303,-0.5336227539782129,0.08218493930435881
TEST_01675,1.9104446330039628,0.5487139823558228,-0.26545392230066367
TEST_01676,3.7472535968843195,-1.9502917540439189,1.0239845452369827
TEST_01677,2.626829609805767,-0.654972643751971,0.413157290084021
TEST_01678,1.7882491294812446,-0.04699798204084405,-0.4481561916457577
TEST_01679,5.4218112729157815,-1.9273271734937525,1.3271451282515219
TEST_01680,3.2933524047223353,1.4293799877306166,-0.2954500866670159
TEST_01681,4.14911350187472,-0.025703687394284275,-0.6639505087975809
TEST_01682,2.2912312505780896,-0.26210891580944595,0.827788497737583
TEST_01683,3.336336980794398,0.4800002884798417,0.4679540584349149
TEST_01684,2.0266235401313772,-0.33246312095182745,0.22602473582630656
TEST_01685,1.6423865560790099,-0.8261645470482863,0.5816523515737506
TEST_01686,4.389465432346164,0.7761268621930025,-0.08727625627241255
TEST_01687,2.0843658763417188,-1.065919630851976,-0.22734165273648874
TEST_01688,0.9770615207268581,-0.7788427261639479,0.3128474214650559
TEST_01689,2.9772599628260092,0.25174537382507106,0.33696348809480203
TEST_01690,1.9141145538161188,-0.08749499325342137,-0.03885999356642583
TEST_01691,3.41519051312484,0.01741864844828717,0.13227759677278297
TEST_01692,4.681821712502496,-0.11725802338044694,1.4326328556618495
TEST_01693,2.953679796551672,0.2379130616058025,0.5864552811474675
TEST_01694,3.8195433217487187,-0.1634448373680909,-0.2268145999963414
TEST_01695,2.563114791773547,-0.3415998192698869,0.030683070267446887
TEST_01696,2.7137696453178637,0.12056290620178953,-0.4255431423743565
TEST_01697,2.7286337573776076,-1.4530618419514594,0.5165013531810642
TEST_01698,1.2248156378624886,1.0261641111933444,0.45087466490663985
TEST_01699,4.647890642448498,-1.1089999708764477,-0.6217272463734498
TEST_01700,1.0521397768090897,-0.3704238073176887,-0.11933201081185262
TEST_01701,1.477379180295999,-0.27106279359629093,-0.48002153940994674
TEST_01702,1.881011405633345,0.830264704772415,-0.47602214704371415
TEST_01703,1.3744947404552665,0.6784967489934184,0.34612001536868686
TEST_01704,1.803150682294874,-0.04925222717762276,0.08496534849963427
TEST_01705,5.006666182822883,1.3924252778893405,1.1735710098394152
TEST_01706,1.090990320995454,0.4517464155608863,0.5878723522254812
TEST_01707,1.3341450925548335,-0.0326537158522076,-0.23300029777344236
TEST_01708,2.7275233545016806,-0.057233915250240984,0.03441583733107096
TEST_01709,3.393935460474159,0.1598008215270183,-0.12902660072357325
TEST_01710,4.521898308257426,1.030472931707374,1.5336097725623878
TEST_01711,2.085593482473939,0.26487982069256294,0.13386491238578543
TEST_01712,2.013217681390733,-0.8074460114142504,-0.22304383948441567
TEST_01713,2.2761950687837538,-1.1327730606200184,0.3155317584676168
TEST_01714,1.587292917006572,0.1387605867902846,-0.02192566335116395
TEST_01715,1.885282330652508,-1.1851048020121182,-0.6244075159099459
TEST_01716,3.270507392378493,1.4166121450309548,0.9162077963427713
TEST_01717,3.74099308412773,0.5983909711802979,0.6846209935388707
TEST_01718,1.4658015806725544,-0.24600858106675413,0.3578184406294079
TEST_01719,2.314298096959783,-1.1658193018557081,-0.13478939872966778
TEST_01720,3.2767804523621837,2.3397764025463137,0.9825239879859698
TEST_01721,3.719725039697269,-2.3795212391039215,-0.7534127692587982
TEST_01722,4.224777514963387,0.14752087487086835,1.5241721226574676
TEST_01723,1.1583576897578256,0.6077585609083238,-0.3366932604630844
TEST_01724,2.278176881471585,0.9736248260927709,-0.2054793285820476
TEST_01725,2.47155596970513,-0.023336203864152593,-0.07359496744013191
TEST_01726,4.650152869630148,1.2297933433779222,0.07995992895492805
TEST_01727,3.0261912005199005,1.0313067351795873,-0.17390793331412144
TEST_01728,4.684588615036439,0.15726651825441215,-0.3698753527480654
TEST_01729,3.05196821245881,-0.00786828924715546,0.3812517634672763
TEST_01730,1.4665605314456638,0.581311402698923,0.053473088617129405
TEST_01731,1.0128850282789332,0.2901193097595401,-0.30801546144323805
TEST_01732,3.5620930551974164,-1.0370161599323917,0.17151115175253
TEST_01733,1.1545596811516372,-0.4471875466556384,0.17251161971717763
TEST_01734,1.8098400767342837,-1.0471100996941534,1.1863253063710129
TEST_01735,1.4107643861703607,-0.5232429187630651,0.5210770687916042
TEST_01736,2.6345049335057524,-0.21620322369089096,-0.5317014495102055
TEST_01737,3.7216978319114453,2.1720920187211816,2.029526563655205
TEST_01738,5.429566744306437,-1.1180409995195189,1.6802587136952027
TEST_01739,1.3096578384968014,0.27611201857282663,0.05515958050039419
TEST_01740,2.1519867815699807,-0.6994193556435021,-0.13819495585879196
TEST_01741,1.17605505517424,-0.4424207602264307,-0.2109830214515329
TEST_01742,1.9888286751204762,0.8987203856424992,0.6179194658443314
TEST_01743,3.2778217789015036,0.6042712113661564,1.1401709707156722
TEST_01744,2.855772824034401,-0.3550944696162409,0.21292860619703688
TEST_01745,1.4858857234444636,-0.49503283425892397,-0.1757126448887467
TEST_01746,1.2945215363322513,-0.8109137076764048,-0.5497022312040654
TEST_01747,4.117279505677832,0.3408610701942869,-0.8318633354079107
TEST_01748,1.7595826872149933,-0.23635845044961112,0.10299930991539413
TEST_01749,4.4541601039881495,-0.7721868623522936,0.7403231850283476
TEST_01750,2.3954916197289693,1.4437597446494586,0.013474926940924486
TEST_01751,1.566024064299574,0.1129069129926243,0.12150391580964139
TEST_01752,2.7681145401353606,1.601264372236716,0.38651469120642223
TEST_01753,3.066942090001389,-0.6782108062258674,0.6187647166474131
TEST_01754,1.6067175163328833,-0.16330093419777217,0.19470597051363092
TEST_01755,1.7857129516830172,0.18485424450436877,-0.5228070368063119
TEST_01756,3.3801172549236513,1.3875425965930919,0.5538698221786695
TEST_01757,2.703024800706177,-0.03150072643403447,0.5841819856124675
TEST_01758,1.6537617055693201,-0.4902214780983168,0.0352069394924776
TEST_01759,5.900775774125507,0.2630785766395285,0.38587737945882433
TEST_01760,4.741464336980649,-1.117079516873974,-1.5035213691203924
TEST_01761,4.349453005566485,-1.8458572827594264,1.1435202302723662
TEST_01762,1.879209614993992,1.657678526812164,-0.5559548638489255
TEST_01763,1.277226804400297,-0.16956907807342322,-0.4980713467167464
TEST_01764,3.195938037921874,1.176619283465287,-0.03522382076639352
TEST_01765,1.0999744667360112,0.24411777615989536,-0.1113217594258889
TEST_01766,3.3340935792899993,0.13849276976230918,-0.7446914904599308
TEST_01767,3.5244232424548776,0.027821280749652316,-0.6075396273892573
TEST_01768,0.8450264720357197,-0.1448398565851462,0.2743974829682517
TEST_01769,3.4940761754606386,-0.06137622785409288,-0.3237821876931343
TEST_01770,3.6047860483008267,0.3620157204885572,0.25964124424815294
TEST_01771,2.6351024301052623,-0.22561427264704975,-0.06944727638611456
TEST_01772,1.993178264360162,-0.09439149133922874,0.4367045362353389
TEST_01773,2.774304729822978,-0.3196134905447684,0.22972729894219932
TEST_01774,2.7639634385982323,0.23586834856980485,-0.4501768720472593
TEST_01775,1.068403306348328,0.4173722374421827,-0.3098733802721093
TEST_01776,2.951339385319329,0.26813024638745525,1.3133646654056144
TEST_01777,2.2205124228639166,0.11336654470826199,-0.5833230817125344
TEST_01778,1.6201622965849682,0.03641759386991795,0.17807475207425233
TEST_01779,3.6532570387062804,1.2052019788607873,-0.4373020963681313
TEST_01780,1.8861863904376546,-0.4802899068544088,-0.6123640738643971
TEST_01781,3.298720862449223,-0.15990052684943368,0.5604801322744813
TEST_01782,1.9113085950789606,-0.3894909826370412,0.4203917384566568
TEST_01783,2.3829279278911693,-0.30846040573736544,0.5360229356905463
TEST_01784,3.1375280434472868,-0.5333346865453091,0.7950742174556107
TEST_01785,1.925572865809677,0.07823808192847904,-1.0063721006215147
TEST_01786,2.855252212608689,-0.022990156537331444,-0.01881303670750169
TEST_01787,2.323765072264238,-0.19136037192776464,-0.399571883749079
TEST_01788,1.9330563499362639,-0.3497125101813289,0.2412633814647833
TEST_01789,4.976461467511913,0.8657301581690633,0.11070204002668851
TEST_01790,5.347255540796521,-1.1816473515576489,1.2902528449945412
TEST_01791,1.945445789248049,-0.27796640904994285,0.08784765256827967
TEST_01792,1.5162978094825104,0.2722471092376853,0.37113158928476975
TEST_01793,3.2765718934636228,1.2308985971186488,1.6563364987757738
TEST_01794,1.8920160084622495,0.5304567076072404,-0.013877725523485707
TEST_01795,1.6536228906485242,0.30085907168579734,0.35243092371122603
TEST_01796,1.254638644860505,0.3443758877074973,0.4904531464446539
TEST_01797,2.994429277055556,-0.5285571097526859,0.03675799085360035
TEST_01798,2.522648766077037,0.25648042287950423,0.3789247556423489
TEST_01799,1.789789434971476,-0.8834650098328263,0.446961817116365
TEST_01800,1.4217502373783801,0.9991926652837754,0.29359386877292365
TEST_01801,3.114660121238496,-0.2059973826639827,0.6199303793074951
TEST_01802,1.4991904004625678,0.6010295109987293,0.7349225059297142
TEST_01803,1.1752188671318535,-0.5557103456023476,-0.005027473199924609
TEST_01804,1.943418903782018,0.7532121997905304,-0.11871506481711921
TEST_01805,1.6758274982878032,0.35694791729585423,-0.3515929315325199
TEST_01806,4.211520496827094,0.32475824266874415,0.7153011046892424
TEST_01807,3.418195177661213,-1.3102902258148086,0.6103108513175791
TEST_01808,3.8305240921907853,1.479118216397792,-0.35476150720633526
TEST_01809,2.0389459214734846,-0.11387304181696226,-0.16974346476323154
TEST_01810,1.686100717652391,0.2418639823764714,0.43688626536330105
TEST_01811,2.212607922788679,0.07054062229705418,-0.16482767103959953
TEST_01812,1.6048160766450137,-1.175685539302613,0.09179415040746539
TEST_01813,2.633061897236991,-0.3840589099762905,-0.6140033661338731
TEST_01814,1.5133620529864413,0.450912152878496,0.12354025638268543
TEST_01815,1.0275458426128383,0.022958650465599983,-0.18581797776609776
TEST_01816,2.045940225472197,0.8418300658196871,-0.8988047314340012
TEST_01817,3.7571097320717137,-0.18443158003792579,0.5471161608682769
TEST_01818,1.043455126821083,-0.11080863388800233,0.013259264240045204
TEST_01819,1.801502747881988,-0.9713835215720413,-0.03544592287869836
TEST_01820,2.133957126841287,0.06875551209107537,0.5665803453140192
TEST_01821,3.222000402827357,0.21749798525151404,-0.21162045125369
TEST_01822,1.9370392049902232,0.7346759053129178,0.38811882990457736
TEST_01823,4.091584126968088,0.2875076508194964,0.6803109473611633
TEST_01824,3.7301214099806166,-0.6848047293035786,-0.23001926889236085
TEST_01825,3.2259524612871613,1.4762093404812322,0.5403269605761104
TEST_01826,2.4936611684781655,-0.11546950117166199,-0.16936957703522235
TEST_01827,4.254515437227129,0.16085644002160238,0.8624948699650932
TEST_01828,3.123509293287215,1.0524377166760557,-0.6422496695985587
TEST_01829,2.707201891073305,1.7880295279851823,-0.46698175241187406
TEST_01830,3.629746765101787,1.689343677456385,0.4826510093847494
TEST_01831,1.9512551920851522,-0.042889559096813114,-0.17297052705091032
TEST_01832,3.4145097327814953,-0.9649776572308165,1.0001260480002878
TEST_01833,3.032789577387097,0.7626543721128627,-0.09663487234483875
TEST_01834,2.0219619106230935,-0.2958198775046617,-0.06388458905622639
TEST_01835,2.095890392432811,-0.38839385598921417,-0.5560334195289786
TEST_01836,1.7237594216096086,0.5609591452869194,-0.5150534356254759
TEST_01837,1.9732539060088534,-0.29694948136881005,0.2736280848622371
TEST_01838,2.957521076055102,-1.6054923023867254,-0.280982973180192
TEST_01839,3.2786507208928732,-0.45939719615067903,1.129113202730255
TEST_01840,4.848184170340629,-0.13565662484855248,-0.8365740953607954
TEST_01841,4.527353983834545,-0.2255901592574098,-0.5430647945061322
TEST_01842,2.094648560186405,-1.2151497202254224,-0.7206447934922638
TEST_01843,2.3893658334666372,-1.1871893068343204,-0.04739612488815041
TEST_01844,2.111964435196661,0.28920663105748323,-0.5576472857696105
TEST_01845,2.170163685799485,-0.15356117127953572,-0.4512296210135594
TEST_01846,2.272375825159232,0.3356812322255342,-0.5550755096969541
TEST_01847,4.842454436362632,-1.2794467930152766,0.638874893648452
TEST_01848,5.695163220200223,-0.9891569703219847,0.3842086724749924
TEST_01849,4.399377817466662,0.5568962726044536,0.017435392461733975
TEST_01850,2.437376552938978,-0.13381375819114677,0.6514128458406178
TEST_01851,2.765194630661781,0.035116852144219474,-0.48285349932626903
TEST_01852,1.7573877183713342,-0.3011926064430939,-0.6139747837781611
TEST_01853,2.049344811130461,-0.20806092889533317,-0.006029975847167936
TEST_01854,2.953473325810063,0.007264720325922207,0.5412676025458022
TEST_01855,3.060935836454826,0.7617563591790572,0.22319440422277317
TEST_01856,1.2516567048526046,0.5028025078252193,0.31476917325582904
TEST_01857,2.4963229826392626,-0.7883355160582199,1.1534960869360877
TEST_01858,2.9095703700373914,0.815343070444226,0.353404645104456
TEST_01859,1.9353988318702071,-0.9153499830341176,0.20358675928804226
TEST_01860,2.3860067038480253,-0.45883067216967066,-0.8543205456512851
TEST_01861,1.6808493447038737,0.5323741015256938,0.4881454980260417
TEST_01862,1.8979647596246736,0.680612093146044,-0.15808050732256002
TEST_01863,2.4314952261962266,-0.08288598101608363,0.322911077563964
TEST_01864,2.4270013135114503,0.007644277728235029,0.11900940563903423
TEST_01865,3.8057329302644285,0.08230376565741905,0.8535473071653245
TEST_01866,3.092951727172152,0.6609293505751068,0.33714663493920155
TEST_01867,2.450216873301137,-0.5596042653244686,0.24809702461820507
TEST_01868,3.1040829868199515,-0.39074964256687716,-0.05257783942805869
TEST_01869,4.350416481387595,-0.7688977293697902,0.27308606372122196
TEST_01870,3.7446489142462354,0.7192440672242959,0.6537139304363322
TEST_01871,1.329888439110779,0.2739203441697406,0.12790958222015386
TEST_01872,2.4352568889713635,0.6383959336140469,0.7292522724909903
TEST_01873,1.818059299201572,0.27363562969807287,-0.28147686416136797
TEST_01874,2.1555267890388663,0.6005437838053991,0.3142442258325112
TEST_01875,1.8729415935787037,0.06005207079464339,0.5268564526312909
TEST_01876,4.092306296285516,-1.387701876330037,0.38108898558675247
TEST_01877,3.107801528424082,1.2396091472394548,-0.5580774644173737
TEST_01878,2.8112482302582262,-1.235111549639572,0.2959768469503335
TEST_01879,5.146958963332027,-0.38508518617912973,0.9550748306300441
TEST_01880,4.702778242029486,-0.20168805376313653,-0.5156578643244183
TEST_01881,5.294196747757127,-0.9878346656582134,1.2639095868635306
TEST_01882,3.916240030851555,0.5751960799477968,0.8395696911387523
TEST_01883,2.319874755256122,-1.527341723479176,0.284256246784229
TEST_01884,2.1039064468163082,0.7802957867653215,0.25396924176828084
TEST_01885,1.1206454962255947,-0.14465945850781173,-0.26148314449090465
TEST_01886,1.5437632695831682,0.9796435391353437,-0.4526123069770008
TEST_01887,3.8008519402498533,-1.3318243293021454,-0.8727685701194847
TEST_01888,4.4468515911644895,1.9276496358316364,0.17388029267077132
TEST_01889,1.2776751255026446,-0.3848737453283577,-0.16586961030119737
TEST_01890,1.4022648455362328,0.09337045225991855,-0.131187623444038
TEST_01891,2.103416383159337,-0.07934051161776273,-0.8169153806443374
TEST_01892,5.131567382620814,-1.1908857911751092,-0.8504755198568901
TEST_01893,1.4473862721992814,-0.2664125216396291,0.20003819619195037
TEST_01894,3.0918950133212832,0.2489708553570696,-1.2056138280381508
TEST_01895,2.5042453030412766,0.6322317463634068,0.09993937999163517
TEST_01896,2.701408665122591,-0.2329820600164256,0.7709950821892192
TEST_01897,1.6499786564760686,0.5023222952499801,-0.38786551472525455
TEST_01898,5.145873775595861,-0.9807539002986702,0.0046162607318954415
TEST_01899,2.000666665328129,1.3099230920573322,0.3255515235710049
TEST_01900,2.767285001086439,-0.24082430667279295,0.3566505816118023
TEST_01901,1.847228989347061,0.08843972084048947,0.08647754605600454
TEST_01902,2.2603280823610987,0.26861163003577176,-0.8496722605875398
TEST_01903,1.3293895902327766,0.36559919824172216,0.36521945573400766
TEST_01904,3.5318142882102372,-0.32149853904328496,-0.07853331923404627
TEST_01905,1.2954865478753952,-0.28454526758549525,-0.3726742076030137
TEST_01906,2.4918919539185134,0.3869397762487246,0.44857495785938906
TEST_01907,3.618429116881074,-0.47389661023020335,-0.10866253969381612
TEST_01908,2.8604950244422733,-0.07489619131213186,0.07056483051376548
TEST_01909,3.7227604587638363,-0.10876754457176499,1.0688550604759595
TEST_01910,2.310131527551621,-0.6665173154528358,0.31386628148020174
TEST_01911,3.021874901211454,-0.713226385281302,-0.0037614746214203105
TEST_01912,1.1835521045602746,0.0336748026848663,-0.20092004025509796
TEST_01913,1.844447938104296,0.7112967997115848,-0.7400477827867356
TEST_01914,3.375172776971507,0.5376162241465365,0.8634431147488404
TEST_01915,1.7315142196622855,-0.8320531756819998,0.44378098720210485
TEST_01916,2.378847820355794,0.22015041827662207,-0.0793328810740394
TEST_01917,3.0438210705959974,-0.5667300493568028,0.32721210019686925
TEST_01918,2.6064739706173103,0.3762083838343584,0.02869507346409355
TEST_01919,4.898400532954841,1.046262426425319,-1.0646550359416938
TEST_01920,4.358191517052111,-0.8801407445924867,0.5073657688644087
TEST_01921,2.8024627022643958,0.24773813726802113,0.6378084956677986
TEST_01922,3.4373706002189466,0.6397574797648629,0.8814954731838996
TEST_01923,2.4803613408463243,-0.9701062256665656,-0.9824825277623919
TEST_01924,2.9034919643776593,-0.50042190360373,0.1478106924919469
TEST_01925,2.336774308666182,0.3559824594924192,0.17687883075423455
TEST_01926,4.2776609071608425,-0.13848090987079625,0.16304608095986245
TEST_01927,3.104579283496109,-1.3665062730318227,0.06923139515903347
TEST_01928,1.3444024952904157,0.47258550292646995,0.5870404333016183
TEST_01929,3.6623835837913634,-0.004819454384248107,0.376646178084932
TEST_01930,1.1808997633350813,-0.16521600078357276,-0.1431994632294714
TEST_01931,4.3177269503750155,0.46714345465753726,-0.20662712940072517
TEST_01932,3.640841287842045,-0.2896342918075172,-0.248006557829982
TEST_01933,1.6607607162577465,-0.26759122093668336,-0.2729544188785117
TEST_01934,1.7420615506253718,0.12538431339896092,-0.5230863952108451
TEST_01935,2.913705873810872,0.5941473405321129,-0.8118508717504617
TEST_01936,1.1394325231832452,0.19266304439677975,-0.060776330739849664
TEST_01937,2.6880962824907755,0.34469467901992834,0.2915025477866353
TEST_01938,5.3136712887092274,0.5381565316872557,0.3757908953582351
TEST_01939,3.3840658027492925,-1.0140423451833684,0.25706385341378385
TEST_01940,2.7344991586949545,0.7914633911901479,-0.08753706205065236
TEST_01941,2.1283935825172664,0.4510493766769843,-0.6980288156003239
TEST_01942,1.705691316835735,0.3145479650801403,0.2848382975566086
TEST_01943,1.4223071935937779,0.23209883390781533,-0.1913350960483553
TEST_01944,1.312908286820083,0.24392402178902003,0.2684681737086856
TEST_01945,2.0441864612951863,0.16277323185319892,1.1025372257757236
TEST_01946,1.9169062156906547,-0.009571017301039816,0.43485754505750773
TEST_01947,3.9435893244549303,0.13479830725429112,0.0035235364654651108
TEST_01948,1.9611949602811862,-0.5784213406366743,0.32352304874905685
TEST_01949,3.2316664783866673,-0.8314035585758843,0.2555694135653024
TEST_01950,4.005949731806945,-0.2144161341765216,-0.7631328991426605
TEST_01951,2.8120216015836634,0.5498745187974724,-0.5676390766890937
TEST_01952,2.6888908785846066,1.42606396566972,-0.4755583336889326
TEST_01953,1.6682284057448533,-0.29387225612122203,0.18961992591189605
TEST_01954,2.6788433892654626,-0.18492767036398883,0.1101714416365185
TEST_01955,1.947609967496462,-0.21148163537164832,0.21970797720333166
TEST_01956,1.633915799502576,0.6467619878854359,0.4304423093070408
TEST_01957,2.0839145887349235,-0.03993388880373125,0.4272938926483272
TEST_01958,2.6651719064720494,-0.5503111167939808,-0.39897342437379446
TEST_01959,3.957214353671797,-1.3545143975180323,2.396180772401683
TEST_01960,4.584362389814894,0.46249752946568645,0.9556662460761697
TEST_01961,3.635261419533435,1.9843885369561989,-0.6183600502947905
TEST_01962,2.2638844487942036,0.3405481410730163,1.034165365122792
TEST_01963,1.775397847695951,0.3988614091804097,-0.5409066408464244
TEST_01964,3.3155077546159064,0.6462042867524513,-0.84785993669585
TEST_01965,2.0214606747742523,1.1104979252489073,-0.6743478201303288
TEST_01966,1.3067241588077225,0.7721794988022895,-0.1736012425920095
TEST_01967,4.0990589540010145,-0.30989635647906316,0.16038079065308544
TEST_01968,3.9415110826042423,-0.39332556455376005,0.72156883895307
TEST_01969,4.368604210247526,-0.07869910985804211,-0.9818915098189709
TEST_01970,2.382975573733412,0.4442179544516902,0.6284451843565216
TEST_01971,3.2021183410091885,-0.04459348294678859,0.6262566647827482
TEST_01972,4.881843959844303,-0.00802617134636254,-0.9880601485003816
TEST_01973,1.0338166689324866,0.16688438737722408,0.21225231608641654
TEST_01974,3.292535761574042,-0.621038610663068,1.0470348834983052
TEST_01975,1.1984665213671606,-0.18368383323008997,0.412377466886249
TEST_01976,2.6731719191343317,-0.8049037255721117,-0.6518004583526479
TEST_01977,3.6815195954671234,2.2401315708654397,-0.1409211553507798
TEST_01978,5.652951338176932,0.5227830928145343,0.7212188378897417
TEST_01979,4.644924770293692,1.381718703391142,0.0341263607330137
TEST_01980,2.084264289591144,-0.8112609970295622,-0.2643448450039335
TEST_01981,3.1154543292038053,-0.1960519748494928,0.0711937100020889
TEST_01982,1.9788136302624881,-0.7639519537199219,0.6913111998583726
TEST_01983,2.599965901859738,0.4059657144038718,0.5071766222255876
TEST_01984,1.5736452136773653,-0.4091734460210111,-0.32515326321770743
TEST_01985,4.866840828095092,-0.1682602701991693,-0.04704314621228926
TEST_01986,2.7199442539436287,-0.336691590970357,0.45752219951208695
TEST_01987,4.6716389042513295,0.38972404444430203,0.33458015920290995
TEST_01988,2.389918036844085,0.5319121149927922,-0.3289148738454252
TEST_01989,3.0972505358248994,1.389432692594152,-0.7648559926690623
TEST_01990,4.912264144022724,0.7586564005675016,1.5809090693763048
TEST_01991,3.183201828729812,0.4745441181115384,0.4592561282247868
TEST_01992,2.017138339787831,0.6396979573359778,0.4716027989307892
TEST_01993,2.7745392410709555,0.09912002421413382,0.18334198021099643
TEST_01994,2.3395956042622124,0.43421124699477837,0.11579527204190168
TEST_01995,1.7325121389020919,-0.6050542250248669,-0.09674626561426221
TEST_01996,1.8844202927569693,0.19833354096362144,0.45857057658415146
TEST_01997,2.079281617326117,0.23006662143084247,-0.17871099206419183
TEST_01998,2.714645528172877,1.525195004538491,1.0211292217376753
TEST_01999,3.163877152894807,1.8957818377067492,-0.8135933096501039
TEST_02000,3.933612846501812,-0.11140521446837319,-0.6062390320059785
TEST_02001,3.491257894652993,0.2925897895534887,0.0018640673781548708
TEST_02002,1.7866757267037516,-1.4474705556317906,0.49123529450394976
TEST_02003,3.4607312824850016,-0.7073865523023755,0.0032293602624534805
TEST_02004,4.020445443053372,-0.6677569039223874,-0.19789754284413555
TEST_02005,2.231656496002972,-0.0819071287486217,-0.39750567175205237
TEST_02006,4.304997554666797,1.118831310568209,0.6017096148819678
TEST_02007,3.048425077226503,-0.9652902915413658,-0.024205595373885343
TEST_02008,5.074103716907251,1.6737475931640406,0.006768466695756328
TEST_02009,2.7926282821246717,0.3698063338045721,0.47189479558415914
TEST_02010,2.015192838535949,0.06332961696350951,0.08927164868712023
TEST_02011,2.452111627640609,-0.3481595205199099,-0.18600767783455666
TEST_02012,3.038093443957512,-0.8069406781080446,0.1104440849871908
TEST_02013,2.8101711343043814,0.20525695636848176,-0.010410139213578126
TEST_02014,3.3401304472652544,0.06381101577610704,1.2663473497409194
TEST_02015,2.7226524684593274,0.47876016967467167,-0.20032524433200977
TEST_02016,3.0221358835466585,0.38187404673818476,-0.5160323224196612
TEST_02017,3.64141133049272,-1.7681249817478826,-0.4435832151453435
TEST_02018,3.4157245558046174,-0.18870322077286733,-1.0426867622301201
TEST_02019,3.621693256536518,0.9253442651149424,0.98806684660718
TEST_02020,2.6927623057082934,0.936633799598663,0.8796104069348236
TEST_02021,1.502852166505726,-0.2252520770573334,-0.15063604743488782
TEST_02022,1.148909745367649,-0.26906356668809545,0.4484733734536067
TEST_02023,3.539804717231354,-0.20562873130994852,0.1603776438650126
TEST_02024,2.4625700514002244,-0.22813666301724173,-0.34382875332336654
TEST_02025,1.3059728442820442,0.3585218537872096,-0.09616894341271029
TEST_02026,1.6651615226883292,-0.48712900020026867,-0.36775457673267303
TEST_02027,2.947679354018761,-0.24152646792457658,0.9241112007847163
TEST_02028,1.9789831945412903,-0.1394092021191249,0.21416126008955857
TEST_02029,4.682130883106094,1.0979490660212663,0.49455456689068483
TEST_02030,1.9627997400994461,-0.7859943633757092,0.749865323188963
TEST_02031,2.3538136849225486,-0.1386719287187393,-0.42922460868085555
TEST_02032,3.8034390747718128,-0.3361648660760176,1.9651809403590619
TEST_02033,3.331826800211657,0.19024566022529427,0.3138497703306981
TEST_02034,2.1494386546512296,-0.058933302251360266,-0.10486402228132746
TEST_02035,2.3547635004596725,0.6478642292139988,0.5524132725688841
TEST_02036,4.155357008050916,1.7731183228204461,0.3241082909808133
TEST_02037,1.5916022458633696,0.34069246466536124,0.22705262050961122
TEST_02038,2.352293016778262,0.97340187317222,0.9600389846288218
TEST_02039,2.660120825590412,0.6063826795034566,1.4013598934597071
TEST_02040,4.247140263669791,1.012806744591347,1.5781940607838645
TEST_02041,3.2214093933171735,-2.5771274261988135,-0.017560192209721825
TEST_02042,4.732562329611427,0.42967591416745504,-0.5892421457001721
TEST_02043,3.754824836715862,0.3799473596102558,0.12109279237732475
TEST_02044,3.3972496801477683,-1.6810838888705926,1.3647064179115083
TEST_02045,1.4445336553555452,-0.47285736441446985,-0.012577187841450631
TEST_02046,4.502364477675123,-0.7891470756452642,1.1750166373593052
TEST_02047,4.988493933952735,-1.1527928846685134,-0.08529293930322565
TEST_02048,2.8411453882991933,-0.8969944161636505,-0.9227951793492815
TEST_02049,2.8401249888948406,0.28735613428655726,0.47062050641198816
TEST_02050,2.973038667655805,0.3976778353617934,0.15029869655502853
TEST_02051,3.3749127207393106,-0.06589110272486001,0.09367343798802624
TEST_02052,2.131038419864823,1.1006270278361696,-0.7276012489364306
TEST_02053,3.120277943942059,0.31547226102781123,0.22330655841387967
TEST_02054,2.865162900198021,-0.17887690619331398,0.7945225474610887
TEST_02055,1.8785852952607882,-0.6106194452197485,0.30375591986602074
TEST_02056,3.573446277879253,0.6283644193856023,-0.4357990898868105
TEST_02057,3.696183195610213,0.4936338594861139,1.1596606508523306
TEST_02058,2.941021375265349,1.532077619340089,1.1101636444272385
TEST_02059,2.7324661783442785,-1.5503205394328898,-0.8284229711095636
TEST_02060,1.1084734765969158,-0.30015316910830175,0.11383884355544295
TEST_02061,3.068970846958123,0.46151797043542026,0.8913230936174541
TEST_02062,1.6219726840636526,0.13250353841540344,-0.09284321823405715
TEST_02063,2.8307932516202756,-0.6625695826973694,0.45941860914153676
TEST_02064,1.5174399469542066,-0.0482168914250057,0.23718324299326263
TEST_02065,2.622726414705548,-0.16927851357252383,0.2659451582190776
TEST_02066,2.4073552991485045,0.3824626923401791,0.2109467846769588
TEST_02067,3.954817766794771,0.455773951784451,0.5070214930147571
TEST_02068,2.794466401276522,0.1281837630563984,0.14600639935910847
TEST_02069,3.2160870142723414,1.2055404867060606,0.5148514486784581
TEST_02070,1.8248833051135531,-0.6828595626973909,-0.3582179234424316
TEST_02071,2.5362536793802137,0.992733988400942,-0.6706254839089374
TEST_02072,2.8038184776572757,1.5656874005634598,0.11807341748044484
TEST_02073,2.9443887354052696,-1.2748381490150948,0.7545953709055411
TEST_02074,2.787996474266881,0.06924648433907984,0.14386384872578037
TEST_02075,1.8194065713439296,0.3610180033980577,0.3219121508020171
TEST_02076,2.2176050997832295,0.9017788586180829,-0.4726890832843281
TEST_02077,3.096335462024685,-1.1808488651829805,0.014934784267251143
TEST_02078,3.445985498969798,1.7313902176028653,0.8494547697237119
TEST_02079,5.14442012635438,1.403158466538374,1.8707073268186027
TEST_02080,2.72267107448567,1.4254068696305582,0.5984816910698603
TEST_02081,2.0669175507743263,0.3549278272518977,-0.614164663636076
TEST_02082,4.472633591221383,0.3787838521325474,-0.5337049798183915
TEST_02083,2.2283782610598593,-0.22786920147315307,0.6316180286966706
TEST_02084,1.4510952496121268,-0.08220355848583441,0.1903258968178906
TEST_02085,2.7439778956104846,0.4282853938906216,-0.12486585968782676
TEST_02086,3.358517958170343,-0.001059106497765179,0.9633708870327705
TEST_02087,4.4470293972269115,-0.5880750058696704,-0.16208300875990247
TEST_02088,1.2874597170597721,-0.03975741768541771,-0.28166125949214427
TEST_02089,2.444789173247164,-0.06484405666783123,0.0790050493572826
TEST_02090,2.633067596397895,0.5539106077618855,0.08796920673359705
TEST_02091,3.198907893150711,-0.14870163543795928,0.5576130716141035
TEST_02092,2.1652910598594755,-0.9783638664264815,-0.24050135931417724
TEST_02093,2.424884159268626,-0.16710012314043826,-0.0700654684996025
TEST_02094,2.7169771412487895,1.050651898339731,-1.0226221700675275
TEST_02095,2.831902749029055,0.016425197294905613,0.034793848423044074
TEST_02096,1.635298166715863,0.6791593686416195,0.8804423560655736
TEST_02097,4.281727846085096,1.0492293192538793,2.221478219697301
TEST_02098,4.864038617049261,-0.5608010153112384,-0.1800155709703582
TEST_02099,3.8724393272901683,-0.5652986690843609,-0.43527350676626947
TEST_02100,2.7309573900198303,0.006001677978302872,-0.7714444696166392
TEST_02101,3.4405379250573853,0.00946590652037904,-0.6307293214252032
TEST_02102,1.8571039935557816,0.3298114113826191,-0.34796024363204603
TEST_02103,4.346185997261262,0.17612854612693232,0.6235847938971875
TEST_02104,2.6319495020380757,-0.17871325989612608,0.37969662606597926
TEST_02105,3.7297741810015035,-0.947230126657369,1.3177696354747674
TEST_02106,1.739554636675905,-0.6594993152215235,-0.48363579254752576
TEST_02107,2.330393489267823,-0.35253221779952715,-0.42255374087627207
TEST_02108,2.775328617464311,1.2820675000355723,0.8695460142710874
TEST_02109,1.7471641571187124,-0.7048633225520947,-0.31517665915011683
TEST_02110,4.918084580966313,-1.101221573760999,0.9775941060372227
TEST_02111,3.4556216055478943,-0.5597907681284572,-0.27685993187925956
TEST_02112,3.3774868940585514,0.5939951600550333,0.44862829509520136
TEST_02113,2.790596397531199,-1.014216280198256,0.6632525323782207
TEST_02114,1.9595319526572614,-0.39135763070519947,-0.030269463914260247
TEST_02115,1.7971663411323295,0.2501588934779233,-0.20585856319420762
TEST_02116,1.5013565050082651,-0.32497608673878303,-0.12445834033314457
TEST_02117,1.9007376247204422,0.05572964976471815,-0.17738794681325695
TEST_02118,2.9520844820488756,-0.7667054216095277,0.780068491849859
TEST_02119,4.066077437597399,1.1041794539543344,0.6357305573212756
TEST_02120,3.180960257054164,1.651526673326539,1.0355094296880434
TEST_02121,1.3342042907701332,0.884973821599897,0.07739706569930263
TEST_02122,2.9417773601084725,-0.7657022026205463,1.3669252373039726
TEST_02123,1.7546425689901122,0.47662825135672143,-0.2807696177736496
TEST_02124,2.690702494608303,0.1244847946224526,0.21317963249304178
TEST_02125,2.2077589372836104,-0.5337332860319326,0.7526317119601209
TEST_02126,1.7527722093719387,0.9021713068836298,0.2588445253214596
TEST_02127,3.458237767835402,-0.12954241878488387,1.2667768988092047
TEST_02128,5.655551765758908,-1.5217619976272216,-0.6901065563758387
TEST_02129,2.782874927950048,0.6909720286608664,-0.16639831371574343
TEST_02130,1.9275921111633603,0.38882792786481707,-0.33189898738636225
TEST_02131,2.6211013157394043,-0.3279240560242078,0.28614461530722846
TEST_02132,3.620730839914449,1.3913135692399856,1.1818300038934872
TEST_02133,3.145740934102387,0.2769238713233994,-0.11149299609192591
TEST_02134,3.067587499916435,-1.2096090995346185,0.053255396482504415
TEST_02135,2.0592486532273484,-0.09795383645476054,0.061575263129708104
TEST_02136,2.2544257585807603,-0.16502910229309498,-0.3059068950475676
TEST_02137,3.49334170166836,0.12125814590891341,1.9535195248385167
TEST_02138,4.095204634184893,0.9807823356060935,-0.7756391423241858
TEST_02139,1.1806603988780018,-0.6589209024985381,-0.16734845432842949
TEST_02140,2.445989557289525,0.00925617850224508,-0.012099191376777937
TEST_02141,1.9506223103003808,-0.17470171655371441,-0.6141049128451137
TEST_02142,1.750159189225923,0.011758048038495195,0.4687223772302859
TEST_02143,2.6572290370903073,0.28313420910700776,-0.02156804527226542
TEST_02144,2.6920000331778375,-0.291761368522217,0.8421976298747628
TEST_02145,1.6428631714147022,0.09357212020793633,0.012371647629318642
TEST_02146,1.1460481807597656,0.11045397150333422,0.3338868510120465
TEST_02147,2.5551253970563796,-0.6443850439827333,0.9628051014823732
TEST_02148,2.499259910692474,-0.02569822635105169,-0.08412669843126885
TEST_02149,1.7798149203824298,-0.21521912294505796,-0.7455706853824565
TEST_02150,1.1857749912791813,-0.17722628741505497,0.24435594237818856
TEST_02151,1.8529106856004174,0.24634452220363579,0.40713868698841754
TEST_02152,3.3767662760529826,1.542380540062254,0.547725225930283
TEST_02153,2.9930404707594436,1.3756773770957706,-0.4675165666613768
TEST_02154,2.7469420231762576,0.1717661757400022,-0.2599016127909856
TEST_02155,1.8312680595231488,-0.03440986257777567,-0.5365729073077516
TEST_02156,4.203876799109105,0.5416217160960719,-0.2465401578340862
TEST_02157,2.570547918457335,0.562453974014123,-0.4652388018286442
TEST_02158,3.6624776732521256,-1.3388156759589225,0.36863663612609937
TEST_02159,4.121746014927285,1.687044467345598,-1.3388533163562577
TEST_02160,3.1128501940065396,1.3372649814791895,-0.5253988357228856
TEST_02161,4.9249902705085455,2.3121522437701145,0.006412488555492346
TEST_02162,2.817435612041799,1.4849418214383538,0.0098447008725798
TEST_02163,3.492053835102524,-1.3482674327871946,-0.0036075047710296564
TEST_02164,3.0605851901537293,1.3252391532624002,-0.11301146673357662
TEST_02165,2.6625531226809507,0.8166112682332649,0.4323279034095941
TEST_02166,4.5919503460099325,-0.5643051465225206,1.0597284020800173
TEST_02167,1.7207209566799382,0.011171705153419394,-0.47943268536651107
TEST_02168,5.267057089478712,0.7592566650524863,1.32926687525995
TEST_02169,4.057066331694569,0.009753618278055569,-0.21265329234124963
TEST_02170,3.1367905799047637,-0.014625525127392378,0.6469981938571855
TEST_02171,2.10156229134929,-0.3774570689334807,-0.4392993341929804
TEST_02172,3.503962228429345,1.203744011253622,-1.0837145962554915
TEST_02173,1.6736960623745984,-0.5157869135893017,0.08755706228862649
TEST_02174,3.526101447791792,1.282137796162541,1.305086124052607
TEST_02175,2.4158687647061687,0.09898105885674856,0.44023721664666193
TEST_02176,0.920745366985868,-0.2585419129236054,0.17874402639717757
TEST_02177,2.450820353743105,-0.8222498080506586,1.433467554580134
TEST_02178,4.541107964244899,1.5496411075142937,1.1176284709904607
TEST_02179,3.9135877557306302,0.8422604820039015,0.9510778743264198
TEST_02180,1.6207949123428298,-0.30984861990176255,0.7437381691472039
TEST_02181,2.631071528223621,-0.17542749240062164,-0.8210934710565387
TEST_02182,1.872214297329021,0.3442595046774245,0.07283874840613572
TEST_02183,4.3423079998235306,-0.36157757213806985,-0.6251960165394843
TEST_02184,1.9543992314742884,-0.17617769299756025,0.4775591497474864
TEST_02185,1.184161261457324,-0.6312777628432488,0.24322713372109486
TEST_02186,1.1699767112681443,-0.06301683813611733,0.3917282539894104
TEST_02187,3.6003229180477807,-0.42795771760535234,-0.034310887032737956
TEST_02188,3.156662722303253,-0.5984590746235456,0.8540973702544001
TEST_02189,3.7803824353865942,-1.5024481860432386,0.2520387845660612
TEST_02190,2.794828731310786,-0.14499195069309775,0.25335059274606936
TEST_02191,2.060185188616843,-0.7705571863524187,-0.22616196239176822
TEST_02192,1.3503550124880888,-0.20260293936007637,0.2762674365056823
TEST_02193,2.185486672916564,-0.6097375792012059,-0.17126337054128332
TEST_02194,2.0440231380766787,-0.14371766058552407,-0.01129785154679511
TEST_02195,1.1093211917207362,0.24927148150819037,-0.15489933296069153
TEST_02196,1.3742182377894554,-0.39603590638504427,0.22035930347612315
TEST_02197,2.0602117066267005,-0.8168680016263656,-0.05760502089861767
TEST_02198,3.5659743382623454,0.5516622045871037,1.274174630299297
TEST_02199,5.853439900600931,-1.2167480636258596,0.52018953180593
TEST_02200,4.1100007892085895,-0.10125095178089753,0.12997537304413415
TEST_02201,3.4495544044137163,-0.5685260901582243,0.5453178804710028
TEST_02202,1.3138869461335907,0.8299242816454078,0.09400316494186314
TEST_02203,3.5412076280379288,0.9592163885475924,-1.1617035707656131
TEST_02204,1.3802638942176497,-0.5122000873332917,0.13446141781704607
TEST_02205,2.768554512501272,-0.9697654301684032,-0.8604924249630268
TEST_02206,3.512189696334387,0.25065246068841496,0.12160197729122764
TEST_02207,1.9616802494683097,-0.28462477997656066,0.1339195856060642
TEST_02208,5.306172330986305,0.9369462034513627,0.07767290777266585
TEST_02209,2.6907621366010193,0.30040087055583176,0.12397980003915239
TEST_02210,2.6553194167827425,0.3347006462129679,-0.7640701864083983
TEST_02211,4.384457620664512,0.2826008580864438,0.09236227783486582
TEST_02212,1.3523756823379949,0.008643679784227216,0.3870819662657004
TEST_02213,2.5360523103396453,-0.19883000723712033,0.19798780744956807
TEST_02214,2.7999643362668802,0.010026134392028725,0.9669222112822
TEST_02215,2.002158927058661,0.10867472873858126,0.5580361756880589
TEST_02216,2.602254464858245,0.14990702629607672,0.8388242348216549
TEST_02217,2.209797287590229,-0.03513768598188167,0.8563330226786345
TEST_02218,3.0148072394536096,1.0698964978265784,1.5619002350502544
TEST_02219,3.9936900374819517,1.0394603130597926,-0.6559261672292295
TEST_02220,2.4853453880758716,-0.8847222443060245,-0.6111400996516229
TEST_02221,1.2282773753066234,0.37772546036397164,0.5107141457909846
TEST_02222,1.9550492238259307,-0.3866839495743371,0.3686719800535955
TEST_02223,3.7970064804101455,0.5924341646178447,0.9255569220598445
TEST_02224,3.080976110720152,-0.02827740604527674,-0.12390222698254137
TEST_02225,1.6829854703552314,0.9878317338536147,0.24360881672433715
TEST_02226,1.3930414101438826,0.396810855579658,0.24774568906319652
TEST_02227,3.338078457925472,0.47223635054250085,0.3836160205511466
TEST_02228,2.936998716399507,0.7996175047835261,-0.3913493965463145
TEST_02229,1.521403921222984,-0.5899321889051858,0.9849806310424979
TEST_02230,4.017889095146851,-1.4697375253887566,0.22529103669202508
TEST_02231,2.095823448375532,-0.35477646232333054,0.12351528480271104
TEST_02232,3.118142366278463,0.5644258446840243,-0.09221274808993787
TEST_02233,3.7814720931227175,1.3552498885573934,1.023499252158985
TEST_02234,3.5101007152784183,0.31822410016057256,1.3357273402719774
TEST_02235,2.236131359621579,-0.38692755294566117,-0.04343056553110677
TEST_02236,1.515891498088808,0.09586972331615935,0.20611534229934475
TEST_02237,3.41354008338071,-0.6161829391168215,-1.1067434377316574
TEST_02238,1.0910567999164897,0.17593087978538133,-0.21384027416791768
TEST_02239,3.2804978001781877,1.4881953105068435,-0.7405200732737913
TEST_02240,4.27180917746981,-1.8700462747992121,0.8693657391173542
TEST_02241,5.1360464152912675,-1.0068001596331757,0.6867814741317192
TEST_02242,1.1380092777972401,-0.4575599632749679,-0.5493709431930054
TEST_02243,2.5793627233666587,0.6303692598945907,-0.043499199574812165
TEST_02244,2.1522728288795325,0.7892761973314323,-0.0254044498729543
TEST_02245,1.4806152437166546,-0.20688128048450374,-0.5467227789268316
TEST_02246,2.395356626365227,-0.2005661564394627,-0.13420548664551368
TEST_02247,4.6688617183066965,0.330858885776879,-0.1876992376893431
TEST_02248,1.854643422578593,1.1834592838080635,-0.6835568286180813
TEST_02249,2.017274223724474,0.1242355665261989,-0.36200046644796224
TEST_02250,2.900667968954373,0.3034223742130588,-0.7250630088296488
TEST_02251,2.3840920680015896,-0.29169571539692873,0.29977998599442696
TEST_02252,4.151700311174189,-1.4433428340771361,1.2332159012045714
TEST_02253,1.5233803188391273,0.032107635555626984,0.1401388278968111
TEST_02254,2.7755780790404465,0.7817856957254719,0.37827915745783675
TEST_02255,3.4305426616549375,0.343733411751358,0.26945019476671017
TEST_02256,3.423873671526341,0.36635077582537756,0.9975856350320502
TEST_02257,3.1540043411060545,0.854574990395687,-0.22735559466973002
TEST_02258,2.340629909961015,0.29282417224758106,0.00861309772006556
TEST_02259,4.117527740144226,1.0226278342190247,0.15970216972939708
TEST_02260,2.87268154582041,-0.024132656753102007,0.077011590039301
TEST_02261,3.119625767544743,-0.1454665092490681,0.10362855474398446
TEST_02262,2.326106889638841,0.06986315221973835,-0.29302934065494957
TEST_02263,3.9811696635381475,0.40658617428828897,-0.0657748011961202
TEST_02264,3.941384950578094,0.040969094110539034,0.15325947183978514
TEST_02265,3.653209223898668,0.4134826092811307,1.6768420439886835
TEST_02266,1.3095655777801107,0.08784569235217529,0.31379877323945243
TEST_02267,3.247489880761055,-0.1395848529082232,-0.3763057312803033
TEST_02268,2.051251502976608,0.4038178017918825,0.3044817446370129
TEST_02269,4.839318810777259,-1.4110743163970634,0.8093029141399201
TEST_02270,3.2083634808868853,-1.4051557891993622,0.4669561461205185
TEST_02271,2.998463885539371,0.947437367662588,-0.6448948051520903
TEST_02272,2.7062370278412207,0.4805976143052066,0.5749398365535915
TEST_02273,1.630550163847664,-0.813913487117443,0.1891292712424514
TEST_02274,3.4919082325167436,0.02033970216704442,-0.6728185479976833
TEST_02275,0.9782908532785004,-0.31220922303716164,0.27320979324733335
TEST_02276,3.7283083389243066,-1.1027256744669298,1.0069483337445124
TEST_02277,3.8105631594405667,1.0400644820448792,-0.19441269030715105
TEST_02278,1.317616007133991,-0.1933629172108319,0.5135888323449257
TEST_02279,4.497965524190322,1.1336586897709042,-1.1758146168195145
TEST_02280,3.9681848847967345,0.7662535572738955,-0.45449869845476076
TEST_02281,3.2065619722974104,-0.26597503812888046,0.882918149624963
TEST_02282,4.219841167850303,-0.4996531390259477,-0.5352460047012757
TEST_02283,2.247195219496836,0.4100820230243455,0.09137432087181142
TEST_02284,1.735882477036587,-0.4119100552498125,0.2955414362089149
TEST_02285,2.658194585434514,-1.0276746779233403,0.28988978224478845
TEST_02286,4.613907493042258,0.19202676078770756,0.28200360623409576
TEST_02287,3.839507921749342,0.8730881814882262,-0.4100758702022385
TEST_02288,1.169185056205703,-0.34210349589216205,-0.10472412581986919
TEST_02289,3.5774830320277613,-0.12904179379051353,-0.3458384535334174
TEST_02290,2.199623094194192,-0.14143169103774356,-0.24684779441557989
TEST_02291,2.2006182531860885,0.41553335760214205,0.7255765156074594
TEST_02292,1.333957928071578,-0.555980750593152,-0.1566547078405934
TEST_02293,2.679104855950945,0.4907669266083076,-0.28839526868162085
TEST_02294,1.3265534529683711,-0.7960217499931048,-0.5271285235112494
TEST_02295,2.6861657405006594,0.5236665624561846,-0.030958951407742227
TEST_02296,2.486824179040348,-1.796221329279297,-0.1816245653354223
TEST_02297,1.7928797898398152,0.41976229565925355,0.6198359968788514
TEST_02298,2.232722671284141,-0.9590141612148995,0.4197832686354884
TEST_02299,2.8159968266704456,1.1844674586074821,0.16204043761717205
TEST_02300,2.301955120293076,-0.6946874012032193,0.24054297697374552
TEST_02301,2.1419002455308833,-0.17818364295276803,-0.3031330442712424
TEST_02302,2.043592977786736,-0.3447002791974117,-0.04357768887219315
TEST_02303,1.5823280758717837,0.08390572944265058,0.1037218008979709
TEST_02304,1.998106487687845,0.2723798508544488,0.1011631945897214
TEST_02305,2.5772518554347137,-0.7224293900699448,0.5765068252619553
TEST_02306,2.771286788830452,0.45044082269148356,0.13071739034881907
TEST_02307,2.6108917572537167,-0.5659454179685517,0.47097333585662926
TEST_02308,2.1279823354029013,-0.5503183239811011,0.45639189498703425
TEST_02309,2.8342973179199524,-0.1475049885954467,-0.3686546971041858
TEST_02310,3.2799263547060855,0.6479110992163895,-0.3655206828439024
TEST_02311,1.7750890527958731,-0.9807140451779567,-0.19502340639293309
TEST_02312,2.2544120433490566,-0.19673035076944606,-0.11880123567859885
TEST_02313,3.079532347690459,0.6553654583408848,0.01807797385543322
TEST_02314,2.732543121314239,0.0019319976318094975,0.13212468238803163
TEST_02315,2.3709906296227086,-0.7785743242849041,-0.9448036675349278
TEST_02316,4.077986445393721,0.6528497368587429,0.38351008542853443
TEST_02317,2.355908579238022,1.181370015222468,0.5765215125306067
TEST_02318,3.0985092500965337,-1.4720568239499237,0.15192501625251725
TEST_02319,5.743445158603094,-1.0320312992270375,0.36530331984922404
TEST_02320,4.709824671060451,-0.4876873524992801,1.1413522464077877
TEST_02321,2.752565818862494,0.5550336339430902,-0.11967611370647203
TEST_02322,4.59329911993063,-0.14776952594933937,-0.6368547259058809
TEST_02323,2.472029630198066,-0.40873019253289794,0.31122952118185937
TEST_02324,2.5339002047852017,-0.9953093911766981,-0.8463077406491734
TEST_02325,2.5298725371532265,-0.1640639474945868,0.34481649441386175
TEST_02326,4.784531934426924,-0.38929897609409886,-0.14359228118579942
TEST_02327,3.994531007042993,0.9899088087886785,-0.5214161525975362
TEST_02328,5.232858897151137,-0.39634702303776087,0.3491310366674446
TEST_02329,4.236139769710193,-0.5922147539783498,-0.22568579768191357
TEST_02330,1.1719282132080155,-0.15657597366869933,0.09611027605561583
TEST_02331,1.511038838207334,-0.19528621735912224,-0.20815739475480735
TEST_02332,4.287736721143832,-1.4772748355004854,1.9532876417688825
TEST_02333,0.7096652464024478,0.24233943296208907,-0.1940725929805483
TEST_02334,2.866232945862444,-0.8055413963461239,0.6979942753791442
TEST_02335,3.1243721445153003,-0.7707058452092639,-0.46048795916559143
TEST_02336,2.6677256219800882,-1.426052793202951,-1.018698811004886
TEST_02337,3.0438981667931038,0.2431939150953777,0.7357175542421565
TEST_02338,3.391689175229914,-1.128643292246795,-0.7276433349818124
TEST_02339,2.9882337959180583,0.7564603761986475,0.5768639323293691
TEST_02340,1.3523811965736017,0.2379548197884418,0.4145694078983126
TEST_02341,1.6686174662111155,-0.3606083857774806,0.6798202382839376
TEST_02342,1.8341871095925435,0.12592255626233703,-0.15173205486647312
TEST_02343,4.298222965585821,-0.49472652039940634,0.2697337208971964
TEST_02344,3.4453255786007886,0.2669185952389206,0.21472506744820222
TEST_02345,4.941914000778008,1.5670081768766206,1.8237826593086952
TEST_02346,1.5447641915265808,0.7339467854431765,-0.1299457275828193
TEST_02347,2.856096565537737,0.41904652606713444,0.2552865914518657
TEST_02348,2.878435952316354,-1.11836852773491,-1.0009445422976633
TEST_02349,2.639996961104616,1.8303739543304465,1.4053977814925231
TEST_02350,2.604880019744462,-0.630972499584392,0.7395161048147174
TEST_02351,2.1703825190994186,-0.7832685616441226,-0.22952534695965388
TEST_02352,2.425575003459156,-1.5640203134740278,0.38520151140405823
TEST_02353,2.1241365938917696,-0.6573938069816595,-0.2932432517260494
TEST_02354,2.256027708346189,-0.40382468263760135,0.4212442324887002
TEST_02355,1.1383758379906068,-0.03163755240336417,0.22964232366245707
TEST_02356,3.802700920745603,1.792444414130876,1.470280981813004
TEST_02357,2.1215750753253158,-0.4418683994141612,0.5443028143532826
TEST_02358,3.4224373526406606,-1.02179093897238,-0.7683512005840737
TEST_02359,5.019716210325468,-0.9397618167729574,-0.16671068616486892
TEST_02360,2.125022020187604,0.6630845553236662,-0.21174747889771703
TEST_02361,1.9273327362826018,1.3234941287150817,-0.01543584625228846
TEST_02362,3.9477737252431893,0.7208354436417356,0.0294127132716945
TEST_02363,2.162113620720231,-0.08670463755650068,-0.684953944372296
TEST_02364,1.567410457852228,-0.10560956303199692,0.20594418456764807
TEST_02365,1.9291809275699103,0.2016515289916081,-0.07798862754895047
TEST_02366,4.076934636611215,0.11271406543913752,-0.3966849739516959
TEST_02367,3.231888623932671,0.6861905808482764,-0.222704640195103
TEST_02368,3.465037017168675,0.38585625648511745,-0.891839491258759
TEST_02369,3.3822613781998494,-0.20611739752839633,-0.3026741816003436
TEST_02370,1.860579394251384,-0.2237818135572021,0.3949884741477028
TEST_02371,2.603239454307511,0.010834954042052184,-0.3122911867957617
TEST_02372,2.4180559586246178,-0.39320861651521855,-0.11623817698127306
TEST_02373,2.872921988092692,-0.3047996025510408,-0.5205454811083671
TEST_02374,2.54289718811814,-0.9371782558965921,1.1210388277376038
TEST_02375,3.6087738165534717,0.27296084119898073,-0.07607151132204032
TEST_02376,2.634073871698178,0.09289079356935964,0.8447575166553265
TEST_02377,2.8939390582168705,-0.24836798414265782,1.1513326937709227
TEST_02378,2.0938896972840886,0.33573530641035704,-0.3674175260579743
TEST_02379,1.7193757609334426,-0.9975333936921779,0.58694024528598
TEST_02380,1.9261639477524568,0.6565783967176061,0.10699017463525745
TEST_02381,1.6135527260609708,-0.41621531186082,-0.40632862101903416
TEST_02382,1.6104688566563434,0.352930110374796,0.3083264930385814
TEST_02383,1.4579858174905778,-0.1972444796391988,0.3170547712845672
TEST_02384,3.688435552631914,-0.2938340678510627,0.8143780526243591
TEST_02385,2.348421209408643,-1.8987817203248736,-0.17661382104948697
TEST_02386,1.7607354156503816,0.04149738252536416,0.167359316294359
TEST_02387,2.613135648123879,0.2718023329466845,0.3058031071988794
TEST_02388,2.865540149182398,0.6821442139351535,-0.7231426386772368
TEST_02389,4.621774799584918,0.025911146039930888,0.9798433400613441
TEST_02390,5.258153347929413,-0.17118077863351266,1.0694708004505726
TEST_02391,2.7182925893072736,0.33228073089865756,0.614641975917489
TEST_02392,2.1000434195137454,0.6192634847198616,0.26880566787755933
TEST_02393,2.725954158322962,1.4861089040716948,0.8014700093354649
TEST_02394,3.0788745903745074,-0.06972924454606014,0.45095845208594204
TEST_02395,1.4634434222352584,0.6352182418099905,0.3505819653908699
TEST_02396,2.233203350520783,0.7185313782143188,0.006681852627690318
TEST_02397,3.9869854636854964,-1.00081350707762,0.4310652267852005
TEST_02398,1.830691503924165,-0.34269953955013416,-0.537008189053802
TEST_02399,3.359306167081924,1.0904078412351825,1.4797777163909187
TEST_02400,3.1256673077252715,1.1904884806409108,0.3056444097134626
TEST_02401,3.5199566170783547,-0.26752959070642174,-0.821245345437578
TEST_02402,3.983894562560384,-0.8468095445609567,-0.7639125882155419
TEST_02403,1.9102267973396532,0.5461231678203463,0.48451662527651723
TEST_02404,3.097790900101856,0.9089402179582752,-0.7565267233080187
TEST_02405,1.6277639464965212,0.06744193528558844,-0.012245434274266442
TEST_02406,2.7066955190386808,0.6360109320198258,0.14467259020664858
TEST_02407,2.012084965652166,-0.8671292126185234,0.07067258811097701
TEST_02408,2.1682931731416852,1.645630581787074,-0.5158685623391797
TEST_02409,2.852543699878821,0.3868569492521893,-0.5168084915520359
TEST_02410,2.4160000301153817,-0.10234787476615229,0.012843154649486955
TEST_02411,1.6560719097000887,0.3118631449530501,-0.4284112649230797
TEST_02412,1.590955380981465,-0.5255617200824618,-0.3806754183261357
TEST_02413,1.796989432632714,-0.40798946079183335,0.28497966554018034
TEST_02414,3.502302214595072,0.5313692852621177,1.8653149467225176
TEST_02415,2.050471609377943,-0.08327766931120568,0.1889186483005899
TEST_02416,1.515523340056584,-1.2545191503186148,-0.222286609136362
TEST_02417,2.5459970500715023,-1.2945770154940077,0.22406915161974697
TEST_02418,5.125236615664995,0.37071930191530195,1.4004786737457489
TEST_02419,3.0323836305253704,1.585260709661057,-0.09104851611336506
TEST_02420,2.7183688947268756,0.29372266635432787,0.34880687545933403
TEST_02421,3.459983242160356,-0.11272160016895767,0.35878205754901
TEST_02422,1.7565290978911459,0.18369900129180156,0.23067581862582703
TEST_02423,2.1906345733048758,0.8509603834857525,-0.31706055408662837
TEST_02424,3.2481256945437416,-0.08388269541266431,0.12420174481350447
TEST_02425,2.199697517653979,0.025897636647446647,1.138743380569378
TEST_02426,3.3683507697824355,-0.75173975730558,-0.4186305858136635
TEST_02427,1.9366510578128149,0.013903315153134895,0.6471311163341285
TEST_02428,2.1378690654549692,0.46274113194576044,0.17940308909192582
TEST_02429,3.503196798212064,0.5235757762381587,0.08737369786552379
TEST_02430,2.052260180530972,0.3600251444537858,0.10794141674300613
TEST_02431,2.5395607479265436,0.5738392087873695,0.03477666990492778
TEST_02432,2.270477250194837,0.1367756434311214,-0.41965772035068477
TEST_02433,3.690970249613402,-0.11816293316574775,0.5633712325501342
TEST_02434,1.5548195441220358,-0.04516422739642804,0.037720027531127326
TEST_02435,1.249546776994903,0.4386457423635638,0.20227990880127827
TEST_02436,2.0074048200850667,-0.23769827037522423,0.6060347992454165
TEST_02437,2.130046338043433,-1.1944434087479538,0.08114752384425707
TEST_02438,2.7799171882858302,0.9986594880280804,-0.218613935312988
TEST_02439,2.06967249144184,1.47353459473067,-0.6290940421402543
TEST_02440,2.8532249928976996,1.8111298397602644,-0.6613377926498917
TEST_02441,2.3724585588316134,1.8353382900330228,-0.8579865477681009
TEST_02442,1.220081650197408,-0.5832426559587255,0.3993017705647481
TEST_02443,2.020913780770099,1.986397746832132,0.8594235548462714
TEST_02444,3.173280960418458,0.012587437482056296,0.2133669336963602
TEST_02445,1.9256528730208655,0.4146463349506612,-0.17376622385530963
TEST_02446,1.1728256179587175,-0.2912591119429095,-0.16382811887471052
TEST_02447,1.743332961592789,0.12280158606097125,-0.3849139389941418
TEST_02448,3.515264324949651,-1.182534352221929,0.05460412809178181
TEST_02449,2.152490607386729,0.46988441198642145,0.12993907150564016
TEST_02450,2.148401193631484,0.3508933389915375,-0.05994135210622494
TEST_02451,3.2712075329687953,-0.06341099139921781,-0.06952578845559222
TEST_02452,4.6839200297900305,1.4311454318239978,0.6585078155234656
TEST_02453,3.106678251580011,-0.21500443878143266,0.3572899045922895
TEST_02454,3.5699833038339026,1.2556939737737165,-1.1819595430199972
TEST_02455,3.537665118568493,-1.1674947875356028,1.1077435120780388
TEST_02456,2.9563770208457996,1.1554463485346398,0.2857973141974687
TEST_02457,2.231400838898057,0.08102080675829364,0.060547315851048895
TEST_02458,4.4863236349468165,-1.3910717249690914,-0.5205453566539
TEST_02459,3.0254912713991264,0.3231216184109167,-0.6651776031576924
TEST_02460,2.257755442588041,-0.05810538861729372,0.646727179353056
TEST_02461,3.447840059941885,-0.2604659092262367,1.0440349833883744
TEST_02462,2.397349414500678,-0.33035255237214517,0.3533812359375055
TEST_02463,2.8918338966579564,0.14624695814815278,0.5649933467826332
TEST_02464,3.7357866599947216,-0.08049397398095462,0.29670617356363066
TEST_02465,3.66136027433822,-0.39705554553469896,0.47665259889172845
TEST_02466,1.8807264997392816,-0.5568519439249315,0.6617843182054223
TEST_02467,2.913965361718429,0.20596858089979972,-0.6278550965387477
TEST_02468,2.480903789787295,-0.9064709766050725,-0.5588340053610129
TEST_02469,2.81700397338316,0.746760704556125,-1.1191145533058018
TEST_02470,2.4688664158491536,-0.3009321972514325,0.5763942106874983
TEST_02471,3.1103335568143735,-1.1738797760038824,0.5603500124701579
TEST_02472,2.085615188211595,-0.8323041763541926,0.018576216444199312
TEST_02473,3.388730755636239,-0.2738609621387223,0.2767364761753951
TEST_02474,2.049000710774247,-0.10249924493199852,-0.0057304794244206715
TEST_02475,2.4184906820110172,0.6222799551137272,-0.37442805114276523
TEST_02476,4.646486843836544,-1.5482884061850501,-0.7639014973382744
TEST_02477,3.155923847020839,-1.1792792853446556,0.06075906234448608
TEST_02478,3.65535985529576,-0.10161250304749886,0.9345806427628508
TEST_02479,4.8005223839877385,0.39670076702921453,-0.16401748995354806
TEST_02480,4.027849421037038,-0.7117381461763946,-1.1333596759957059
TEST_02481,4.641120012697518,0.045807268095020434,-0.5247226081929902
TEST_02482,2.3159322916491245,0.47010846940454476,-0.3501266923937792
TEST_02483,2.043258665133114,1.0695172753407798,0.3290324380382074
TEST_02484,3.4303648541068665,-0.05212220403136797,-0.5084547648985756
TEST_02485,1.8693894298056635,0.7669820657243875,-0.47534735703690073
TEST_02486,2.7101374079669394,-0.4683640413959303,-0.898464100003709
TEST_02487,2.7496626250307363,-0.8405789645336886,-0.2685128048633201
TEST_02488,5.434737465034654,-0.301303040835503,1.2051826950697813
TEST_02489,2.097165850312628,-0.09928859129433792,-0.061080772586408066
TEST_02490,1.1009426862476928,-0.16673341102137676,0.09348750545480825
TEST_02491,3.497101162167462,0.38682703726342754,-0.6423246390493568
TEST_02492,3.05061496388215,1.07560024647081,0.26568791701721634
TEST_02493,2.5316104982483227,0.340812037452823,0.24517914911350205
TEST_02494,1.6752776927764563,1.0328062715714128,0.47046311069855123
TEST_02495,3.4401590790821213,-1.2726406060353757,1.1795430271553105
TEST_02496,2.784738281594905,-0.8279779947764774,1.3379562628415227
TEST_02497,3.2286324596296176,1.5384083947504539,-0.4828611588440226
TEST_02498,1.4185438078021722,0.5044040939689083,-0.44872435525798865
TEST_02499,2.5310638256072884,-1.1730744847904833,-0.18080350772576692
TEST_02500,2.5216914652582556,-0.6343811926999863,0.09368474138610415
TEST_02501,3.1061163180922913,0.34795046384192574,-0.462130759305255
TEST_02502,1.4671906386536664,0.43177412033703755,0.23591039667372316
TEST_02503,2.1127332352174735,0.2966139678614557,-0.5898987817254038
TEST_02504,2.107633539730094,-0.6079185831435004,1.0251078153657749
TEST_02505,1.987165840832975,0.8975071187005327,0.3358196655255123
TEST_02506,2.4830430565845227,-0.34890430947069834,0.45782790439262533
TEST_02507,1.1754588800081374,0.45854136657280425,-0.15952279371728115
TEST_02508,2.1830501320533373,-0.504208671682143,0.09404178467461378
TEST_02509,4.312479756620869,0.8413781318935416,-0.3984609685788835
TEST_02510,5.204554715228285,-1.6332495702921215,1.817344381385571
TEST_02511,1.3796331004258418,-0.3110671376720601,-0.037730508470553
TEST_02512,3.0344352996467676,0.168337555792312,0.14082174686096252
TEST_02513,3.7552449316318657,-1.6379979429815974,-0.5076629329027378
TEST_02514,2.057914499428956,0.441424582160999,0.011531744710040825
TEST_02515,1.6721467293358618,-0.09520839712606187,-0.2578911385093397
TEST_02516,3.1086276748371855,-1.044592643754634,1.1337286364267913
TEST_02517,3.290651181628115,0.21797615011679447,0.3971167748638259
TEST_02518,0.9971713822695079,0.3166667750671947,0.3336548454088174
TEST_02519,3.315024903683261,-0.35470179745763974,0.9195373123632951
TEST_02520,1.6736582930176969,0.9022689402990599,0.20446919885735715
TEST_02521,1.2561551605397425,-0.40223418451960485,-0.2793093250180087
TEST_02522,3.051292499926546,-1.199909868071747,1.132511439276806
TEST_02523,4.155706800111887,0.36757308341559336,-1.070839139046006
TEST_02524,2.3528738765780384,-0.9424969495990574,-0.5328295542032057
TEST_02525,2.6067583115177184,-0.03889124227085923,-0.6362266826637468
TEST_02526,3.9281040936253224,-0.8965417024181676,-0.9029432003062121
TEST_02527,1.3354093709524395,0.6253551495984467,-0.15874024261616573
TEST_02528,2.023341510153748,0.983688978331552,0.4120575870777615
TEST_02529,2.1282779372045355,0.05663135542023885,0.3275870044610315
TEST_02530,3.165883316728382,-0.5141113622043691,-0.6444248644434211
TEST_02531,3.167817230063755,-0.06112810797393464,0.01928359282269514
TEST_02532,1.760006815667601,0.3650623391341332,0.10404035417819826
TEST_02533,2.1062771614081486,0.22320465597499328,0.3746158368373705
TEST_02534,1.9130267983345368,1.349503727300482,-0.16469878183803693
TEST_02535,2.3140017050411426,-1.077854033116005,0.2780361961543813
TEST_02536,2.391520443986517,0.7392943522865875,0.6195455042933381
TEST_02537,3.3308919950290137,1.6871880019146588,1.401115583940918
TEST_02538,4.322102022578479,0.43667452837079546,1.390815003957434
TEST_02539,0.9124604185541073,0.34272004426930625,-0.09122008359016621
TEST_02540,3.4046427779099138,0.03342272201448021,0.9209810905477104
TEST_02541,2.8331042296492894,0.20675470043410774,0.2684808765986082
TEST_02542,1.4268876197010996,0.08088306734800327,0.11923118252832603
TEST_02543,3.7165378211843128,0.24598650102824973,-0.2667768664737335
TEST_02544,2.737926843918955,-0.28559826069897437,1.1354046660774355
TEST_02545,4.546350816530287,0.9526396467404644,1.03281824034076
TEST_02546,1.6663503561224757,-0.20231485540007926,0.3682092579703729
TEST_02547,2.932498648098839,-0.03343117286375661,0.6203078555902053
TEST_02548,3.098592086914106,-0.07105185592193823,0.5899663841886679
TEST_02549,4.453431269472624,-0.0036147906746926152,-0.8229591206304366
TEST_02550,1.714881908889978,-0.9452867382384301,-0.6940987946992684
TEST_02551,2.945281937965302,0.028523519556841324,-0.11607130148310324
TEST_02552,2.3910497613199873,-0.8078579408350007,0.379707802226086
TEST_02553,3.0499607859480657,-0.08818979740206469,0.40145474394269365
TEST_02554,2.1865123204262003,0.13000722323260272,0.2795447116442288
TEST_02555,2.3760438095656258,0.3946695450192555,-0.05834500886783502
TEST_02556,1.8329450817266808,0.7774659590300759,-0.2973063488792701
TEST_02557,1.8699911521442478,0.10042480650431362,0.49592780343538345
TEST_02558,2.2521517099904886,-0.5159892730122216,-0.8454184338057027
TEST_02559,4.967384963033142,-0.3884340405416456,0.7727384466812766
TEST_02560,4.102308776093011,1.0751284953596305,0.15577077090157987
TEST_02561,4.368721027636451,0.8620662103135908,-0.7276095278646636
TEST_02562,3.407403463564523,0.32219973137533475,0.12184580865224826
TEST_02563,3.7585516016488687,-0.35713211272044204,0.6285828790390121
TEST_02564,2.8032317115204943,0.5646708053021332,0.1586927545026559
TEST_02565,2.3412002667770193,0.2314086872386895,-0.9473347594612648
TEST_02566,1.096071073779149,-0.6846266329280977,-0.38477444476997946
TEST_02567,4.786262869634258,0.11909244061867441,0.5730348715475804
TEST_02568,4.397654241768208,1.038486401941295,-0.7139419594055659
TEST_02569,3.450142240806331,-0.4122675432026889,-0.5955595288160049
TEST_02570,2.4404513007753583,-0.03357827662070702,0.12894393830526862
TEST_02571,1.4002974956683696,-0.1597744425364422,0.05236811206337437
TEST_02572,2.667672071218698,0.7456497309323383,-0.9282022167279113
TEST_02573,3.0031626840323407,-0.37722409944789687,0.5508353874127218
TEST_02574,2.57553758945835,-0.7140893473290381,1.087021108580647
TEST_02575,0.9966245095778389,0.15785321387471996,-0.07251979281239297
TEST_02576,2.4435580943563533,-0.33572870254149123,0.6127112270159093
TEST_02577,3.605476241934913,2.116542791450869,0.06515738064480812
TEST_02578,5.621590707842068,0.12123671236521545,1.1584507942493285
TEST_02579,2.7418205315334605,0.7374479172161409,-0.22401780014550893
TEST_02580,2.6091522998157117,-0.5837368578780895,-0.2288778137085409
TEST_02581,1.049703058113114,-0.34458968035094734,-0.2794978928549108
TEST_02582,1.5629214971060141,0.48892304512056617,0.12170173448935853
TEST_02583,4.47869097728748,-0.5160204558723812,-0.7084643028435683
TEST_02584,3.8186652327864254,0.0948910702847527,0.17401128498856192
TEST_02585,4.8687071148797045,-1.7713341977932175,0.08323419276436878
TEST_02586,2.3945242237793845,-0.46068218463683613,0.3558116977714881
TEST_02587,2.8429197181844623,-0.44010695297037156,0.40487375432410067
TEST_02588,2.6237896258174573,-0.22597214467528232,0.19656917404980132
TEST_02589,2.1114113886947363,-1.4109452416559733,1.0608193916495074
TEST_02590,2.6979388052487536,-1.3609456812375393,-0.06816051929254262
TEST_02591,2.8491958899493195,0.0435745450521949,-0.6118887337439296
TEST_02592,2.1384032312160643,0.7095831422956885,0.6195506182473645
TEST_02593,1.5236941577738872,-0.442236069827613,0.528600062283725
TEST_02594,2.0823190190982084,0.36603931086300434,0.04081806840498996
TEST_02595,1.6246453831751924,-0.14147270353327843,-0.1051965090215142
TEST_02596,1.9022840759137192,-0.0016109246336529813,-0.01369171935547092
TEST_02597,1.6496140799399814,-0.07339990095392959,0.2664626596082753
TEST_02598,2.7368405661207427,-0.3235691409604374,0.2240060045787836
TEST_02599,5.927735900680054,1.3735198493858696,0.8215153878426764
TEST_02600,1.9601837872203416,0.6696809316442103,0.24594207583161223
TEST_02601,4.865489487488301,1.4297820463291422,0.2265765255313409
TEST_02602,2.9725833592644824,0.8194809625073278,0.48097916053721274
TEST_02603,3.1183166221444,1.2388204180526345,0.829982638552244
TEST_02604,2.580720360311862,-0.3251958770566332,0.10289561969971026
TEST_02605,1.0667128317685382,-0.07209156875366877,-0.2571495503345801
TEST_02606,4.645768544904209,0.1968223637169064,0.46024998259209776
TEST_02607,1.1340596574743607,0.5557305079357223,-0.35941782060369565
TEST_02608,3.060091931551952,-1.0492838408661667,0.3155246751528849
TEST_02609,4.289034802366906,-0.010637883759112553,1.0130322183848894
TEST_02610,1.3419872357201073,-0.03532369808201284,-0.009218085723488038
TEST_02611,2.6172327084401026,-0.19987189969847,-0.2181030986564828
TEST_02612,2.216915750147508,0.354810977937717,-0.22150025883029248
TEST_02613,1.2340044324419719,0.33024050239580016,0.16221928823212015
TEST_02614,2.648419837827667,0.03734191672307454,-0.5849815791180072
TEST_02615,0.9655650669525133,0.45179367221589667,-0.05559667420379905
TEST_02616,2.333143972331207,-0.4000994680269096,-1.0070554714292654
TEST_02617,3.5025237605141024,-1.8781885172034705,0.9814053419813032
TEST_02618,4.240626790880904,1.203831970366263,0.9875051232788765
TEST_02619,1.5985094613446011,-0.18704243458156508,-0.513118883876616
TEST_02620,2.0937107693280983,-0.7679846392090505,0.07747146148998207
TEST_02621,2.902274482146727,-0.054061391255721146,-0.3651280736501614
TEST_02622,1.9187850463721363,0.7211068396593318,-0.05377635862312823
TEST_02623,3.7321638415878176,-0.3293894155633719,-0.2927162542414362
TEST_02624,4.06168508703754,0.23822096631396755,0.4084378796379977
TEST_02625,3.1914470964552724,-1.1552316474061919,-0.49706326687157265
TEST_02626,0.8862166117589468,0.06558417055069042,-0.3043892927774269
TEST_02627,4.1771555044267545,0.13962553988020163,0.24070340424012657
TEST_02628,1.6220472844295641,-0.7449609588707641,0.37452338199842294
TEST_02629,3.91317089565185,0.6626980631180902,-0.08824256266999503
TEST_02630,4.060111272717969,-0.9066503736302308,-0.4043228084175665
TEST_02631,3.2656230404657336,-0.4416408054350753,0.7183366029772262
TEST_02632,1.5708288674800095,0.5817105470426062,0.43875626010915814
TEST_02633,2.0167993835333267,0.14923340379217356,0.5388998317801874
TEST_02634,2.7359116930185188,0.14597670486142633,-0.4186861557447635
TEST_02635,1.1407211534805242,0.3657983310539276,-0.06406145250011192
TEST_02636,4.620222259154962,-1.129620100732731,1.0020200015283196
TEST_02637,1.1775891000294154,-0.29115792146116126,0.28021768571705985
TEST_02638,3.416721499239701,-1.5628796050621088,-0.8360266857067978
TEST_02639,5.305646327830298,-0.5569852170709312,0.15406433082938828
TEST_02640,2.988575787642518,0.2460143354756878,1.1081363709288732
TEST_02641,1.1214997451625244,-0.8815227661517794,0.16448907885831263
TEST_02642,2.267569806522151,-0.5693927225709793,0.2744341672125552
TEST_02643,1.32167969863622,0.520858048540478,0.1360833571444539
TEST_02644,3.1350220180002233,-0.8063422117931048,-0.8637122806808054
TEST_02645,2.2421664273207167,-1.0693180063118806,-0.7812269634212997
TEST_02646,4.5080767094933805,0.720178013385306,0.19181182471485228
TEST_02647,1.9549924415027584,0.6537588451353703,0.821783065884751
TEST_02648,3.879553866634661,2.038515984062406,0.008177901933459322
TEST_02649,2.515083875924378,0.12059373333387545,-0.03975506424381148
TEST_02650,1.9486311330970267,0.08370462823629692,0.5351363048091436
TEST_02651,2.774677303992705,0.09894761369784225,-0.022001728194054736
TEST_02652,1.6259558148794946,-0.9305565106238347,-0.6132162412320475
TEST_02653,3.110108740432707,-0.05409670207822605,-0.4101268416732374
TEST_02654,1.1175630033563475,-0.3792731946738391,-0.27251250253275716
TEST_02655,1.3726514996183115,0.4203371669027026,0.1921610025907203
TEST_02656,2.936787380677659,-1.0391953908945308,0.7105477867139942
TEST_02657,2.7645280430665196,-0.8809930610902781,0.28078411949623155
TEST_02658,4.583329011258798,-0.1347849122638699,1.0035546426168678
TEST_02659,2.172930485387199,0.7651249573891408,0.250589990509917
TEST_02660,1.643389877344128,0.0405805361191379,-0.6166477155111623
TEST_02661,3.4693756864933443,0.12629270477682672,0.8282983405062224
TEST_02662,1.92516948461467,0.20848396153672472,0.03192619194176425
TEST_02663,3.0969132325688573,-1.0256637827612733,1.1054069530226023
TEST_02664,1.9252567101939688,-0.3643965334241287,-0.3459575200148837
TEST_02665,5.360155386392327,1.294441411571889,0.4629536164753825
TEST_02666,2.9025439496774057,-0.2898154383858492,-0.3426043154608301
TEST_02667,3.3383810072431768,0.38877289052765324,0.19318921034712316
TEST_02668,3.3332841021317052,0.0444216059906306,-0.26871016562986627
TEST_02669,3.7401102797866486,0.29072277804241753,0.5235388201725801
TEST_02670,4.293721390257762,0.7064837401298814,-0.8360534184528081
TEST_02671,2.6887587137362026,-0.10956943684297335,0.0012654220340053894
TEST_02672,2.3295451735154824,-0.14011257296180926,0.5260325057662338
TEST_02673,1.9363517203260392,-0.6940272022053409,0.04924067610546108
TEST_02674,1.78015004475058,-0.12198929653070681,0.285232851768577
TEST_02675,2.5056795079594103,-0.5159267812638051,0.46261354478866856
TEST_02676,3.0277810899318913,1.0305094282187237,0.32687741590492164
TEST_02677,2.1311978970827523,-0.22693287221913447,0.3245130639416517
TEST_02678,1.235061064548221,0.13653635682867996,-0.09033177998152025
TEST_02679,3.102314960393666,1.730482700754592,0.9662592559446485
TEST_02680,2.277851022922144,-0.9913074138670039,0.17118804893104647
TEST_02681,1.5265106484347375,-1.4690697744929404,-0.35597110951508676
TEST_02682,1.472421738754482,0.6179933359946935,-0.6639743658556777
TEST_02683,1.1702422931236751,0.06179804176004079,0.15319298138927356
TEST_02684,2.461107050806521,1.367014372587147,-0.5925819163161408
TEST_02685,2.1814009483132137,0.34732745553698025,-0.45064488317384793
TEST_02686,1.9727218119648677,0.7637033512462773,0.38001459893163736
TEST_02687,4.21752406625877,-0.4897184645480116,0.18437081291942223
TEST_02688,4.820534525565415,-0.6267835872623216,1.1604229448369745
TEST_02689,3.787224732548523,-0.16191164074276446,-0.6691342686948999
TEST_02690,1.4083147883972145,0.3297770165713137,-0.41584713783466665
TEST_02691,2.0278995503115835,0.32066329350002487,0.40601897705347356
TEST_02692,2.182724245355059,-0.6842057483539562,0.7066226277272819
TEST_02693,2.4162923175603273,-0.1834416805761408,0.288057337726207
TEST_02694,2.3869194817705743,0.8575427619299435,0.7056231242668684
TEST_02695,2.959439136254129,0.004380871928432735,-0.041446584141665174
TEST_02696,2.867896507750677,0.7670344994880947,1.101556030827894
TEST_02697,2.3143915131162403,-0.4398882635648996,1.037913567189914
TEST_02698,1.3317104254439869,1.0348537971343572,-0.6940723603488582
TEST_02699,3.766226457342843,-1.382613946537816,1.204843959109228
TEST_02700,2.1900295200606292,-0.2834824308808784,0.8148552961184398
TEST_02701,2.131118429859564,0.18334384144420277,0.6353757972846777
TEST_02702,1.3286186802989886,0.22995877040333249,0.10316042645670996
TEST_02703,3.234326782248365,-0.6953512083112698,-0.03289246021860294
TEST_02704,2.5792910378593117,-0.2074121526441587,-0.27814105137372336
TEST_02705,3.3476692796671483,-1.0828627877820525,-0.8505396067687265
TEST_02706,1.2866289397388477,0.1770681905385795,-0.30171060127785715
TEST_02707,2.1129199835690664,-0.18098678316627184,-0.6072580976078623
TEST_02708,2.2603183479720568,0.987772108744,0.3038004986866989
TEST_02709,3.2391741226290947,1.8559992350337933,0.8322807623642023
TEST_02710,1.5458937748513575,-0.5018396264809281,-0.4334817895306763
TEST_02711,1.9298514950539105,0.9755918330597564,-0.4086383290736109
TEST_02712,1.2331007146482835,-0.19618467426591316,0.07158682628489933
TEST_02713,3.7785361649434046,1.2389602941299676,-1.0436290399048518
TEST_02714,1.2281704458295046,0.13056497624573718,-0.0046362418608509315
TEST_02715,1.7553110066604691,-0.15188895113674228,-0.03748645211925858
TEST_02716,4.095882847117777,1.296973518531779,0.40846153713354905
TEST_02717,3.1878950422229324,-0.8096366906747238,-0.5133126283349887
TEST_02718,3.499346817964117,-1.7841701658486657,-0.2717264956491907
TEST_02719,3.575623852669516,-0.3024289874632831,-1.4942271057289729
TEST_02720,2.489495769288387,-0.8679823457929178,-0.49180919203466517
TEST_02721,5.294779370481476,0.6784787792537001,0.7065789368241477
TEST_02722,2.2411871845181595,1.16701947637492,1.0638233691943664
TEST_02723,3.1977698156648535,-0.7146974436662399,0.5293892085846578
TEST_02724,2.696433981120436,0.42362331092427524,-0.27897449379397565
TEST_02725,1.5900983569385043,-0.5382371424348924,-0.013948401377346232
TEST_02726,2.0663379079402877,0.33180155808157785,0.5304853739940959
TEST_02727,1.4664305088150358,-0.5133047301461723,0.38639259246577956
TEST_02728,5.649176866486591,0.6980814688952967,-0.20808282629998603
TEST_02729,2.3555217978635015,-0.2268708934673278,0.5288484846272701
TEST_02730,2.894359070480267,-0.4513301760378795,0.40755003121390404
TEST_02731,0.9641827674636501,-0.2222175364173246,-0.10586241164531522
TEST_02732,4.844784012324503,-1.179041404713516,0.9390003257436166
TEST_02733,2.517701926747761,0.17717101521318146,-0.01533913697705706
TEST_02734,3.0928208744252044,-0.36008595370405705,-1.0344942165809843
TEST_02735,2.477153669003405,-0.20133864448236252,-0.01556461173234789
TEST_02736,1.304618493356682,-0.17331468119808158,0.4527673762325462
TEST_02737,2.664209476421781,-0.699725255038231,-0.10335714031650037
TEST_02738,1.2943907499633678,-0.7303904351748614,0.2476448665743492
TEST_02739,1.7168291735167054,-0.9016804855944255,0.1011563919483981
TEST_02740,1.3982716949213194,-0.3490207603432527,-0.5873453938761704
TEST_02741,1.218065610737731,-0.12383337217553647,-0.27999144758454825
TEST_02742,1.2707678092756662,0.4479235367263644,-0.18943854113159792
TEST_02743,3.8682128684692976,0.11986511902588781,-0.4627267351591172
TEST_02744,1.3394923161290666,-0.37815487804794823,-0.3586049179580191
TEST_02745,4.214042841776246,0.8052457398151203,0.10236405832181357
TEST_02746,2.0660910638174923,0.44250355984357903,0.5082987626351001
TEST_02747,3.6895357886239806,-0.41733079163471537,0.6839778647373207
TEST_02748,1.890284568935553,-0.009056224427814228,0.08226018890699789
TEST_02749,4.534343760141426,0.7016285950122986,0.8720135832347814
TEST_02750,3.127566283359942,1.1835500542038657,-0.3728748433509535
TEST_02751,1.473945167240392,-0.7276781923488871,-0.09519786902091729
TEST_02752,0.8000304626486157,0.03207216197830325,-0.12282948201212317
TEST_02753,1.906892636837464,-0.43371018013459517,-0.006807698858623963
TEST_02754,3.5755484339563295,0.430501990040003,-0.9863188786571256
TEST_02755,1.9690290284367875,-0.8284466466485839,-0.21091064231752435
TEST_02756,3.9975082205984305,-1.2426749584215233,-0.3369560236308593
TEST_02757,1.524200816526119,-0.20363825814866762,0.08148875690117348
TEST_02758,2.1227055383585425,0.4309354760517197,-0.6614501762314836
TEST_02759,2.4699541686821567,-1.1662472003874926,-0.8812101894776868
TEST_02760,2.5966910289606733,1.439625519839946,0.5527633736512098
TEST_02761,3.7671394423729354,1.7108607814297392,0.8661499864772736
TEST_02762,1.5448628424920956,-0.8621886354102373,0.7325344157504698
TEST_02763,2.0338624768111733,-0.07006124998326622,0.5615599941446217
TEST_02764,2.9365176302723017,0.9310868662081455,0.11386223024766573
TEST_02765,1.8022467618371336,0.19195014377772252,-0.5402372800061203
TEST_02766,4.097637962618291,0.7674516503372263,0.1686705323647152
TEST_02767,1.6935031576847013,0.19016805924918978,0.2615423169664359
TEST_02768,2.7705828506754093,-0.07858332920708817,-0.16878452891045156
TEST_02769,2.5694211883979157,-0.032242622187638056,0.012432558451557387
TEST_02770,2.019305919577005,-0.5460150002626378,0.28139876836090577
TEST_02771,1.9877822948316681,0.10553276456398539,0.26504572512110447
TEST_02772,4.9557652302595745,0.008811295189232427,0.9742340421400572
TEST_02773,2.5926606080587637,-0.19285166118607483,0.20581073535361266
TEST_02774,3.1616027158914366,-0.9201236412648918,-0.7637567326848831
TEST_02775,1.820235324442355,-0.2635968234467988,0.058174855441658624
TEST_02776,1.5023393339558242,-0.25803429863829425,0.38130842929617564
TEST_02777,3.733542620853967,1.9015385759967638,1.8278776696546173
TEST_02778,1.7310629889620428,-0.130743626261978,0.5625625331517439
TEST_02779,4.33905003485401,-0.39640215682170593,-0.2039348442199725
TEST_02780,2.648063057541833,0.5597333905326183,-0.8971021406960925
TEST_02781,2.8170448195596727,-0.3629312725148626,-0.5929955212066792
TEST_02782,1.2662850989867434,0.2103079021129357,-0.041377466064995934
TEST_02783,3.242636328542975,-0.5976854576888442,-0.29721742777183596
TEST_02784,4.2006625193646085,-0.8008353694899322,-0.5709711191012791
TEST_02785,5.38726514952057,-0.14493789005530033,0.6333850997291068
TEST_02786,2.7415359560034736,-0.07836084766281218,-0.0550265318361745
TEST_02787,1.1658565387744673,0.02454518296738319,0.22173112307409565
TEST_02788,2.200224534571815,0.4629948107141722,-0.09044536084323412
TEST_02789,4.407608443313606,1.5857757406868649,-0.33065490249566104
TEST_02790,5.04880910798619,-0.4833719561032346,0.6098543706703532
TEST_02791,1.9189093020770869,0.13086255818086817,0.20128371574428622
TEST_02792,1.3426907439343183,0.2250328628235263,0.33900605267711936
TEST_02793,2.1177927003857406,-0.18689067698951595,0.2583598932004716
TEST_02794,2.5362148609432635,-0.3250231740510723,0.40016328380989147
TEST_02795,2.0006224188806194,0.3371638109341337,0.3088703273284378
TEST_02796,3.272564599431425,-0.5342277611139522,0.07236583493411804
TEST_02797,1.8064672696598612,-0.8449481851629462,0.061787492361539645
TEST_02798,1.8229344573954287,-1.087158426172118,-0.8518232076715677
TEST_02799,3.3165902819725175,1.0011298530811665,-0.790348553392002
TEST_02800,3.306700441096282,0.5004530220580307,0.03428279998534952
TEST_02801,1.5597351145742628,-0.13468817938805597,-0.15129727254962835
TEST_02802,3.2701077778007623,-1.7335144255523216,1.2470435849936863
TEST_02803,1.0942015644631866,-0.6115508710940435,0.3771675298310133
TEST_02804,2.9421834032369456,-0.8121103356601872,0.12293232615529451
TEST_02805,2.7136646738030645,0.07856828337352055,-0.19400715375393857
TEST_02806,5.022563448583483,-0.1354530518342681,0.33887835942952016
TEST_02807,3.568201002722067,0.012650325670109468,-0.7796707343673538
TEST_02808,4.915478753557069,0.27768977562797126,-0.06035057195379433
TEST_02809,2.4887967686246806,0.24718684860563522,-0.22994780253427116
TEST_02810,3.4700878983399894,0.5542024371272584,1.1624788215071518
TEST_02811,1.9515241462009267,0.42776118700990123,0.39626308528024967
TEST_02812,2.411322415365835,-0.15258405309510426,-0.385209328283651
TEST_02813,1.9536656004292188,0.11029607350394499,0.13789794983653894
TEST_02814,2.1974064025653295,-0.3984998942989041,-0.4110257311035249
TEST_02815,3.0499981030212258,0.1619656071287757,0.36310262064901355
TEST_02816,2.6876379744869254,0.09499002029748198,1.3638713607928952
TEST_02817,3.6528358654693664,-1.8708616225842152,0.1292794412201384
TEST_02818,3.4844293009697203,-0.30065393923243633,0.8937015028775146
TEST_02819,1.77408069735854,-0.55127982737344,-0.0778389507215665
TEST_02820,2.8519510398238834,0.5810239913995898,-0.12131832362907363
TEST_02821,2.5741216840629497,0.13824848444355714,-0.48683221009697597
TEST_02822,1.5721316006524764,0.3746238380526285,-0.4586089387474311
TEST_02823,1.990750555433346,-0.5671673716898362,0.7444950884264435
TEST_02824,1.8374383277246933,0.03938357149905881,-0.7472689337660932
TEST_02825,3.7012347352288897,-0.10752732032248927,0.463111607183826
TEST_02826,2.651064337017512,0.23627654478787344,-0.10683989657371945
TEST_02827,2.232926356682159,-0.4018534010954156,0.3926914307574632
TEST_02828,2.893424665115153,-0.16578250531217062,0.4434479364146073
TEST_02829,4.588701405040105,1.131763023973152,0.9159245181750874
TEST_02830,1.8317052457767138,1.247192593536049,0.5612079183610873
TEST_02831,3.104609990585317,0.8832146048436321,-0.45934267694172337
TEST_02832,1.25050113427495,-0.3392596853255638,-0.1750631044197919
TEST_02833,3.5420167973161867,1.2521470469383613,1.2811286176004735
TEST_02834,2.9525375951253916,0.1800477516824559,-0.162337170738296
TEST_02835,2.441913510578394,0.4554737890720721,-0.0005600989160838923
TEST_02836,2.2275477028211,-0.1734413432232269,-0.44161032426735075
TEST_02837,2.1957740559224885,0.27624857861200225,0.7504050689193146
TEST_02838,1.3898165568784613,0.22843413082825675,-0.40497054985512504
TEST_02839,3.66552184347649,1.2915363488132938,-1.0484473976292252
TEST_02840,3.4259359700052276,-0.9162098313842749,-0.015821266333844102
TEST_02841,4.516561859663909,1.2689227462592432,1.47258775529108
TEST_02842,3.5091201668116967,-0.6988525420504899,0.871900785439465
TEST_02843,3.3895558732867794,1.8457092907543602,-0.7709041974317379
TEST_02844,3.3946441180285802,-0.17750930636982498,-0.2993088053233331
TEST_02845,1.6809615745266437,0.7706750117454682,-0.36058499463623866
TEST_02846,4.558097786133014,0.9465785293314068,-0.5767368758432023
TEST_02847,2.619914113167806,-0.16548537644745423,0.00869585780859369
TEST_02848,1.417319857667448,-1.2872165183404274,0.026970147263196704
TEST_02849,3.735324890761329,0.19620370637004148,0.6996773462645645
TEST_02850,2.179019209168539,0.3184944576699436,0.33793062214140634
TEST_02851,4.132865774913755,0.19259577486242677,0.9741238554249383
TEST_02852,3.8610105977053166,-0.6879110597120325,1.0217665750560578
TEST_02853,1.0285429786226752,-0.3209757630082925,0.22739964572976729
TEST_02854,0.9841370984957777,-0.763396919859206,0.1425893567437006
TEST_02855,1.8063728303570683,0.08397122254113017,-0.34162169390265434
TEST_02856,1.6314287565270222,-0.053646816553258016,0.4559394550573182
TEST_02857,2.3052609146818,0.45426647026914735,0.48250726583704073
TEST_02858,2.0666349032638194,-1.0311207358873704,0.5288096409982739
TEST_02859,3.9338950830291535,0.8862007408527423,-0.5580087236248331
TEST_02860,0.7046709030999193,-0.3948615157139804,0.36103309968188335
TEST_02861,2.8990604945846106,0.14196541219019984,0.41411143914127263
TEST_02862,1.9336516183106727,-0.15532314840434977,0.16927281559765056
TEST_02863,3.544768425635416,-0.524775110075108,0.9232372610365732
TEST_02864,4.075974280817856,0.6088796802226177,0.8304824457144577
TEST_02865,3.4373169273245727,-0.21164683123286812,-0.3415353705635752
TEST_02866,2.664408514343375,-0.25347405619992824,0.46958286346060163
TEST_02867,3.169765513683208,0.0329373433042033,-0.9767465252058042
TEST_02868,3.054127439222616,-0.15168623193543407,0.06702737613546157
TEST_02869,1.6715675307396822,-0.2344828854894347,0.8541744631068214
TEST_02870,4.593990362134023,-0.054420959817589945,0.7487315433828651
TEST_02871,0.9808537053722524,-0.688661907720926,-0.21370504025387335
TEST_02872,2.9720407296277354,1.193284341933523,-0.772528452061428
TEST_02873,2.4091328640423684,0.4292738221593337,0.23617409577885135
TEST_02874,2.403857861343226,-0.24676845463487948,-0.02717342393085785
TEST_02875,0.8806578905645565,0.11167631774104546,0.2741796358283613
TEST_02876,1.5061864648229824,0.4343842621848528,0.44294230370007776
TEST_02877,3.0992362668710127,-1.3917377073871022,0.5879931266346882
TEST_02878,1.8457757930347185,0.028996818947514248,-0.49750865846590947
TEST_02879,2.462367661192589,1.2419607489533053,0.4108634565352604
TEST_02880,2.811198843976423,1.484785762236803,-0.7392816460164184
TEST_02881,4.9059554776572565,-1.8336978307718208,0.3941016227042449
TEST_02882,4.040609060637344,0.09433611209563238,-0.7063085402439474
TEST_02883,2.311029228204752,0.23884185859973198,0.13226750923995773
TEST_02884,2.617306801039274,0.11001342600143554,0.2955429411142608
TEST_02885,2.0828404364558675,0.23145767782280235,0.3501002735541746
TEST_02886,2.909060448035746,-1.0428897089560027,-0.6868631199049099
TEST_02887,4.284256232138343,-0.029381338559325083,-0.6770515506589939
TEST_02888,5.854029359445256,-0.09325095489734413,0.9267839023013712
TEST_02889,3.8638837669016644,0.46058293765102176,0.09224675483808521
TEST_02890,3.219543000769443,0.2500022183101625,-0.07565013183964969
TEST_02891,1.4939554550665182,-0.013397172271993133,0.027692422447345398
TEST_02892,2.4173378341391256,0.8766136563946572,0.8730127623512578
TEST_02893,2.84623571856594,-0.248460036155142,0.09540092066284185
TEST_02894,1.9865083226717555,0.01485792104686268,0.06431275612105365
TEST_02895,1.732682160358803,-0.32809913683433006,-0.194951352257608
TEST_02896,2.4552816079428643,-0.5440518006603594,1.05041905362638
TEST_02897,3.05329130823764,0.7420258669805615,-0.17776429982090064
TEST_02898,4.44705319694739,-0.5424121796005027,-0.175364374025508
TEST_02899,3.329553962455122,-0.44676937851742576,-0.05401112132558228
TEST_02900,2.8522432796079347,0.5220279756905349,0.3044626349037814
TEST_02901,3.6612690620503723,-0.4268864733863214,0.03934842870942202
TEST_02902,1.4733018140093006,-0.3695321873534518,0.2905679724568132
TEST_02903,1.0761431460698765,-0.30039228004855206,0.23701704755041605
TEST_02904,1.884147709422411,-0.3148249777012784,-0.26783440004752446
TEST_02905,1.5738360515503838,-0.04399574313809478,0.9171545000257849
TEST_02906,2.432103133560118,-0.18136504811731832,0.34018463056276466
TEST_02907,4.498628363805177,-0.039998353462420706,0.6458141674489977
TEST_02908,2.6053559974816483,-0.15846698427093991,0.1026649252400792
TEST_02909,4.050491651286919,0.34573563093227083,0.45958941507520584
TEST_02910,3.583561985490582,1.7969190708738298,-0.15014580851303652
TEST_02911,1.6616949708266542,0.46389024693158015,-0.2062178303863813
TEST_02912,3.81062148558729,-1.5792926190104153,1.833337606734526
TEST_02913,2.8395392527459977,0.24954284511249936,0.5933589585289525
TEST_02914,2.452951951158917,0.15992464698660921,0.03155269810202676
TEST_02915,1.8958421618903005,-0.10978557469063076,-0.40884260040370707
TEST_02916,3.718560722070613,-1.0917717898272394,-0.04366307305890737
TEST_02917,2.7465401632247435,-1.4723507228201025,0.6058924093186181
TEST_02918,2.9062896692567155,-0.556994941295483,-0.7505419908914197
TEST_02919,4.372202119632942,1.4143477622068434,1.8129430470105372
TEST_02920,4.238903659895862,-1.4315055730379909,0.8128837981830075
TEST_02921,4.60981882862589,0.20761283673219494,0.3204554600597572
TEST_02922,2.3526386248930384,1.7147090977020594,0.32750385604387255
TEST_02923,3.5900314334415726,0.3081724634139809,0.10217779721344031
TEST_02924,1.4406712860104507,-0.053267708798866796,0.4859814203263803
TEST_02925,1.115101342907989,0.23820833656969148,0.07125032956194989
TEST_02926,2.2563198782411384,-0.8400175086597849,-0.30201178351678765
TEST_02927,4.913637651365115,-1.1502603363202637,0.2249559895543196
TEST_02928,1.5296232535092606,0.26036521240627625,-0.29406615805900266
TEST_02929,3.7190703244613736,-0.13146720872651632,-0.44368611927538604
TEST_02930,2.1849348998539386,-0.009245092062022382,0.14808514007458595
TEST_02931,1.8320778907838207,-0.33622380726730355,-0.14750090133993712
TEST_02932,1.5999324737843212,-0.12627039075439087,-0.026278581961750768
TEST_02933,2.693333872090454,-0.18615534963949965,0.2591867923933534
TEST_02934,3.4154081275534427,1.5355819241940503,1.2916040346958035
TEST_02935,0.8166968249987304,0.03498829992965013,-0.2750450553207437
TEST_02936,2.011386352963467,0.9930576220678792,0.24594837309391582
TEST_02937,1.4736778881568218,-0.5443882614359709,0.11248340010572663
TEST_02938,4.029909173637283,-0.19642921702211272,1.1027038017817623
TEST_02939,3.128341820775801,-1.4434355541758015,1.0798326920886576
TEST_02940,2.4685391023194745,0.19483170615523576,-0.05181559644907957
TEST_02941,2.2907143961461887,-0.261612737255974,0.11472982475932565
TEST_02942,2.2524056525845326,-0.7612116340173382,-0.7904569271052755
TEST_02943,3.986749449037295,0.6431989198436969,-0.9329955606182304
TEST_02944,0.9658692094098243,0.32654226833300865,-0.2051389286179678
TEST_02945,4.950896105845722,1.439886270659464,-0.8649471352744846
TEST_02946,2.5470717792003543,0.19396885398353766,-0.03990329248541696
TEST_02947,1.996687745753554,0.32334945764354445,0.3616655474354035
TEST_02948,1.7079738979057324,-0.6110881806193512,0.24090850356635063
TEST_02949,3.5269964793352893,-0.6303510586059532,0.8262853367812529
TEST_02950,0.9654759821059979,0.3796405926736637,0.27019688890088595
TEST_02951,2.3225330726153204,0.441514284362875,-0.24654058566892134
TEST_02952,2.56900968500929,0.35428703872284734,-0.06474933042816511
TEST_02953,4.059223044512389,1.4063355738684207,0.7645625722314274
TEST_02954,1.5417357101205076,0.23948578639472562,-0.05503713519957932
TEST_02955,2.3878895850728825,-1.0334182647246144,0.07625887892936177
TEST_02956,3.7010549748838546,1.174528368999543,0.8612819647803815
TEST_02957,2.760848778834132,0.932385022444203,0.27136979336912953
TEST_02958,1.2836908145459154,0.490558904446486,0.20192792316133815
TEST_02959,5.334262958961815,-0.4998729308127701,-0.38209339757591676
TEST_02960,3.9678898729233825,1.4578063016695397,-1.1554380824748263
TEST_02961,2.8659110683883458,1.1049269833767263,0.2077628744215071
TEST_02962,1.9432013472549954,-1.0956968024630964,-0.6570629266033899
TEST_02963,3.6789825223485155,1.2530041350651953,0.8712309546099611
TEST_02964,3.39259348914511,1.0060968379355208,-0.056973024844138166
TEST_02965,2.641484384995992,-0.7126610556807885,0.5776606234655219
TEST_02966,4.327264874895458,0.4072582643438664,0.002671807928155451
TEST_02967,2.2866765819223533,-1.0722499006664468,0.5329045886343199
TEST_02968,3.5097842067636993,-2.06891811051828,0.5250801075194779
TEST_02969,1.890645166842612,-0.4652573583925794,0.09846317371008807
TEST_02970,2.996376785849982,-0.10322563057384586,1.074139795331166
TEST_02971,0.9196339252773882,0.15754064279586558,-0.2864606983150925
TEST_02972,1.6870353097566753,-0.5853423193278472,-0.8091990575705494
TEST_02973,1.540190843475696,0.2292738001077353,-0.0370701841995711
TEST_02974,2.8846013112790843,0.10258923826060683,0.2747811677704132
TEST_02975,2.695140317503514,-0.435808836771808,-0.5667568330751086
TEST_02976,1.0027254319273375,-0.7962422344654478,0.3543909688003396
TEST_02977,3.202202221131761,0.5710385934520353,-0.6125795811353975
TEST_02978,2.313049420896137,-1.0584304286028414,0.11317863840444896
TEST_02979,1.6224995588835616,0.2746758298789696,0.011130186295650562
TEST_02980,1.5380085233936724,0.36123938957558344,0.03233056933113102
TEST_02981,2.464580343673603,0.12314295396028214,0.44801791739769337
TEST_02982,1.5204115828591374,0.5291722335186556,-0.012110978306911832
TEST_02983,3.1053139173378512,0.5521451215579893,-0.12465441935067033
TEST_02984,3.4043585695655936,-0.11558429500042604,0.23363568738444843
TEST_02985,3.7322598324163203,-0.5844672746183731,-0.40034504588636327
TEST_02986,2.941102279229516,0.5624409526346478,-0.18979807270358148
TEST_02987,3.910963126867782,-0.38269185370775577,-1.1350910564989531
TEST_02988,1.5987470537081885,0.34123040160022544,0.22511699593346327
TEST_02989,4.462595224379735,0.0743856105170077,-0.9206929549231829
TEST_02990,2.3981319444519493,-0.6591932201955616,1.0243197590215267
TEST_02991,2.6407087987793654,-0.29763050120764506,0.027881466472621227
TEST_02992,2.9409938296184452,0.9079911087692414,0.42857588355504234
TEST_02993,2.3162819992095027,-0.5918576393972901,0.4975221910760256
TEST_02994,1.5875584095028379,-0.5426244482058158,0.2846321434620416
TEST_02995,2.0728453437806906,-0.3418804830810611,-0.39685340929083895
TEST_02996,4.406290016416789,-1.3326795776115439,-0.7745706605759444
TEST_02997,3.041512646970332,1.9615360486656106,1.0369222532321012
TEST_02998,1.5471935869769238,-0.9080021933102914,0.1411102981483767
TEST_02999,3.400362192569525,-0.34602567736741097,-1.420625049283751
TEST_03000,3.936094885596815,0.32802370853273,0.4662217615770729
TEST_03001,3.188074352736557,1.3596062285098507,0.2851193365510604
TEST_03002,1.8306474660863183,-1.2550776368145977,-0.7383446185355913
TEST_03003,4.190096879489933,-0.5415270763698019,1.3448884472251434
TEST_03004,3.181603914545753,0.9057741991056368,-0.7667379664132028
TEST_03005,1.3427566582615171,0.4721069414242149,-0.0506622784791927
TEST_03006,4.920975367962926,0.42503645197996487,-0.31744571382924386
TEST_03007,4.354424178382643,-1.4911315654371433,1.1994689889314107
TEST_03008,4.041855626912011,1.4689486218981507,-0.46379297646799106
TEST_03009,4.325645421356614,0.18494366649160077,-1.0036140822756627
TEST_03010,2.671041960095495,0.017517403817020917,0.19698874867543484
TEST_03011,1.6996074183536218,-0.42445128541906285,0.2905268576830752
TEST_03012,2.899386728154408,-0.004343002606781702,-1.20761633914089
TEST_03013,1.2284343105512845,-0.050108817626669196,0.05382561549249828
TEST_03014,3.1034217502108286,-0.05582421352527576,0.192493409221368
TEST_03015,1.4274102673139908,-0.01997731378518111,0.03958595711220515
TEST_03016,2.512576071962955,-0.04649863302228853,-0.8831735856159688
TEST_03017,3.649610295962088,-0.5720564110256157,1.1296342956511038
TEST_03018,2.354711280601644,-0.42070037077632366,1.2230178076620966
TEST_03019,2.364808995851333,-0.06734090320747861,0.7382375222345142
TEST_03020,1.112814339586599,-0.5645046491182866,0.0762478827476631
TEST_03021,2.1463608377886665,-0.6245804384331579,-0.25354939463828097
TEST_03022,1.3098269713937616,-0.3233929225455193,0.11593702283814152
TEST_03023,1.3598661158560148,-0.2189949756935199,0.44807079736132327
TEST_03024,3.349072429188544,-0.3950904358991302,1.2382851703420181
TEST_03025,3.6741993654795038,-1.2562528913427835,0.7898119109300411
TEST_03026,3.1721708908972053,0.09546944745710709,0.37461292545696134
TEST_03027,2.712152713155998,0.04565293917939328,-0.07416282869101401
TEST_03028,1.9512700576710462,-0.27024592053366664,0.1949480072733678
TEST_03029,3.355324431469062,-0.7507357592777413,0.9770095989592125
TEST_03030,0.9073383238371404,-0.48240755913669436,0.25229652738994607
TEST_03031,2.675630012468794,0.7709454732888303,0.5496155002743234
TEST_03032,1.9699078496539792,0.12180655139892262,-0.032998623595713185
TEST_03033,2.7225894813570934,0.21687147410432264,0.0703274724229073
TEST_03034,1.562822310423961,0.07414539328431168,-0.05484407130872767
TEST_03035,2.044111141930343,0.6846999264293252,0.03682274931966918
TEST_03036,2.151306614390061,-0.2619784461118479,0.6256595875005466
TEST_03037,3.557818788471937,1.0057351491808368,-0.23790515437513
TEST_03038,1.3672004151047379,-0.00433192156533141,-0.27415006483507026
TEST_03039,5.229958981077569,-0.9184353830544756,1.739400755031893
TEST_03040,4.627268924286404,0.30556495775956,0.13713166878374608
TEST_03041,4.433252050529449,-0.7167064852055763,-0.0052888053056739355
TEST_03042,3.864657115522775,0.10503422973486154,0.1965340026459572
TEST_03043,2.8250279087273946,-0.718305156549332,1.070959052512988
TEST_03044,2.7075546144845837,-0.5547113388367867,0.8066836852278789
TEST_03045,1.1244659434782256,0.5938815876829522,-0.1828809863355415
TEST_03046,1.3686287079370134,0.42212941253949227,0.2640941293486914
TEST_03047,1.8514918717367945,-0.7406399708127386,0.11380483319392697
TEST_03048,4.946590711744678,2.1037162854992775,1.0322946523724545
TEST_03049,1.747770452542489,-0.5180723965076347,-0.02455082694128433
TEST_03050,2.665118635125636,-0.42276835718770023,-0.9400587504323173
TEST_03051,1.9446030239847794,0.36434631536423345,-0.3280370404349821
TEST_03052,3.5449749284103502,0.015208587103126048,0.9759032814503883
TEST_03053,2.6270013802779335,-0.6490363872206862,0.6520979761170602
TEST_03054,2.040415891072236,1.061556978617371,0.4094339961650647
TEST_03055,1.6744716876014245,-0.24104476780765488,0.11826760850354918
TEST_03056,2.3089032944652716,0.8391335986884741,-0.7811962477706228
TEST_03057,2.59637201446814,0.5185163792251831,0.6586316156489561
TEST_03058,2.9571963191206607,-0.7449595979047282,-1.0027140294661385
TEST_03059,4.298612179735294,0.7087453045514107,-0.05740013707303808
TEST_03060,2.5439143047526733,-0.3553413656779905,0.6439338333549587
TEST_03061,0.7847845889846052,0.10656517743967767,0.266544556695491
TEST_03062,1.7950647054642017,0.9564889222553087,-0.32243020138902484
TEST_03063,3.234564555768464,0.36468460549976445,1.1466353106069573
TEST_03064,3.150487935320238,-0.3427845511984872,-0.2318912752396779
TEST_03065,4.325489412244671,0.4162234907852484,1.7322414169118046
TEST_03066,3.2615110097681965,-0.36825923925450466,-0.10496849998782995
TEST_03067,2.636510883626218,0.7029889117626569,-0.5693108050809987
TEST_03068,1.5362450144373196,-0.5073197068639771,0.43181261584738345
TEST_03069,3.344977381484227,0.9425781947770104,1.1025036957505454
TEST_03070,2.319747081155314,1.6929130396777925,-0.6082065273271222
TEST_03071,1.2459552957351874,-0.22906017030615847,0.3309492650486956
TEST_03072,2.1844446315472252,1.3066993326352463,0.7110291893587665
TEST_03073,3.0863593586527425,-1.2272457850108216,1.2428548813555873
TEST_03074,3.0476330251004655,0.08826749630632208,0.8714608330270521
TEST_03075,1.3385781459070745,-0.15365568425583193,-0.2208919415341832
TEST_03076,1.5213762530182273,-0.12208483890274499,0.04036847353833019
TEST_03077,2.1467738703462738,-0.27110651967444477,0.4316868048601774
TEST_03078,3.6294779602934524,-1.0949146046596299,0.5888777331402961
TEST_03079,4.981549569101631,-1.6379682156054887,-0.6171844685774379
TEST_03080,4.824492821930829,1.0384841548922734,-0.6332429838682672
TEST_03081,3.9440661171676865,1.666670185144726,1.3709255538747964
TEST_03082,1.2572402899474264,0.1647833086247748,-0.03597268889345224
TEST_03083,3.7739326849483676,-1.6592115171704978,0.3283990810634857
TEST_03084,2.3111890431282567,0.7124114689862212,-0.2052536285895916
TEST_03085,1.0135577917049068,0.1856540350780619,-0.33659084309296156
TEST_03086,3.0114728694796575,0.6472693316487526,0.2509113318778327
TEST_03087,3.579024760301301,-0.5132926039021829,0.6630526878691037
TEST_03088,1.129551225457184,-0.7762143649579865,-0.3032147699148163
TEST_03089,4.168300131587564,-0.13602218179514383,-0.20692190858499146
TEST_03090,1.7856228266148135,0.43806724905050776,-0.5483325941956786
TEST_03091,4.3187085830835725,-0.3039949600758831,0.33684935330165117
TEST_03092,4.80704593860046,1.3285674634491595,-0.566328703833899
TEST_03093,2.1642998367219115,0.3963125944708706,-0.13227176844179303
TEST_03094,1.8324110356635246,-0.6315239582176554,-0.3020622270989516
TEST_03095,2.501022714688974,-0.28601795871336155,0.1532502509651063
TEST_03096,0.9974867511654009,-0.2752532619609832,0.32472593870506544
TEST_03097,2.986240366996259,-1.1288275647835884,0.7527788776260282
TEST_03098,3.853221235091837,-0.16255682299012064,0.23328417518516179
TEST_03099,3.754407174658849,0.25230506868449804,0.660644065962475
TEST_03100,2.1654454784722215,0.43315016247421373,1.0217129473706177
TEST_03101,1.4760544207863997,0.31566100636570826,0.3416705993247371
TEST_03102,1.9082703420697869,-0.07187202708566871,0.21270361468150834
TEST_03103,1.9943783173271987,-0.04043198532672436,0.3838420588974483
TEST_03104,2.490701401187916,-0.11124151825164763,0.5634366856926862
TEST_03105,1.6211337933937202,0.08974545621700486,0.22394002228618626
TEST_03106,1.8556382746714162,-0.08682715494530018,-0.4469469858941225
TEST_03107,3.604483748132516,0.042433712755599255,0.5602094484087982
TEST_03108,2.868184839427638,0.052390822652603676,-0.4943575315047279
TEST_03109,1.6446040908905841,-0.2353975035202355,-0.16357533486003173
TEST_03110,4.517449375996122,-0.39049632684630736,-0.2463334127653804
TEST_03111,1.645361228283783,-0.6891620839905808,0.25419510442081555
TEST_03112,1.4628523915298342,0.7816706021937321,0.23125313197954855
TEST_03113,2.49109688244736,-0.9399027174239337,0.08342793548863307
TEST_03114,1.7898758082503254,0.09941483609732005,0.1063548094601991
TEST_03115,0.8690454794364327,-0.20072956635996655,0.27155078102961355
TEST_03116,2.181298020964298,0.9974794340801499,-0.46896621468632843
TEST_03117,2.92949310181245,-0.2379055333700262,0.02984607092971528
TEST_03118,3.1969099736195767,0.36828571529385384,1.3033958592299515
TEST_03119,4.726903085243096,0.9925314307949458,2.046001055552635
TEST_03120,1.4570084698740364,-0.04984803753504427,-0.23913643432125517
TEST_03121,2.689966938085049,0.9809089083698088,0.4584012602819889
TEST_03122,1.5134661033897965,-0.4776367316570109,-0.7399143755354005
TEST_03123,2.4650586121842455,-2.2399011308653893,-1.164610861249171
TEST_03124,1.5247749876958736,-0.12097596706661266,-0.03274491029558435
TEST_03125,2.7329354703659936,1.0310568690840924,0.587290991622559
TEST_03126,4.305829459097922,0.09585994155185866,-0.588968143353564
TEST_03127,3.0183162346701615,-0.47979863153875874,-0.8428262172844032
TEST_03128,4.620315660560115,-1.0378999622530478,1.059266614505081
TEST_03129,2.795121293776616,0.5183053237985774,-0.34312958252768755
TEST_03130,1.789366058820087,-0.4561897680304789,0.3492580046904808
TEST_03131,4.35646177422306,-0.5818088626980806,-1.0532925468016854
TEST_03132,1.2882242269563413,0.5682419742181009,-0.2757794230801718
TEST_03133,3.385955164477688,0.34940668502384686,-0.4742424117873315
TEST_03134,2.5760505217730323,1.307361446640167,1.1403585694203007
TEST_03135,2.161319770437019,1.0297419994111472,0.4418247846112176
TEST_03136,1.9825610979400539,-0.5560887335601614,-1.0056726115382402
TEST_03137,1.6287596123876038,-0.10767349933979406,0.21601827321696476
TEST_03138,2.2622589618406446,0.694765642546913,1.253073083898559
TEST_03139,1.4459586423086581,0.1399414243918197,0.1515164267663717
TEST_03140,2.999174234430633,-0.2041281183598042,-0.4993903255294497
TEST_03141,3.2783983804188614,-0.11257763901635637,0.41473756710944987
TEST_03142,1.3420461990651134,0.3962698492088874,0.011627432194765978
TEST_03143,3.078066285143005,-0.993147345637923,0.5301398003716956
TEST_03144,3.621491247735138,-0.009516256365037706,0.5790871169023976
TEST_03145,5.207925650083886,0.7378960613312233,0.30512622321049965
TEST_03146,2.722743735514712,0.1799079765287602,0.7062070132283597
TEST_03147,4.372062343584819,-0.5673397410086096,0.9623572645929463
TEST_03148,3.293137681084763,-0.7237157420911688,0.7419527636071791
TEST_03149,4.354121962220162,-0.8329472954128041,1.23846856286584
TEST_03150,4.204962910002468,-0.077489266327238,0.5884857846780195
TEST_03151,1.2384964092588078,-0.15069897606154697,0.186272417004332
TEST_03152,3.3205571341886655,0.011287285729718944,-0.315815298188375
TEST_03153,2.5778998689078643,-1.4892693528429408,-0.4578004491657406
TEST_03154,3.0579105040908217,0.4189088530973256,0.321087476066523
TEST_03155,2.6877465893958767,-1.0219882252493284,0.6967866252788798
TEST_03156,2.795406497878604,1.2638715739176636,0.31879898143968866
TEST_03157,1.759409878635443,-0.30403082831330536,0.39269154137798346
TEST_03158,1.3937305927681105,0.8758471956998917,-0.44369297227339966
TEST_03159,4.664086641036197,-1.613920611270081,-0.9404634749248932
TEST_03160,2.6614271836612833,0.261938929240578,0.3556895203254346
TEST_03161,4.5975761953786565,1.254503334694289,1.1166763298563005
TEST_03162,3.6325747083774726,-0.3134119293273348,0.06338357927625562
TEST_03163,2.777134516709923,-1.6028687791994596,1.2420197886964057
TEST_03164,2.1220211014382393,0.07711859032997506,0.9737859586882156
TEST_03165,1.8300399248884167,0.9871258070822402,-0.12140830483149925
TEST_03166,1.9603658457488513,0.08023434882882602,-0.442500563415042
TEST_03167,2.4912613073141867,0.37758043477524705,-0.60937606100045
TEST_03168,0.7896827230723052,0.32469854347340205,0.06794432541912698
TEST_03169,4.493391802523312,0.4022326475503918,-0.08369854003219862
TEST_03170,2.8505005015404206,-0.5656149620984455,-0.4682292526259154
TEST_03171,2.859759736762852,0.5023862651617478,0.7218471569650639
TEST_03172,3.785921577827823,0.4099727805380427,1.2394031221726247
TEST_03173,1.2035968174806382,0.38204167457936333,-4.7135484979823894e-05
TEST_03174,1.7951623439892834,0.969786695359565,-0.41211567965653234
TEST_03175,2.5018425297210873,-0.22711872177397216,-0.5059103804772289
TEST_03176,2.5017806275402474,0.6786095259304095,0.05611184370885295
TEST_03177,3.8796389694389455,0.8991260717443341,0.47240593645775364
TEST_03178,4.414972900713052,-1.0764670595202452,-1.0729614536374377
TEST_03179,3.7870637681858894,0.5677430400795012,-0.3964081720673683
TEST_03180,2.468835779128132,-0.5028338847141492,-0.36339357427337904
TEST_03181,3.096228659306929,0.047573153617321326,0.5175114255720199
TEST_03182,2.250058372415997,0.5229930481477622,0.5270321470997599
TEST_03183,1.5150199122389103,-0.82345121371582,0.2966557418544383
TEST_03184,3.433510183400315,0.36025718425341074,-0.3652128793190995
TEST_03185,1.816590618355108,0.31438598590747663,-0.07707643482934688
TEST_03186,2.4900400018054576,-0.5354252476231256,-0.4911513554770354
TEST_03187,3.3296786769277653,0.41394972836989324,-1.1036144202556948
TEST_03188,2.597066864741722,-0.8116858260739739,-0.10372855208859956
TEST_03189,3.8189637280439492,-1.1898031301913468,-0.6954409683509863
TEST_03190,2.7235100884536894,0.9393466066870492,-0.309799345379499
TEST_03191,2.9163421023980547,-0.9034452106606963,-0.32624604813193686
TEST_03192,2.3574942139075725,1.2230458575204382,-0.4756464294574349
TEST_03193,1.3809195416677598,-0.42138444308449846,0.2583130084674874
TEST_03194,3.253080332322532,-0.2864431321796761,0.9636081553236512
TEST_03195,2.246810443567465,0.42835380270624884,0.4080627165548682
TEST_03196,3.264225947260361,1.0054359661895436,-0.33418699040607214
TEST_03197,2.6006583908961103,-1.0882538847613124,-0.5215396556514291
TEST_03198,1.7099800468311752,0.33764659573626865,-0.560185980836868
TEST_03199,4.606898382998614,-1.7350684436444335,2.0865353652342042
TEST_03200,1.3054312522645155,-0.19566404380814603,-0.3592325175301725
TEST_03201,4.974170320949105,-0.6427002442937954,0.7560304079826741
TEST_03202,4.683705240798548,-0.8995116783905529,-0.5742921730605437
TEST_03203,3.7341595924834046,-1.6225466271566493,0.30041038604301157
TEST_03204,2.6787593391196443,-0.22246299706308145,0.0637317068322237
TEST_03205,1.3021643273385757,0.045146360623617494,0.07102903304213401
TEST_03206,4.260596657348108,-0.9049755960994466,0.06256467243207577
TEST_03207,3.0497216699808174,1.0508503330180223,-0.15653580490184604
TEST_03208,6.404768412622035,-1.4384857897479884,1.6098652244087157
TEST_03209,2.9096113065527707,0.027831984692569374,0.24937011924699742
TEST_03210,1.7016954704261482,-0.463548690016559,-0.018242602834436007
TEST_03211,4.092126773207271,-0.33950238032444296,0.7351690467265626
TEST_03212,4.191179408265964,0.5104012890676807,1.1284900144671386
TEST_03213,1.4791104888779592,0.1563928907382586,0.26752817089209296
TEST_03214,2.1483224893288027,0.14387125991859906,1.117412725408544
TEST_03215,0.9286698804701897,0.09444185485094893,0.1696015874371654
TEST_03216,2.4093772880497273,0.6852277273214612,1.0340736771530168
TEST_03217,1.4357494915396116,-0.09414012211781819,-0.01773816280229569
TEST_03218,3.4500598833198004,-1.0327740874480804,0.4637087045722874
TEST_03219,2.0591158079973972,0.9630423022362312,0.25487847009902787
TEST_03220,1.2036258686774273,-0.1265611268732737,-0.14167302097139423
TEST_03221,3.141617604906236,-0.19344916781832686,-0.09981799820395104
TEST_03222,1.437383967289397,0.2910017803228642,0.2594287526023412
TEST_03223,2.7380767240774486,-0.5796675716934477,-0.009676070330581668
TEST_03224,1.9812097243244393,0.6185139907756179,-0.32538465901133645
TEST_03225,3.592752631671109,1.5033291522159382,1.5821576528821897
TEST_03226,2.1152470322986487,-0.06264975650655495,0.057393931684814464
TEST_03227,4.161880371358908,-0.686350102899804,0.6429555984648997
TEST_03228,2.995952958373571,-0.5222462263584946,0.03729058303987906
TEST_03229,3.6327511678005693,0.3882894333619081,0.5117729513374224
TEST_03230,2.6938808846984865,0.5329691238090764,-0.07134314514139017
TEST_03231,3.2608172084853373,-0.3426614128318762,-0.13690881111038217
TEST_03232,3.2201408667650093,-1.4297080692993553,-0.1277276721383476
TEST_03233,2.3354464591050674,0.02360244935734079,0.4906129318093592
TEST_03234,2.481444607739724,0.301032096796701,0.0894634706387936
TEST_03235,1.090697154678088,0.34570987089044836,0.004608990933410032
TEST_03236,2.6337230146498554,-0.5125145738337691,0.6393683075062653
TEST_03237,2.430465345010432,-0.24266046096462407,0.5339659305529626
TEST_03238,3.273193833395042,-0.755715457191162,0.8655328409628319
TEST_03239,4.549272304483486,0.610260214447686,0.466877260523237
TEST_03240,1.6616315929431065,0.7169470652152478,0.1920741878793714
TEST_03241,4.998069883660565,-0.6853096361376025,0.8981768945421639
TEST_03242,3.620323029737373,0.6065423847537176,1.1123178525271349
TEST_03243,1.5443853073485385,-0.30818958236193916,0.009475561943404692
TEST_03244,2.878919386728231,-0.8289246083147549,-0.2404387486130023
TEST_03245,2.613764159399451,1.1690456956702422,0.9509575324218204
TEST_03246,4.467413842963378,1.3735938993904042,0.04938774640877348
TEST_03247,2.34164746980971,-0.25464588274596256,0.4996842554674212
TEST_03248,0.8873126054694476,-0.8915158457552024,0.2064950999516189
TEST_03249,2.8735577711271048,-0.11962999945892308,-0.37121956557592434
TEST_03250,2.331460249503337,0.6174195620949308,0.05630558613800472
TEST_03251,3.064755525710142,-0.06988129129247292,0.20520774325143779
TEST_03252,4.221771274699331,0.8739988839443621,-0.9624979241319164
TEST_03253,1.6109420969851225,-0.3116404762987821,-0.19090046968799412
TEST_03254,1.755595746430522,0.9879829167193084,-0.5548104921206507
TEST_03255,1.8290739651765187,0.6427602397657416,0.24688315421078075
TEST_03256,2.7542953752869654,-1.0201139467736147,-0.8187690617191925
TEST_03257,2.8793140217647264,0.4955861800013587,0.7357491257647811
TEST_03258,2.4343562317053618,0.1797544773770028,0.8976373650858069
TEST_03259,2.6338601353147384,-0.7487720776356966,0.1832765308806713
TEST_03260,2.4143932710915195,0.13989691910843016,0.8209929069568492
TEST_03261,1.7005301228285163,-0.12171700048317521,-0.03816452844799786
TEST_03262,2.1216296799210923,-0.40050524561447826,-0.5832751929293231
TEST_03263,3.8307454284857294,0.18664684519496366,-0.7744006025486277
TEST_03264,2.6613672240567006,-0.188549864756947,1.0020683245783288
TEST_03265,4.921890179331115,-0.8196773865362924,1.6254436919443003
TEST_03266,3.356578297139847,-0.48995864971994046,0.6624337043492738
TEST_03267,3.4563765332296255,-0.22983837029012963,0.11483499895013005
TEST_03268,2.706237322642718,1.088514903879962,0.7490913821211769
TEST_03269,3.2174670484070993,0.005039821030752857,0.09606953730302552
TEST_03270,2.6762036786224037,1.0726841180886901,0.32471648487512833
TEST_03271,1.3283768109001808,-0.29525909219133756,-0.059851611778760715
TEST_03272,2.8281554424397966,-1.0346358263014495,0.1318219608456515
TEST_03273,2.8690325165661936,-1.0564952738461264,0.5937988038559394
TEST_03274,2.457844191521745,-0.0016856830446265463,-0.19885265522282572
TEST_03275,2.562606922539804,0.8094102563709915,0.1926020931702184
TEST_03276,2.440465972085209,-0.23919515264233512,0.5698575536129482
TEST_03277,1.62204217318183,-0.7049566198128621,0.1965918892094421
TEST_03278,1.4625913196582163,-0.31029972984794985,0.11033200119550968
TEST_03279,3.987763819989623,0.40681890638929363,1.6671509538451639
TEST_03280,4.956666077502702,1.3985038447929372,0.6708898780003973
TEST_03281,1.8936687306355475,0.9541611047621277,-0.4923108151995048
TEST_03282,3.0246317439061285,0.8174897777229154,1.0956876733997418
TEST_03283,2.907341325319729,0.5852069322481825,0.40588890194147154
TEST_03284,3.193619442591538,0.6260840865132081,-0.4369455693381415
TEST_03285,2.05660381500464,0.93560493452258,-0.1147859905236134
TEST_03286,4.193082936063547,-0.7540355394508055,-0.2631586142078425
TEST_03287,2.502270274349609,-1.299685735967807,1.1734570882558129
TEST_03288,1.880100831282732,0.6199976799133364,0.2597120218201263
TEST_03289,4.398420590966475,0.2447811818074061,-0.19465403262949746
TEST_03290,2.0905998093505227,0.23371008455684794,0.22216859082722257
TEST_03291,3.328008834736267,0.16559036594494828,0.7602828052834861
TEST_03292,1.5831270193337414,-0.274072823354413,-0.016743508932901885
TEST_03293,1.5892816955148188,-0.5177848646483203,0.1929672154964014
TEST_03294,1.3259011496376878,0.916399429697741,0.30109062079918714
TEST_03295,0.9217625083162655,-0.2756698568943136,0.19434260585101426
TEST_03296,2.7729760050176333,-1.1556241685362136,-0.0632005069693684
TEST_03297,1.925452613022106,0.43479622803687024,0.42237300205383616
TEST_03298,4.07468137123278,-0.49480372611151946,0.8461099006183302
TEST_03299,1.893828451027789,-0.6797516933147361,0.3358714372903649
TEST_03300,2.7356515458691844,0.23367986297806495,0.7045469635233437
TEST_03301,1.8569027074036548,-0.46038650073818177,-0.2595090746132422
TEST_03302,1.6878474310269318,-0.19733131187658023,0.21509103404311453
TEST_03303,2.589052135354185,-0.7399085552167637,0.5526348182836669
TEST_03304,1.894462269464006,0.18429022215690166,-0.3475319732231649
TEST_03305,4.888138682375706,-1.7209920879624527,0.4081895228761907
TEST_03306,2.385060929537868,0.3195490567032277,0.728578401258874
TEST_03307,3.028322999640743,-0.09500636158291946,0.5996927481160657
TEST_03308,3.133177882171394,0.15102006900067896,0.16419277327283519
TEST_03309,1.8737665993480295,0.47906096917280855,0.10420389274139373
TEST_03310,3.645336356046992,1.0542536118500543,0.53423281059979
TEST_03311,2.6091858462984696,0.15173485586896795,-0.08502897425213983
TEST_03312,3.4971940946934605,0.40608695990910393,0.7069062562584769
TEST_03313,3.2004645066811026,1.3510058145684192,0.2294225354820297
TEST_03314,1.3204217167758037,0.11123474251186602,0.1352131592509282
TEST_03315,2.009597977444939,-0.6592804267723075,-0.68984064279959
TEST_03316,1.8922204723618783,-0.4712808340325887,0.2425528392140747
TEST_03317,3.572317327326536,0.03766623697967925,0.27884244591767127
TEST_03318,1.4737438121513065,-0.36478646612077587,-0.19497743317054367
TEST_03319,4.539705632552579,0.6708304171689763,-0.22841539081286746
TEST_03320,2.3412484535431743,0.7278638350171527,-0.10165507211985235
TEST_03321,3.4484143482767786,1.9313990424277243,1.2137564349234895
TEST_03322,4.494133710105847,1.4272519551269833,-0.2905218242812842
TEST_03323,1.4542603278278492,-0.7390905742121665,-0.2365664860649821
TEST_03324,1.4542002935155964,-0.1515595555134128,0.15997947285148026
TEST_03325,2.3459598012741654,-0.6759273733543896,-0.29651697243728314
TEST_03326,2.8631892145600575,-0.7006000082162078,0.21900842394787554
TEST_03327,4.43313056227818,0.7095695364090653,-0.4436937808571037
TEST_03328,4.9850307737255894,-1.8675503161415854,-0.6536139059677114
TEST_03329,2.4935222127710532,-0.06694697562654506,-0.6548571169430243
TEST_03330,2.284239812460498,-0.20446050735439386,-0.5631042115534205
TEST_03331,1.6437682918687,-0.321181643146115,-0.210740852459221
TEST_03332,2.227524609598755,0.11432874530126372,-0.28990761268038956
TEST_03333,1.211940408032952,0.4131392635161933,-0.004338109895972432
TEST_03334,2.897278597952192,-1.7634497646406249,-0.8949212945327267
TEST_03335,3.8922322284840574,0.27232596053491126,1.2489756828465899
TEST_03336,1.159683432827031,0.33559589261149475,0.0935803164059816
TEST_03337,2.0304453025455085,0.24725628866283672,-0.047006624677868314
TEST_03338,3.886798732263247,1.2721074238208399,-1.1841980371377672
TEST_03339,3.8808421849210513,-1.0877056047296738,0.29040041941691486
TEST_03340,1.8036609111363078,-0.029595051149672796,-0.3302655170862222
TEST_03341,2.465893488188888,-0.3995388904760281,0.8248276755343202
TEST_03342,2.0858590757571327,-0.28435920178661894,0.12962848737738902
TEST_03343,3.197780753755381,0.44566226725860963,-0.5698849695919543
TEST_03344,1.3914660286718286,0.43144486740704624,0.6203178937419673
TEST_03345,1.750909594460855,1.2373174382852012,0.6481691903676982
TEST_03346,1.514067841267391,-0.2986558650158416,0.4848281329064439
TEST_03347,1.3281523929729537,-0.20452726362189505,0.1270959951263342
TEST_03348,2.776564137999506,-0.659957541704349,0.5804616969763006
TEST_03349,1.4208279654664384,0.4718624633779976,0.22115335889363247
TEST_03350,2.6304467685212995,0.8359764089306936,0.5668323972047528
TEST_03351,1.9725357302726099,1.127114111201569,-0.348896750374025
TEST_03352,2.8163109300466123,-1.2859509082988638,-0.7906042269231544
TEST_03353,1.5844048314684178,-0.3594708194043202,0.015050389251909855
TEST_03354,2.501857742948054,0.3999605038386458,0.24331378121561442
TEST_03355,1.8023828656499996,0.21586060741886712,-0.3255381471294059
TEST_03356,2.751332826922447,1.756526437954088,-0.5995494886398031
TEST_03357,3.241981199308991,1.0468807656330321,0.41821124987419056
TEST_03358,1.319478535739302,-0.6205574341111953,-0.5091275805473577
TEST_03359,2.491404794923116,-1.5478740531788906,-1.4765373300539588
TEST_03360,1.2831561710433563,0.8851945319467105,-0.07790742422088817
TEST_03361,4.236370110022164,1.4432259308904665,1.0090258792193765
TEST_03362,1.4817949304351383,-0.5153542337031696,0.13047742383889582
TEST_03363,2.908781295093366,1.4819459241039268,-0.3178525618406004
TEST_03364,2.5393331048023726,0.556548612564393,0.8603081798876144
TEST_03365,2.1102472228937037,0.0857827934855389,0.08851447366227705
TEST_03366,1.8748841544103598,-0.16383517379361287,-0.30995162476586136
TEST_03367,4.1054871547617475,0.08343034821231012,0.15483578612553028
TEST_03368,1.4076250350126318,-0.09322298065587067,0.7019987142361039
TEST_03369,2.3614865120488657,-0.13153566167210834,-0.09009228151069533
TEST_03370,2.033374926940141,-0.26550744131947346,-0.05937755392597837
TEST_03371,3.0691481590216823,0.2619315882103104,0.0493369456083545
TEST_03372,4.012818144051887,0.4823290343347116,-0.20172374998703724
TEST_03373,2.3853841179815927,0.14071394977673538,-0.275775582910853
TEST_03374,3.202774866931658,-0.4474016285483807,0.6963060250208104
TEST_03375,1.2279494956769368,0.08088049847510313,-0.11751075422252696
TEST_03376,3.1100979072561104,-0.7169114565325201,1.6986376163943904
TEST_03377,4.000505645555121,-0.8656037570266915,-0.06769303175965409
TEST_03378,2.898719630166445,0.7433335487391118,-1.32161181605539
TEST_03379,4.150050875352955,1.815787772538612,1.3483821677069219
TEST_03380,1.3187821233521706,0.07218131886050456,-0.1880875553585649
TEST_03381,2.6441470169309484,-0.31589352630263445,0.19484946447420082
TEST_03382,2.096625672550524,-0.1223512134291885,-0.32300834501260334
TEST_03383,1.6854974473076374,0.07629026304792602,0.5886855525627163
TEST_03384,4.026218770015365,-0.20687890741629358,0.14195255828300724
TEST_03385,5.614121906389526,-0.9969255884457745,1.809873898906687
TEST_03386,2.2387218424515853,0.19558053372558284,0.8943158953150644
TEST_03387,4.082893422075752,-0.6046278000738483,-0.5616381601076649
TEST_03388,2.461286080118039,1.340318854764636,0.24976807780506932
TEST_03389,3.19971381834197,-1.784377924340918,1.1794908008828706
TEST_03390,5.267856600483915,-1.7448977860260784,1.128643903567368
TEST_03391,2.4513384379453442,0.3814544500480251,-0.18913236013036513
TEST_03392,2.5480254160546836,0.9970707417228566,0.8049307817380331
TEST_03393,3.293965541379988,-1.8425665907193443,1.1084214113188913
TEST_03394,2.3236023513499338,-0.6519589114912697,0.4076561139042748
TEST_03395,2.3273693752771014,-0.7617357874363893,0.6496751035400095
TEST_03396,4.004489976535311,1.4456431881946536,0.07414956091065382
TEST_03397,2.4552714734379717,-0.8554593588467703,0.14059219494054423
TEST_03398,2.9795415977312403,0.01980802589304962,0.7750298611149623
TEST_03399,4.813136020930525,-1.0713488610785897,1.6759766702795749
TEST_03400,4.5339224723691745,-0.5598020135354214,0.5882143791032541
TEST_03401,3.2726323122085192,-0.6297247080141951,0.5179214800130465
TEST_03402,3.076569100318374,-0.19382738262917687,-0.6441549427197704
TEST_03403,2.3154955725930506,0.703200563735172,0.9929294395086106
TEST_03404,3.2084436300712285,0.8835679040207343,0.05948937686444813
TEST_03405,2.474839233482152,-0.78926515391779,-0.33991357624837465
TEST_03406,3.360201283946387,-0.15653421799512698,0.8554343043911047
TEST_03407,2.417999780513746,-0.3632091262821012,0.2784383008493169
TEST_03408,5.6408050227327005,-2.35892628499422,0.7221417614291357
TEST_03409,3.3753841856155287,0.2174738156079218,-0.19572513249417747
TEST_03410,1.8405416793653817,-0.21051509330445722,-0.23228960451448055
TEST_03411,1.0249424682846418,-0.010473886872581316,-0.17768760465803532
TEST_03412,3.717826133508172,0.626966796716672,0.38799583990030667
TEST_03413,1.063079539027357,-0.3372321945399363,0.14010403072006575
TEST_03414,3.6671870056745766,-0.48513858735185156,1.7997782431891671
TEST_03415,1.0171903679385388,-0.415702875397841,0.07271036420064982
TEST_03416,1.3621173320971498,0.3415624835984089,-0.16630813708131115
TEST_03417,2.8280906459553536,1.2693799645116042,-0.24155349271822815
TEST_03418,1.104874795168237,-0.19904291360410242,-0.26879959161723854
TEST_03419,3.0257682127031105,1.4006839700799063,0.1666688442530287
TEST_03420,2.4646666481078428,-0.5810145476236687,-0.20722198635131692
TEST_03421,3.3128046754870084,0.17708755619150776,-0.27949554556638756
TEST_03422,2.354411303223415,-0.10581490281825277,0.2036026172802593
TEST_03423,1.824231780135577,0.7854125691127001,0.5408274211200417
TEST_03424,3.118743950905508,-0.0676779947614651,-0.44744062779506016
TEST_03425,3.856991791593777,1.1329712438554767,-0.2673875033341932
TEST_03426,2.8986012656511546,-0.2181865083347364,0.5134912946511918
TEST_03427,1.9478782847093077,0.26544751692357293,-0.3679326603032386
TEST_03428,3.2248812740539097,-0.3319850945076412,-0.2575488768468492
TEST_03429,4.199536584338918,-0.07122325925514288,0.09548607352323328
TEST_03430,1.9020571662886228,1.0037471044999788,0.04830740210002779
TEST_03431,2.814406406743144,-0.9093819594583382,0.5547404560604831
TEST_03432,1.6995936814419985,0.7164163236345861,-0.07344196321073372
TEST_03433,2.887847292318616,0.4557755201234286,-0.5986929317549058
TEST_03434,1.2672128260224869,-0.3991186859447979,0.0299597470734628
TEST_03435,2.2627818960052553,0.0693621865949592,-0.1942549874072092
TEST_03436,4.433352557973319,-0.18432328355323244,-0.033649975921276366
TEST_03437,1.2175372116458067,0.3211777759550804,0.3268092529666683
TEST_03438,2.7175064680496974,1.3281509087320438,-0.3260376784976759
TEST_03439,5.852980137566959,0.8684841377662241,1.2366566822419123
TEST_03440,3.694061934716153,-2.0014651173283116,-0.8919625600702418
TEST_03441,4.213715528764193,0.2450186614054855,1.3394347121779466
TEST_03442,4.412719148330537,0.025035416099836717,0.5668843790094665
TEST_03443,0.9806035252854572,0.4194493904969735,0.3516567555394936
TEST_03444,1.949013998957701,0.3172982522449223,-0.2853662227989142
TEST_03445,2.1650049601341697,-0.48472813613326066,-0.2742425739684085
TEST_03446,4.808418176995137,-0.6013256198669487,0.9446033885923065
TEST_03447,1.8731418800933866,-0.9717132205211403,-0.24644378277582743
TEST_03448,5.301425668788619,-2.5088294474265735,-0.939538872628482
TEST_03449,2.1864465080755684,0.4853683718301654,0.06747959588408889
TEST_03450,1.019027132553401,0.4463277124953312,0.26594837484279604
TEST_03451,4.224933758410962,0.5107393024574084,0.24847772921977404
TEST_03452,3.2092832880630024,1.2659594062416781,0.38169376291254375
TEST_03453,2.200477004023089,0.5357132241152139,0.08048097462484916
TEST_03454,2.9227752804417686,-0.2157103929793261,-0.2802346935448368
TEST_03455,3.6694608629263716,0.7931714386516279,-0.4505812759265389
TEST_03456,2.079150362690124,1.2319228139786527,-0.9402300342887955
TEST_03457,3.3372168555042707,1.069877355565938,0.1643005171574297
TEST_03458,5.455686273039605,-0.3674056467391239,0.13923236919852092
TEST_03459,1.6650721742412635,0.20599369752408597,-0.15214252639702106
TEST_03460,2.9265244667006862,0.7386102422802109,-0.07718008514458333
TEST_03461,1.451735353409168,0.04211315002718321,0.026382638502373882
TEST_03462,1.961195381844439,-0.13928845008477145,-0.43640953240879066
TEST_03463,3.2783270284409696,-0.2425056299357406,0.09761722243616726
TEST_03464,1.4071378911298411,0.4484056262026463,0.5867842060323903
TEST_03465,5.9378937994814684,-1.7899852965643699,1.730851983840766
TEST_03466,2.7884545884030083,-0.37449191773445256,0.791814939453443
TEST_03467,1.801105409520966,0.42325738894019177,-0.3039248861033241
TEST_03468,2.9632904460206646,-1.1411946099791828,0.8954902486922497
TEST_03469,2.2276668453321737,-0.25638027363654314,0.5844192795541868
TEST_03470,4.734122683790475,0.6183888015870231,1.657268792401935
TEST_03471,2.085641600092569,0.47315527904269733,0.028524568011481836
TEST_03472,2.244739774828936,-0.18061753278463977,-0.6241142365659491
TEST_03473,2.730635744510219,-0.7205244081804243,0.06438305444146705
TEST_03474,2.7017370941456207,-0.09109338790072749,0.061808130419201995
TEST_03475,0.9162565236339923,0.1698707346624384,0.09366819592455977
TEST_03476,3.4199476516574108,-0.7641817072487186,0.43175177452385155
TEST_03477,1.9624821693204626,-0.46421003272301165,0.13500037235422152
TEST_03478,2.9407911145384387,-0.5026489344930937,-0.35472872079143136
TEST_03479,4.859712382678726,-0.6208478652355299,-0.2726813313778568
TEST_03480,1.6605108841512324,-0.1820717211406596,-0.18311180968815183
TEST_03481,1.2087639983772298,-0.9436567534627183,0.06627788635319054
TEST_03482,4.5463993829690175,-1.588923348468264,-0.3220694366410834
TEST_03483,4.17347583131628,-0.3850440433370881,0.0065858710829259795
TEST_03484,1.711400366144595,0.3045530371902552,0.30897389601567277
TEST_03485,1.1033435551064137,-0.18476294338689758,0.24050042709298117
TEST_03486,3.64893376393725,-0.8438844772429981,-0.6152450511941618
TEST_03487,1.5972038821213843,0.17399395382883673,0.7297417956675387
TEST_03488,5.15696982662699,0.910867629143379,-0.18346923146545074
TEST_03489,2.1219671043205692,-0.1030274906933147,0.19200935822041237
TEST_03490,2.7038194706492464,0.12361067646384882,0.11574450609965918
TEST_03491,2.5359290701839634,0.21179609872090827,-0.42739403552267
TEST_03492,5.050112951350862,-0.9942232415785465,-0.5589072025596242
TEST_03493,0.9833574705149968,-0.3282739093290008,0.0608082727124719
TEST_03494,1.4553384041483959,-0.48588846751005643,0.22961201881767004
TEST_03495,1.5019164431567582,0.2939579199667212,0.09596670768145087
TEST_03496,3.1028071348455426,-1.2299510282831028,0.3102115598607743
TEST_03497,3.7527973875100447,-0.36018845250522186,0.11392636763377272
TEST_03498,1.0761428053738271,-0.6604304394039973,0.4862483249891793
TEST_03499,4.014056340938206,0.41860290378876946,0.3397007243890979
TEST_03500,2.520895877840563,-0.5675654976763781,-0.793593075154067
TEST_03501,3.542007595838437,-0.46290963501781485,-0.6109343704209458
TEST_03502,1.8722948641501926,0.5792914621542926,-0.42609562759438374
TEST_03503,3.077068836238933,-0.4380338610028427,-0.23415702062872953
TEST_03504,2.7030352125157906,0.2358067217983373,0.19590502461342854
TEST_03505,6.065185694011241,0.5894430273037017,0.9677616132923599
TEST_03506,2.3629849786528467,0.17854809068614597,0.6213905216588412
TEST_03507,2.5306938490815423,-0.11463940578806393,-1.0387779476750543
TEST_03508,1.7450043456442321,-0.5758052178301565,0.26061396418716715
TEST_03509,4.483734223836308,0.7813014575074493,1.0777408536653332
TEST_03510,5.183035463484675,1.1337362990843203,-0.8887468413585715
TEST_03511,3.5329001408680525,-0.7762806873740702,0.27390057156816
TEST_03512,2.306034676294722,0.33585538728356085,-0.31510925468439005
TEST_03513,3.2067090723924228,0.18403648285222346,-0.5742403890292914
TEST_03514,2.9693851162893625,0.2375088015084296,-0.751004162243214
TEST_03515,2.1013922760555563,0.4057937506417364,-0.7493461955543996
TEST_03516,4.461808953096703,-1.059389698887415,1.1784870130770717
TEST_03517,2.772553957086998,1.385357699136557,0.19920791040006813
TEST_03518,2.558751802257628,-0.5926264560439364,-0.4107747381190899
TEST_03519,3.050654826912509,0.02349439365463951,-0.7095003737472542
TEST_03520,2.3324471024951148,-0.0665896770575931,0.4588363863951206
TEST_03521,3.3381418687663706,-1.730196010623327,0.5023738995437989
TEST_03522,2.8358070657731234,1.021272937264785,0.644634984033715
TEST_03523,1.856468819103347,-0.950926784904055,0.21559309357477208
TEST_03524,2.844504309537947,-0.9410963656475528,1.0918398914529248
TEST_03525,1.0527907505823495,0.03726842435719912,0.03115860004751707
TEST_03526,3.4941418324009375,-1.0329950594449289,0.5490526748942047
TEST_03527,1.0801128835756795,-0.1909462386039239,0.3176783979919047
TEST_03528,4.780045897689989,-0.8313194480605782,-0.9156860125363314
TEST_03529,2.817202505532306,0.457877167431115,-0.2740075162951142
TEST_03530,2.84264854549335,0.12062104647399337,0.39788595093796925
TEST_03531,2.7874577701758985,0.2709950726620474,0.7168793649352105
TEST_03532,2.7523013152847144,-1.1174555768562369,0.9150423975080557
TEST_03533,2.639001613996302,0.014084859796590106,0.1540199371773935
TEST_03534,1.3523479191116097,0.14337007407151706,0.3432711204482221
TEST_03535,1.6388597699250749,0.10827058647089526,0.12669109824049932
TEST_03536,1.9123466571735188,-0.27177954198600446,0.2564619739898373
TEST_03537,2.2738344360182565,1.00046248476395,1.211113205836139
TEST_03538,3.7836604868050214,1.5986630174662682,-1.3598498581071197
TEST_03539,1.7577213446456639,-0.728054628892129,0.1715791052612362
TEST_03540,2.2918470620154068,-0.05203938361160731,0.20011183265286525
TEST_03541,1.520220017484751,-0.6727357591381715,0.0944724149948623
TEST_03542,1.5362424529476653,0.24668740228429134,0.21937917683414437
TEST_03543,1.78631039425905,-0.07406170721283599,-0.5870713403448573
TEST_03544,4.015502505086574,-0.9314247940634043,0.2193006569861337
TEST_03545,1.2339288458497701,0.2199713735701611,-0.21357378161817256
TEST_03546,3.0099478762379754,-0.6992196041710537,1.0907778183358445
TEST_03547,2.6826313334291267,0.4630815646765665,-0.6157576852736382
TEST_03548,3.472969259203538,0.33339545920413793,0.25412491027743545
TEST_03549,2.980931768611362,-1.5322067028553379,-1.0947146205781586
TEST_03550,4.839561615366618,0.2308994113130212,1.4086395595210688
TEST_03551,1.844888585871408,0.11741610906504651,0.34680430706972476
TEST_03552,3.4262754444807433,-0.49054527885340093,-0.15446858649661716
TEST_03553,2.3566646178521906,-0.7111508264557739,0.3694417592058081
TEST_03554,2.384082430823944,0.305441257266985,0.0029379940500693993
TEST_03555,1.1735197851396566,-0.43732225936650293,-0.1231648748690762
TEST_03556,4.512632043074467,-0.9586813310874127,-0.03309383969500426
TEST_03557,3.424495391359795,0.29467352894188303,1.0094749165104704
TEST_03558,3.61055741846621,-0.09049029941690725,0.692488831676011
TEST_03559,3.644237623452022,-0.07873488791593097,0.16147425582074754
TEST_03560,2.3436224758269923,1.5017360471274075,-0.6628751586089233
TEST_03561,5.000926470403968,-1.8510089505000187,-0.23711513691606131
TEST_03562,4.549718816091483,-0.4277169496225509,-0.1613193073143426
TEST_03563,1.2454414341938862,-0.5004485546748427,-0.27464492749033786
TEST_03564,2.6326205896313213,-0.026382512126780094,-0.36852824416088836
TEST_03565,1.3167140574349459,-0.10681171687424924,-0.2558005744954879
TEST_03566,1.3254958426987928,-0.05020616990714428,0.24124392477924725
TEST_03567,2.301145456702182,-0.04648222904499552,0.2876531166483415
TEST_03568,2.213962483791569,-0.49197834758352255,0.16623566169120232
TEST_03569,1.199713876902661,-0.04346247325384057,0.11951271416404682
TEST_03570,2.0333850237051716,0.41921084248798746,0.05879185306445799
TEST_03571,2.2199978584010536,-0.15007121415003197,0.2948742553331023
TEST_03572,2.692570227060289,-1.3733362946500047,-0.5664848047277019
TEST_03573,2.6072342049818777,0.6150240397971346,0.44502986209662015
TEST_03574,3.0468992653792077,-0.8582822615908202,-0.25424216208726835
TEST_03575,2.36483270286101,0.6604133458052925,0.43254757311239944
TEST_03576,1.178426058284645,0.46567817641616516,0.1605014221455177
TEST_03577,3.28790903157742,-1.947530152120411,2.1386051565143376
TEST_03578,3.993460253671224,1.2120275888301415,1.6010655097205357
TEST_03579,2.1925373996313167,1.0906132864128197,-0.34905443742877706
TEST_03580,2.998824703456593,0.033166313001921306,-0.9510981658071969
TEST_03581,1.177245119786199,-0.5890579932388779,0.27640962269144165
TEST_03582,1.2690962851107455,0.23529086218450126,-0.14868522213047924
TEST_03583,1.8907016127749512,-1.0594167919578463,-0.4326841648361284
TEST_03584,3.8470671222947947,-0.5953768437777348,-0.12016112879298847
TEST_03585,4.176535661208386,1.5756893246453751,1.3175887802210406
TEST_03586,1.92073304050384,-0.40514471684782116,0.12726101445719956
TEST_03587,3.2394659557766414,-0.5488881721331403,-0.4037667441289523
TEST_03588,1.8126494135466573,0.11561724263842978,0.20989366305239732
TEST_03589,2.9599201196253278,1.7170772948321404,-0.7849161088934433
TEST_03590,1.7117661976861782,-0.3807349890114092,0.0013045992491100623
TEST_03591,3.095635002322347,1.0242647181508069,-0.566764411681028
TEST_03592,3.206573994725835,-0.8917966049938881,1.7759032104868353
TEST_03593,2.626857278124458,-0.8683893132818317,-0.27976244119451393
TEST_03594,1.4827342417534122,-0.12933596294464828,0.18046308929291185
TEST_03595,1.4565094724189365,-0.4550049187057623,0.420863054188682
TEST_03596,3.5874055973190426,0.9474949960358676,0.7535445466857339
TEST_03597,3.20101934442987,1.1344467232603321,0.29863643996703615
TEST_03598,1.8523187698871526,-0.46347210793314125,-0.693510396716666
TEST_03599,4.279059353904472,-1.6372158272786024,0.7395475555259128
TEST_03600,4.061630061796028,-1.081543963373858,1.1160868097436876
TEST_03601,2.3871499922390647,-0.11926322557147634,-0.7016131414437882
TEST_03602,4.058788795070512,1.7196110499466482,-0.8927252305523039
TEST_03603,3.525090800132417,1.0007275403849911,0.8150900402263488
TEST_03604,1.7966078353824286,0.014307620012673163,0.23254393107616012
TEST_03605,2.4475749524739094,-0.8214683538547672,0.48166285333302516
TEST_03606,3.2159730363343773,0.03440026040037809,0.3181142923875744
TEST_03607,0.8069464058958689,-0.34977192134881013,-0.18782955606480717
TEST_03608,6.287731749733526,1.0474456238870167,-1.150933609179021
TEST_03609,3.647397720285188,0.5191150155189809,0.2201825473476739
TEST_03610,3.0061548065779533,0.5651930491084447,1.1792008603156645
TEST_03611,3.4635699076010145,-0.06967149022409642,-0.027736269872126556
TEST_03612,4.790503410225036,0.5029389195197784,-0.05824706966973171
TEST_03613,2.449410069669222,-0.2450604168339069,0.08159582873178982
TEST_03614,1.6415375599977775,1.2050924738374313,0.8088174620183601
TEST_03615,2.588385259100339,0.8143228080600967,0.49810166662586125
TEST_03616,2.7419549897286237,0.24171531989117098,-0.18481762131840956
TEST_03617,3.913273172080025,-1.6319448015686033,0.453560147037867
TEST_03618,1.0672225542592508,-0.27141460494620423,-0.39172144259506403
TEST_03619,2.7527646471671616,-0.2932309999275572,0.06858299372411057
TEST_03620,1.6187670143636332,-0.7459276509207341,0.2747716526725521
TEST_03621,1.7465808874175595,-0.6916132755649997,0.35868756138561114
TEST_03622,1.6669225051685854,0.2169701636952477,0.30983028260972334
TEST_03623,1.1956703834806197,-0.42939759751149176,-0.45815246600089243
TEST_03624,1.882319887142453,-0.2514015256453481,0.6200199763706108
TEST_03625,4.881436947743901,0.1436882259920543,0.23080911785992547
TEST_03626,1.6479028731172107,-0.29997165806527937,-0.25994385561249195
TEST_03627,4.564849756283754,0.3239132145301491,-1.2658836260722577
TEST_03628,2.804603985926074,0.6973667962337025,0.36791628274456406
TEST_03629,4.50518659274066,0.637227530593736,0.4733614736043487
TEST_03630,4.712408025347347,-1.824754791275173,-0.9905870451726096
TEST_03631,2.390940591813148,0.021498449634815443,-0.19635672208671687
TEST_03632,1.7439715144290846,-0.06907253048292632,-0.6884169924957686
TEST_03633,2.4445382219329823,-1.0052488308506526,0.6825419586561708
TEST_03634,3.048094646590007,0.608761933356924,-0.9238252820442187
TEST_03635,2.4375058848030586,-0.998935511455983,-0.5371749411802126
TEST_03636,1.1486139484907543,0.6723149718664712,-0.4034030450218671
TEST_03637,2.090860141606096,1.3512716106870721,0.2845833736893735
TEST_03638,3.4463688530083316,-1.6096112897814723,0.5784806327833486
TEST_03639,4.8750168391777775,-0.20626672943214577,-0.9016055995894539
TEST_03640,4.842726658975812,-0.808517921268853,-0.8687478141431894
TEST_03641,1.9491071795072747,-0.49464144931437076,0.10076177467099182
TEST_03642,4.704912350413827,0.04943609603802354,1.6111758966684562
TEST_03643,1.3293190264671344,-0.16940164306335073,0.28811051931282444
TEST_03644,1.4882632920192007,0.46746756951174295,-0.24301898157919488
TEST_03645,2.725973441201353,0.6957964008222772,0.9132541738136032
TEST_03646,4.868865866659078,-0.37661754146795456,-0.6027305011098519
TEST_03647,4.115515259120584,-0.26731880847056877,0.4321072662865936
TEST_03648,3.013642647736823,0.7198020132387936,0.1232752354086152
TEST_03649,1.9123757379307977,-0.35092527295241494,0.2472163585055714
TEST_03650,2.3693101223846176,-0.13843955316865017,-0.03517658076494542
TEST_03651,3.667102822656593,-0.29884040654899613,-0.4103450369088495
TEST_03652,2.4953530890649214,-0.31941876458403223,0.5180974256788027
TEST_03653,0.7892825157151627,0.1942308710131391,0.1782416404507085
TEST_03654,2.5076115067380957,0.5282398626351268,0.9247424698729796
TEST_03655,1.472479158181152,-0.4177073575994876,0.3843207103590871
TEST_03656,2.8156101516103793,0.38761863800672736,1.1243710967238834
TEST_03657,3.080240298805941,-0.6978271900623518,1.5446262960349975
TEST_03658,4.672642682783783,-1.038012347114038,-1.207507981840181
TEST_03659,1.8365136167084184,-1.0906754938450627,-0.49995670962728384
TEST_03660,1.191969540195239,-0.07433711229845064,0.23265755063358717
TEST_03661,2.645713276736221,-0.3155207372572147,-0.06051133724730369
TEST_03662,2.1026505306089196,0.3223464663402609,-0.5793627087037606
TEST_03663,4.2563458605183175,0.3636204082153992,0.4867393419740436
TEST_03664,3.5779208169060563,0.03236890406347469,0.9061281863176862
TEST_03665,2.385836278828638,-0.1527729709149688,0.6877695821410599
TEST_03666,1.6191274741953567,0.038450307386789666,-0.025439442097333717
TEST_03667,3.867843262027997,0.4878192431319315,-0.3177006870332564
TEST_03668,1.6108948202535647,-0.1657369441999961,-0.024842975801318404
TEST_03669,4.053832017976446,0.22515693881449936,0.20779216401896072
TEST_03670,4.326087646533103,0.5775528745421931,1.4035871622832083
TEST_03671,2.48431998518784,-0.12284765751525632,-0.04606056977873913
TEST_03672,2.0392586306436375,0.6456660240837234,0.9540445117538056
TEST_03673,3.5647282348694387,-1.6070548512614378,-0.18407282185718996
TEST_03674,2.517088417125244,0.38379682997593634,0.03780517297159998
TEST_03675,1.2627551321475066,-0.25685819045047537,0.43725583368888665
TEST_03676,1.4116628281376187,0.1672561435227323,-0.1138984798840835
TEST_03677,1.9290456215893557,0.19403210750412353,0.5218036266720324
TEST_03678,3.1860472996126865,-1.8926791987350893,-0.7412919268204824
TEST_03679,4.825582984831864,-0.046175972778977184,-0.14627630015499893
TEST_03680,2.09552647638926,-0.46860890342209105,0.43086825089820424
TEST_03681,5.153027625518802,-1.622133840209034,-0.5529065934245317
TEST_03682,3.625668047515617,-0.2805983216964842,0.5532205188403405
TEST_03683,1.9739477163529,1.7435479451939588,0.6338899672154943
TEST_03684,1.0070170423621638,0.06652415955233278,-0.15488536872714165
TEST_03685,2.4943965643609802,0.15433011702634997,-0.5562162411857068
TEST_03686,2.82792006173793,0.32832056951085237,0.3517453511912091
TEST_03687,3.8932689132298663,1.349264640207766,0.9551023211935846
TEST_03688,4.547656772537086,0.25619397571800206,-0.6416263136690407
TEST_03689,2.698986849107786,0.364625881181009,0.49537117840141043
TEST_03690,2.4555575776797,0.15792413830276414,0.7765273350976014
TEST_03691,1.858845611996142,-0.40671184176253505,0.6154059619850644
TEST_03692,2.6321675932477238,0.003474553208782632,0.09701638779895869
TEST_03693,1.07326993532515,0.4557598003602125,0.080989536854506
TEST_03694,2.128460566641394,-0.804016146704761,0.6467873744988202
TEST_03695,3.3062808211282397,-0.2425842816627157,-0.7128648101554217
TEST_03696,3.028413450691235,1.0223227773359291,0.055506344559163874
TEST_03697,2.79441715928018,0.6450270497352758,0.08126297254615931
TEST_03698,3.5787121195183693,0.38653699664950447,-0.6079025540050217
TEST_03699,2.6544926260714408,-0.8129115348477594,0.0943999773366818
TEST_03700,2.499957784094297,-0.28281538037414305,-0.14270894814077784
TEST_03701,3.0923596077668103,0.024960164697600852,0.19024294902338593
TEST_03702,1.7304241647022935,-0.004378373609781,-0.1843171965904942
TEST_03703,1.6851595652165898,-0.01394308149674586,-0.03689186323702636
TEST_03704,4.0122681754648,-0.21256937669102746,0.5236998429259268
TEST_03705,2.150929486831445,0.4625917282695597,0.6376953422740761
TEST_03706,2.683414520383515,-0.1465432417669389,-0.5376412815965734
TEST_03707,2.97244294463381,0.13875889095033767,0.1272789391533903
TEST_03708,3.0814286711495207,-0.14160171290108792,-0.16921165890695097
TEST_03709,0.9589911907059151,-0.579071653253883,0.5161034076683406
TEST_03710,4.5051549246672895,0.7678974939830677,-0.7279455283690948
TEST_03711,1.1138738136124573,0.19149943056026913,0.09978296338069159
TEST_03712,2.859834346140081,1.5900919008092451,1.1906213525207565
TEST_03713,1.3404604211318947,-0.5355175584376795,-0.07376139559458615
TEST_03714,1.4046826541388635,0.07708011399444863,-0.051034907582287
TEST_03715,2.6207243284705894,-0.23108070242068654,-0.46376869267936666
TEST_03716,2.712948117091232,-0.9205721564592,-0.36310015006278795
TEST_03717,3.1644806945673185,-1.8409088807744356,1.0460370628880278
TEST_03718,1.3319413352817822,0.25512493338309095,0.014589970342664214
TEST_03719,4.0987301190070315,-0.26984184315188353,-1.1159596547252615
TEST_03720,1.8104662843758597,0.0893532824772374,0.21643590069449356
TEST_03721,3.4327255824531155,0.6431857480105657,-0.1030930439131703
TEST_03722,2.5715029516560786,-1.1681509100852452,0.9962869863719518
TEST_03723,2.578681953054094,1.7968922164098828,-0.735381734466518
TEST_03724,2.3766739728982236,1.0697411460014512,-0.29155793664226004
TEST_03725,2.418679683097251,-0.16969544060784525,0.017854081777774835
TEST_03726,1.1104812093027074,-0.09686979581816875,0.10226947310008139
TEST_03727,2.5932381350739973,-0.8917199891297533,0.660430487343993
TEST_03728,5.838293074599046,-1.720681960115116,-0.7535733595265584
TEST_03729,2.991027542854855,0.6834060881622471,0.006376579555614377
TEST_03730,2.5535286388829657,0.11940227921173034,0.20083439108561837
TEST_03731,3.8862164879850254,-0.5237653842945877,0.001061362661444025
TEST_03732,2.571749130441657,0.010850742166521057,-0.0948632039379338
TEST_03733,1.6528623672555685,0.5699715033407289,-0.025908568210974932
TEST_03734,1.7419472515096117,0.14991218456006558,0.31303452440825263
TEST_03735,1.7129093204303922,-0.43817860725323754,0.49026375586345367
TEST_03736,3.0118602202020455,0.565656255043156,0.4938928001703069
TEST_03737,2.4897091873310293,-1.0864529555246238,0.6714136847377074
TEST_03738,5.1685609810811375,1.2309384566433696,-0.3045933408700836
TEST_03739,1.3812700206468833,0.6496920369774488,0.09191005010566002
TEST_03740,2.7525035323891234,0.12977079413680634,-0.016423699703325582
TEST_03741,2.1321628120012197,0.22986267867544058,0.23675577789907523
TEST_03742,1.9214154671312464,-0.07649060495984777,-0.3283740155585315
TEST_03743,2.7174511020969456,0.3987336185165626,0.47065485473955826
TEST_03744,1.174599613051053,-0.006240011459329817,-0.11098992649904281
TEST_03745,3.1846411042727567,0.1280520884006041,0.14427960503811094
TEST_03746,1.1612171800764621,0.44031243358585775,0.0438852946844282
TEST_03747,4.303887027984143,-0.8637567964821737,0.46862895687666895
TEST_03748,2.8884282667625287,-0.5685335655111934,0.36494618756493963
TEST_03749,4.148547214163064,0.06140877023925616,-0.338797774361917
TEST_03750,5.631784393279995,0.7289878122987257,1.3188563061730272
TEST_03751,3.1855855052060003,-0.6404122517352344,-0.5741054135060899
TEST_03752,1.5499162220551463,0.6872120063641167,0.4820461309749615
TEST_03753,2.7195623241766054,-0.473302841142832,0.6316203870031135
TEST_03754,2.8099486480209084,0.263269651623364,0.3150074315250694
TEST_03755,1.8550298456909529,0.7883040832367755,0.5744674295068994
TEST_03756,3.734056472357665,1.1111990914480938,-0.09074095903215755
TEST_03757,2.3324943232510496,-0.008218548710913966,-0.018905368819709452
TEST_03758,2.647873321449746,1.092431281231278,0.9833306227445253
TEST_03759,3.444831639945726,1.318129495515373,1.841696935926262
TEST_03760,4.376911289912343,1.3246565468160931,1.2808115272680207
TEST_03761,3.3070790061877817,-1.8697154654783303,0.5983786697037448
TEST_03762,3.7380926875188902,0.5116794305452114,0.28548774964405854
TEST_03763,3.020204221401927,0.6396676159611752,-1.0245210925352606
TEST_03764,3.273835302763144,0.1954752843600671,0.10199993968013328
TEST_03765,2.5949523359497237,0.4141102159507622,0.5879606211413351
TEST_03766,3.8139102209199343,0.23352781282375062,1.1682879258469152
TEST_03767,2.2969557392224735,-0.1547251265906509,1.058386378162849
TEST_03768,1.6158301414925902,-0.15192517466954195,0.014008053568431579
TEST_03769,3.142347300082209,0.2996035951985404,0.24215661159744006
TEST_03770,3.119843791845391,0.05443664331717505,0.04462726238182947
TEST_03771,0.8319676003937092,0.006877036692687879,-0.2888151698955921
TEST_03772,1.735626142826779,0.8658146228661552,0.3741829220657345
TEST_03773,3.1707918808062567,0.6327968974657692,-0.47548750107952736
TEST_03774,3.4135160727919813,-0.9702831591203813,-0.6155709705664758
TEST_03775,3.687645534469432,-0.1250537083192184,-0.5020886772529728
TEST_03776,2.3605149971854114,-0.022127319951348624,1.3234595738369777
TEST_03777,3.2747623260365573,-0.5762427619015097,0.9514561136739276
TEST_03778,3.0986310423178804,1.4276637568127004,-1.037081389496035
TEST_03779,3.05023375108996,0.5059898459578944,0.44072305653519994
TEST_03780,2.015435168551041,1.1662642269805321,-1.0254505292921057
TEST_03781,3.3221980796884725,-0.3927934934275024,-0.18740248529083087
TEST_03782,1.2015134684732207,-0.12629720088833346,-0.22774896573824555
TEST_03783,2.7814967139206215,0.4039456341941511,0.12161072651197088
TEST_03784,2.3390003161512674,0.0744055837218545,-0.08349314802954624
TEST_03785,3.7164146176684527,1.2057046976161099,1.55137013257405
TEST_03786,2.3387402367213648,0.023070934944961825,-0.37968172825721985
TEST_03787,4.360398142573638,0.6173069578029938,0.23116493463881596
TEST_03788,2.536954854908717,0.0039416834169820406,-0.11249973312208282
TEST_03789,4.596105734257493,0.5537153995376036,-0.3947025653247732
TEST_03790,1.632421636574541,-0.6694186229587934,0.3738559481784198
TEST_03791,1.5380047793430607,0.35218000095087687,0.0003033967125302883
TEST_03792,1.4059985049820953,0.4300661316757503,0.12826215415161943
TEST_03793,2.8984163824884694,-0.3128659832969639,0.6298532728067581
TEST_03794,1.7152619756130927,-0.22168539596515255,0.09552302092767122
TEST_03795,1.5612010315855025,-0.3923497391720054,0.3250021359341811
TEST_03796,2.5625983070266547,0.4236593273522331,-0.24116203668446168
TEST_03797,2.808577023681065,1.8152095934356087,-0.24536990384182247
TEST_03798,2.530145889678791,-0.5559240509853823,0.17803659316518175
TEST_03799,3.314601727128473,1.661415154668351,0.34521785984908787
TEST_03800,3.938621517780536,-0.14257769098278328,0.10845459057077073
TEST_03801,4.605401088831632,1.770831470273657,0.4658506988491167
TEST_03802,2.4234776649697443,1.8325702488316178,1.5113189689106599
TEST_03803,1.007559540206342,-0.6930197392243298,-0.23332957942383914
TEST_03804,1.9578613526752888,0.6908333716650743,0.5105163621450682
TEST_03805,2.5033107194711492,-0.4992659508946291,-0.2463691598999847
TEST_03806,2.4351858090698006,-0.6718877865764162,0.5882246972687949
TEST_03807,2.7655088557079917,0.2566903353758343,-0.7206114289862401
TEST_03808,5.5099905532913445,0.20355657543906286,-0.5182687206855039
TEST_03809,3.7766182380217814,0.06321567355643423,0.08262156713440373
TEST_03810,2.6876021894561326,0.08400002301265955,0.4593389710071598
TEST_03811,3.3773611321247134,-0.26502134356270757,0.015270585214532811
TEST_03812,4.8399637982892765,1.4828562514618,1.7210830735421454
TEST_03813,1.5428128194178337,0.33350554335972116,-0.2494568922755036
TEST_03814,1.4588419832716168,-0.7342725405049125,0.30967032557332336
TEST_03815,2.1336522775526534,-0.05807474044655064,-0.23158694525420556
TEST_03816,3.1505569795275403,1.0466479147961472,-0.00770659051586051
TEST_03817,1.4730423025027077,-0.1142004115617067,0.3788822957113472
TEST_03818,5.430070313573502,1.5409225928682775,1.0791621278107488
TEST_03819,2.69448289639301,-0.8233016851681797,-0.2363956134298581
TEST_03820,1.2440261317162622,0.15634563879254712,-0.044175613126593745
TEST_03821,3.1697058654756343,0.07678159629341472,1.1214458026204872
TEST_03822,2.1557038096201087,-0.2208064810803033,-0.17825034584237318
TEST_03823,3.138667262130384,-0.9960090772605952,-0.2680384541488001
TEST_03824,2.856960406147526,-0.31729830473257936,-0.31569068327095184
TEST_03825,1.3498323380105366,-0.35582441948661636,-0.5472401312740726
TEST_03826,1.368981115603075,0.2306675579892557,-0.08067244776171734
TEST_03827,1.313778460700767,-0.10370359200173535,-0.24179892509044354
TEST_03828,2.5419854238222284,-0.5610747785985102,0.375229020019146
TEST_03829,3.599504019162056,1.4254796856131458,-0.1998734161235749
TEST_03830,2.8468374610244727,1.6439022568941113,-0.5434358237480136
TEST_03831,2.293796000466219,0.20494480464569523,-0.14361059855259503
TEST_03832,3.1669502309681925,0.22604970699186686,0.24082773392958876
TEST_03833,3.7824640701914745,-2.514570318806699,1.0495738596796054
TEST_03834,2.0204369571358614,-0.11389719352432713,0.5165524812593226
TEST_03835,1.1022904777586748,0.009493310433756532,0.012863202343789834
TEST_03836,2.9377835813530933,0.43860822521555287,0.8422973609188569
TEST_03837,2.7832792718899517,0.329421254130832,0.42926177263780774
TEST_03838,1.1618173500103735,-0.19781594932466917,-0.24684611736989112
TEST_03839,1.7238942556912156,0.39462180920929524,-0.45813520408124064
TEST_03840,2.418666095329088,-0.7472046653679558,0.8200846871036758
TEST_03841,4.694700495110323,0.07475877738803875,0.37845801076496033
TEST_03842,3.8156275345482777,-1.0886473497110407,0.5325244733285723
TEST_03843,1.5111956896782777,0.4659646315898542,-0.616293948210134
TEST_03844,1.7069155235697977,0.040417544100340444,0.20686713431926043
TEST_03845,1.9860725501215795,-0.6844879615142448,0.5678247844892024
TEST_03846,4.594393867546768,-0.5836401007095852,-0.6812511985569925
TEST_03847,3.6577368193971687,-1.1912746541158676,-0.13267677910225012
TEST_03848,2.532674283264564,-0.6681772739980079,0.4075553523334205
TEST_03849,3.4495107152170927,-0.1491504843186104,-0.02810228892985917
TEST_03850,1.7892603565635932,0.45726804597154996,0.1642676501756878
TEST_03851,3.085488679378833,0.1714828523175472,-0.2690929451115943
TEST_03852,1.1932073622276165,-0.4483051160521046,0.13143299752434598
TEST_03853,1.8893699915379214,-0.07386177724223515,0.11100902821879492
TEST_03854,1.7845433385368281,1.5529874847371583,-0.7388010827887155
TEST_03855,1.7136016544772337,0.7266869190211759,0.39848981394419575
TEST_03856,1.5699714651172734,0.9356888456475196,-0.37081336810516846
TEST_03857,2.3214569048800056,-0.3331402487553105,0.7974062465927083
TEST_03858,3.6651251139535117,-0.8685109362931496,-1.0974707405816384
TEST_03859,2.7922768940757625,-0.8286655018995742,0.5985898757896725
TEST_03860,2.831219027290851,-0.03335809088935754,-0.30068534935237246
TEST_03861,2.692133189028626,0.09845803241770947,-0.43409378545236893
TEST_03862,1.9197406714228926,-0.31574418465962195,0.028770889268823367
TEST_03863,3.6901013626056294,-0.5230760858571166,0.7151894306612409
TEST_03864,2.57977594431333,-0.19497258418122668,0.7765684229197206
TEST_03865,4.231386934959682,1.277149736444344,0.1554882359230972
TEST_03866,3.3346991314012997,0.1708316931272886,0.9053341339430968
TEST_03867,3.263579192649489,0.5974379217476129,0.43353252170761214
TEST_03868,2.988067608559151,-0.4873337565640896,-0.16955427227856892
TEST_03869,3.0934677982359275,-1.4127292693031974,0.1649319521840888
TEST_03870,2.064194237191071,-0.013449270741969443,0.45975177415344315
TEST_03871,2.8069017582890727,0.7612887140659726,0.06206370406904742
TEST_03872,3.7471702898659247,0.9641030892816324,0.8722802662621527
TEST_03873,2.596846041304465,-1.3312546825460516,0.679617042517588
TEST_03874,2.0482109947822034,-0.3148726151261148,0.3276815852287465
TEST_03875,2.021896918557595,0.0038244550590899712,-0.21463580737129773
TEST_03876,3.1567663536960575,-1.0765367353449833,-0.28713945171309124
TEST_03877,1.5855952357099634,-0.08762456284589866,0.38086408710441083
TEST_03878,3.728222296436952,0.04068755022532704,-0.4565670626273715
TEST_03879,5.396420080323642,-1.6421579754339635,-0.5720569516105143
TEST_03880,3.6311961260505177,-1.824095133181304,0.6872615518568105
TEST_03881,4.882463953600129,-1.6695401099672686,-0.7825241778774109
TEST_03882,3.1525175498407236,1.13838601301221,0.8713197918261469
TEST_03883,1.1972373340638163,0.49581032112994655,0.22101850035058226
TEST_03884,3.221485562111826,0.9625144990484925,-0.7268307057706286
TEST_03885,2.540183176153093,0.9544079042447856,-0.4903112797465928
TEST_03886,2.248770332919804,0.6594125322882687,0.26921205927333375
TEST_03887,4.001809015888776,-0.0982266463447907,-0.7116282446028246
TEST_03888,4.425016841640834,-0.8681343457724047,0.880263165109856
TEST_03889,2.8985735013287415,0.02032539274456267,-0.08084611459999913
TEST_03890,1.4756331512659893,0.047822049580421216,-0.14409716938700629
TEST_03891,1.806415095865947,0.25742972075294474,-0.045904076201437494
TEST_03892,1.9778068272123788,-0.1824740321498481,0.40359659255747066
TEST_03893,1.3296130634663585,0.03429062415751175,0.2999972697985084
TEST_03894,2.7114104924830196,0.20357235700109919,1.3440075003454572
TEST_03895,1.9685609682889003,0.867900896734006,-0.2732072448787802
TEST_03896,1.968779592341949,0.12591622666028562,-0.6020460935019976
TEST_03897,1.7969733671896602,-0.6618829453501865,0.2019945875503085
TEST_03898,1.0812530279706363,-0.46825707849581355,-0.20016239313909082
TEST_03899,4.5240358475774105,-0.5237587516130922,-0.1613525734578949
TEST_03900,1.951236642717619,-0.2905388333616468,-0.3924000088621971
TEST_03901,1.7976190746331702,-0.15353621158554195,0.2779888543294048
TEST_03902,1.8683305788954108,-0.16264335297564872,-0.3895597481989013
TEST_03903,3.2782586693575224,-0.71100183263923,-0.8830338261749434
TEST_03904,1.5777925540009579,0.3003819985746806,0.3413843510111821
TEST_03905,4.155997320368028,-1.0746641246295106,1.1298524894307194
TEST_03906,2.603038799670363,0.06727410165216703,-0.7415939165711756
TEST_03907,4.316403871601268,-0.15218777616547782,0.344559802263116
TEST_03908,2.710451449523236,-0.16930582199965116,0.2621689428828521
TEST_03909,2.266847193662821,-0.11246025908686551,-1.0969209403015192
TEST_03910,4.589265558141537,1.5075832670487215,0.49183820504467923
TEST_03911,1.3062304111397747,-0.31832527946687533,0.14596432259075495
TEST_03912,2.701461193791417,-1.1346901086103285,1.3042976914838762
TEST_03913,3.361390522704643,-0.7414996063954633,0.8456291401109617
TEST_03914,3.340334451476256,0.18371424450082768,-0.05828218967069406
TEST_03915,1.846800780369661,-0.5184163197505335,-0.5275139280193165
TEST_03916,3.4760023393392836,1.9009184490758204,0.3747894978533121
TEST_03917,1.9349981274573662,0.0008875828039284882,0.31567353721595265
TEST_03918,2.5629800539460206,-1.2204316877759473,1.06105543286882
TEST_03919,3.065570713507651,1.2997495218384567,-0.5864822349512246
TEST_03920,3.677347249371415,1.1657897132944708,0.65366345984032
TEST_03921,2.3422157544289552,-0.22077583045022936,-0.7208891614659723
TEST_03922,2.930352430948044,-0.864748330639125,0.9103947104342951
TEST_03923,2.4370117542406833,-1.9487717223530758,0.5155419799151926
TEST_03924,2.021308363365167,-0.7441654368489002,-0.18667640789456008
TEST_03925,1.3903700299890176,-0.12631080946841763,-0.03494083721587478
TEST_03926,4.276105570403971,-1.1145492180152319,-0.6889075304556538
TEST_03927,4.457310833727716,-0.569671901236775,0.6461725201244151
TEST_03928,0.7662572110609865,0.14990842987743608,-0.1110900779639248
TEST_03929,2.8988772903796596,-0.2952444905051219,-0.1383590253687685
TEST_03930,2.0852943546859746,-0.2154646034395784,-0.18323158468892572
TEST_03931,1.7806366967993632,-0.30594432265306226,0.11314809287036214
TEST_03932,4.795704821722926,0.35385249379234157,0.3830912244415845
TEST_03933,2.6925797098323905,-0.5150562497841126,0.2992339406251666
TEST_03934,3.144296631888779,0.6715190112877825,0.2773387597847593
TEST_03935,2.198513558220491,-0.27105286144415486,-0.5881031769336308
TEST_03936,2.850332428940443,0.5417217938359733,1.0547460815518677
TEST_03937,2.1877264580613076,-0.33775114915611454,0.8753727670924834
TEST_03938,2.4807304242227586,-0.8946742519551768,0.30670630289707174
TEST_03939,1.432401313879732,0.49441493118233487,0.030378629413359087
TEST_03940,1.533852469099821,0.5472225917408249,0.12567969060455902
TEST_03941,3.1941846222343995,-0.2732528336102915,0.05760985191043501
TEST_03942,1.7701841106516618,0.2165592756328503,0.2036937133447928
TEST_03943,1.2064665470347562,-0.5357623810280752,-0.42633450201045514
TEST_03944,2.4732390734638314,0.16279605667754993,-0.06828949137717166
TEST_03945,2.4164056865996844,-0.8195038968250048,0.18292764030875966
TEST_03946,1.4343514906038435,-0.31772540020488615,0.31108981549425535
TEST_03947,3.201881868096177,-0.010559350442753567,-0.55682631197217
TEST_03948,2.861277451515179,-0.6716674828667875,-0.6581017256272489
TEST_03949,2.8630930027704613,1.599246134503532,-0.05455637050883011
TEST_03950,1.0513196234084174,0.7754086434722074,0.2494528327553368
TEST_03951,2.7314241690623877,0.464448899253803,-0.1516761883114456
TEST_03952,3.644366928164426,-0.21751983362943123,1.6505683169587153
TEST_03953,2.375102773441057,1.0466342539788622,-0.6012086821965456
TEST_03954,2.5007986307109102,-0.1148696212616126,-0.44324844860316803
TEST_03955,1.8061363508868382,-0.6208487229426957,0.22603318353247145
TEST_03956,3.056219884849281,-1.044840290373892,-0.7185700713473093
TEST_03957,1.683564401753612,0.3764421487431951,-0.04209518922744131
TEST_03958,2.762282500378278,1.2875544717559388,0.9429327426325043
TEST_03959,2.9751748608210704,0.6328752120980422,1.3063778605145702
TEST_03960,1.9824103975500136,-0.6379806247233992,0.3279113443457365
TEST_03961,2.6488763225960628,0.12266462186488514,-0.41966875686266236
TEST_03962,0.8734777801104341,0.38125364030917086,-0.355527526141403
TEST_03963,2.5896459192897714,1.3828967487755555,-0.7883622432606677
TEST_03964,3.0018617502342377,-0.03795141498144369,0.4637072517920996
TEST_03965,1.0028651071759012,0.3479623340914454,-0.32383845132164474
TEST_03966,1.5513713900535975,0.3611781608503786,0.3142775667154387
TEST_03967,2.5299851077302162,-0.04350425963863611,-0.14374002172920874
TEST_03968,2.1265713845453957,-0.8432744459539004,-0.17349318762806548
TEST_03969,2.116668872009185,-0.32026604331309844,-0.2888468799026142
TEST_03970,1.895577352796648,0.31903803796795654,-0.6690558526207185
TEST_03971,3.699850170242571,-0.7840880349084128,0.3340811287854096
TEST_03972,2.585894219781698,0.5107026363160235,-0.794788432389134
TEST_03973,2.5514092069467744,-0.012185977786193247,0.49295491322100066
TEST_03974,3.6736210474596334,-1.1452902928673345,-0.779190248854492
TEST_03975,3.529830590225696,-0.5730611749784771,-0.10274740089029201
TEST_03976,1.7157542739373821,-0.9419925154541549,-0.30197491321051967
TEST_03977,1.5857559113374098,0.29865624307587196,0.022120314971630826
TEST_03978,3.9689502459552486,-0.28508133416552073,0.1023147164952029
TEST_03979,2.0973721478033887,-0.7643263891832973,-0.16975269279756888
TEST_03980,3.120242931860395,-0.8390884793783354,0.14589326675435224
TEST_03981,1.5836681537492845,0.35112715433411207,0.5444193825697733
TEST_03982,1.734880817423465,0.6853819421462755,0.0071836203494665225
TEST_03983,3.1675803190103595,0.640377797199625,-0.3370914024792957
TEST_03984,1.6853715159666047,0.3153160111713211,0.6366843930731297
TEST_03985,3.1752273842918575,1.132946675227661,-0.6944785907660193
TEST_03986,2.18573279374495,0.3332418168323389,-0.3470444023643464
TEST_03987,4.48583652568069,-0.06979486145576838,0.5323555524311321
TEST_03988,1.4588802821565576,0.45991988911746484,-0.3493276114202606
TEST_03989,3.669161164572664,1.2286358916409923,-0.6662413797782335
TEST_03990,4.807310122557966,-0.5119835316810939,0.46376453441559573
TEST_03991,1.5692470256479931,0.14728382164962486,0.024418589578385577
TEST_03992,2.1155801309459785,1.4097090277609468,-0.8695921476754177
TEST_03993,2.424880357830195,-0.19395391579609841,-0.14710904215707873
TEST_03994,2.817725263530325,0.3111989683293126,0.9332370057564302
TEST_03995,2.117600112841621,-0.3362341298734011,-0.014014227449930621
TEST_03996,3.0089638756800556,-0.20693779716875044,0.6687014568795844
TEST_03997,2.1994357203916115,-0.3609198575647772,0.07807525992979004
TEST_03998,3.389572006325763,0.7116426868475563,-0.45354110851251633
TEST_03999,5.39340038591162,1.2946129786224594,0.8380156456603853
TEST_04000,2.3830337812807634,0.11626869614484346,0.2655001494501993
TEST_04001,4.696865577166141,-0.1655177522085576,0.7604504213264311
TEST_04002,3.5804089870697817,0.9529452520531597,1.3768242052771993
TEST_04003,3.1684718855374405,1.820313145695692,-0.7987182720110051
TEST_04004,3.273099942539958,-0.08857996457267957,0.24837179762111833
TEST_04005,1.4648080349936816,-0.31663042691936916,0.059595950767627505
TEST_04006,1.1767160710137823,-0.33918935859254973,0.3986814926483935
TEST_04007,3.5766585731792087,1.2323039392118968,-0.4799614395005461
TEST_04008,2.0100588689257743,0.9028832945882417,0.5182650583005838
TEST_04009,1.2503596321944221,0.1310017184129636,0.308302259036604
TEST_04010,3.08720178286319,0.02549196289624484,-0.8271079619465616
TEST_04011,1.4999886842064343,-0.04618159451330133,0.1592854271441165
TEST_04012,3.3729671715498193,1.1815463368492312,-0.6451778084981754
TEST_04013,2.5130141697242196,0.7001278162413204,-0.2686240515100901
TEST_04014,2.0145485465821653,-0.9187469892711232,-0.1250040798220437
TEST_04015,1.9082336052934337,-0.3074885413177806,-0.21640145669561492
TEST_04016,1.1634502691730455,0.24191878708624245,-0.36612724954453674
TEST_04017,1.475410740518101,0.47311687257673646,0.47912216991672946
TEST_04018,4.9606506360090314,-1.0325968518294382,1.6287184049672612
TEST_04019,1.8487155604334198,0.24031391472533967,0.3783409346273138
TEST_04020,1.9197389721968245,0.10886679776406968,-0.12272208517115661
TEST_04021,2.4083490049567624,-0.4516371515712339,-0.7640544021865552
TEST_04022,1.6031150954791549,-0.28145579544613814,0.23899420418661801
TEST_04023,3.5195522394378838,-0.16755551464182905,0.31797027560429775
TEST_04024,1.5359286504865173,-0.24495257531348774,-0.3961746686211779
TEST_04025,2.665690847513554,1.3046186061674037,0.45726780957909097
TEST_04026,1.8352699589111825,-0.0689573516818954,-0.26120295707258306
TEST_04027,2.6366888154163886,0.24567521556666405,-0.7436587732367754
TEST_04028,2.812835456657959,0.12441355937353307,0.38067010930836515
TEST_04029,4.124704318104593,1.3489283896000097,-1.055010364708033
TEST_04030,3.108038694517081,1.4474542506825598,-0.7615724562998967
TEST_04031,2.846787870096608,-0.21370345326521775,0.3582569546131975
TEST_04032,2.690164508203437,-1.3237894788558608,-0.5361206793514832
TEST_04033,2.7722270927035972,-1.5256205594203367,0.8045248165780213
TEST_04034,3.757320310995447,-0.2412482056182137,-0.14064626875193054
TEST_04035,2.1780264214636977,-0.8807145950366227,-0.8860613068598606
TEST_04036,2.8384778648133375,-1.2844841918974537,0.6645234001388276
TEST_04037,1.2858818609206364,0.3882103569868409,-0.15327010701345448
TEST_04038,3.24646154630319,-0.0466436514202344,-0.25432143656819806
TEST_04039,4.881705767193422,-0.8733801196307353,-0.06715359332246196
TEST_04040,2.171115525756399,-0.2151137776033226,0.39807794323395795
TEST_04041,5.095242405996295,1.233826122136108,0.8076994459282215
TEST_04042,2.946014756986986,1.094250750527484,-0.5663616197237074
TEST_04043,4.251419711534257,-2.233440013272292,-0.4214826093839792
TEST_04044,3.2055458235794707,-0.18908715505606236,1.1079443252316528
TEST_04045,2.2569956894163727,-0.9346970769840695,0.7870571899425423
TEST_04046,2.632153615571098,0.6931624507778845,-0.5423969966081
TEST_04047,1.4606961421639275,0.637453795598696,-0.3152188697449589
TEST_04048,3.392269697865684,-1.9348930965676518,-0.12359748864853871
TEST_04049,1.6565761784833681,0.4364765389241126,0.19341597201042793
TEST_04050,3.2262100411082475,-0.14226501256307952,0.2308127591934193
TEST_04051,1.4958986594656027,-0.3362137046983019,0.3422215660885689
TEST_04052,4.529732162621925,-0.980865790152372,1.4002980326326575
TEST_04053,2.328744624257047,0.4587784853415347,-0.1730618687085119
TEST_04054,0.7770908116308127,-0.547781855916664,0.4414249625721896
TEST_04055,3.0362793002411026,0.9510002378426973,0.7413637374782311
TEST_04056,2.9320798879627685,-0.10883298675461503,0.2373724554675865
TEST_04057,1.5797367846183232,0.29114794103611646,0.32291342140966817
TEST_04058,4.598346590234128,0.45244721488750955,0.813233202778177
TEST_04059,4.697181287435246,-0.9204062968464777,-0.7991289692756386
TEST_04060,2.1034299111284005,0.1557139644897415,-0.5406273413970193
TEST_04061,2.5792552044040638,0.030394195876359813,0.9580950080520815
TEST_04062,1.3877407708221203,0.18974708815793234,0.2569909449406399
TEST_04063,1.2014488611547913,-0.07844251782358302,-0.21631855478782247
TEST_04064,2.636197915004875,-0.2140537890894474,0.6379717157752076
TEST_04065,5.561003667299724,-0.07222589913818198,0.6852815977216281
TEST_04066,2.7850238431690313,0.510417886889621,-0.7705847015899554
TEST_04067,2.562581322813516,-0.018490784667770408,-0.08202952253165814
TEST_04068,1.729871002627608,0.47305574590297944,-0.28112087228179095
TEST_04069,2.071529304453312,-1.0433919524103803,0.8207246164925849
TEST_04070,2.2625715187405393,-0.7919894591868242,-0.7579178817435698
TEST_04071,3.2086752650576345,0.481862234728792,0.38649050036224575
TEST_04072,2.869718512461863,-1.7551332869181144,-0.18877777155074488
TEST_04073,3.3840891315635515,-0.6346252478731571,-0.09951091758371328
TEST_04074,2.7836664084912637,-0.3432745895026181,0.11478894294810993
TEST_04075,1.309777977208842,-0.49162228168364386,-0.1925118678747402
TEST_04076,3.8958127232625888,1.0418244947523765,-0.058634861270128395
TEST_04077,1.9067421275773813,-0.8214465731110374,0.11716780343903135
TEST_04078,1.3042456778776932,-0.2149020301007985,0.45645677824307196
TEST_04079,4.917686654154097,-1.307416493828912,-0.15893395239312724
TEST_04080,3.09320995360014,-0.7762020483591262,1.0600867191341579
TEST_04081,3.164671809104467,1.0925677295747134,-0.34697715513446503
TEST_04082,3.470947483692187,1.100920616766702,0.35298424459092437
TEST_04083,1.9782060521913682,0.6042647046131426,0.435207802016262
TEST_04084,3.0322266327266942,1.0125008909087607,0.9841622801700759
TEST_04085,1.4486004615165844,-0.21626172099642776,0.2184545799290159
TEST_04086,1.7552789062124188,0.07701150694770155,0.3658791851591751
TEST_04087,4.5550834591602465,0.5562773851922957,-0.3965295926568062
TEST_04088,1.6156220624919482,0.8134885574709024,-0.36373323648644956
TEST_04089,3.7005805931682105,0.045915263948239686,-0.30923358358490777
TEST_04090,2.594735343550663,0.30246685198640055,-0.7181936891519891
TEST_04091,2.212230091686365,0.24780681832525364,0.09471825793889962
TEST_04092,1.283867099331283,-0.17406082777847692,0.45414709271609166
TEST_04093,1.1168018954298249,0.0704690879768821,0.17424235098190613
TEST_04094,2.127443201640106,0.7741813765384249,0.44935163122811955
TEST_04095,2.614708414721752,0.6008480860886068,-0.3568629428780395
TEST_04096,2.366505721666267,-0.6351357904518378,0.310471137297337
TEST_04097,3.1288322069180534,-0.716680071874906,0.051475210893578295
TEST_04098,3.6133152420789916,-1.0697227308399473,-0.6200064895984736
TEST_04099,3.2424454090688335,0.06070134961128134,-1.046411870230518
TEST_04100,2.0956698270821463,-0.3542595115683171,-0.39801877183471573
TEST_04101,3.170419349106128,0.050034318221847535,-0.07641958923942213
TEST_04102,1.80860879792102,0.03180577460064325,-0.14303915498646044
TEST_04103,3.1398952433664604,0.8186160901180407,-0.6806021887402284
TEST_04104,2.1282614655006076,0.040892517867244835,0.5011723969508702
TEST_04105,5.262260870622179,1.4262267498274133,1.878091398750939
TEST_04106,2.2409533078468207,-0.5348858418333259,-1.0648470368324654
TEST_04107,3.4488709401887716,0.7017823828290893,0.7010840949835334
TEST_04108,3.2583337798317005,0.40284588252221815,-0.9297933535561993
TEST_04109,3.3364937564630446,1.0824913195398687,0.6927846688130909
TEST_04110,5.2656321592353015,1.113237981889438,1.9917105100466557
TEST_04111,2.6884760745554876,0.6583055244290723,0.36239849910989713
TEST_04112,2.2860942716973356,-0.3740764955958036,0.7379236989727453
TEST_04113,2.5088986017566124,-0.5562785516399491,0.1818188865774986
TEST_04114,2.593444467602184,-0.24473482222592513,-0.5960816926299324
TEST_04115,2.248889066212936,0.9087073139000231,0.857682163346414
TEST_04116,4.641581637945637,1.4416140000144657,0.08738314245195171
TEST_04117,1.9976223657839478,-0.7885705467522486,0.09032741618161669
TEST_04118,1.3770020004435122,0.13597929906122827,0.1977612787202478
TEST_04119,4.4934687431625004,-1.2142208519333328,0.5927994764991716
TEST_04120,3.8968744705430316,0.7648803320909372,-1.3274982626735434
TEST_04121,4.8456057137822235,0.24442391944985675,1.1328294893567463
TEST_04122,2.256309127339011,0.7234585925376774,0.9141102128539149
TEST_04123,2.5427658615753996,1.5268234988968399,0.06336202969134702
TEST_04124,1.752808886050592,-0.3289314170282428,-0.17518716584983524
TEST_04125,2.176838735438706,0.984064960877976,0.12411840732616024
TEST_04126,3.6520374600131835,-0.6782196892090172,-0.18262681198918881
TEST_04127,1.2379070599594388,0.30212430722811207,0.24955092052190025
TEST_04128,2.982643231957672,2.488587712644341,-0.06075689588527868
TEST_04129,4.115995537870982,0.31703497919797213,0.750168128961409
TEST_04130,3.499516849849809,-0.14600566486102223,1.0162246304875129
TEST_04131,4.153150848512988,0.26353421414159833,0.15203315070048082
TEST_04132,2.401064937788405,0.7113720237614417,0.746513195188557
TEST_04133,1.5049051312749149,0.3573275963259375,0.26327094265501166
TEST_04134,3.429099298051086,0.5919255252797666,-1.003072958008142
TEST_04135,1.5270440563432466,0.646921182385021,0.08388852542010748
TEST_04136,2.5674384148950247,0.15161008661439593,-0.5432157605369048
TEST_04137,3.1606888669004567,-1.793406905580229,0.38795354786672914
TEST_04138,4.801376175640875,1.3007028964018414,0.1303849084831197
TEST_04139,1.869024136418161,-0.3359499927672149,-0.5229622429901193
TEST_04140,2.500792136255873,-0.12277235847136594,-0.028234832641518794
TEST_04141,3.0844230503953747,-0.5282816836338237,-0.6919941009802858
TEST_04142,1.9207134680059905,0.08827481376876696,-0.35030515835371195
TEST_04143,2.5773367503173383,-0.12526455796692457,0.6810134800499471
TEST_04144,3.34045939071558,-0.3930034343619315,0.31882468592541713
TEST_04145,4.647774666314372,1.5715775036400061,0.6523564905520755
TEST_04146,1.8494482264795757,0.5818622529410852,-0.72247614350455
TEST_04147,2.7535630358011525,0.154658370184377,1.0060484675212158
TEST_04148,2.5374738632425933,0.04655898717960294,-0.10139583721860984
TEST_04149,4.22019500207513,1.5849501729484978,-0.4277170567477427
TEST_04150,1.5551190366545073,-0.5160770749195198,0.42521004801109896
TEST_04151,3.124233998827685,-0.795961107697687,-0.5818061499335649
TEST_04152,1.8699529930219134,-0.7711140435391352,0.7494189035596842
TEST_04153,1.8839560149293428,0.9888975023167795,0.5781571199244061
TEST_04154,2.7423681447905337,0.017402508736978326,0.02597810383867508
TEST_04155,2.4755829485098655,-0.11027942075901105,-0.39682863041079297
TEST_04156,2.780125092001114,-0.2007985302143119,-0.14388363700857842
TEST_04157,2.263199918921697,-0.34192964128138487,-0.6183928694139641
TEST_04158,3.5328159193695137,1.067108036284538,0.26228396895387024
TEST_04159,5.062553027934006,-1.5189945706486443,2.038936460829982
TEST_04160,2.6920436508647665,0.2983234491151012,0.14768542135886933
TEST_04161,4.860769217929651,2.264601341876913,1.1982873493336197
TEST_04162,4.159761935110985,0.7438657962301819,-0.5648072054409016
TEST_04163,1.1584070456191895,-0.8152911293551331,0.24761113055710077
TEST_04164,2.250430873831666,-0.18264160385638478,0.16437069340668364
TEST_04165,2.5911118053114093,1.0134231495264934,-0.6593411681600733
TEST_04166,4.6854118012748565,0.9428480999131954,0.5322603285666373
TEST_04167,0.898201999280061,0.2115092348976306,-0.12461854576824793
TEST_04168,3.8856641495766997,1.6555694601684416,-0.065788111714085
TEST_04169,2.0625722693767448,-0.4539516102335337,-0.2678019055759927
TEST_04170,2.879767161284594,-0.03834936869152236,0.04154737990061534
TEST_04171,2.1096864678713954,-0.3471591153008781,0.47572263321403735
TEST_04172,4.32174196011795,0.4170395789784927,-0.23142179040552355
TEST_04173,1.2735740067439059,-0.40984436341797503,-0.011343181379172906
TEST_04174,1.3057565841464387,0.08771533925740647,0.5935515451089566
TEST_04175,3.9646570072621192,0.9536667882669231,0.33941075395144293
TEST_04176,2.074231373715401,0.10823102722083171,-0.28894782339238007
TEST_04177,1.618526176937257,-0.36181573118608384,-0.3578310729189106
TEST_04178,2.0870943315299306,-1.408099761895534,0.9016147987618878
TEST_04179,2.6784292865034196,0.709749403200636,-0.7762862271971758
TEST_04180,2.781773816044969,0.4902025941839334,0.7624542798835057
TEST_04181,1.5594148838669353,-0.35579225688585164,0.08262494117444201
TEST_04182,1.3178255912452237,0.6378199230564311,-0.17761805905991931
TEST_04183,3.736905119851093,-0.16579932493993627,-0.3011450707867736
TEST_04184,4.01931355514217,-0.14194165566548372,0.28954890266308325
TEST_04185,3.2338502875462964,-0.5690061752677239,-0.5635047070067096
TEST_04186,2.6600141486965003,-0.11025280423475965,-0.09366261343118606
TEST_04187,3.990126874657073,0.5092234214170801,0.35349218923771875
TEST_04188,2.134651244307143,0.9255581130777459,0.40038556852013873
TEST_04189,3.97530321585059,-0.5030066251196588,0.9272720735664197
TEST_04190,1.8300436271885978,1.1582585066657922,-0.5032937927214692
TEST_04191,2.5550841095425834,0.6713645408796504,-0.2253514237883674
TEST_04192,3.5739584830048496,1.444551657832719,1.188095201594663
TEST_04193,2.7160462611651774,-0.09686524638003058,0.39607891955607916
TEST_04194,3.111009688142186,0.2817543866958834,0.3429655150246493
TEST_04195,1.4640368562324415,-0.6046077584830656,0.46926358267436263
TEST_04196,2.0606601773122706,-0.31580349881139114,0.019847191249982327
TEST_04197,1.722154574467013,0.7535385515713241,0.29406359962739836
TEST_04198,2.175905522705239,-0.2768961713427345,-0.021751318290073315
TEST_04199,3.823540037307286,-1.6063733418905541,-0.18115885705846424
TEST_04200,3.1475295031059085,0.09396637103848648,0.35038581692557075
TEST_04201,4.260781283886418,-0.30760242704912966,0.8970335847332285
TEST_04202,1.2373799273769182,-0.44099048345898284,-0.5788209622646739
TEST_04203,2.0347502928196555,1.315589688173205,-0.6790378485869275
TEST_04204,2.637604200465079,-0.48404513059689047,-0.39657292095182883
TEST_04205,1.9566666325157942,-0.829098855174488,0.16836466019425325
TEST_04206,3.4177769931073816,0.8064834884626805,-0.5449957483876068
TEST_04207,3.751576157425745,0.6667346137343717,0.32137578475265977
TEST_04208,2.6659269111518133,-2.050096055657952,-0.44274947232915557
TEST_04209,3.7569477226865833,-0.020843583133309605,-0.07553039930970881
TEST_04210,2.181443452270321,-0.062407989106282084,0.4554507683322757
TEST_04211,2.3234876937401845,0.10072274818624065,0.0021084374162263905
TEST_04212,2.403161372373796,0.6487982404165445,0.4290984399629906
TEST_04213,1.0867983780205732,-0.0967536048410725,0.29692181921910554
TEST_04214,1.4000226371022444,0.6041916171065926,0.4616503602595556
TEST_04215,1.1110068676159803,0.4225698148658861,-0.12776830699913355
TEST_04216,3.2403360254325317,0.962401871495962,-0.9610740620899801
TEST_04217,1.6768322664199207,0.48274845132058214,0.33248956340844993
TEST_04218,4.034773319048267,-0.17686452324828955,1.246373630732041
TEST_04219,2.40559198423342,0.8086996753412974,0.9440897501024618
TEST_04220,2.45747240194307,-0.7003362381467646,0.6446600930723113
TEST_04221,3.2111068262037445,0.3424764415073159,0.390363826550782
TEST_04222,1.3280529943116541,0.3348401894049895,0.3166602086170516
TEST_04223,3.9715437907136306,-0.30444581691228667,1.1915522819763245
TEST_04224,4.05972169362379,0.09645737797385188,-0.6490526303242197
TEST_04225,2.5955290816987415,1.694640864322114,0.5413465933162892
TEST_04226,3.340842306955457,-0.03797424440397749,0.7654947729226844
TEST_04227,2.9508288648345258,0.6485327037211407,0.7237568920794905
TEST_04228,1.956344734005847,-0.06937547649442892,0.27244966578606605
TEST_04229,2.5685506698761906,1.6823589114819506,1.2358497828013622
TEST_04230,3.2882594730566175,1.1197069616987063,0.10092725082204743
TEST_04231,2.436246762128558,-0.21596559639911084,-0.08215463270133154
TEST_04232,1.5179469317865608,-0.2318005120567525,0.5546452355240793
TEST_04233,3.3845470303591316,2.0935135000800593,1.0093957483048206
TEST_04234,3.1602964521184704,0.7676449038680746,-0.8905973245498845
TEST_04235,1.4521946802451942,0.4775203061207153,0.03324376015702791
TEST_04236,1.3742947097608174,-0.6576268001213738,0.21899384836915461
TEST_04237,2.1685258543595216,0.7338627000565789,-0.2975114535452185
TEST_04238,1.203461464179124,0.20502560773281736,0.14969414270314388
TEST_04239,3.2745694531139047,-0.8685758683216884,0.9785581838926816
TEST_04240,4.679939088766538,-0.45390637757810937,-0.12317005568411546
TEST_04241,2.520586326033999,0.763941444572601,-0.36110499394712053
TEST_04242,1.9543636293881061,-1.2011005180957135,-0.4425579333541425
TEST_04243,2.78738035480923,-0.726031258275389,-0.09541168699993269
TEST_04244,2.4980811109296788,-1.1213761057613556,1.0221483333117802
TEST_04245,2.6200016927447867,0.9791617840362643,-0.5960909587343728
TEST_04246,3.5192694880061897,0.49988630056976485,-0.34256552581704586
TEST_04247,2.3006347062081707,0.4359217526191823,-0.5618790097255847
TEST_04248,4.808031748991147,1.9831517756098267,0.2143962144292118
TEST_04249,2.098083416963803,0.052473600723305855,0.31698713302939
TEST_04250,2.580968705715598,-0.027389622877446583,0.1556869401009201
TEST_04251,4.147372310831899,0.4096724482807108,-0.17364941396560785
TEST_04252,3.1171335427615023,1.5932900282568168,0.2948192494192255
TEST_04253,0.7602690244001262,-0.044314280724249706,0.10314849149469398
TEST_04254,2.7175819969581054,-0.487454520830126,1.2030367578645378
TEST_04255,1.0476119670272526,-0.2839090722255361,0.22543286169382265
TEST_04256,2.7058075260293704,-0.5648434797314594,0.863433731153908
TEST_04257,2.2601987362784612,1.341553003143137,-0.595155938462005
TEST_04258,1.8254100928261239,-1.2653598504107895,-0.4254199176717904
TEST_04259,4.098004359509295,-0.6790667514880756,-1.1002412559218449
TEST_04260,1.6106237616680477,0.18262540514620157,-0.41674595900313094
TEST_04261,1.1360072591673755,-0.5012065548602835,0.1214736563027325
TEST_04262,1.7007032020832866,0.020659710029872682,0.07347861903736659
TEST_04263,4.027627384352416,-0.6490333336528278,1.1918209459547187
TEST_04264,3.3649969884675666,0.28921277052066524,0.024791906032370487
TEST_04265,1.7587012416543208,0.521088010125023,1.035365889427028
TEST_04266,1.1069761223559103,0.25480466588418754,0.4623232678504829
TEST_04267,3.561438394569117,-0.07941175199809791,0.017500472355774725
TEST_04268,2.654747371052576,-1.0970100627788928,0.6263989724472744
TEST_04269,3.227968594952004,0.8189804633866627,0.19578315085710785
TEST_04270,3.425038896401227,0.7676127354909976,-0.38304991597035154
TEST_04271,2.433929305950631,0.4940612165807327,-0.08781033596487134
TEST_04272,2.9472151950111587,-1.3560646230142874,0.2675765357794793
TEST_04273,2.330929586663186,-0.9219263978716911,0.5085499138884402
TEST_04274,1.4327198676079995,-0.47555177014062056,0.10404235429331098
TEST_04275,1.44061268677481,0.05897632635500545,-0.03998430259101182
TEST_04276,2.8278816674318024,-1.9952952366830836,0.6991598699939643
TEST_04277,3.3231313636637756,2.1852702730385616,-0.23592918698736512
TEST_04278,3.1772187171042727,-1.6513270379932663,1.0041438958691153
TEST_04279,3.182388087178691,-1.9256487780621034,-0.687771471641468
TEST_04280,4.368139931947061,2.448477317862296,-0.15422133034421218
TEST_04281,2.6242313663990817,-0.48670207047279984,-0.5871920672963828
TEST_04282,3.1304269746265705,-0.7910793302004204,0.8742809172599155
TEST_04283,1.6698468878916264,-1.5133147179869486,-0.44990592301562343
TEST_04284,1.076350776813007,-0.3837242593452951,0.42260197138683175
TEST_04285,2.2907443439727513,0.20824778429878485,0.07042416614303863
TEST_04286,2.5364221118416554,0.2616921827653805,-0.2819274331202139
TEST_04287,2.402553354673923,1.4515796668100334,-0.8652120875418593
TEST_04288,3.302930607981238,0.2659405614218713,-0.974798671142197
TEST_04289,2.700548932951741,0.488500319221825,0.1864707407066184
TEST_04290,3.27674364438907,-0.44853503283711754,-0.698610105554758
TEST_04291,2.5078030381507808,-0.14680513499901213,-0.4055104031990357
TEST_04292,3.5688649516009283,1.240075325533967,0.2738120517345867
TEST_04293,1.422389517443163,0.01979169767388861,-0.00965050099778681
TEST_04294,1.128115129322642,0.75321439158506,0.4701779838249564
TEST_04295,1.3739319369640177,-0.46437596566182787,0.13689188421410206
TEST_04296,1.5339019782999166,0.38128787525048674,0.5015177255619301
TEST_04297,2.9107632339729346,-1.865105342467306,0.26370976302841337
TEST_04298,5.392540594319782,-1.0058189847116978,0.881386901918505
TEST_04299,2.194121861062793,-0.07684875891106724,0.7272011411291872
TEST_04300,1.6885539153928564,-0.2992663916700033,0.4581583076305158
TEST_04301,2.075146628702161,0.28884971404892223,-0.2870942455831544
TEST_04302,1.7946757375607874,0.15069572004384232,-0.5205059099833981
TEST_04303,4.417142204280557,-0.5389980828835612,0.8333321868322701
TEST_04304,3.718022693950755,-0.03477359540020651,-0.5443372386586939
TEST_04305,2.211947521498254,-1.4645693554028414,-0.7106511596518456
TEST_04306,0.8663328904106606,0.4829275539989851,-0.10854147704858838
TEST_04307,3.86949438679235,-0.32908737471644534,0.10351076231864664
TEST_04308,2.7415061071315803,-0.06483339055833759,-0.45214665435888796
TEST_04309,1.9009243091989516,0.46797645970561325,0.13913927809813037
TEST_04310,1.9084635297976988,-1.3861978501926102,0.6413041604689182
TEST_04311,1.9370901981917164,0.20409407873143137,0.09529504509777056
TEST_04312,2.6330681938970883,0.8035331509533172,0.5721774673390182
TEST_04313,2.0449861545389543,-0.09899764140571952,0.06617093828383315
TEST_04314,2.2522879854259146,0.189118049630393,-0.16778378745538772
TEST_04315,2.275891615450834,-0.09084206958261516,0.008295471345566614
TEST_04316,4.269793462883817,-2.0594745566729937,0.730849260110303
TEST_04317,1.503553427442804,-0.29837624850900923,0.14741307314603438
TEST_04318,1.5308710790337803,0.6303919809207689,0.18161443263252444
TEST_04319,4.1403343287686525,-0.27353531830918276,2.218246665132698
TEST_04320,4.458365924984791,0.4441588438845275,0.4868864327309069
TEST_04321,3.2878135795345167,0.9750361952977904,-0.05115765271648098
TEST_04322,2.8104976007563334,1.6132898569444891,0.25105659100669586
TEST_04323,1.2534668471222614,0.17157740801052462,0.16068907612930736
TEST_04324,1.6994821919036407,0.2199147805429448,0.17682432294662573
TEST_04325,0.8939420562324802,-0.29779983819256134,-0.17029223011905603
TEST_04326,1.2676005020523493,-0.34285352853553586,0.030187488247283747
TEST_04327,5.141107822371507,1.5714731213772264,0.6276818415449703
TEST_04328,4.684522410090205,1.4045882298579968,-0.9560297867195553
TEST_04329,3.326735735979063,-0.07360825083739309,0.16652020441778762
TEST_04330,1.6758736519802762,0.253327825713132,-0.24765774481849095
TEST_04331,1.0773406046141665,-0.2730115050416407,0.10850172109244306
TEST_04332,4.214759113254259,1.3699012225619671,0.7414504214958046
TEST_04333,2.156661868815356,0.3999886971145692,-0.06379342277918966
TEST_04334,1.4183369688706728,-0.4118003369861848,0.3210034354280242
TEST_04335,1.2043082102982448,0.45208312200650036,0.20787466466000468
TEST_04336,1.5215068153255087,0.4101929445048851,-0.21406897165285416
TEST_04337,1.325891121942128,0.25547358593058295,-0.328039966741519
TEST_04338,4.374591634122599,0.005463455925914776,-0.8499650753371176
TEST_04339,1.2680962745594784,0.5886426263159864,0.25339895090281644
TEST_04340,1.310146426272889,0.562923635409204,0.0031256478305532838
TEST_04341,3.009193990144041,-0.47503370238923753,0.41041276757620854
TEST_04342,1.8671560904588058,0.633109497485443,0.18694856326949252
TEST_04343,1.2488431035786514,-0.22008040745802676,0.2892483070680653
TEST_04344,1.8956528385418627,0.1298392783450203,-0.391413519151228
TEST_04345,4.929711852421285,-0.44555802106529707,0.8722686231837934
TEST_04346,3.1807428011569305,0.046187886941940356,0.012627171917996635
TEST_04347,1.9243644463516072,0.7071813856292688,-0.38589374033822904
TEST_04348,1.6945485871559263,0.43838769656442034,0.40055570818259345
TEST_04349,0.9169368155490862,-0.15202037417233674,-0.16928199899933524
TEST_04350,1.9946268510705067,0.5681433638041049,0.08273056477029023
TEST_04351,2.4107530802679276,-0.74300790631889,0.5065003212890293
TEST_04352,3.8084167685958805,0.9459204438140822,1.6332591079308438
TEST_04353,3.8614982954988553,0.6756493179897963,1.9536145014193589
TEST_04354,1.9159942407772508,0.5164729615696484,0.11608079327592852
TEST_04355,1.5632910061253302,0.40416027286334816,0.2288757664402359
TEST_04356,1.9127818366142832,0.8006394537735153,-0.4826315756227962
TEST_04357,1.9620095463167995,0.6252394259615539,0.1318293585798901
TEST_04358,1.1788115135156152,0.5651655166934388,0.2762059224067356
TEST_04359,4.659781660821785,-0.01834729978317771,0.5359385665542088
TEST_04360,3.7446069761976215,-1.9075045568779596,1.0645708931801896
TEST_04361,3.62098687241129,2.2300653599913662,1.295337386134851
TEST_04362,2.9488351785056484,1.0789497863669375,0.7112605048995206
TEST_04363,3.3841659897098437,-0.5313069915408121,0.8251265922303042
TEST_04364,1.7825757557604027,-0.01856370810311398,-0.40465893008738985
TEST_04365,2.033557157177106,-0.49044674525380744,-0.20330101338490167
TEST_04366,1.7649972167021373,0.018638904896237683,0.06854303528213646
TEST_04367,2.7576156439549284,0.13262226726745177,0.6134821235982552
TEST_04368,2.5766214968949863,0.527577266636397,0.9470500597550883
TEST_04369,2.5378563322809846,0.03849526339890425,-0.2179171933143279
TEST_04370,1.4234976075630499,0.37294871967334536,0.26008801896701406
TEST_04371,3.0778624981421743,0.18126068019214034,-0.0792299025581619
TEST_04372,4.067249282771788,1.6314052639637227,-0.6624957303439081
TEST_04373,1.2701648973767876,-0.022903669867858047,-0.09398821227625358
TEST_04374,1.9282552952777874,1.528496850149099,-0.4040936016262293
TEST_04375,1.7339190063552294,0.19660913698368804,0.18699448444863692
TEST_04376,2.6532080236800026,0.6452971810135003,1.5871799140874747
TEST_04377,2.9489357327601735,0.536879417397628,0.5930449916993572
TEST_04378,1.4813745768099773,1.1861046206229686,0.3700847889973505
TEST_04379,3.7652349215983314,0.8294051906700975,0.05735347077624619
TEST_04380,0.9854367553452601,-0.3084227757810772,0.10885165746894386
TEST_04381,3.354516424963312,0.08118045543365626,-0.15082649807301343
TEST_04382,1.8149458187315213,0.203216964438529,-0.168486403292195
TEST_04383,2.6115476663181796,-0.5859693721176058,0.6503734469639492
TEST_04384,2.16860223318685,-0.012354755365119017,0.38554447721491125
TEST_04385,4.46616335867986,0.4329786983887851,0.31398486583358937
TEST_04386,2.6378468622729594,0.6688054270104481,-0.8331362483717974
TEST_04387,2.09489681051935,0.3082528515409724,-0.5984740418887882
TEST_04388,2.243183491330645,-0.6169245468229471,-0.3542911449130723
TEST_04389,3.060104906849877,-1.7533110757690227,1.3570231391634515
TEST_04390,2.4285176562613255,0.6750346879903686,0.8685719736667419
TEST_04391,1.8444562144753667,0.42710530398081115,0.03700202860838829
TEST_04392,3.1447211750983564,0.7356131532837219,0.9722537013832075
TEST_04393,2.703632788584135,0.31002095622732034,0.07138187919910946
TEST_04394,3.6813726935042266,-0.7566264073870799,0.5766103795680307
TEST_04395,2.382048911962887,1.086504068063276,-0.9020477471470751
TEST_04396,1.5515038121484466,0.6830440160409663,0.5021916899040983
TEST_04397,1.8454017108548884,0.018295672471143953,0.5070449209167077
TEST_04398,2.621062677565064,-0.13480594200071644,0.18594985185940452
TEST_04399,5.298345034201269,0.6094080568831366,1.4070674634918208
TEST_04400,4.120871095369562,1.2168094893811043,-0.08318858191470692
TEST_04401,4.531146932045177,-0.625078083287562,-0.2794091824125497
TEST_04402,4.308320701074397,-0.8162858855406487,0.410455731396206
TEST_04403,3.0382527804570083,0.06596877367117447,0.4291097847071636
TEST_04404,2.2368837372040233,0.33509961850351216,-1.002121553086214
TEST_04405,1.8722404753791628,-0.3934353413928529,-0.4153890051459285
TEST_04406,2.1191222808474,0.681739749152385,-0.24364218799997095
TEST_04407,4.969647829946783,0.03959378660764465,0.24452369722464207
TEST_04408,1.2865510044552415,0.5474858770204738,-0.5816442363005243
TEST_04409,3.4796066532511087,-0.12721685298132898,-0.14531664982214848
TEST_04410,1.1381918285915422,-0.12365726864121739,0.05659574709802882
TEST_04411,1.9502263604179986,-0.41775961255189475,-0.3247419468905401
TEST_04412,3.711528201401865,0.9483583462891116,-1.1844640971444547
TEST_04413,2.766240984573605,-0.2429018171725699,-0.1641954922329286
TEST_04414,1.4802732542613244,0.244670532640308,0.07939577075586292
TEST_04415,3.7942612630553016,0.1344742074204145,-0.6450368311819981
TEST_04416,2.1289472015585282,-0.7206570716274329,0.2537483069098487
TEST_04417,4.105226761444351,-1.7044946472384246,1.927428955616195
TEST_04418,4.635843977174355,-1.3606218626691986,0.6732194468713032
TEST_04419,2.5924146696794126,0.708373149797051,-1.0411428199412218
TEST_04420,1.7033859240854232,-0.3118477851313544,0.1608112572777117
TEST_04421,3.250387798353483,-0.3952269474827238,0.3633239143204483
TEST_04422,1.1715497261741623,-0.22764367616900766,-0.1010004278904578
TEST_04423,3.7188047921528566,0.5132894087913972,0.6645478716441282
TEST_04424,2.539235650025269,-0.33939933437445435,-0.35650428811363305
TEST_04425,2.073860987733047,-0.7080146343666534,0.5883297988317981
TEST_04426,2.2592539650293215,0.06664892204885867,0.4033346653357947
TEST_04427,4.2309924161730805,-0.18319489499419414,0.9815838552141818
TEST_04428,3.190314679155578,0.1726742653051514,0.1549579560072928
TEST_04429,4.999280034257195,1.3682854097573798,-0.20000503342719303
TEST_04430,5.313839292130393,-1.7364286076810485,-0.9358073005027862
TEST_04431,1.9873650028648837,-1.2199567533586244,-0.5392184510660954
TEST_04432,3.3388621435749855,-0.6063899075610054,1.5639242659782402
TEST_04433,3.813682589409415,0.12992664555327343,0.7714667780778651
TEST_04434,2.9575917549639867,-0.4053604994958206,1.0020799135160514
TEST_04435,1.4006615143739334,-0.11716227038763277,-0.051970894194038
TEST_04436,1.9210375575649339,-0.12520242093410247,0.6881661492500976
TEST_04437,1.6430678553577114,-1.0759250754776912,0.2794946651649162
TEST_04438,1.996707676811118,0.14462208221280784,0.4603282656965814
TEST_04439,3.9878037410568488,-1.5626473524441316,1.4456790506134705
TEST_04440,2.455208940492516,-0.9513066632892427,0.5620011662340145
TEST_04441,1.39836424432668,0.4726042011914263,0.14097048909427606
TEST_04442,3.8532965231798686,0.281071184926222,-0.8704276119377905
TEST_04443,3.6944323624317077,-1.3072202935258295,-0.32347066641644395
TEST_04444,2.399531950831825,0.5817714962627972,0.4021954049968146
TEST_04445,2.3637783791524822,-0.028114661655951462,0.07849418429665792
TEST_04446,1.650086609385612,0.4289385603645605,-0.19365549937077473
TEST_04447,4.235900566318129,1.4106934925930856,1.001274317365521
TEST_04448,4.2943147520743805,1.6230835134338417,1.50322295172027
TEST_04449,3.278287671549061,-0.34985917024521984,-0.5014712170687685
TEST_04450,1.2706848447181835,-0.05160698958892092,0.19352781346098924
TEST_04451,3.014107520125254,0.5302737139936228,0.14606109184477764
TEST_04452,4.730705501078123,-0.20927320273515976,1.6118843896778634
TEST_04453,2.318094030895935,0.08437267343523001,0.38756553306276453
TEST_04454,2.308461889546386,-1.5281670341688882,1.4169418383555654
TEST_04455,1.8590404082885084,1.0437028973403693,0.13665125585635665
TEST_04456,3.3884313105614874,-0.36835892130121306,1.0312379307750839
TEST_04457,2.2874657582856224,0.07859126114424479,0.10560007467748675
TEST_04458,2.717531657575164,0.2212795340363303,-0.11610114392167335
TEST_04459,4.608234996570301,-1.442647292732381,1.0411552770470567
TEST_04460,2.4525270422621857,-0.18391614532682782,-0.6953389352490652
TEST_04461,3.185026679306842,-0.46864388705105003,0.7692602841056565
TEST_04462,2.028062429601861,-0.2241563022146913,0.14630531534867838
TEST_04463,1.858555690449263,0.024810016093371797,0.5854097335753722
TEST_04464,4.2884298942319665,0.2934367975737175,0.6947071449444021
TEST_04465,4.283650761605643,-1.6563104033706293,-0.31372508890312584
TEST_04466,2.0957471233633664,-0.06103429286809191,0.299580537793351
TEST_04467,3.663644467619325,-0.7944751564621039,-0.5925348086387499
TEST_04468,2.5786058725332817,-0.8025819374173673,0.4738874724261916
TEST_04469,2.636664496145882,0.08969111013118758,0.8030070521293746
TEST_04470,2.3040158824829526,-0.10189769399644683,0.6266234379981895
TEST_04471,1.2690971647493143,-0.601086192395003,0.2130568522372011
TEST_04472,1.2100538916465438,0.485465135255011,0.022523061391890177
TEST_04473,2.227639301534325,-1.0289955186481934,0.8705724699527678
TEST_04474,1.520740214963872,-0.20720610406059925,0.10902902231315648
TEST_04475,2.3440170335799424,0.729650780570664,0.5228743655395449
TEST_04476,2.8816205912472994,0.43552156079079,0.8307330232905202
TEST_04477,3.068609249480944,-0.24036539357789874,0.973556831521337
TEST_04478,2.942771266754206,-0.878610634845461,0.7701201415570044
TEST_04479,4.219418503230611,-0.17958764213785508,-0.08686128387479126
TEST_04480,4.365551898070399,0.5096216635761168,1.4712376375667595
TEST_04481,1.3954212293446597,-0.20567079406434743,-0.11208966667524424
TEST_04482,2.4861744570231936,1.4561199672156402,1.6161978043519256
TEST_04483,2.424924928590613,-0.9775442286866279,-0.8678872267685208
TEST_04484,2.1198711001597035,-0.2979936854544642,0.0746509862340141
TEST_04485,0.946050268562958,-0.00979994685025981,0.299986246193147
TEST_04486,3.7988599162125305,0.4918070692590741,-0.6646277329677843
TEST_04487,4.235087820074204,-0.6910574926132995,0.21644528488856987
TEST_04488,4.59717193785946,0.4439672633523776,0.24186181376469407
TEST_04489,3.1676172762297283,-0.0872058048598672,-0.08138566617382571
TEST_04490,2.596299831185468,0.2680078744062166,0.5921259237797728
TEST_04491,2.8650862985614163,0.19255259092756888,0.5142414577747003
TEST_04492,4.634993276144701,-0.7931950547223448,0.7567842070785683
TEST_04493,2.5537100047793198,0.03045623346802427,0.010524749292003456
TEST_04494,2.2076819117566187,-0.1804094718139755,0.015025668032873047
TEST_04495,1.4571120860302809,0.8319922637986692,-0.19914428146778268
TEST_04496,2.962592413775379,-0.04745942384075258,1.3250604925342468
TEST_04497,3.540775839741229,-1.848546615153591,1.829851870016107
TEST_04498,5.082506592440897,0.6358500298984759,1.6252248307739732
TEST_04499,1.9904943215098219,1.22833387425188,-0.42914059074980043
TEST_04500,3.042578931268404,0.3568304822703453,0.5138207647271456
TEST_04501,1.1722291132759246,0.074891914123104,-0.12445291474098855
TEST_04502,1.9484349942690775,-0.2797705538353521,0.4979016799401231
TEST_04503,2.205152165737961,0.11173486690364896,0.594293998444831
TEST_04504,2.715535647238385,-0.1372581080975053,-0.5992393959158414
TEST_04505,2.764274460451052,0.9492031148443283,1.0465063586669796
TEST_04506,1.550614075040073,0.5097196717009189,0.3114111123517137
TEST_04507,2.0733741861965114,0.5161532966095855,-0.14617113398356021
TEST_04508,2.7978318495726247,0.3390932896327125,0.6345681225265195
TEST_04509,3.3170025618379104,0.48972155833232667,-1.169983099006096
TEST_04510,2.688538079487763,-1.1655353526578616,0.7207906649738444
TEST_04511,1.1441581836906916,-0.409499034781309,-0.11265855898492827
TEST_04512,2.2088857428236266,0.7398608003951105,-0.3083229504508439
TEST_04513,2.0821189627878045,0.056094170636357486,0.30555296186641484
TEST_04514,3.0656801659713158,0.14460323325041438,0.010120739203272243
TEST_04515,0.9833850231154514,0.49534138039962494,0.07139078131086041
TEST_04516,2.908079468425841,0.7117927023071354,0.4508214300740592
TEST_04517,1.4650250192900343,0.3965129741337072,0.39972606335966027
TEST_04518,3.512861413518349,0.440598011622013,0.8809951485924387
TEST_04519,5.4693014529380655,-1.0202944405400207,-0.9381589052184168
TEST_04520,1.9339455741016307,0.9514007796841066,-0.17232622670526862
TEST_04521,1.659935035277505,-0.6771080755058525,-0.19223338235031123
TEST_04522,2.6022633028382156,-1.4330432560104815,1.3562240964698853
TEST_04523,3.3043366066237283,1.926759710962159,0.14088951454427578
TEST_04524,3.6455828920549345,1.156840285374653,-0.5262955114615032
TEST_04525,1.82469928872068,-0.09005423408254515,-0.03403350224532014
TEST_04526,2.9560416628272024,0.29402625848771263,-0.31180090271528393
TEST_04527,2.8893069220613175,-0.5954222108812155,1.3262829569333991
TEST_04528,2.754510050923349,1.1235285876742465,-0.485905806694621
TEST_04529,1.9731446138699114,0.43987730558867566,0.06484409256568333
TEST_04530,2.569275401786628,0.47145813727763003,-0.314246834662251
TEST_04531,1.1538382287166478,-0.12396985168750906,-0.3115058264259904
TEST_04532,2.6689837936066665,-0.5969607849865063,-0.9603045380469205
TEST_04533,0.9303585593856121,-0.05534279199587759,0.19334021220777692
TEST_04534,1.6030883627772352,0.23663167501177682,0.21891468791368693
TEST_04535,4.143511343897668,0.36514999229057954,-0.12841524276896935
TEST_04536,3.2128283344327424,-0.865624868212604,-0.6530166987305347
TEST_04537,3.5705088443467443,-0.3589674235668666,0.7460116756461838
TEST_04538,2.9791054996061974,-0.9049056837593846,-0.33328518588686573
TEST_04539,2.140810178126007,0.1319318934353627,-0.7307557081856605
TEST_04540,1.5827125743436579,-0.6849601309346862,-0.13537344339408197
TEST_04541,2.301422936934497,-0.009464724893508173,-0.33375604988647656
TEST_04542,1.5463900534242592,-0.38046478230785,0.43552750137626894
TEST_04543,2.3028484037079884,-0.41248374151279044,-0.6254293487475713
TEST_04544,3.774978665687562,0.5403930188296272,-0.22455032515261492
TEST_04545,4.438215051737931,1.5899345731528525,1.683919158561463
TEST_04546,1.2468450344760127,0.19761047688820252,0.03977220107126885
TEST_04547,3.9410734486050347,-0.507480105439157,0.67496528184982
TEST_04548,2.8225265222343734,0.5934473904570159,0.20643102434035487
TEST_04549,2.6353228390978134,-1.2483502996212401,0.20941634603346887
TEST_04550,1.9536416583781677,-0.4902587737383766,0.6159111883792247
TEST_04551,1.4049683840873488,0.1922043095736278,0.030183779922818448
TEST_04552,1.7237601700164609,-0.6584066491168052,0.04715964038341032
TEST_04553,3.663442317235245,2.0819374921909417,0.707501449430604
TEST_04554,3.6876546437187265,0.3033091095509612,0.33269762901293837
TEST_04555,0.7412468552532407,0.37180836594776906,-0.2299815010461618
TEST_04556,2.7568632495237786,1.1193881362515952,-0.7785299294245591
TEST_04557,2.8788182806288787,0.9785065522698595,-0.6312125988113482
TEST_04558,2.3052376262796357,0.8148185919668682,0.33045393967776393
TEST_04559,5.627716644164172,1.568682228879933,-0.5303649167337323
TEST_04560,2.8805731091744446,2.3827727414540387,-0.10136376394983038
TEST_04561,1.5377651608857226,0.29891388510538647,-0.4724762450305239
TEST_04562,3.708338974654364,-0.5011780153616904,0.6443012879829985
TEST_04563,2.402375234146834,-1.6560816514127612,1.228491502322491
TEST_04564,3.099094406442817,0.2277785298035335,1.459604275585373
TEST_04565,1.099142223152159,-0.20363981963394817,0.33113239422336405
TEST_04566,2.7592081722349118,-0.08368793270391683,0.8451302760941023
TEST_04567,2.8976610948260118,0.624714174001769,0.7050310838829057
TEST_04568,4.715652744135996,-1.696039165980049,0.9578513548959595
TEST_04569,2.5219128912719273,0.702424914724835,-0.13510425875278576
TEST_04570,2.013271015318527,0.5846138349232799,-0.31354294735798416
TEST_04571,2.8207362870610817,-0.26619646008695014,0.7914385176648623
TEST_04572,2.409558970597394,0.18529651450542495,-0.7600425496199774
TEST_04573,1.5441636036184847,0.18211490979954756,0.02173193792786161
TEST_04574,2.258148590894613,0.11136540360386439,0.4052100490713383
TEST_04575,1.448573807512351,0.5054887201269387,0.2850537034159391
TEST_04576,3.123918306745188,-0.16483141671708706,1.0500892445329117
TEST_04577,3.2808112531288502,-0.06754556975891739,0.6504590281994286
TEST_04578,4.868136457600778,-0.6362887325655242,-1.1606191677061528
TEST_04579,1.7302989547562324,0.33701152191471856,0.5321117991045586
TEST_04580,2.42556366261997,0.09195420440286148,0.004000126633125195
TEST_04581,3.4828739949853684,0.29934747559184205,-0.6970050754243404
TEST_04582,1.6193276686181157,-0.5570859375044922,-0.49893454371940577
TEST_04583,2.0596236715437226,0.638938748786817,-0.3683784227631077
TEST_04584,3.085615944684053,-0.5353263466051927,-0.512725618084972
TEST_04585,2.141085888139555,-1.7410299958994273,-0.4746998006236538
TEST_04586,1.9260637803275436,0.1426354143708213,0.20619277641901979
TEST_04587,2.527616619683311,-0.3183570303505193,-0.38507720169237053
TEST_04588,2.3530405185051646,-0.8278578101966267,0.09240890211750691
TEST_04589,2.8259636062685547,1.175723873980424,0.5295413080756606
TEST_04590,5.098253113533446,1.4953414000589238,-0.022444169971919878
TEST_04591,2.1576007289465586,0.23530561169746064,-0.09451635110644233
TEST_04592,2.2761921284134288,-1.2643390329492525,0.036345356115809274
TEST_04593,3.53428841454129,0.726121726627171,-0.308494183458704
TEST_04594,1.785515223766382,-0.05223072083251304,0.25649261352031505
TEST_04595,1.0659541737286649,-0.3295589541693156,0.42322313835425013
TEST_04596,2.216979434929293,0.6597508058323583,-0.12216525540721343
TEST_04597,3.488889853760686,-0.8993887804562269,0.7822438568327107
TEST_04598,1.3009292571819042,0.34648165315739937,-0.055338287871262416
TEST_04599,5.481641744130279,-0.21604051429969112,-0.25652505987990953
TEST_04600,3.8877305454093354,0.36191725825028515,-1.028925431838947
TEST_04601,4.538504779265982,-2.14568909296887,-0.31882713954876496
TEST_04602,1.8866545354960844,1.1006058444753004,0.1747257943339399
TEST_04603,3.4844955984780666,-0.8699628580364486,-0.07317539370045881
TEST_04604,1.4317686099514348,-0.13165082482197335,0.5106791686366531
TEST_04605,2.616279903648652,-0.027172836601005387,-0.6592108591071625
TEST_04606,2.9387584219033673,-0.6840958436927016,-0.671826031859618
TEST_04607,3.1868242459428093,0.923701589800749,-0.696050365859688
TEST_04608,4.220314584298481,-0.6716748151514881,0.5331099156656841
TEST_04609,3.4068352687349206,0.1726499967818161,0.4665252939805802
TEST_04610,2.9344016414673115,0.3187301549144017,-0.2912908304490142
TEST_04611,2.629020661283651,-0.00887510410927478,-0.20870709259971323
TEST_04612,4.623752104814962,0.14463292257415913,1.2405673988129697
TEST_04613,1.3765213530967897,0.09444969548230683,-0.04053086932022827
TEST_04614,1.7953045615848342,1.136559786793511,0.33263297413183335
TEST_04615,4.0631973573514495,-0.8422378237751621,-0.6394698621647785
TEST_04616,1.7338694541783317,0.2520951700738237,-0.2467515150025402
TEST_04617,2.8902519073124364,0.0636166375251763,0.9372417020369754
TEST_04618,4.73225774450402,-0.7688066995378371,0.495431773146213
TEST_04619,2.24880821796065,-0.4190674926462669,0.10795310090592383
TEST_04620,2.832742671389437,0.2009322793206066,-0.008886584937886481
TEST_04621,0.7715388026639343,0.14537292355530282,0.08437697796979707
TEST_04622,1.723354083802335,0.4900861158774237,0.5244821006264365
TEST_04623,3.3230208247675006,-0.2620836118916444,1.0990888910880738
TEST_04624,3.279479521409252,-0.041853450646238216,-0.14391440692456392
TEST_04625,2.6982914939331164,-0.6934134400850122,1.5187240751110047
TEST_04626,2.633493151847091,-0.2835373645758335,-0.39723458734715955
TEST_04627,3.9617469127519436,-0.13074324509344004,-0.13561075127572655
TEST_04628,1.7518465731761073,-0.2295427496297811,-0.023325842465310907
TEST_04629,2.0095369648817383,-1.0865561963135764,0.3662140413917734
TEST_04630,1.1483787964130607,0.09137705549061788,0.294582569361889
TEST_04631,1.5233281002158023,-0.7296676804163821,0.4530787313784924
TEST_04632,3.330358526506514,0.4770780411621258,0.162447915475149
TEST_04633,1.7131224862165435,0.5190868489959876,-0.22880679781001398
TEST_04634,1.7247594605335101,-0.3859520443195931,0.1994068788265669
TEST_04635,1.0542358364854503,0.6059461978059059,-0.3568241429243612
TEST_04636,3.9162709526052533,1.8688629315486212,-0.7817019481871077
TEST_04637,2.373890034433384,-0.45974016161546577,0.0513324496404162
TEST_04638,1.312943918045307,0.7272649641283769,0.17458675611019286
TEST_04639,3.4340778679389237,-1.1123232391980111,-1.2230518949295692
TEST_04640,4.781388103424824,2.3052546556233553,1.0612035276573029
TEST_04641,2.7902568369993834,0.27382474964414205,0.5581267067218064
TEST_04642,2.74564612215569,-1.386355875211216,0.16876817589395882
TEST_04643,3.707775001468652,-2.2562268830493744,0.16376404632999625
TEST_04644,3.402469856425932,-0.709428825315814,-0.8615870530263748
TEST_04645,2.811980930828232,-0.6693104176578366,0.19092071260189492
TEST_04646,1.5365086685346319,0.26835854006472243,-0.23261429546408238
TEST_04647,1.9211880354280964,-0.23815049464967966,-0.11281642588248661
TEST_04648,2.856935016939993,0.5216543687395312,-0.4738102174554521
TEST_04649,4.052083019607264,0.6196821287671318,-0.5330909078503503
TEST_04650,2.7809230145815156,0.6313613229356295,0.25922892489121846
TEST_04651,2.4990544611299477,0.19299842783633986,-0.5292760323623702
TEST_04652,4.2944378809545345,0.7082021092066505,-0.31926028168821124
TEST_04653,2.3442537688479432,-0.045094828162088874,0.20867580612715103
TEST_04654,2.0067008404980795,1.6314360537829646,-0.1614523800806554
TEST_04655,3.2092347318427294,-0.5858792655583498,-0.7413330244932181
TEST_04656,1.9730280322466838,-0.045709339134481795,-0.3506445190175433
TEST_04657,3.2945832139181097,0.5027152387776839,-0.26646261832488316
TEST_04658,3.8480259594377793,0.5487192948552188,-0.8386305404497671
TEST_04659,1.5459446973635282,-0.5164102698804767,-0.1604313011008368
TEST_04660,0.9807518789384295,-0.1822720326161218,-0.10650214215026928
TEST_04661,2.052372964020232,-0.036709215633570866,0.5510483151534473
TEST_04662,2.0834011998675566,-0.6709089554271326,0.02442099469083882
TEST_04663,3.8285085519990067,0.2022203798291767,-0.10354067122361658
TEST_04664,3.996764960863034,-0.538612076811134,0.7132183613247198
TEST_04665,4.102728334883682,1.1962542008657204,0.08871854365521055
TEST_04666,1.7852975539255784,-0.5652776371997338,-0.7926478500314713
TEST_04667,3.3850208165526654,-0.1891249382462235,-0.07083155614814424
TEST_04668,2.798051082175125,0.20073387315274915,-0.1432540976386205
TEST_04669,2.8755299817539712,0.23616841110760242,-0.5666125518167167
TEST_04670,5.0366636616851075,-1.1739239951836968,1.18094840691345
TEST_04671,1.3044314481979582,0.32988087236468205,0.16671742476409268
TEST_04672,3.092975871455217,-1.3543777636770638,1.5147618041279791
TEST_04673,2.561755838285938,0.47711484675250937,0.3689280840483696
TEST_04674,2.9354619795984327,0.14300671688912342,-0.048012297516311184
TEST_04675,2.4155619966197674,0.9757437817357458,0.580988128441633
TEST_04676,2.2339731541762395,0.1832353188574413,-0.05762411286663011
TEST_04677,2.2113494996114498,0.5161105040371274,0.02834462442959959
TEST_04678,2.1778826541680743,-1.1376905899322443,-0.5244528577547332
TEST_04679,4.97297932021472,-1.5914054846058359,2.155906741590352
TEST_04680,2.2594835821245676,1.8052220026688692,-0.3787568813413707
TEST_04681,5.0559968497796515,0.9213448808721217,0.9522590892327869
TEST_04682,4.909582153775723,-0.03783077453892898,-0.814190727534082
TEST_04683,2.6122483103523892,0.711581666513882,0.20979855932864994
TEST_04684,1.803782298412207,-0.33628976679143663,0.7017531298895336
TEST_04685,3.0595213518816045,-0.04545803406513468,0.06330018266185361
TEST_04686,3.905155669098566,0.36369937089146165,-0.22077273904211536
TEST_04687,1.3236433442145275,0.2630064962974858,-0.4567964550448662
TEST_04688,2.493705671374596,1.3225886625491126,-0.9720048825240674
TEST_04689,2.377300724098217,0.32132494721185567,0.09302003951679298
TEST_04690,2.555675130401972,0.7406308991417869,0.47408515132319373
TEST_04691,2.9314672568124522,-0.15086410724837418,0.6513348353134475
TEST_04692,4.035132683899653,-1.1804940938582664,0.5128563910817192
TEST_04693,1.3150243879298134,-0.4516104953541476,0.4252077735266816
TEST_04694,3.2021346731062543,0.05841720524102339,0.5403670197427596
TEST_04695,2.7193560006528057,0.18861492883347325,0.21272054236588755
TEST_04696,2.70408912167334,0.5533065880398126,0.006048391175799517
TEST_04697,1.472648291302644,0.047128787150306495,0.21445172422413553
TEST_04698,4.365987747898206,0.060943562704652336,0.8279546142125865
TEST_04699,4.62596497147814,-1.4973912595019283,1.4152643816623156
TEST_04700,2.8600553151642507,-0.5055216427450977,0.48746926620483094
TEST_04701,1.4995989494126265,-0.38555267538839444,-0.11006831956929584
TEST_04702,1.3607826484008039,0.3298874000483418,0.3689669163194372
TEST_04703,1.5147722493048612,0.09379034382528423,-0.19429459584292097
TEST_04704,1.2377533859060545,-0.5537861941577141,-0.27502569285561607
TEST_04705,1.9828176905632544,-1.574898299803737,0.9901395532465417
TEST_04706,0.9751946762097041,0.03133921084924118,0.3313093126488842
TEST_04707,1.7278301438155101,-0.710982065536828,0.023434232575396716
TEST_04708,2.527685179758143,0.005210041755979241,-0.19508810302263918
TEST_04709,3.338634238950928,-0.060097045529557844,1.4336196191957569
TEST_04710,4.240908332263838,-1.1397960958274589,0.059806655307269425
TEST_04711,1.7052544370164737,-0.30760931583536427,0.18212010037347812
TEST_04712,1.841186840625749,0.40196474222089207,0.529864927204693
TEST_04713,2.3481091405685586,0.4614063106282032,0.022515026148628745
TEST_04714,1.2309544827855898,0.11422903820548747,-0.10239269698966443
TEST_04715,1.5477696829097216,0.37807655213122626,0.32794618657894586
TEST_04716,3.7901654444814334,-0.2930373544749596,0.08029533826737298
TEST_04717,1.7368193479518044,0.017157577943776654,0.16704481993081638
TEST_04718,1.9957711316916171,0.38977352603097926,0.9134944048650457
TEST_04719,4.161180803870177,-0.5572983824733676,0.600760153944589
TEST_04720,4.0464071778893205,-1.274388926670317,-0.5774562517674479
TEST_04721,3.498655679466065,2.2783003622053317,-0.4874852178531013
TEST_04722,1.7144748272603292,-0.7702435452517514,-0.5708929421598177
TEST_04723,1.4784241964799145,1.0777809514983374,0.42275189369211347
TEST_04724,2.7552247237296403,0.6618352913725927,-0.35363149514178954
TEST_04725,2.788893587194776,0.22996412477934583,0.5653974684962118
TEST_04726,3.488700084182831,-0.014219078221418872,0.16153513953796286
TEST_04727,2.475488947663497,0.537662929277721,0.871426450268451
TEST_04728,2.534151553456661,-1.6292811184960108,0.570144721395191
TEST_04729,2.863716083727729,0.4144682790738549,0.09518930599562517
TEST_04730,1.064351066463089,0.07576082064660593,-0.22663092949374122
TEST_04731,3.822177443413876,0.08976973668895528,0.35704520428265
TEST_04732,2.854957798997282,-0.7948687112836681,0.7124449894846708
TEST_04733,2.2401522756025845,-0.30385397790335317,0.6226343020017474
TEST_04734,1.9189022006109897,1.5493217859471884,-0.3180341102156323
TEST_04735,3.9921940093013633,1.345292247962415,-0.46672926358228894
TEST_04736,2.868964116175524,0.024739663260351995,0.9287827830311697
TEST_04737,2.999308272861707,0.026395609114595257,0.15758547635951128
TEST_04738,2.370038280098948,0.09786923698340329,0.40875465783351506
TEST_04739,1.2462891338913553,-0.42220954025304547,0.15776376367287903
TEST_04740,1.425633589414367,0.26060724911800753,-0.14846072263090893
TEST_04741,1.0494488017738497,0.13349425109526744,-0.35015517705204113
TEST_04742,1.990655950757779,-0.2097859463854886,0.32087304352810064
TEST_04743,2.1536818482797297,-0.7369177656411295,-0.8232688665743219
TEST_04744,2.894653532525268,-0.34173115141454974,-0.03851956080287533
TEST_04745,1.494471454029565,-0.08731816590902543,0.4713127467516474
TEST_04746,1.2357962416655046,-0.021675426799491783,-0.16270036115186723
TEST_04747,2.340120255772326,-0.08422386166842197,0.07559349323207806
TEST_04748,2.7856053589126626,1.0193090479670897,0.3174828948469615
TEST_04749,3.375608541892114,-0.4467154966041686,-0.3313342817300282
TEST_04750,4.152785207220293,-0.10330903231483823,0.7629075316706614
TEST_04751,1.28233349051441,-0.7073122230335585,0.06787212049832142
TEST_04752,2.15586741492925,-1.3310837505939668,-0.8047954538053568
TEST_04753,2.521990360210394,0.8035459541298686,1.0785747194002873
TEST_04754,2.2578372396338886,0.29551620688167196,-0.004560043251243253
TEST_04755,1.4662160654387169,0.44288277303364487,0.24408900062603348
TEST_04756,3.4714428112783247,-1.2494344859552173,1.4874224339344804
TEST_04757,1.8291199677386774,-0.2312714456223546,0.319128826894659
TEST_04758,3.015400418139051,-0.38632324576661814,1.153161341504916
TEST_04759,3.856528219378961,0.37042283056318576,2.139631596371368
TEST_04760,2.024905331172445,-0.8307911564228989,0.2738637505371626
TEST_04761,2.5237496243811313,2.261224668270641,-0.6211266707992815
TEST_04762,1.7242755779107208,0.4709539016562542,-0.7179081604917015
TEST_04763,3.1370261799878785,1.4867454101476265,-1.242701083482718
TEST_04764,2.542537550211348,0.08703448078533962,-0.513542113127522
TEST_04765,1.0302624829562366,0.12042756247127448,-0.2056359736851067
TEST_04766,4.444812004138811,-1.0197971430216992,0.5240827051266401
TEST_04767,1.3158902488028703,0.7031813111050759,0.48238617249903987
TEST_04768,3.242721912993048,2.238709841346748,1.608723214507202
TEST_04769,1.8710982919257795,0.10513352191351569,-0.0805139206333904
TEST_04770,2.255378619253613,0.18384241713721186,0.2999457966985353
TEST_04771,1.069810918408001,-0.41915981267439906,0.11532007172896352
TEST_04772,1.1521054311252106,0.535878284557045,-0.5779651169902665
TEST_04773,2.3017182820929736,-0.8194298670472038,0.1363707970740505
TEST_04774,1.8961331732256472,0.6650904829251323,-0.18470404549908503
TEST_04775,2.76077519921751,0.5066823038401366,-0.10271169638571913
TEST_04776,1.8371701323322263,-0.06866489275597053,0.8255860870182665
TEST_04777,1.9785846092573363,-0.8865554103830235,-0.013795588331710374
TEST_04778,1.777199071064221,0.35449531035087495,0.5778546164130658
TEST_04779,2.239374594619998,-0.42522003872916636,0.24338160263005543
TEST_04780,1.4856402534231083,-0.6865876714114174,0.4783485760138695
TEST_04781,3.3627181450370895,-0.5418796509391773,-0.10120559053121773
TEST_04782,1.852043898859009,-0.27878090543650674,-0.567879321977203
TEST_04783,3.0990694515776718,-0.4108218608031722,1.2403036880907887
TEST_04784,3.264911631780486,0.20053809676008613,0.21519534885993474
TEST_04785,2.822344252910756,1.7691374622499192,-0.5871925267141211
TEST_04786,2.8226011308018224,-0.5760900467412179,0.282705379897614
TEST_04787,1.6539645469435091,0.3184452021385159,0.3738914337653899
TEST_04788,3.447112857393868,0.19095071491771756,-0.09878581444485139
TEST_04789,4.6965670914848285,-0.4145068625010299,0.40315132370676254
TEST_04790,3.5790005465427144,1.184260696515078,-0.2544150382608908
TEST_04791,2.172306457939861,0.055631310484440276,0.6092233529835878
TEST_04792,3.325360625530395,-1.3085679294713575,0.566944048773408
TEST_04793,2.965020178551023,-0.009992568003325687,0.9804338701890921
TEST_04794,2.134069320488979,-0.22092253680026444,0.03167769993266727
TEST_04795,0.8332281102464701,0.0013795906484968482,-0.03745817346441334
TEST_04796,3.5474864284770558,-0.8588047587465496,0.5183602343238448
TEST_04797,1.8755411538889586,0.2622459858465391,0.5084593007534812
TEST_04798,2.1594146116378967,-1.184447075781305,0.6431771203875083
TEST_04799,5.024581439205897,0.05906781383623377,1.6806493878601976
TEST_04800,5.008210165268977,-0.21741746981068982,0.6149307649813657
TEST_04801,4.852766755179959,-2.434038010225732,-0.9588272784477679
TEST_04802,1.3576109990199487,0.8884857612114397,-0.19108823197442465
TEST_04803,2.383452793186904,-0.9818946011025076,-0.2530968132513125
TEST_04804,2.1340365942120503,0.18170080153935922,-0.14714321024348762
TEST_04805,1.1245981104767309,-0.17998299730306677,0.19142129372973504
TEST_04806,2.4490076021976317,0.02844771276454139,0.1558363946545824
TEST_04807,4.060786121861658,-1.0032924649845787,-0.6288237051561967
TEST_04808,5.872762419147348,-2.2681296773146027,0.5973556505319616
TEST_04809,1.7985276029673747,0.4529129708482108,-0.3064006565383393
TEST_04810,2.060090011779473,-0.4297337481576765,-0.5470501827395862
TEST_04811,2.090976456383816,0.10677119997726806,-0.4723581506614651
TEST_04812,3.0066137122064465,1.3207720023422949,0.45843101362023475
TEST_04813,1.0157330283702453,0.10731121170547407,-0.22369626415763505
TEST_04814,3.8916109954421834,-0.1683916898076846,1.1752876863886117
TEST_04815,3.916820928954609,0.3446151309403851,0.4152263069591391
TEST_04816,1.3972871588231932,-0.7301749957432891,0.4078712193213382
TEST_04817,1.648534108503591,-0.38638051890698455,0.603927046453502
TEST_04818,4.763899831552431,0.6770760473245515,1.5731174250888602
TEST_04819,0.8058048543180852,-0.04807291087285317,0.17834065951483993
TEST_04820,1.327405862706012,0.6214983866984324,-0.038834512036832115
TEST_04821,1.1562270836281343,-0.22924328947808803,-0.07467933339762864
TEST_04822,1.4932076430989032,-0.01267975089771016,-0.20488681240541515
TEST_04823,3.7497489029487583,0.06460615406576875,0.21274453318706005
TEST_04824,1.6076088732786258,0.45590498826384845,0.5461038873353775
TEST_04825,1.7831484942791809,-1.1000748815844479,0.22541427353857937
TEST_04826,2.5679882509853753,0.3372029830224903,0.12506995792471295
TEST_04827,1.7536709732133255,-0.29457121816121057,-0.580412868681498
TEST_04828,2.75557682925699,0.9165593975814776,-0.8275433326462008
TEST_04829,3.4589848137216843,-0.6584183115558558,-0.90618714584773
TEST_04830,4.56618109339516,-0.06825680491309578,-0.7615644011951676
TEST_04831,1.379046718336174,0.07916199816999196,0.046373426406850826
TEST_04832,3.2001089309683315,0.538872763091383,-0.4244812674122942
TEST_04833,3.7005102978970146,0.6058880063835564,0.6752562343261405
TEST_04834,2.3853262987531143,0.1631604084113289,-0.004572975930787957
TEST_04835,2.410430344682839,0.16512800807167172,0.38105073050600846
TEST_04836,3.614833616026934,-0.3735805486928802,0.8500496087794267
TEST_04837,1.7646299678070627,-0.16896268120411023,-0.13041059473853855
TEST_04838,2.1128647087960712,-0.9515944464696361,0.082193532989483
TEST_04839,5.353076700657576,0.9596306608019031,1.2790176726659641
TEST_04840,2.0934993949791267,-0.6981568933355675,-0.18534595682075308
TEST_04841,2.9369520477976763,-1.3352329598867305,-0.080354874830545
TEST_04842,1.8317371587755977,0.17365510991837826,0.10979386845331493
TEST_04843,1.9476753469988415,-0.32496475326758645,-0.7674955927277278
TEST_04844,2.5481572806204715,0.31275174495158437,0.2652346310928957
TEST_04845,2.265394914445949,-0.32533501302567164,-0.24066746030195296
TEST_04846,2.2290077222261377,0.35130886686209617,-0.3033289787792074
TEST_04847,4.078972211312253,-0.7316431047683595,0.4499696083968021
TEST_04848,4.070552888619656,-0.3189437232072963,-0.6661234588043019
TEST_04849,1.8758419049140755,0.09622853832830924,-0.041351908325180556
TEST_04850,2.095736881457746,0.23956533137969763,-0.2679390146455469
TEST_04851,1.7964466396677181,0.0815721209834334,-0.026542520174117082
TEST_04852,1.6284990076583425,-0.21992007173560577,0.2013379303196436
TEST_04853,1.0480904993267306,0.19959352908139041,0.03877718608288259
TEST_04854,1.0237918856658512,0.3331068900734997,0.17634732916567147
TEST_04855,1.1759519427363918,0.6239150858179191,-0.19620254810726867
TEST_04856,3.392753592338262,0.6535397986662862,1.5362194853765088
TEST_04857,4.273547704409289,1.5091080710740712,0.15555245717294058
TEST_04858,2.1809495086237285,0.13372126722830616,-0.00035890880198386453
TEST_04859,4.364783433974155,0.9427332288402528,1.0476807056313182
TEST_04860,2.868082009647311,-0.8856548599559294,0.6687060651674112
TEST_04861,1.7004827158395825,0.013779720064935167,-0.3504000689163059
TEST_04862,1.3106591425749592,0.3673512357787301,-0.04201030482052012
TEST_04863,3.2072937032694377,-0.6241646353902005,0.7995238613774307
TEST_04864,1.782081363698984,0.6404191044332105,-0.00592771064500952
TEST_04865,3.0644326336763887,0.7235351340371037,0.35416236394530204
TEST_04866,3.1879130001825646,0.026899291477430507,-0.07966605582265894
TEST_04867,1.476707352779577,0.6386863401965134,-0.05869002531575088
TEST_04868,2.9770413923369126,0.027713379117012705,-0.051496602862255755
TEST_04869,4.591277861395589,0.24707612917715638,-0.6926862574219876
TEST_04870,2.499694294411145,-0.4589472382264228,-0.21087895097527326
TEST_04871,2.3029487085591986,0.5270044236462996,-0.45723162429120356
TEST_04872,3.2048104539174282,-0.19884717350778022,-0.9072410719516499
TEST_04873,2.852112127999264,-1.003992740877163,-0.20343077115276886
TEST_04874,0.9887095108975389,0.030190302296897946,-0.14313774289270026
TEST_04875,1.4405683739105273,-0.3323436373158929,-0.21503308231746912
TEST_04876,3.7450209571416644,-1.3950054964068126,1.069855802398535
TEST_04877,2.355917023939899,0.3043001554057246,0.2556554768305596
TEST_04878,3.1733467798334227,-1.1825095023497638,0.1315039972968645
TEST_04879,5.55201770767029,0.9438740114175896,-1.272233466456023
TEST_04880,2.4951956231491876,1.5663026271678495,0.06005979281077388
TEST_04881,1.6377274206004013,-0.048697552342525666,-0.05056403802422484
TEST_04882,3.1860635691399737,0.9281336207002858,1.3966836994419518
TEST_04883,2.512805869863808,-0.25980063472597914,-0.7096144217524145
TEST_04884,3.347426544293746,-0.2455470170759803,-0.5689178212334367
TEST_04885,2.466306154784806,0.14150833777073424,0.1800488861349743
TEST_04886,2.5461845166260635,0.25763835115220934,0.010291533901933003
TEST_04887,1.1960948418757353,-0.17913675545890706,0.4480123058685366
TEST_04888,2.241597786567858,-1.7685013314838194,-0.6466145997912383
TEST_04889,2.9024264562614954,0.4641788454739789,0.19744028389856305
TEST_04890,3.093273899099323,-0.1735694241258603,0.16420098176476686
TEST_04891,2.445884620355452,0.0027154165482388727,-0.13846897303488842
TEST_04892,1.5243105573396911,-0.386363262968296,0.292533321493878
TEST_04893,1.7080471723210815,0.030297557350792412,0.019204256253479005
TEST_04894,1.936670221225191,-0.5790155912122227,0.5889238615499093
TEST_04895,4.010769215846163,0.6785810236968985,-1.4982487001856175
TEST_04896,1.1692725090747995,-0.8182121344484051,-0.6087602082833174
TEST_04897,1.5484917449580322,0.09630621169323786,0.33550079091978885
TEST_04898,2.9326616752035717,0.4985575470889036,1.320930383435161
TEST_04899,2.734858231000964,-0.8291888576842805,0.22085393219432653
TEST_04900,2.489039792033425,-0.49677679512976225,0.2529312709487687
TEST_04901,3.099784331968721,-0.12572511744626377,-1.0996804332113628
TEST_04902,1.6182412371013435,0.34891856165328816,-0.20239652175927245
TEST_04903,2.005850138903737,-0.685335504465674,0.7130603139648866
TEST_04904,1.8051742218491453,0.4474536243925879,-0.4346058884154383
TEST_04905,3.969307974357756,0.6544961807178358,0.6345864078945486
TEST_04906,2.5418066258687753,-0.16601617328265522,0.27704144769375183
TEST_04907,2.131205675428319,-0.21675911139259887,-0.7303181042999215
TEST_04908,2.087838894344804,-0.45868756859133936,0.021079895222184394
TEST_04909,3.559948131839148,-0.7758030933289647,-0.30523550522679355
TEST_04910,2.265035611472084,-1.7283239204611018,-0.036095034189484454
TEST_04911,1.8155481907030202,-0.7403251489001503,-0.047635893205271375
TEST_04912,1.8644070318114492,0.15980372059177445,-0.39061816916584186
TEST_04913,2.9774858549736933,-0.25944946980253825,-0.0034589882492925637
TEST_04914,1.9892499424957282,0.3723565821539786,-0.2672979148522364
TEST_04915,2.2573667321268434,-0.4194351897197089,0.251325668927959
TEST_04916,4.310405880774148,0.4859360223025383,-0.1141138365149766
TEST_04917,2.3285671033271793,-1.6119604797518832,0.7904447207566235
TEST_04918,2.468769940991448,-0.6887330589844842,0.40037226222705574
TEST_04919,3.6752644299974677,1.2590243647490154,-0.22512779756009835
TEST_04920,2.555489005591277,0.5888897751484846,0.7643285850989809
TEST_04921,2.1251193346697184,0.07642620141775756,0.4926860206185282
TEST_04922,2.4813874300647853,-1.0189507342434354,0.006964823285195994
TEST_04923,2.0245138603431974,1.5627763657005864,0.6857178327013627
TEST_04924,2.636442020574613,0.09428026398583282,0.05703335592977577
TEST_04925,2.5950289458263165,-0.45435831271803356,0.16450697507930032
TEST_04926,2.245965565198928,-0.5103026097172008,0.3371193053419209
TEST_04927,2.1065289926931263,0.13199680893554433,-0.47971749673288294
TEST_04928,3.015983433185378,0.314149376483785,1.2594237954237484
TEST_04929,2.3464714077240756,0.6205656047517124,0.050480310746010705
TEST_04930,2.2195340986479093,-0.3376609725109534,0.4112978105149642
TEST_04931,2.18119845556057,-0.022109646349382527,0.11781036916062476
TEST_04932,2.1629835803289206,-0.9405653388745037,0.3091405017357269
TEST_04933,2.4052687546923415,-0.2096009634517801,0.3437122630198611
TEST_04934,2.1894947187836644,-0.278824234586494,0.7092913645451362
TEST_04935,1.8168570607657997,-0.038934456104996046,-0.181758962836558
TEST_04936,2.487056209151527,0.95479528882454,-0.08369558443525028
TEST_04937,3.2134518111326593,-0.7645111198807664,0.01906001061436412
TEST_04938,3.4981949706916327,-0.011090864918206813,-0.8071655223623447
TEST_04939,4.465017000421635,0.9725872616922976,-0.953693643506845
TEST_04940,2.0331670121665435,-0.8022445766440418,0.8820231283970095
TEST_04941,2.772322421179774,0.4228183328316538,0.713473164726816
TEST_04942,2.4764619118384084,-0.10118612645747406,0.5587475561234291
TEST_04943,2.6996635325396916,-0.25773874531156543,0.10210655009001367
TEST_04944,1.4343660044722948,-0.6748376684029315,-0.5188763835765133
TEST_04945,5.341177097270916,-0.49521677723604024,0.10549819225482523
TEST_04946,2.486282897405716,0.36232720830305515,-0.3338888581565937
TEST_04947,3.9366987139692142,0.22647197125469506,-0.16901026197070484
TEST_04948,2.796516437316155,-0.5097406246696662,0.23648156284532892
TEST_04949,4.155430653768163,-0.33656760455038015,0.06312844743853506
TEST_04950,2.759945753672737,1.0044703648154012,-0.5651193038046503
TEST_04951,1.2354213150496969,0.21606558648368915,-0.23406260992808517
TEST_04952,2.609069662720409,1.5931373886055629,0.11087771719724622
TEST_04953,2.270983385914031,0.7618697749035396,0.5715342648587017
TEST_04954,1.8300852234791538,-0.04622530555604612,0.2645823986651063
TEST_04955,1.2502447172888984,0.02969393205994642,-0.06729055618341935
TEST_04956,4.377715091172233,0.5344770104230664,-0.17122549752862892
TEST_04957,3.5164845126448063,1.7292878071134345,0.011832420697436608
TEST_04958,1.994794722472491,-0.4909068527522072,-0.2801445693088937
TEST_04959,5.697120220632414,1.5124276300008697,-0.5771806114576644
TEST_04960,2.5269924496745024,2.0315624468501596,-0.5644197286549483
TEST_04961,4.7664207778261884,-1.5672945829301228,0.9397325122042305
TEST_04962,2.0096176650353605,0.8745911323710419,-0.39079947735069803
TEST_04963,2.819372898471354,-1.6562443260502842,-0.8328688982750617
TEST_04964,2.0628918028583723,-0.3634402875091064,0.51714565564518
TEST_04965,2.572930970713895,-0.5351902523886068,0.4575523272867865
TEST_04966,1.6825672758736727,-0.22029462262591407,0.3716938805130781
TEST_04967,4.959412230120285,1.2008808200366519,-0.5061841099949625
TEST_04968,1.4132788500611544,-0.6402861840354481,-0.06775577255551353
TEST_04969,2.5561798808506517,0.08972051125039156,-0.549260443172161
TEST_04970,1.7168599045585313,0.5667016202452272,0.5496126758526175
TEST_04971,1.697211755610094,0.11785867535753997,-0.3781410534263799
TEST_04972,4.743860797605039,0.8179916291342848,-0.2090951414207047
TEST_04973,3.0377047356404137,0.48978872943267643,-0.5126025403575333
TEST_04974,3.3762947321241614,-0.7977613666658723,0.8009256098652813
TEST_04975,3.3314872826884967,1.1620941099172004,-1.0584125014190642
TEST_04976,2.3487900263719825,0.43665523417926866,1.1524463686342603
TEST_04977,1.93819563244744,-0.07229505152076232,0.8479755522518443
TEST_04978,4.134569292792918,-0.17062812437165742,0.3536096800887359
TEST_04979,2.0764328319399326,-0.38034335831479715,0.27484376239555763
TEST_04980,2.649364617765298,0.11182074005782147,0.003266452556443304
TEST_04981,0.9375394044378764,0.5733274521941798,0.05303064401089588
TEST_04982,1.9212434516028118,-0.7516695915549871,0.596605597131529
TEST_04983,1.3783785032629168,-0.29556488777265927,0.3081151955044763
TEST_04984,1.24647248582404,0.5056069661580441,0.44847887283188137
TEST_04985,1.3402766971715236,0.5213856031192571,0.12264274954539486
TEST_04986,2.0072632509271915,0.48939978294319986,0.5688990348789638
TEST_04987,2.2806728295991743,0.5842323591842997,-0.4009945363788176
TEST_04988,2.5879232939616967,-0.17775824203801827,0.6835103909164129
TEST_04989,3.9213006322128985,-0.004880771487967955,0.3168802401090479
TEST_04990,4.561912499204538,-1.0268699255067442,0.4878467540593181
TEST_04991,2.8970397333540614,0.6400404548699616,0.2632507491640413
TEST_04992,2.425063903915403,1.0920290226240987,0.6040016568583111
TEST_04993,2.974097562643577,0.7856960783421159,0.09859671179344
TEST_04994,1.242134200767344,0.29089100892939207,0.2134092677632162
TEST_04995,1.996089804734406,0.5977650983504862,0.2642670585663494
TEST_04996,4.115657849024181,0.46972579331395287,0.8819871701553104
TEST_04997,1.6890116754023894,0.4162888375055015,0.007998241204850497
TEST_04998,1.3664552221073656,-0.4351738687699527,-0.4607109712997998
TEST_04999,3.180853464300225,0.28799803713249794,-0.16303909176882775
TEST_05000,2.0275922726711935,-0.11208556864440426,0.3514788222944028
TEST_05001,2.7571157011161724,-1.7803856806050622,0.8080326628175099
TEST_05002,3.9994642134554277,-0.16016883651118125,0.5721191049506058
TEST_05003,3.9427769425193677,1.7905301651286836,-0.6335571216061946
TEST_05004,2.8075372107455183,-0.16999062045158614,-0.30448981106220313
TEST_05005,1.7993417690997893,-0.8283666627718589,-0.6567487563595346
TEST_05006,1.5840804478595838,0.3149152315381625,-0.3319053902501955
TEST_05007,4.000163142251875,-0.9033788300645285,0.7266654926122192
TEST_05008,5.406889328291045,-1.1153069053717728,0.13168476402314686
TEST_05009,2.0162107842749384,-0.6373310167584073,0.29662995025332883
TEST_05010,1.5570287078843361,-0.5572075918598783,0.4706411676890515
TEST_05011,3.080752086624737,0.19560599560763936,-0.4927081200414217
TEST_05012,1.706417408099003,0.1202170388373013,-0.5963158806280533
TEST_05013,2.5292487505448977,-0.07021339520070616,0.17898283365549217
TEST_05014,2.053658686998872,-0.10654600692683576,-0.9936295065919558
TEST_05015,1.9865610580760344,-1.1467793822250414,-0.4194633060695586
TEST_05016,3.369893856702562,0.7134167891038955,-0.4518829238698601
TEST_05017,2.436274438619639,-0.6106443052701357,0.03409702514937511
TEST_05018,4.222759059260655,-0.8845205110447134,1.6680538647187462
TEST_05019,2.1988001075360706,-0.6063659315886739,0.5975856579440476
TEST_05020,0.9702324886371659,0.1337944450789609,-0.4579310255319811
TEST_05021,3.332466901093033,-0.07696055667429907,0.13840589964975666
TEST_05022,1.9887115238299156,-0.2631101841212743,0.3508152709213773
TEST_05023,4.373024615054704,-0.6675127141018912,0.23551612136234004
TEST_05024,1.7018088776860296,-0.34656722406751217,0.1168263710214141
TEST_05025,2.750240265541953,-1.4410772452424234,-0.5070444383844172
TEST_05026,1.659188060059363,0.19714176845414444,-0.2796187053604755
TEST_05027,3.1337670697937523,0.5364178797174036,-0.041365246274660275
TEST_05028,1.5883123152629115,0.155738764454765,-0.3450095993836117
TEST_05029,2.2449985577800105,-1.4605022756247998,-0.3523013902781603
TEST_05030,4.621058981133244,0.31717198533909474,1.664939170149244
TEST_05031,2.7118476987137226,0.2655665152137296,0.2815763766501151
TEST_05032,3.1202876322821806,1.0636471754789623,-0.14039072858197987
TEST_05033,4.229607682955602,-0.5987156625202811,0.6310045539034355
TEST_05034,3.436772250328302,-0.11880241252087605,0.5297548248044911
TEST_05035,1.0358869480475368,0.33470661015970393,0.25777489279093135
TEST_05036,4.466336551239126,-0.7763811020072202,0.2625971027788246
TEST_05037,3.75647671553948,-1.575479477174393,0.09569270355840304
TEST_05038,3.0557328064362492,0.02748324428650502,0.2319594837116271
TEST_05039,4.549133408033426,-0.3160758194007903,-0.16655797263252609
TEST_05040,4.680299722737616,-1.6522414930161882,1.3875985215111928
TEST_05041,1.2948378634607873,-0.23255428672549205,-0.11689822189546048
TEST_05042,3.027764801525609,-0.38823010042215156,0.7640892699329168
TEST_05043,3.4652030471889814,-0.15032593773453026,0.1936402061994928
TEST_05044,2.9059616745214476,0.937358328152475,-0.5929285544129532
TEST_05045,1.803343020480647,-0.45292494195011146,-0.29788913223991265
TEST_05046,1.366466616881277,-0.2543190779921997,0.46160246861052634
TEST_05047,1.1573009233796072,-0.3167799218138614,0.01192769624777417
TEST_05048,5.300473913428218,-2.08698644404661,-0.48112749537241867
TEST_05049,3.5073366915688076,0.009680511966635306,-0.5215076234980273
TEST_05050,1.21014253718367,-0.44927529934304034,0.0871306447997985
TEST_05051,2.75665176666067,-0.3336324299178624,-6.890018407349423e-05
TEST_05052,3.1356910311423905,0.5287788132961895,0.5760265898725262
TEST_05053,2.364777830473881,0.323432038793834,-0.3597083679575737
TEST_05054,3.2476282077367853,-1.1220342273476223,-0.588192020842741
TEST_05055,1.5164304805238944,0.7656562442313607,0.19200359243516182
TEST_05056,1.7154444473347867,0.8761410076635034,0.9568586938869182
TEST_05057,1.6389227233637198,0.6613654084124662,1.0592446938275675
TEST_05058,2.4290472575435538,-1.275823495539273,0.5800888021958346
TEST_05059,2.3118729202001966,0.4376840479529158,-0.28344383891387387
TEST_05060,2.918640227405912,0.33951920045485134,0.6230909264800062
TEST_05061,2.239220426032896,-0.13213911483032006,-0.21163371639177916
TEST_05062,1.5656502599836464,0.1540477401798641,0.1177878235234243
TEST_05063,3.5650946767832656,0.9683565329920016,-0.883142670645971
TEST_05064,1.1193174959222798,-0.47526905807329417,0.054187967140216946
TEST_05065,5.064069829531687,1.4134573716224546,0.6188566062936554
TEST_05066,2.903889717166291,0.08251901251200325,-0.9831964352795032
TEST_05067,2.4490797491901417,0.07997325908821826,0.48471787909474023
TEST_05068,2.8205619095894154,0.42823675020128954,-0.38301761903009673
TEST_05069,4.495935902464432,-0.5231248642563849,-0.895019879321794
TEST_05070,2.447654710478002,-0.414856435383071,0.5414201764503572
TEST_05071,2.3361833958405733,0.4385872231014204,0.24702815416173846
TEST_05072,1.1482415026093362,0.38505265053669385,-0.2542735671055891
TEST_05073,2.042264138459476,0.38649385401513126,0.14526357476775253
TEST_05074,3.002223018655159,0.1583288666669757,0.14765973412199906
TEST_05075,1.616703891957759,0.41548667997629435,0.6611255393227171
TEST_05076,3.1648522498203215,-0.3397881633640463,-0.20224738570370374
TEST_05077,1.5662175801483105,-0.5887985457300097,0.11930163394274175
TEST_05078,2.6927930136918046,0.6280348271899266,-0.8842886988482073
TEST_05079,1.9587912056137984,-0.14966049365240056,-0.9624819086651524
TEST_05080,2.9079810803854715,-2.1137861811759797,0.8179456016781769
TEST_05081,4.252370966650648,0.5864836271543412,0.35078798693406427
TEST_05082,1.8925986119900027,-1.1376486040297993,-0.24869074425774695
TEST_05083,1.128809174255856,0.8164574968267638,0.34536909728101406
TEST_05084,1.9137853045138713,-0.04688341692119189,-0.13030583470934967
TEST_05085,1.921247882668662,-0.6648082789484513,0.26171775823553356
TEST_05086,1.297048579687134,-0.4513740505362791,-0.35156058627124687
TEST_05087,3.518030980535196,-0.8228340302649269,-0.8720631838317502
TEST_05088,4.613734907382633,-1.0175411041696516,-0.5645491445463813
TEST_05089,3.5310385208336683,0.24119571944760318,0.03280103182102426
TEST_05090,1.2287266869667526,0.25633007737233254,0.18999952699640058
TEST_05091,3.3262300532719755,0.2874049466277488,0.6635794085938723
TEST_05092,2.6505673374042664,0.1843640405068682,0.6643554561654356
TEST_05093,2.063700526202754,0.5674432527928984,-0.13460562550535454
TEST_05094,2.771967947574157,-0.599894606627715,0.7760672223063418
TEST_05095,3.940255969895138,-0.33028216715273506,-0.26334694014635673
TEST_05096,1.2592867119063031,-0.728118873235639,0.033883408451547366
TEST_05097,3.828778201578426,0.018664133670662227,1.657835538324575
TEST_05098,2.99025499230294,1.3188347489229837,-0.8194071816838976
TEST_05099,2.4897813671406173,1.4449212238706646,0.37027235894680727
TEST_05100,1.5395517173856395,-0.4611648658934952,-0.1520399054559269
TEST_05101,0.9459849998398567,-0.044357945949951225,-0.19865243066836627
TEST_05102,1.9665545722797435,0.05801894792380165,-0.023245363879404672
TEST_05103,2.5513426615626678,0.18622862373462568,0.3028108319793619
TEST_05104,1.398634164178404,0.04755284466134112,0.033555983243927466
TEST_05105,3.7960335857681224,-1.5251432006014296,-0.025273945747457376
TEST_05106,2.1759084481615996,-0.3416661221798765,-0.9491272097146117
TEST_05107,4.1361577910908505,-0.31128569664368805,0.9807034227694713
TEST_05108,2.4703153777795457,-0.7923286814358377,0.3413641928748356
TEST_05109,4.8673667165390695,1.567975254235693,1.555687332395563
TEST_05110,4.208811665440761,-0.31264983988673134,-0.29374431270012946
TEST_05111,1.8092950878987033,-0.8614594095228528,0.1475707767672645
TEST_05112,3.377204204500955,-0.3791500844932645,-0.9106152953502619
TEST_05113,3.644679033953608,-0.2917415433077591,1.130478870319209
TEST_05114,1.4700548916324523,-0.35462940767009754,0.5027297572444153
TEST_05115,1.073492960398949,-0.0453065446778785,-0.2549436858643016
TEST_05116,3.4153083522532546,-1.8931196929250818,1.5320671787010731
TEST_05117,3.0672525594783933,0.394457881907477,-0.851499357194362
TEST_05118,3.1489805578309866,-0.48052348687555174,0.4740374533997777
TEST_05119,3.6644737939595533,0.7649922126765373,1.2217826580475197
TEST_05120,4.077272664546414,-2.0171780384564277,1.3626148876862705
TEST_05121,2.2093259143385025,0.6014025269721704,-0.09972601804798929
TEST_05122,3.046886397165159,-0.8706007046395897,-0.606672767906382
TEST_05123,3.8027586044015087,0.5826605944421225,-0.23593124477399338
TEST_05124,1.8114500786973355,0.5386652218985087,0.12759731706007044
TEST_05125,0.9161356527772468,0.16860319057686426,-0.07887564897705862
TEST_05126,5.234844498838655,-0.8530284785925663,-0.47095477862627777
TEST_05127,3.602636837372645,0.48240753488865684,-0.8498713564412733
TEST_05128,2.9778623177757653,2.487209373206978,-0.9509942147979331
TEST_05129,2.808235035580514,-0.270797520425952,0.4197771169456133
TEST_05130,2.1828277828243414,-0.5101530578274618,-0.2593303403458297
TEST_05131,3.7878589130861986,0.4686087350755409,-0.022731124120309212
TEST_05132,1.4845955532506785,0.09951943594988763,0.6305895382304898
TEST_05133,1.5694993903441723,0.0677837806797859,0.06755971918379673
TEST_05134,2.6746428684522527,0.06053326092457386,1.3842624973751279
TEST_05135,1.9931410088710304,-0.15666280973884203,-0.34976007674193493
TEST_05136,1.0412579862998415,-0.6144692371290614,-0.5299172959295244
TEST_05137,2.1338451448636233,0.13302829364529678,0.7800200777909867
TEST_05138,1.1916871910957634,0.4351142290369667,-0.037199830375947686
TEST_05139,3.033790797670431,-0.4247075947516509,0.05524867718285029
TEST_05140,1.0859822978485023,0.09337004696362458,-0.09368368041540653
TEST_05141,3.48399348879259,-0.21190135183184086,0.7791014608188589
TEST_05142,1.6175562478643284,-0.5810308039592046,0.21917948605841767
TEST_05143,2.818600929695669,-0.6262970191008997,1.1512577855206332
TEST_05144,1.6578421432457793,0.4643210551001835,0.32638733113496415
TEST_05145,4.094217309999226,-0.663568648307524,0.4394292952971063
TEST_05146,2.5157325228971117,0.31867443847605914,-0.5201751136855238
TEST_05147,2.8398954081969023,0.03562955897163368,0.27647688974923884
TEST_05148,2.2106377165769615,-0.19624844719740994,-0.10646686312203432
TEST_05149,3.3183279467932363,1.9499525180867883,0.5179315534896806
TEST_05150,4.4515009901041855,-0.48584583447948604,0.7438467641856538
TEST_05151,2.2662068064985426,-0.19307604269044232,-0.1724443026170183
TEST_05152,1.658771580498062,-0.4791941370303356,-0.31941243096581373
TEST_05153,3.011531393093723,-0.828098519725831,-0.35076754080698486
TEST_05154,1.7837901545736194,0.4124853270258828,-0.15847330022598713
TEST_05155,1.6379566874640206,-0.7366472817089809,-0.5519895149274531
TEST_05156,4.03920775850419,-0.4911415082048889,-0.38746471049263076
TEST_05157,1.8089936901112411,0.4660829268033802,0.01044472132681167
TEST_05158,2.657681198245012,-1.2243242020261076,-0.13372849392548877
TEST_05159,6.113810031606338,1.676244720999398,-1.2292016736568878
TEST_05160,1.6603985809521515,0.2542668117848577,-0.29645843263194904
TEST_05161,1.3695933145154202,0.21212287347895337,0.03221877669612525
TEST_05162,1.73692523410816,1.1287088880984535,1.0192103746231242
TEST_05163,1.8732607313543554,-0.6001002038426752,-0.37567463771941323
TEST_05164,1.6235571243302096,-0.01858841431529911,0.43128775448610596
TEST_05165,2.926617564806867,0.6149853261043675,-0.40887883386312385
TEST_05166,1.989696602096473,0.4970149769870477,0.12041536827945401
TEST_05167,4.805316939630965,-0.7912413393325334,0.2253926544316615
TEST_05168,2.634644823682454,-0.7340067534710981,-0.37700176950650127
TEST_05169,3.5333520314119857,0.18824394416919552,-0.18757309542074418
TEST_05170,2.256005097531376,-0.3885140897308346,-0.24573584862918987
TEST_05171,3.5218392555161175,0.10061064485588533,0.07027226722205708
TEST_05172,3.2085737795076783,1.2043020223112613,-0.6706904200910613
TEST_05173,1.9870686855987816,-0.38905913546852383,0.37266744679841635
TEST_05174,1.6541804982081827,0.4667257330266901,-0.05155713032978146
TEST_05175,1.9574996021902935,-0.8298999781556246,-0.22346536372208026
TEST_05176,2.9551410217838634,-0.5750980983290286,1.1717979811715729
TEST_05177,1.664591186801626,-0.5173627086566989,0.6999652048050982
TEST_05178,4.929918886991682,0.18335959877774527,1.5033228467780184
TEST_05179,1.9718152161689901,0.060611861763381875,-0.5285680335688505
TEST_05180,2.222791376746807,-0.15781783775216174,0.10797817796467302
TEST_05181,0.9635285192974439,-0.4542356664738452,0.07840258556920003
TEST_05182,1.8702897524295232,0.657822168232898,-0.4549214614874201
TEST_05183,2.9590100476121433,0.4031920499119005,0.43891381935544904
TEST_05184,1.8582545475180496,0.43412775391436825,0.6203686624549475
TEST_05185,5.355273997078666,-1.1983126461032796,-0.7626245675926427
TEST_05186,2.554259034967141,-0.1204697869861338,0.7760114174131358
TEST_05187,1.6266843854789919,0.514521612741482,0.5368606270502887
TEST_05188,2.650562267510576,-0.7168720169914714,0.4579803162878908
TEST_05189,4.805084145270431,-1.4706438330008145,0.7777510408895159
TEST_05190,2.567981002148096,1.5890780472290174,0.09390950008438255
TEST_05191,2.6277584081233405,-0.2529200397267495,0.6134512295363014
TEST_05192,3.560352700297521,0.6482110282412977,0.6359537028657442
TEST_05193,1.8895566592447428,0.4846040650663531,0.0388021909955596
TEST_05194,2.43904884732583,0.13384078601805238,-0.2478232918581275
TEST_05195,1.739316922480582,0.11515635402010115,-0.5606786596620995
TEST_05196,3.594670266583743,-0.09294197727479579,1.259210944657951
TEST_05197,3.1249002451686296,1.0963775643235405,-0.5359208460818953
TEST_05198,3.316853016627192,0.9662857941812583,-0.19399468831274239
TEST_05199,5.353710716558208,0.9565044322169948,-0.5589952720175773
TEST_05200,2.580615495872909,-1.0670483449815795,0.23090873378395463
TEST_05201,4.352557326101918,-0.9095460941497799,-0.4896830002069872
TEST_05202,1.5584747232328953,0.39262751804024476,0.7596128470352715
TEST_05203,3.5689585318124197,-2.065500281413294,-0.3448895623942763
TEST_05204,3.2934688499177844,0.8400564102148613,-0.4950663185496098
TEST_05205,2.1933734049312195,-0.5014631592168528,0.13995926182475296
TEST_05206,2.5642646513023855,-0.18056377132094178,0.5462674823973878
TEST_05207,2.8090967073628215,-0.19961831983175538,0.9935409865528902
TEST_05208,1.6648199880953711,0.39269988627746977,0.722656481604762
TEST_05209,1.7342500561201863,-0.3499903600269116,-0.18291773973990177
TEST_05210,3.110322707455002,0.47065435429783714,0.4003749914552022
TEST_05211,3.1594843557424563,0.0028692996518879235,-0.01056961061035289
TEST_05212,2.3653757444187224,1.285340050144717,0.31151824633044434
TEST_05213,1.2639523387854332,-0.47448445931143085,-0.062375344260187426
TEST_05214,2.975227795726614,0.1223564711608636,0.2214245647209487
TEST_05215,2.485300883456104,-0.5972864563821345,0.20524219413977413
TEST_05216,3.1409362464273327,0.9940014505102831,0.2712921453006207
TEST_05217,3.223765217365576,-1.3080469226697868,1.4643767361335762
TEST_05218,1.1750400217640713,0.7899902834841652,-0.40395137326883485
TEST_05219,4.410701784518919,1.0326925041952717,1.1451637425926002
TEST_05220,1.9905604659582474,-0.8963087458686084,0.14170978638953738
TEST_05221,2.2854764120703623,-0.14026227230944988,-0.811885232333038
TEST_05222,1.2369987109282932,-0.4057636083414896,0.17681045586207672
TEST_05223,3.531616086525837,-0.40330169170318597,0.029064849397016985
TEST_05224,3.1004012906017966,0.10006065682130422,-0.49983663679925755
TEST_05225,3.3543383461296816,1.850221189662568,2.004441177112976
TEST_05226,1.4705518248111025,-0.35861540822375093,-0.36966249070030316
TEST_05227,2.7938759431006948,0.2222764512109371,-0.9643641467059318
TEST_05228,2.907593053876629,-0.3677121741757225,0.44429824563549125
TEST_05229,4.871767132902764,1.3353584700577192,0.6814237953321993
TEST_05230,3.579236033317056,-1.0647197474768728,0.9646912938232057
TEST_05231,2.6190869239470405,-0.07414392449080277,-0.10477379699158719
TEST_05232,2.736469506037311,-0.14370612872537286,0.2471785558127294
TEST_05233,3.1355092712993624,0.2209800333416145,0.5272878705162134
TEST_05234,2.7661036861879658,0.02397377642313646,0.0870373139451
TEST_05235,1.390369440760305,-0.3018840871371655,-0.20023643547441738
TEST_05236,2.788909509926518,1.1403786210008866,0.013025546629484953
TEST_05237,2.4333397177460654,0.8434833863709109,-1.0732140239781744
TEST_05238,2.5655821666534506,-0.5222324226659094,-0.4053483535594698
TEST_05239,4.244775633581824,-1.4929843426350378,-0.39225475300773127
TEST_05240,3.475729384721008,1.1382099086527184,1.3283381942369035
TEST_05241,5.275066801249966,1.9717405750383814,-0.2738468948485742
TEST_05242,4.444732766465892,0.028715135967646736,0.9271044646560326
TEST_05243,2.605057321930423,1.452135424033951,0.8456893009722828
TEST_05244,1.782732861166938,-0.23063028092842,-0.21858743642141742
TEST_05245,1.888754939704283,0.5123799517867026,-0.33519590922749093
TEST_05246,1.6407692279068944,-0.5728464761004939,0.13372573028857143
TEST_05247,2.2278802555191195,-0.919293247285358,0.7866347667356236
TEST_05248,5.650347965632888,0.001035383566643225,-0.6615366824583927
TEST_05249,3.5169227543029433,0.07643265453703052,0.1759127124292502
TEST_05250,2.6404265843876704,0.6129143463068445,0.03501876558761296
TEST_05251,3.995332587153461,-0.1637389305247336,-0.2629368241800284
TEST_05252,1.4561532062423839,-0.17442404338502362,0.046269476648852025
TEST_05253,2.7845272944503554,-0.06330002987286452,0.23541606126572742
TEST_05254,1.1415287954004891,0.8133232271116146,0.42945239002594526
TEST_05255,2.602823279986312,0.01016691818066931,-0.11181293157222384
TEST_05256,1.1358178167315458,0.3600685751854613,0.08740959943058788
TEST_05257,3.1545289490238657,-0.2565833448929772,0.5503126150721914
TEST_05258,1.7030997953154758,-0.8826190044976978,-0.7669545089082117
TEST_05259,1.8477473162543854,0.7958696205079036,-0.4694198462134946
TEST_05260,1.6565317647345887,0.03941825536672664,0.3552482743596278
TEST_05261,2.7514159379732317,0.06733602205728922,-0.009729907381925201
TEST_05262,1.331117927514495,-0.3589501606324216,0.28574858536288245
TEST_05263,1.9592066548798417,-0.699020891612086,0.28799800950920856
TEST_05264,2.2894775378701917,-0.06751807732677599,0.5119563492649732
TEST_05265,4.078309454527832,-0.7354137516976765,0.70995358977579
TEST_05266,3.2992789442719834,0.40549916789680673,0.2545958866178571
TEST_05267,3.795449374642496,0.7603550806253874,0.32806728879642977
TEST_05268,3.0267134934561675,-0.5868121334156488,-0.13726891976248945
TEST_05269,4.090541806564074,-1.0034122296836285,-1.1985354031174025
TEST_05270,4.920878266637243,-1.3207835884439003,1.7585016640927438
TEST_05271,3.036462014563013,-0.06614219619971806,-0.14715823853224372
TEST_05272,2.763629363256724,-0.7639048340148389,1.3873643798833388
TEST_05273,2.470862780323847,-0.12547618597311325,-0.1481192121688938
TEST_05274,1.4125278705363173,-0.03421242200228419,0.5165808654898616
TEST_05275,0.8144921329418574,-0.28314710323151915,0.139243125583379
TEST_05276,3.5069341947271426,-0.7656979886510933,0.24445339225147314
TEST_05277,3.001587600227335,0.4443283830407908,0.8240939344425389
TEST_05278,1.6312832660276162,-0.44333433113604265,-0.5655434732541769
TEST_05279,2.4915899095188467,-0.009626011456340877,0.7972662846046256
TEST_05280,3.9333936112032144,0.42244843169181295,0.5250726880113185
TEST_05281,2.967572187914018,-0.22473678745809744,-0.884353360340404
TEST_05282,3.9918253797480747,0.4919707238668385,1.385242872359194
TEST_05283,1.6858757211857869,1.2726376083503539,-0.4280171565708019
TEST_05284,2.0861675955021646,-0.8047568160204323,-0.12258244140670649
TEST_05285,2.5505995885831676,-0.8974492924482528,-1.00992197598912
TEST_05286,3.385847762667917,-0.17680087732997435,-0.21077734378875423
TEST_05287,2.249244466458925,0.023185987872033537,0.8032235584500804
TEST_05288,3.857186540622533,0.8098359386492875,0.4955425040153427
TEST_05289,3.0054121770744904,-0.2072854981816646,0.3134418459279145
TEST_05290,1.8232256493856729,0.24602563464459593,0.3651522707084249
TEST_05291,2.577322394996778,-0.04430818247384683,0.41404991841775174
TEST_05292,1.2988588925286286,0.15033628852782865,0.1744995821763772
TEST_05293,2.078971972070524,-0.059833003781787554,-0.043437380355897545
TEST_05294,1.2536879471105669,-0.3275640149823512,-0.09210837652902186
TEST_05295,3.457953587167097,0.5711887848305603,-0.6223392366066781
TEST_05296,2.4489142894656495,-1.2085295042529542,-0.7260075111848646
TEST_05297,2.9611442632940284,1.0112896034287653,-0.6268653786624634
TEST_05298,2.006577084810251,0.38438355320241546,0.049170471583548696
TEST_05299,3.352598447007932,0.5978045199148658,-0.57401683248298
TEST_05300,2.781135450730107,0.3280337124323915,-0.8437371417351431
TEST_05301,2.0391833432700723,-0.6021992664079572,-0.09795902352007171
TEST_05302,1.7052564438177127,-0.23075242207939797,0.07260045140839169
TEST_05303,3.1916063591691564,-0.6102134489871905,-0.8622425730066329
TEST_05304,2.8295199456949214,-0.5457633034838191,0.2662483001907906
TEST_05305,5.033202596133722,0.24895813765324012,-0.7729507732414064
TEST_05306,1.6601825480974952,-0.062063140671757534,0.12163009665693623
TEST_05307,3.993284910441199,-0.7010252749221848,-0.4591525533744882
TEST_05308,2.0166431316979008,-0.5663991865718151,0.38045857523760546
TEST_05309,1.818310279901576,-0.8200045442419851,-0.5216965231707367
TEST_05310,3.3236854476207363,0.026222014998807473,-0.23723985161915384
TEST_05311,2.552329430145998,0.9122402146976497,0.631280197020811
TEST_05312,3.914960150047321,-0.7637462870056628,-0.7840003907333024
TEST_05313,2.5888433913200326,-1.5727058548479413,-0.5485612997480005
TEST_05314,1.58400912088807,-0.3744480868623344,-0.11942970943937968
TEST_05315,1.877846968514138,-0.13840456634631218,0.05761330430545254
TEST_05316,2.3747971595973985,-1.2107078933756914,-0.7057769540492335
TEST_05317,2.9410124700818594,1.2318005072045037,0.6995462695809783
TEST_05318,2.436832700352011,0.33931270346962344,0.3791206386425941
TEST_05319,5.505669006558479,-0.07874847431243198,1.5921335923932427
TEST_05320,2.9501305478593536,-1.0343390420970653,-1.0686742664210045
TEST_05321,2.0821710625774177,-1.1104205122244795,-0.6380916496104306
TEST_05322,4.0036018354461484,-0.09709291069001662,0.13668826264447204
TEST_05323,4.438542142244149,1.5442298023734626,0.04449229753183435
TEST_05324,2.4008233217455146,0.9734660345938136,0.008336068123271392
TEST_05325,2.0420436668476065,0.2926768704198136,0.6403831207270274
TEST_05326,2.7815525595903883,-0.5442783668055194,0.5443384907031702
TEST_05327,3.522586054977936,-0.45575530570566747,0.6606769714953172
TEST_05328,2.2758178092653396,-0.6013204028642923,-0.7999522522676582
TEST_05329,2.57353177166174,0.3381899160481404,-0.20247498829665533
TEST_05330,2.3092464974044873,-0.46850070398607924,0.14483984118386659
TEST_05331,0.7871334339088581,0.3379074051615691,-0.05560453630809507
TEST_05332,1.1551738783661103,0.25148595069262936,0.060441868292134916
TEST_05333,2.0239131754943522,-0.7346162189617571,0.20522413062581216
TEST_05334,0.987388922404291,0.3627404178222362,0.023234125707681443
TEST_05335,1.224401712723518,-0.04721707776752552,-0.14933855533310725
TEST_05336,2.7595181097384067,-0.39768709212689957,-0.047507358048783976
TEST_05337,2.895036753751323,-0.9332148908343689,0.7662759876354943
TEST_05338,3.3920638624092816,0.12626397156335006,-0.2411930965928407
TEST_05339,2.3984067089671766,1.1520282895694356,0.4480572631709405
TEST_05340,1.7022239142956055,0.06635706303629539,-0.11062157460288198
TEST_05341,2.7598559440499155,-0.44175263930057623,0.6213250753917617
TEST_05342,1.6124196208609216,-0.02899638541293979,0.11227587008567047
TEST_05343,1.758365563606336,-0.673651485411213,0.3483532865806078
TEST_05344,1.1057271290918271,-0.22041878314659746,-0.08311640877555865
TEST_05345,2.0664321782915236,-0.48384184946319575,-0.35674026768171135
TEST_05346,1.8713211609841394,-0.5629939976351427,0.5045577574118907
TEST_05347,3.4736611064113783,-0.24492408765091253,0.11788536658491064
TEST_05348,2.3234012759619755,-0.42712810480771357,0.35233748152755834
TEST_05349,2.786578446562924,-0.5429258549717118,-0.18996195593854545
TEST_05350,4.379055223527387,-0.7287117438238409,0.5562969444511588
TEST_05351,2.440962893623749,-0.5266666874843982,-0.7061423514739303
TEST_05352,3.055870392698421,-0.7669067331750484,-0.9625027702160395
TEST_05353,3.4458804512873566,1.765301145836699,0.8472412898730667
TEST_05354,1.1501066912841686,-0.23590933900953892,0.22480298091708967
TEST_05355,1.8103509379078737,0.09260259338008048,0.07723807772148679
TEST_05356,2.8455073258075907,0.22545967342414436,-0.43203759030276934
TEST_05357,2.1107671621199002,-0.26416292792347945,0.3861846902775653
TEST_05358,3.979537102934733,-1.0775708703858764,0.8803126109005274
TEST_05359,4.255771914093875,-1.3431078084439598,1.7166295577477038
TEST_05360,3.6230164237566966,2.2715729812165266,-0.5759458216257272
TEST_05361,3.965255760227013,-1.9090870856863873,1.5420607853494595
TEST_05362,3.2580338600367678,1.213395340966968,1.1685131561979958
TEST_05363,3.6080873106632745,1.9824311208520506,1.0240605671511633
TEST_05364,1.9933522845410971,-0.2857095231979377,0.3464572483736252
TEST_05365,2.0387818935644084,0.4175100133123208,-0.41847094335081847
TEST_05366,4.0316004846411415,0.05687919788945559,0.19887362792900604
TEST_05367,5.213164747127787,-0.2985037561399688,-0.2488879629696627
TEST_05368,4.101263445357113,-0.7640948644275263,0.6384367275705385
TEST_05369,3.510286675836449,0.2727415772314955,0.4997317980501449
TEST_05370,2.8346008341427593,-0.13018776486259945,-0.17488472762223384
TEST_05371,4.0036049951114565,-0.5452402404751042,-0.10210497072913326
TEST_05372,2.5412311624039985,0.2934764521033839,-0.08986768045638353
TEST_05373,1.6409197825006114,0.46404987568666334,0.15582439029835427
TEST_05374,3.2828580656075435,1.2273375590496025,-1.1993070543727653
TEST_05375,2.263192792643525,0.12011628345791205,-0.1771740498830162
TEST_05376,1.9053496657943243,-0.4449370862886362,-0.48738056741377145
TEST_05377,3.8274336603540773,-1.8830103336802795,0.5015067024943194
TEST_05378,5.612556061438063,-1.3567288900450996,0.5176559229836609
TEST_05379,2.84905874058168,-1.2002773670386118,0.5316489809823237
TEST_05380,2.236512354073921,0.5156484154274518,0.4575584921071402
TEST_05381,3.718430371538217,0.29369882196508384,0.49426029996707693
TEST_05382,2.100640209652381,0.35187339401722545,-0.3977201190670565
TEST_05383,3.887058756573495,-0.5891524152636958,0.23490649576325753
TEST_05384,3.830125219945972,-0.6522621181880666,0.19758716923568684
TEST_05385,1.723012686774776,1.2923486236552864,-0.9618230357585802
TEST_05386,2.373632186323505,0.2699247859043384,-0.40120933033417033
TEST_05387,3.7485947078040427,0.7926707380947692,0.33783468673618017
TEST_05388,1.948683157826232,-0.6815995668538947,0.05405613006415308
TEST_05389,4.1480890601411256,-0.5311127043528578,1.021403670790167
TEST_05390,1.0946219239864494,0.06484254439584461,-0.1221688060078121
TEST_05391,2.060698506305121,0.15576889631999927,-0.3017701339997648
TEST_05392,1.6338185626659651,0.7984524053205745,0.07052409500507545
TEST_05393,2.2891433565837405,-0.736375294486707,0.0638574602332419
TEST_05394,2.66798752695044,-0.2795468050980881,0.16478407448930854
TEST_05395,2.25850034988428,0.2968936126980846,0.7988924039052542
TEST_05396,2.303182209671097,-1.0302863217281164,-0.17121970287999091
TEST_05397,1.3913383390169909,-0.1881687314934831,-0.1306614247989264
TEST_05398,1.111671755451377,0.012017587402039186,-0.23446917741411108
TEST_05399,2.7247677324037256,1.2207207912519147,-0.5282036580957656
TEST_05400,2.4679464263106423,-0.4533138085319686,0.5984638114039776
TEST_05401,2.2238078473737053,0.6516784124503243,0.22851273544258924
TEST_05402,2.0392158774343097,0.4463514295491554,-0.11851008499045028
TEST_05403,1.3012632903480172,0.6689072267580498,0.21114327443174769
TEST_05404,1.875785127815756,-0.3708324838755838,0.22381666683913984
TEST_05405,1.0281862304216267,-0.026966370290941975,0.13103085628201136
TEST_05406,4.2266496704648215,0.6212997683205888,1.1453659456856524
TEST_05407,3.8276662483505457,0.6320340762722396,0.4685452531151177
TEST_05408,3.166158855258865,1.2232779123701796,1.3324828782206908
TEST_05409,2.98712614891636,0.4623176912965516,0.16983874489023754
TEST_05410,2.640589178596974,-0.26492381015000266,-0.21458851547269447
TEST_05411,3.2142234156144016,0.2661392614335592,0.12072894595889685
TEST_05412,1.952628843660392,1.1715118037357097,-0.7391048007394757
TEST_05413,2.400200528566261,-0.21649989314900794,-0.04100362752180684
TEST_05414,2.2426545909321485,0.7301464621686863,-0.8947991795811743
TEST_05415,3.0277357711278348,-0.11521715173812314,0.03537371696165739
TEST_05416,2.1307147974430714,0.18727348346676342,0.8949162290456141
TEST_05417,2.720957933819757,-1.444574225293685,0.5585051849591693
TEST_05418,1.9467395321213075,-1.5473717766746546,-0.8523844575696066
TEST_05419,1.5224601392702075,-0.5419449816598536,0.10110446743081311
TEST_05420,1.6909118359620356,0.04094562560176963,0.03846144664301852
TEST_05421,2.289767281107895,0.14777836962977556,-0.8854490250579271
TEST_05422,1.1666811251677571,-0.09163675595511261,0.11249073392270124
TEST_05423,3.0765973861786278,-0.527889267903193,-0.6993865616300972
TEST_05424,3.1500117147278286,-0.05825255065309448,0.10771042629287828
TEST_05425,4.891844780933316,-0.38552909499264,1.1283517510079686
TEST_05426,2.6871012163069787,0.3236914246847456,0.09997308677372976
TEST_05427,2.582979797687747,0.10754431077659783,0.7217848865278308
TEST_05428,1.7821452673870277,0.5354567733932362,0.0554694515722713
TEST_05429,3.437661198956477,-1.3031741018412732,0.8483841994792418
TEST_05430,2.2413349568773175,0.19727880804863307,-0.51014274310162
TEST_05431,1.1621693693267163,0.013660096068831229,0.08230861133026536
TEST_05432,2.3761336535292132,-0.7949686018158955,1.2376993445819466
TEST_05433,2.5863790266644324,0.21610086910308574,0.5512634711878442
TEST_05434,2.997459568507606,-0.3060022387777294,0.08996041681729496
TEST_05435,1.9151838344451428,-0.5901269877089681,-0.11273906370187028
TEST_05436,4.590280667983351,0.376888122568563,0.7825576687548287
TEST_05437,3.4419884061647688,0.13672735886872114,1.02148612916536
TEST_05438,3.963439150460632,-1.3706044190320468,-0.1488883151339489
TEST_05439,4.6647420872808585,-1.27961843648416,2.437860746658874
TEST_05440,1.810653007457109,-0.6602258939807404,-0.24735275105130095
TEST_05441,2.656258365208397,0.9523585223049089,0.6124836125616976
TEST_05442,3.028369125402323,-0.712654768307815,0.328577176774574
TEST_05443,2.8870991817462457,1.136286438950729,-1.3610770048233787
TEST_05444,3.29647724983497,-0.7690661953724311,0.7501483761495624
TEST_05445,2.6809735062133093,0.5041518503743844,-0.008349217313084911
TEST_05446,1.8276445025436825,0.6166107338337022,0.3748460997459267
TEST_05447,4.297982096432549,1.2343481003148318,1.2088683035193295
TEST_05448,3.025889775290241,0.48511692614792407,1.1688298244605781
TEST_05449,3.207822829333623,0.14647331154634188,0.5303018607715189
TEST_05450,3.238771244596257,0.20332758034542803,-0.11740764167236308
TEST_05451,1.8449852619660485,-0.3975277070947979,0.5563714195482203
TEST_05452,4.575113734827184,-0.7336749863055534,0.974393675612781
TEST_05453,1.5322749384034857,-0.22591704303774918,0.1960935355518556
TEST_05454,3.4401957449676783,-1.1076879302036478,1.1363025677875263
TEST_05455,2.87181292098463,0.46262300305791687,0.4869217935920779
TEST_05456,3.0381475875024586,-0.17593141218856428,0.5722652998324347
TEST_05457,3.557164463033501,-1.5068660240810954,0.8177808842482736
TEST_05458,3.1623141491840507,-0.711478744699136,0.49771030870519045
TEST_05459,3.5492486208455034,-0.9067621366698361,-1.110968366887906
TEST_05460,3.2029902608513305,-0.5010486215515042,-0.37990105645898214
TEST_05461,1.2354461685070246,-0.49895983544580913,-0.4213270751957583
TEST_05462,1.72326657767633,0.5351570051749633,-0.577773681150333
TEST_05463,2.042392447429678,-0.21837537138563484,0.6920596408462837
TEST_05464,3.1222464600871236,0.011426583338594698,-0.49734425998996085
TEST_05465,2.279296101865213,-0.7426819374860552,0.17901305330390246
TEST_05466,2.758184484710092,-0.0034581477403085935,-0.12939446329867002
TEST_05467,2.551893277596393,-0.6048924194378325,0.9662947478058478
TEST_05468,3.159816851796369,0.35573367949150014,-0.029261417616977824
TEST_05469,3.60711227668832,-0.2962893794852076,0.12899567778045432
TEST_05470,0.9159848515289789,-0.2979010120093388,0.18638234172358148
TEST_05471,2.670396579171334,-0.6133239346541999,0.10875113231466348
TEST_05472,1.983986189452108,-0.8428260849673854,0.07413416832523037
TEST_05473,2.8019080667025804,-0.3666034186109888,0.14609103540107393
TEST_05474,2.887806337840704,0.5431154902371208,-0.4834680848037046
TEST_05475,1.393595344627187,0.2971416356173517,0.3373599392498644
TEST_05476,4.427912230809453,-1.1183041814289667,0.6645189897474003
TEST_05477,3.039186450368217,-1.7184289471521255,0.42679967984057293
TEST_05478,3.445190696129457,-1.2791329740790789,0.015876609636237583
TEST_05479,6.11655352521534,-0.13529897212701417,0.3642726099288342
TEST_05480,1.245604802206579,0.2345767733273209,0.12382215348226018
TEST_05481,4.306026719887652,0.18100667947692933,0.4184070592741576
TEST_05482,4.193982097333307,1.2502031210655016,0.5924917326563255
TEST_05483,1.995276014237857,1.2951346126120054,-0.6019326908231153
TEST_05484,2.4857159769394714,0.06867963976104566,0.35714210561744353
TEST_05485,3.0527634008398232,0.6060366368313758,-0.039382110691836066
TEST_05486,4.43005673674793,0.03142785332671589,0.26948821481318763
TEST_05487,4.905210071496895,1.3365135421938565,0.3156861662250665
TEST_05488,2.237105802533506,1.0488655356139782,0.8505903561198946
TEST_05489,1.983528676172087,-0.10209345992484674,0.22533742127683778
TEST_05490,2.177031672546343,0.10855707257951819,0.3680830289249417
TEST_05491,3.4707694912899334,0.03544570950142104,-0.25268829431519935
TEST_05492,3.791635592862741,0.9152813010988502,-0.06318316849057834
TEST_05493,1.5080803001234813,-0.6432774219500114,-0.39612739190190566
TEST_05494,2.142130324984138,1.580117400936052,-0.329196221689331
TEST_05495,2.9646792323876596,0.06021900401891034,0.20252346273181274
TEST_05496,1.5974252063000112,0.12618517209869148,0.8733544626334997
TEST_05497,1.7032479115990569,-0.11537762861292503,0.6640857622035315
TEST_05498,2.9686529235012906,0.3537005012781642,0.2624171048007646
TEST_05499,3.4961433399160593,0.42630825275208617,0.7284241100208201
TEST_05500,1.3896428124052778,-0.4422736434179646,0.05980064094505301
TEST_05501,2.9578034210151043,0.47079761477729537,0.2987126042226967
TEST_05502,2.2794600229371493,0.47932325408379284,0.6597925269107915
TEST_05503,3.3891574596069454,-0.8084988232205349,0.40958834187572934
TEST_05504,3.548422679966458,-0.5474558852590992,0.16252323205152122
TEST_05505,4.5290935294414165,-0.4178488581914577,0.5375667730203045
TEST_05506,3.1872903662540333,-0.5087855202717211,0.08483629602092903
TEST_05507,1.5602740458726503,0.14619566072493037,0.37058721935384653
TEST_05508,2.5712983977705135,0.385362748126589,-0.38733240961366416
TEST_05509,3.4373512913524964,-0.8683122413328768,-0.024979649613422632
TEST_05510,3.9775052202605354,-0.10114506211270756,0.8242676202520304
TEST_05511,1.3888980525140382,-0.5055556007892473,0.34757253786288184
TEST_05512,1.235567638229288,0.254955139869125,0.007757775139039495
TEST_05513,2.6590079934607864,-0.5979371177159676,0.6220889238417148
TEST_05514,2.29665290049732,0.4049029587645819,-0.08457459442863248
TEST_05515,2.1530474732114024,0.13463837233192677,0.03890815193523243
TEST_05516,4.841115627897595,0.9890868325093682,0.7284214678629816
TEST_05517,2.3631946157128074,0.8930039098622685,-0.19408529205712757
TEST_05518,2.575447914574435,0.16774786818911805,0.7056362454687338
TEST_05519,2.776769992664457,1.5792169545467327,0.13078751975048158
TEST_05520,1.4998175737654167,-0.6238947510145375,-0.29423329578814233
TEST_05521,3.0770573564854122,2.163279254535784,0.12886792947141384
TEST_05522,1.238321376139493,0.042844845100393145,-0.5444266987163953
TEST_05523,3.696559322541132,-1.1067379655067295,-0.7348710163305531
TEST_05524,1.4397926462535209,0.33997217422803067,0.271454769136216
TEST_05525,3.073219169506463,-0.22119132322476082,0.4997830995830686
TEST_05526,1.5469985406424622,0.21562652299398483,-0.39713177353038
TEST_05527,4.195644447669922,-0.15777688266027093,0.6892020972447888
TEST_05528,2.2082259300748346,0.5268381672450888,-0.09454589974570551
TEST_05529,3.281291200055189,-0.16598949011132058,0.2741988883221951
TEST_05530,1.6372706816519005,0.09962434476713342,0.23999809723813417
TEST_05531,3.105111460835173,0.3860879691707926,-0.8548956996173896
TEST_05532,1.251033225205918,0.3158192741274974,0.45046731374411153
TEST_05533,2.2515376927302864,-0.13570249972813064,0.3051191406802799
TEST_05534,2.071550648685027,-1.061537410433028,-0.011281714509646327
TEST_05535,3.2805487312532144,-1.0384186742757004,0.6027463509611728
TEST_05536,2.7276369663775473,-1.5351777983775252,-0.650958357353108
TEST_05537,1.5606774801986565,-0.27492538022397967,0.2710245119189374
TEST_05538,4.8396496670099,0.5371936099043567,1.7330918850183932
TEST_05539,2.7414580293666795,1.3538740031609466,-0.7699952272847407
TEST_05540,1.966233741824316,-0.10828333590560581,-0.27617176632726376
TEST_05541,3.6595151599893674,0.30408758390222895,0.9782929463814044
TEST_05542,1.7768984541292472,0.4518472568765419,-0.010063992363640443
TEST_05543,3.0697956081097444,-0.00439242754664163,0.35981207049210956
TEST_05544,1.055744647630896,0.2215565328853299,-0.04662550549380242
TEST_05545,5.826142410237312,-1.6164618567968594,0.35997364290941203
TEST_05546,1.569562729217522,0.768277803852863,0.03697560087370838
TEST_05547,3.810633604850065,0.03685358369319998,-0.02291487510363153
TEST_05548,2.7038423570134227,-0.00628153682755077,0.060448669425946476
TEST_05549,2.5161337779977564,1.044448318853825,0.19552078881961044
TEST_05550,1.9709640499935395,0.7567227828846474,0.46688974322266524
TEST_05551,1.804893582173026,0.145783947781133,-0.34547596730122965
TEST_05552,2.2280677371506035,-1.1416163768039393,-0.49480859448710984
TEST_05553,3.070788072577278,1.1815270968309735,0.11987236461013553
TEST_05554,3.5357033890249157,0.5280279750431152,0.013604410041752049
TEST_05555,1.6797376783052342,-0.44275824577394934,-0.21809161015621262
TEST_05556,3.8824743902038454,0.6878700781501965,1.198284829757772
TEST_05557,2.4962469959513487,1.3813692307627476,-0.1847642321932964
TEST_05558,3.301325642654711,0.6923443036087954,-0.5957253273491105
TEST_05559,5.039777804882208,-1.4294461986433113,1.6512625544877393
TEST_05560,2.1986069694247408,-0.7454082598052888,0.07078894142445506
TEST_05561,4.343180981402374,1.70102320159355,1.1657635817072853
TEST_05562,3.861564292598481,-0.08865569299056222,-0.049434069204582105
TEST_05563,3.3216183160870933,2.1136324045722854,-1.3217838404865099
TEST_05564,2.500308526063264,-0.6290577634997945,0.027784392979519124
TEST_05565,2.2333553793578984,0.7847948058924864,-0.726554141060514
TEST_05566,2.986925706406766,0.2539759817077953,0.15492163091838998
TEST_05567,4.482276041999209,0.6279820502068394,1.1961837942060447
TEST_05568,5.332667651778227,-1.500199937337868,0.00700897064677013
TEST_05569,2.218495949532466,0.5309213495623922,0.2350183183869722
TEST_05570,2.4527448218011427,-0.20296491706985764,-0.722884739933962
TEST_05571,3.622495146883056,-0.2608389766670248,-0.4353581243085598
TEST_05572,4.3567382704991875,-0.9250490664774267,0.7881419490279468
TEST_05573,1.245950215975009,-0.22148144080528784,0.1347159373500738
TEST_05574,2.968529644900135,-0.05245801496768953,0.6436903633672716
TEST_05575,2.1032633033452175,-0.7705677543932048,0.3075442917035217
TEST_05576,1.762401961350605,-0.6680402712533838,-0.6180517429317884
TEST_05577,2.5124263463173175,0.7462201147777834,1.051537487230033
TEST_05578,4.671314782690467,-0.8371132825756548,-0.8056808254591454
TEST_05579,2.5014820762796446,0.6540997589056978,0.20043945166906624
TEST_05580,3.2188215342269606,-0.25055139728078113,0.3925335260598691
TEST_05581,3.0279437482954674,-0.05562572122454757,0.12142492935876026
TEST_05582,2.1984378748511237,-0.7366489840890035,0.7714695168603952
TEST_05583,2.169527494501722,0.03919862661044013,-0.29959138103803945
TEST_05584,1.6215978186060298,-0.18823704982089748,-0.38924344606146727
TEST_05585,3.504951520649468,0.09846809988370586,1.3382276612084119
TEST_05586,1.5289327394683367,0.5149521666296046,-0.2812044902213519
TEST_05587,1.8224804129576553,0.6334360234222485,-0.3220647651073072
TEST_05588,2.5539069998627317,0.001749581640632148,-0.13089479645212662
TEST_05589,2.9190414651798244,-0.8329710183763603,0.1558528772169033
TEST_05590,3.569894266451191,0.6186640976751732,0.40882598540734527
TEST_05591,2.417231700576573,0.604112798984106,0.42921126842087676
TEST_05592,1.718181330595883,1.1472902870913695,-0.03633544285654672
TEST_05593,2.6731414622479437,0.4427824674001125,0.07171820339812539
TEST_05594,2.3336764283949325,0.36406358667015953,0.02115321085612308
TEST_05595,1.7613335266427677,0.6014901583855993,-0.3253594206336942
TEST_05596,1.75310025178394,-0.9916708253951665,0.5227745394767382
TEST_05597,2.0112443779898226,-0.8652280241768643,0.2853278298371309
TEST_05598,1.684198578937283,-0.11413545306389312,0.5226984804737789
TEST_05599,4.644988878150004,-0.8305865844113361,0.27708967091018305
TEST_05600,4.595938384647636,0.672130505417063,-0.6190853826552463
TEST_05601,4.6317662662078165,1.7670068272391173,-0.68852411462589
TEST_05602,3.7489386408597247,0.364473203503308,-0.46662008733973703
TEST_05603,1.4501239538388695,0.8272093710246562,0.09078153705609836
TEST_05604,2.3728912106388083,-0.4154309990202915,0.8828481225205859
TEST_05605,2.10971263147977,0.6315243972242557,0.0671933545165129
TEST_05606,4.369897908916458,0.6976460301341437,1.0458891574314413
TEST_05607,1.882210636897849,-0.26086084122768494,0.35643476042602806
TEST_05608,1.155246570395205,0.5035311976456802,0.23330605316840664
TEST_05609,3.3526508950910925,0.31473876012141133,0.22297583765633683
TEST_05610,1.4378095246919118,0.20628451092838668,-0.4055644071954509
TEST_05611,3.3727394048518264,-0.4945480278778975,0.15311972342996416
TEST_05612,2.2376684543156693,-1.2945054704111596,0.8846913345327252
TEST_05613,3.2380855790283882,0.27528535635103873,0.44315465125017284
TEST_05614,1.1308909371419362,0.7867813689720854,-0.565112140912215
TEST_05615,2.206814688119005,-0.689907420986038,0.42314468734968613
TEST_05616,1.383498677427305,-0.4742482262633641,0.45470165174282134
TEST_05617,4.357450826771081,2.0846580317628716,-0.5747770800787227
TEST_05618,3.790712565813999,0.5818622202225031,-0.43404974871519286
TEST_05619,1.1897167141148928,-0.6689210817858606,0.11972932350717494
TEST_05620,3.3380219526675585,-0.3408667850078896,0.8315633641546933
TEST_05621,2.130191528397606,-0.05754776467518567,0.6871565817503652
TEST_05622,1.9669328782110225,0.054230896039768064,0.4414555002880617
TEST_05623,1.5690067718153429,0.5942034124553411,0.12920718599080458
TEST_05624,3.9594212547303864,0.2088197157505867,-0.10998526221395737
TEST_05625,4.47064450489542,0.00905647097442815,0.5181850120095404
TEST_05626,2.382304427638895,-0.4436493070960572,0.41367962410942793
TEST_05627,1.5786437721988666,0.43650151293395156,0.1479585589702647
TEST_05628,2.739005298968468,-0.5438817606287206,0.2549911511850595
TEST_05629,3.906703308063945,-1.1048536745184443,-0.7021394721395493
TEST_05630,2.811000863152299,0.2855384523955058,0.07176401473672675
TEST_05631,2.243441258464959,-0.7778529645583102,0.42410118101811956
TEST_05632,2.369250248119925,1.5990669835535218,0.010632276651321172
TEST_05633,3.6608111241132577,1.0199803354723471,1.4827198066577694
TEST_05634,1.4226864368864456,-0.059320964399574065,-0.028819363423780765
TEST_05635,1.6678868026749554,0.17424093968584844,0.11792588990835871
TEST_05636,3.416034634228012,1.4125446968003885,0.9485692609892812
TEST_05637,3.3172829471180743,-1.3214374611398698,-0.7591949232716321
TEST_05638,1.0713572562899656,-0.26507592884504594,0.3370514697049384
TEST_05639,3.2188996207375755,1.6268646129775988,0.5042850475831396
TEST_05640,3.4374184334576143,-0.4801179578959049,0.9263918862527453
TEST_05641,3.3858342347600985,1.1384848554841938,0.5136833294827303
TEST_05642,1.3160040564762783,-0.1635930903539008,-0.17359569674601077
TEST_05643,4.175831402723794,-1.2105017365298303,0.6179006364441086
TEST_05644,2.354856871167307,0.806707383472688,0.3925644706270953
TEST_05645,1.5453534099276014,-0.010677977340710656,0.004919048183214218
TEST_05646,4.241874972396212,1.4186367358841614,-0.5424028926963762
TEST_05647,2.67935153201846,1.002165508606807,-0.03862854749184046
TEST_05648,1.156620453281982,0.6587601086737755,0.5180402182461769
TEST_05649,1.931008787225287,0.7103164957833663,-0.09459437558233286
TEST_05650,2.200753249171606,0.007787922945763628,-0.36499936894190743
TEST_05651,1.13830898267717,0.15492542730574804,-0.15875466819702153
TEST_05652,2.5765260017121365,-0.02711734364833622,0.1483117408941423
TEST_05653,2.922055890303728,-0.26884388795866754,0.28613674674168915
TEST_05654,2.507040929383763,0.7660138968146553,0.9846942968133943
TEST_05655,1.7425783382716222,0.4762601620594798,-0.4273334760186213
TEST_05656,1.9694245302612223,0.6150994361896736,0.7877904344924412
TEST_05657,3.026362964841941,-0.11728665618874029,0.7806502426181119
TEST_05658,4.649665864086565,0.8642229086533145,0.9291916833383709
TEST_05659,3.686287287046843,1.1258833005096354,0.5918127886150346
TEST_05660,2.1610887484565175,0.20290811208905185,-0.37825351092512943
TEST_05661,3.0301496232237084,-0.3083914812397487,1.524488261823601
TEST_05662,1.6328927405368636,0.1877877098672094,0.28874202112955294
TEST_05663,3.4879969733801963,0.577898431677103,-0.3726139136834855
TEST_05664,3.119768412685008,-0.22840363981961173,0.2744930479098639
TEST_05665,5.5562043013416575,-1.8897970775584025,-0.6504020518974536
TEST_05666,2.9524480000276765,-0.543318371202274,0.6705537796026789
TEST_05667,3.6118608855519736,0.30967920122788156,-0.2399206399593495
TEST_05668,1.832693778736156,0.38303324841854225,-0.4078101389113238
TEST_05669,3.134903986469931,-1.8698418236475052,-1.111683751726227
TEST_05670,3.5735154219985414,1.2980256301090467,0.7804871668173514
TEST_05671,1.1784599412487322,0.1798797734840679,0.1093179936882722
TEST_05672,2.6372033274260187,0.5755474976598827,0.45758431503463953
TEST_05673,1.6071985307082195,-0.12938102211328564,-0.007468138736787514
TEST_05674,3.5561112419554477,0.7267224102226801,0.09581814128197143
TEST_05675,1.9663998858374534,0.930376979658826,-0.6121400125325271
TEST_05676,4.4846718452735574,-2.2446722121019826,1.4730858573061545
TEST_05677,3.280703023407834,0.590487464138571,0.6591478484760632
TEST_05678,0.9651300119240989,0.35234223024508365,0.3555313979806615
TEST_05679,4.880438680960559,0.4324987054775808,1.5043064349060589
TEST_05680,3.0176300688044386,-0.1791892991173856,-0.25554168480798095
TEST_05681,4.024853439653711,1.6634211991873176,-0.5516986331237134
TEST_05682,2.197157570892148,-0.589682007725216,-0.508233990448365
TEST_05683,2.490125727997683,-0.4745337189930241,-0.005450467867314564
TEST_05684,2.789881675221683,0.2000933712000555,0.7564302140709369
TEST_05685,2.245222329998698,-0.11877599334346443,0.7904490296801971
TEST_05686,3.099577588821,-0.6648611540785851,-0.4675577581838818
TEST_05687,3.644050387787513,0.7784200623752459,-0.5666900018527709
TEST_05688,1.103769962367694,-0.5110625513510418,0.04749190699523954
TEST_05689,3.3589494281397885,0.21297812312232262,0.19161138519345447
TEST_05690,3.2216063804848654,0.5554172206348681,0.2968647993431713
TEST_05691,2.3525991482737414,0.078167691040437,-0.8271658584577757
TEST_05692,1.3434293836179296,0.6824511772095518,-0.014812911278088335
TEST_05693,2.549596864886049,0.10727449494118366,-0.21991019633439976
TEST_05694,1.9027883474446496,0.6373611455447634,0.19802479315712307
TEST_05695,2.3639796779607773,-0.2507333535028071,-0.5634591141206599
TEST_05696,3.2148612015145495,-0.4474258284600119,0.4421311314035209
TEST_05697,3.014704325850703,-1.1987994411829235,0.43478686849161297
TEST_05698,2.8908647733477855,0.3210850329037789,-1.1099326442383164
TEST_05699,3.9982151514991573,1.5449745739815395,-1.25480177154327
TEST_05700,2.734904452007954,-0.2075829164520718,0.20044497001222786
TEST_05701,2.900976689286645,0.09112057805333379,-0.9702450006606326
TEST_05702,1.6588918697387105,-0.11640500845252427,0.3660985862957936
TEST_05703,3.666492758385186,-0.07526140637173902,0.41467050953191015
TEST_05704,2.701549385311846,0.29849211049317903,0.0461354792539607
TEST_05705,1.3939263301012825,0.28437417703847095,0.6153777824605047
TEST_05706,2.0560803312201847,0.5542156887588001,0.5245238093977352
TEST_05707,1.2947631655206078,0.058107659255225985,0.4438832401230595
TEST_05708,2.9885495727577047,-0.2303730362956585,0.5732334065078982
TEST_05709,1.95435605787831,1.0962854644534337,-0.2770711267332975
TEST_05710,2.089365813380599,-0.8340182173055256,-0.7673754704851983
TEST_05711,2.286758487247523,0.5815439880574139,0.43152185505614093
TEST_05712,1.3864731471914828,0.39734912614157636,-0.4123085091759082
TEST_05713,1.8519738158846422,-0.005292915031376561,-0.45988834314283816
TEST_05714,3.414552972343595,-0.5732058872033887,1.2446947951726148
TEST_05715,1.4618181030255286,-0.3459518170152527,0.2320054274263242
TEST_05716,1.7558119348570005,0.19927692981758868,0.08348464488895534
TEST_05717,1.8486468327253982,0.721072924409267,-0.4838252607952505
TEST_05718,2.004694974497299,-0.08882262021531052,0.8377419179510072
TEST_05719,4.869684008579796,0.7084908434075815,0.647508550792291
TEST_05720,1.4893174782910137,-0.5114853197258321,-0.13646326590901178
TEST_05721,1.7591107724583241,0.28005285946117425,-0.44561245888946616
TEST_05722,4.080208586086506,0.38655076633575386,-0.6922268859818557
TEST_05723,3.291524890636604,-1.6268247546131334,0.4492542269404269
TEST_05724,1.8240187085199322,-0.2773840199742837,0.29753349676918994
TEST_05725,1.8822157480418906,-0.4887070266392199,0.16073667483147155
TEST_05726,1.6872718339529647,-0.2888381672951129,0.09739750856266378
TEST_05727,2.0837335733209716,-0.804922001080916,-0.01842048179629318
TEST_05728,6.123124658296915,1.7099010395994878,-0.3811027638497173
TEST_05729,1.0953505826315117,-0.34050471531081183,0.0538230744418393
TEST_05730,1.409956386874174,0.33139856181875255,0.11076572813475904
TEST_05731,2.22032549867042,0.2665949002592665,0.03295344997886441
TEST_05732,4.511182065034165,-0.6685891681611305,0.9426587310736958
TEST_05733,1.4923527472576594,0.2970693257225917,0.10531524096096043
TEST_05734,1.4337638227728615,-0.29188458026253633,0.31534386501448247
TEST_05735,2.00210823664863,-0.9889989072829486,0.00939015765619681
TEST_05736,2.4984990499201145,0.7824828491866169,0.07554959301797488
TEST_05737,2.1631070246656554,0.20737872283350192,0.04773391689346089
TEST_05738,2.3290571710218133,1.1803373130270816,-1.062297250507295
TEST_05739,0.7814099306173362,-0.39160146581548855,-0.07352268712235766
TEST_05740,2.2194606580769682,0.43055840052437516,-0.8338259068657916
TEST_05741,3.1941606402892173,-0.2670227840797362,0.0628407133551492
TEST_05742,1.3049912759920654,0.18765720373074568,-0.19143208900551398
TEST_05743,1.685855891138411,-1.016045281356192,0.685816618704024
TEST_05744,2.0242941098685763,0.06256287588978257,-0.1604756770704503
TEST_05745,2.0159935751676024,0.5210572717203592,-0.8446521314248633
TEST_05746,2.552685789246522,0.07118525274751744,0.028137414607209803
TEST_05747,1.9653656391610557,-0.5594904518547996,0.5949808963365757
TEST_05748,1.9602625218814735,0.7105994436016099,-0.09653414966418
TEST_05749,3.9429537980435203,-0.6861928580542266,-0.968976893841868
TEST_05750,1.1669987350046853,0.6499464038755464,0.13552042118308613
TEST_05751,1.7067441356480237,-0.12392814676339638,0.03697770958048527
TEST_05752,1.9682525836923905,0.8543208407230451,-0.42062279492216614
TEST_05753,2.1426420059784226,-0.14470730889935235,0.562525990976963
TEST_05754,0.9381748293316564,-0.31737967916367243,-0.00952364550456016
TEST_05755,1.371525222060416,-0.3144316614457039,-0.11579456086053454
TEST_05756,2.060396893555815,-0.4426519493998151,0.6173412051122188
TEST_05757,1.550894037593082,-0.05019324513844125,0.13823194189998866
TEST_05758,3.2290603076473112,-1.2512941058604763,0.31473186299600736
TEST_05759,3.2969964007654915,-0.6631557837235664,0.8019093246490622
TEST_05760,2.203681924482488,0.9617083599145413,0.2142644825696754
TEST_05761,2.878346048030037,-0.1459502589121744,0.14734611407255271
TEST_05762,3.6754279024989125,-1.5370381238021116,1.3155700925699512
TEST_05763,3.77051392949421,-1.4004986038149607,1.0503859632579517
TEST_05764,2.147909005297719,0.176930568367634,-0.46537405353735833
TEST_05765,1.4909648465380667,0.3006165942950352,-0.3299423206987558
TEST_05766,1.5534709258046022,0.01166869718206757,-0.2627026389942503
TEST_05767,4.4821751968703785,-0.7078006045983368,-0.5989794662586119
TEST_05768,2.3685484200979112,1.0294228755075336,0.05650409873410533
TEST_05769,3.0412650252585687,0.13004989553177226,0.24959571667328292
TEST_05770,2.691886520417262,-0.3230791875980245,0.06986771261961416
TEST_05771,3.6620462756260963,0.05136436560958558,-0.01120159230093799
TEST_05772,2.404180218151017,0.8251218849344877,0.4760581320131016
TEST_05773,1.5652019906591748,0.27207231234192586,-0.2617958586098792
TEST_05774,1.1636314792645743,0.33098456782672164,-0.10451585292617853
TEST_05775,2.1360776614803774,0.4115239632698399,0.06659427472323408
TEST_05776,1.01232275769903,0.37702017467520405,0.540383486224225
TEST_05777,1.1236505378224433,0.16799877431927224,0.08972290542433518
TEST_05778,4.563753306479319,1.5670721235436096,1.3800663317104145
TEST_05779,1.0662066889901094,-0.5749133862279481,0.14876714192371493
TEST_05780,2.0434600053756915,0.2266700293956967,-0.43033889362172956
TEST_05781,2.381066884757789,-0.35570031506159716,-0.9726436812641083
TEST_05782,1.346985013986053,0.016207250560913055,0.052243955249336595
TEST_05783,3.928452281105973,-0.008774706789472935,-0.4363362649123099
TEST_05784,1.3909924830924967,-0.2826265770348186,0.2617265122486385
TEST_05785,4.224122851028992,1.6043670102897398,1.1901597048991626
TEST_05786,3.011399763402522,-0.1824344974242823,-0.41300745970689895
TEST_05787,3.461074668312732,0.6892994463612279,0.1498736313711081
TEST_05788,2.42920532404141,0.7048005621717949,0.21544844414068295
TEST_05789,0.7508404293595106,0.00512061139195576,0.16955929464101493
TEST_05790,3.6420496945309697,0.17071815387289477,0.6812010943248166
TEST_05791,3.0064273243546045,0.5404840333251711,-0.4908993137355062
TEST_05792,2.7096042268616234,-1.1223410093259323,-1.0978346483767263
TEST_05793,3.1168806414608454,0.17434844562005147,0.9658434331318324
TEST_05794,3.1370973791021375,0.27842655814531064,-0.37405375934441754
TEST_05795,0.9587056913208664,0.46469835312033236,-0.06989253723275436
TEST_05796,3.850818444165834,-0.46746595484926284,0.247293871548429
TEST_05797,2.568934724096401,0.8645460880875709,0.16217030789381506
TEST_05798,3.2095681076225655,-0.9443435301972397,0.9020610765266208
TEST_05799,2.7593644963112176,-0.7064478509576538,0.8295913630856842
TEST_05800,2.760719513828832,1.3509572847159341,0.5380712767858952
TEST_05801,3.898532971093694,-0.6319779252010019,0.17040354884186287
TEST_05802,4.481909568340636,-0.9904102607343446,0.01790133044432945
TEST_05803,3.3610131281479183,0.549665830293274,0.09374041420690929
TEST_05804,2.351144197178265,-0.2546165432265122,0.7997496965782427
TEST_05805,1.6425262401326985,0.9619698612801217,-0.5103599958410107
TEST_05806,2.5758989962971084,0.2668962055459671,0.31551858777520647
TEST_05807,3.3043321152171083,-0.5054973248598509,0.5295600493272556
TEST_05808,1.8333894813286564,0.5379952987151515,0.8992417628046696
TEST_05809,4.581274462185719,0.5624987393713609,-1.1126439638712202
TEST_05810,2.417361130204646,0.5952777083807066,0.07834454116743128
TEST_05811,4.217226244434192,-0.2461624526610714,0.5334720139657992
TEST_05812,2.694236708525632,0.8055765089604511,-0.8627498520359207
TEST_05813,0.9288668868719839,0.2942175431802793,-0.09799628253187292
TEST_05814,1.3943375582393596,0.02263582547685379,-0.366221625475348
TEST_05815,1.5024977182828072,-0.7228249395759649,0.408226332796933
TEST_05816,2.995323960776547,-0.48355664414914246,-0.4738728431534595
TEST_05817,1.4510956995318314,0.5407163481802857,0.1035790418729073
TEST_05818,1.9049643995683612,-0.14037967293329442,-0.9282237870305903
TEST_05819,4.544037726651371,-0.8011846231270128,0.41223059852460575
TEST_05820,1.0060296921982594,0.045632800498111,-0.12785946899740688
TEST_05821,1.8293336324073521,0.5981822077172061,0.06790350153072251
TEST_05822,1.4635047713115588,-0.04399102746602628,0.02854282546882061
TEST_05823,1.2815958650417514,-0.072974205964212,-0.2334548975552527
TEST_05824,3.295227857247183,0.0038886319984363133,-0.208600963487626
TEST_05825,2.2060922132211283,-1.1216580863677397,0.8236697100430171
TEST_05826,1.3143894826323792,0.06164553067739281,0.07083559190603142
TEST_05827,4.040600530597838,-0.14153040964042357,-0.4799246317512557
TEST_05828,2.2494415457517793,0.11452916841315156,0.3183606257503336
TEST_05829,1.2090000981577131,-0.2108908279107797,0.40639524676972416
TEST_05830,1.2073364558938768,0.13154890304596983,0.42737912527845656
TEST_05831,1.2891061800035968,-0.08902312311325497,0.24620797305738149
TEST_05832,1.9639235671115123,0.3997735065488244,0.271239710976132
TEST_05833,1.8754191529126278,0.7287583291240446,0.5151100958538474
TEST_05834,3.446643997737218,0.2905711667829177,-0.899549147695932
TEST_05835,0.9330466642768362,-0.3983191887180902,-0.203906452446642
TEST_05836,2.9485957449803872,-1.4228362866045872,-0.5793678201598041
TEST_05837,3.808268834569632,-1.9526942076914875,0.16463792719464945
TEST_05838,0.8908418995068179,0.47619376485595266,-0.04319887091917912
TEST_05839,3.04498467151357,0.839021950734285,-1.095191999323416
TEST_05840,2.6869844412341615,2.0698410199494703,1.0758122068414149
TEST_05841,4.275971399741298,-1.1998784927178907,0.9717065805726907
TEST_05842,2.073748098748385,0.9729095534015858,-0.8834549844441687
TEST_05843,3.185955323843541,-1.0124430772755737,0.5093559453895564
TEST_05844,2.3470930549396325,-0.3351130779870323,-0.14122484725167495
TEST_05845,1.6527937458514017,-0.713231079312086,-0.24324245923225182
TEST_05846,4.328292987906284,-0.37904835447217206,0.5225773953036181
TEST_05847,3.4199425764544453,-0.23386896607444335,-0.23596561549093914
TEST_05848,4.3370476459722065,-1.511059879044053,0.7701008159286232
TEST_05849,1.5081902562057006,0.015294814056639357,0.10584619103416949
TEST_05850,2.5881457934034913,0.29154713165390306,0.06295716242794676
TEST_05851,3.5407019138333595,0.47444981051077556,0.6449480693027746
TEST_05852,3.271383521953864,0.3179202992749383,-1.1473500619002508
TEST_05853,1.0408978746956699,0.04017827187377776,0.16067323195811076
TEST_05854,1.7114425394452528,1.0490503516962648,-0.0989680726830726
TEST_05855,3.044326263797848,-0.8372938362899748,1.1300939695913748
TEST_05856,2.7711668806087513,-0.6837775299833189,0.1370875943504571
TEST_05857,2.2757014910540265,0.8027869228234695,0.43686847603180223
TEST_05858,3.6728238725032836,1.585164075174334,-0.22265476299445724
TEST_05859,2.2644627098125074,-1.3128343131824423,-0.5810925363316604
TEST_05860,1.1240040721147133,0.16266618336307065,0.2982247111266064
TEST_05861,3.111512965963632,-0.17089524756167854,0.12391479639376465
TEST_05862,2.2066560490362375,-0.04063282998366178,0.035701285461470805
TEST_05863,3.740133450510381,-0.5947739156410189,-0.8060871878366043
TEST_05864,3.0274518101160344,0.015848776908585008,0.06915430510780776
TEST_05865,1.5152516247882484,-0.11982409871558304,0.7372824632367475
TEST_05866,1.5301212068229055,0.5901812279059774,-0.3786841829721519
TEST_05867,3.570205764170012,0.10803850727297339,-0.052814712470785286
TEST_05868,1.55890817420162,0.05133852186332529,-0.0015009956746115532
TEST_05869,1.3160657900153754,0.29519916748872244,-0.6137284042282043
TEST_05870,1.5343822340438982,-1.118367287684705,-0.12000387699085265
TEST_05871,2.0160458056240644,-0.7093099141339594,-0.0440379033779801
TEST_05872,3.1216943129288137,1.4147733364603714,1.1435971678463825
TEST_05873,2.8721075097908724,1.6064563584015659,-0.7830218248517912
TEST_05874,2.6788568587564554,0.6494263289548764,0.6920874035477466
TEST_05875,1.2198933475935825,0.2233012161153233,-0.003408350862315804
TEST_05876,2.4084438254890776,-0.6541561795701306,0.26998327080617013
TEST_05877,2.9182796742164583,0.469805158995292,0.607862177788266
TEST_05878,2.2477924238656253,0.21407560222415256,0.40377815238611453
TEST_05879,3.9069824343619914,-0.27938245494039404,0.6414448562514383
TEST_05880,3.738019160546735,-0.06138589106852283,0.06814548676131409
TEST_05881,2.8887840614088116,0.9012177486241215,-0.42194796023737624
TEST_05882,1.5002669804643045,-0.0631550192942513,-0.13301643405196148
TEST_05883,2.5065117135520434,-1.4452767905651274,1.065201153954426
TEST_05884,3.057493473805379,-0.5515987047775134,1.3945216244143732
TEST_05885,1.7120550948874933,-0.17276775604107789,-0.18479227782421362
TEST_05886,4.989562845849155,0.5063361974467643,0.518661899077276
TEST_05887,4.220649732063346,-1.1662088913953845,0.11704920293059572
TEST_05888,2.2356027811394243,0.48926772129197876,0.48772245242337503
TEST_05889,2.777820346717543,0.13058589091548933,0.4876381854272755
TEST_05890,3.2090574252232202,0.27090939557447635,-0.17858202897102907
TEST_05891,1.8764751491210363,0.20115526108989196,0.04002987396865626
TEST_05892,4.50206538077578,0.26814922641762284,0.6130056363223164
TEST_05893,2.7482701979688384,0.6284121775766894,-0.29395617109110694
TEST_05894,2.522351560700195,-0.5547501619499038,-1.012471425355545
TEST_05895,1.402538572759826,0.34450096376416944,0.3220115883085133
TEST_05896,2.586405147483093,0.25823443433759335,0.8975780016500804
TEST_05897,2.170011538398481,0.3759096546189394,-0.04903394314866834
TEST_05898,5.402791472353729,-0.9637004349147476,0.06743780880351763
TEST_05899,3.5107151860271864,1.1974060463654,-0.7479287138556845
TEST_05900,2.0198286507452425,-0.31343070960921093,0.5107587081404611
TEST_05901,1.523846576797798,0.29824643537448586,-0.2546489947481649
TEST_05902,2.0798697880348276,-0.767602715695046,-0.1328793733576774
TEST_05903,2.158574986155188,-1.0702465902120033,-0.13390485072781008
TEST_05904,1.1529160979220228,-0.20562722473406428,-0.07864817388034594
TEST_05905,3.826379288623461,-0.18584608013322743,1.7920787631912662
TEST_05906,1.4499655621663614,0.4702248284350453,-0.48677165660970145
TEST_05907,3.5959754254368606,0.1687077207401892,-0.37372846993013714
TEST_05908,2.72586613844291,-0.7497074799792187,0.37321055247469714
TEST_05909,4.103479390894393,0.5167538060855279,1.0554610646533218
TEST_05910,3.160055182763361,0.2704783186479077,-0.9021242303098591
TEST_05911,1.7977037023328295,-0.4865852458541971,0.1882317744950392
TEST_05912,2.4933158437932383,-0.14168248739952874,0.32872976039703583
TEST_05913,3.1812875146409705,-1.429224526097945,-0.2815049718791822
TEST_05914,2.4589782350881633,0.04432672784261289,0.08389976035983521
TEST_05915,1.6268926870145446,0.10848253792918493,-0.2587538388895026
TEST_05916,1.2760343231549736,0.16903979598513455,-0.1704402590605245
TEST_05917,3.4909830135567974,0.5084189044253586,0.3365162495903472
TEST_05918,1.6843477193398417,-0.08311075754982197,-0.3679314787438316
TEST_05919,4.767460436165677,-0.9412957706850795,1.1978375259845817
TEST_05920,3.284716927789667,1.241108125154361,0.8269483729924512
TEST_05921,0.9647472296871249,-0.6259515087888056,0.23635659116005397
TEST_05922,2.6644613272178583,0.3896283864678616,1.7571195824769434
TEST_05923,1.2497277599253618,0.27011346491613186,-0.12183233704976641
TEST_05924,3.137500752883992,0.7810985831646361,-0.3881294841514617
TEST_05925,1.0031373754012198,-0.3564413357053521,0.3281422776345798
TEST_05926,2.0860305410090603,0.42382298770563537,-0.1312252277885167
TEST_05927,2.953282914443073,0.6098839988386332,-0.06052949576035464
TEST_05928,3.712654530894783,-1.7776938798498871,-0.011398397309673323
TEST_05929,3.038510186703286,0.6289987709502567,-0.14798781197479288
TEST_05930,2.582764931522211,-0.019192022629709225,-0.2011946907788069
TEST_05931,4.041968604535754,0.2777430006246549,1.1146356147116572
TEST_05932,3.3323001964630476,-0.9592496360559909,1.1680126468874683
TEST_05933,1.4539551677987748,0.33516258428898726,-0.2182495453799988
TEST_05934,2.826653403614046,0.9426291418424612,0.40161961118510964
TEST_05935,2.478431668574438,0.24490186044189868,-0.3108811964849759
TEST_05936,2.979802707401423,0.4418213101328266,0.5753618242378928
TEST_05937,3.4057525762942533,1.8541846347338953,-0.16037669372279623
TEST_05938,2.8891705690815694,-0.8119005881166795,-0.8792609452877285
TEST_05939,3.4744934788433337,1.3723278574916844,-0.05131543305833262
TEST_05940,2.996273240405078,-0.8444497487773314,-0.545003955691279
TEST_05941,2.990816612383503,0.19645971035983228,0.44871430644705507
TEST_05942,1.4020096775104796,-0.5535117819192591,0.17967111747975906
TEST_05943,3.6151191413817694,0.6400163081374673,0.9008848276409518
TEST_05944,1.4976435990364738,0.08469127976066632,-0.14597318631763156
TEST_05945,2.583552726217327,0.4839910924473302,0.057530583063743104
TEST_05946,2.347218784132235,0.4343145080898098,0.295150229247184
TEST_05947,2.367425805022587,-0.3988194121896652,0.030613794676740202
TEST_05948,1.9299972219361905,-0.45023947925831287,0.39694766709872964
TEST_05949,4.1691491200575514,-1.599325657811916,-0.160439200159551
TEST_05950,5.281560280971082,0.4019461008436061,1.544726481604483
TEST_05951,2.5278520753097498,0.7725337215363177,0.6582790129553804
TEST_05952,3.365153724772043,1.564113482286693,1.016541993800039
TEST_05953,3.3172794181491545,0.4560172177723394,0.36170133418857775
TEST_05954,2.5592922934794227,-0.4675362519759685,0.5821546964229957
TEST_05955,1.6925784065120257,-0.19786848726432169,0.26221606168781636
TEST_05956,3.909525126585708,-1.1530931832134164,0.3015843477691137
TEST_05957,1.759571668837383,-0.24942620685079991,0.2705674531744811
TEST_05958,1.689379336444478,0.857689608233345,-0.655059961997379
TEST_05959,3.6897871638396267,-0.7905062976141966,-1.3095876290676989
TEST_05960,4.542842908514504,-1.3982899121747372,1.2275466387413847
TEST_05961,4.979996474151041,2.025717698943259,-0.6873542376354277
TEST_05962,1.7096880998788488,0.7451223166209487,0.24304884252526132
TEST_05963,0.9711429257339356,-0.42988430893894536,0.2790879069384534
TEST_05964,1.897698467350166,0.664405776626316,-0.025183381066806343
TEST_05965,1.7565738728387401,-0.5784031658760218,-0.005197902793100844
TEST_05966,2.5465535405921367,0.20797297887982377,-0.9697704997123173
TEST_05967,3.6644533252896903,1.075908523133907,-0.5749629025079868
TEST_05968,2.5243017911731167,-0.4571682509623661,-0.8634624234564905
TEST_05969,2.618933257827417,0.03999661060106547,0.1819668971134142
TEST_05970,1.567481998746629,-0.18183864154827095,0.22261301893589133
TEST_05971,3.218767795946795,0.23493088774653076,-0.6479106470045783
TEST_05972,4.4313189426216,0.8315645212946965,0.02915727649922133
TEST_05973,1.7703585135496958,-0.08060598408793462,-0.05797180816974984
TEST_05974,2.068090974620555,-0.889322935805432,0.7904587045537392
TEST_05975,2.49686750758862,0.1549643362533003,-0.21537170020442828
TEST_05976,2.9412264043350222,0.9135156737646087,-0.06434112550519455
TEST_05977,1.6395923889136177,0.8528810309086287,0.23816028526409824
TEST_05978,1.5123403119993393,-0.2517606861519187,-0.8617561953296224
TEST_05979,1.181036388237197,0.012137165076616403,-0.28902598201065816
TEST_05980,2.457451943616,-0.11632762625568392,1.0245466998294939
TEST_05981,3.369522598455808,-0.07838127603805412,0.6176961194791001
TEST_05982,1.7664644201088189,0.17306925323774747,0.2964579075122163
TEST_05983,2.052677287727026,-0.8118906099775965,0.6620055767110696
TEST_05984,3.26929743097944,-0.41278774425436415,0.748191675089204
TEST_05985,2.536068580605131,0.6288432518757305,1.4180171668689052
TEST_05986,2.0653264699121436,-0.4253293778827486,0.8733238709848081
TEST_05987,2.351868804768204,0.165324424779458,-0.39103983567765815
TEST_05988,1.99585324842289,0.6091580414039834,0.1919017743114565
TEST_05989,4.234740465179069,-0.9205091253275398,0.2859358479329553
TEST_05990,4.773749847515382,-0.3873266359246272,0.3331710322237269
TEST_05991,2.4462578800546044,-0.37283402721973613,-0.49604931960922233
TEST_05992,2.3725094475138775,-0.9885881558317549,-0.22941214216091663
TEST_05993,3.4015708891723837,1.6685247250461588,-0.8869549574479183
TEST_05994,2.34996373934957,0.24418913078236903,-0.028527668875103888
TEST_05995,2.2087631882355603,-0.7937135997561713,-0.2738526707556203
TEST_05996,4.184808200070986,2.1362251206336658,-0.5475531585680694
TEST_05997,3.3603737512794623,-0.6813754360294957,0.9863353525942221
TEST_05998,2.047744810432672,0.9880278679871258,-0.27103329836299783
TEST_05999,4.815899937727317,-0.011675710610063419,0.45448357434614034
TEST_06000,2.8887754022891707,0.16596843587734308,0.35269319450351055
TEST_06001,1.76641743478427,1.206706181847084,0.26518067979174925
TEST_06002,3.467923471148545,-0.5363268199339362,1.2507984408551092
TEST_06003,0.7875956223282964,-0.3011468913914041,0.23612091042000405
TEST_06004,3.4509797120966854,0.8618593899579171,-0.19853550303881778
TEST_06005,2.6217459828914644,-0.780336829986024,-0.9614127384660278
TEST_06006,4.287237825791988,-0.6525422956833397,0.019459417892381536
TEST_06007,2.5253856872436167,0.16116829624953163,-0.6188464285317871
TEST_06008,1.5719952563287807,-1.0735147255888364,-0.28980089247775864
TEST_06009,1.7620907948821354,-0.14041960184622343,0.2638147773535271
TEST_06010,1.7876225003601078,-0.21163383865970287,0.045061066435384295
TEST_06011,3.1565579893037827,0.17636828733162166,-0.6259637871253044
TEST_06012,3.24215759266217,-1.700655935508986,-0.3996679207954152
TEST_06013,2.8708290350465373,-0.08253865360597525,0.3122671692036139
TEST_06014,1.7404345756937665,0.5616352375020793,0.06965051926708593
TEST_06015,1.8542874162126834,0.3408436795238588,0.5503876465377125
TEST_06016,2.1377600995626063,0.5606463735560826,0.22154916137593497
TEST_06017,1.2652706954300283,-0.15905730216289443,-0.7422945412525518
TEST_06018,2.7649893869367035,1.218377814507613,0.5537646969389508
TEST_06019,4.666237332390572,0.17094168035384805,1.216764098528838
TEST_06020,2.9473902327516766,-0.07559816693172651,-0.6453179577677892
TEST_06021,3.3781008517244207,-0.034968707577917216,0.5907237467707172
TEST_06022,1.6446360085738243,-0.08555860382575443,0.2528478623954525
TEST_06023,4.102150613432286,-0.11634611115582133,-0.2519581973936759
TEST_06024,3.3670574477455033,-0.3602030583275338,-0.41245724260048033
TEST_06025,3.4428105883664823,1.7642225788437886,-0.32873637892847635
TEST_06026,2.2186386790732606,0.11180920159883663,-0.4058730409863274
TEST_06027,1.6282940084558166,0.54998163239986,0.28064271761140114
TEST_06028,2.042491730094491,0.7558965770577932,0.19806324442628584
TEST_06029,4.166702728968727,-0.7437634172515614,-0.7617902778800248
TEST_06030,3.2360588465923112,1.145816858184089,1.0830548941195797
TEST_06031,1.460796395578773,0.12837956195992947,-0.23024323665618585
TEST_06032,2.7777093188359143,0.4051345615961474,-0.12958859346864762
TEST_06033,3.7724255948383374,-1.5178258218618286,-0.23210649480616954
TEST_06034,3.246883144022432,0.5966749680470746,0.26379473092094896
TEST_06035,1.0434962021847696,-0.06272050162986825,0.11059134355036417
TEST_06036,3.9133286994745258,-0.26352729803081576,1.1840332563850129
TEST_06037,3.451665052702104,0.4424725267730398,0.8898202621911937
TEST_06038,2.4437590412159667,-0.4251429218056146,0.6251184432092748
TEST_06039,3.736170408123365,-1.3422472665246548,-0.40908336909819754
TEST_06040,1.3778318311521476,-0.780742463321052,0.4649329487150545
TEST_06041,1.883128731525521,0.1809498783645975,-0.3007390765470644
TEST_06042,1.6182455708910763,-0.2752692448823118,0.13721223974094365
TEST_06043,2.785987158877582,-1.0128409301602639,0.2337180467799441
TEST_06044,3.8013258092885946,1.4487638507608762,0.9041127195104667
TEST_06045,1.9862158139797281,-0.9691994685834305,0.21278117578482567
TEST_06046,3.04578576348236,0.20674590586648778,-0.15172093673864406
TEST_06047,3.4361365004191726,-0.17677891054964887,-0.06903194671781172
TEST_06048,1.20458880145033,0.239968744797791,0.4351325522632733
TEST_06049,2.387533674884749,0.37963231431449845,-0.08702094716228156
TEST_06050,3.338255416299537,0.20497724531347325,0.5707647925910078
TEST_06051,4.265707599414937,0.14857471628051255,-1.1995224051981173
TEST_06052,4.797692178795048,-0.16197035631209217,0.25644337831639596
TEST_06053,2.395291195922841,0.05796349149382633,-0.15266753614385942
TEST_06054,1.6397902820835648,-1.0666285722260138,-0.14590030363126802
TEST_06055,1.804955740730551,-0.2554202440741783,-0.10333508114563963
TEST_06056,2.068451486280922,0.6336410792800459,0.38113902902347974
TEST_06057,1.0886341305486065,0.4877903676629836,0.46608962494461575
TEST_06058,4.10995284718645,-0.056851143025743324,0.3698362869180144
TEST_06059,2.340919867062826,-0.2998900398904185,-0.4010752595922695
TEST_06060,2.8806565670689723,-0.09315270413953661,0.16888463128960376
TEST_06061,1.6110884070869778,-0.13736730577360995,0.09323768593844932
TEST_06062,2.3114929499232484,0.6415558086339805,0.7720314913769594
TEST_06063,3.479228538890602,-0.10922396190960675,-0.33657660603337236
TEST_06064,2.9922092776026985,0.45296151110975164,0.623835770709139
TEST_06065,3.526852129751157,-1.6545194131253191,1.2754329466180845
TEST_06066,3.5902773788208457,-0.08132523702420329,0.8293841843291985
TEST_06067,2.6186627271036587,-0.15940888290386857,-0.27055129719028026
TEST_06068,2.521624143890835,-0.4529995064253992,-0.07190204411365006
TEST_06069,4.233011387258388,0.5271559886094426,-0.8198092011500506
TEST_06070,2.801018454252108,-1.3386209968170544,0.2962077581799407
TEST_06071,1.6927097314441502,-0.5536039935168826,-0.21869268242478213
TEST_06072,2.313550509620185,-1.008671391230939,-0.07804378450854879
TEST_06073,3.4627640592112177,-2.137730694248376,-0.6833541679149853
TEST_06074,3.2002461360251195,-0.4822081140197552,0.5429922070235178
TEST_06075,1.555063985528834,0.18431254765009353,0.4626758875441809
TEST_06076,2.913722005145898,0.835029036148297,-0.3406508114803053
TEST_06077,1.7061356006033157,-0.16948051681018814,0.08475841288572383
TEST_06078,1.9172875173724309,-0.20050738502350388,-0.42512784736213
TEST_06079,4.261015294016296,1.7119273269983515,1.5357552194007984
TEST_06080,4.189664687490648,-0.270471281144853,0.5042917500119586
TEST_06081,3.76639001640342,2.293989291279932,1.3665020953764175
TEST_06082,2.6423145339960787,-0.7565752782123153,-0.5891230034769905
TEST_06083,2.6671925861886896,1.8667837218797307,1.005655505499871
TEST_06084,2.565173080578159,-1.2343476148730326,1.1051612623916087
TEST_06085,1.6924324596976612,-0.30109258104856385,-0.35651064793213105
TEST_06086,2.362157396036128,1.1250476213572662,0.5890128762176275
TEST_06087,1.5739422239651577,0.47008551617625044,0.015185973717388015
TEST_06088,4.666754776595366,-1.651502930756282,1.2103587313093218
TEST_06089,2.886195905398032,0.23683659231040555,0.2073699590008375
TEST_06090,2.4667267935955657,0.6459338064648232,0.19580115403390155
TEST_06091,2.3664595379384217,-0.09947882926704087,-0.5963296323189937
TEST_06092,3.9190419326741095,1.189436347419496,-1.3539101922377823
TEST_06093,1.1703733387257556,-0.20497063482443847,0.27124555244671666
TEST_06094,3.525211149167047,-0.6194323221600033,1.1872832114168896
TEST_06095,3.4798955550188455,0.892583862383501,0.2891724071029876
TEST_06096,2.515538765404206,0.20540201704265237,0.23795742197178169
TEST_06097,2.726696737670158,0.4741297622316138,0.3327856341626372
TEST_06098,4.382826771713338,-1.5437239946562615,-0.03676327018270819
TEST_06099,3.1953156455518985,1.3542167454382963,1.2311404245509614
TEST_06100,2.536095117850329,-0.7457322314715876,-0.38979483800243764
TEST_06101,3.0322924528053137,0.42583535632393577,0.6885177398204374
TEST_06102,2.2296284476981487,0.4547317378084428,-0.5843935877095447
TEST_06103,2.0819969990592995,0.6884555861355526,-0.3001915078391574
TEST_06104,4.183428406888799,-0.05464078067752306,1.0809933155740918
TEST_06105,1.5885325346787558,1.1298679833711174,-0.625405489429631
TEST_06106,2.3411248148811885,-0.011315083229462968,-0.8072373795186486
TEST_06107,4.229597957971411,0.7497275507454074,0.8937271183364873
TEST_06108,2.1511881445166052,-0.5700472434449326,0.17405533510531068
TEST_06109,2.4811085255039735,-0.5732074104621795,0.5469966644915607
TEST_06110,1.1344088581497487,0.4266112837616003,-0.0342918469650171
TEST_06111,2.5403714424223525,-0.579827589518524,0.29438729686987763
TEST_06112,2.9939396345633376,1.3213562121768714,1.0460896708284009
TEST_06113,2.4548620940031527,-0.12069486800457019,0.5906707675200964
TEST_06114,1.920590632163096,0.1686338461405355,0.17749477259993487
TEST_06115,2.3298612442931934,0.6132216933098457,0.889885984950696
TEST_06116,3.905969102073895,-0.6321741974220075,0.9836566782489014
TEST_06117,2.2490582328727653,-1.0245756255723832,-0.025041639560097244
TEST_06118,2.626527563044971,1.1996255370327469,0.5059649844058598
TEST_06119,5.843490826506848,0.7848146529628229,-0.47867946745738227
TEST_06120,3.135053002298003,-0.5222180202457531,-1.1166000197817552
TEST_06121,2.124360705674239,1.2725321636186324,-0.3075128243293218
TEST_06122,1.898475317760517,0.9017854582682654,-0.33990434483153836
TEST_06123,2.5250979762975385,-2.2741423256418876,0.21976171591382723
TEST_06124,2.4133490954625803,0.3906261023170385,0.8604526524539344
TEST_06125,1.5972150591620697,0.27805051637971917,-0.20351907427964475
TEST_06126,5.181611807283247,-0.08314968683267636,0.112405659400142
TEST_06127,2.0583604273368037,0.5284622583312658,-0.5043078201461176
TEST_06128,2.7561355753601027,0.7671231799293863,-1.0185013925007487
TEST_06129,3.222701355885989,-0.1703090503684352,0.1659420632511855
TEST_06130,2.5718441682860407,0.002333384076437942,-0.6056185062846309
TEST_06131,4.361389476856771,0.32970642736321204,-0.33963596727955575
TEST_06132,4.775186138160372,-0.15338741880669998,1.7772812241687355
TEST_06133,2.062759565316278,-0.43918067195006283,0.5348367627465823
TEST_06134,2.4330528202544257,-0.014291330629884608,-1.0728477908212917
TEST_06135,2.644718273345342,-0.7987481372207591,-0.15952002323632997
TEST_06136,1.6232465547535369,-1.1239071648251848,-0.3219445609595695
TEST_06137,2.2165585727601327,0.5468507766238067,-0.7297120975023695
TEST_06138,4.571134073945117,0.29392576304705115,0.7765712741158635
TEST_06139,2.947205757987388,0.15259598743405098,-0.8740385970879084
TEST_06140,2.695361804855146,-0.9007177165695825,0.8730057525926461
TEST_06141,3.049363912788646,-0.17874328151495048,-0.6180894236410599
TEST_06142,2.20159024215097,0.9394860020532915,-0.6710167668658493
TEST_06143,1.4447925049155246,-0.3802130581957849,0.3716367664013015
TEST_06144,1.698742167592423,-0.6567157757903443,0.05144280997583315
TEST_06145,3.7417795860340863,-0.6675197003404507,0.6413179137097621
TEST_06146,2.1357723206980914,-0.18496514237174003,0.14690710454921316
TEST_06147,3.450044052372238,-0.39404765672359215,-0.6788200394484285
TEST_06148,2.5288051588286264,-0.5599482206455432,0.667176628270886
TEST_06149,2.3114766638356725,1.1822375650599641,1.398111480333879
TEST_06150,4.273032585604658,-1.573201639395169,1.6823348039287598
TEST_06151,2.8658168764927665,-1.3263502108086076,0.3727002085814963
TEST_06152,1.1841956231476292,0.4738539199203337,-0.03463631814151795
TEST_06153,2.6839888867866826,0.17135832960428038,0.7856095195463518
TEST_06154,3.0480015721065468,-0.38752286508758693,1.3061368429010904
TEST_06155,2.1138375808922603,-0.08412717900038996,0.02180628315287215
TEST_06156,2.238320243427078,1.2358412926479285,-0.49498553826237374
TEST_06157,3.5004411937124464,-2.227463657777852,-0.8706785324666004
TEST_06158,2.6030525972664065,1.7176411803249996,-1.0219622453637291
TEST_06159,0.9967920837312937,0.4566187160493564,0.11584010363511524
TEST_06160,2.9101664843861874,-1.6491402291338026,-1.2781705637492926
TEST_06161,1.438105798649256,-0.501247869745447,-0.1657064757051255
TEST_06162,1.4393787542466967,-1.2414304215677219,-0.29327875996252495
TEST_06163,2.4943442277525474,-0.4691012350893079,0.009072212332606758
TEST_06164,3.26723663923509,1.49625569632242,1.719699539941898
TEST_06165,1.3025593733513,0.1977023607237921,-0.05915104453661824
TEST_06166,1.8838871008810836,-0.3205437773373388,-0.1322815363955512
TEST_06167,4.470460320914716,0.10457172673147266,0.006779095684030026
TEST_06168,2.5248164792258714,-1.2092152466211996,0.7549278434933296
TEST_06169,2.742691948942872,-0.3797351799312276,0.061555234933410245
TEST_06170,1.600457310053286,-0.3916745300596819,0.23004145700098777
TEST_06171,2.7776189144938392,-0.13871139511241481,-0.20689683362877104
TEST_06172,3.287937793951157,-1.1227590055388545,1.0927701981377402
TEST_06173,2.294177017712166,0.5406307149360864,0.3338719694581976
TEST_06174,1.628984887194458,0.01576302281495971,-0.5118248405679008
TEST_06175,1.7981298738767795,-0.3396019407494788,0.17247818290132316
TEST_06176,2.4124901625728206,-0.9244738464263991,-0.8349796423133679
TEST_06177,3.1030156345352626,-0.5307820640632914,0.8562349053429298
TEST_06178,2.564565269811744,0.9671299374667964,1.225749239549964
TEST_06179,0.972416597980219,0.2149896953738857,-0.2665739393715137
TEST_06180,1.4781413942947208,-0.1542718700947042,-0.10348266331065291
TEST_06181,2.819004116608209,-0.2671600662483801,-0.6424904934375276
TEST_06182,1.9449465069837715,0.22858399625804093,0.08575685200623731
TEST_06183,1.3525709368961916,0.1528925891836377,-0.007075164457448081
TEST_06184,1.2238956522300795,-0.24212954321094265,-0.13188059245689396
TEST_06185,4.024662800227515,-0.9682237851158916,0.2914235296959128
TEST_06186,2.6788567256255225,-0.1385689770193198,0.033904503477778285
TEST_06187,3.596924828472818,0.8341146644858208,0.8639862401082947
TEST_06188,2.9020568822251724,-0.4500675196304818,0.07889869979259623
TEST_06189,4.92096854699212,-0.5554415685419761,0.8802616573002527
TEST_06190,3.008042814288397,1.6591527854435877,1.318065401444125
TEST_06191,1.8506102631145533,-0.937407717070794,-0.40638625481009405
TEST_06192,3.385584264207583,0.006157968125071542,0.4950715809559097
TEST_06193,2.5559810662181732,0.26804199449949023,0.0946373913783312
TEST_06194,2.614293963497431,0.05408216782136611,0.4948853839791787
TEST_06195,0.8112650591874602,-0.12808656699287133,0.007426598099607148
TEST_06196,2.906956874625423,-1.6099689658053742,0.13559208210970342
TEST_06197,2.230893962879804,-0.7454441873945172,0.7923212536961435
TEST_06198,2.946543484620358,-1.4108538608781913,0.7048886845426887
TEST_06199,4.838745475004861,-0.46247403189131664,-1.2628862520685382
TEST_06200,2.899127428330111,-1.5941831460172649,-0.8062300151943743
TEST_06201,3.5774662875759393,-0.4795084973134618,0.4284726075776688
TEST_06202,1.4074426103878488,-0.2822476038288113,0.558873725562223
TEST_06203,2.6303897597133856,0.6663114699782636,-0.43277345659378047
TEST_06204,2.2822172893735937,0.29102204869609805,0.9932015859142477
TEST_06205,0.8986203192653105,-0.17067170575191226,-0.013364522343206318
TEST_06206,1.3170093758369985,0.5901391852406482,-0.28304895107393213
TEST_06207,4.862927456962739,1.2626461642760605,-0.1690146286336189
TEST_06208,2.653633790771561,1.8246898911304823,-0.6510008294872355
TEST_06209,2.0037949551539413,0.4882124417288422,-0.1412640231415939
TEST_06210,1.225083682729656,-0.34447030255626754,-0.2153610588147338
TEST_06211,2.2424501815780347,-0.5839138979857188,0.67292622232906
TEST_06212,3.4143100031786964,1.2530995329719885,0.3765637755033661
TEST_06213,2.703945470061937,-0.45811108067107903,0.16187810841569192
TEST_06214,3.019788739393823,-0.18017220878587312,1.4669821718532492
TEST_06215,1.1766704770950112,0.6100868027587073,-0.31070320057808115
TEST_06216,1.5336669356225887,-1.0785560322205854,1.000792228374821
TEST_06217,2.3495897778640984,0.730059637874471,-0.656279280205432
TEST_06218,3.866252639960247,-1.1505526270970596,1.21223448276302
TEST_06219,3.946199380368148,1.2732041714557891,-0.9733168522957958
TEST_06220,1.2521875292047757,0.27941753223876636,-0.252178596656715
TEST_06221,3.5748013756099266,-0.3128404736112212,0.6042723972652965
TEST_06222,1.1678257567795642,-0.08457267432048571,-0.03216147906376176
TEST_06223,3.3679127515303438,-0.1422206298904487,-0.30635670108203067
TEST_06224,1.7398573390945318,0.5905101989465954,-0.32811129747250006
TEST_06225,3.1331993324185423,1.403941048151922,0.5890712020022596
TEST_06226,3.204212186947208,-0.050333247081881395,-1.0614274423352679
TEST_06227,1.7026020631116068,0.19907412972173125,-0.09763021334681805
TEST_06228,2.54851307260416,-0.9118529989372013,0.49164423504509486
TEST_06229,4.6347575756883606,0.9026152186385319,-1.0206559779822784
TEST_06230,2.2983885671061035,0.3604774856908337,-0.6645930430425261
TEST_06231,2.3382913895478534,-0.06132905277830225,0.04094641543617056
TEST_06232,3.757623021971292,-0.9056143573417965,0.5751348450281858
TEST_06233,2.663523405406439,0.2794304897690177,-0.41473236926126633
TEST_06234,3.1448513411672567,-0.28794998479224576,0.12069557420263057
TEST_06235,1.5002550753584116,0.6094978177082498,-0.5032884354662363
TEST_06236,3.6669173760887706,2.192155493499683,0.7589057085149338
TEST_06237,3.621822021076375,1.78861344812602,0.8027712844959602
TEST_06238,3.2565953178329456,0.5226381475757446,1.2628834728806193
TEST_06239,1.0625169263271859,-0.41328405716006134,-0.17237122869519003
TEST_06240,3.9515815273241226,-2.1193338894613323,-1.1289706290323789
TEST_06241,4.443798245115668,-0.09202138917456994,0.22787687358970174
TEST_06242,0.9329459551011001,0.5875266524783531,0.27626887402022476
TEST_06243,3.992395821143591,-1.1811516936131763,-0.5443969178381242
TEST_06244,3.421929118329732,-0.34183107379109223,0.15677682825490724
TEST_06245,1.5304892135687005,0.47893231963771876,-0.32814565856638034
TEST_06246,3.4860681156207227,1.0828537919910621,1.1372152476937376
TEST_06247,3.774767005470854,1.4047731701322468,0.5468613994659532
TEST_06248,4.48347428080533,0.9250231815108648,0.6145284672271754
TEST_06249,2.181553071346718,0.2787411577037751,0.16861911504754246
TEST_06250,3.1189742715558175,0.6416428310700929,-0.8257101634621162
TEST_06251,3.5109832205945093,-0.13812461432138703,-0.18463265383249372
TEST_06252,1.963618275646981,1.5063330911538997,-0.4695926159890891
TEST_06253,3.0963607291221438,0.050854834852267085,0.4958987636333575
TEST_06254,1.1563636074175183,-0.06899859517057577,0.2273179711396131
TEST_06255,4.229728136690195,0.35905248007060714,0.8344279373016802
TEST_06256,1.8277440948392751,0.5816198716553795,0.20309912788744838
TEST_06257,3.227774078170717,-0.4295657703319825,-0.546491385940797
TEST_06258,3.168462056726818,1.1594969630175471,-0.10636943129673782
TEST_06259,4.167425585642692,-0.8363661909555596,0.9934068662775408
TEST_06260,2.2536543667665794,0.7548751565486688,-0.7325684693944081
TEST_06261,3.461250601797958,-0.47455530788517475,-0.8430631469683907
TEST_06262,1.9115580799922798,-0.4124482761960751,-0.35192847219984064
TEST_06263,1.3807237469377627,0.10381780350784572,-0.563720749724248
TEST_06264,3.5640648707530485,-0.5723101419632527,0.2091613133101913
TEST_06265,1.3497714870811282,-0.5941010067209704,-0.5393526309588557
TEST_06266,2.492797214258466,0.22145827261929746,-0.3820672463841322
TEST_06267,1.4876396106709613,0.019449989767744674,0.4188402010492835
TEST_06268,2.1982662390853998,-0.9382203026058404,0.003717711888414313
TEST_06269,0.9527728760814387,0.31330592426738896,-0.05200673034770739
TEST_06270,4.908447667521905,-1.1813973721140765,1.2800391215711604
TEST_06271,2.0638528339508455,-0.42554590417817006,0.10620067870984243
TEST_06272,1.732599140854692,0.47280965873750785,0.552941182970656
TEST_06273,2.5116526986132097,1.4945785078869611,-0.7954090612866435
TEST_06274,3.0519899789239995,0.042678165028435286,0.9174395935394498
TEST_06275,1.9100898716198984,-0.5698413975111818,-0.22785323698127616
TEST_06276,4.626253555035514,0.8778164846339712,-0.5022195222339787
TEST_06277,2.157440412914185,0.645136970096538,0.2960383343712218
TEST_06278,1.3059997555694443,-0.4789148726451761,0.6008208465774224
TEST_06279,1.5809359415889213,-0.9195752621591896,-0.560622459466145
TEST_06280,3.1210837793872606,0.28785682318542344,0.47402833827387464
TEST_06281,4.270178399048512,-0.008079740012777725,0.8208059870731514
TEST_06282,3.3999489394622984,-0.20418518366390825,1.1916429540989169
TEST_06283,1.3158222519569747,-0.9620319279809779,0.11695038351356289
TEST_06284,1.7833918250839313,-0.019742919498569593,-0.19251639239376467
TEST_06285,1.127420452407179,0.20551698142050695,0.2502950153287858
TEST_06286,4.513739487799181,0.17193307767574958,0.24171904812390685
TEST_06287,1.6924830897853262,0.02911087881407652,-0.15675919566471824
TEST_06288,5.222025992139093,-0.8180285095567775,0.34183938055716745
TEST_06289,2.9874342661310265,0.34009975552082816,-0.42698717294597216
TEST_06290,3.3273781435584087,0.20552498825561336,-0.02659322105051766
TEST_06291,1.2416229525722626,0.16492258174607333,0.22917021057762788
TEST_06292,1.6882043537700004,1.1614799239489129,0.7753126143424065
TEST_06293,2.94694971762722,-0.3302686399050696,0.19820515963788565
TEST_06294,2.3105722993735758,-1.2940435657906963,-0.1798629718902484
TEST_06295,3.4863573469558995,1.0204530550936133,-0.6301942602763471
TEST_06296,2.006576022233633,-1.3327997340839979,-0.18569135874977916
TEST_06297,1.8299196723414508,0.14838160874766296,0.15474554379762573
TEST_06298,1.8110162043361127,-0.5429897154255241,-0.7215222257961548
TEST_06299,3.1685720418306706,-1.2314848194238088,0.06907906042094124
TEST_06300,1.7023176069965398,-0.1937612636274441,0.11340715422996553
TEST_06301,3.5048588680219503,-0.046526892414329224,0.34468011629275325
TEST_06302,1.2217670780647794,0.18152046897238297,0.28030309837665773
TEST_06303,1.887359047515229,-0.3747339381913181,-0.21235160602659098
TEST_06304,3.8373294486495944,-0.23272967789862564,0.3038355672846739
TEST_06305,4.207114188691936,-0.41013263031377273,-0.3770731398552884
TEST_06306,2.4272847231695946,0.26389311807308186,-0.09588363584101836
TEST_06307,3.6061074583364268,-0.10782735897473043,0.10231975353040211
TEST_06308,2.597811027773671,1.0079900154538812,0.631054623887665
TEST_06309,2.9715455629875778,-1.3000429097833472,-0.20964405634777916
TEST_06310,1.884159093646536,-0.42511365815788393,-0.07494052497195025
TEST_06311,2.366087988443176,-0.020493619683132444,-0.06408053049859762
TEST_06312,2.536073075908649,0.33285821744793787,0.9282261179027992
TEST_06313,2.1908533371159757,0.3039849635737441,0.4111871105913324
TEST_06314,3.0639911462431493,-0.2837200754064242,0.875273091163403
TEST_06315,1.9637786558306791,-0.03077116113904174,0.04476624696707059
TEST_06316,3.5106807141366763,-1.7061632077666367,-0.6705581029849715
TEST_06317,1.9066998198542249,-0.4849890690249577,0.20885708845584816
TEST_06318,3.8046842081498258,1.3239343463132263,-0.7395651779633027
TEST_06319,4.190918325138763,-1.1577818639802586,0.49874636278296386
TEST_06320,1.7157812431456394,1.141757454973056,-0.2535327945740439
TEST_06321,4.591365464404662,-1.3521558566433363,1.2833701429993938
TEST_06322,3.72200488839207,-0.08153828137603565,0.6152827712622833
TEST_06323,3.523683584536396,-1.11256326238379,-0.1395629587204697
TEST_06324,1.8606673034726728,0.04077849060748584,0.2855543887275323
TEST_06325,2.2958949120349437,-0.49044042855603237,0.1072397799028604
TEST_06326,2.6847817350064362,-0.859441232421202,0.8300479478993945
TEST_06327,2.854900943659718,-0.7669975562898432,-1.0074222269187008
TEST_06328,5.400324259746592,-2.3681293269261037,0.9187163779499515
TEST_06329,3.3736480635216264,-0.306427498739683,-0.22795723468247453
TEST_06330,1.4646217520177327,-0.6195159799671278,0.10654159117029798
TEST_06331,1.3517077763784755,0.5303531225921816,-0.09878581673588836
TEST_06332,2.0769791224547465,-0.9880499135954409,-0.2665677211429331
TEST_06333,2.343771993681533,-0.28387631285661097,-0.09419211657230621
TEST_06334,3.5726343441992534,-1.2046219523707449,-0.47713807418808335
TEST_06335,2.3052565051341656,0.5865822221661471,0.3820919051586996
TEST_06336,2.124934678521396,-0.7116849170728713,0.06779337760055644
TEST_06337,3.050461390317099,-0.71906919966967,1.2393293316212877
TEST_06338,2.2641336957943765,-0.4652737029740956,0.38263720951505903
TEST_06339,4.244958674896661,-0.926300522025909,-0.2610366340533214
TEST_06340,2.9497952433449286,-0.42263350087160084,-0.05588140829422199
TEST_06341,1.1147564140726178,0.0852844488156861,0.16344652313985839
TEST_06342,1.7143697166745695,0.048822231688129665,0.5205155609466143
TEST_06343,2.8422805634310957,-0.07461226819882667,-0.14685894576228972
TEST_06344,1.8557488284158983,0.3333403586661989,-0.3452303213964906
TEST_06345,3.576261707000034,-0.8343589369297967,-0.32832813906650604
TEST_06346,2.4737300163727474,-0.41213240860816724,-0.6194197638833531
TEST_06347,3.996712602636371,0.16901208657563901,0.8209469836935469
TEST_06348,2.7565981030579514,-0.45566041133264273,0.5264249303746655
TEST_06349,3.319682438226134,-1.138976786177042,-0.5966180303305421
TEST_06350,1.5288832696103343,0.7783842313962933,-0.3158546183118951
TEST_06351,2.7876921807427135,0.6018350836173826,-0.561995125425366
TEST_06352,3.368942166948383,-0.9842954987970909,-1.0175727293055086
TEST_06353,3.9127064326014627,-0.7110256694765935,0.58967209280742
TEST_06354,3.4094207903812626,0.6560168684177817,1.433324938420998
TEST_06355,1.0149273330548727,0.10204548114687985,0.3262465852660438
TEST_06356,2.1074281636761087,1.2750757912417812,-0.3163987623458198
TEST_06357,3.174782280624984,0.9123227751170252,0.2769941308259066
TEST_06358,2.765480644845295,-0.6340892001955943,-0.2690841645310194
TEST_06359,4.821808934533296,0.580926107599129,0.3931810649518614
TEST_06360,4.055446275128174,-0.13469866946781453,-0.15357285408121008
TEST_06361,3.81902750502513,0.9637413296216749,0.09349925576961853
TEST_06362,4.2561859772222,0.7354566081394566,0.5976805425807493
TEST_06363,4.041547777626078,-0.12849629229207468,0.7221610272823253
TEST_06364,1.9979624827804592,0.9683165232004166,-0.21724133094755946
TEST_06365,2.1137988443650197,-0.8470651431804006,0.5175605668342677
TEST_06366,2.9370165276098033,-0.3145080813274934,-0.17150236231570412
TEST_06367,4.621418275563604,-0.44474078945758033,1.269778722803207
TEST_06368,4.902571524130227,-2.014176743411891,-0.6552586453911957
TEST_06369,0.6924777704003424,-0.04863484885791031,-0.11012208617694867
TEST_06370,1.9657421048817634,-0.7001152258831175,-0.20687587383704073
TEST_06371,1.2300499418376842,0.15808447319729216,-0.13850943593830714
TEST_06372,2.0268131328861743,0.8821662466440611,0.6693558495043479
TEST_06373,2.477911424845772,-0.4043647655647492,0.4731486208319668
TEST_06374,2.836250857412857,-0.13993312842929032,1.5972198814467666
TEST_06375,2.117245540279889,-0.20689919176229718,0.09955731229476594
TEST_06376,2.510373919538901,-0.6074657721681632,0.6546477809410824
TEST_06377,4.127815150799912,-0.9226889839311538,2.216658560819495
TEST_06378,3.5609768561689252,1.0348411714888945,-0.6336498617326736
TEST_06379,4.363627391922495,0.06537858347479489,1.135655370933041
TEST_06380,2.3150239183007892,0.09717832281579412,0.04735596134847651
TEST_06381,2.0962592574031063,-0.08978301714393085,-0.8867571271851306
TEST_06382,1.7404731628543486,-0.4293566767464576,-0.3112787617321168
TEST_06383,2.185801367991104,0.05289331825989145,0.7711085524919027
TEST_06384,2.7375288676202136,0.19498302981242835,-0.05117163314675875
TEST_06385,1.8537849968237348,-0.2333971262898884,0.5333348810827573
TEST_06386,2.6376643599277063,-0.2721856558529941,0.3329921405672962
TEST_06387,4.5035212662910284,0.9616613684482861,1.0994124043912312
TEST_06388,2.416705360751936,-0.008346233141565698,-0.6603336327058124
TEST_06389,3.5949339844215027,-1.436371665839361,1.1163737659506503
TEST_06390,1.8888411337966338,0.8075153456612115,0.6406591941632059
TEST_06391,2.347238985322953,0.6986202694821688,0.32473466409847657
TEST_06392,1.802855350228679,-0.1107211935997253,-0.08498549432267347
TEST_06393,2.088985215896026,0.5468343534363751,0.5546762322860863
TEST_06394,2.102207686081005,-0.4426255853854052,0.5563743441982717
TEST_06395,2.6409057257245956,-0.480495209931936,-0.7654929608081928
TEST_06396,1.887191540219948,0.12339456424770262,-0.2513000376728328
TEST_06397,2.535161760739008,1.00246926872439,-0.11063416040444224
TEST_06398,3.2130146173313014,-1.6130413400732095,-0.5901518066482663
TEST_06399,3.8945242816208805,-0.8886989430649045,0.43858074787311446
TEST_06400,4.410930422650869,1.2770525093852971,1.1391878298490086
TEST_06401,1.649900781625965,1.053600844377091,0.5654976334064987
TEST_06402,1.47947866342554,0.15570375724778196,-0.3555353689546723
TEST_06403,0.8602505198209083,0.22876590484672288,0.36348682710848634
TEST_06404,3.263808894434343,1.2412742938687726,0.22670901516588207
TEST_06405,2.1055317231253117,0.2389803048992394,-0.14256562601607312
TEST_06406,1.1950360806377474,0.0529651761453279,0.10234612394852391
TEST_06407,3.876500305448495,0.014454990049389285,0.00705540243288419
TEST_06408,5.346158033666156,0.969374633466499,0.4314683719315515
TEST_06409,3.9171396199927195,0.19492927840420968,-0.3228319319231278
TEST_06410,1.5195179171862103,0.47142233583061205,-0.20895029603425255
TEST_06411,2.1658553146635313,0.43378379196749495,-0.77757895748551
TEST_06412,1.1222654763217814,0.12913307505933944,-0.006851144886677469
TEST_06413,2.0249449971593307,0.39619839896312636,0.24547218626241715
TEST_06414,1.7100956432529588,0.8357720192105499,-0.06536846210140781
TEST_06415,2.7995340145559595,-1.1365784589331624,-0.32001586600504717
TEST_06416,2.789461509845014,0.46951102998773464,0.6208734131397711
TEST_06417,2.4454456976821364,-0.6241855390210529,-0.5031168056323716
TEST_06418,1.7871549566721476,-1.0390984187916907,-0.30857816121274273
TEST_06419,1.7986537503929048,0.4367372553439467,-0.4233012235880544
TEST_06420,2.9935423213154393,0.670289130121905,-0.15396003768081998
TEST_06421,2.79078236070349,0.2808610056554929,-0.6329343527882192
TEST_06422,1.8188043409639771,-0.2245696204173977,0.2989311034083294
TEST_06423,1.416590128439526,0.009885182068177728,-0.1260441443678484
TEST_06424,0.9952417575407398,-0.26206992540438967,0.05722146578143023
TEST_06425,3.5737063715039357,-0.8337478437575948,2.061482249579445
TEST_06426,2.158251168173663,-0.3979958646237187,0.55276352424958
TEST_06427,1.6959090987035612,0.42233907729175235,-0.045836320332067214
TEST_06428,3.299473001860051,-0.01813528755499549,0.3790001132483579
TEST_06429,3.260095856375108,0.6658949397007432,1.005793037856919
TEST_06430,4.34655555210324,-0.0316087073938299,1.2101941568302503
TEST_06431,2.5711287811504953,0.18496764400794366,0.07690103373312877
TEST_06432,3.365878445949421,-1.0085166279759559,-0.9559844525356943
TEST_06433,3.208181503831042,-0.8112367093428011,0.9403445154004273
TEST_06434,1.4427372857864824,0.009108682643471293,-0.09050145796003801
TEST_06435,2.0480516856431534,0.4506567111849228,0.16852453710760174
TEST_06436,2.393806927576231,1.3664870998464693,0.29447692502775097
TEST_06437,2.03937926390879,-0.7853131125538487,0.5139976117775167
TEST_06438,1.1031040959306764,-0.4966435124746634,-0.12265024439298687
TEST_06439,5.075599893421802,0.8890392046917426,-1.1248204832208255
TEST_06440,3.867230181916026,-0.5953940477294034,0.42549636204736857
TEST_06441,3.7682751709989684,1.8542564729686821,0.5691384032231255
TEST_06442,3.6236086217310364,-0.4654178958570426,0.5996567410087034
TEST_06443,2.595814384708646,2.222035953402556,0.8008538066097524
TEST_06444,2.91622558076609,0.22275652707228483,0.28380684738991024
TEST_06445,2.0346600091137033,0.40505690141556244,0.4652594091896173
TEST_06446,4.985050323580127,-1.1282062173355756,0.45191223301931094
TEST_06447,1.8993791931267148,-0.23451784709233545,-0.022240610700039697
TEST_06448,5.033419070087697,-1.9406582908042664,-0.6634600511843906
TEST_06449,2.6937731394161686,-0.33379069668728717,0.33769883807277445
TEST_06450,1.5879721765338135,0.5403100356935207,-0.16177661813532995
TEST_06451,3.6944424218934855,-0.24502498220966581,0.16082878226197117
TEST_06452,1.581389473936011,0.7538720148072169,-0.5143052937887306
TEST_06453,2.534072639075992,0.09292340413214645,0.49565360199495895
TEST_06454,1.4033583965946705,0.0792130992940524,0.41755853384049524
TEST_06455,3.078132825366019,0.23753929457652226,0.1975399487828101
TEST_06456,2.4699678021108973,0.5717988778923297,0.963285861921146
TEST_06457,2.3793619574239973,1.4447027559127488,0.5278688618205759
TEST_06458,2.3111469895976304,-0.6291828965804004,0.6519938064083696
TEST_06459,3.352614992087725,-0.49812905624719794,0.5267150732603264
TEST_06460,2.657178017371396,-0.518745620583309,-0.1068527234413548
TEST_06461,2.4567871792943463,-0.19083747438786977,0.7189973356295056
TEST_06462,1.8407006487651225,0.7155117052422393,0.39651552351084307
TEST_06463,1.9679977080250772,0.7136768809836034,0.31006598768996113
TEST_06464,3.5699124387529317,0.006662063203862451,0.14034790698023064
TEST_06465,3.9705125086925013,0.38350170295435376,0.473771472232965
TEST_06466,1.4206685642122951,-0.3546955758971802,0.09938185094152985
TEST_06467,1.8251162640658372,0.4922346193793629,-0.05211676432784153
TEST_06468,2.458213343283289,1.095176353689699,0.3529567622963721
TEST_06469,3.856411766114364,1.1494616725547921,0.3687105857720484
TEST_06470,4.056179886173867,0.0522657650196263,0.9120895480150678
TEST_06471,1.4207518493736513,-0.72324023201803,0.3809530737032519
TEST_06472,2.6238217263645636,-0.22561937920073327,-0.8933996538706099
TEST_06473,2.77293228088063,-0.04857022526910573,0.6576085481878025
TEST_06474,3.1612789068894105,-0.3273316440563096,0.5342187018591851
TEST_06475,0.9833933316561334,-0.21195125563286848,-0.023695856903326457
TEST_06476,1.5124534888371113,-0.06227280855859299,0.35813524524853846
TEST_06477,3.653533656935929,-1.5053008048114167,0.5978472548273621
TEST_06478,1.5187724252381731,0.5190495747673626,0.07385381750026233
TEST_06479,2.6936224073175485,-1.6047524801488893,-0.9036568484448957
TEST_06480,2.847573943637225,0.1913866452939615,0.710276954011316
TEST_06481,2.665912773542137,0.34712545874402734,-0.251138501783147
TEST_06482,3.7827469938931895,1.60106107082955,1.6280019671370538
TEST_06483,3.9325333014498183,-2.123290028826587,-1.0425419710755184
TEST_06484,2.215116031873201,-0.17569174760864295,0.8300822365872177
TEST_06485,2.651983012769549,-0.2943207886885158,0.26472326862555823
TEST_06486,4.3638647291894035,0.1423315961516575,0.18488585980039662
TEST_06487,4.88293589193539,-1.3017316323718904,0.18425370311439343
TEST_06488,2.844754732793951,0.6945620728075507,0.4742228071789338
TEST_06489,3.5725457340114537,0.03234389021270666,0.06562613365831903
TEST_06490,2.3321454739008685,-0.027985502492629818,0.05446974112608964
TEST_06491,0.791753684972967,0.11953839608017713,-0.1297979806730149
TEST_06492,1.7667435476804534,-0.6557224246660761,-0.2631551266379655
TEST_06493,1.6383446172023817,0.2585953280950317,0.1596900763626163
TEST_06494,1.3188785306397557,-0.5190697160194206,0.09031079993965052
TEST_06495,2.6879657113820272,0.9382967251173557,-0.7804264006383387
TEST_06496,2.1180807521681304,0.35625018345262693,0.05269753872233836
TEST_06497,2.3690052367893077,0.3714445680790496,0.08600526835884582
TEST_06498,2.232409698549726,0.37256364688188653,0.30526269880121054
TEST_06499,1.5647185799617818,0.3313981005012444,0.29587955745858957
TEST_06500,1.948705693484516,0.45965372325829157,-0.36750549632158414
TEST_06501,2.7087318321477554,0.045135740330764604,-0.06877716739276772
TEST_06502,1.480227206106163,0.009431071690642391,-0.18799317993984602
TEST_06503,3.5207996031026685,0.7094302896156794,0.02170905956157268
TEST_06504,3.8789204293060324,-0.26312951247086175,-0.06416790030775867
TEST_06505,3.891226788507064,0.6587562629759282,0.5998807215726039
TEST_06506,2.575134160056753,0.1803637035305819,0.01959534273614158
TEST_06507,3.7096913201400628,-0.29465550679844754,1.0175428419648145
TEST_06508,2.9249036032509,1.251119507597406,0.09005209989644346
TEST_06509,1.0648771236886263,-0.15250570212364645,-0.19902424263858365
TEST_06510,1.0335485002045535,0.19995739406150617,0.029794020010387175
TEST_06511,2.6806582555548237,0.0010694208994689973,-0.06619583953232805
TEST_06512,2.1205218895940283,-0.13192047905268245,0.36789826624822325
TEST_06513,2.558000590889724,-0.6352614656897118,-0.71785183771349
TEST_06514,1.4263176172213354,-0.20295392138546892,0.25389467011424804
TEST_06515,1.5824531340126318,-0.6176161502449755,0.3121044774886482
TEST_06516,2.855494508095359,0.4155995454960211,-0.06730046499309249
TEST_06517,3.3837648952720274,0.6501884442870548,0.3219380717167509
TEST_06518,1.7422675862242565,0.20915168612320695,0.20078453887182765
TEST_06519,5.650900669092873,0.4451728049544661,1.2978789307345595
TEST_06520,4.368274578642223,-0.3603921002735021,-1.4672814862558634
TEST_06521,4.392751844955314,0.7985791761638072,0.20623918861735877
TEST_06522,2.570148673601612,0.08180052113595113,0.05358065701851954
TEST_06523,1.9749680491628157,-0.7019350752420058,0.24986797186268675
TEST_06524,2.839244197180093,-0.32783555159334365,0.005043999045778591
TEST_06525,1.145128055612265,0.05026509474037898,0.2468413525809945
TEST_06526,1.7570396749980117,-0.22147305012366203,0.04851016852327834
TEST_06527,4.349219939255284,0.6001075399412383,1.2514855810785728
TEST_06528,4.204643821166033,0.6155066532214019,-0.37291340433511444
TEST_06529,2.8084781853531404,0.6505613903215975,-0.17240430424942327
TEST_06530,1.4139467900180576,0.0833989933877838,-0.11671988019070272
TEST_06531,0.8859680880149186,0.06024568339728879,0.043484156812227275
TEST_06532,4.230976696080156,-1.0347731006850434,1.4599613002837157
TEST_06533,1.652108599689807,-0.40139115546142723,0.34261287898232173
TEST_06534,2.128265789595216,-0.4723237153459669,0.11686773304035963
TEST_06535,2.1463106649997497,-0.13247071608331198,-0.09080067265848711
TEST_06536,2.0865133383263106,0.6017838760309606,0.8979339414864975
TEST_06537,3.7890484582420796,-0.00824672972152763,-0.3059209611995954
TEST_06538,5.057657017706611,-1.326350394619965,-0.206913507363701
TEST_06539,3.085311953968114,1.2521846361896432,0.06222757983613644
TEST_06540,2.28118871116851,-0.349839285936705,-0.8503920891722537
TEST_06541,2.335293343155511,-0.009678517502502159,-0.6392662996778016
TEST_06542,1.2451114113727482,-0.028714867303256578,0.10922267866922486
TEST_06543,4.218359373431549,-0.9642574827756091,-0.9976946665214745
TEST_06544,4.408658170011268,0.42735891046670194,-0.8772677768240374
TEST_06545,1.9910995669605271,-1.746852269411738,-0.918427611853024
TEST_06546,2.1749185491767893,0.5090993831645922,-0.7132779846294991
TEST_06547,2.1753341105707706,-0.3571731341225669,0.29117983291639865
TEST_06548,2.9237516892279367,0.3851595754323387,0.44028425217943257
TEST_06549,1.8355116973742076,-0.3420576026793177,0.5394548614134358
TEST_06550,4.643417288755004,-1.1704288069499802,-0.7529094935775589
TEST_06551,1.972925154512541,-0.3635359137024323,-0.15887304294032265
TEST_06552,1.6898489714548808,-0.16078762757062778,-0.14764488670222267
TEST_06553,1.9187147281427586,-0.2266026439697638,0.28581460978274836
TEST_06554,2.303230917821134,-0.41111913557455887,-0.09066097330614276
TEST_06555,1.9834850790329435,0.5375987715537007,0.7029078468974976
TEST_06556,2.961836571162901,-0.45175612967283457,0.2904376722116152
TEST_06557,1.275914884940346,-0.017792739257336303,0.3720971558397801
TEST_06558,3.108589014006368,1.7653879358369604,-0.6294926173108869
TEST_06559,3.5655399747535097,0.9766436561883545,0.5769097500491839
TEST_06560,2.8594321447769326,1.6956914482887502,1.196467222716894
TEST_06561,3.3841177509854647,-0.3541412635166663,-0.44685158723794016
TEST_06562,2.4809057177478557,0.14476170514962758,-0.009063487295768842
TEST_06563,3.90335227568775,1.2951973938485313,0.6800574449175328
TEST_06564,1.7926186560717254,-0.4126702039844697,0.579922405850284
TEST_06565,2.9351272986361474,-0.21004589229770818,0.6247147430277056
TEST_06566,2.2040775516049664,0.3027556271408629,0.41979221199902883
TEST_06567,2.8415645752499463,1.3214886255683964,-0.7335855103287343
TEST_06568,2.2330758111297144,-1.3732330495300267,0.486935682754498
TEST_06569,2.983405839914457,0.24295775626612565,-0.23076335774726328
TEST_06570,3.382348622862296,0.30557483531048435,0.4740178400080862
TEST_06571,1.4094809320498016,-0.44531962684629506,-0.26267525629824756
TEST_06572,2.068311561815928,0.03348183767633978,-0.8474934836038927
TEST_06573,2.6337210413099514,-0.15230309859856442,-0.06912511550934329
TEST_06574,2.201570891318307,-0.6544052158719651,0.5051457414643842
TEST_06575,2.8274971455356774,0.10922512095358439,0.8711182742923888
TEST_06576,2.6211096898484487,0.951159323447147,0.06867910870080406
TEST_06577,2.865977045102857,0.251519335597964,0.5867736499520655
TEST_06578,5.662591187433644,0.20933665429144008,1.5657607762239028
TEST_06579,3.0837672842209694,1.1914731779992054,0.7969920803775082
TEST_06580,1.7916935796649307,0.22863666400511812,-0.3114036450221848
TEST_06581,2.594079058464289,0.22119758174276494,1.0218087037250432
TEST_06582,1.2007265026205398,-0.2417277245987642,0.18157468403132876
TEST_06583,3.59233723785376,0.3158191006223524,0.0029734549099183277
TEST_06584,2.8805158109003375,-0.270777575685081,0.7235681308451936
TEST_06585,5.408523610924879,0.6654211063226984,0.8428850104794203
TEST_06586,3.1004842435100275,-0.4250855164620383,0.5961280846117174
TEST_06587,4.076314672934134,0.031304896827253584,-0.805649020894131
TEST_06588,2.168209169662891,-0.6183897621805792,-0.28355091014081635
TEST_06589,2.8368070235639617,0.9079529446700992,-1.0637307983573543
TEST_06590,4.520587374977432,1.1443071273134278,-1.0055127872982474
TEST_06591,2.140272822795699,0.14959523114659748,-0.1690925117990745
TEST_06592,2.187817005924682,0.09826443967601592,-0.8072727477490992
TEST_06593,2.5071328720664847,-0.7001950490299487,-0.03363028092673835
TEST_06594,1.673490228514235,-0.4499413478197326,0.23155756410187164
TEST_06595,1.098760583530128,-0.22713077184639976,0.2441034287476456
TEST_06596,2.8811730970757403,-0.35316287288674914,-0.6934186038681278
TEST_06597,2.0758985346295917,0.13737476956051395,-0.37785922675948347
TEST_06598,1.3723469417640433,-0.09212044357266339,-0.28029732276040026
TEST_06599,5.351596225502472,0.27009441449263366,1.9805411871153622
TEST_06600,3.0847441867767853,-1.2785104426574845,0.268355026060502
TEST_06601,1.9396409441340634,0.26112876211752273,0.606942821218179
TEST_06602,1.992335689805309,-0.8369085621910966,-0.5066467053131523
TEST_06603,1.940543903307673,1.098822680073255,-0.8751465394510888
TEST_06604,2.6097019127225574,0.627456799231529,0.920674670493908
TEST_06605,3.106307756896687,0.39000095229546156,-0.2310989593366942
TEST_06606,4.869160929733258,-0.43866077335038645,-0.5391308616086795
TEST_06607,1.684164419327773,0.49657000690050435,0.02537976243813733
TEST_06608,5.633716828792852,-0.4703933631857145,0.25254322040762434
TEST_06609,3.4214646827149835,-0.09087931699672197,-0.26544161458670884
TEST_06610,2.7326211267877416,-0.04591000744080303,-0.37989011934748895
TEST_06611,2.2032878385409025,0.025744301134296807,-0.6874212909655452
TEST_06612,2.0578030186717537,-1.5691223416110107,0.9619540010052706
TEST_06613,1.6490425925938885,-0.3766773793981894,0.26880973778490264
TEST_06614,2.673735391169603,1.0482712414534376,-1.0489363158376164
TEST_06615,2.983053019404926,1.1659594041668897,0.5313108690161228
TEST_06616,3.252730202695741,-1.1029669556365749,-0.3335601209674592
TEST_06617,2.7654668317730096,-0.9078019617316165,1.5262283916306982
TEST_06618,2.037486687891946,-1.1076501183272993,-0.6732573931705511
TEST_06619,2.733092838683626,-0.48509213111431604,0.3735339269886862
TEST_06620,1.6223064606687492,0.4280446629586132,0.4487902241421048
TEST_06621,1.3351186048186932,-0.13266644191958896,0.17356540532437129
TEST_06622,1.806545842691032,-0.3917022560800369,0.24342471582251252
TEST_06623,2.991109694987933,-0.519171671842615,-0.19136578962625916
TEST_06624,3.1880227146914457,0.1331556607964609,-0.21971653181323533
TEST_06625,2.94260532174621,1.3733774668726577,-0.8862161203459685
TEST_06626,1.0738880610004873,0.20538269989919894,0.28297366975688015
TEST_06627,3.534445330752705,0.20148657648629648,1.2323328487142005
TEST_06628,2.3093821370702106,0.07750045396155963,-0.17801122404891134
TEST_06629,4.195039442311343,-0.956015019720719,-0.2734433099131264
TEST_06630,1.9654905466410133,1.4827243899204294,-0.6746336668373667
TEST_06631,2.102947989829792,-0.03708607895701172,0.03840105520843915
TEST_06632,1.3581839781024192,-0.6470910617940943,0.7067004636818127
TEST_06633,2.347109660111218,0.3615496229346837,0.5101802036735971
TEST_06634,1.2217971801346,0.15512185397225986,-0.26875441123987914
TEST_06635,1.2253619864981868,0.24012699952537508,0.37356488175403674
TEST_06636,2.4259152666903177,0.43532332333646956,0.94365183760599
TEST_06637,3.5863753436150523,-0.7618270633582624,-0.3782794862416019
TEST_06638,1.9849382042415873,-0.4843751368812266,-0.19335838853308326
TEST_06639,3.8403149255846496,1.048133217510565,0.2314736767159517
TEST_06640,4.597860206858425,-0.029634268075468945,1.4455800487941435
TEST_06641,4.771192822736838,2.08658658304512,-0.8373327479619633
TEST_06642,3.9624541662392088,-0.7784857673280169,-0.7585349166783117
TEST_06643,2.705912467005416,-0.3708286708070047,0.6779374554305364
TEST_06644,2.821095607194417,0.6522506807029571,-0.4762143549534586
TEST_06645,2.209376314744249,-0.865100613208216,-0.16890887349725403
TEST_06646,1.518838738246538,-0.6589320422102369,0.3985647461053696
TEST_06647,4.708472534314716,-0.7468786074770073,-0.9873735106481414
TEST_06648,4.446673810168476,-0.3812802698624711,-0.03340683914068527
TEST_06649,3.144726305742813,-0.1011797940321133,0.3048603107894286
TEST_06650,3.320854259658113,-0.08549015204133423,1.1928914033131333
TEST_06651,2.3970878608195534,0.1719249980892852,-0.007389926754548597
TEST_06652,2.5238892572477845,-0.32026677484777677,0.7514600118867468
TEST_06653,1.2722728530620824,0.48078428915301186,0.03887927613306205
TEST_06654,2.03077911649228,-0.3326625002953557,0.9253978064293354
TEST_06655,3.707932310661783,-0.09287395234713376,-1.093433828259605
TEST_06656,2.8376876007174983,-1.002824003589211,-0.7450348878214123
TEST_06657,3.7449484055710776,2.068561346811318,2.262349784238369
TEST_06658,4.749486161213959,1.476141674904949,-0.7450497260848223
TEST_06659,4.19823623650243,-1.3329235734262086,-0.18004477899087218
TEST_06660,2.0667105099368315,-0.960419536743585,-0.8417300964883981
TEST_06661,1.8806597531060025,-0.3532031425955945,-0.16536313321096485
TEST_06662,1.6601007402500259,0.3221282775518175,0.04548645757216452
TEST_06663,4.471530362390369,0.2664319892564851,0.8289315297777687
TEST_06664,1.6017566766168454,0.6668979067423357,0.268186174433975
TEST_06665,4.204784415817531,-0.27880470477260894,0.4980234706663838
TEST_06666,3.1833722098164423,-0.542614189466318,0.707028829291021
TEST_06667,2.622611324467026,0.7625024813806547,1.0057979509033301
TEST_06668,2.6772215980400507,-0.7356274610909447,-0.003295829410370748
TEST_06669,3.7989592248966053,-0.6032493395825997,0.5990794436249377
TEST_06670,2.631421469660438,1.3663434274827269,-0.7484334879548968
TEST_06671,1.8379600771037234,-0.6046521584931885,-0.3506627925293872
TEST_06672,1.4633314659121508,0.20736405577698092,-0.1327051000513043
TEST_06673,2.6900150489409502,-0.12940167732320484,0.4989201003311417
TEST_06674,3.6170400291187117,0.08156990627044719,1.120593071643412
TEST_06675,2.065012178263437,-0.335427964178991,0.33955785207165917
TEST_06676,2.771329577486488,-1.5936388890438729,-0.5018156403025956
TEST_06677,3.1534765556733806,0.352085382996064,0.8676213162839347
TEST_06678,1.430598940920222,0.13578424590688173,0.12706429606406075
TEST_06679,2.7024401562175133,1.160544599068564,-0.3367974909500458
TEST_06680,3.203079171982268,1.2316075365844903,0.18817738388189728
TEST_06681,2.627745384197273,0.8339300684156296,0.49159900096087206
TEST_06682,1.7781303204030594,-1.1237589513848212,-0.3444079059831388
TEST_06683,2.3532344076081206,-0.46783746542903815,0.8676215603617128
TEST_06684,2.0066868012786454,-0.2811460049657834,-0.26937810193122697
TEST_06685,2.6216898218826024,-0.23540788432310694,0.5087393600151392
TEST_06686,3.3829663252719495,-0.5589893209013236,-0.7830827422246462
TEST_06687,3.1856816734061093,0.3938831109625494,0.351240964454883
TEST_06688,5.718839088882767,-1.41076086479112,1.263010419503933
TEST_06689,2.474509556739873,0.4904476778166101,-0.03546417496861734
TEST_06690,1.3639544274485318,0.18666676877029084,0.15300517651024467
TEST_06691,1.4213434448695637,0.04372528261344438,0.15109598236674213
TEST_06692,2.539665579555604,-0.9354712973840658,0.17381438871262136
TEST_06693,2.91026850739186,0.21906645114518242,0.2139013726748979
TEST_06694,1.4210607006127522,-0.7580624654821307,0.59484239403502
TEST_06695,0.9043521569221679,0.28670730039427694,0.23647559135106147
TEST_06696,2.7412090201500416,-1.500199776292887,-0.08929273896538661
TEST_06697,3.780132763233674,-0.048231639024162255,0.5182563458511921
TEST_06698,3.146922301364642,-0.4519090924871418,1.265261872537024
TEST_06699,3.9592865947803513,-0.4754119191323955,1.1533646783105118
TEST_06700,2.355247492280994,0.003755222198644809,-0.24007549319146468
TEST_06701,2.748679613802133,0.10860047028009553,0.8623425594126263
TEST_06702,1.2766227328542428,0.010971564198662433,0.43042778262493275
TEST_06703,3.102190607449532,-0.0951356321286786,-0.4011634172597319
TEST_06704,2.747927757105939,-0.16919497391433092,0.20960193885758316
TEST_06705,5.288955807202558,0.3156934526121127,-0.46256882961091794
TEST_06706,1.9013940198648318,-0.12498432958798956,0.21208966786166725
TEST_06707,3.2742798883806166,0.5170283051417016,0.4963968852208173
TEST_06708,2.5465692071703483,0.4176713972428053,0.2205138741518064
TEST_06709,4.508738998804096,-0.7241646053611962,0.04365573820648427
TEST_06710,4.137564628291398,-0.03259655927323854,-0.5290954307792334
TEST_06711,1.9899574476901876,-0.9568613904518682,0.13161081810733966
TEST_06712,1.9757176990147363,1.2103267697260955,-0.876695544224346
TEST_06713,2.692541306867961,-0.03452222046155737,-0.2571421653154337
TEST_06714,1.266499849265695,0.16658493819255818,0.0396712705985532
TEST_06715,1.0621385669420544,0.09749073483954154,0.25633016781165485
TEST_06716,1.4453737542388296,-0.3183348289499702,-0.2148529061581019
TEST_06717,1.2340569657969145,-0.2860782328743342,-0.1746541489754655
TEST_06718,1.3947996868814894,-0.5953352600993465,-0.27284859071139816
TEST_06719,5.387958651868883,0.7268843523852527,-0.09268031426149188
TEST_06720,2.595355433372686,-0.5775937092385129,0.41383490544463825
TEST_06721,4.681893751511087,0.7068623235842488,-0.04440301216670626
TEST_06722,4.664056489097119,1.3912246172905176,-0.5061295919790205
TEST_06723,1.7338537357108448,-0.12087361665288608,-0.09306356045556671
TEST_06724,1.517840582095124,0.5213995954851023,-0.277322867712518
TEST_06725,1.3057294155901393,0.6395476956787135,0.3604732073734159
TEST_06726,5.23950587063762,-0.4255279628495106,-0.2466553412296311
TEST_06727,3.0186952130878097,0.3920545772263389,0.473728274847606
TEST_06728,5.59883358348078,-1.6137756323661658,-0.8904876547637479
TEST_06729,2.357208389059139,-0.26544845465169764,0.006383329227831453
TEST_06730,2.8593467022197423,0.5985424949123624,-0.15773251368896832
TEST_06731,1.2323311269669366,0.09472729415065183,0.19973110699779345
TEST_06732,4.201558129958762,0.11308614275781739,0.37123179384457855
TEST_06733,3.0662425547702,-0.35197565432929845,0.5456306079744261
TEST_06734,2.4157284358243594,-0.25904183799347985,0.30820875511371193
TEST_06735,0.9139307156328621,0.24850068005924827,0.03770180907410742
TEST_06736,1.6904535887644894,0.11168518421827638,0.4294882033694012
TEST_06737,3.470855665323207,0.22148485807762713,0.7620988636603024
TEST_06738,5.4364876661023915,1.1777375709187112,-0.4606592069228862
TEST_06739,2.510350975658944,1.318518908812274,0.0663891236154907
TEST_06740,1.55286419267182,0.12379686575501436,0.30819516819982123
TEST_06741,1.285291066289295,0.026949765865204305,0.2091285503601553
TEST_06742,1.9685096322487077,-0.2639588648065996,-0.6766406453873509
TEST_06743,2.963935300112865,0.7486792196975538,-0.7491081400844178
TEST_06744,2.317489836209539,0.15776267324781232,-0.5214975175283239
TEST_06745,4.522765410834718,1.8104002033456434,-0.47345377092275126
TEST_06746,3.2452549252203813,0.8580509003717258,0.5890053710100187
TEST_06747,4.7012784309591575,-0.43604218099290004,0.027440345905403417
TEST_06748,2.5299771930380506,0.4376870832802103,-0.34614630259074963
TEST_06749,3.5488377417872092,-1.5782936996304322,-1.1764823255195638
TEST_06750,1.163988667851887,-0.25322447022426,-0.045702524482250144
TEST_06751,1.2124169114202605,-0.8914070182160078,-0.06353035038057843
TEST_06752,2.729458857933649,1.4741939132564814,0.6218918643754229
TEST_06753,2.273776010527945,0.4555448549472661,-0.40525005624734056
TEST_06754,2.287906731772238,0.2844968342269951,0.0875464249948957
TEST_06755,1.8950812775821257,-0.7024813110094762,0.5088251338158476
TEST_06756,3.1492748802314616,-0.7672951574331642,-0.37693980192900994
TEST_06757,2.1295151663935776,-0.039698320430526866,-0.26202728676398646
TEST_06758,3.3507330099440553,-1.3509701455980736,0.7411533323475408
TEST_06759,4.560636547372644,0.20247913521331143,0.8934776531558206
TEST_06760,3.088696810670323,-1.5676599167773881,-0.5759577585660554
TEST_06761,4.2870001451360595,0.8805091688839167,-0.7398313510325217
TEST_06762,3.9832970238539884,-1.541358006118712,-0.9382474699963753
TEST_06763,1.556335207642636,0.13233986711350304,0.6982294777250803
TEST_06764,1.7692153496752838,-0.009812134712258357,-0.041329995253179486
TEST_06765,1.4609246557177125,-0.07323170549480292,-0.3353184960844153
TEST_06766,3.68351823961422,-0.7434578620435031,-0.5814110542182995
TEST_06767,3.790543907320595,1.3401862347267874,-0.9335594387399446
TEST_06768,4.88230574031428,-1.6695488657006559,-0.1248735710822518
TEST_06769,2.4799630777266373,-0.04665379296366883,0.0036311703185846495
TEST_06770,1.0750891683383081,0.5997695980227881,-0.24526097562843158
TEST_06771,4.090983788473932,0.15486061489915268,1.0803718975946413
TEST_06772,4.722730364418936,1.1098055874671646,1.0975894395878927
TEST_06773,1.3543159509187854,0.4199664539180399,0.3580704221673588
TEST_06774,3.3172302932130493,0.993082432640908,0.9386353805106822
TEST_06775,2.847334396601495,0.5822742531448268,-0.12443534559626102
TEST_06776,2.252977125259197,0.26140402166679383,-0.19784592290593736
TEST_06777,1.4978269039306156,0.5014863237519457,-0.3566348255918767
TEST_06778,2.554691482684053,-0.2183125016223118,0.13429468076851628
TEST_06779,4.2677144716510895,1.3068721321604782,0.9146610944128157
TEST_06780,1.457068928787915,0.17814969129544583,-0.010264056042656653
TEST_06781,3.079866039138274,-0.032291157264529004,0.13132752304131778
TEST_06782,2.2509745808926245,-0.08757764899926518,0.08225396232005822
TEST_06783,3.869088416348267,0.12554336076132788,0.8705116591002847
TEST_06784,3.1788664506923756,-0.2611248119449197,0.05903584583896912
TEST_06785,2.394015849711251,-0.27999184094093055,0.052726741859214984
TEST_06786,2.575743526678734,0.04850921543489993,-0.02887783868742565
TEST_06787,4.543198004255132,0.7987958952587103,-0.31191259525351267
TEST_06788,2.0069054650560543,-0.6183883083525643,-0.33528166347926974
TEST_06789,4.6646161312733865,-1.1214910062210004,-0.37337501792672806
TEST_06790,1.650947826415062,0.12763950100638863,0.5484345193318065
TEST_06791,2.4166779913798,0.6608115098000418,0.011518436567036435
TEST_06792,3.2039456655449565,-1.5685633804331445,-0.8621990456039486
TEST_06793,3.3576074028482275,0.9949334033068717,1.0628535071286513
TEST_06794,2.3756933598523737,0.3476990376232985,-0.044919901836631415
TEST_06795,2.534718919285614,0.8263154655846376,0.5171002893815622
TEST_06796,4.518738148998068,-1.6233962453081823,-0.4186690137007607
TEST_06797,1.8423457232769116,-0.4151790268929997,0.5252787334573258
TEST_06798,3.6610070395442063,-0.6990572251556744,0.9796284415125026
TEST_06799,3.948703537809526,1.8154009096257129,-0.4268902437468279
TEST_06800,2.601971987096118,1.551442595868733,0.6709186711706848
TEST_06801,4.462701251260277,1.6669010858360278,-0.03534425365143128
TEST_06802,1.765969048906657,1.146405329017494,1.0696818046344285
TEST_06803,1.9151601046923716,0.7638964866709026,-0.1454000949345955
TEST_06804,2.194087739124664,-0.09043035711265174,-0.12450662466034888
TEST_06805,2.87578195712241,-0.3649295975787151,0.7727977147695754
TEST_06806,3.7891825237714665,-0.4494829486081305,0.26888931326633464
TEST_06807,3.7593872918382125,-1.4120594966024753,-0.9001513689500131
TEST_06808,5.666096449544059,0.1145250046341589,0.11612478058725431
TEST_06809,3.1712679993087187,0.21742553617060262,0.22164244256152768
TEST_06810,2.737194774473763,0.1811338475238581,0.15586249272065722
TEST_06811,2.469965813275672,-0.1947863723489511,-0.1652189636648477
TEST_06812,3.0651021433128722,-0.10272828495902403,1.2114687987358346
TEST_06813,2.557555351957598,0.040253535043428455,-0.3937459307663191
TEST_06814,2.7847763457171024,-0.013874840147045937,0.649814651068419
TEST_06815,2.2955073783845465,0.4673993173076726,-0.10628883816814534
TEST_06816,2.9802805999130455,0.5135592602213426,0.9178406249724556
TEST_06817,2.503333751640351,-0.7328924590177965,1.3237626920850665
TEST_06818,3.3859751572954715,-0.9388376930339188,1.1713180178548872
TEST_06819,2.403776796530263,0.6876617718308761,0.29086837215665595
TEST_06820,2.38912724573333,-0.3612339919944936,-0.07612569711811817
TEST_06821,3.0638694532271367,-0.11248206247880391,0.21962546228034244
TEST_06822,1.4944971528157558,0.8154235811957536,-0.059635724458498095
TEST_06823,3.5472904300363393,0.4148453780588037,0.8339469326402171
TEST_06824,1.7087228451056948,0.275215970085968,-0.15304539178107868
TEST_06825,3.357038451239046,1.387390288008483,0.1155913058126841
TEST_06826,1.4208694031604499,-0.13684081741953646,0.462160625712896
TEST_06827,3.2212958131002996,0.19731993428353545,0.45777712886523375
TEST_06828,1.3974606862620766,0.2947291253108068,0.18013673150018072
TEST_06829,3.7742669687919608,-0.15098285938361228,-0.9006556366782705
TEST_06830,3.89535362596419,0.29470127806553564,1.2295472029364465
TEST_06831,2.786149223385112,0.9561634971723085,-0.3037756669053176
TEST_06832,3.4690129305404205,0.22336898502022243,0.5692074219300463
TEST_06833,3.8113225536025213,-1.0549181336296671,1.281279456075942
TEST_06834,3.1322683736661765,0.018766341103042473,-0.5171200981932955
TEST_06835,1.0134336317904618,0.34430371673939664,-0.035201633679412286
TEST_06836,2.7454137885788907,0.1792400397663682,-0.1410385177738592
TEST_06837,0.9929579256231217,-0.012818595969554454,-0.1396868422815508
TEST_06838,2.377791460388522,-1.170231936034565,-0.5479024928627368
TEST_06839,3.8957102420228678,-0.5386438702727645,-1.0062704543891556
TEST_06840,1.6393561134186296,-0.31795224045426923,0.3089397786147276
TEST_06841,4.551322816970809,-0.7607374098935412,0.9595391200248066
TEST_06842,2.0238993948314006,0.020526412239815175,0.08556443307418146
TEST_06843,3.2155857316887455,1.0254620865387374,-0.7977957451634368
TEST_06844,2.0375124624384733,-0.7816967407873154,-0.5692739079644794
TEST_06845,1.236509496865193,-0.46851526723343995,-0.09888546188016986
TEST_06846,5.06810757218189,0.6230682287958388,-0.27605353723663434
TEST_06847,4.024935498694499,-1.0873605939782482,-0.740869462207629
TEST_06848,4.546036006117804,-2.261675107055862,0.820819800562571
TEST_06849,3.3872189626970752,-0.4701206326223268,-0.3143683309859901
TEST_06850,3.0957230661262853,-0.04991845854156336,-0.5708125730180713
TEST_06851,1.1414399548010798,-0.2989405529499115,-0.016734136531565427
TEST_06852,3.4991777719459685,0.00307696798227978,-0.8463608448390707
TEST_06853,3.0192271580906715,0.3314063307897966,0.38269965436406966
TEST_06854,1.6594088999764827,1.2369861885309066,-0.6411270444297169
TEST_06855,1.786242861666294,0.13633750896324182,0.4387664477635853
TEST_06856,2.810739282176097,-0.05122652034440612,0.7395827064283235
TEST_06857,1.968513514049808,-0.36650491477850156,-0.11291713672275504
TEST_06858,4.836350669483671,1.163111417869605,1.4101938496086615
TEST_06859,1.2195511797568963,-0.12194787115279444,-0.12690848696161558
TEST_06860,1.4566147761829022,-0.21850857637514123,-0.24983660163699925
TEST_06861,1.2366566745342442,-0.3961497774310728,-0.11029225657020343
TEST_06862,1.5414373565783903,0.40001854265026726,0.125117444855754
TEST_06863,1.214498729428585,-0.35778796131231116,0.5008768134365247
TEST_06864,3.686563350642229,-0.5625740437491658,-0.579207889662176
TEST_06865,5.28363187209994,-0.49475589285245813,-0.15449848747063571
TEST_06866,1.936563299028895,-0.4353720451184932,-0.36191906672884294
TEST_06867,3.9404996319278625,-0.21805270777568428,-0.09696389314213244
TEST_06868,1.9694329404134396,0.45638795032449714,0.33699148728849887
TEST_06869,3.6269501549800043,-0.7531411098759551,1.3187389491276529
TEST_06870,1.3362349146641863,-0.6501879936678219,-0.44382722258970514
TEST_06871,2.719144316663743,-1.2240588604355194,0.47551075414253763
TEST_06872,1.4808157622562308,-0.7357543612583873,0.1377332481507008
TEST_06873,3.6375860092120336,-0.0502675497426085,0.6940802223728759
TEST_06874,2.5177845882162386,0.4471244299935753,0.6691540335305158
TEST_06875,1.0031525528016187,-0.12368496445053702,-0.3367127176023712
TEST_06876,4.204039865939081,0.33098402196738025,0.5868239081456034
TEST_06877,2.668947395804841,1.1704702193680168,0.1306799489135877
TEST_06878,2.572524260823185,-0.4114758183160758,0.44090336795987933
TEST_06879,5.504032041657833,0.33724317092805256,2.1130133449638357
TEST_06880,2.1038359269301674,-0.4731355397881261,0.10300108904489741
TEST_06881,4.295991890114027,-0.03610724130825153,-0.2585064030060944
TEST_06882,4.342875828305762,0.9550603280257648,0.2175942338003148
TEST_06883,3.543711230955899,-1.1956189405735982,1.0629688032724627
TEST_06884,2.7538254119234193,0.10675734293698697,-0.526851013962564
TEST_06885,1.0216524880302402,-0.3296725265621313,0.1750012080335897
TEST_06886,2.955988974370126,-0.08608102325063839,-0.3263116045651159
TEST_06887,4.385273531039177,0.1169390556924843,-0.33460114675546154
TEST_06888,3.7726637994260477,1.2790802629105116,1.357064389040698
TEST_06889,4.5461583445437554,-0.42952970472903773,-1.0419236038152555
TEST_06890,1.6559916407151596,0.12511756786703,-0.1121723923455237
TEST_06891,2.6260327891406146,-0.14340591511814374,-0.5906621302663932
TEST_06892,4.700323703536868,-0.8156559995523841,0.2098840738119315
TEST_06893,2.8043713309605813,-0.5672699943725221,0.5816025360138052
TEST_06894,1.608770101690158,0.10476256269798698,-0.5082900318960691
TEST_06895,3.9540925274466536,0.5764469910401093,-0.7574438629628025
TEST_06896,3.4534707284468324,0.0668283581484466,-0.31937408839775583
TEST_06897,1.4738641473396001,-0.3920228179131271,-0.3379853677021808
TEST_06898,5.059137121978723,-0.3897258962289579,-1.047967918374081
TEST_06899,3.887208307486005,-0.24671568521659223,1.02924974788525
TEST_06900,2.3025778149611025,0.4057736033769794,-0.6807128505467385
TEST_06901,3.201113306500785,0.07023946054879202,0.47151367428041785
TEST_06902,1.3102986073071365,-0.5139601428073636,0.3105510276378484
TEST_06903,4.084671530673178,-0.6327735350583524,1.0727256038939104
TEST_06904,2.4603210868468017,-0.41017387363123675,-0.5079732933825445
TEST_06905,4.913946313042806,-1.2322769145845454,1.6694903260822465
TEST_06906,2.1765397023971254,0.10078380421736823,-0.4890405685904627
TEST_06907,2.3143305908924265,-0.12741980969708974,0.9069857432290925
TEST_06908,2.9059022730138646,0.12874315777906384,0.024458864697393883
TEST_06909,4.881230343585797,0.43993108074922094,-0.31994013687368217
TEST_06910,1.926783035799731,-0.9714041460276948,-0.49826334296063074
TEST_06911,2.1474585161718,-1.187194494223626,-0.47246249921344957
TEST_06912,1.459875812962127,0.9185463743875453,0.4702088426984398
TEST_06913,2.818656442914776,1.5105315620847513,0.9542511099507129
TEST_06914,1.7800577561447826,-0.012295379468024215,-0.16199881571229977
TEST_06915,2.2937830948147164,-0.1951759762515285,-0.273091728576056
TEST_06916,4.265094912905378,0.6872875692134889,0.7795427082309377
TEST_06917,1.4063597325954358,0.2593760535954412,0.21985216691506554
TEST_06918,2.8676847023229324,0.705714441459493,-0.5769567098618322
TEST_06919,3.2570489527395337,-0.7781816461221205,1.9556542042300682
TEST_06920,1.8302733434567564,0.4839765775711858,0.1810360893390676
TEST_06921,1.116979075413423,0.2878495186394749,0.06374798413492136
TEST_06922,2.051432720033364,-1.0133708164940418,0.06228207417162159
TEST_06923,3.9875181459285427,-1.2051096936412489,0.3138813183510874
TEST_06924,2.069205341349893,-0.9229540457413089,-0.5533059635889993
TEST_06925,1.2535596459297413,-0.31098115976002416,-0.30406507735552335
TEST_06926,1.5017443667759565,0.6989554704696272,-0.02844576610517164
TEST_06927,4.216090292875232,-0.3717302194317919,0.9987361615116932
TEST_06928,2.417990371134031,-0.23377820709031102,1.3091745306677156
TEST_06929,3.630587208234029,0.4895267458390553,-0.08398146684149096
TEST_06930,2.235040390369314,0.2798191582683665,0.41885015443412094
TEST_06931,1.0344235358972604,-0.42520039976741425,0.09657608041977725
TEST_06932,3.2489760275079975,0.14659710208720345,-0.10441209229341138
TEST_06933,2.260606834753454,0.17736408758553848,0.5067737515062744
TEST_06934,2.9184932012719784,-0.15150561605587506,0.27964393659823295
TEST_06935,1.9712771374015916,0.32478697085727287,0.2427089757244452
TEST_06936,1.5098247030227268,0.549063015915293,0.4514250430847887
TEST_06937,3.4717877243414903,0.34481107243112225,0.6875876099453258
TEST_06938,4.635552248521589,1.088581948007207,-0.209522797310031
TEST_06939,3.6642703164676216,0.4483684945408724,0.07402541141344694
TEST_06940,1.1633228366719388,0.18554014529148335,-0.35031755959958066
TEST_06941,2.82973674052408,-0.08376548837259291,-1.0565993491197891
TEST_06942,2.2843196623499398,-0.6599934593903222,0.1866550021157028
TEST_06943,3.930183232180424,-0.5541021499827071,-0.1615303345349858
TEST_06944,1.311363630441713,-0.4108741798411797,-0.33332034541034666
TEST_06945,1.7596571327568957,0.41890582451485237,0.4747898383147982
TEST_06946,1.3914296786241434,-0.03808347444331103,0.6310045646202211
TEST_06947,1.4952595757251574,0.16335602408087208,-0.16068488602718203
TEST_06948,2.50621953162019,-0.49865512203109164,0.31245131018268363
TEST_06949,1.3835347126358513,-0.2120870118094046,-0.32809600206397
TEST_06950,2.723600716165321,-0.16884636981039736,-0.028810666679598633
TEST_06951,2.3157971372643957,-0.15513989820182442,0.60966200916082
TEST_06952,1.1274175318133706,-0.43289060292202636,0.3258773388071195
TEST_06953,3.678440732197448,0.7791896588609013,0.08755901502066245
TEST_06954,2.8771044344323777,-0.6359095098516234,-0.03983768535141302
TEST_06955,2.2451559241333627,-0.2831705653332544,-0.011238331604556165
TEST_06956,4.263274825141143,1.4573115355196469,1.0497347382263937
TEST_06957,3.033505237071104,-1.0239781839084037,-0.34561775962663566
TEST_06958,1.268855721122707,0.27026313844622846,-0.3970147096938258
TEST_06959,2.0609837419198738,0.7699554291069826,-0.3227474085008096
TEST_06960,2.664428138286557,-0.4597331917904418,0.37734817497423156
TEST_06961,3.0184026338415553,0.18014371618049319,-1.0126916411776834
TEST_06962,0.8823189009822411,0.053858019823168964,0.48166978133372734
TEST_06963,3.692654480113564,0.27434217931250393,0.37188137097201956
TEST_06964,2.9784286422797894,0.6580254069947247,0.683085878733745
TEST_06965,2.1772092290672296,-0.8714806122731801,0.9108755975706548
TEST_06966,4.9384686691766415,-0.34598675962662956,0.4687280435048278
TEST_06967,1.3674224259297014,0.3569441960274455,-0.5503397882602992
TEST_06968,4.191120997894051,2.2166964785396717,0.649987332781985
TEST_06969,1.2598311384495495,0.30148866426889803,-0.002453326835813791
TEST_06970,1.5989141840749717,-0.31037853043058306,0.38705830126600427
TEST_06971,1.9293497149145638,0.6146378669942637,0.0586868050603148
TEST_06972,0.9866279418576052,0.5557290128948048,0.39360243552026675
TEST_06973,3.2288527177597577,-0.45375768560324387,0.01675714745746392
TEST_06974,2.392355538339549,0.6356969883477425,-0.8712884402782871
TEST_06975,3.714125857521044,0.7820015112713419,-0.6515799508714296
TEST_06976,1.1949859948849835,-0.6222492211763024,-0.14057125288060526
TEST_06977,1.30840959613717,0.4331588758105478,0.15903073924992903
TEST_06978,4.355446649969513,0.2586227518846581,-0.14494347838337332
TEST_06979,4.354561416161854,1.632094560518736,1.5054419184218288
TEST_06980,1.2193075875721535,-0.639289939152015,-0.4502683410261469
TEST_06981,3.5504264783817927,-0.5226739439612668,-0.09079493001419285
TEST_06982,2.518510649994443,0.5070765895650762,-0.08481828626266061
TEST_06983,3.0043943905354875,0.21825212591036464,-0.6764775164496521
TEST_06984,3.2613287177113137,-0.3422335241822724,0.4564215693376425
TEST_06985,2.1441436799102296,-0.16251048406540303,1.1662263032990692
TEST_06986,2.200857327569887,0.3772702549698516,0.1042311205151455
TEST_06987,3.048688492738794,0.0717565527399128,0.22587373054135718
TEST_06988,2.9531456085554133,1.164240277227269,0.15412282771735958
TEST_06989,1.9319569812535797,-1.1946230071639186,0.4657154377690459
TEST_06990,1.037777088001934,-0.2811947276269954,0.15530663200528694
TEST_06991,1.9459904922900162,-0.524348834419698,0.27532136866428125
TEST_06992,1.9799137358434562,-0.8526156312367039,0.8026458912847262
TEST_06993,2.6703487875538903,-0.24442130557082958,-0.42779722228961825
TEST_06994,2.0121035148629773,0.5999412621920923,-0.003485338106786925
TEST_06995,2.3547038472368524,-0.6190834943017761,-0.6857487677791582
TEST_06996,2.1589064298161267,-0.6721961477198112,-0.439909927267297
TEST_06997,2.7880171395736797,-0.4751276063466247,0.5563054831545063
TEST_06998,1.2469916091891915,-0.21617814660645684,0.21492736304016846
TEST_06999,4.884249996137607,-1.1795586244542595,0.4235288464851416
TEST_07000,2.4912581049533182,0.6088273266699047,0.28060878682632784
TEST_07001,2.421116941300486,1.5125310329612704,0.27117901651657633
TEST_07002,1.9618631023663995,-1.3119697943086133,0.3000086958188738
TEST_07003,1.9152355011011726,1.2666697553441966,0.5631668224288803
TEST_07004,1.6131476196155945,0.06475418227945692,-0.1863431983780002
TEST_07005,3.0117037722252356,0.569691530234908,-0.24979403012180956
TEST_07006,1.4393578360855854,0.5368561015485712,0.24842362137747265
TEST_07007,5.136829221925704,1.677798932931707,-0.5373119872643939
TEST_07008,1.3396565147520922,-0.757361474840801,0.5667968931509785
TEST_07009,4.4353485115704,0.6867274665520425,1.2633536277181239
TEST_07010,1.4791593262584726,0.21240235067560234,0.36173227830740806
TEST_07011,3.4540871874749226,0.14180833355842432,-0.018837727549583617
TEST_07012,3.345832250402659,0.20298816561285066,0.04189640955558416
TEST_07013,2.502138761510766,0.043183161242306235,0.21830224946666127
TEST_07014,2.6657674064993575,-0.18765920204700962,0.49701270656868857
TEST_07015,3.7399875528649207,0.9958436118113095,-0.9815140967081531
TEST_07016,1.7754811593507354,-0.8715974245765917,-0.7058741926673155
TEST_07017,3.9524257470447703,-1.5065061621174036,-0.029482426429614746
TEST_07018,4.094875294404769,1.6649849735960651,-0.45881087579598145
TEST_07019,2.2731069433675666,0.645277194226783,0.022007550559954684
TEST_07020,1.6732928159645561,0.12789966466664912,-0.3535845733399372
TEST_07021,1.072576967605908,-0.19022540005990932,0.030619798932267756
TEST_07022,1.9024223289537148,0.5070302981203285,0.2419778801462496
TEST_07023,2.4654149822805644,-0.7924421793809983,0.242568305418544
TEST_07024,2.3169905438717726,-0.1932096646349605,0.4700305179683223
TEST_07025,3.7335601928264026,1.6465928854567895,0.1132389905434638
TEST_07026,2.9030945412299354,0.35791172280790706,-0.07192981008900791
TEST_07027,2.001852612367734,0.6978298682153066,-0.5490519364901627
TEST_07028,2.9179125312130023,-0.043235639396751145,-0.09120169293909719
TEST_07029,2.7441209640689226,-1.4815326569793232,0.04077949596156643
TEST_07030,4.203371101612029,-0.17798564985496088,0.14948402284827556
TEST_07031,2.5870398521138136,-0.49378877494682133,0.33722477588555183
TEST_07032,3.4364892623920085,1.4229296093105215,0.34094294821661647
TEST_07033,1.3221902442626154,-0.6563602343159396,-0.30880841832581074
TEST_07034,1.881908940582516,-0.019431241484857028,0.11655880412649036
TEST_07035,2.2944939922065437,-0.8908650600125326,-0.48586401407442636
TEST_07036,2.074506032700023,-0.22558314559180237,-0.6546759050623382
TEST_07037,2.6470305468951865,0.04733637127600072,0.3508261371441643
TEST_07038,2.5494190733852693,0.7414804073027677,1.093643135226241
TEST_07039,6.199058618560428,0.38324734808613237,2.341901416318787
TEST_07040,4.3876115231368376,1.1107345860716347,1.6849531358146053
TEST_07041,1.6849813384163974,0.6480835944950019,0.4992051752242035
TEST_07042,2.725398722632552,0.40258167016945273,1.118860472085737
TEST_07043,3.238024758230214,0.539914692651709,0.10440938734893021
TEST_07044,3.3375548876912537,0.15854372211311288,0.2614181950003955
TEST_07045,1.3885004126515637,0.19004463063115568,-0.33816452734516617
TEST_07046,3.155405059567796,-0.4587442333134422,0.486149678425387
TEST_07047,4.127173580966197,-1.001126084754388,1.1156859511698831
TEST_07048,4.723118041224841,-1.0495888785193608,1.3427752738349739
TEST_07049,3.0226372727133155,0.35405492180269477,0.350261127813601
TEST_07050,2.623990793269893,0.26108504821027223,0.24126441687060177
TEST_07051,1.6150789336232412,-0.05537467473539877,-0.3446687226441717
TEST_07052,2.056421514806146,1.2737550720186261,0.5738003339655541
TEST_07053,3.0288037714516203,-0.38255180832941155,-0.28614821134260265
TEST_07054,3.506212024818012,-0.15115086772049466,0.7346321415114897
TEST_07055,1.5784512327791713,0.250159658829243,-0.11394981807144554
TEST_07056,2.1622914258979793,-0.14537995624124644,-0.08389357182732446
TEST_07057,1.6966081545321952,0.27669388511693765,-0.5361726248239198
TEST_07058,5.359348862335154,1.079702919637839,1.2808623463867441
TEST_07059,1.783503198761271,0.05749389958439914,-0.01183995227406501
TEST_07060,2.891995376525287,0.4433932279831503,-0.4375577772944569
TEST_07061,0.9683543921621062,0.4181475374148532,-0.16073449240923032
TEST_07062,1.5542539141096121,0.34255856796138834,0.05038351314724476
TEST_07063,3.2284531054273673,0.7076805157710463,0.9140634285354985
TEST_07064,0.9062288335452195,-0.27435440144897155,-0.13551248025843193
TEST_07065,2.1064617372414762,-1.0604498729075988,0.7524269400783723
TEST_07066,2.8221207681762945,0.059332167150355844,-0.24044085759090397
TEST_07067,3.643964831131235,0.5725424052004989,-1.0443374444168627
TEST_07068,2.3213043588922395,1.2929741646877895,-0.8519470533512776
TEST_07069,1.4192687858778468,0.36080647163599905,0.3825852506312434
TEST_07070,3.555392519416155,-1.4341341569097448,0.5453021293563203
TEST_07071,3.388001862904212,0.8219834211599772,0.5660316668763696
TEST_07072,2.4993560948894684,0.17890216974088075,0.10503207713884835
TEST_07073,2.37350155702332,0.3611638845053506,-0.2714340857138211
TEST_07074,2.331293200670967,0.5555266147544803,-0.5273311425885873
TEST_07075,2.1828823117077074,-0.06649962196613528,0.05848411043138258
TEST_07076,1.3849112041196245,-0.07942419835067013,0.45132105714493786
TEST_07077,1.6657180525380397,0.12272054093455682,0.33335815281040443
TEST_07078,3.6150867796421995,-1.4893867967918155,0.17895778059633213
TEST_07079,4.766318645089712,0.17110649091968752,0.6114504852768179
TEST_07080,1.2453058285512575,0.4972985539781103,0.09122698276416372
TEST_07081,2.638095923943694,0.18680822272728848,-0.01871313608292145
TEST_07082,3.201364746508749,-1.6451650377594282,-0.229226656333637
TEST_07083,3.1710766781483226,-1.478827829374359,1.2990963146994683
TEST_07084,3.2824721052989316,-0.8835655120404498,-0.7540245860535111
TEST_07085,2.7929430947916747,0.7051282911708887,-0.03692941683150892
TEST_07086,3.063844029354964,0.6587483815486589,0.390109584603713
TEST_07087,1.2535024571261615,0.15679344146267118,-0.035067068451922964
TEST_07088,4.105023316776093,-1.9021664026153515,0.5875044039306423
TEST_07089,3.8891436175145913,-0.2078511937631251,0.06723212503561486
TEST_07090,2.4450353595352605,0.2978606674122525,0.1607164101162242
TEST_07091,2.9126830279611133,-0.015471329802815504,0.6242598831804169
TEST_07092,4.881775819289368,1.3692418608131893,1.327362593410448
TEST_07093,1.2846573902017324,-0.16258434300321215,0.15825264148938908
TEST_07094,1.6882156308648433,0.4268375815577604,0.5847654224192332
TEST_07095,1.2260721698123738,0.06358371564939214,0.4019201168289591
TEST_07096,2.3624769200006726,-0.8831443384294129,0.7638968937705909
TEST_07097,2.4167824508387157,1.4572880097451448,0.6413887805670562
TEST_07098,2.049219528913009,1.4558156943627885,0.7080492794705054
TEST_07099,3.1653074745862733,-1.6991313368785244,-1.4263781961916127
TEST_07100,1.166174101802274,-0.3577197129867777,0.18717097454875317
TEST_07101,3.4049071777389806,-0.11563744455799958,0.6032282983951412
TEST_07102,1.2731345589724685,-0.6341238849573542,0.28461505369447826
TEST_07103,1.6654099413862065,-0.028369997980425162,-0.04094934819585156
TEST_07104,1.4573815199254438,0.13652340225994833,-0.008722101763113279
TEST_07105,2.9661625737817188,0.9456299635433045,-0.6319162874991529
TEST_07106,2.679444158977491,-0.5281679452804064,0.696490730875748
TEST_07107,2.662185373386603,0.7810168209225598,-0.7343450522385793
TEST_07108,2.458026030174841,-0.11124498573898242,-0.04826969173055856
TEST_07109,3.8821810589029315,-0.930282997862204,-0.44018511601543997
TEST_07110,3.572545418925982,-1.106627302016675,0.6720393193853217
TEST_07111,1.584733770173703,0.6330742017962522,-0.1350806574230301
TEST_07112,3.226334788510136,0.8974345787279039,0.004320960446314379
TEST_07113,2.3778552390633845,0.8354525295539894,-0.2334246501783008
TEST_07114,1.734048337495916,0.3834049966802391,0.0697892554255477
TEST_07115,1.2036808138498538,-0.30714216893185675,-0.11872162735398546
TEST_07116,1.7374186097533566,0.09761182298991486,0.21560485768448862
TEST_07117,2.6253717841425823,0.22074508027016293,-0.7002934700752469
TEST_07118,2.7830167134994475,-0.2143839293150683,-0.4973266458596275
TEST_07119,3.2639228785367167,-1.8772752558516348,-0.46730950801856197
TEST_07120,2.0662768936768505,-0.9883487337881858,-0.6568505383142127
TEST_07121,2.522328827193426,-1.2562056541170448,-0.7174155020234435
TEST_07122,3.7105216300587993,-1.283637552729205,-0.06589770047646268
TEST_07123,1.4498322294489714,-0.4865716061654516,0.2630831090250569
TEST_07124,2.4932580805243645,-0.15949099907027153,0.6089287676956029
TEST_07125,2.3779005224964913,-0.5297122138782543,0.25653226530614487
TEST_07126,5.224932330260438,0.6162145248658072,0.3822454237839343
TEST_07127,4.344413739037343,0.6435939434025694,0.005467581050814895
TEST_07128,5.165847358318266,0.8907760787074508,-0.17268110339783757
TEST_07129,1.7996512429617568,0.06439357882633522,0.30366671603211176
TEST_07130,2.8701086381485736,-0.3709575607956948,-0.3971332564449705
TEST_07131,1.8303441211635583,0.3385343213884001,0.0495673689532522
TEST_07132,1.0462430956236346,-0.25106571749405776,0.2832562949783014
TEST_07133,1.4909923631235995,0.2716395379178203,-0.1143294984495493
TEST_07134,1.4895727349599688,0.12528009889366978,0.22925070250715024
TEST_07135,2.0537857873228207,-0.7902249055357198,0.2514387522370693
TEST_07136,2.30960939375777,-1.2285154391832682,0.10495135913608873
TEST_07137,4.27468645183419,-1.6322067095753567,-0.6833464236660068
TEST_07138,2.892203298029766,0.6789433640514306,0.23852215935386117
TEST_07139,4.649968778047836,-0.17633133187778596,1.2780229044088003
TEST_07140,2.8140856491950506,0.40013757423391366,0.3964154840538133
TEST_07141,2.893635630368921,-0.1924923309489571,-0.9596414495101946
TEST_07142,1.136540320366047,-0.23071091270409103,0.23465734431254417
TEST_07143,1.4133691193143716,-0.16963980887250696,0.221282455968468
TEST_07144,4.218002188885985,-0.7024720261713108,0.19009313343769985
TEST_07145,4.053715514420541,0.7010196232842038,0.9990624795085705
TEST_07146,2.075873563285617,0.16594707933262812,0.2514152158703656
TEST_07147,4.751931875019531,0.017353551544162724,0.016346827778699016
TEST_07148,3.4576430640213465,-0.4844933195549286,0.5571034711200389
TEST_07149,3.027829706829025,-1.2351012514297666,0.5618979945432679
TEST_07150,4.911007378325752,0.5830937085324712,-1.0186964571314676
TEST_07151,1.5297692521858943,0.5329702724665797,0.14191728776635337
TEST_07152,3.326817685603255,1.1111851321634043,-0.2674596785735886
TEST_07153,3.2895189698080767,0.47472339883021564,1.1026226471361853
TEST_07154,2.3401480352971467,0.1663865568530625,0.006670126378104385
TEST_07155,1.3848763627358336,0.2633054715190975,-0.1526243143868778
TEST_07156,2.9942485519045485,0.8632582206188246,0.5452877827223923
TEST_07157,2.4475301602152375,0.8204841235595283,0.45092540251939045
TEST_07158,2.773275518092874,0.08898415605255093,1.1471400453601461
TEST_07159,5.5754424079403115,-1.082648139807495,2.2500895846092632
TEST_07160,2.1421552069616614,-0.41208328929974003,0.4904045008038644
TEST_07161,3.30865030620119,0.39165853920990973,1.0184598200441557
TEST_07162,2.7742732543703528,-1.6247701003769168,1.1723036274475787
TEST_07163,1.5299977509032907,1.3806496833947988,0.38017647539121935
TEST_07164,2.363988371015772,0.22023881948803964,0.005566733661322643
TEST_07165,1.673860232742714,-0.1123205025744926,0.20123627079927603
TEST_07166,1.6121527350087257,-0.6383223022891513,0.052903600816253574
TEST_07167,1.8446003559393032,0.06869416055746547,-0.22000324993767464
TEST_07168,2.214729093257342,0.6872443870998103,0.852739877093905
TEST_07169,3.6657220056476176,0.2764069543544176,-0.018258877411562683
TEST_07170,1.8556003386768047,-0.1976192492850958,-0.346637917342459
TEST_07171,3.861430154777931,-0.30604415917836747,-0.728713718433369
TEST_07172,2.593651759356389,1.3836923481867933,-0.18403116549190981
TEST_07173,0.9153249705482801,0.3531787453811492,-0.0440442082796208
TEST_07174,1.0835876652540692,-0.3836805070637314,-0.1288557581455885
TEST_07175,2.166927719933123,0.0033757640175656094,0.28503111906796774
TEST_07176,1.1865449993160253,0.0664099870229891,0.4831205058241507
TEST_07177,2.589522652988898,-0.04300808205158381,0.9518075398824924
TEST_07178,3.099747016315802,-0.2093892593271609,-0.9672872473665534
TEST_07179,3.4116676158214183,-1.5033679408449625,0.4820337122311596
TEST_07180,2.4490654660557376,0.5139582529130162,-0.7974515625806335
TEST_07181,1.044004073257477,-0.03499198335279935,0.23285505943682158
TEST_07182,1.8302530773462469,-0.11082116736043778,0.09973682640219254
TEST_07183,4.367789210785731,0.0894023481053688,0.574098069615319
TEST_07184,2.87447473058799,-0.12588865263257804,0.00902504165126328
TEST_07185,2.72086019739616,0.03577989449037375,1.190812767717702
TEST_07186,2.6522139187007583,0.31850743068117005,-0.5049260901610809
TEST_07187,4.1235830527072155,-0.18037576773373756,0.6754343441336623
TEST_07188,2.418969562824867,-0.6757931837861558,0.20423617649476025
TEST_07189,4.398757000294394,-1.1546843502589135,1.406063867196727
TEST_07190,3.988847432133801,-1.5856680893889332,1.4708068574118442
TEST_07191,2.5203083428268958,-0.510232660481892,-0.22063954177774894
TEST_07192,3.7039662804319002,1.3468535159678265,1.4631411211229963
TEST_07193,2.6969504012244108,1.2914335464528535,0.8688786373275568
TEST_07194,2.5308498181019083,-0.17655346983524733,-0.4266658386334763
TEST_07195,2.0811115271179257,-0.7008033405579498,0.32497884706772145
TEST_07196,1.9260196832799406,1.3286959582641442,-0.30625915351870053
TEST_07197,2.482830571093947,0.2895716412772317,-0.26655551610215683
TEST_07198,3.627823618372094,-1.2506741102900338,1.1859754414318502
TEST_07199,3.596967618373298,-1.3521969378709169,0.9044609415367337
TEST_07200,4.083863110848365,-0.07060083462343258,0.5804022065114223
TEST_07201,3.8100570511376346,-0.555258788574715,1.1751284705145262
TEST_07202,1.0175778702726603,-0.33837210002464774,0.46569661909024235
TEST_07203,2.130232368997941,1.4215918582072942,0.08932937365364167
TEST_07204,2.418804642788311,-0.5050037416913195,-0.1578849063258026
TEST_07205,2.739348275964379,0.9351896108934125,-0.4064578931648842
TEST_07206,3.628075882404697,0.2373813673572075,-0.3465295783522567
TEST_07207,2.190498913057338,-0.37664264247708357,-0.6872298179723002
TEST_07208,5.67045482703163,0.10721492333153004,-0.40854227213135574
TEST_07209,2.1225082220963745,-0.6653964593885314,0.005791155856326128
TEST_07210,2.6976966872392873,0.4997981510756031,0.07824457831827132
TEST_07211,4.4378689232364925,-0.459498539129181,0.08040551877813418
TEST_07212,0.8819429652408777,-0.49943202277120635,-0.2616023838530865
TEST_07213,1.5308691387728326,0.23544760483106472,0.07886384842137405
TEST_07214,1.8416966738846086,-1.3286910921877728,0.4056170017541008
TEST_07215,4.068630408599999,1.2255625280316305,-1.3460034395668843
TEST_07216,1.8591249499475946,0.05338879931152322,-1.0274585447651172
TEST_07217,3.2294366256772893,-0.2394322393084848,0.9489944696566792
TEST_07218,1.2770332286986186,0.7818679715120294,-0.4642180000248725
TEST_07219,2.2107195750428237,-0.9223231349696461,-0.24297090697758802
TEST_07220,1.8790663456298942,-0.6464549630528758,-0.03033005363671688
TEST_07221,3.4033302013782922,-0.27313923943253565,-1.1446417946431098
TEST_07222,1.3451013594223074,0.5084873267027298,-0.1304889599081478
TEST_07223,3.969028390856523,-0.32122464949527435,0.571856163442816
TEST_07224,2.8006433479711905,0.4701667595757643,0.9868169865263466
TEST_07225,3.5618295274005707,0.8210960844608588,0.7369464280179288
TEST_07226,3.3800750797351706,0.732553493571385,-0.10606920831307816
TEST_07227,4.434610141463327,-0.3524126083657518,-0.08677404621126558
TEST_07228,2.190376891944974,0.6417888767981373,0.12232084598642871
TEST_07229,2.916265833396578,-1.2601579220869665,-0.8544790015105457
TEST_07230,2.9160111309720125,0.18752786361037663,-0.6094475373727747
TEST_07231,1.9131274839431667,0.3175554232930065,-0.0668949020835245
TEST_07232,3.3586279326562654,-1.0798031306970244,1.5940342874776847
TEST_07233,2.7670641529944042,0.40920207516410023,0.9977586879787187
TEST_07234,1.968519392820526,0.38336390001583276,0.27669585204985453
TEST_07235,2.002110853184538,-0.717395646063723,0.37092428401590916
TEST_07236,2.827881397191154,-1.1410674572400594,-0.46976564185093805
TEST_07237,2.6601444033129207,0.43289830445348587,0.5264241624120348
TEST_07238,3.635475292858799,0.8329263509510765,-0.20857306542202225
TEST_07239,4.317437379852222,1.5569788819466546,-0.9092798288778154
TEST_07240,2.4989668213558915,-1.8454568991687872,-0.9767121202174925
TEST_07241,4.206550940851911,1.508265649417835,0.7419951535168239
TEST_07242,2.816823808057869,-1.03210383598697,-0.840680949514593
TEST_07243,3.9815585070391415,0.2911512711946315,0.2491212446493789
TEST_07244,3.234669278809077,0.05250772095511037,0.6206380885304016
TEST_07245,2.364674451049254,-0.046822156503036054,-0.73854771813694
TEST_07246,4.7003337438882795,0.4366355667442243,-0.927914551016728
TEST_07247,1.4636033912066992,-0.09929925430666225,-0.2422017000444964
TEST_07248,1.7867744706304278,0.6435136120662415,0.12133257842497581
TEST_07249,3.550071595443548,0.5437757094996415,0.13284800789590057
TEST_07250,1.8200775937640177,0.43331923177959225,-0.14648269974921274
TEST_07251,1.545453707354196,-0.05569771701342133,0.26727693909986305
TEST_07252,2.4756542499336485,-1.3293993564210074,-0.7301162561088602
TEST_07253,1.0791727942398415,0.0950337900292989,0.1334553092073636
TEST_07254,3.706494298451634,1.2293107047680116,-0.3853885565203635
TEST_07255,2.203649100556198,-0.9004484142200829,-0.058970265012566594
TEST_07256,3.2374698266129007,0.675322485542378,-0.5184549346264782
TEST_07257,3.847746253324038,0.825593983010465,2.0233536127966234
TEST_07258,4.096946135166428,0.5897907919300471,-0.3593933532763404
TEST_07259,1.1743571397682946,-0.192896965196437,-0.4606743640491472
TEST_07260,3.0430125360908202,0.601606759906765,0.5086016697588043
TEST_07261,2.8351140168775317,0.017495065935397115,0.28872837798189666
TEST_07262,1.8303319149640485,-0.13161605419681352,-0.3303940432277729
TEST_07263,3.08805205716195,-1.0503194303751773,0.5607613241485164
TEST_07264,2.714607356094343,0.04373129778813638,0.2655194306774387
TEST_07265,2.023321617357517,0.05315244796223393,-0.4480130191748319
TEST_07266,1.9090261928132148,-0.05528266352747826,-0.4397707971320077
TEST_07267,2.015664512596401,0.35786073853624556,-0.03127410353866773
TEST_07268,2.6699536433388533,0.7501234320179803,0.589916885359243
TEST_07269,4.808403469477071,0.25382481125436474,1.2237898816390447
TEST_07270,1.8022043150063336,-0.22221704321818866,-0.22311324843615327
TEST_07271,2.1279601726619366,-0.4195262579244233,-0.14658710151395807
TEST_07272,1.175199667913039,0.39525981870688576,-0.5095247224644129
TEST_07273,1.928536378854788,-0.4847267684893932,-0.44028690923324676
TEST_07274,3.6079373611267633,0.36192489612329914,-0.49855813002033056
TEST_07275,1.9553641720886463,-0.8562869355788851,0.33376841312891364
TEST_07276,1.3856124972419555,0.9099750924473508,0.45862199340112697
TEST_07277,2.1986165522524685,0.11869895931548376,0.666404192666247
TEST_07278,2.8537726363682205,0.8685528709755553,1.1069682284570905
TEST_07279,5.2799753491581845,-1.3988200768626788,-0.5295492730139518
TEST_07280,1.5312320162013462,0.3376282580803652,-0.005798676535350247
TEST_07281,4.856249279695782,-0.3622233213979465,0.545448696364847
TEST_07282,2.150141635782453,0.312181704467656,-0.6513945125846397
TEST_07283,1.0472683800524305,0.7075631225504552,-0.12206750060995601
TEST_07284,2.6384082338503116,-0.36171607016706814,0.0823251883296564
TEST_07285,1.7747884373501028,0.3498838090692709,0.1727318892403126
TEST_07286,2.0549694617319103,0.4538381771435975,-0.41329574662127844
TEST_07287,4.739908556304548,1.522313882187726,-0.895465580435588
TEST_07288,5.986142951668416,-0.9605159039029929,1.6835317755404686
TEST_07289,3.8331545078806233,0.30785121567818596,1.158801581140752
TEST_07290,2.0303239011043006,0.19214533081330676,0.42304099005661255
TEST_07291,3.91554754278138,0.38355009027841974,0.9585114231151123
TEST_07292,5.01445774233928,0.4071157352712181,-0.7685323173397508
TEST_07293,2.823816383101437,0.11798950760330346,0.1710651118084505
TEST_07294,1.7808356211870418,1.1487049597213483,0.34121270659881897
TEST_07295,2.713029922298398,0.39125287164127354,-0.3091942025048408
TEST_07296,2.549601233392565,0.5896677368804326,-0.6568811694953652
TEST_07297,3.6711157945672532,-0.337836818966173,0.3794559444057052
TEST_07298,5.776781792324425,1.5307292864659692,1.7825021824745024
TEST_07299,1.3704017981454253,-0.22479147194809254,-0.17730110052739917
TEST_07300,1.959613800470853,0.33235235167945093,0.5039289385649176
TEST_07301,1.094873720608904,-0.02930963927227898,0.3198584799277959
TEST_07302,1.5701263153166358,0.16036697187749824,-0.07736747304363405
TEST_07303,1.855309663558653,-0.1377605156733923,0.563462024742543
TEST_07304,1.1595706982325467,-0.2277097833718799,0.29859769130684016
TEST_07305,3.2342440428253423,-1.4225003486550625,1.9576601399708007
TEST_07306,2.003173745026722,0.27513165799578937,-0.17155133650338672
TEST_07307,3.052553501070949,-0.4432855151164683,-0.9351713996813372
TEST_07308,3.215411146318563,0.31071502947845125,-0.031186919390211697
TEST_07309,4.478964113567329,-1.2745472259520645,1.2949112360424748
TEST_07310,3.7840592525508745,0.3457525040693164,-0.5441802681800002
TEST_07311,2.1997653450635997,0.8202289853030439,-0.5361566439010935
TEST_07312,2.9169820229824164,-0.7903824967799338,-0.9068115003905972
TEST_07313,2.212811148842677,-0.4231524068289011,0.22671105299257724
TEST_07314,1.589886354314268,-0.3371876293412488,0.08940500135632928
TEST_07315,0.8898911341535701,0.13765464009588316,-0.1461413827885892
TEST_07316,2.1134446803583744,-0.61943013415808,0.04666815169219804
TEST_07317,1.9131019151199025,-0.6755403848580777,0.4076152897556296
TEST_07318,1.9698197336073358,-0.8036826991610043,-0.3064325561900938
TEST_07319,5.7077114568249465,0.5855440236770689,0.5296846108002332
TEST_07320,3.6623355047604695,-1.3245077163837562,-0.6522968783883234
TEST_07321,3.108067050211229,0.22588389876304052,-0.31057530918724185
TEST_07322,3.5410474763399438,-1.800373664681846,0.6911898663110744
TEST_07323,2.57029416722031,-0.9362105957548964,0.9518691103071728
TEST_07324,1.6896753615483604,0.09746373824866295,0.1447773017536705
TEST_07325,1.3538005168776404,0.33037919784212877,0.26646776348018647
TEST_07326,3.156190072725705,0.40575922433989015,0.6054119923740128
TEST_07327,2.395880162632912,1.2516537795567704,0.2588131661381404
TEST_07328,4.509850436879971,-0.16046009270729694,-0.9247989677991252
TEST_07329,4.109565126239849,0.032319156700866124,-0.3039412960408963
TEST_07330,1.36569753583157,0.12365089032747292,0.29664749846162186
TEST_07331,2.869840964570355,0.2876290474876652,0.2531408051829299
TEST_07332,2.6619214720773408,1.6243047855323804,-0.7976869919943564
TEST_07333,1.9675880020793821,-0.2709702866350736,0.3152896350195275
TEST_07334,2.3077602556987795,0.23793333115823484,0.8607729596008141
TEST_07335,3.621767852484768,0.795283225920636,0.39498604379860985
TEST_07336,2.127783407759021,-0.06179068242474342,-0.20477691325689004
TEST_07337,2.072629094770554,0.250171913161584,-0.24454536250230932
TEST_07338,1.7457702506821264,1.2957045493303543,0.3056972015177205
TEST_07339,3.154147249488068,-0.8230497866594976,1.007194040747471
TEST_07340,1.6647862624645633,0.247222033300341,-0.1619431426601671
TEST_07341,1.1229017988933707,-0.533297725304869,0.0859101964756241
TEST_07342,2.0122337874126983,-0.8430306172358872,-0.7617914771412001
TEST_07343,1.3466780479454232,0.07624553475084886,-0.35994980223401596
TEST_07344,3.2875679886419973,0.15417108841867658,0.09492767464667838
TEST_07345,3.1451900555936425,0.016538991420129507,0.016740723965777953
TEST_07346,1.6918940575694965,-0.7432757317788119,0.4132083485052642
TEST_07347,3.032546122201405,0.21718730746586098,0.913556882266592
TEST_07348,1.661159750117083,0.1794834179083259,0.12533764274051196
TEST_07349,2.462208110964114,-1.412569006642192,0.6111987995170676
TEST_07350,4.478342269625438,-0.21978387805756688,0.799618307751261
TEST_07351,1.5617886805428651,0.5456088133878874,0.24426156561426177
TEST_07352,1.195717893325935,-0.4763374404680953,-0.3666986098424983
TEST_07353,1.9877215477397208,-0.08996685388885325,0.3348353143949781
TEST_07354,3.009340340346027,-0.43504923120703365,0.0700907836848029
TEST_07355,1.7105826093201115,0.044094132113285035,0.13133701364049677
TEST_07356,1.9191146018630905,-0.3642011424903207,0.053593230157588836
TEST_07357,2.48648504559377,-0.49808061672572457,0.3575460965116317
TEST_07358,1.8924730366329685,0.18318752213726935,0.3435823572751034
TEST_07359,5.810754180849868,-0.9304837993245645,0.7832839292449251
TEST_07360,2.7197167671050617,1.2536602735362865,-0.15169702551531186
TEST_07361,2.365571268585217,1.436951206582867,-0.7232745431935625
TEST_07362,0.8552252198546957,0.5133173105702326,0.31985090934190963
TEST_07363,3.4557435399554572,0.7243414179687979,-0.0957508118645522
TEST_07364,2.354018631292308,-0.344810964992445,0.5046393215140171
TEST_07365,2.6606622680092973,-0.827864150341517,-0.4666129381085104
TEST_07366,4.429135632505637,-1.162971359711847,1.1079398775677691
TEST_07367,3.2284958957449517,-1.5130642909325842,0.09651258019768315
TEST_07368,1.968722390476343,-0.3441003732274254,-0.24842591827169383
TEST_07369,1.7066239568774462,-0.45987403229046697,-0.1711597597899857
TEST_07370,1.9886643226016802,0.2867223716014271,-0.054691271513763524
TEST_07371,2.3172291264027973,0.19103382648972936,0.18430806357437451
TEST_07372,3.5009639024844788,1.2862596211734076,-1.3058583798118018
TEST_07373,1.393300080376186,-0.5813901919616894,0.3622187658503929
TEST_07374,2.7522142393941924,1.490382181691956,-0.10003529297457027
TEST_07375,3.430700040109877,0.879555420494245,0.46459783117139397
TEST_07376,1.8429627413797542,-0.05317747282831986,-0.697317106802892
TEST_07377,1.4487907554541233,0.3711914410529727,0.8075271664124718
TEST_07378,1.2798920474879356,0.7195223492451827,-0.211461107168024
TEST_07379,4.324617752215275,1.5215965794498745,1.3678086338241604
TEST_07380,1.854317176733847,0.32641664397367137,-0.3062056880963391
TEST_07381,2.4088074353656723,0.2699468594000732,0.11493918586607625
TEST_07382,1.610603405728122,0.030944854485211552,0.11598066390419481
TEST_07383,2.041262885172272,0.5460903497895461,0.09023328469196885
TEST_07384,2.667546877145105,-0.32295653200763796,-0.8107983012450826
TEST_07385,3.37142327537952,-0.29566006982173315,0.2802681758263648
TEST_07386,2.6818537322749054,-0.1521221596259687,-0.9063997907514553
TEST_07387,2.2904307467073624,-0.0783238232733761,-0.6879476717420565
TEST_07388,1.9002335184632801,-0.019811527684160026,0.22851803422778993
TEST_07389,1.2909837666075057,-0.5907443141811851,-0.66963132011406
TEST_07390,3.89616363343624,0.8891473111578647,-0.7952954221023151
TEST_07391,2.1841061593840236,-0.6120273221992826,-0.25417587962584237
TEST_07392,2.235523278281767,0.3245194803384663,0.040569233996324415
TEST_07393,2.5255338409409402,0.00033114168910020276,-0.19484271118692947
TEST_07394,1.7333846769736827,-0.3633084980600419,-0.2629989941048533
TEST_07395,1.5312696937762473,0.4316099843488861,0.12674854351304238
TEST_07396,2.6772172334551523,1.1133109317528591,0.7240443377646442
TEST_07397,3.012577162598373,0.15871778442967618,0.5490858809320041
TEST_07398,3.5916931742302167,1.8021732406707982,0.5632016858813296
TEST_07399,5.485266621793605,-0.7617593495939795,0.7913086910658833
TEST_07400,4.2208932063671325,1.7451547102412617,0.9284493967279421
TEST_07401,1.3161580521465703,1.003736758878019,-0.194584246741989
TEST_07402,2.3728093166794855,1.148779395048879,-0.42809219560006745
TEST_07403,2.573693810299143,0.29063948294711545,0.9163068875277529
TEST_07404,1.1634188078358358,0.2541061474941272,-0.10288942395024527
TEST_07405,2.117447481957851,-0.08646322354070754,0.2876574092727881
TEST_07406,4.39104089011916,1.187655146163765,1.1893429770654542
TEST_07407,4.639066529925691,-0.9042795248464222,0.897978729290517
TEST_07408,5.641102517562677,0.9697184431692889,0.4075752023729522
TEST_07409,2.607815267794854,-0.1924653486741754,0.06743839082420652
TEST_07410,2.9427360592511946,-0.3043256919615108,-0.25491968393920483
TEST_07411,2.4280482099560525,-0.0716938715985959,0.5616176964255593
TEST_07412,2.8598677488110873,0.47959645896809405,-0.4188039094612003
TEST_07413,1.0644407476351592,0.2200565823752709,0.18403840694744591
TEST_07414,1.2176495854431308,-0.6876764993963198,-0.25288344335992596
TEST_07415,2.1703445019251957,-0.7017296308860221,-0.0808290671403595
TEST_07416,2.539438440810073,-1.1269402028874709,0.3349310145726723
TEST_07417,3.255189508363636,-0.30331526194240593,0.9899428327056131
TEST_07418,1.8804356835438858,1.1429923768603758,-0.9054985495616007
TEST_07419,3.4191687818758654,-1.5163723272279028,0.9622553818051285
TEST_07420,2.3646505261274737,-0.8977890141399869,-0.11850985006923684
TEST_07421,3.1111683407411883,-0.04551993535053914,0.13346317950858272
TEST_07422,1.480079399266772,-0.19993935339586313,0.09915243432328699
TEST_07423,1.3795989484301148,-0.002705888325288708,0.4727373483703394
TEST_07424,1.997315898844188,0.28293008651022794,0.8782261414184094
TEST_07425,4.198505262725491,0.018247873298741835,1.5100969147251595
TEST_07426,2.5377816230464347,-0.27784225182328925,-0.13244686520231333
TEST_07427,2.2492965561459894,-0.2485778310043588,0.06142990740152009
TEST_07428,2.9295844104427293,-0.05356234509753078,0.03917917816960222
TEST_07429,0.7864936890570408,0.23033541002532448,-0.014280984173788522
TEST_07430,2.6848745967127203,-0.5769074712288011,0.8872244092336186
TEST_07431,1.9093543195469442,-0.9585319847098439,0.021057292573612597
TEST_07432,2.0117620490846737,-0.151747053885231,-0.31718484099681893
TEST_07433,3.0920800730440168,-0.061499381819297004,0.5721860304185035
TEST_07434,2.0349767825736125,-0.6468157860237023,0.30051056150252375
TEST_07435,2.0242926312728518,0.13158520071797203,0.1126933652818646
TEST_07436,1.2607543751032049,0.25585952477979035,0.12701772342302184
TEST_07437,2.6455549563999354,0.5715208350974846,0.1618041684474632
TEST_07438,3.489929802095142,-1.7696739175030922,0.2293339062152494
TEST_07439,3.791041059286795,-0.2914845250616727,-0.7411682257565639
TEST_07440,2.43340652088913,-1.5526090525444334,-0.4291054812380334
TEST_07441,4.535554517570387,0.7924968597918025,-0.9819205613658551
TEST_07442,1.9478743327455503,-1.4737811537530128,0.6391037871204182
TEST_07443,3.4604593445396103,1.5179440536749211,-0.4236593350591081
TEST_07444,1.7985407419599442,-0.14251422977638967,0.5395684668630193
TEST_07445,1.3208084034781138,0.5171455431234715,0.3245301113686554
TEST_07446,4.122041267530004,0.7738464142137346,0.8451951383708067
TEST_07447,4.393851698448338,-0.7454994086477299,-0.0067609572205474784
TEST_07448,4.710533970000085,1.3388360830613255,1.0261547051066808
TEST_07449,4.112877253135451,0.25609370010461563,0.8605026777257012
TEST_07450,1.6895686771547012,0.027796975345237063,-0.32898289037685013
TEST_07451,4.315915937394958,-0.3519102743521574,-0.9115329545711808
TEST_07452,4.396938792673198,1.1801920528320249,1.3767411075541447
TEST_07453,3.0929124922757723,-0.41568644582470926,0.15879241929497448
TEST_07454,2.180998213175374,0.7738262136909019,0.18651249730221953
TEST_07455,3.0265484087165353,0.93049256363256,-0.03380050139669266
TEST_07456,2.8243729694235986,1.028752532890652,1.5968232876746804
TEST_07457,1.4575125734966539,-0.4555981482127615,-0.05207324688687943
TEST_07458,2.9811927080537255,-0.25034350560762136,-0.9492612669772534
TEST_07459,2.9110428890374527,0.40382454902490444,0.0497804153640116
TEST_07460,1.591951009576647,-0.3123867884194591,0.28222313035811497
TEST_07461,2.7683873040756675,-0.4707854249919143,-0.8808958697372359
TEST_07462,1.860860689131329,-0.49441369658068973,-0.3202242131762165
TEST_07463,2.3738840114987716,-0.5840926562697827,-0.08573301886230103
TEST_07464,2.0072944109099145,0.11157721286340591,-0.0019395535750571507
TEST_07465,1.3114485299667322,0.3167122147759089,-0.37296818657497105
TEST_07466,1.9568456306714783,-0.09852288862217007,0.38191455490229176
TEST_07467,3.408092567732239,0.49994042256868965,0.5182509145664967
TEST_07468,2.1195997481436892,0.09885479775108381,0.5462879630640184
TEST_07469,4.392843613353216,-0.1521163298675054,0.9944120239951888
TEST_07470,1.5027512896334525,-0.041542103981525205,0.4215614106547206
TEST_07471,1.6541559594014248,-0.7080602470164957,0.01334741115386641
TEST_07472,2.7443885831044788,-1.0201739294980865,-0.18068698948603798
TEST_07473,4.225534758972176,0.2674822428096307,-0.3889816544957119
TEST_07474,2.4817678382898287,0.2825460008050385,0.08512035629227044
TEST_07475,1.518454984011308,0.43674638869918364,-0.024476564395823804
TEST_07476,2.5152039811953353,0.7519951939605437,0.692192662745206
TEST_07477,3.0421696978338097,0.33230107019017685,-0.09443774759977307
TEST_07478,2.239216285279883,-1.179765769650771,-0.2111554923657669
TEST_07479,5.606662383454455,-0.27935536242980435,-0.2924058517372654
TEST_07480,4.2649515957945345,1.9184030649471118,-0.8919253831804285
TEST_07481,4.256084730674555,-1.2074964531770784,0.41024199726247107
TEST_07482,1.0157601211765104,0.028287394289803442,0.5204669318967975
TEST_07483,3.867804883261696,-0.3701565991788853,1.1367691786155107
TEST_07484,3.0251284216305194,0.049154728835678035,1.3753220388750478
TEST_07485,1.4217647838292993,0.14542993021642336,-0.4061344807212921
TEST_07486,3.4166165607782717,-0.4606794926932032,0.6600364170868585
TEST_07487,4.395436220505278,0.8410529746087511,0.5386447047833578
TEST_07488,4.258824884652461,-2.119846713978002,-0.17013216373435178
TEST_07489,3.6390078975733218,0.49216789957253554,0.8993923751126695
TEST_07490,1.3335023135470463,-0.541157706934851,-0.27212531385833855
TEST_07491,2.751513053577533,-0.6207545899858978,-0.9895508247767671
TEST_07492,4.619818630882315,0.18208461173704554,-0.5642738026444762
TEST_07493,2.124893555437584,0.12434521155553324,-0.15689010299819942
TEST_07494,1.6149636226879007,0.518479501858397,0.38822049680852555
TEST_07495,2.0099550640732597,-1.1347100465251676,-0.1307742040888242
TEST_07496,2.1588640999160167,-0.4101812480686676,1.0157991473148484
TEST_07497,3.9673291865981173,-0.4835068377885593,-0.38633262905886345
TEST_07498,3.8894938424357566,-1.353001272842722,0.01982248363131792
TEST_07499,2.2627702313535742,-0.019047528904814582,-0.1331196169323866
TEST_07500,1.3922808109596427,-0.43493799610952644,0.05722147911279804
TEST_07501,3.599985167476944,-0.5853658109171139,-0.8130747060065829
TEST_07502,1.2061533598052037,-0.39844392362729575,-0.35932347783856744
TEST_07503,1.5691329284365756,0.35292046058741783,-0.5035924279058551
TEST_07504,4.344400833744149,-0.0713243583336153,1.2255106002214828
TEST_07505,5.122389626312544,-0.47093131172937214,-0.18592863046963057
TEST_07506,2.092848129266476,-0.3671510739585713,-0.9644164525069909
TEST_07507,3.749407286429264,0.015633933044170076,-0.22004600692715828
TEST_07508,2.2369898774194983,-0.31056018571591215,0.32499962003939287
TEST_07509,4.024825130709762,-1.5834392967403896,1.0850814306811674
TEST_07510,2.463643722693747,-0.4680937307493792,-0.7642839086946099
TEST_07511,2.7623490814892655,-0.5678994350635601,-0.4226307174914839
TEST_07512,3.8042393777505685,0.8005093981526016,2.096234614059393
TEST_07513,2.4108548698809456,-0.8838639836622674,0.19387358958288078
TEST_07514,2.4647688097202547,0.2615109162455937,0.04626403828685862
TEST_07515,1.822618597125754,-0.07302093792861859,0.3186438602516178
TEST_07516,3.5666596433778808,-0.03767004884961238,-0.39364598571395043
TEST_07517,3.0111857836454194,-0.04801696642104489,0.7714766753397896
TEST_07518,2.697038658426014,1.374399918037417,-0.013601232663930526
TEST_07519,5.658416504711713,0.5384451570892302,0.061616780067958385
TEST_07520,4.155074802892052,0.1948468970283675,0.24090480067629896
TEST_07521,3.1700705570825884,2.0225781873956388,0.6340709183626988
TEST_07522,3.660748689611098,-0.027721717394516104,0.18775984506425278
TEST_07523,2.169369429580024,-1.139613869154129,0.36214614902059433
TEST_07524,1.9516623729783626,-0.46747763131037845,-0.5684595346034446
TEST_07525,2.032084498444793,-0.027587890003829628,-0.6492238350174542
TEST_07526,2.649862125026601,-0.7163097739868608,-0.4542555077162941
TEST_07527,4.085553942776353,0.5004247291518013,0.16690890276478465
TEST_07528,4.9437614031262465,0.9925018196358296,-0.8757672131061088
TEST_07529,3.12183088651349,0.20845535996586975,-0.1594483101035189
TEST_07530,2.620437850405895,0.40486436793485225,0.22462218180238647
TEST_07531,3.5102926151886575,-0.6585327187887574,-0.7754765251575022
TEST_07532,3.5747390868419733,-0.06080506415072113,1.5937596749137333
TEST_07533,1.0983083002196092,-0.15778860798067865,0.10037457875168183
TEST_07534,2.998779861065351,0.5792665886715387,0.01662312929151214
TEST_07535,1.7293265506791804,-0.9131349760251377,0.042565804654033944
TEST_07536,2.395292044971869,-1.006805267729005,0.9328432108120414
TEST_07537,2.2375391462141896,0.6575513862845122,0.054218904463465424
TEST_07538,3.983786115952924,1.2813299908050588,1.4419990859466867
TEST_07539,2.4508073672388404,0.23321485620726476,-0.7807391829350068
TEST_07540,2.702554187453564,-0.5471618140994376,0.24867553553532565
TEST_07541,2.7245137593074316,-0.0712668828878511,0.2945433292768246
TEST_07542,1.4955677766071485,-0.20085232812745388,0.2894744930118651
TEST_07543,1.6043835721033606,-0.8436935981415022,-0.0003234044884233402
TEST_07544,3.200127587827556,-0.14218795471927892,0.09518689199513833
TEST_07545,3.3013106551908593,-0.12991581052529508,1.0340865845116591
TEST_07546,2.6002140761963113,0.17513761931611768,0.005577472250673721
TEST_07547,2.9319867970003126,0.4886473760385609,-0.4984822201657169
TEST_07548,3.2407176251864227,0.07894878795598101,-0.13003339313384202
TEST_07549,4.151752565261093,-1.3293423654164331,0.284740156874408
TEST_07550,2.504753246910592,-1.3655098642917651,-0.49384501081266424
TEST_07551,1.256135903783903,-0.12436368581231937,0.009552913441112651
TEST_07552,3.38449570926619,1.6300158400198632,-0.4591569191417198
TEST_07553,3.619581715088299,-1.906276650208742,-1.0598330650822956
TEST_07554,1.8658352127246494,-0.47539369802759024,0.10766974781143385
TEST_07555,1.8317421520582209,-0.8675074750270066,-0.6675047746598316
TEST_07556,1.9838221145721011,-0.3554155969390272,0.2140629892345422
TEST_07557,2.645877893838,-0.8962758212494569,0.04858788438474256
TEST_07558,2.1884111871810297,-0.000675604043504965,-0.20654451161219442
TEST_07559,4.897062770895352,-0.38904028425035575,-0.109374213652457
TEST_07560,4.378216996184268,-0.9378608180628071,0.7807856306459896
TEST_07561,4.69521754908979,1.493778337898238,1.0351627831313497
TEST_07562,2.2926042407847262,-1.716350106487912,-0.7481151185020044
TEST_07563,3.88674994444148,0.9019955389283629,-1.3515667007068835
TEST_07564,2.4569953383001555,0.0612004211280001,0.9384656440660906
TEST_07565,1.2415874702426755,0.19305027213154358,0.014093618112439399
TEST_07566,4.84066223350332,0.5835624727549641,1.2100266462904092
TEST_07567,3.151611785415087,-0.2408459238988543,-0.6292458399823787
TEST_07568,1.4403737026714036,-0.8005280728614761,0.34145459184057053
TEST_07569,3.898149416471468,0.06980926600387312,-0.6896449688870718
TEST_07570,2.4396734903375816,-0.7283677319155979,-1.024751485165312
TEST_07571,3.276531777395072,-0.2889257073425198,0.40661562933355566
TEST_07572,3.5134746810596638,-0.864861303902371,-0.6490478160699492
TEST_07573,2.2757449722433662,0.08165548573289515,-0.15892494093439674
TEST_07574,2.170639499516074,1.0719067909868176,-0.31997081971018276
TEST_07575,3.917431326945265,0.7635378715410249,-0.22907042421868765
TEST_07576,1.6189134465659691,0.6793955443157039,0.4108458385766373
TEST_07577,3.7416001905162815,-0.7609739672086957,0.5826509800474478
TEST_07578,1.4088078387879686,1.4029517437658001,0.5329943222998113
TEST_07579,3.809846254537518,-0.09151014613426992,-0.7521356054513368
TEST_07580,3.276906855589199,-0.43460174184244826,0.8519734825076061
TEST_07581,0.9380641169764287,-0.2990747944455816,-0.061998620874687764
TEST_07582,1.3435923351897852,0.5917138954335822,-0.16746474720918203
TEST_07583,4.391437587621242,0.6236548056530173,0.9091346627362494
TEST_07584,0.923904169304744,0.3681997800729908,0.014895377532952541
TEST_07585,2.9256350479741866,1.2208590382612738,0.8925424024274565
TEST_07586,2.318115354187932,0.18526693034529,-0.4599819522708663
TEST_07587,1.464225106799351,0.061650521775202194,0.07435334603149105
TEST_07588,3.011682069864551,0.18472722289529728,-0.4074362108881527
TEST_07589,3.7227439055862286,-0.8593196157054929,1.0251498093217581
TEST_07590,3.00754333937903,0.9051153444410529,0.487654886997891
TEST_07591,1.5387259709485062,-0.965751310023999,-0.1727925355724228
TEST_07592,2.9942452135677686,1.4430834717713001,1.3677968242737322
TEST_07593,3.3457632582332733,-0.5423192072455618,0.8729841863469873
TEST_07594,2.2394236512585692,0.3494679527932397,-0.02514575130855953
TEST_07595,2.3185301569568737,0.5499872088820693,0.6453615004735355
TEST_07596,3.6133682871300645,-1.3489368863128575,-0.4705024491857834
TEST_07597,2.9800061106774893,-0.23062221897990848,0.5729048737394485
TEST_07598,2.9009058277468873,-1.164431866270774,-0.4814884175812755
TEST_07599,4.815320629569788,0.6920029307436767,0.21559946116788622
TEST_07600,1.9669897905706235,0.2478069741411626,0.08380323764788809
TEST_07601,2.8238679066355488,-0.5416464275262723,0.8770910894579124
TEST_07602,3.3271839123253346,-0.15043518478592113,0.43477295620902046
TEST_07603,2.809608950762918,-0.6020904462475146,-1.3247234395856942
TEST_07604,1.4106614532757582,0.15915264584621497,-0.17899070752770257
TEST_07605,2.3922503834132405,0.4906605415684879,-0.7254093630071737
TEST_07606,2.1362454893771665,0.1325084196522532,-0.318655875527668
TEST_07607,4.70228912193146,0.864315972177632,1.1975667884467298
TEST_07608,1.3883019431035828,0.7154965163463101,0.33784357368018186
TEST_07609,2.150470444225495,0.7104722891178674,0.13592349135089138
TEST_07610,3.204325173884615,-0.4751041642012658,0.6118066879094609
TEST_07611,1.3424692813095462,0.10332640833812537,0.21826573270088984
TEST_07612,3.208656311245095,0.9579237872447175,-1.1989860817652265
TEST_07613,1.4151871822399762,-0.39255782272596684,-0.04779850135978831
TEST_07614,3.6377376520617957,0.8952786173385247,0.3133524015607357
TEST_07615,1.49847795254771,0.15139547120956165,-0.01682188970971376
TEST_07616,1.7162059105083942,-0.5416907524350566,-0.6515940654967581
TEST_07617,3.0370673520033815,-0.5886759977120405,0.7951154849425695
TEST_07618,1.8642728984880828,-0.9433270280818657,-0.5398533049724208
TEST_07619,3.3978022525560254,-0.05185699096423658,-0.042518845718793774
TEST_07620,1.5594479847689247,-0.11146715933657149,0.383691047167172
TEST_07621,2.421565084538534,0.056833938167612535,0.1595529214319194
TEST_07622,2.079728566204614,-0.7726362676533814,0.7413218233315376
TEST_07623,2.371321187045861,0.2635323541471329,-0.5641904425026293
TEST_07624,3.2173388024638765,-0.06485539029673004,0.04111371255463511
TEST_07625,1.5934825225951676,0.856652788278408,-0.24704231799233867
TEST_07626,3.578767638957203,-0.6524980152935181,-1.1470812425565926
TEST_07627,2.1348438361884288,-0.42320632353651677,0.2899819147351912
TEST_07628,2.6043285497193187,-0.3906166907195843,0.053295811133642214
TEST_07629,4.527378189519362,-1.8661893890612156,1.7558992049756184
TEST_07630,4.371762168653225,0.44775082890871226,1.656103291600901
TEST_07631,1.62210489425107,-0.11940923543749049,-0.021606499637780916
TEST_07632,1.9682829807809525,-0.9114405903956186,-0.12889997746503223
TEST_07633,3.4262273759918425,1.4798582690946438,0.08238778878996332
TEST_07634,3.1296268058018133,0.5148553945464764,-0.13876149410348176
TEST_07635,1.302674432962219,-0.012291227226273302,0.4229059357354996
TEST_07636,4.700556218199473,-1.715853919122633,-0.39883933307189456
TEST_07637,1.6404709370578827,0.4589139916028931,0.1125180857417067
TEST_07638,1.5426338159041586,-0.4091461318219023,0.5653741364859269
TEST_07639,5.120874890112233,-0.9713949569665999,-0.2861445142982398
TEST_07640,1.3374698155154958,0.6593268616926171,-0.18940220708746816
TEST_07641,4.943425294949252,2.0560561833593116,0.7386451142996938
TEST_07642,2.5264878958161483,0.29518185160759486,-0.44390244082129654
TEST_07643,4.0811704063908065,-0.9934097465897497,-1.2920028537081596
TEST_07644,2.0451084406051288,0.18896266023680652,0.06166071595396416
TEST_07645,0.828608991081846,-0.25230953956123564,-0.12724355818213468
TEST_07646,4.684532661040516,1.1436994261921267,-0.5674524186730032
TEST_07647,4.695886567639346,1.3342046611631482,0.7526351356102614
TEST_07648,1.9170858241266746,-0.8450519019876064,0.12057818828089713
TEST_07649,4.5314472302426605,-0.4526074614470512,-0.5871995776546454
TEST_07650,0.84642944932708,-0.14473660401566843,-0.04207587224858604
TEST_07651,1.7525748648542496,0.37353489545507745,-0.2855908035284669
TEST_07652,3.3901211773182203,1.1383908719002445,0.6228917780217283
TEST_07653,1.705855195242548,-0.3922127253969169,-0.04252278394410685
TEST_07654,2.9674044952222607,0.1778316046478109,-0.6536697447001039
TEST_07655,3.2705178179548335,-0.1705945699188238,-0.44518612692868326
TEST_07656,1.4130802298041112,0.2232804974076275,0.41305181405109265
TEST_07657,2.4692122436163753,0.7303631572864727,0.3184337153238929
TEST_07658,3.7090112136867557,-0.45416140196674154,-0.29810348929430297
TEST_07659,3.2079546699336587,-1.4828568271151785,-1.264062399352309
TEST_07660,1.5881160030726462,-0.44878748416328546,0.25780402748637093
TEST_07661,2.9632123364806824,0.2912275337463816,0.9086701144412351
TEST_07662,1.944382317881314,-0.3695338322453897,0.6505932702809498
TEST_07663,1.2772891521180474,-0.20933296830171574,0.012904634648304622
TEST_07664,2.7277252616544336,0.27170760063658217,0.6402726910522026
TEST_07665,5.4408857346266,-0.41443741350218,-0.6011313901758474
TEST_07666,2.7343483925795264,-0.10088363948833386,-0.8373844781087905
TEST_07667,2.256144050106399,-0.220154658423696,0.796050870114829
TEST_07668,1.6124287409871454,-0.5280803833456812,0.2560570084690827
TEST_07669,2.2810168272455824,-0.3702800908387663,1.349333513543817
TEST_07670,4.518599154314467,0.6709800410420015,0.7930325625906347
TEST_07671,3.0389007293793675,0.4248867487537653,-0.14122760877458593
TEST_07672,1.8789361942310703,-0.9406847994418734,0.1500495144224207
TEST_07673,3.967434162953062,0.23260230686710212,0.8840008133025733
TEST_07674,2.777425925020127,0.3314028045372988,0.00491050720401366
TEST_07675,2.367321764498395,-1.0805445536541556,1.1028084952103008
TEST_07676,3.911571216079279,1.1229193852251846,0.6077079261037407
TEST_07677,2.452413906627327,-0.3167389946717352,0.3006515804869744
TEST_07678,1.7490113231380986,-0.9214259829502706,-0.9228752783466065
TEST_07679,3.2470564009254024,-1.0765656020469008,-1.0537166994872544
TEST_07680,1.9364187529275554,1.7139965052685993,-0.80314787879017
TEST_07681,2.7860907716132832,1.3648441912132474,-0.23211059128029224
TEST_07682,3.1005768586998546,0.8873471098221719,1.280601875587389
TEST_07683,2.270446565906795,1.314462571167851,0.3880013532054283
TEST_07684,2.789495364060123,0.1575786086276963,-0.005080593515516608
TEST_07685,2.7651605454546164,-0.6149661143646198,-0.7812818369661382
TEST_07686,1.4477273998768383,-0.3272434577246182,0.16287334900394046
TEST_07687,4.800340431663877,-0.6845190058110493,0.8597581455351019
TEST_07688,5.719897309060875,0.5765832665030997,-0.5525206592456866
TEST_07689,1.6955623380891662,0.368524411550344,0.0027854379917329713
TEST_07690,1.8758887781461921,0.16866256916830744,-0.09545825604235814
TEST_07691,1.5262783444771555,-0.3759696192836748,0.2849673512056042
TEST_07692,2.562854088658305,0.6708429023016946,0.3917164455149829
TEST_07693,2.023605635025094,0.16857149561272317,0.20552551291200788
TEST_07694,2.784746988521251,0.7391497077910887,0.8220244423867078
TEST_07695,3.420599681635357,0.49967848547552746,-0.19766859904618933
TEST_07696,1.611097048563508,-0.06823837974278216,-0.6068523132349211
TEST_07697,3.604343404521698,-1.1352709234019074,1.919433760856686
TEST_07698,5.684636091122915,1.2190422010047195,-0.058963023537984084
TEST_07699,4.439454022985025,-1.7260031682721926,0.1257893079353027
TEST_07700,0.9630114736333366,0.3470210052931818,0.11626259595963886
TEST_07701,3.4794245673069195,-0.09634350435575828,0.3650495775767026
TEST_07702,2.140004269381859,-0.4435552872515448,0.9327196082420204
TEST_07703,3.4903517655172296,-0.1787721653311407,0.2518594638878189
TEST_07704,3.557651359534037,-0.16847211270091642,0.4185738176641859
TEST_07705,1.1915577894027982,-0.11172613129908553,-0.15958626946321836
TEST_07706,3.0568182645510618,-0.3481071685005172,-0.8910343475188646
TEST_07707,2.1171157731212267,-0.03249546818932469,-0.5274685888542695
TEST_07708,3.226971292155229,-0.439772057259145,-0.14087150964910056
TEST_07709,1.3026751448282128,-0.3501793746737177,-0.4380175429510932
TEST_07710,1.2712475186980066,-0.30163415597337395,-0.11469657275109636
TEST_07711,2.082435552341078,-0.6364154728084059,-0.3699194549601301
TEST_07712,2.6718576339115616,1.5181694733623836,0.679849154804099
TEST_07713,3.2300214983185813,0.1327896770596192,0.2894523883141578
TEST_07714,3.2642929762216877,-0.21041250834201528,-0.33265828827516664
TEST_07715,1.1085537106008214,-0.24575277602873646,-0.11338237993675665
TEST_07716,3.64444165634568,0.16071466646617716,-0.583141132369031
TEST_07717,3.5834889952749336,0.8905086747124606,0.6429424132803718
TEST_07718,1.40836496340619,0.9326060420542881,0.5991959233614091
TEST_07719,5.216875013226099,0.5811471428592424,0.8517385696222799
TEST_07720,3.402962953582986,-0.3142402627236005,0.7442286426012035
TEST_07721,1.8222536276075092,0.4123162357714553,-0.3604711543707094
TEST_07722,3.6955921795969426,-0.08509623733654581,0.9714354920451271
TEST_07723,3.289541880560951,-0.21333726619081655,0.00134687449225955
TEST_07724,2.2425298060383785,-0.44399138886593487,0.6912976645489454
TEST_07725,0.992646404361854,0.27025519842807244,-0.048026232293061584
TEST_07726,2.596774346039869,-0.057051660020592455,-0.2754092830880079
TEST_07727,1.3561905533762626,0.8281737841918573,0.40445464092534733
TEST_07728,1.099393450627126,-0.49738449054361494,-0.20268736466924328
TEST_07729,2.4370584313310455,-0.26705592179933985,0.3116838349201274
TEST_07730,2.60738068796167,0.6670460193471648,0.7472729670766952
TEST_07731,2.8833494606081396,0.3846485744839253,0.7457644852780776
TEST_07732,0.8785697873460695,0.01974361114496104,0.0025736592840757116
TEST_07733,1.9655826514696666,-0.2084764926013399,0.11619437078917
TEST_07734,1.4462084344116213,0.644857351131744,0.6348201636254877
TEST_07735,2.7928316061984293,0.6681063215665928,-0.5717482318344341
TEST_07736,3.181929914833684,-1.1225549722354216,0.9102359997401754
TEST_07737,1.5551886865356888,0.7651853731330709,0.7397872092597656
TEST_07738,2.4595381524505937,-1.2240561430175558,-0.7863638472750174
TEST_07739,2.960005984262887,-0.12417439034261316,-0.7312511052480768
TEST_07740,3.0559897107830016,0.2813186266318402,0.15321718557426103
TEST_07741,1.9769393392377101,-0.3223309500003475,-0.041239415208827186
TEST_07742,1.4221734060241864,-0.6497767700591224,-0.5629857439825137
TEST_07743,3.826603497983401,0.5979889374202834,1.032438669011566
TEST_07744,4.052243787995908,-0.6534741452339743,0.5669707276978616
TEST_07745,2.069628013254135,1.4175633413941424,1.1312451051279788
TEST_07746,3.2627136499341725,-0.5106348231387432,-0.631001653083293
TEST_07747,3.4734801631387247,0.24906040943988556,-0.8115432650721123
TEST_07748,1.7560812565063253,-0.38507978898976125,0.056479408438490857
TEST_07749,2.9524446501579975,1.1141776397561736,-0.8433797107266021
TEST_07750,1.1385185684722743,-0.20649448124684877,0.22544242917468502
TEST_07751,2.7816766033397333,-0.5345082350834742,-0.7242065739085692
TEST_07752,3.290300292440073,0.46168180011138393,-0.41286172371822577
TEST_07753,3.427314969185699,0.9181401220638502,-0.9569642844478001
TEST_07754,1.4577852991184594,-0.1259345441725206,0.08424073201939924
TEST_07755,0.9613086732836083,0.12384572163170234,0.26442782629201667
TEST_07756,4.380993100648541,-0.2981506755940502,1.1007686626948905
TEST_07757,2.5082474531368564,0.884208860114974,-0.3080167122765436
TEST_07758,2.0221614023729715,-0.24961920596953485,0.500222187563078
TEST_07759,4.282872856321842,1.8459988178237126,1.2543902244304423
TEST_07760,4.627512917942941,-0.9309932630138373,0.41903181164468034
TEST_07761,2.7657574796648836,2.1681327514601305,-0.11140575418313642
TEST_07762,3.5363708805929837,-0.05259958473983112,-0.15664503085197168
TEST_07763,3.569805225029229,1.2964299992020796,-1.0472876647986982
TEST_07764,1.5466481568871076,-0.07219869642681097,0.03612527111449975
TEST_07765,1.3788199251780169,0.6525161580125463,-0.16261278674415058
TEST_07766,4.33342926420253,0.9253677349871247,0.30294582243679435
TEST_07767,2.3373034152811427,1.5078004321431462,-0.7529745616638754
TEST_07768,4.845931240372217,-1.6967237171389484,-0.5741845151866993
TEST_07769,2.992571393804291,0.3374003088876229,0.31433800361053943
TEST_07770,2.453683981336081,0.10237289851412508,-0.1472756771606359
TEST_07771,2.9474834338813336,0.2660254993311122,-0.43496875596324547
TEST_07772,1.5551962188969977,-1.0162824009123097,0.5774115669498294
TEST_07773,2.828136825022687,0.5655773302395015,0.062380414402659984
TEST_07774,1.0774637282717185,0.3577341603950824,0.26234138318172473
TEST_07775,3.0594203628144894,0.709628346810536,0.0031838050048155772
TEST_07776,3.022012760500114,0.6891620098143179,1.3609214648599701
TEST_07777,1.6886175482060306,0.8538617560223105,-0.30790120031477425
TEST_07778,3.45835292642566,-0.7989481538741104,0.7087886224309176
TEST_07779,3.5141100598759554,-0.7515360310639009,0.7069407499804524
TEST_07780,3.1637181312874745,-0.6790922204135359,-0.633292467261762
TEST_07781,3.688961543642038,-0.1207530824382797,-0.3345256344088332
TEST_07782,1.4788140042640312,0.17840721409533677,-0.0675318006360631
TEST_07783,3.169556475516099,-0.1258138950115564,0.12419653504504123
TEST_07784,4.13082706497204,-0.20473151828674524,-0.5742382218795719
TEST_07785,5.479638051946836,-1.6620035673728872,1.4764188102304598
TEST_07786,1.682552025275114,-0.37576454598195885,0.12704092165665842
TEST_07787,1.5341973695842215,0.003224275131148114,-0.2048414634425736
TEST_07788,1.5341489681853842,-0.6199356261935927,-0.13107031156829985
TEST_07789,1.949369864253357,0.241023247123638,-0.40746607258733375
TEST_07790,2.7986912987314474,1.5733931003381147,0.03255771320131013
TEST_07791,2.0028324847688292,0.538582374062991,0.18285768774236014
TEST_07792,3.0729112478067058,-0.7491003852500961,0.6526982170195547
TEST_07793,2.50217416897113,0.02470747034559518,-0.2760095643972298
TEST_07794,1.954341389230804,-0.1623531339767726,0.048833739986851595
TEST_07795,1.0006029945528936,0.47314550823856055,-0.3851203593663025
TEST_07796,1.5613304508340873,-0.18124566989652083,0.4217977986494337
TEST_07797,3.1753722857202358,0.44191008841662116,0.6844526772779773
TEST_07798,3.0430017887457033,0.4103870402111692,-0.17907328530581595
TEST_07799,3.3694029292638503,1.124288113588084,-1.4271352423565333
TEST_07800,4.914483326577041,-0.4957057893638854,-1.2433487095000908
TEST_07801,1.347733158191404,-0.04045929560284465,-0.0635774532719205
TEST_07802,0.9317706260266707,0.31623488941132755,0.10899010248526318
TEST_07803,2.2957907910625384,-0.24078191703307655,-0.7610637079761444
TEST_07804,2.933776853721712,0.18579798602114622,-0.6057549141041059
TEST_07805,2.328457336425499,-0.01245749645841079,0.008165068406474678
TEST_07806,1.167732864551888,-0.22305913203666508,0.24801771408429674
TEST_07807,4.233463814943873,0.4784922901264971,-0.8637879419797106
TEST_07808,0.7891588310238097,0.21584212385276327,-0.001385339159878869
TEST_07809,1.634009527487355,0.3332355566409203,0.10348395671833073
TEST_07810,3.0350220047086895,0.040371458652035716,0.14492030027496935
TEST_07811,1.7906495392632829,-0.14067687961264677,-0.23555901068835086
TEST_07812,4.572918744363032,0.9975732763629628,-0.3484987655763336
TEST_07813,2.24051855173622,0.06516218641204327,-0.05461991600371201
TEST_07814,2.653555728155084,0.6493431315323469,-0.08446907661197445
TEST_07815,1.2685685506447708,0.5022991282196987,-0.0939424694967665
TEST_07816,1.5971869937828156,0.936411217806568,0.07893371997148703
TEST_07817,3.2445021327058177,-0.6666579091668839,0.638081605854522
TEST_07818,4.0897534203468195,-1.191850809152521,-0.014094532035399001
TEST_07819,1.4429159161949956,0.5300814994165282,-0.19630817658737848
TEST_07820,1.6235966304000558,-0.1186388202370258,-0.30209576450373365
TEST_07821,1.4244904645518355,-0.10932740178437049,-0.35983775350895364
TEST_07822,1.5903513941466807,-0.2546628743897115,0.010385175187501611
TEST_07823,2.349746312301941,-0.16865046228519986,0.6010228293882837
TEST_07824,1.9960084939414637,0.38691968359103396,-0.47391763189032704
TEST_07825,2.6762284973714086,-0.734615672634339,0.009774555940232776
TEST_07826,3.1218236549253686,0.4411022362619076,-0.27025208024584474
TEST_07827,3.00797306727531,0.5017597031977674,0.10812511962006029
TEST_07828,2.7709580933019295,0.050390670161171915,0.00028485792042389196
TEST_07829,1.4827624412270555,-0.1197620624188134,-0.21076443954997437
TEST_07830,2.478176065026337,0.07971802660985253,0.887284104989696
TEST_07831,1.5230238437691463,1.2157992218000735,-0.032784041343730363
TEST_07832,1.0616577477943696,-0.24660387246848545,-0.0071686486253691555
TEST_07833,3.853974838973477,-1.0217982087657054,0.4480226946382559
TEST_07834,3.644887871243114,0.6323044688468398,1.2925308667027848
TEST_07835,1.9444336054368168,-0.06451221246332932,0.317244692748761
TEST_07836,3.132126473576327,-1.419143196746074,1.1316223843691617
TEST_07837,2.1910745463917536,0.20260517837975736,0.5958201442111533
TEST_07838,3.0407606229712743,0.7165816635735751,0.7652395406328493
TEST_07839,3.604399032048116,-0.21620888555891563,0.6090419466131294
TEST_07840,3.578570233240998,-0.2705951091020612,1.4287938381139638
TEST_07841,4.7673172353198865,2.1260423204991072,1.19581581637111
TEST_07842,1.425841836209937,-1.4710618959552126,-0.5842622421465556
TEST_07843,1.382346577074772,-0.1711771858540955,-0.7271454219735854
TEST_07844,1.5589187260698836,-0.711281257767819,0.2550979594362438
TEST_07845,1.6963189789348943,-0.4336705231359193,-0.348838851655824
TEST_07846,4.82781992241874,0.5987555804323749,0.7764424606696716
TEST_07847,3.610766286078995,0.27996649967118453,0.04607307475640897
TEST_07848,5.496879556724754,-2.2352565470300307,0.10395815224269973
TEST_07849,1.9245915086874346,0.6358062578487738,0.1897513056320578
TEST_07850,1.684964751784067,0.3708669266263784,-0.304342662533666
TEST_07851,1.3761922245195368,0.2983476139638641,0.18588278664630561
TEST_07852,2.057282814612217,0.754258238599654,-0.020458043432059474
TEST_07853,1.3660857005484703,0.1024541545680454,-0.1546125444121361
TEST_07854,2.4784664413130275,-1.277309344700454,0.5786353477415573
TEST_07855,3.3024566976399963,-0.6946285566703918,0.8777419406935371
TEST_07856,2.790963831393716,0.021427348493461215,0.5005176092408242
TEST_07857,2.3225997263407803,-0.006925509882880284,0.15128537257012892
TEST_07858,3.8092218451212565,-1.5829227579572989,0.7354767449019258
TEST_07859,2.7808796388174857,1.1587438165645763,-0.1521956037413007
TEST_07860,0.9033102977547083,-0.13340160431187606,0.4333090672385155
TEST_07861,1.196735822007358,0.5451700678084486,0.29102085122086013
TEST_07862,2.03864135944,0.7030441704911697,0.5742428021231513
TEST_07863,1.363653480882627,-0.3263867991967744,-0.07147502253133546
TEST_07864,3.2214684839612153,-0.24935502494741482,-0.17260255592829002
TEST_07865,1.0992525102564898,0.5680006937759333,0.5659570055438089
TEST_07866,1.4132436395554668,0.017883487892533967,-0.007992687408961589
TEST_07867,1.1071291923185387,0.11026477238577666,0.09059013218067395
TEST_07868,3.2272223436653107,-0.828596916092062,-0.4885949586870774
TEST_07869,0.9870216543328093,0.6152584846594007,-0.11932218414467168
TEST_07870,3.1069548469696056,-1.021919947928606,0.9143211463044113
TEST_07871,1.8905085045618615,-1.1931841881614123,0.08204304055405225
TEST_07872,1.7406907031968848,-0.3473149031111027,0.519152460227244
TEST_07873,3.7546086995127474,-0.6635799243338185,-0.16551948322774668
TEST_07874,3.0994269072516656,0.3428299557566745,-0.3546292638874729
TEST_07875,1.1023741199173196,-0.1832073136104773,0.05768587180257367
TEST_07876,3.0585634317140724,-1.4108371505240858,1.1775362321579033
TEST_07877,2.197035089479164,-0.5117947105073277,0.28480955915234124
TEST_07878,1.2377754442703843,0.012558883284994231,0.35489631381050185
TEST_07879,4.491151298400943,-0.8461811139447052,1.738703580635641
TEST_07880,4.366738782152678,1.4955021133744035,-1.0165498411803482
TEST_07881,2.725563692046594,-2.374268758823184,0.5804873579636473
TEST_07882,3.176391502226742,-0.35792476608591683,-0.007789566934631186
TEST_07883,2.6415681338362322,0.7509209647318925,-0.44362288769011843
TEST_07884,2.5233087618994356,0.5096532048850042,0.28877473117039987
TEST_07885,1.9798351371313478,-0.3391146967227434,-0.5242607859075739
TEST_07886,3.7482870839751117,-0.43127080902790177,-0.6666184369886726
TEST_07887,3.0902503037004823,0.23402903577121262,-0.31483333682001763
TEST_07888,2.0010608574001907,0.20733112660203823,0.7998883138456387
TEST_07889,2.914734828662088,-0.22574492051359876,-0.28912214637984707
TEST_07890,2.5945595161881108,-0.2784295338941018,0.4728884571101575
TEST_07891,3.768083809882819,-0.47413412217343937,-0.4119012850044399
TEST_07892,3.082601684362103,0.43318314330928587,1.2095973645608782
TEST_07893,2.9722524711575677,0.0827260559564574,0.026080645781551913
TEST_07894,2.752467994192014,1.4207037961864908,0.269880364554714
TEST_07895,1.901128477378212,0.6864373424239174,0.024663967182836307
TEST_07896,1.9725005668290867,0.10530011966545098,0.3982064607904445
TEST_07897,3.8619848169120394,0.38175862357707724,1.4928276026010883
TEST_07898,2.880090857852954,-0.9295358312904525,-1.0064808402398182
TEST_07899,1.8914998352387704,-0.5364848125560473,0.6416791002675829
TEST_07900,2.609514992246661,-0.21912042923868064,0.5330285508123068
TEST_07901,1.5419036687417598,-0.27802357701191016,-0.2035291638859849
TEST_07902,1.5479249674268185,0.004693008817516916,0.28496395299813726
TEST_07903,3.2847071990231904,0.5245148180500909,0.47592380738578877
TEST_07904,3.487711378547256,-0.23697115168682567,0.9199166589224412
TEST_07905,4.209902293073925,-0.9578610324152834,1.3524268373259354
TEST_07906,3.089000177356776,-0.12443482030358412,0.4823855322777065
TEST_07907,2.999985779418932,0.8693285949294298,-0.6964499382551144
TEST_07908,2.5980203928566388,-0.07289706911593088,-0.115311637868227
TEST_07909,3.593511509094226,1.2249042782227129,1.3697032157196924
TEST_07910,4.275653187232089,-0.10093546756226937,1.9334279291034608
TEST_07911,2.9907877395679767,0.24233864072988331,-0.03616020234496636
TEST_07912,1.1532763358122051,0.4738410295143271,-0.36373231227709335
TEST_07913,1.6023145033312598,-0.541390358718527,0.5695407623265536
TEST_07914,3.003496759011742,0.3748627270060535,-0.5930119569628575
TEST_07915,1.110404961527007,0.04864120409445441,-0.3041268551156914
TEST_07916,1.6600300758824744,0.7541326112514309,0.19152986729660548
TEST_07917,3.018176724675932,-1.6507844015810635,0.829235852191699
TEST_07918,2.4754553406547446,1.101428096853831,-0.8018054784474296
TEST_07919,3.6048273195688685,-0.2503748372541723,-1.41631809856738
TEST_07920,2.4877913222035355,0.8890017226216763,0.13145262139583824
TEST_07921,3.6524570637397615,0.5574448273922217,0.002664211094136893
TEST_07922,4.081095524232348,-0.10668847452304338,-0.49361079001077773
TEST_07923,4.274213504497872,-2.082122233857294,0.5941308144862814
TEST_07924,2.8407057269125553,0.4496744010896565,0.4735709554084687
TEST_07925,1.1860824204662577,-0.3137919065152317,0.15625369921211274
TEST_07926,4.661735528417229,-0.7380342261749254,0.40458267283036675
TEST_07927,2.1051218008197585,-0.8431523049810359,-0.08278994590191678
TEST_07928,3.3472721087340522,-2.150252130035697,-0.6002369358444132
TEST_07929,3.966053377569908,0.2541058284316152,-0.3040699942718046
TEST_07930,2.486890902452016,0.2642227595526218,-0.3291897608019998
TEST_07931,2.7033153576732274,0.22151876350461117,0.1620754017960804
TEST_07932,3.4767406969647694,-0.7641349361814268,-0.704346652855347
TEST_07933,0.8665396801459886,-0.20488915035237518,0.007182952018646797
TEST_07934,1.564757269816347,-0.29011352351353986,0.2569540356733291
TEST_07935,2.6609158325841307,-0.15133467679953755,0.08569273200341046
TEST_07936,1.7097920826007935,-0.8082412227698855,0.10203430558252703
TEST_07937,2.421818997952366,1.0582870985234687,1.2618832899417514
TEST_07938,3.189326332547803,1.5110681607966607,-0.1345363643381376
TEST_07939,2.567237012629237,0.465057458728137,0.6171987567951599
TEST_07940,2.0926575359340216,-0.7461113314558749,-0.4041885267462021
TEST_07941,2.0757472705078714,0.326446680851515,0.13698947182015092
TEST_07942,1.4052078607016156,-0.28648755609623955,-0.4503918290508533
TEST_07943,4.022017599884392,0.46871382393477373,-0.22427993583912015
TEST_07944,1.9448407499132945,0.4360343893521288,0.8802097778362679
TEST_07945,5.727824244542231,-0.2974967826763914,1.4259982913962654
TEST_07946,2.0340591547012785,0.1614014590117497,0.32480280405943657
TEST_07947,3.719221001715914,-0.8404402805456416,0.5975145643946833
TEST_07948,2.95460294259964,-1.05573132249372,-0.045455860768207124
TEST_07949,3.784258409285679,0.6767001202641796,0.18264488567145096
TEST_07950,4.960533654940664,-1.5802907648367426,-0.9320234808237275
TEST_07951,1.2175658766989401,-0.6327942653204468,-0.09463223116163856
TEST_07952,2.0470819013264934,0.8778547298597646,0.2510214507531074
TEST_07953,2.8895857785683736,1.5410979641511515,-0.6633376681194822
TEST_07954,3.146342704725128,0.1770081019735879,0.053685657424559864
TEST_07955,1.407116383560237,0.21726451357568757,0.24499790975271754
TEST_07956,3.182832203079959,-2.0186244531775945,0.33576626862950326
TEST_07957,1.7124725295979313,0.010742882437852442,0.15891367749031626
TEST_07958,3.495490383952648,0.0945400469179597,0.019364925912967106
TEST_07959,6.082131063791542,-0.6105858050904778,1.5810953776458694
TEST_07960,4.371534911904315,0.7267536907249648,0.9576205405221834
TEST_07961,3.097312831853408,1.7474903130875432,1.1379184243255702
TEST_07962,2.7431842803404,0.8452802412679815,-0.5572175463347713
TEST_07963,1.4153782222599192,-0.14283093853088877,-0.5633532056850239
TEST_07964,2.3943292304525383,0.49087838647348253,0.6202297699066088
TEST_07965,0.7596088244359066,-0.06026943538969714,-0.2855165241454942
TEST_07966,3.660611657327019,1.0659730266096743,-0.9180348463217926
TEST_07967,0.883944047537981,-0.45669015564714904,0.34182205690065753
TEST_07968,3.956744942946309,-0.6933573064286146,0.21290065038971834
TEST_07969,2.2216312960390265,0.1846452365262664,0.12301093352877497
TEST_07970,2.205172951315744,0.0067511419725330354,-0.3715366332132359
TEST_07971,4.531551055138691,0.25459479185950085,-0.48774227667802106
TEST_07972,3.1777581445415155,-1.6165970599073587,-0.5807252943545955
TEST_07973,2.9601326895182734,-0.5152924907005852,0.21981839964665503
TEST_07974,2.3909818068949584,0.3904161494288251,-0.6565191141338182
TEST_07975,3.0806673519135956,1.0688891289652311,0.8065709207080145
TEST_07976,2.648012717466971,-1.181697515933523,-0.01719752627148896
TEST_07977,4.087358601964839,0.4223293080214513,-0.34814631584479866
TEST_07978,4.631378279644343,-0.7291719404043051,-0.6234284630742893
TEST_07979,3.031597661788499,0.03475246310054833,0.4700583547089519
TEST_07980,2.2942265164850375,0.7407514776956329,0.4094137568340215
TEST_07981,1.4703726734662528,-0.006372909582125347,-0.5843670627769941
TEST_07982,1.9481679896541555,0.5449803017791688,0.675306761187932
TEST_07983,1.2692719912104689,-0.2015583278529528,-0.39998892925898266
TEST_07984,1.8785441545133714,-0.17970680219766325,-0.31132350691266614
TEST_07985,4.838566784295829,-0.9561057818481555,1.7693452563403098
TEST_07986,1.7897337016065473,0.24223554510662829,-0.6972802735243003
TEST_07987,4.436747538996131,0.9534115828361587,-0.02120193075315335
TEST_07988,2.274320877081145,0.5679477518124255,-0.337655905865075
TEST_07989,1.2618353286537196,-0.145694341918695,0.29907577974049715
TEST_07990,3.510584899887223,1.7253290711690212,0.5236644713236783
TEST_07991,1.0972401842757586,0.12598125472305113,0.023581242975281677
TEST_07992,3.3910910042290503,1.463768296012417,1.3907884055745587
TEST_07993,3.277401128934064,1.8883499979082745,0.2531983142671827
TEST_07994,3.451065810747285,-0.12788686595730972,0.5104961570955412
TEST_07995,1.5979612497790705,0.3766107680296995,-0.4805077705297274
TEST_07996,4.364863689576788,-0.15975054807771588,0.0741567358662946
TEST_07997,2.423764739832289,0.25251849457247216,0.550584518325704
TEST_07998,1.462273096958222,0.7517443629179216,0.43079222069352696
TEST_07999,5.0877270242438035,1.5832047959520312,2.077064998829473
TEST_08000,4.211596892823921,1.8314607057262084,-1.4109625199506004
TEST_08001,2.1138638352154224,-1.5901611569589589,0.5366178448418856
TEST_08002,3.9584522632795025,0.985753249082175,0.6335452454696763
TEST_08003,3.4516577241866795,-0.6769981609567115,0.09885886701455557
TEST_08004,1.641339535317605,0.23392122444997504,0.08537235961215316
TEST_08005,1.8347754494511679,-0.665627100796359,-0.5704638151843702
TEST_08006,4.902567753928271,0.1907035461494349,-0.1000282787457424
TEST_08007,2.794504487721534,1.4848031882598889,0.22382011010150984
TEST_08008,4.291277101850502,0.35000640376227277,0.6547005099112473
TEST_08009,3.4786916323743085,0.5726571290420825,0.46364155903120857
TEST_08010,2.104756058865931,-0.2495346376338658,-0.047505982388065617
TEST_08011,3.3478423911059227,0.0924866990917381,0.1982251162328996
TEST_08012,2.5156088425684895,1.532191690764863,-0.7713037373798497
TEST_08013,2.4571903398970014,0.5339899677737665,-0.34828142576888466
TEST_08014,2.596204045598513,0.2917089239312107,1.3921520612568088
TEST_08015,2.6786623888924863,-0.7384859751609525,0.2638180455947986
TEST_08016,1.7301645649143722,1.253894095997663,-0.05796100396803678
TEST_08017,3.180863918347584,-0.06205749427509918,0.6502636043201175
TEST_08018,3.4322532942880852,-0.8317119604036386,0.3423627648591069
TEST_08019,4.641722679874256,0.5440486567408319,0.06636058901451065
TEST_08020,1.9277744055211843,0.04318249763326365,0.35712451589327654
TEST_08021,2.524542590670545,0.34756385050600774,-0.370466923788936
TEST_08022,1.686880460561832,0.13727578633526283,0.05416702024996628
TEST_08023,2.468653259856942,0.12342245203245848,-0.5525203127282411
TEST_08024,3.0360664311762844,0.3654795351469543,0.7351853652025844
TEST_08025,3.670135896624911,-0.07843007570028866,0.10264895752778937
TEST_08026,2.210734319321824,-0.1759235347374665,-0.48302793232175983
TEST_08027,3.2633645409754797,-0.519391825625189,-0.5676613296203931
TEST_08028,2.8027845358527337,0.5147396039988932,0.25126106605134024
TEST_08029,2.850536148200957,-1.263852962236612,0.7055266309183252
TEST_08030,1.959473162491822,0.04343213249023991,0.7885220577980372
TEST_08031,2.9915753945759347,1.000368596648209,-0.6193636509748733
TEST_08032,1.8667761356183363,-0.6733812066262292,-0.4012618678114241
TEST_08033,3.006138723051235,-1.071975821831142,0.6403999282522055
TEST_08034,2.0469437461236253,0.37560283941326317,0.2906392089372616
TEST_08035,1.9424455683895352,-0.2049092288089366,-0.23401304080480698
TEST_08036,1.442986384350275,0.46184407058118415,0.5097061653167614
TEST_08037,2.078615717442553,-0.2548946189490957,0.5510575036110393
TEST_08038,1.9751535396294329,-1.0919163357153356,0.5877726828960409
TEST_08039,4.5685184960770195,0.3163879830596651,1.7312592483727665
TEST_08040,2.5922548854357323,-0.11067856581483586,0.2689434357552081
TEST_08041,1.9198684566323854,-0.7480914481302553,0.17344307217387211
TEST_08042,1.6795310058923492,-0.14636997224989393,0.003033337868034987
TEST_08043,1.7678616122007575,0.9030407158460559,-0.856865166671891
TEST_08044,2.972165221961042,-0.49247965635458635,0.9540481829872905
TEST_08045,1.022322299039252,-0.028929257161462385,0.12338322272413954
TEST_08046,1.991440536882401,-0.016024329304250483,0.07633750034931801
TEST_08047,1.6226626569065508,-0.2664056006738528,-0.10794029985225424
TEST_08048,4.69299478797808,-1.0065795167728588,1.2320649982753151
TEST_08049,1.7935575466051028,-0.10105736988779936,-0.2581243932754509
TEST_08050,2.1357553667267797,0.2337156371144405,0.004931060286897446
TEST_08051,1.4217504537958336,0.6662528265686094,-0.1316982624360226
TEST_08052,3.510988942267182,-0.16612859594654428,-0.3782956010548665
TEST_08053,2.0921839059394083,0.6195586904436526,-0.3241657791623386
TEST_08054,1.2630103131998618,-0.35537392786109884,0.09727458007088463
TEST_08055,1.196122923657988,-0.035396537725677205,0.025603030631035438
TEST_08056,3.136481962552243,0.39176923218136694,0.3183169150846496
TEST_08057,1.0849615295591488,0.2773146813618404,0.5031957566074009
TEST_08058,1.872003900021378,-0.664746347729153,0.6956480679635489
TEST_08059,1.8223731266648349,0.2894694933516636,-0.23885892632481373
TEST_08060,1.4748272117338033,-0.17493530917147196,-0.422406200589304
TEST_08061,3.1165637071166636,0.3024804833944477,0.008675963906910552
TEST_08062,1.8022000088453423,-0.028785666208693182,-0.008760870153551642
TEST_08063,3.7469002214487888,0.2166331802388908,0.27727501254000697
TEST_08064,3.215611271069992,-0.09379065442431929,0.12945028905684278
TEST_08065,4.341967869397811,-0.060187124688493895,-0.479408372149566
TEST_08066,2.3174687708495356,-0.28075349959343543,-0.7945301166455142
TEST_08067,2.717631691654743,0.11848701714905545,-1.01935027647769
TEST_08068,2.4970690971516967,-0.7877739262338541,-0.12047789044960466
TEST_08069,3.89485068266951,-1.1274554596035968,-0.584319838512273
TEST_08070,3.7733531319641713,-0.9539181417352004,0.9395589859877034
TEST_08071,1.5325551894063196,0.06740073663630683,-0.11590207111779131
TEST_08072,2.6919110914571207,0.5456917018676408,0.15308365774266972
TEST_08073,4.122459777157264,0.19593503783213528,-0.9718688511004632
TEST_08074,2.562970442466076,-0.4017573516084168,0.38879537231207195
TEST_08075,1.1041030540771821,0.1275879227269333,0.1429925904889402
TEST_08076,4.671757222773045,-0.9080796104110471,-0.2668808474479009
TEST_08077,1.5154314101803192,-0.8304755676547328,-0.5347583797477006
TEST_08078,2.7010368856440987,-1.334638001564112,-0.10456743117037172
TEST_08079,5.742727949552663,0.793738192605634,0.12166065360480063
TEST_08080,2.2140921757063197,-1.6419263078352753,-0.33089274061948476
TEST_08081,4.817724304315196,2.2450920082201975,0.9287670132655713
TEST_08082,4.550103448891899,-1.494267338126574,-0.672772073864221
TEST_08083,3.194141974007678,-0.75235613002849,-0.8973787193745021
TEST_08084,3.4045014097537196,1.2079176747386917,1.7106752952553574
TEST_08085,2.203641929062216,0.81764719098108,0.040963556531786294
TEST_08086,4.628328935700332,0.09515200500867477,0.7265909654917134
TEST_08087,1.1785043267324664,-0.19880299839270718,0.3363721244840792
TEST_08088,3.4716502399050526,-0.9117309333852843,0.2242192904963377
TEST_08089,1.8104692368720396,0.10593034414177287,0.20133075932610553
TEST_08090,1.5219206173634465,-0.4130114288323359,-0.16513071589198391
TEST_08091,2.9537824326943083,0.2549217706431454,-0.09137228425703668
TEST_08092,3.5190291929209616,-1.2343773980146187,1.494924464440773
TEST_08093,2.043224336475997,0.4287527869393354,-0.08799316493330998
TEST_08094,3.4479873884848224,-0.08140327937112453,-0.30206102421612785
TEST_08095,1.5094616260264393,0.4572293556271169,-0.04642588518099651
TEST_08096,3.5220169112264204,-0.4123125031391722,0.670312848870283
TEST_08097,3.194999397027074,-0.18003149744816244,1.9072942278760558
TEST_08098,4.575763048358639,0.8590921786727241,-0.688343924048789
TEST_08099,1.3757522387134058,-0.2633034331329792,-0.12506487273428948
TEST_08100,2.482658632100556,0.4830226301081825,0.21135046663959142
TEST_08101,1.7807246120909452,-0.15948811525417125,0.36811453127118887
TEST_08102,1.5243685775465095,-0.02007981279500444,-0.015438932497829103
TEST_08103,4.4714225046849,0.2437799652580298,0.633644807813029
TEST_08104,4.237887923394232,-0.3813717405033578,-0.2347127714618561
TEST_08105,2.14111329719019,-1.5316441493408348,-0.6077631664954662
TEST_08106,3.1044250133533486,0.3799924923934479,-1.1550138418741882
TEST_08107,2.8844699836875987,-0.14688435648509132,0.1899073958524323
TEST_08108,3.365714259725449,1.3809544963883398,-0.2386060448305878
TEST_08109,1.0654766749954048,0.17486112661796516,0.03578575156321655
TEST_08110,4.837772868975954,-1.3866374799099697,0.0025562094635878554
TEST_08111,1.8522282338806397,-0.9783491962338162,-0.19629911211769574
TEST_08112,3.1129430767022086,-0.24904956614504417,0.3241259488465849
TEST_08113,2.135054724738805,-0.26675146225468227,-0.6176323613592878
TEST_08114,2.020251967130804,-0.10937767925302065,-0.04699778102413716
TEST_08115,1.06029944287196,0.5687520553162492,0.5155879259606239
TEST_08116,2.30856317933081,0.9638477789729232,-0.8338527223594706
TEST_08117,1.6659476753192517,0.5947827388375089,0.32448575097684995
TEST_08118,3.7963853200484476,-0.9803393115790298,-0.8943407776184056
TEST_08119,3.7618084853939346,-1.772538644772763,-0.9102282074795872
TEST_08120,3.6249008068301123,1.8032630699884902,1.209428258625133
TEST_08121,3.1261456210427805,-1.4875933083726312,-0.8275106184813176
TEST_08122,4.132883646704766,-0.5825219963636044,-0.3222417927846739
TEST_08123,2.2624090476047685,1.3285846665843297,-0.48236276267822403
TEST_08124,3.023276865972594,-0.13601638164054802,0.33118268602640394
TEST_08125,2.3522855488877514,0.5160112926494572,-0.40738113425143924
TEST_08126,1.0310724785729484,0.0003663943181351636,0.31282399745589096
TEST_08127,2.2846725089654356,-0.014639566137703036,0.6902653943984733
TEST_08128,5.122373782728905,1.309266039712597,0.4709338554303322
TEST_08129,2.911265913305123,-0.3409736934256542,0.4129377559196731
TEST_08130,1.563338292887783,-0.7289715700947627,0.26799227307793194
TEST_08131,1.2926796224313037,0.24395067573880738,0.36500715773616593
TEST_08132,4.60744561137867,-0.9045317544637589,0.6619066072177046
TEST_08133,2.4742247952255765,-0.042416319301324765,0.23318273889671795
TEST_08134,3.4001881411035537,1.0364159318320296,0.14983897583770053
TEST_08135,2.214118293336049,0.1250503018719274,0.16916434681914755
TEST_08136,3.1040894339529945,-0.4862172034571807,1.3469605622886631
TEST_08137,3.5900699512341085,-1.2706979907780447,0.18302913671044488
TEST_08138,1.6829495559993608,1.8082931308964418,0.7964269061033302
TEST_08139,4.1748056106017435,0.423252765758814,-0.1366734348602468
TEST_08140,2.161266291231296,-0.19314272766402843,-0.0011835172821834784
TEST_08141,2.19497337685638,-0.4259976772253858,-0.2975655424970394
TEST_08142,2.160990849059024,0.5795349785291328,-0.5952822516003112
TEST_08143,3.8901476837167723,0.27750885659105956,-0.18383966694139697
TEST_08144,3.116833424903163,-0.347071396395027,-0.3843013968125474
TEST_08145,2.3285059930961407,0.049980874242777584,0.01980512434896755
TEST_08146,1.648615160005582,0.6089097611103673,0.11932755245931355
TEST_08147,3.219618005745469,0.15407387427588787,-0.43245702804742664
TEST_08148,2.4519795257828183,0.6011795252735175,0.33034087069523066
TEST_08149,1.46264441438199,0.7905567812462122,-0.6083440204361649
TEST_08150,4.7857935648373875,-0.02197954264946741,0.7883542526783264
TEST_08151,2.864672243981213,-0.5331615728548151,0.6406547741489274
TEST_08152,3.319526237209234,1.1932852325352052,-0.4587121772829096
TEST_08153,3.5767771188099857,-0.575175222630875,0.057159554984298366
TEST_08154,2.687249477479264,0.016263760311612325,0.6510010183133761
TEST_08155,1.8979766810544108,0.7261129696558873,0.8136801702853784
TEST_08156,3.0189038161235846,-1.172822415906633,1.2424181603817803
TEST_08157,1.577595132657614,-0.4467085301378857,0.2467890486546365
TEST_08158,1.3210035668391293,0.7820060695234888,0.19387386075027804
TEST_08159,4.905875258781755,0.32906014202997425,-0.969955668543397
TEST_08160,3.4218000700727003,-0.459400062321554,0.031201842815790398
TEST_08161,4.10375705752976,1.0091992156557077,-0.007743156963542129
TEST_08162,3.008372030302275,-0.5432480316710406,1.3958392611158263
TEST_08163,1.6187705683687008,0.008077920213394573,-0.1529086891247657
TEST_08164,2.0617960685952,-0.4274260963799811,0.0248189825597668
TEST_08165,2.569828259888192,1.0004560474952768,0.8257917559404001
TEST_08166,2.53182679109504,1.0152433159573597,-0.5642964704080012
TEST_08167,2.5430642291920678,0.7243812565308585,0.07019751605058167
TEST_08168,5.722177304892243,-0.39437887042472625,1.096694068318565
TEST_08169,2.8072213848738263,0.39365704245542066,0.04887904505994704
TEST_08170,2.1348441479799027,-0.14229113189076337,-0.0458832922914829
TEST_08171,1.249998646831839,-0.17220184049613954,0.14247099825377518
TEST_08172,3.757792036305067,-0.042683946059968336,1.1321457172781637
TEST_08173,2.4022565557375115,0.22518545362037154,0.2909914524522226
TEST_08174,2.5008874651022936,0.2683487680667637,0.34195122171254294
TEST_08175,2.7687419411863505,-0.9268602553558452,-0.6091380341669689
TEST_08176,1.1831412052693577,0.5027254024199819,-0.29030262267975926
TEST_08177,3.9770470528043016,0.3613087803107835,-0.46155063457925927
TEST_08178,1.8498332057597944,0.7335295354494656,0.7355275640570799
TEST_08179,3.348166261180347,0.03040006590649462,0.25560403451720776
TEST_08180,2.435390348282437,0.747035713256666,-0.42032241803023496
TEST_08181,1.3544237445482241,-0.0011340634650738258,-0.2045207110568136
TEST_08182,2.086833956472471,0.5056969938593604,-0.051164891571930354
TEST_08183,4.4039809161232695,0.0065958934870336975,0.35017948056243225
TEST_08184,3.78105161198614,-0.3956524782606635,-0.7481766150176
TEST_08185,1.2067518196356792,-0.5992197502482064,0.4165521038335693
TEST_08186,2.1928130285967216,-0.2529667790510821,-0.4233460019855769
TEST_08187,3.82504023456273,-0.16688002898694324,0.41167914341392664
TEST_08188,2.867014655021462,-0.6486270610338968,0.7068599176979657
TEST_08189,3.7136447307446896,-0.1342182192170439,0.0660430954837151
TEST_08190,1.782951433247155,1.0699087704416788,-0.5192662418391432
TEST_08191,1.7878014213844782,-0.3922416865201338,0.15646265909837923
TEST_08192,1.6555702519127906,0.7298048999647839,0.4537709264846445
TEST_08193,2.7445816553023183,-0.1966642322018646,0.685410734321492
TEST_08194,2.901130122026071,0.6061747650931953,-0.7256376049380787
TEST_08195,1.2028436928585764,-0.03961543848429536,-0.009004421092070277
TEST_08196,2.9985801563258074,0.7215395315310955,0.6322523463887256
TEST_08197,3.5694801287897664,-1.9262716893638892,-0.4584275429771492
TEST_08198,2.600331448529972,1.2921373541206995,-0.7651365019478873
TEST_08199,4.342673112897265,-1.3626615262343122,0.8307250938258616
TEST_08200,3.713973023833722,-0.13275400231997217,0.04320818716260588
TEST_08201,2.655070270021051,1.7304731501721118,-0.3959924487583107
TEST_08202,2.0212887640136428,0.007999095233124948,0.8981875438947636
TEST_08203,3.961760683488589,0.6927469056199677,-0.5979834332998377
TEST_08204,3.187769230934175,1.4143340557083313,0.6808724372095537
TEST_08205,1.1093213544961782,0.06096142977128946,0.2303038581667338
TEST_08206,2.600780665128082,-0.6077280470477506,0.4233595455710286
TEST_08207,2.562035756908589,0.960301714789677,0.017750481748876765
TEST_08208,1.9361254373291434,1.2734137730187838,0.9759792785797868
TEST_08209,3.407916056958224,0.4411222241266604,0.6405163466427382
TEST_08210,1.909773889935658,0.3931534838317087,0.15381137051988747
TEST_08211,1.6402030256762823,0.21790020621588452,0.31086179337440917
TEST_08212,4.57810095290399,0.3023415226381256,-0.9288974280121094
TEST_08213,1.045730358739634,-0.1930900730504766,0.14660450481475978
TEST_08214,2.9907415035319747,1.2074760688988064,-0.2634253921523297
TEST_08215,1.9742161970384822,0.5919091429993159,0.1694515403523477
TEST_08216,0.900371616495557,-0.5575916678046309,-0.2123302383267731
TEST_08217,2.1189441729873533,0.23490473506267381,0.7013193582090481
TEST_08218,4.524814186410055,-0.39354958406460994,0.4702043183006103
TEST_08219,3.0239472892435777,0.48235543223445976,0.9960419980132136
TEST_08220,2.5938786340230227,-0.046288668377321776,-0.0074483948469024645
TEST_08221,3.253027256299903,-0.0951599773109158,-0.0656277659887413
TEST_08222,2.251953418302323,0.352291725170268,0.08702308270687527
TEST_08223,4.393841988845193,-0.6486955446374048,0.6366052749656291
TEST_08224,3.115482735548788,0.3134130152266423,0.4276589521720405
TEST_08225,4.712719288387063,-1.3565389836537098,0.910705057515505
TEST_08226,1.4936917309308515,0.06782947017077645,-0.4662090508359639
TEST_08227,2.0791033704254662,-0.3797354458114518,0.008601033875577757
TEST_08228,3.0203276199323783,0.10897616378624118,0.18145390536503025
TEST_08229,3.914991615630431,0.18038054637105097,0.7406352611274148
TEST_08230,1.1351396082499452,0.6217667825165061,-0.05055946926115575
TEST_08231,2.363700799036552,0.07561425209355974,-0.11059206528315783
TEST_08232,2.9890645270079594,-0.4668744894318917,0.8420421516744755
TEST_08233,3.8160587307971268,-0.9554146939995821,1.7766648621200438
TEST_08234,1.365962163573492,-0.117621137668596,-0.24837134488609702
TEST_08235,2.0808138932806206,-0.2855852294602407,0.5503852855905418
TEST_08236,3.812116921727916,0.65058819681588,0.8290559582497388
TEST_08237,2.66095180626635,-0.6324214935664252,0.6665231175819086
TEST_08238,1.402127919750465,0.6449364917615336,0.6304805606675868
TEST_08239,3.3661923687957738,-0.46858336847193954,-1.1094652903114517
TEST_08240,4.0170647234421,2.3484666811454136,-1.276557914504425
TEST_08241,5.375586744023562,2.1839332190343033,0.7342557042149938
TEST_08242,2.82456903517097,1.1475696598318295,-0.6516496750980455
TEST_08243,1.7121687985013199,-0.8407406620440566,0.3438790167229271
TEST_08244,1.9418142620472456,-0.6578745708959866,0.4009311253567751
TEST_08245,1.6443981790131261,0.2008748360883177,0.39378286063958706
TEST_08246,3.0243197744695354,0.6966567436583476,0.13230025988236055
TEST_08247,1.5174062682520335,-0.5267189910307614,-0.35979048981055567
TEST_08248,4.8193905278848925,1.8419893523410469,-0.4689645277153406
TEST_08249,4.11650539767813,0.4191956481703554,-0.9160508949651471
TEST_08250,0.9808119796080768,0.2468409397071854,0.021647898301188295
TEST_08251,3.359790807105927,0.33767458388558386,-0.3867797018998929
TEST_08252,3.474883126778615,1.3632783457776565,1.5512828646953505
TEST_08253,2.673849017963973,-0.18178110238576445,0.006517105953468468
TEST_08254,1.5616198426196624,-0.7053520900476029,0.7481615164607843
TEST_08255,2.7319983777367702,0.09074373091436001,0.21243826654490308
TEST_08256,1.214991567864577,-0.3131448442417124,0.027588121109869624
TEST_08257,3.1441889661720315,1.7354468839177242,-0.4264712745288556
TEST_08258,1.4443592150814775,0.6860783071155967,0.19731385611409313
TEST_08259,2.5378188436247777,-0.9929005464339884,0.5573175121439121
TEST_08260,1.2036468971689323,0.015635334664157067,0.3041825611030102
TEST_08261,1.7837171199047699,-0.1537270785673265,-0.08327369826838557
TEST_08262,2.2579501991028823,-0.29100740461644753,-0.13413079590652655
TEST_08263,1.0027954117491522,0.3391971867579294,0.3449763111556895
TEST_08264,2.6515100666167672,0.09739263378308352,0.009481177641442403
TEST_08265,5.517806099176533,1.4253288869206622,0.46058356929108296
TEST_08266,1.585152724655005,-0.11754881222351724,0.33964302715024564
TEST_08267,3.250644148023102,-0.4513300611870674,0.1457535550594849
TEST_08268,2.3356071382223145,1.077388182656699,0.27835004771533045
TEST_08269,3.568845962683887,-0.3302672997350034,0.0787238924419351
TEST_08270,3.860028031660454,-0.22896522773798572,1.7489478466077415
TEST_08271,2.6691025189811186,-0.9547755682566621,-0.01641226223121921
TEST_08272,1.6031189747534433,-0.4143550056782665,-0.48790353243880064
TEST_08273,2.8619323279768127,-0.7095141910138802,0.5920306436795655
TEST_08274,2.2292371147039316,-0.500311314526246,0.6334844970382122
TEST_08275,0.7360519373110516,0.37709826908066596,-0.1339371335629908
TEST_08276,1.181783246065219,-0.4600788824350779,-0.2674507439434025
TEST_08277,1.2906179367345623,0.3845546857875501,0.1315407169025455
TEST_08278,2.761829756710589,1.5540802516855041,0.38869726643681113
TEST_08279,5.113842660323392,-1.282402995225469,0.850293200587544
TEST_08280,3.2234510073725087,1.3157374498600847,0.08721208899760075
TEST_08281,2.7203803830644255,0.28112210790866055,0.012325073851665175
TEST_08282,2.1557392577920567,0.43078469545931225,1.4832688955967612
TEST_08283,3.568551114942064,-0.19485361513536031,0.9957086169070285
TEST_08284,1.9223379306582085,0.11808264106043442,-0.16616160670355803
TEST_08285,1.6708429905515354,0.29450281519462096,-0.18856709072596586
TEST_08286,4.979708788597089,-0.5470139714990329,-0.12773182160780255
TEST_08287,4.796587957826759,0.9307310259954689,0.6429899808377858
TEST_08288,4.743873708586475,1.4874713485306903,-0.7749892211360389
TEST_08289,3.4426278010118465,0.22856880107969288,0.1815770884253117
TEST_08290,1.6635219316017096,-0.5537987244218712,-0.10185865826276622
TEST_08291,0.9777133378443109,0.19342624643423112,-0.1828653404831113
TEST_08292,2.350767881857085,1.2621668275442506,-0.06815434727926246
TEST_08293,1.3859247165347373,0.40915627445883135,0.022378079194312884
TEST_08294,3.4558411772919215,-1.2015771791307404,1.979830300032994
TEST_08295,1.5680272126436428,0.5402788815076222,0.4101875116351685
TEST_08296,2.926023761729087,0.7798185672189072,1.5698388392904754
TEST_08297,1.856991407746502,0.6937320966795253,-0.6057141488604224
TEST_08298,3.886766754790187,0.9602943305971174,0.27372007416160277
TEST_08299,4.050936776227241,1.2249048774960576,0.9307113165845227
TEST_08300,2.653080824973126,-0.15896858183209692,-0.4640208372857853
TEST_08301,2.6359581493578688,-0.41279096877226285,-0.11698089901157108
TEST_08302,1.4002456036926954,0.24604209786655645,0.2853056960214795
TEST_08303,1.4176371013821027,-0.7588909826753997,-0.019603957272945487
TEST_08304,3.9333454118794564,0.20353493153314922,0.46423163192902217
TEST_08305,1.5052734274066246,-0.4401205807407978,0.11577144119025927
TEST_08306,2.870138240493793,0.09594971692570438,0.3658802387164633
TEST_08307,1.270770209953053,-0.19601960574540367,-2.662738339771417e-05
TEST_08308,3.4015819261565285,0.4744760372310419,-0.704473774491661
TEST_08309,4.731043007925774,-1.0742979723099424,0.7844628710567976
TEST_08310,1.6576442897177464,1.0793436197623942,-0.7641930315520465
TEST_08311,1.9276837544376044,-0.6867682754698384,-0.10112521332718533
TEST_08312,3.500012544602508,0.7128666027556212,1.2932689382565123
TEST_08313,2.9269919473962207,-0.6699686748853902,-0.4939571220396751
TEST_08314,2.221382683862032,0.3969239091771486,-0.04605706018321105
TEST_08315,2.1562837026750774,-1.0416346701733619,0.9106535319305039
TEST_08316,3.308733771779652,-0.25959028262873524,-0.30970779616829186
TEST_08317,3.2815696023659817,1.7999872097055503,-0.13358281940547118
TEST_08318,3.2600601208481774,-1.4471758755019717,-0.6270240451424073
TEST_08319,5.537793937378918,-0.8148565080685816,0.9547341251449275
TEST_08320,1.678618744526471,-0.4154979204006627,0.16986503697759975
TEST_08321,5.005131193595884,0.5295281737569474,0.9326876894425649
TEST_08322,1.0774356819326105,0.34818882288733366,0.6515464620628701
TEST_08323,3.1043607719761104,0.4285296606440618,0.5723833626228335
TEST_08324,2.6793038288995694,-0.03147584025504943,-0.9206235476018324
TEST_08325,1.8761252677240248,0.26815295152159524,0.14155976950810287
TEST_08326,4.038209880744854,0.16390577973972031,0.152908236485362
TEST_08327,3.4612938247642293,-0.4428085563523518,0.9227258048105508
TEST_08328,3.6844602933740864,-1.9344950508822327,-0.13748710792323773
TEST_08329,3.4359331296851106,0.42403114824221355,0.8022521592005178
TEST_08330,2.683699437687975,0.5274607693358245,-0.6472067121367201
TEST_08331,3.3829316420880113,0.3777317393723844,-1.0524685692537774
TEST_08332,2.407021292508504,1.2442829125634058,0.3664861650571803
TEST_08333,2.1652111702621593,0.3511443286552075,-0.07781563597514621
TEST_08334,2.044038094874293,-0.24753034251164502,-0.1352333256204887
TEST_08335,2.915797994700011,-0.00289607974387114,-0.16291969131873452
TEST_08336,3.077557961267975,0.87570065986698,-0.015907535009467337
TEST_08337,3.6566343695473624,-0.6440439485892825,0.9394360970304612
TEST_08338,4.388694108656224,0.9375611941201705,-0.7736328415093336
TEST_08339,1.9581726205600571,0.6070571320576484,0.2986807087319483
TEST_08340,1.9927096060329275,-0.8680148856081457,-0.5437846599283126
TEST_08341,2.3495771847942484,-0.4959326787824809,0.25292237924146405
TEST_08342,2.241417346998364,0.617852115638768,0.03557073777914228
TEST_08343,0.9497975737745005,-0.18434088914058055,0.2484935845141612
TEST_08344,1.2050126324566746,-0.28606055410667525,-0.041865048821103104
TEST_08345,1.9140993063678393,0.08548444425697863,-0.3771793428018228
TEST_08346,3.3062604908044615,0.2644101386307943,0.45980683580108284
TEST_08347,4.197582574043563,-0.4350524258849612,1.0282150251245492
TEST_08348,2.1193292381030777,0.5272790219261879,0.10524213422809522
TEST_08349,4.67297739645573,1.0069855918317931,-0.8487383873756532
TEST_08350,5.1273008355444,-0.7442357911457343,-0.40884066886861387
TEST_08351,2.9483888337211708,0.2609044136114272,-0.11542938403740348
TEST_08352,3.1944069308373426,0.5199366666668365,1.2587577406684745
TEST_08353,2.562015945649318,-1.1778473272352652,0.2386525014839335
TEST_08354,2.605201115136713,0.49727964229950955,0.08840411917421578
TEST_08355,2.1529095587629006,-0.2025141258095072,-0.7384046777476051
TEST_08356,1.7549417123016817,-0.27309052774857406,0.4661541180795843
TEST_08357,2.1831561804962307,-0.16656020479897582,0.6311957714153055
TEST_08358,1.7284610382846137,0.3541892420560424,-0.19243946276315632
TEST_08359,5.527270340223054,-1.0766886245962013,-0.31832918443311464
TEST_08360,2.783448357172486,-1.1853164529259608,0.6273052350883989
TEST_08361,1.0676594998309008,0.20301228193725912,-0.3117862431992315
TEST_08362,3.598993979557994,-0.7302599459363115,0.5425506769389424
TEST_08363,3.3319249308938352,0.8818675839295416,-0.08283647640687776
TEST_08364,2.0046547281356886,0.5246659907792828,-0.42432387416823975
TEST_08365,1.6305785843820828,-0.11306716212386077,-0.3215721772907809
TEST_08366,4.163098077506755,-0.1478722418696178,-0.784696162385893
TEST_08367,3.7455461974021924,-1.395107333445454,1.0579852426303533
TEST_08368,1.6090125529765749,0.29235743845863904,0.22503719672124692
TEST_08369,3.5499419846924667,-0.03680700223299015,-0.008271378637017735
TEST_08370,2.006169498520165,-0.4632575928200677,-0.41442808980474694
TEST_08371,2.6650219395573287,-0.12506163991485192,0.8952443037828063
TEST_08372,1.5048033330893593,0.7742242374044325,-0.6338354449521856
TEST_08373,1.9570790560542897,0.49897609210118854,0.2592036146945303
TEST_08374,2.1850514090675506,0.33373262860365016,-0.07495933417270177
TEST_08375,2.3500875491462887,0.08334626236684857,0.4262278217235684
TEST_08376,2.6636559241271747,-0.46143794395061305,0.9658693671402964
TEST_08377,2.295060008470446,-1.1051191749977036,-0.0659780554685354
TEST_08378,3.990792069168067,-0.2650201675080751,0.22697124113899853
TEST_08379,2.720846850207656,0.6084136293273807,0.6340436022391369
TEST_08380,2.512996611390101,0.8794083535214201,0.5027565272921372
TEST_08381,3.754400809748568,-0.2642862342465133,1.237849035572896
TEST_08382,1.4983636751078362,0.5107903375908108,0.21700395880527973
TEST_08383,1.6605060452646898,-0.37617354776412704,0.029162751161073155
TEST_08384,1.1079890440007376,0.4584864550847876,-0.07267326310641431
TEST_08385,3.3998946589888033,-1.8834894844863996,-0.24427107388314728
TEST_08386,2.6836854140861046,-0.577384869093449,-1.0260106220670895
TEST_08387,2.2939752668695483,-0.6905275702559429,-0.1918789845157842
TEST_08388,2.3117511309459555,-0.03569077482596902,-0.0013752188911055868
TEST_08389,3.3411947409246743,-1.2142061721651611,-0.14274137889896796
TEST_08390,4.652609272212298,-1.4102610932914281,0.600976986952928
TEST_08391,1.1576098517262254,-0.13681485436435398,-0.07176572940851762
TEST_08392,3.5398412503438212,1.17974019869147,-0.7623311371151794
TEST_08393,2.536626893117895,-0.012643687200723128,-0.40895831277574407
TEST_08394,2.319302303836145,-0.3983376184554648,0.052242755999708894
TEST_08395,1.5062859656549874,-0.3233263387185052,-0.07844966808355046
TEST_08396,3.0779965656817834,0.1768317196689253,0.8100074911373015
TEST_08397,2.272269635324812,-0.049206127839134285,0.12539290246428533
TEST_08398,1.6675794689510113,-0.08493802375716061,0.39318220119870034
TEST_08399,5.085464167105279,-1.062942636755337,0.006558719214974324
TEST_08400,3.9267386006101956,-0.3045908643437213,-1.1343025581535648
TEST_08401,2.203725733371147,1.3913364386391203,-0.10969096200685899
TEST_08402,3.735110127854059,-0.9820317112134761,1.0903315039181518
TEST_08403,3.9028211064582132,-0.5352396642798821,0.1772919297083081
TEST_08404,2.8637335247619444,-0.41931560320118816,0.0393677657511584
TEST_08405,1.1899465030426306,0.2443356784586062,-0.09936845021867863
TEST_08406,4.700059874823905,-0.8854206030703398,0.1375774815653989
TEST_08407,2.0175584669989757,1.1028135747574896,0.45483710297452146
TEST_08408,3.3953424688672924,1.4716747291185706,-0.6632573028227279
TEST_08409,2.865490817675064,0.19053485964390338,0.9359870151192312
TEST_08410,3.179019665857149,0.48606250335201556,-0.6839604738573568
TEST_08411,0.9558474381638754,0.07826870780887463,-0.18107034942517133
TEST_08412,4.336645502714806,0.29101888426194916,-0.18433300425401014
TEST_08413,1.4435625229119065,0.4477474155404049,-0.1752805568723764
TEST_08414,2.942690884643518,0.2379060515433733,0.8137024123380355
TEST_08415,2.3129469737654365,0.5765824708334941,-0.27091091875755924
TEST_08416,1.9553246649138933,-1.26163649836959,0.13519604373346122
TEST_08417,3.2772437737399063,0.13893674568721612,-0.14164870983474
TEST_08418,2.1305541501188943,1.0587793599667368,-0.5104360605949338
TEST_08419,2.79456015581228,-0.6217888046916551,-0.578991187469605
TEST_08420,2.2998435871167002,-0.22336617344673398,0.893305118616236
TEST_08421,3.1250934292709776,-0.07878956057825794,0.4078620309775667
TEST_08422,2.227342246427685,0.583228275471298,0.39542750029101853
TEST_08423,1.3745479239057052,0.10801613035311934,-0.09089314394432653
TEST_08424,3.134654925668003,0.44728878025721175,0.4225593821311189
TEST_08425,4.219093717026464,0.7021051798510115,-0.6672273413121269
TEST_08426,1.9081100878148836,0.2312088434054517,-0.08856207871427962
TEST_08427,3.5478303675783818,-0.3585032712400204,0.353730993573584
TEST_08428,2.672682835298179,-0.6774646032764844,-0.38011964102384643
TEST_08429,3.917517787591983,-1.6063288507107614,0.06293618599692415
TEST_08430,3.2700594878784055,1.003591656478217,-0.32487295531470434
TEST_08431,2.466018901599318,-0.9751502426026256,-0.01268480236513034
TEST_08432,1.40752722888045,0.31262586718225654,-0.41545910908005396
TEST_08433,2.2401459617175554,-0.2542162807905588,-0.4528594608674957
TEST_08434,2.6492876621093204,0.2941178530462057,0.1094777338700495
TEST_08435,2.236100674850877,-0.5602059242115119,-0.9976632569772059
TEST_08436,4.459965644497101,0.715172096324464,0.26436201991042535
TEST_08437,3.315352601942715,0.8296484144852933,1.0376041741040158
TEST_08438,1.5055786865490342,0.3145043920811603,-0.2292225519259376
TEST_08439,4.2384945530289455,0.3688392269736319,0.6369817944499557
TEST_08440,3.8840881255516284,-0.39843448796271913,-0.23610382095658988
TEST_08441,4.131405357337787,0.43893471836463166,0.5789673516329988
TEST_08442,4.24723784415097,-0.9328406064182074,0.6736163232284713
TEST_08443,3.5552182785472586,0.24255282446438114,-1.0628800318516844
TEST_08444,3.265653070761439,1.2435301075633005,-0.04506038166845943
TEST_08445,1.490348796231566,0.2280925296466541,-0.1725145683971725
TEST_08446,3.4198856027937685,0.18273785538150544,-0.15689240870741797
TEST_08447,3.614461782919394,-1.0776899443834789,-0.01664319049453611
TEST_08448,4.038350199568197,1.7779388268098744,0.0795882112356445
TEST_08449,2.9170261726249365,0.05764665747861132,-0.4145715712443159
TEST_08450,1.3194146522527592,0.43652982791175693,0.12460385026216814
TEST_08451,2.869533725287323,-0.12063444612069098,0.3432864987513503
TEST_08452,2.2982806138707086,1.3233727908458257,0.610014103814669
TEST_08453,3.161258760747474,0.290741473189051,-0.11805844903775979
TEST_08454,1.4221476718396748,-0.04730539706212023,0.03694938924845293
TEST_08455,1.3073300708665367,0.6616981261689362,-0.22187653272878546
TEST_08456,3.2410417147205823,-1.2634526274623212,-0.037022881304508086
TEST_08457,2.6215387063427222,-0.18629312142130547,1.3584899843545388
TEST_08458,5.101250427992497,-0.12854404115468293,1.063912396340168
TEST_08459,1.7486996173850538,0.18612554972190204,-0.3879577813889662
TEST_08460,2.3539530301468794,0.04857688067605441,-0.444984599576457
TEST_08461,3.1767338778023744,-0.15245984869321597,0.37819582677437613
TEST_08462,1.7161531849895342,-0.6542146790899098,0.6015132964188143
TEST_08463,1.6845424097530206,0.5432673213093134,-0.11487735345363008
TEST_08464,1.1527584488353744,0.014265921569572298,-0.23864327325506557
TEST_08465,2.558929534595664,-0.06424046087056332,1.0908386027144634
TEST_08466,2.6561938792386233,-0.02165870622858181,-0.03531549260596199
TEST_08467,4.276607299072566,-0.4593737514567678,-0.7545639344523214
TEST_08468,2.6614541779216543,-0.1416742751746875,-0.08268011711774563
TEST_08469,3.192137286229953,-0.8320888582612407,1.2010049268069611
TEST_08470,3.535451434557234,0.68973808628148,0.7667799516013988
TEST_08471,1.8390328310878847,-0.672094194276714,0.4116133468945424
TEST_08472,3.220922661941725,0.8446099897219596,0.4665058459041971
TEST_08473,3.256686705982976,0.5882460893025869,1.1898192854884078
TEST_08474,1.7013870303516543,-0.07654638791535327,0.18408605471128245
TEST_08475,1.79035472455933,-0.3260063660914247,0.16040838492604056
TEST_08476,1.8443260401724206,-1.0134443086409222,0.018928545361752064
TEST_08477,3.694213918982271,-1.8109928249887826,-0.040394876073817775
TEST_08478,3.6253993260533037,-1.390572800648228,0.9831671212858213
TEST_08479,4.93424624755194,-1.0086549622519791,-0.5268616476296596
TEST_08480,1.546218849692538,0.9397929573362811,0.1864514434295191
TEST_08481,2.152855482964117,1.1625862489139664,-0.2598886173666518
TEST_08482,4.2638615598659095,-0.17614280448635417,1.516633031532147
TEST_08483,3.6737701963450764,0.0727490909218327,0.4072718383620798
TEST_08484,1.7104744730035022,0.32582698979758845,0.2955801004169773
TEST_08485,1.6749502334941488,-0.31419078752706764,0.4200330337491606
TEST_08486,4.2035904536406035,-0.6013058760997814,-0.8521408941145541
TEST_08487,3.371143817370489,1.6919598500237147,1.154450972892857
TEST_08488,4.4913517128328735,2.281430479161311,-0.3255047893984835
TEST_08489,4.2076932486611085,-0.028939642158667366,-0.47294247566952574
TEST_08490,2.800307158137553,0.27888834841420374,0.20476188599169437
TEST_08491,1.584645292413451,0.016984977471893887,0.4119841092757728
TEST_08492,3.6449584908676074,0.8444642222628072,0.3257936460510983
TEST_08493,2.3371760180988357,-0.18271464677864335,0.03673431184393601
TEST_08494,1.8318724205518477,1.0914531509483998,-0.5637147040551966
TEST_08495,2.650202853873859,-0.1731680969328629,0.1785805327099616
TEST_08496,3.668387521218953,0.6118372789408036,0.43314339238381117
TEST_08497,2.8597888223427423,-0.14324731880248173,0.031826528521944904
TEST_08498,1.0987775506623374,0.03752884040405177,0.33098863352538066
TEST_08499,2.2821041747854562,0.5631482802529563,-0.07975263631072678
TEST_08500,2.9878625591791494,0.38322038100853123,-0.1560267620151144
TEST_08501,1.9984501828595103,-0.024260248594885837,-0.5611897668456176
TEST_08502,1.147797881619068,-0.340788457014602,-0.2944641695431128
TEST_08503,4.0486154614826,0.2274295617639871,0.8253063465821955
TEST_08504,2.63265196106373,-0.1259598460109104,0.12173880698749166
TEST_08505,5.446114424394285,1.7188565217218308,2.0172521772589076
TEST_08506,2.211006199783224,0.45921454268061523,0.8589033269021847
TEST_08507,3.158883972278844,-0.19708269911840634,-0.8610643117894732
TEST_08508,2.237801965010044,-0.6320984458056402,0.19525893639475195
TEST_08509,1.141482325436857,0.1823990651142287,-0.3188693555602117
TEST_08510,2.1045416920696245,0.142103152046309,0.6720035387328842
TEST_08511,1.3334715779159365,-0.6462027742346959,0.004205807557349188
TEST_08512,3.1551023046916593,0.27406568608111936,0.6307380809470609
TEST_08513,1.9706463730033317,-0.5880735131522393,-0.2127535375384414
TEST_08514,2.2759389388391913,-0.23772363607665095,-0.01305007390555152
TEST_08515,1.5453513092904432,0.6329786034353346,0.15233928541611938
TEST_08516,4.24072416990097,1.970515877486057,0.7562907158348221
TEST_08517,3.4909937378768388,-0.601431429359002,0.09594212927788844
TEST_08518,3.7557844516142653,1.4872222458836029,0.43737550544169973
TEST_08519,4.189544636769111,1.0874044829667373,-1.1723676484331966
TEST_08520,3.3224708856487593,-0.2530858418021441,-0.3083269862464351
TEST_08521,3.322005208818494,0.21306520124084444,-0.49329573980158686
TEST_08522,3.864100684226432,0.6693557337298084,1.1059693629320249
TEST_08523,4.055077352293112,-1.7687261000951562,-0.5721716317894168
TEST_08524,2.510770988494463,-0.40701027228938774,-0.6769021179517352
TEST_08525,1.4439021890816852,-0.053411286683898614,0.1270483956803415
TEST_08526,3.2164997543826104,0.1454212362954657,-0.7385011498533314
TEST_08527,3.9410627555094497,-1.1367015810773329,-0.9960222525228389
TEST_08528,2.9551442191531683,2.2079817460778925,0.433937823315351
TEST_08529,3.488989953339981,0.3217342570939653,-0.5907427716202845
TEST_08530,2.8465412807289,-0.1809368768747714,-0.13641980095729003
TEST_08531,2.28656396480646,-0.3774463821493341,0.1404936043805979
TEST_08532,4.697990220481396,0.3496989780033478,-0.17897644215523417
TEST_08533,2.447602492619913,0.08085128838919373,0.17229660959387574
TEST_08534,1.5290560153079726,0.050503497235531485,0.03333186266273415
TEST_08535,1.2470147979907218,-0.5368008144726942,0.31086337062679453
TEST_08536,2.0569182671410053,-0.18799859785759065,0.41886989998536844
TEST_08537,2.577391120431613,0.6010544353384005,0.08707918842284461
TEST_08538,3.8981253136455205,0.7288651327744596,-0.9920935304351661
TEST_08539,2.7827797902051468,-1.7086321335812498,0.5818226991632522
TEST_08540,1.4235004183266742,-0.21041120363021693,-0.4549338188669103
TEST_08541,2.1565597722605205,0.039461813278801196,0.1111615700369525
TEST_08542,1.4537393313647706,0.4800356909725053,0.14358374690453155
TEST_08543,1.0485917188074034,0.39244726217509657,-0.2576096177350654
TEST_08544,3.3603979139784292,-0.06272959183220037,-0.05153032991071379
TEST_08545,3.0082403216969276,0.34615155469718806,0.35766156393365195
TEST_08546,2.9090864486943344,0.20297364647401972,0.3828944991784152
TEST_08547,2.6023624319448144,0.3199433920089628,0.08093674810517672
TEST_08548,1.9680301972781635,0.04666578381418575,-0.3435412293234699
TEST_08549,2.7600305387879045,1.557645656638132,0.8172527578772483
TEST_08550,5.248481304409453,-0.21603613985435624,0.20463051780878752
TEST_08551,1.8460092260815724,0.6128979929274425,-0.132700419314549
TEST_08552,2.695398481552297,1.8535470570897092,-0.37499241821728946
TEST_08553,3.515768810487966,1.0895331048460375,-0.23400307801523665
TEST_08554,2.7679993756456422,0.09977780061258934,0.6709843971477266
TEST_08555,1.741767415233228,-0.05173115702557257,-0.42908091721804537
TEST_08556,2.5921611937347415,0.7003420768217481,0.25268757788197554
TEST_08557,2.132751652929725,0.7184830584921507,-0.3142006930940502
TEST_08558,3.0240254240145816,1.6204555494888504,-0.41515837602566197
TEST_08559,5.011227867512383,1.6415347821733877,-0.2227050556357721
TEST_08560,2.9008625005056854,-0.2711799539560101,0.8860471349006172
TEST_08561,2.146846680369866,1.355459573619784,-0.12396088675509585
TEST_08562,1.2617558661209074,-1.0093437855862613,0.24114966490965067
TEST_08563,1.0291634629418631,-0.09188404162775585,0.0884838154102184
TEST_08564,2.222100070794143,-0.01634851110791876,0.4171727473137625
TEST_08565,1.719862222523608,-0.08375570838649016,-0.15350376411675046
TEST_08566,4.145738545485708,-0.45810250938702335,0.2537813157904927
TEST_08567,4.613638920478539,-1.0661124184292832,0.5535771038509755
TEST_08568,2.123745119757471,1.2971010525858693,0.5747976133725604
TEST_08569,1.0693651285814862,-0.3057995973066422,0.12657828892166959
TEST_08570,1.979784260147947,-0.2707371593023471,-0.0427102054564537
TEST_08571,1.561852519104488,-0.03952933597255261,-0.07339262888771701
TEST_08572,4.097894761852776,0.08873977211517808,1.0290980706787964
TEST_08573,2.431575039804069,0.2773784197783885,0.5506402608535882
TEST_08574,3.4447715372341388,1.306228366331872,1.4407467161070944
TEST_08575,2.2494772186650334,1.057343567423078,0.20874227430849215
TEST_08576,2.4091367060573825,-0.7852779352405049,-0.02428996345401351
TEST_08577,3.2599563239854197,0.9206673537901907,0.5311237754624617
TEST_08578,3.620266045722304,0.3785416635793544,1.0634910347286062
TEST_08579,3.734919609575065,-0.3602198240157258,0.7279662472043876
TEST_08580,2.3133583017184867,0.9238947862141765,-0.37571487198425313
TEST_08581,3.2743167911895266,-0.15053999174091212,-0.2791581111905031
TEST_08582,1.8309207647712706,0.10019679435900175,0.2669944717807265
TEST_08583,4.238505594245384,-0.6661021708742141,1.0967448463266998
TEST_08584,3.7471723094184672,-0.5441128667012951,0.3082164412194757
TEST_08585,2.7004891438809793,1.1389112159949324,0.21094100457433762
TEST_08586,1.0735781434860228,0.21390369772516027,-0.38761021851842264
TEST_08587,4.506758871546873,0.411773225369798,-0.2651376181254492
TEST_08588,3.614847172748441,0.8592002292925042,-0.3058797908774134
TEST_08589,3.6945677139994273,-1.5311678195922342,-1.3006246096310186
TEST_08590,2.4305881302257286,-0.6665510256746989,-0.7796814266993909
TEST_08591,2.5800337357844723,-0.7129443111022371,0.6130150919435261
TEST_08592,1.5928676303409979,1.0779886726010899,-0.7293229404279704
TEST_08593,2.7837665632833017,0.9690895095143808,0.9983939802910996
TEST_08594,2.271229996328742,0.0792201445105338,0.038430560620940565
TEST_08595,1.870516233091744,-0.7319100431467569,0.43605373799724356
TEST_08596,3.3613789975344632,-0.21074703597542968,0.8262248822589572
TEST_08597,2.4368669225454487,0.030882413460616813,-0.07110862407021719
TEST_08598,1.7287729501473126,0.8738557724695057,-0.5896035496218797
TEST_08599,1.3777399817972045,-0.6038551785095703,0.2175933686606433
TEST_08600,3.160680717229739,-1.511107329503966,1.1973570696617972
TEST_08601,1.1221083251151205,-0.12119580846922036,0.22960766048551984
TEST_08602,2.9544315042394262,1.53766251514022,1.4079823986959585
TEST_08603,1.990019158564626,-0.11946316122680313,-0.40408929443373276
TEST_08604,2.2188211924345187,-0.2521814066694725,-0.042304097015912846
TEST_08605,1.9856443927144605,-0.9542395833847847,-0.755184985850844
TEST_08606,1.842964960852799,0.1623627533595049,-0.5486262537451945
TEST_08607,1.3068027950249101,-0.31602641112834823,-0.35279947388360966
TEST_08608,4.381772147291932,1.9057755032814325,-0.978977770702893
TEST_08609,4.013575470998157,-0.4570546151176551,0.4541643396244686
TEST_08610,1.8529738461618221,0.7782106635872625,-0.3135753239881144
TEST_08611,4.112517249966302,-0.3197424669229601,0.321387783259514
TEST_08612,3.3529349067176115,0.9249320144981118,0.8443133172097237
TEST_08613,2.7032496695624655,-0.2783225323181682,-0.004177519057018236
TEST_08614,1.342355825812729,0.8000241686650592,-0.19663968238587817
TEST_08615,2.0497474051583864,-0.7412952134332855,0.46991631864200006
TEST_08616,2.9574831667738817,0.6369820094620386,0.6556389632530562
TEST_08617,2.2627946097563916,0.48105452129675647,0.5133909367108314
TEST_08618,2.889467540534129,1.3100153115704976,0.11057234404962775
TEST_08619,1.2238060719613144,0.08837113288617712,-0.16030353012265836
TEST_08620,1.8896896615376626,0.2079437925807493,-0.2314903416894491
TEST_08621,2.874526236642344,-0.19206945037254883,0.3246399906641359
TEST_08622,1.7634335032800676,-0.0018531375504017226,0.11005768196872517
TEST_08623,2.7351624559660563,0.8105561169171258,-0.8576781874536566
TEST_08624,2.915288293646688,-0.2224230247345345,0.3267765375724611
TEST_08625,4.115435180602302,1.1988081454100472,-0.560430513474558
TEST_08626,2.113172994506001,0.2914613528477576,0.045981007601382115
TEST_08627,1.16041686981649,0.06256233005262164,0.3255436783093349
TEST_08628,2.999373618104633,-0.3628948503848191,-0.09196581705493383
TEST_08629,4.188564582781629,1.4760888903170115,1.2857738122249958
TEST_08630,1.1108505849220116,-0.21170935175483865,0.12715507541234491
TEST_08631,2.871309261471706,0.8440987047900549,0.2562197703092797
TEST_08632,2.5743551776026226,0.5901917348358907,0.09957271122666497
TEST_08633,3.280257755342826,-1.729562276527511,-0.4927039103416925
TEST_08634,1.2522179632256982,0.25041342595177823,-0.03684002351065463
TEST_08635,1.206830190547101,0.403275314732772,-0.357741635275454
TEST_08636,3.973047794180257,-1.0493455571881298,-0.01784030336365726
TEST_08637,3.403381750087229,-1.335423843001571,0.8147742753984145
TEST_08638,2.4957815712276203,0.8942968516775527,1.2187678595867661
TEST_08639,5.582750470882247,-0.3100504642896308,0.317345124431552
TEST_08640,2.588480898830817,0.457095886236908,-0.303673149645835
TEST_08641,3.4283891639690185,-0.9962596074389939,-0.8858846300547637
TEST_08642,4.4788341876003726,0.5915907140399488,0.394037694951021
TEST_08643,2.136841750615647,-0.9173362261297963,-0.8800063191066824
TEST_08644,2.075413696730891,0.7056020754325765,0.3737450446244422
TEST_08645,1.743059169050053,-0.27262599584908503,-0.46121331817216565
TEST_08646,3.869762783619482,1.1255065378075524,-0.7187270965929217
TEST_08647,2.2954403153483525,1.3339669224944082,0.06272052022882729
TEST_08648,5.192132313097651,0.8175098604609916,0.3256978484330625
TEST_08649,1.947851843309335,-0.051717968564387505,0.2635317912795306
TEST_08650,1.8957842547744455,0.48079657610115045,0.06463714370658809
TEST_08651,3.3585757923257655,0.43257225434162877,0.3384357948952543
TEST_08652,3.849877328040971,0.08000019066664635,0.6337597167606814
TEST_08653,3.1008663268826373,0.6722315418034996,-0.5401006919110503
TEST_08654,2.969345402932069,-1.5952837654700538,-1.1211642308873597
TEST_08655,4.282554703124127,-0.5575259377092661,-0.23101981585150863
TEST_08656,1.7617574120126913,-0.27287164742237446,0.06741483670916255
TEST_08657,3.6310885475727854,2.0417686603600687,0.040423209097511764
TEST_08658,2.031466889974741,0.36823935158865856,-0.2924791224830315
TEST_08659,2.9379917594958673,-1.2540010272024766,0.49966946673421075
TEST_08660,1.989561720890093,-1.037265097922441,1.0320599187332227
TEST_08661,0.7642257128653129,-0.2210780889170362,-0.25106485009957463
TEST_08662,1.6155140000479575,0.31498043850188073,0.31711370381018394
TEST_08663,3.3884367772628976,0.14874016718460276,-0.9153779860536184
TEST_08664,1.947524192671087,0.059252617249516484,-0.39585680554948954
TEST_08665,4.3228038317986215,0.5153043666879223,-0.37078369190971205
TEST_08666,1.3670223765443956,0.1514505300178867,-0.5688129680850552
TEST_08667,2.5901358309085154,-0.46161026236610386,0.26811653528532065
TEST_08668,2.762102355384417,-0.6245973093695942,0.31365066540254977
TEST_08669,2.4677528605209074,1.4372071198224385,0.5948874212937098
TEST_08670,1.0666379910098234,-0.6278351313315327,-0.16226671410703147
TEST_08671,3.2421238351443535,0.10609714762470598,-0.12355735090214952
TEST_08672,2.688689575634882,-0.21339797517773998,-0.19608153192935368
TEST_08673,2.5626388202757755,-0.08310685610044136,0.4965438281199226
TEST_08674,3.4379758238051896,-0.4221445573593786,0.6492357414277287
TEST_08675,1.3471241824289053,0.48430001540437073,-0.19003543326855538
TEST_08676,3.9203509154800518,1.5809132479139267,0.7056632044636596
TEST_08677,2.1215904326498114,0.9212896950353092,0.20827777655854385
TEST_08678,3.2918093105475603,-1.8251091232026107,-0.9132949659552173
TEST_08679,4.334249479185786,-1.3218838551450443,2.222616396428536
TEST_08680,4.737189616967683,2.106751311988992,-0.9126625127596019
TEST_08681,2.3427558385438174,0.7943082900394999,-0.2869460053722137
TEST_08682,1.3769820174567278,-0.5663729014916079,-0.3407849876659925
TEST_08683,3.7668474171288437,2.0652420365962993,0.8904310518213936
TEST_08684,2.680094117693618,-0.36825650294523476,-0.19788683672430313
TEST_08685,1.4216380098409722,-0.2403077551710755,0.01819293375461551
TEST_08686,3.2699984560745667,-0.4037110896569314,-0.08797870182543739
TEST_08687,2.9978504200916785,0.3889990410596904,-0.6428156053877755
TEST_08688,0.7848845865760559,0.41787830705740475,0.21385831168013555
TEST_08689,2.7363535893056814,0.31232487795003894,-0.08582376132334234
TEST_08690,3.1564016338930387,0.07596585183804974,1.2195708593491488
TEST_08691,2.798877666996722,0.16520595985188902,-0.14757431935472373
TEST_08692,2.413561994195882,0.9408018873400289,0.1051093573077396
TEST_08693,1.314844750501704,0.22371238776369404,-0.069180713852897
TEST_08694,3.2005546839924106,0.06370283825742352,1.4092657536268656
TEST_08695,3.5795764322268515,0.5756117146203095,-1.0043134630461468
TEST_08696,3.088963144762134,-0.48433391076616505,1.5461337427458832
TEST_08697,3.8314112759132737,-0.5969003718408519,0.7525196270657816
TEST_08698,3.410437299690967,0.4667720599626071,-0.9733429196304285
TEST_08699,2.3982201378177344,1.2481187430042788,-0.3703074197660479
TEST_08700,3.4105377494938223,0.9811813983596476,0.8625196876292118
TEST_08701,3.6329489585585977,0.344386489521808,-0.6878025807343717
TEST_08702,1.8061868987607914,0.13809222334829727,-0.09583375625741888
TEST_08703,2.496423037728146,-0.17240811597557176,0.12692200423807307
TEST_08704,1.6210336854118879,0.5972592833626155,-0.22255894214755692
TEST_08705,2.9176577332635834,-1.4690395245085748,-0.6128813925453259
TEST_08706,3.3029387252508036,-0.5063085614527867,0.4832581429630128
TEST_08707,2.147289339505506,-0.1525655765645742,0.4548478280499134
TEST_08708,2.986061596975291,0.6641935575764816,-0.6052220531582777
TEST_08709,4.417150529463022,-0.9876341980394384,0.9143732456358634
TEST_08710,1.838739864385307,0.10483147751888341,0.6050719075594343
TEST_08711,2.4764610657359833,-0.8798805048620756,0.2475565704223822
TEST_08712,1.842252230171251,-1.1311085764191624,0.8294693732415973
TEST_08713,2.449825497884835,0.13896641020125405,0.16909435426321914
TEST_08714,3.3994058653439123,-0.49748920987979955,-0.33942259297594546
TEST_08715,1.334002857171359,-0.18352627029583565,0.1403383721600725
TEST_08716,2.980347350791468,-0.3892646842016197,0.7178235686699246
TEST_08717,3.0843765883133556,-0.15433487600068174,-0.4502946456962747
TEST_08718,3.6401415069101795,-0.1039691716429055,1.168272438515911
TEST_08719,5.442916221603206,0.8944514305366458,2.0464608256621153
TEST_08720,3.7851651833952484,0.40075946222962744,0.7635681786939923
TEST_08721,3.9868411166554427,0.09205636713289529,0.634854407866062
TEST_08722,3.822723586356176,0.7639352883398279,1.6030148379360074
TEST_08723,1.8273112101283187,0.46994293577937857,0.6516859081169486
TEST_08724,2.8262367532664534,0.43733781957479695,0.23065442689666696
TEST_08725,1.079733791845937,-0.3625159891628259,-0.024063931789891514
TEST_08726,1.501621767673224,0.049205650427295085,0.1470372862269527
TEST_08727,2.975519177033226,0.2397004164545833,0.8206294746140285
TEST_08728,1.0153097648502858,-0.8825869977477031,0.26108896666673365
TEST_08729,1.7186517498140936,0.4337533776664438,0.039191926903456666
TEST_08730,1.5695047261144077,-0.0586627502854314,0.31464412764930616
TEST_08731,3.721009003352822,0.3843242152460983,0.24637170620386104
TEST_08732,2.9042923677995676,0.6028574109895378,1.3677807205067642
TEST_08733,3.0345288618792052,0.003788368205155094,0.30881613868381014
TEST_08734,3.2507193395633562,-0.46771231479584346,-0.434226652201757
TEST_08735,1.6108412218734605,0.34117840189918647,0.4079810687349654
TEST_08736,1.5777573188331986,-0.18695631795070458,0.8260424040418353
TEST_08737,2.8936147029867936,-0.24552604978776066,0.7276905546374816
TEST_08738,3.2114118099351425,1.492285273554593,1.7310287794882624
TEST_08739,2.387653030078195,0.33856209661211456,-0.22855586241977346
TEST_08740,1.563025728243404,0.23660128949530357,-0.4546827917376779
TEST_08741,3.597524566248976,-0.09297289695405928,0.2450942924646592
TEST_08742,1.4977748643434914,0.43537555683285567,-0.013527160517057669
TEST_08743,1.6567785487096953,0.7544466059176981,0.31613798889157185
TEST_08744,3.8304216865414182,0.1844377846975823,-0.4914117158880924
TEST_08745,1.5069313591995976,-0.6028004812073131,-0.5623149424315796
TEST_08746,2.6390826320467013,-0.15585607743741167,-0.8875221556118813
TEST_08747,2.9280952819145987,0.15726779073359207,-0.2416525819411569
TEST_08748,1.6428550693471287,-0.1621717418084522,0.18507273183507722
TEST_08749,2.9707442415835663,-0.5690036251858651,-0.43242276220141734
TEST_08750,3.827251034078221,1.5382425329309113,1.541819210022785
TEST_08751,1.3225960114262836,0.21395350537562355,0.08328596278931565
TEST_08752,2.195085201569716,-0.9304870300208188,0.05360324824352038
TEST_08753,2.0941829797394207,-0.583394836068286,0.03809775286386279
TEST_08754,1.9038098488112531,-0.40051413177512324,0.2927993289930185
TEST_08755,1.630369015604313,-0.5906665947180513,-0.15601748636680132
TEST_08756,3.385772213283088,-0.15981670686623403,1.0509322364061016
TEST_08757,3.516948348146351,0.5656166792715253,0.7633898908906365
TEST_08758,0.9164830532718785,0.06889682426735831,0.014033303431651965
TEST_08759,0.9790690788870489,-0.11703827121444112,-0.266610821190941
TEST_08760,1.8493715842733942,0.19492862543217374,0.35629986607208053
TEST_08761,2.5482979815092066,1.5020343923034634,0.07731994821526647
TEST_08762,3.2255176053006727,0.6916042206955105,0.47838039030478746
TEST_08763,3.1128996693195026,1.1246818402659613,0.010942570657547897
TEST_08764,2.2374423106732753,-0.6832341977131895,-0.35085252545404194
TEST_08765,0.7990306190148813,-0.15598758250285735,-0.18036715058576058
TEST_08766,2.5252071890857004,0.10437150329291185,-0.37840404295745095
TEST_08767,2.2159930083160853,1.0978826079698454,-0.7459050690946938
TEST_08768,3.9380045048727013,-1.0198942859097155,0.2487347869683771
TEST_08769,1.8630558159740351,0.6675139896573056,0.08487025986326473
TEST_08770,1.3446615810243225,0.07715134742531334,-0.09277272899757999
TEST_08771,1.5348595810296655,-0.17812012713892544,-0.23005897010424237
TEST_08772,4.543230321617688,0.028711722511703324,-0.9891591787850398
TEST_08773,2.53086704389877,0.16285992982485076,0.15621342979321415
TEST_08774,2.312920797363739,-1.3787096880584255,-0.6561134320973416
TEST_08775,2.5660682293192068,0.016922537200793585,0.6610819278107837
TEST_08776,2.1277609711632253,-0.16833134862551366,0.40122751419840946
TEST_08777,3.7848633490125754,0.7373663077454958,1.0560949702675508
TEST_08778,4.768572255493361,0.5632030375777433,-0.9449945254881922
TEST_08779,2.5594366285066967,-1.1704588678912724,-0.45671337343738777
TEST_08780,2.263750944363826,-0.251024026131504,0.6439680011370851
TEST_08781,2.338720140751678,0.14765667101082725,-0.5705716714917853
TEST_08782,1.4480702782566315,-0.23436529383913263,-0.07974523293848583
TEST_08783,4.430764488190376,0.12611210386576666,-0.9240304072101635
TEST_08784,3.37957974313814,0.047910023952808814,-0.5964600649522366
TEST_08785,4.745269418706113,1.3096809846715345,-0.03056459740678512
TEST_08786,1.4162257605809123,-0.18211466760192938,-0.5052438170257532
TEST_08787,3.3891550350607385,0.1481608308926697,0.7733540347971051
TEST_08788,2.371914068469596,-0.035177378808348904,-0.03411517872035624
TEST_08789,3.062487046781663,-1.53253024088971,1.043158199200315
TEST_08790,1.4118368774784351,-0.4399449194622681,0.49719165165044094
TEST_08791,2.841137557362712,-0.01081127661106135,0.16726159579600555
TEST_08792,2.13880118162356,0.7180829315955908,-0.7566180818516774
TEST_08793,1.8673594580050348,0.14599028199000938,-0.29379853647863347
TEST_08794,1.3336824767312307,0.1439444231843738,0.037065367900372036
TEST_08795,0.9681412947366188,0.05183288192517576,-0.008637084849302146
TEST_08796,1.9438163500810335,0.0786438185664749,0.1457853980050092
TEST_08797,2.756637696271777,1.540556388816546,0.2963403553575882
TEST_08798,1.9851160888207786,0.44715622354900875,-0.15484658495332793
TEST_08799,5.405197711495891,-0.7916649377796534,0.30700343769123944
TEST_08800,2.389702199134933,-1.103617051835626,0.3156280610929662
TEST_08801,4.560534823887067,-1.471556825098584,-0.7049230288613001
TEST_08802,3.0174641794125425,1.3340195745118308,0.2649286097421375
TEST_08803,2.794831133452954,-0.08400851639711279,0.575515728338796
TEST_08804,2.301487900953573,-0.9615957641151107,0.7234022644947573
TEST_08805,2.8566730595405656,0.8001020593396724,0.7288566821683559
TEST_08806,3.7398564333197535,1.3340541223571099,-0.14775485713387404
TEST_08807,1.9940412233033329,0.12620744925954377,-0.09425985616484564
TEST_08808,2.644173006869487,0.1750639166334555,0.5509403231329207
TEST_08809,1.991507621910988,0.039580246613373976,-0.12553179167973186
TEST_08810,2.138067588379818,0.19047497093454094,0.27058238990774525
TEST_08811,2.4094424088770587,-0.019622468145434238,-0.664534447560552
TEST_08812,1.7667507738890182,-1.062941714886531,-0.7255950237516544
TEST_08813,1.130830382047932,-0.09402927873401815,-0.09152913852001314
TEST_08814,1.2961209687095312,0.5460104581274313,-0.4529957131964978
TEST_08815,1.4277930148780489,-0.45030335861595483,0.15186940084824685
TEST_08816,1.1552634015534238,-0.20156097380798457,-0.3705655338046908
TEST_08817,2.4756103818706694,0.23006808199254491,0.5810911715736564
TEST_08818,4.46627036655492,0.40054274817614954,-0.5981812500569618
TEST_08819,1.8490147524014207,-0.8174447049166278,0.5063554059243358
TEST_08820,2.3113202047088617,0.05805347190401511,-0.5259225595287367
TEST_08821,3.364863252938962,0.24918725391774144,0.025305461895074318
TEST_08822,1.9514053279123338,-0.4020995623394269,-0.2961537634591962
TEST_08823,1.5708743352552192,0.32465100407465636,0.14155702785079463
TEST_08824,2.6795028344548992,-0.1867634712774484,0.18301104701475462
TEST_08825,1.6831619884608064,-0.5134715794515606,0.941575892456138
TEST_08826,3.406589677954466,0.26021362497694966,-0.8021140629130874
TEST_08827,1.4601573574720548,0.3382424080925181,0.13201839850657976
TEST_08828,2.365939518370394,-0.28261844207374703,0.1384201695015097
TEST_08829,0.894196813659978,0.357667040567762,0.47172123719663833
TEST_08830,2.6198737725309305,0.7061602958131539,-0.7575731543022735
TEST_08831,1.7997370032707702,-0.34134780956469635,-0.06262261338354429
TEST_08832,2.640775734054472,0.5110080683949055,0.3392409770321156
TEST_08833,3.555965791552376,0.8810358780459202,0.4787829438169406
TEST_08834,1.7142083513176167,0.30369262665465857,-0.1292743044566115
TEST_08835,1.5881719187150403,0.42096072198941,0.5073605999078301
TEST_08836,3.319408857124436,-1.4535993880091282,1.2059103014070491
TEST_08837,2.9748125963281455,-1.6238655269024713,-0.3804021241269734
TEST_08838,3.1588403717212215,-0.1101559898426053,1.053400486906328
TEST_08839,5.389612942190296,-0.4846736977639938,1.3412848500062453
TEST_08840,3.735259751876038,1.4467787871487356,0.5824680769320246
TEST_08841,1.013386759152195,0.20513142266986284,0.19644724237847652
TEST_08842,3.8652738383958565,1.4363471768505685,0.713644974211824
TEST_08843,2.6631851804596374,-1.684777355921808,-0.7326035829927705
TEST_08844,2.818161995442184,0.019177638594288095,0.19174126042397843
TEST_08845,2.6071681173104664,0.5999594432536531,-0.15844003151156674
TEST_08846,3.2946085876704765,-0.3389774996022538,-0.5992690292665009
TEST_08847,1.9789784358254223,1.267566384590902,-0.9293104159060815
TEST_08848,6.195529732923256,1.8095561463744878,-0.6971712944796478
TEST_08849,1.5980865472177297,-0.3716288522553018,-0.08257512264807322
TEST_08850,2.9043264547134386,-0.02311390502269049,-0.7206554495435492
TEST_08851,0.9406519193761732,0.20571678119083164,-0.2355259375180674
TEST_08852,1.1356341979777738,-0.8834521492308135,0.3382827710209946
TEST_08853,1.3260763742719186,-0.16238881444383213,0.011051305599068268
TEST_08854,1.9170700407812094,0.6204934799956224,-0.19063972719587083
TEST_08855,3.723811945511828,-0.5862423072374777,0.5625432118175754
TEST_08856,1.5162270191785197,-0.4005117089919197,-0.19824200391519456
TEST_08857,3.9925176346774274,-0.1993364468558914,1.9768377546839342
TEST_08858,2.6294924636489974,0.7458351241416846,-0.7821513083333703
TEST_08859,1.936299966787195,0.3817652707359321,-0.5098195724952613
TEST_08860,0.9196528559808329,0.27496987219345337,-0.04085384397886355
TEST_08861,3.2949171764361664,-0.254122839205423,0.876815425020393
TEST_08862,1.4141231646202335,-0.246797230975202,0.16142228433324227
TEST_08863,2.1227350174877535,0.37942362259758483,0.06958959624787672
TEST_08864,3.312005368002414,0.09718933732998965,0.14346962174015696
TEST_08865,3.6034211961731653,0.9590536976262385,1.7549549890281213
TEST_08866,1.68462967097549,-0.4446137303672081,-0.4271125161053691
TEST_08867,2.327592841710135,0.4910098132248041,-0.2921088866820308
TEST_08868,2.3282604348037936,0.7344273719531721,-0.45554568479153684
TEST_08869,3.161619188031672,-0.7371713354438606,0.8764649316095384
TEST_08870,4.805529736422949,-0.7233170197804325,1.5066838201888528
TEST_08871,1.074949980131383,0.09411546779739817,-0.01114555282958728
TEST_08872,0.9146552765182716,-0.1816564624209999,0.25995184770656615
TEST_08873,1.850301745068463,-0.34512472986581305,-0.1729865386325699
TEST_08874,2.3777654682457685,0.19504375911281924,0.09999766253128825
TEST_08875,2.3432035511196965,0.39466570103786974,-0.025206751313584696
TEST_08876,1.477016866842409,-0.2893496603156899,0.20391345579258327
TEST_08877,3.805723143309292,0.6869933073871194,-0.24625549667687016
TEST_08878,2.31206504299808,0.8323971927015454,-0.4029188206120592
TEST_08879,5.409632716195874,0.09170703473850678,1.1489584140439286
TEST_08880,3.7821405054657915,0.8788876683735645,0.9979163535815161
TEST_08881,3.735363630438981,-1.529411160707771,0.2980253814666166
TEST_08882,1.0235611742676234,0.07956321897418762,0.37208441163199024
TEST_08883,2.686044487360834,1.7501513881985844,1.1366925682460136
TEST_08884,3.073605862201275,-0.1640070893893587,0.2891485923566712
TEST_08885,1.0164656199735136,0.24264200339433986,0.024650653657018563
TEST_08886,1.7078019619260472,0.2650979254151995,-0.06326958102632682
TEST_08887,3.2284407550843124,0.4977741789722623,-0.0022942549321305567
TEST_08888,2.5726783924300456,0.508930213679814,-1.1844321114427936
TEST_08889,1.475571898238113,0.222139679219185,0.10240118903281016
TEST_08890,2.9866212481144765,0.3337925602022417,-0.370940185938595
TEST_08891,1.5721370115281563,-0.0444728541321333,-0.29506736557282826
TEST_08892,1.0080754588827987,0.15316047232000118,0.32729791463924635
TEST_08893,2.969227951456872,-0.19519781294010655,0.31959048233985754
TEST_08894,2.7310090519313994,1.5275911814217649,1.1095119731509624
TEST_08895,2.396151013965701,-0.4357583660102936,-0.018173267566494487
TEST_08896,1.9882590112800664,-0.6096772667320094,1.2177504208662095
TEST_08897,4.120649202918711,-0.24746204214176498,-0.740973096163026
TEST_08898,1.2904474334773315,-1.1654801292097876,-0.48493465310941414
TEST_08899,0.9572337688497723,0.32034528050444855,-0.12454635745469592
TEST_08900,2.3736571290117787,-0.40113560037194257,0.4166839590789699
TEST_08901,1.8525177203865535,0.08319193052225024,-0.31290499826187135
TEST_08902,2.05035324753129,0.3901817730162925,-0.17734227524045096
TEST_08903,3.3695896761977977,-0.6785530904135231,0.9116329393960977
TEST_08904,2.416414620898075,-0.41445378261404814,0.38677817058086783
TEST_08905,1.4421616659727448,0.1576575722616822,0.2533787744421037
TEST_08906,2.748100231613597,0.27733295147546344,-0.12996844755613313
TEST_08907,2.4853375478445474,0.4317578428292542,-0.16560124417437905
TEST_08908,2.2751303183172666,-0.8981490282402161,0.544457569623712
TEST_08909,4.024540201000929,1.433789545216463,0.7710470298995468
TEST_08910,3.0194417736705494,-1.627698664886331,0.8185901866078947
TEST_08911,1.2757427333054507,-0.21763438026533893,-0.21055217180340738
TEST_08912,1.995778799539968,-0.15357950528252692,0.5367439006284017
TEST_08913,2.8541999197288974,0.3805284486008281,-0.9403887253856213
TEST_08914,2.9977969166729475,-0.30519409678721526,0.6099469013640572
TEST_08915,1.3662014481493183,0.05190942963381516,-0.12856501253393704
TEST_08916,2.9534066816522855,-0.10079895042735335,0.34980483600024453
TEST_08917,3.5910340212937437,-2.155746687432914,-0.5124400887078242
TEST_08918,3.810827106861898,-1.4291097955179963,-0.23863734963140615
TEST_08919,2.317871307960812,-1.436783063027489,0.6303177963821648
TEST_08920,4.86032546446566,-0.12012541404429278,0.36572368803755234
TEST_08921,4.9424475637658,1.985815454148475,-0.0008809572190467672
TEST_08922,3.7552870841641064,-0.21038959112885214,0.6108554596803665
TEST_08923,3.0043673929475982,0.01604645412621196,0.4280660542873656
TEST_08924,1.5069478464697983,-0.3274421279028109,0.6058583793428597
TEST_08925,2.194680176791918,0.4579978604485882,0.36531559891733595
TEST_08926,2.725668032192121,-0.2794247819486722,-0.8061278221619758
TEST_08927,2.960332614510311,-0.14703913984695538,0.48827823443720486
TEST_08928,5.4459086844666995,0.04396988687868113,0.6367964992181504
TEST_08929,4.3065959248849,-0.07590462289993682,-1.112165213263941
TEST_08930,2.7197555917467375,0.46092391432166724,-0.7557775271088116
TEST_08931,3.721508136185139,-0.5502859025946383,-0.730360250355999
TEST_08932,4.12851071563831,0.9335994699008938,-1.2352609650584756
TEST_08933,0.9121549898870953,0.41845429848294197,-0.10802543026041675
TEST_08934,2.2445679192953403,1.6674022492875848,-0.439556182556307
TEST_08935,1.214678164870821,0.41455998589986237,0.2581313216101181
TEST_08936,1.5324761773631852,0.2772152598060023,0.15042001236637134
TEST_08937,3.9518368216936803,-1.650282135205184,0.7763274046409187
TEST_08938,5.761772160711479,0.3973519959521119,-1.16251340169974
TEST_08939,1.1137842324805094,-0.07275799673882796,0.18591820107881288
TEST_08940,2.328192084172417,0.6807545681257015,0.4302937414624353
TEST_08941,1.1501896160865697,0.1351658436052491,0.23590860419999915
TEST_08942,1.7073831300276503,0.7787406674646318,0.5373222902596
TEST_08943,1.823942754245011,-0.10932278007645549,-0.29733371663401964
TEST_08944,2.8580111538436705,0.4667698292505763,-0.18829792209012824
TEST_08945,4.592431686301576,1.6893701422896599,0.025812662850644878
TEST_08946,3.388528207126058,-0.20024066622753978,0.12813609838272652
TEST_08947,1.3319354911237864,0.38466351295423146,-0.45858396796825446
TEST_08948,3.1764172171729927,0.2417568745814157,-0.2961183876067054
TEST_08949,4.549845253533217,0.6080536570750065,0.9073327127609877
TEST_08950,2.605017117781873,1.634865750742419,0.5601146296813913
TEST_08951,2.599428636611839,0.7837042575111194,0.4351597996623753
TEST_08952,3.182181794532102,1.7239925498819857,1.695711761245533
TEST_08953,3.8457102802009375,0.46228143469317223,1.071982927251006
TEST_08954,1.7583548314066086,0.3751335163700582,0.36719314927705077
TEST_08955,1.1179857439222747,0.27791156155833263,-0.19780046461332104
TEST_08956,3.7875054757084947,-1.4936581048524642,0.4920200022811267
TEST_08957,1.8176839517481271,0.46465359091788344,0.13596517444351217
TEST_08958,1.8077075098451585,-0.9674556904142629,0.0404610322270815
TEST_08959,2.664443845698719,-0.9067143737699473,0.8677096197439859
TEST_08960,1.496483636680435,-0.11638000086222877,0.06716104244482468
TEST_08961,5.179304594430525,0.9830719964364353,1.0837715312847194
TEST_08962,1.398982663423452,-0.6062379871614542,0.3303328042520929
TEST_08963,1.5437607925336068,1.1050501417689416,-0.5842264637098509
TEST_08964,2.7382483881575013,-0.042248671154163184,0.09330238369928634
TEST_08965,2.444149483541203,0.03770668490394622,-0.3307699600891695
TEST_08966,5.190121612515945,0.5293578754547124,0.5497839229626774
TEST_08967,2.3667332810805903,1.2797024762936176,0.15751511618028372
TEST_08968,4.981728182902402,-0.31296982203550266,1.0213417118748864
TEST_08969,4.036663208751617,0.17835883771218283,-0.8100499632612335
TEST_08970,1.5131305599647267,0.0171093950594865,-0.213156061228288
TEST_08971,4.027393645977617,-0.49868723191055664,-0.6312107921608303
TEST_08972,4.550453948725522,-1.2327917317847086,-1.00415177970844
TEST_08973,0.9091863974923453,-0.275602909646041,0.271626930186641
TEST_08974,3.1866120885840266,-1.3683404445815437,1.263555496366597
TEST_08975,2.9084776865185744,-0.6686867066628501,0.4554704527735033
TEST_08976,2.7598372571508993,-0.5119590271574473,1.6579153595174574
TEST_08977,3.2133159851691655,-0.2722962845191421,0.9355728139935455
TEST_08978,2.29200969315163,-0.7375438052177015,1.342471930817428
TEST_08979,2.943716046942897,-1.3746205799066342,-0.8222023587517244
TEST_08980,2.0498014731289365,-0.24514232937286354,0.4193366897943453
TEST_08981,3.490464168603115,0.1421059868007733,0.4580404649103105
TEST_08982,2.0472047841258756,0.038693682073328364,-0.22354877217142227
TEST_08983,2.811152742170428,-0.12269509684394347,0.10620312390266534
TEST_08984,3.05683831442362,-0.05622186378111036,0.8486762342213965
TEST_08985,2.0014485043371613,-0.26845900701750286,0.6117100278590503
TEST_08986,1.9027182847045057,0.752119525072721,0.3743061512135323
TEST_08987,3.60700668491225,-0.07560799441069031,-0.020173556537666736
TEST_08988,2.717121956960914,-0.18914443571883044,0.01819790292407881
TEST_08989,3.2229250852910116,-1.0230203619080132,0.8409373877886731
TEST_08990,1.263355982543874,0.23181936834788636,-0.23603005131512422
TEST_08991,2.426886331001309,0.02340322647854147,0.034945395334458194
TEST_08992,2.1397960303489363,-0.6979304570911036,-1.0825556511853183
TEST_08993,3.512032249252471,1.7615431670448731,0.5402004063535533
TEST_08994,2.780017589412805,-0.2744172773282553,0.12974450737692997
TEST_08995,0.8073537893772397,0.1357496061082075,0.1720819364019697
TEST_08996,2.426113394762656,0.4953511889722953,0.3279229944595109
TEST_08997,0.9877438203542642,-0.4246009751431006,0.322693747825184
TEST_08998,3.0995645607028255,-0.7964470988409924,0.689696293657171
TEST_08999,3.948944289894595,-0.579525876229853,-1.1929857147057321
TEST_09000,4.404328584298928,-1.1339786919363608,0.4469495864633076
TEST_09001,2.504656041550687,-0.18743097319919513,0.34270542354870315
TEST_09002,1.7341955625993302,0.26991446210901027,0.7959684781178937
TEST_09003,2.80572080482007,-2.3809310107137835,-0.5383622644315257
TEST_09004,2.6545011704676247,0.034548231366954875,0.2524142088485412
TEST_09005,1.311022754650006,0.613634086282434,-0.1746876430294628
TEST_09006,4.442267457118939,-1.0422181271880833,0.8309842332021211
TEST_09007,4.058199008261609,0.47625695998060813,1.1846405697357674
TEST_09008,5.554407394469664,-0.6995125806854786,0.09937856966035506
TEST_09009,1.0146425227778664,0.3133325739209931,0.17327506900989315
TEST_09010,1.0723763658480499,-0.182120335593549,0.11783345839952696
TEST_09011,1.642982657179286,0.0885459262534991,-0.07752481362871176
TEST_09012,3.6065369741746713,-0.012184574207715917,0.3962463225260097
TEST_09013,1.4513358174486493,0.04385562367999842,-0.17175343072456575
TEST_09014,1.6446434052408514,-0.057959524050154636,0.7177947961198851
TEST_09015,3.056086226232715,0.46530441184104576,0.48664840743841176
TEST_09016,2.135736737093609,0.14905266701498487,-0.8384618053096797
TEST_09017,1.307403013250714,0.6887111808660271,0.6171410365656069
TEST_09018,3.207206368349837,0.9221682275042262,-0.6938333243023965
TEST_09019,2.2447468376675,-0.9804820398609647,0.6346311826736953
TEST_09020,2.109792858725206,0.18284363665997794,-0.9555248504827787
TEST_09021,3.3269614672234815,-0.3503974685426655,0.818840808384296
TEST_09022,2.1877416250029413,-0.14353576817111277,0.06830037764428533
TEST_09023,3.266867185648906,-0.05842810912766389,-0.32941780677487187
TEST_09024,1.9401311859286556,0.08507686441656988,-0.15034568536743168
TEST_09025,3.981950177601901,1.2348547119546462,0.8959581717535169
TEST_09026,1.2053118197740045,-0.06905325648416372,-0.43342538475879777
TEST_09027,3.96158354355401,-0.4933895063881688,-0.1477099357288229
TEST_09028,2.992435845776795,-0.011561726465505982,-0.09109017140801655
TEST_09029,4.607992326541255,0.7812048692382464,-0.5455892528419201
TEST_09030,5.261961562473609,-1.0725752371430786,1.7517859606899537
TEST_09031,2.037054189691005,-1.097136255462704,-0.12148663360872688
TEST_09032,2.1655426837025225,0.4549222188706181,0.25157931767886865
TEST_09033,2.1727089508613644,0.26946442732921644,0.5989324555468161
TEST_09034,1.54948253812728,0.28661241033231777,0.2038104047608975
TEST_09035,1.4343110743115925,0.2881941561324344,0.2039664428995409
TEST_09036,1.6299893579481648,-0.6697811434383483,-0.14968724160041288
TEST_09037,3.988649410864076,0.6937719089127319,-0.5688895341345662
TEST_09038,0.8943537272917474,-0.262463929974192,0.41300123553307055
TEST_09039,4.730554950574145,1.738184898754397,-0.9299157532923463
TEST_09040,1.6426223720719726,-0.6042721574668688,-0.12056522453419055
TEST_09041,1.247302126994134,0.2504651559078632,-0.29723468151813787
TEST_09042,3.3308463464797584,-1.5967367096889935,0.8943983657820666
TEST_09043,1.2257165842347248,-0.5021283039022254,-0.04967317739901672
TEST_09044,3.4856623503459394,0.2435265127945325,-0.1816820520517462
TEST_09045,2.12991195596062,0.9895668463057715,0.7134294619819396
TEST_09046,1.5073524823087059,0.9813964149528613,0.07512050383891189
TEST_09047,2.2370559855735936,0.5040558376742934,-0.007010303559337376
TEST_09048,3.947225026634708,1.6439730509308876,0.3018690743606039
TEST_09049,2.8991006312918466,0.4958941644217162,-0.20952590413052435
TEST_09050,1.4451344593768485,0.17692654058992152,0.10694348356477545
TEST_09051,1.7097046020177913,-0.21888746425046243,0.17388972662281707
TEST_09052,2.0689714763082248,-0.13105301701446467,-0.23928803059872797
TEST_09053,3.0538556763509197,0.22989391966730383,-0.31817072696213106
TEST_09054,3.4952982709490312,-1.7367104958714614,-1.1177659708596173
TEST_09055,1.204542944322596,-0.3547989273901043,-0.013429049525211876
TEST_09056,2.7106884717496853,-0.26851992903523786,0.7051296254020093
TEST_09057,3.175681039522445,-1.118272624895001,0.8755996488169215
TEST_09058,4.252401339641757,0.0466868358681435,-0.6274430009306885
TEST_09059,1.4186990676803797,0.7058247732695384,-0.19821557066462045
TEST_09060,2.7919898337457516,0.5238490621827236,-0.9571324940898404
TEST_09061,1.6111780000483167,-0.518909396885296,0.3753529514182851
TEST_09062,1.3797071110925587,-0.42319347573214966,0.3082082942166979
TEST_09063,2.1372059994128,-0.35947579518814077,0.45730687388079094
TEST_09064,2.021365597377422,-0.02317787039945846,0.37079184153425965
TEST_09065,2.7374082933354806,-0.08550938183291117,-0.5165850602096507
TEST_09066,2.7002600786315756,0.3336104180643945,0.030486519053903045
TEST_09067,3.5332902254274936,0.5912315484816925,0.09789545518954709
TEST_09068,3.2674532380511496,0.71013072992481,0.6417395799318908
TEST_09069,3.052163384964908,-1.329923682221603,-0.7832738626255575
TEST_09070,2.227287826071781,-0.36280908650570604,-0.6170592735758772
TEST_09071,2.099977015724324,0.11897217693324964,0.33355609660736724
TEST_09072,3.4898457066769284,0.5161700267248828,0.41452400864918815
TEST_09073,2.2167782020693867,-1.3465670856908953,0.23558565981272453
TEST_09074,2.62887867977052,-0.5685428946446383,0.3707152208626332
TEST_09075,1.3044897740090835,0.08650301296648864,-0.04482011231520857
TEST_09076,4.262295360709966,0.726603851698932,-0.843616586284584
TEST_09077,2.257730282895599,-0.027524557940420434,0.34875384957389505
TEST_09078,2.754347876543028,-0.7524586471719047,0.26553449310291116
TEST_09079,1.9349228611213147,-0.7772798412746476,0.2564211337807938
TEST_09080,4.468224185634066,1.0369257670482248,-0.16242810294941956
TEST_09081,5.111858596135475,-2.0641914297571984,-0.6246433380866114
TEST_09082,1.4508409076491828,-0.9831745049401511,0.5941774988045202
TEST_09083,1.1169804970957413,-0.22449109488765928,-0.02605658658770265
TEST_09084,3.2819117145068404,-0.32715047174256,0.5432005924143516
TEST_09085,2.151062001282893,0.7401405227200484,-0.2162889106318331
TEST_09086,3.907272552182214,-0.2569831339093649,1.068861645419756
TEST_09087,2.0152944358109988,1.4151591132519616,0.6020108416931095
TEST_09088,4.148380299990398,2.2362012575104413,0.32694575285197697
TEST_09089,3.1304478495196886,0.5523920333277411,-0.26457011805348557
TEST_09090,2.38800249580858,0.45218913434696345,0.2619446872060239
TEST_09091,2.565089820595438,-0.12440103075515853,-0.20197382593534885
TEST_09092,4.320404987697519,0.017374614529424046,0.3814186774165676
TEST_09093,2.5633587882450715,0.0770593953100429,0.12820982761361505
TEST_09094,2.9253851969370026,-0.8414999373199834,0.8748804981545262
TEST_09095,2.2914256398451633,0.9616513828942702,0.8569439732357911
TEST_09096,3.3204212487214844,0.5741940818939004,0.738979832663053
TEST_09097,1.7428881921899584,0.15927867092047746,-0.37030268803108046
TEST_09098,5.094240643288521,-1.4622921346221445,0.06927138199540185
TEST_09099,3.3500990519510525,0.9660237378956842,-1.1668420579628005
TEST_09100,1.5526067599899454,-0.26622949900005793,-0.08977131163559422
TEST_09101,1.859661874658591,0.2761112029768973,-0.5154512991373922
TEST_09102,2.1667711067343567,0.15887136750090064,0.6299219084170712
TEST_09103,3.426840215879809,0.2928588221151514,-0.1523252362009023
TEST_09104,1.4276646832138165,0.11874806021183164,0.4081388957444221
TEST_09105,3.956966333812011,-0.5125835457054669,0.3579922539898064
TEST_09106,2.53652772902459,0.7294638028128607,-0.5376566463014649
TEST_09107,1.2537690989006756,0.046243238887070534,-0.20802268164879142
TEST_09108,2.828262639457008,-0.42024905419127556,0.1873930689141669
TEST_09109,1.5671672289643375,-0.2894617639785857,0.5903310811497948
TEST_09110,5.306954320442983,-0.5799497843570524,-0.7539210913772203
TEST_09111,2.662752370929918,0.942911302584264,-0.659559401183472
TEST_09112,1.9473746703883459,0.597143280010087,0.6186220507754768
TEST_09113,3.628413512158515,0.8781208426002065,0.9725972848570696
TEST_09114,1.86452300476406,-0.6546976431559456,-0.19541178917538343
TEST_09115,2.0927673686559722,0.4630565910171143,-0.45488007042162554
TEST_09116,4.462951070527991,0.5341682287458143,-0.18767280185866678
TEST_09117,2.6612224791894863,1.0345367429225036,-0.6100492292268299
TEST_09118,1.5384753396634545,-0.07550579820409095,-0.25826812760407214
TEST_09119,4.717186471740977,-1.0567783692615569,-0.7369232566053721
TEST_09120,4.188985394547328,2.463069375099806,0.25599044977928165
TEST_09121,4.078492655681375,-0.9210905858160616,0.946652826035138
TEST_09122,1.9280934207761686,0.979352432493071,0.30050459982601413
TEST_09123,2.7364052848312306,-2.2341477132928507,-0.12195478314674747
TEST_09124,1.4040397794196855,-0.00203521075005531,-0.2533558399324825
TEST_09125,2.439479336242722,0.472877021591522,0.3335333715150327
TEST_09126,4.9656171690380955,-0.5941682567287182,-0.276133686944162
TEST_09127,1.6935067071431669,0.11658828260281034,-0.44662505501418753
TEST_09128,2.001463256439179,0.14836171387944255,0.5841696225924289
TEST_09129,1.9571307703385246,0.74338445576411,-0.1583229079623938
TEST_09130,1.0688687780535489,-0.05524992421400584,0.2785184429214432
TEST_09131,2.159538694239071,0.479084198114781,-0.28368110929230866
TEST_09132,1.2216906848774562,-0.5282087107631791,-0.3608743888051744
TEST_09133,1.678531611568031,-0.3036506954075361,0.34472002197489504
TEST_09134,2.4265400279964986,-1.6153699665041399,1.208483867527245
TEST_09135,1.4544186286538021,-0.6436486251173333,-0.08381084574135068
TEST_09136,2.173312494944678,0.3351070285781966,0.9347158570607197
TEST_09137,3.629232771111973,1.704344836349314,0.8632401243204859
TEST_09138,3.08562756338315,0.04732194075150698,0.551573181600499
TEST_09139,4.379014229840159,-0.6764362508366814,-1.099049132261643
TEST_09140,2.207260742167475,0.707384037501235,-0.8421370261194752
TEST_09141,3.141232396699509,0.267596246977176,-0.423003793463636
TEST_09142,1.5671410144236573,0.04348308625107944,0.4321103248235411
TEST_09143,3.263493747566799,0.17371954069701429,0.17488055552925796
TEST_09144,3.6424775409143915,0.2975298532035992,0.5034184641995586
TEST_09145,4.4091023484360825,-0.13981841177539983,-0.7115849781414177
TEST_09146,2.6173268664213434,0.35331356648259377,0.1976860246082891
TEST_09147,1.832769335427664,-0.6686546984605989,0.016481552689747315
TEST_09148,2.832060872683739,-0.3119466837291517,-0.5431786594799356
TEST_09149,3.553811472148789,0.6598081558932131,0.08433106779657387
TEST_09150,3.0026744461800656,0.41003985069736787,0.8637853524143951
TEST_09151,2.7949907679390926,-0.39414063406879696,0.01343670789540637
TEST_09152,2.9299346951595373,-1.328246360975227,-0.4107727668210462
TEST_09153,2.7501480768002664,0.9296427114412347,-0.704573983094551
TEST_09154,2.243410845442061,0.1996025674477259,-0.17437239344075772
TEST_09155,1.067109289028001,0.0023371418039988814,-0.11553149652995576
TEST_09156,1.5468441043539578,0.31616349320998965,0.4997204642508535
TEST_09157,3.2799193112867253,-0.5809870776062483,-0.5629140125915991
TEST_09158,2.8244996687287176,-0.15166519742497345,0.19472591887927782
TEST_09159,5.647115355591968,0.7585696473672533,1.3941822150508263
TEST_09160,4.524721190237385,-1.3477845807081394,-0.10089965273985545
TEST_09161,1.9745459666715222,0.23727349159407982,0.2555928612977475
TEST_09162,1.7377200128926023,-0.03283941914675214,-0.4932996384290108
TEST_09163,2.095299261057457,0.16762652146515425,0.44691410161196343
TEST_09164,2.3535286821825503,0.42616330481916376,0.1652757085280507
TEST_09165,2.533463146317014,0.758672517469859,-0.10565219977738796
TEST_09166,1.453674907797209,-0.4590919022615154,0.2051765526374015
TEST_09167,4.555237173283855,-1.383289879447969,1.0758810367953173
TEST_09168,1.6824219408600445,-0.8391795664663635,0.21970760745930928
TEST_09169,1.1878965473853123,0.33468356536548555,0.25044727862377875
TEST_09170,2.5058954709890022,0.4012104084135653,0.8927955557621625
TEST_09171,2.3195285767810443,-0.2911762181534797,0.07929130635843719
TEST_09172,2.1005244987396394,0.16871825485779232,-0.014090399517010887
TEST_09173,2.508693352661689,0.029219940446697828,0.1137344158734557
TEST_09174,3.520587298393364,0.05370973593270248,-0.71636247423235
TEST_09175,1.3023004978881536,0.08606542410601535,-0.33039044739428997
TEST_09176,1.0279286981504876,0.006628895651201554,0.02693284857292288
TEST_09177,4.164628564252086,0.11896110865265257,1.5977326376450538
TEST_09178,1.6841368364298896,-0.01873324328694908,0.45118711529643285
TEST_09179,3.7343745473884455,0.058587174011029114,0.6984641207465392
TEST_09180,2.5807716781364647,-0.26228462580863016,0.7705987481355675
TEST_09181,0.8388480497087776,0.2531255265416199,-0.012128051076937664
TEST_09182,2.0967259908852247,0.6485758063031135,-0.051631619190298766
TEST_09183,1.2374343566418238,-0.514312252436766,0.13934596988495862
TEST_09184,3.2317903555676475,0.17672043976971802,-0.20365207399121535
TEST_09185,2.0972602020764386,0.8895620496662761,0.7445005238974085
TEST_09186,3.262478826006751,0.44095342084492634,0.09521734461364575
TEST_09187,3.984603102880152,-0.17374306715316024,-1.2490380251783195
TEST_09188,3.372811626195174,1.1212039260625446,-1.1607135449189965
TEST_09189,3.9776412552398805,0.25732570411880235,0.7707979699346714
TEST_09190,4.033162841679288,-1.2625419945331295,0.9458369130516919
TEST_09191,2.9690311180605637,0.05337401513078609,0.3717886188323913
TEST_09192,3.04317889948855,0.0845436317459727,-0.5048785896932375
TEST_09193,3.018638579043417,0.6769426886779993,-0.3138029343327796
TEST_09194,1.7618225925579492,0.3299147752639617,0.0643483807881349
TEST_09195,1.857178197125745,-1.0253514223957125,-0.7195228395659122
TEST_09196,4.271133371990106,-1.3562844513063077,-0.4502991347191644
TEST_09197,1.6370560657591802,-0.41999865679729576,0.09476537330915714
TEST_09198,2.0973765011973127,0.5945993103819075,0.773055090608341
TEST_09199,2.106660594181822,-0.24172676011251065,1.1231160900251498
TEST_09200,2.794891882189347,-0.9782872338168069,0.5264843785767839
TEST_09201,4.079394371546577,-0.22383868198020151,1.1008979419853602
TEST_09202,1.9309693879053598,1.6814516516587847,0.16206350275082812
TEST_09203,1.7435355273818023,-1.8755535466828706,-0.6377242211567613
TEST_09204,1.7752399182270282,0.5742200018378166,-0.4953715879640008
TEST_09205,1.6836877772767689,-0.4470253262803386,0.5667507547187999
TEST_09206,4.217399275763397,-0.1428234021412111,0.37543769134322086
TEST_09207,3.652775703620939,-0.268532278912605,0.3549401594761815
TEST_09208,2.919958900919106,2.2924255595506073,-0.37122687411283317
TEST_09209,3.131858548099284,0.1503313307864848,0.3879043433466082
TEST_09210,2.8343055423525927,-0.2889097853415445,0.002444443447709491
TEST_09211,1.4284704452821293,0.17373985268548459,-0.21125678617693225
TEST_09212,4.390145093812998,1.1910249125833567,0.43094428348119995
TEST_09213,3.0932137851164407,-0.36891243068976715,-0.6784017239089926
TEST_09214,1.5180719217252165,0.3781002016556269,-0.18066641002705594
TEST_09215,3.361794346603468,0.7234143273426059,-0.4460155714826287
TEST_09216,1.2723964261574323,0.08840031067449622,-0.3021770848395481
TEST_09217,2.587314939934018,-0.013548309254878354,0.6896068144482308
TEST_09218,2.204296336430329,-1.7240173471492193,0.19153933052430508
TEST_09219,3.3980467917707036,0.34015610223009,0.0221971052162889
TEST_09220,2.3792546848762024,-0.18472234631030948,0.272144435294728
TEST_09221,3.064218086654502,0.09388364143194354,-0.1624027032854422
TEST_09222,1.5443424995024733,-0.3710970454305402,-0.2607900365241106
TEST_09223,4.445695198774661,-0.4759232375319257,1.0998051018917439
TEST_09224,3.059509042797158,0.26116288156754425,1.1722238099465387
TEST_09225,2.891320843399123,0.1508906281192961,-0.8906276927625114
TEST_09226,3.1371501661993104,0.2771024352295419,-0.021723521270091806
TEST_09227,2.314054031440874,-0.6383385793535133,-0.17918552403542728
TEST_09228,2.7219604449872383,0.03835281885403625,-0.6365628314421754
TEST_09229,2.7580592443922387,1.4816174146469985,0.6958976934533903
TEST_09230,4.113154714223849,1.1872096211273473,1.677590800996054
TEST_09231,2.2466127996894034,0.6073945029721303,-0.00013021932100566692
TEST_09232,1.212927914922741,0.3204901494193583,0.36779988324077617
TEST_09233,3.755865721386284,1.9142725149994382,1.167663592009894
TEST_09234,2.5451332641265236,-0.029139868109423876,-0.032968990309345865
TEST_09235,1.5541617965161578,-0.06919455716284291,0.3377089817863791
TEST_09236,2.1613019953355597,0.007993528940455814,-0.7835954096857847
TEST_09237,1.6014744289118354,0.2664968527098379,-0.12105207801771972
TEST_09238,1.1773578678295826,0.1390294495999255,-0.23502915707552202
TEST_09239,4.938012597459368,0.7829115778935617,1.377001254114813
TEST_09240,2.1761697045875597,0.4169816516015168,0.3770296447720529
TEST_09241,2.6376477090083146,-1.575193819066968,-0.33366347641532057
TEST_09242,2.3316655468320757,-0.9444792203353712,0.4176762047886583
TEST_09243,2.9095498747857325,-1.194038527555183,0.6603881471296132
TEST_09244,2.6855093467124527,0.05047921343306047,0.29246158449785725
TEST_09245,1.8866367131083708,-0.6369586995730127,0.05925776258422212
TEST_09246,5.062909465902116,1.3177092945077558,-0.9449128194545723
TEST_09247,3.3892453225301704,0.017791870836506678,0.5011671972466493
TEST_09248,3.717097386760778,-0.6235148010642001,0.5275194527266088
TEST_09249,4.6178493349303915,0.7343201247704645,-0.2111980610000641
TEST_09250,1.3202563568401375,-0.019827530931064832,0.17664857993490823
TEST_09251,3.053397701243557,0.19407596427553445,-0.14102023999748814
TEST_09252,3.9582223711349056,1.1081330012747472,-0.11215319504975267
TEST_09253,2.708518627198453,-0.028882997652630093,0.17386847910524048
TEST_09254,3.511109871483196,-1.5390426012625555,-0.2936222803665067
TEST_09255,2.4569554440687207,-0.39518892803815103,-0.6021540604861145
TEST_09256,3.0572930981294397,-1.48077029861177,-0.74628769795635
TEST_09257,1.5830933011624568,0.47114785483682714,0.5850032288767765
TEST_09258,4.0932859700159465,-0.5702808775920973,0.5432762353403741
TEST_09259,1.6455281641690993,-0.9911416628843375,0.4674078930335183
TEST_09260,1.2436413133424815,-0.07187473816127465,-0.2555237339713332
TEST_09261,1.0071909892619004,-0.01695677437216056,0.1511261600124259
TEST_09262,2.0596486169674035,0.3076916720616778,0.03884232442230772
TEST_09263,2.210407197526391,0.16046488313815843,0.5260069973131356
TEST_09264,3.378602903210554,-0.563598577009317,0.8865829351664878
TEST_09265,2.0407148575308973,-1.1013939505816108,-0.8599711963171162
TEST_09266,2.8019861415450813,-0.4701073973185637,0.6194475571976781
TEST_09267,3.0258046429108654,-0.2240224405346266,-0.10594599060363921
TEST_09268,2.105620187239373,-0.30242458629691965,-0.006209644593612111
TEST_09269,1.9173167022860156,0.34121439130665493,-1.3131481655412085
TEST_09270,2.2755562880477216,0.4657655873507953,-0.3632044624151644
TEST_09271,1.758776569138782,-0.43523198488544934,0.10384600090371753
TEST_09272,2.082194473915594,-0.4817635421527429,-0.5531319590882247
TEST_09273,2.224391598904612,0.5195215417478414,-0.15928721452787165
TEST_09274,3.4968897084257065,-0.7799915322754143,0.8159862857121992
TEST_09275,1.936823524856299,-0.3832100907024775,0.10202072838742247
TEST_09276,2.0107855623719466,0.14443292508408492,-0.06788046536155669
TEST_09277,3.524238287876774,0.703617246981095,0.2932971466461065
TEST_09278,3.1492904466117815,-0.40571247778159475,0.19014774663944678
TEST_09279,4.762986243335292,-0.038691515825636354,0.39816048223088873
TEST_09280,3.0207196109975407,0.6887019938657002,0.7706962397580148
TEST_09281,1.809749581477944,1.2322988123314818,-0.13316901468052775
TEST_09282,2.2625693645371427,-0.34227412609981567,0.4241462240536646
TEST_09283,2.656293189182096,1.2263474591499084,0.3834976196430684
TEST_09284,2.427184151966465,0.2101631721469579,-0.13137882013531277
TEST_09285,1.589974669828063,-0.012475555344443693,0.2452243440517532
TEST_09286,5.109136662446596,0.8119742272232782,0.7009395518276619
TEST_09287,2.650630317260334,-1.3643408954009622,-0.3815350055453147
TEST_09288,3.349616453892082,0.942885662393622,-0.7004012826570857
TEST_09289,4.2264085464298935,0.042555717169655796,0.8334029401078347
TEST_09290,1.8266593415042194,0.12386375743499915,0.2893961953239395
TEST_09291,1.5486830695083473,-0.29723603961054573,-0.4065451189484268
TEST_09292,1.2438441485902387,-0.0852611365768016,-0.08053582788895766
TEST_09293,1.1142006133217377,0.1422365094090183,0.12340038446169116
TEST_09294,2.258696999414717,0.496869487697245,-0.668929720335144
TEST_09295,3.0671798824029035,-1.12474535552754,-0.40961814917303
TEST_09296,1.0050796367402322,0.5816708108299844,-0.37141972871469464
TEST_09297,1.9640425487097517,-0.15063262181898154,-0.29680348669032014
TEST_09298,4.393158462224219,-0.9882632406814759,-0.6107893241371197
TEST_09299,1.7257723253927335,-0.3300867744299465,-0.33102303844644987
TEST_09300,2.884188058861532,-0.43818743800884147,-0.12417834179878731
TEST_09301,2.1075333348353658,-0.44064471618799333,-0.45035220896244454
TEST_09302,1.3966879709526925,0.3073066893207792,0.3647548604596932
TEST_09303,3.2385083103745043,-0.2129104880405473,0.11471574953391853
TEST_09304,2.6191812790861873,0.053134924326803064,-0.13305940989206752
TEST_09305,3.396295017700499,-0.23320557318281293,0.022556399343295827
TEST_09306,1.6209940442748445,0.4458557999686007,0.18140260461759702
TEST_09307,4.244100888356732,0.14467759362940075,-0.7066225310222093
TEST_09308,1.9427409158117275,0.5058899928504089,0.04743940660829616
TEST_09309,3.0070830644316753,0.8168341381415007,0.0831637905196297
TEST_09310,4.448502639425635,1.4841160361440422,0.6258360478413956
TEST_09311,3.0352929862767346,-0.6374755638447929,-0.4979858489224517
TEST_09312,1.4445545221589238,-0.05107564718967904,-0.0030038053496337586
TEST_09313,2.196025165335388,-0.9849166068370894,0.5730789388530183
TEST_09314,3.3524165594547775,0.5322650130372322,-0.6375405748087677
TEST_09315,1.3697231962372252,0.6899252774482045,0.3386008456872225
TEST_09316,4.52425881140442,-1.873743791512736,0.4257598840403739
TEST_09317,1.6411984429939015,0.09716945650948262,0.44830719973303473
TEST_09318,2.2310490609280147,0.17501522887113322,-0.800812115393466
TEST_09319,4.283573490630527,-1.2895508278850283,2.3068334492437144
TEST_09320,3.9400123417409207,0.3349945842371949,1.1033476766285704
TEST_09321,4.768269338958225,-2.4844589846141916,1.5854210709508307
TEST_09322,3.50099608177936,-1.7189916735418782,-0.6894214852011435
TEST_09323,1.309387045210308,1.0398498508942686,0.3332822806065371
TEST_09324,2.2413739760083704,-0.25234745931374325,0.5567394586422854
TEST_09325,2.5111092065208824,0.4684467969120724,0.32276341794858965
TEST_09326,1.3904537759103037,0.3491431098097014,-0.17750351625151942
TEST_09327,4.653491966262837,0.014554598277064673,0.0732954518125143
TEST_09328,4.721859070294169,0.49595765464282826,0.2810663189234807
TEST_09329,2.096298146094561,0.3173232370042615,0.09305312059745942
TEST_09330,2.754756484726778,0.04571819054750205,0.6456093667628793
TEST_09331,3.1230319086679326,0.26158775362480546,-0.5174489157998899
TEST_09332,4.468999992811207,-0.7364228069565871,0.23857006679696596
TEST_09333,3.017388200898302,0.085839330267866,-0.029368343367882372
TEST_09334,2.97326049737322,0.40476447384736347,-0.12222220731534537
TEST_09335,4.178396280328264,0.5626756576762475,0.040814645814378915
TEST_09336,2.6054265846959743,-1.0997372640717151,-0.37993440448486204
TEST_09337,1.865935098099689,-0.22601292969677578,0.8807356618830827
TEST_09338,3.1727667044390215,-0.11696951891354725,-1.0690079795145186
TEST_09339,1.131402931980063,-0.154023219893727,-0.2866716601376036
TEST_09340,1.04349961380636,-0.23622065334050948,-0.10665062914429245
TEST_09341,3.5656957122401693,-0.215963434479046,-0.2652394944772811
TEST_09342,1.6848802181924392,-0.6050881797371332,-0.1603277766069237
TEST_09343,4.356061079843569,0.18865363586670228,1.363931983150007
TEST_09344,2.0395060783425047,-0.6725527721781417,0.39522919714009075
TEST_09345,4.057639618929787,1.6378625782231282,0.45861093741290765
TEST_09346,1.988759957086605,-0.3248449734458244,-0.5129777803416425
TEST_09347,3.674563056635077,0.36061551314361123,0.46243100156242795
TEST_09348,2.7470883070357184,-0.6711492210728754,0.3166626645104053
TEST_09349,4.168357477457778,1.5683490791172903,-0.8907168109016265
TEST_09350,2.339692193929324,-0.7346401939829621,-0.3940505610081417
TEST_09351,1.7429746878871062,-0.24299530764864882,0.20598048592181087
TEST_09352,2.941552541638322,0.8896299794235029,-0.6794432883082281
TEST_09353,2.8335914011145813,0.2040416357812422,0.773272064813947
TEST_09354,1.0964141950703399,0.11664117293034033,0.11809345715658746
TEST_09355,1.8451358840370364,-0.9420790858623531,0.36789433253604636
TEST_09356,3.9343968257512794,-1.606919009708173,0.3087993130397734
TEST_09357,3.0469453262954005,-0.5613212481742863,0.3589602373110812
TEST_09358,1.4594701234162146,0.19347621743821042,0.4542812624199665
TEST_09359,3.7447404396551662,-1.6910050878239404,0.7639488248730286
TEST_09360,4.4794655986906955,-1.6207509475788486,0.19553857185552803
TEST_09361,1.4853793551446173,-1.250841092568968,-0.012557333438540621
TEST_09362,2.582802122243219,0.13002369809119685,-0.39897464757243933
TEST_09363,3.9445412101416086,-1.3520143026139395,-0.5895943093708677
TEST_09364,2.2499318593634237,0.21784314545139233,0.4797453430085563
TEST_09365,1.1276348461338799,-0.15952583976382556,-0.3563730280261032
TEST_09366,3.544081283432862,0.0562900737580932,0.03141396149962341
TEST_09367,1.2618132317542614,-0.05568957562572798,0.2452336745825281
TEST_09368,2.926649305371198,0.9384835694649399,0.1694096563403959
TEST_09369,2.397782086590516,0.43339240866834255,0.3493013802097281
TEST_09370,0.8095692305198258,0.26979999709170005,0.21275428039982405
TEST_09371,1.6105145210847902,0.07688695887377489,0.38439299630128093
TEST_09372,2.1442022561902103,-0.5683632525216874,-0.5693798991718723
TEST_09373,2.4350767904187554,-0.44425261145849904,0.2340446174471319
TEST_09374,3.4134357503328476,-1.2382542857413708,-0.6228273038446399
TEST_09375,1.052265246756893,-0.28753957797689755,0.1711697494563463
TEST_09376,2.486713922437488,-1.0411871618954038,0.6587141171008998
TEST_09377,3.8260079795739803,-2.0686856445449324,1.4879078956888623
TEST_09378,3.1215174821514458,-0.8066201227929806,-0.1644717627762243
TEST_09379,3.042645988818945,-1.0048447734725032,0.7218145194434044
TEST_09380,2.329183784932926,0.2032427972137099,0.10007615245140436
TEST_09381,2.3575552216869724,-0.43245801584032506,0.18640274132615192
TEST_09382,1.9048299463670395,-0.29094527730811603,0.4870855733841517
TEST_09383,3.7135491097212263,-0.5489819469616508,-0.694130249142388
TEST_09384,2.448333979409955,0.1392675543775473,-0.043134671539652295
TEST_09385,3.5608039080382055,-0.1475491872642344,0.8498740870483571
TEST_09386,2.8211549268127603,0.509076125046429,0.5031935135628328
TEST_09387,3.0266812013570767,0.24343397784882173,0.5965964114953298
TEST_09388,2.8529283322489594,0.4013062186582948,-0.6138009102755881
TEST_09389,3.284148763249655,-0.505187447221507,-0.7277686093987472
TEST_09390,3.9977931435896914,-1.4365894078537953,-0.7353851940121933
TEST_09391,2.695912191937913,0.41878902834843057,0.5783314222656596
TEST_09392,1.0461515104131003,-0.18935029569457038,-0.27762232616701243
TEST_09393,2.4041407938497654,-0.8997709106833099,-0.48478939165656526
TEST_09394,3.3602292159748712,-0.44617161186788173,0.08936417029186508
TEST_09395,1.2680932541681051,-0.40016460346862454,-0.2636524729111998
TEST_09396,2.699596890073639,-0.08891686258592875,0.2672810713522749
TEST_09397,1.3719153567694495,-0.03071349435985981,-0.0010064874200602794
TEST_09398,2.368417793753278,0.7230969471944192,-0.02190416682204989
TEST_09399,3.56278010345851,1.776444011137783,-0.41735006613549686
TEST_09400,1.6686771926571395,0.2824650535025601,0.47086218216630943
TEST_09401,3.3751463207959462,0.528544946929271,-0.7602166154245378
TEST_09402,3.1985319566360273,-0.9467344286058099,0.2715250025571218
TEST_09403,1.695038200125914,0.45274753276213114,0.23164743261169735
TEST_09404,3.239313540958374,-0.41275789265171303,-0.1311227051022576
TEST_09405,1.2648653236843646,0.6472734895225203,-0.15452187319354524
TEST_09406,4.921995425832975,0.571316977663229,-0.8176199088980879
TEST_09407,3.5766006419569654,1.156988010458566,-0.21886554557658916
TEST_09408,1.817515489421378,-0.6253392547850172,-0.5720239338904057
TEST_09409,1.4717235231038464,0.655734187094353,-0.09368500372132206
TEST_09410,2.27689904267928,0.7051313688805957,0.4524045421412935
TEST_09411,2.4080545655252115,-0.0909213025466591,0.23158643162380527
TEST_09412,4.95411599162442,-1.112643157711154,-0.2885045130152197
TEST_09413,3.0409576290150437,0.6494551868507719,0.08202176761115118
TEST_09414,1.725461333791222,-0.8339162362332052,-0.357879943963212
TEST_09415,2.68061541304652,0.1830146793582428,-0.1612997188619722
TEST_09416,2.6108976704433347,0.052783156005943764,0.9534725483561465
TEST_09417,3.8387411941169467,2.321413000052054,0.6001075483380046
TEST_09418,4.425311386892214,-0.04994890345629739,1.4509579636593921
TEST_09419,3.1379176649592666,-1.3659778189507492,-0.1772427438664757
TEST_09420,1.760574265118436,-0.7082494439292895,0.36896127695503544
TEST_09421,2.089889386193668,-0.4450476520968694,-0.32920678466468883
TEST_09422,1.4576142502294658,-0.5247775583954869,0.428218060639285
TEST_09423,3.90228071196769,-0.3017992041179693,0.4708902986350309
TEST_09424,1.356530642027686,0.07719445041261278,0.3479421281537623
TEST_09425,3.605100221012249,0.8064713374172381,0.548931722079269
TEST_09426,1.895506152818073,0.21829895072755032,-0.798969543896474
TEST_09427,3.3229954293956507,-0.5998713795811937,0.18881393011784975
TEST_09428,2.5940986690404317,-0.32769043787334245,0.02168771203898761
TEST_09429,4.123553736186157,-1.0776898535858035,0.21954459904005644
TEST_09430,3.373513055574463,0.743344633830363,0.6724878119622462
TEST_09431,1.72674337247778,0.6380458511971645,0.1850310392846037
TEST_09432,2.6631876264466565,-0.9230220315865086,1.1693137825046336
TEST_09433,2.5834369871146143,0.05197272029464669,-0.004105750145487145
TEST_09434,1.9148434585907228,-0.4155635226907085,0.18381191870250393
TEST_09435,1.3972364630665581,0.2587568425939733,-0.4338262732211256
TEST_09436,4.501702052274846,1.904481336893814,-0.005051009358297284
TEST_09437,3.4174377049101747,-1.487635628776912,-0.7015453551928186
TEST_09438,1.3003970579162343,0.013729985483670833,-0.4498247806304652
TEST_09439,5.918811249450085,-1.6970916422927187,-0.10888121212827219
TEST_09440,2.489549544680616,-0.6728599075282196,0.03940485565316182
TEST_09441,3.172785472071881,-1.1830101214488908,-1.0313440636619011
TEST_09442,0.46605099979939857,0.35817187745371215,-0.19343024353498747
TEST_09443,2.524344384605166,-1.5896701520300638,0.9162629497439763
TEST_09444,2.0031012552027048,0.041901294541249336,-0.09413591568762121
TEST_09445,2.7781719033973986,-0.30437196270957734,-0.07471848389234871
TEST_09446,4.357821949780667,-1.2707334121439386,-0.43460063935827986
TEST_09447,4.9526885406145835,-0.6661367461776859,0.8190655968054282
TEST_09448,2.6556290556152855,-1.3491111141706118,-0.09867856385034073
TEST_09449,2.4367195715506167,0.06495136827030576,0.24453098203241422
TEST_09450,3.135149384760107,0.6443757915734045,0.8236264547029016
TEST_09451,1.4224102110996157,-0.2243454796037997,-0.26485764506369336
TEST_09452,3.2089769319183294,0.9894261209884972,-0.23061733304009138
TEST_09453,1.0947921734933823,-0.04088276267021228,0.2964239616280652
TEST_09454,1.5189393138984915,0.5191157608796597,-0.09883833263306294
TEST_09455,2.3027662379287386,0.6631363680284632,-0.5661861953647728
TEST_09456,3.1887486729101036,0.21422145403691112,-0.06436438080072268
TEST_09457,3.1821516795626703,-0.14927006458238362,0.5950353076643382
TEST_09458,5.548578127305121,0.33836426204707326,-1.1474934854074466
TEST_09459,1.342219815880562,0.5797025600388884,-0.41307893112689414
TEST_09460,2.7165635924518754,0.5086798736190061,0.25159030535931454
TEST_09461,2.431673521579487,-0.48263671270248115,-0.3752290052382288
TEST_09462,1.927213002307584,-0.2352975047871793,-0.1931705290119274
TEST_09463,1.9326786951682067,0.5471859075279697,-0.2586351202619238
TEST_09464,2.834089136854292,0.13253675457312933,0.1830705286282528
TEST_09465,3.078240762522815,-0.5422674464671048,1.6286360862298437
TEST_09466,2.525024524015869,0.442055537615668,-0.12555795568772046
TEST_09467,1.161207331169655,0.2262800207230906,0.126139268354513
TEST_09468,3.4307150570190577,1.3338174782346548,-1.1417345522328652
TEST_09469,3.6685561872212267,0.5442021153656943,0.5031163312686455
TEST_09470,2.7765807899654025,1.531921566591889,0.12249716009530318
TEST_09471,1.0697655357761822,-0.36893824323729446,0.025196823308362405
TEST_09472,3.353293214114572,1.4375029266990198,0.1679392851053813
TEST_09473,2.6144006733097576,-1.4286349997055607,-0.3272079873088161
TEST_09474,3.6107247127731488,-0.4866821851171222,-0.1387301197285082
TEST_09475,1.713498144203867,-0.05319155682199964,0.2955906816384816
TEST_09476,1.8373681094175718,0.6760391823246824,0.0426858489607118
TEST_09477,3.7391638499926474,-0.3869098327258594,0.43866811345801093
TEST_09478,2.786110368654063,-0.03461013058725072,-0.5073661553440196
TEST_09479,5.157813605756981,-0.503579659212216,1.4304100970252245
TEST_09480,4.001340249344201,0.2210160260118882,-1.4131522495220858
TEST_09481,4.779647071280232,1.7727072287705425,-0.5706842533020703
TEST_09482,1.3181349473372699,0.07165619745214245,-0.33199598187040313
TEST_09483,3.9805523620460117,-2.244176101088151,0.603535394961375
TEST_09484,3.321815385953054,-0.1553489679266633,1.0802218589203079
TEST_09485,2.084396476647413,0.16329143724471606,0.3723639187067167
TEST_09486,4.766830931397923,-0.4483701251713656,-0.3983178873031906
TEST_09487,2.817105978990163,0.853923258247216,-0.4378324175448048
TEST_09488,4.95781612730379,-1.2858981128687954,0.5579637298827178
TEST_09489,3.4634148860309795,0.0287255521590418,-0.1669270648368986
TEST_09490,2.382598578255224,0.1604333015249719,-0.22157942013041484
TEST_09491,3.3550090288651013,-0.22627435747524097,-0.13902558626095296
TEST_09492,1.3012697604402739,0.3957224769668789,-0.0023534521419991575
TEST_09493,1.103568835056086,-0.12601692901894992,-0.06567835286106048
TEST_09494,1.653077068913889,0.9694918639133691,0.6706199309312747
TEST_09495,1.7105323964274994,-0.5154292346632199,0.02071068198913222
TEST_09496,2.371755832518274,0.9372054978285552,0.4076108156336527
TEST_09497,4.054920386896325,1.5196026991202254,1.2909874278381808
TEST_09498,3.8201077669503296,-1.2233863938285834,0.7142190185939927
TEST_09499,2.9790980422111017,-0.04291798825456678,-0.883560102247861
TEST_09500,1.704315921535383,-0.032816750816975535,0.20522479529798193
TEST_09501,3.089115919943549,-0.53862845071228,-0.15800742832319936
TEST_09502,1.7920396834012167,0.26966481443022267,-0.33042309705839623
TEST_09503,3.8721067125477555,0.32150337955114633,0.47745245102759876
TEST_09504,3.0403576471566045,-0.6873586123719644,-0.6555710731999875
TEST_09505,4.157369696656241,-1.1241464807068566,1.976956628546189
TEST_09506,3.1707629421850925,0.3982575428662958,-0.8436976539586061
TEST_09507,2.2270134433836355,0.4851085354688421,0.43819390821541854
TEST_09508,3.0668090480081736,-0.1630452671467555,0.4908757891894406
TEST_09509,2.135727473069943,-0.252236592265183,-0.3204332223257235
TEST_09510,2.7345158361006905,-0.8616123048184222,-0.43263135263127594
TEST_09511,2.0362719962557696,-0.4370728991523955,0.1346245062706045
TEST_09512,2.1061162256308665,-0.7927835363879575,0.802771640033982
TEST_09513,2.2502696448684554,0.07158408974281255,0.3342970402345904
TEST_09514,2.4246396606106115,-0.10507344951632819,0.10346597457203599
TEST_09515,0.95331497828704,0.08571763512730726,0.2280539860118299
TEST_09516,4.777928851796363,-0.7218918323506608,0.770047571065954
TEST_09517,2.107735448611796,0.5933530618554298,0.592342591034779
TEST_09518,2.2068335892426965,-0.3380223323436645,-0.5348727688776714
TEST_09519,4.464158355299151,-0.4315910552150955,0.8480342409125112
TEST_09520,1.4462348948136752,-0.859582759297273,-0.3498767560873942
TEST_09521,3.3919074544093504,1.436004261773948,-0.8755655218471472
TEST_09522,3.9771572769296344,-1.4273422392367938,-0.019125039193602863
TEST_09523,1.8412989700965516,-2.1425781707450335,-0.28634986903551113
TEST_09524,3.1407341807672253,-0.5193829225841661,-0.9919152396683242
TEST_09525,1.899430621377386,-0.007849670042577677,-0.3790335169196698
TEST_09526,3.3334214130614166,-0.5727229445399076,0.2944720171714069
TEST_09527,4.819374215398904,1.6448491999911545,-1.0160989531098918
TEST_09528,2.0256776605296407,-0.47670668604137395,0.6176436482714258
TEST_09529,3.080215459716167,0.04824687274371016,0.23951015961473995
TEST_09530,2.986482036146246,-0.23041122399436165,0.17260807764324676
TEST_09531,1.0506023232286736,0.012077762410829319,0.16863562083554273
TEST_09532,2.233674247604828,-1.129328430506351,-0.6420517449941155
TEST_09533,2.27115510664635,-0.13158369943435114,-0.08464199297075911
TEST_09534,3.047702951043412,1.1578197424403707,1.1993811358075277
TEST_09535,2.0643106944539427,-0.02472103050687199,0.20731024315129876
TEST_09536,1.7867870072614966,-0.994530534406264,-1.009633355398614
TEST_09537,3.180679756476493,0.9113948416555746,-0.35223688218267935
TEST_09538,4.732842828904226,-0.6930092944853492,1.0989651671590959
TEST_09539,2.9196584698720884,0.18549752970097344,-0.04478240577177372
TEST_09540,2.7056056438312113,0.2581970684309376,-0.006478603512280964
TEST_09541,3.3698075653579638,-0.6121253475589917,1.0365637437173971
TEST_09542,1.1318873172716961,0.2878501177553847,-0.24448761696519852
TEST_09543,2.1202226262926493,-0.3392510726657101,0.34080611390403737
TEST_09544,2.204469019821975,-0.17126589083327262,0.3488149627734137
TEST_09545,4.6934112934793175,1.3050447697941416,1.5109265180216374
TEST_09546,3.209828996824153,-0.4361327765779454,-0.5046590350871747
TEST_09547,1.327315383173162,0.1290742936601696,-0.23443213207552188
TEST_09548,3.0264235180093086,-1.358582599237141,0.5596569823102377
TEST_09549,1.6908718297114609,-0.24537653062284628,-0.585698457115321
TEST_09550,2.7333207911327926,-0.6009689985780458,-0.6968352331572936
TEST_09551,3.0095233666842227,-0.43462652913708666,0.3503994071138043
TEST_09552,1.9840564933435927,0.6548682493219091,0.8035836787244558
TEST_09553,2.8394362571884835,-0.832167161330013,0.5816506446569287
TEST_09554,1.3018965511248246,0.18103027778984154,0.09358438585521894
TEST_09555,2.0149173446612654,0.16209156514770454,0.007821978992788827
TEST_09556,3.8094191976567857,0.08828842482022206,0.4864358019357577
TEST_09557,1.165894796612401,-0.459742563765649,0.07031914154785165
TEST_09558,1.7204099280455438,0.7766948442930575,-0.1530502183809439
TEST_09559,3.6190654916090903,-1.3489860591981127,2.0839528173439907
TEST_09560,2.987852271134533,-1.5220319178199473,0.7130775503592047
TEST_09561,2.218656180228804,-0.27370202479167155,0.6218198955891222
TEST_09562,1.591730724476364,-1.1282077713040484,0.5897373087544172
TEST_09563,2.37510812257466,0.0923855104992691,-0.28476466791087407
TEST_09564,1.6611780111312855,-0.041560880175444535,0.3167116302492535
TEST_09565,2.1618477822669058,-0.11760130434413439,-0.1218259932561713
TEST_09566,1.5103272218516317,-0.27926957590386725,0.29036427584482066
TEST_09567,4.800770003669239,0.3211278006314406,0.14799115050637077
TEST_09568,2.7515288754633347,1.7765497840698237,-0.5118692428295913
TEST_09569,1.8386924668665108,-0.41157416646947104,0.2884616327011838
TEST_09570,1.797388252096382,-0.23508260120552102,0.10120480304242507
TEST_09571,2.007382721347103,-0.5284154017294811,-0.2460935450040222
TEST_09572,2.4136817032814024,1.0010090828655658,0.29009939605168256
TEST_09573,1.8216386062924073,0.25775745013791845,0.42625084065779056
TEST_09574,2.7214169831485413,1.1933094540188964,0.8487278964479531
TEST_09575,3.1151293107560614,-0.16549329293183118,-0.8284931830969668
TEST_09576,2.429739322725546,-1.2560871981885902,0.15879249433769216
TEST_09577,1.9054208776908828,-0.09796664276488368,0.06651845317383306
TEST_09578,3.899184413480949,0.5072105593410947,-0.8186152477917464
TEST_09579,1.3772488005903394,0.9081707807797933,-0.3370587018233049
TEST_09580,2.0635950347545466,0.09716277604472992,-0.514351228443073
TEST_09581,2.038266799900908,-0.6168246365133813,-0.718443155733903
TEST_09582,1.6178996716053173,0.02491408407425354,-0.3123701273367538
TEST_09583,3.0901339104038126,-0.9340072896183136,0.8487638998056981
TEST_09584,2.8749491560945426,0.4069642098167528,-0.46288038227251305
TEST_09585,4.428573792470991,0.9236896216310688,0.48329777828333026
TEST_09586,1.7001681246435,0.48364610062555696,-0.14354944911103923
TEST_09587,3.059267395532231,0.5403830216934745,0.5959938026921191
TEST_09588,2.5731318422222316,-0.609419697478759,0.41175683791724244
TEST_09589,4.037299889139302,1.4886365196801388,0.2968312670801994
TEST_09590,3.05866343406931,0.1808801361306925,0.8131000776287696
TEST_09591,2.788258776231226,0.2993480646068649,-0.3593015821893986
TEST_09592,3.6633881451970023,1.6689843690859303,1.913014926064486
TEST_09593,3.2528272191326777,0.3381408936365177,0.7128981810414785
TEST_09594,3.5937455924584856,-0.7592661841564994,0.5607125793843347
TEST_09595,2.138178647628278,-0.2325238240760771,-0.8406280613935088
TEST_09596,3.7604039666893145,-0.44305644416356194,-0.4537969174931923
TEST_09597,3.2214714706480296,2.3019555138016985,0.6237460414389636
TEST_09598,2.1560250247407073,1.0300309149123525,-0.06030656612246206
TEST_09599,3.572331874259411,0.8105519711896253,2.005563868832456
TEST_09600,3.567023428570054,0.10170268584369004,1.2678026778900864
TEST_09601,1.0063247817451653,0.2965549413002106,-0.19947174434317144
TEST_09602,1.7277770696566317,0.6406842705934952,0.4443699919821915
TEST_09603,2.2917762368545316,2.0077701707003084,-0.11832379412706567
TEST_09604,2.9140252351465206,0.08703924076082656,-0.14070924920726874
TEST_09605,1.5096889353934393,0.20930833145003813,-0.33936894408799323
TEST_09606,2.150422693211597,-0.15643111879032703,0.19801750633189427
TEST_09607,4.018417259529852,-0.11763443267049506,0.9397119375148384
TEST_09608,4.860473340021195,-0.5481531120417553,0.13028933327407727
TEST_09609,3.66064238911694,0.10631207534598086,0.16806943046027462
TEST_09610,2.6227411381851535,0.01758074732004413,0.708561460458597
TEST_09611,2.2828774235393237,-0.14438090849382665,-0.4588512210018774
TEST_09612,3.516996209666716,-0.7734186239815823,0.36957698812826156
TEST_09613,1.017099120279423,-0.4081274236078437,0.19937735176806956
TEST_09614,2.935218930878803,-0.8594274522923206,0.12658238034575797
TEST_09615,3.656334146890019,0.08902773183861554,0.6063155421834284
TEST_09616,2.6826300453905985,-0.349662903014091,-0.30277478221209897
TEST_09617,3.9482615280085573,1.22603221291015,1.2540551186710613
TEST_09618,1.3727210733230377,0.3206815827341414,0.3714524975603864
TEST_09619,1.6053437487642561,-0.46174291790937577,-0.5436850259900339
TEST_09620,2.019437559688474,-0.19977577962197568,-0.020520471532357247
TEST_09621,3.535188689829316,0.002772888054747076,0.014326987300270494
TEST_09622,1.7797681510882288,0.09275077400798014,0.4178620726434982
TEST_09623,2.1192154549406466,-0.3392905182905577,0.6551778176709507
TEST_09624,3.4564964221189114,-0.23888080448606888,-0.1699564958554469
TEST_09625,4.809091016852235,1.02063965422695,0.6014649836704771
TEST_09626,2.6700740255065756,-0.32689987223010186,-0.6219072802616655
TEST_09627,1.9770425273591306,0.32980128005027215,0.607341074502188
TEST_09628,1.8045521990427207,-0.10364919941203715,0.25450224888968087
TEST_09629,2.0386882885288147,-0.37333282541016005,-0.7586889038643417
TEST_09630,3.8244394027184136,0.8156810516269005,-0.1190598537024663
TEST_09631,2.6293448014630636,0.16424808204526478,-0.0731909555151101
TEST_09632,3.207754162514719,-1.1872006129471289,-0.5823039030524032
TEST_09633,1.689800541316876,-0.11755579987270956,-0.4763457311420049
TEST_09634,1.931123840249862,0.1554599548306301,-0.3575739533765227
TEST_09635,0.8166279062846227,0.27565179181469135,-0.12802280009759592
TEST_09636,2.375836377036197,1.0978681615252608,-0.6637885274740132
TEST_09637,3.3744476582407517,0.39438426966911055,0.7054514498580986
TEST_09638,3.623359461288284,-0.12755860406525069,0.39028625246987186
TEST_09639,1.9865009636711948,0.8586234126955267,0.5888503457204657
TEST_09640,1.9721025878448277,-1.2603954374711057,0.034146937905179225
TEST_09641,4.224015650347292,1.079985011613783,0.889328571139742
TEST_09642,1.816404577435865,-0.38552304373892643,-0.738654628063299
TEST_09643,0.9840622697303313,-1.0088592864329653,-0.163741085377235
TEST_09644,2.3025155641571176,0.9487282520966915,0.521934760214536
TEST_09645,1.7703151635743997,-0.936493609181403,0.33032720351568634
TEST_09646,3.643510355644843,0.009285180916486531,-0.26509623582758357
TEST_09647,3.6030803917536485,1.1807311783548866,-0.39849994581375514
TEST_09648,1.289436877837542,-0.9123916966772957,0.38396856678113683
TEST_09649,3.772321418976816,0.004929324529688561,-0.06381201245636052
TEST_09650,2.147265989089285,0.056318057263842,0.5063194820680191
TEST_09651,2.2251998087230773,-0.052345107304191285,0.06024212368488251
TEST_09652,5.11005056969585,-0.4319540528437629,1.1637652245862955
TEST_09653,2.3156528664820266,0.2795056296231428,-0.40121687015808544
TEST_09654,3.391715546748292,1.7872087561630259,0.1873395352936516
TEST_09655,3.026814178081921,-0.22316870676263983,0.4089069258700121
TEST_09656,2.1220684038209594,-0.31888647790859226,-0.8051951079900946
TEST_09657,1.862049514082226,0.39632272700194165,-0.33623398565776136
TEST_09658,2.4254184461217276,-1.5699813095586714,-0.7832474884902313
TEST_09659,3.606689606051265,0.47132585520635434,0.3162282662699741
TEST_09660,2.4278014014321676,-0.20516221550231362,0.01800589137790553
TEST_09661,3.3169110795733996,-0.3038702733029549,-0.033377270172700056
TEST_09662,2.0610315737259866,0.14252969801537058,0.2940446442050208
TEST_09663,3.016063431924967,-0.5213199382558064,0.29913054730464894
TEST_09664,3.820816776886991,0.004958040957892525,0.19113569783037457
TEST_09665,1.7107168115622615,0.39367079839032143,1.039358969137162
TEST_09666,2.4917148762487926,0.18391647702010946,-1.2402303414013243
TEST_09667,4.289215221001548,-0.42796940619434537,0.1587757939766996
TEST_09668,2.759724895770752,-0.6419620297327758,0.47229189477306016
TEST_09669,5.060705338760785,0.933841395882335,0.01565288889879173
TEST_09670,1.0407735854075935,-0.3764166046441599,-0.048910375521318925
TEST_09671,1.3644482758517993,-0.1432351666094928,-0.030681501168710743
TEST_09672,2.5153972455523443,1.5075799303427824,1.21036502030682
TEST_09673,3.4069682689783796,-0.4235776523667576,-1.151290106657536
TEST_09674,1.8325696653071608,0.17019255066052802,-0.2671147485426054
TEST_09675,2.3796963895497716,-0.6581388340083822,-0.6305002711930539
TEST_09676,1.5572851574567508,-0.7878629801847218,-0.15135737132879468
TEST_09677,1.3512669667879027,0.29540289862296004,0.17211695675142183
TEST_09678,3.4489259308493585,0.7943811500237341,-0.9180326930398929
TEST_09679,2.370177157470284,0.6481167449387524,-0.2296808410096586
TEST_09680,4.453288980175556,-1.892657109174382,-0.23035313779363184
TEST_09681,4.608858549694411,0.37449393082418175,-0.1899223411697086
TEST_09682,2.5952900011525686,0.738076660551077,1.3247122802408338
TEST_09683,1.3991089231579794,0.40273646544085334,-0.4299023995239514
TEST_09684,3.7192625949063,0.9673732645884449,0.2411098855074851
TEST_09685,0.8771662535665892,0.11961087656257419,-0.17612868828881303
TEST_09686,3.4023863496008793,0.9497004872397418,0.36140589814483287
TEST_09687,3.5011696851606504,1.0916807931846852,0.47653747915938827
TEST_09688,5.344070229521166,-1.1948925199948086,0.6552695929816654
TEST_09689,3.8114479526606004,-0.1412431278412458,0.34337353852289265
TEST_09690,2.1074091677947333,0.5096536811670597,-0.3333308825377423
TEST_09691,3.3586910585161966,-0.3498435932857391,-0.3784279162023377
TEST_09692,1.242133133600468,-0.18195871105397848,0.14663147126515547
TEST_09693,3.253913364357779,0.6228273619839585,-0.5502279640827502
TEST_09694,1.1238960641167124,-0.5631852031498324,-0.27347090791017337
TEST_09695,1.9976821733893444,-0.08230895837786142,0.4871242455134511
TEST_09696,3.029657662723324,1.1325243323358711,1.8987019422738929
TEST_09697,2.9993655791284466,0.3626482162240666,0.06452925076855091
TEST_09698,1.7875908035195196,1.4167863804212488,-0.35813210409406654
TEST_09699,4.694192530235416,1.4401574559176828,0.5859589514852462
TEST_09700,1.958063307868145,0.5223136987112459,0.5206992722729139
TEST_09701,3.0172609616519206,-0.0737582897376011,-0.18510885288500137
TEST_09702,1.7145133288846277,-0.5034121805171142,-0.12463693619716035
TEST_09703,3.0108292340974714,0.76545881490951,-0.22174048763534854
TEST_09704,3.4875664740430485,0.3210941909998675,1.04827552874644
TEST_09705,5.64926627992112,1.0114151847995971,-0.3733881830422774
TEST_09706,2.8754199445603423,-0.6055347131227931,0.4808924373128155
TEST_09707,3.60609477843216,0.07234291900103432,0.4039209062092628
TEST_09708,1.5259875983355216,0.6592198772723475,-0.4468289964052251
TEST_09709,2.4586810454694237,-1.276928130051157,0.06867402417821282
TEST_09710,2.950948483236907,0.04744960240579902,0.9292094955947983
TEST_09711,3.075163479528678,-1.0069428645696874,-0.7075423990825139
TEST_09712,1.820391102684051,0.39738948592337975,0.164950920239184
TEST_09713,1.7691580303716161,0.18089824090623427,0.24213861526708316
TEST_09714,2.6011463150093155,-0.1628991074013737,0.10465719052554051
TEST_09715,2.285676613627899,-1.1652000053529021,-1.0077425040438093
TEST_09716,3.4439857578371473,1.5958568350971107,0.05363877965493331
TEST_09717,3.2434539547630403,-0.7122747379661633,-0.3643941606601005
TEST_09718,1.5923159460908567,0.9080596203515674,-0.1627250978259834
TEST_09719,2.819865972323731,-1.356443403415309,1.1820024509922284
TEST_09720,2.825649420110697,-1.7989199662893707,-0.8676525515590757
TEST_09721,4.1242163143197,1.089322048495463,0.523031558163826
TEST_09722,2.6983663592242775,-0.49686935044749186,1.5386814919772343
TEST_09723,4.249836089935527,-1.3039769787145257,0.5638916825806551
TEST_09724,2.4283930700386738,-0.022523586301342925,-0.17736237626128967
TEST_09725,1.331779712955663,-0.31106665146298923,0.1820357935726142
TEST_09726,1.812081988233218,-0.8704733833062333,-0.3416943538787872
TEST_09727,1.9284644748022117,-0.436215990765105,0.25363825347861296
TEST_09728,6.2408782631122675,1.8687349484092608,-0.901042270779986
TEST_09729,1.5192472171945286,0.2673188895787775,0.15628906126380746
TEST_09730,3.139894760536061,-0.33991620735325045,-0.726926808338558
TEST_09731,4.26846910631528,-0.21530772279293967,-0.6271127469006321
TEST_09732,2.312348345688509,0.8328358427183759,-0.4780154654525237
TEST_09733,0.8507096356448058,-0.05297688809104749,0.023194141072064117
TEST_09734,2.630560586096051,0.3800351984302131,1.5370845090534264
TEST_09735,2.035127753983533,0.6414740336427773,0.43680161812016494
TEST_09736,2.13794495191961,0.007403136387998013,1.2948310638333658
TEST_09737,3.383086617093499,-0.9665578537324593,0.04206079401895234
TEST_09738,3.252089412961805,0.5432627784704136,1.3448345342369494
TEST_09739,1.9357330855261274,0.6000058787873079,-0.02230530884654228
TEST_09740,1.4731832577234802,0.0696816180089057,0.26168822342910575
TEST_09741,2.349816175694349,0.1134978082911315,0.3071742386677777
TEST_09742,1.3013429795937794,-0.42046697547608686,0.24736636073056992
TEST_09743,1.7887442620380984,0.6665515890915775,-0.24498282410056
TEST_09744,3.9286759245793865,0.05312628304864148,0.34343048056445946
TEST_09745,2.862460428642658,-1.6393298031908563,-0.8022117817925207
TEST_09746,3.3723314953767005,0.5613421580084843,-0.735147677562799
TEST_09747,3.4948107380563593,0.3270627344804022,0.030954668733021905
TEST_09748,2.693152852150361,0.1378483211201296,0.7152947475275644
TEST_09749,4.503928604249686,0.38695724784715724,0.7136263444739982
TEST_09750,4.860991690059332,-0.25591176973348634,-0.39301177334185344
TEST_09751,1.5239905865137389,-0.14274875686350014,0.02331170993176002
TEST_09752,3.23300404143903,-0.8386401891061341,-1.1080347432580337
TEST_09753,2.325173942772782,-0.2831712531538838,0.19861376213710694
TEST_09754,1.966350756816465,-0.3000934287154972,0.30654472803536
TEST_09755,1.070535884799474,0.15939348509183904,-0.04826034887445569
TEST_09756,2.468989643548969,-0.04838266450901873,0.2096919789637922
TEST_09757,1.5155129411371013,0.701543341332032,0.42084738407534245
TEST_09758,1.9612492844194513,-0.7678330237541482,0.898610931569357
TEST_09759,3.106916625949012,1.8462469860542736,-0.27543503041867295
TEST_09760,4.247563803990561,-1.8379999903704112,0.2844788236600207
TEST_09761,4.791335359529144,-0.22243902716210828,0.5178622848686947
TEST_09762,1.777883658111664,0.11820217487152167,0.6675352654667442
TEST_09763,1.3379206896630857,1.0767072782740335,0.5914749715292403
TEST_09764,1.5152103812285576,-0.001702787912168549,0.23954637971841902
TEST_09765,1.9922843781016557,-0.2963801363902371,-0.21111889097486955
TEST_09766,1.484398330090032,0.304162079467889,-0.07299552168364136
TEST_09767,4.423177430618801,1.046408227288966,-0.8314243562977223
TEST_09768,1.4981476845171642,-0.3622504016469393,0.3467634725598278
TEST_09769,2.9990010216253857,0.14207155786027353,0.329865685765947
TEST_09770,1.9799913505885407,0.2633391169402625,-0.5888334980996162
TEST_09771,3.593357981914269,-0.41211085232323064,-0.05753345213194318
TEST_09772,2.99109169925319,0.486374447667656,1.1508374549245028
TEST_09773,1.3007996349583617,0.031864619738383206,0.13607156565622205
TEST_09774,1.632956119183599,-0.07457914293096801,0.5133349524116111
TEST_09775,3.1427865911164616,0.30981624154452014,0.6779824972917146
TEST_09776,2.1952980112989593,0.5300188327718391,1.1148598789106476
TEST_09777,2.0167144675746416,0.563525799468651,-0.26453614755251
TEST_09778,4.845836626694005,-0.8565265353442265,0.2961608228921861
TEST_09779,2.6224089299068343,-0.6404077853244518,-0.6144991530061688
TEST_09780,2.462309404516075,0.40891778894576997,-0.29232507039009287
TEST_09781,3.229645127556235,-0.28482189141840997,0.4328142177555919
TEST_09782,1.4864524922676583,0.32921650512482414,0.3650859879755671
TEST_09783,3.074047474745879,-0.5166479185610126,-0.8290947320692188
TEST_09784,3.8575392957039103,-0.06531999898667107,0.9124490221763449
TEST_09785,4.283144469783667,0.5453603217665083,0.5947177502077037
TEST_09786,2.3726690354785833,-0.4532434364986252,0.9131382685696584
TEST_09787,4.248625181516197,0.5573242464528453,0.06872912051163801
TEST_09788,2.0312149388987435,-0.2094428136983978,-0.256036615896819
TEST_09789,4.386716462587223,-0.7709611792278481,-0.020114180268102
TEST_09790,1.1402401585690394,-0.06734802996249337,0.35042056145634687
TEST_09791,2.3527962564167226,-0.04819770320899123,-0.049275149500904725
TEST_09792,2.376700368976124,-1.4678828042183554,-0.271448843201172
TEST_09793,3.0531551366709397,-1.5513064057258241,1.1244060358719727
TEST_09794,2.968468770530397,0.19917286377779259,0.6202225110179374
TEST_09795,1.9163639394491963,-1.1201042345276957,0.2509695570397652
TEST_09796,1.8772256106263532,0.2683839853080244,-0.2666100704354954
TEST_09797,2.111625933921779,-0.30271510838607885,0.4956234225183839
TEST_09798,2.2462992001701796,0.28018704123720767,0.7873201248876481
TEST_09799,5.47126116827208,1.1457888087791381,2.0784907211078734
TEST_09800,4.347826511532666,0.6069319142911506,0.5301173054063304
TEST_09801,2.0200516976492935,-0.9431084590677546,-0.36327880366225557
TEST_09802,3.9923634337486567,0.04593012661160226,0.40919406251109075
TEST_09803,1.2586463949305846,-1.4937741999270442,0.17285136621082492
TEST_09804,2.226366975848149,0.17654954079840238,-0.02064633205415004
TEST_09805,2.8147387574657627,0.7749826525176524,-0.532066980624188
TEST_09806,3.4749946084263037,0.9591274666979339,0.8889313672923482
TEST_09807,3.301955973438804,-1.028333083143078,0.5728999783732128
TEST_09808,5.406701822462684,0.11194786228485978,0.8243377283822154
TEST_09809,2.158072324780671,0.6483238874044587,0.16258816039619317
TEST_09810,3.2405038241190476,0.1851547354533013,0.9018485474030442
TEST_09811,1.1062784049276244,0.46105108955367907,0.03910044033985516
TEST_09812,3.330222839908574,-1.659159818035621,-0.21275149018721143
TEST_09813,2.817054062901511,-0.33379255222544224,-0.16680748280092592
TEST_09814,2.6656731588678695,0.9653231267601119,1.3697098362836209
TEST_09815,2.27903566182261,-0.19068645562713277,0.12903183507516114
TEST_09816,2.569968010644847,0.16924105199977357,0.8786198444866437
TEST_09817,3.1514458973239474,-1.6651363302695852,0.46177569769110277
TEST_09818,3.7379659655884767,-0.14615511951257418,-0.8950513201083266
TEST_09819,4.047986396125171,-0.1180566120411873,-0.1104451532029874
TEST_09820,2.4044015489878094,-0.2752790922499974,-0.34316384703872826
TEST_09821,2.2051472791450086,0.3155393216476952,0.7076000011898217
TEST_09822,1.4627568790916563,0.4519347045285218,0.5061336001016574
TEST_09823,1.8932073821974411,-0.5063138443933228,0.725430488832822
TEST_09824,3.92740942375901,-0.46677914803124854,0.3823427163913533
TEST_09825,5.288328851364082,-0.8364656771740581,-0.051426995312489204
TEST_09826,3.477452020513446,0.3237605143775636,0.6408609811825248
TEST_09827,2.66617602462362,-0.6666198670200507,-0.316660460475476
TEST_09828,3.7118381893644017,-0.22804834951985412,-0.505747780608994
TEST_09829,1.0120411278588355,0.2538142102000917,0.6632368957861488
TEST_09830,2.8236232260493805,1.294375550419188,1.1421361987258505
TEST_09831,2.9085767117420276,0.7705265992016249,-0.5290878240472882
TEST_09832,2.851664102630881,1.2165815506462663,0.8246112909485667
TEST_09833,3.5605240038167585,-2.1127398021932784,-0.35247668522490205
TEST_09834,2.853982687905393,-0.11218816087226234,0.6578156388225652
TEST_09835,1.73299414034273,-0.6339481605093004,0.4514317771255451
TEST_09836,4.014287664000167,-0.6071399022182282,1.199429616408427
TEST_09837,2.639397061343854,-1.2769387199246647,-0.19750624419666218
TEST_09838,2.8923946276956642,0.339566929610737,1.2186391296370342
TEST_09839,4.013326008828653,-0.7436152834039761,-0.8993199225368685
TEST_09840,4.12245530334455,0.34255604172575976,1.603032746537682
TEST_09841,1.9013990830474916,0.5856227007878816,0.17084971341382432
TEST_09842,3.74996137196759,-1.1468964636335333,-0.3689993375253533
TEST_09843,1.494187078481952,-0.3979703571123995,-0.06783142522031144
TEST_09844,3.0264275683779576,-0.5421604575293566,0.8694407249771164
TEST_09845,2.3768741594320115,-0.10392433853294307,0.20275815617884402
TEST_09846,4.295509558577173,-0.7225488829544904,0.0709737275264151
TEST_09847,2.686297200183085,-0.8887176872660728,-0.4446025642722056
TEST_09848,4.460210773727725,1.4074735423548823,0.12262858538261934
TEST_09849,2.110776183142976,0.5456300316820887,-0.1253214137778044
TEST_09850,3.1842943866369597,-0.4883812332349935,-0.5188398827721581
TEST_09851,2.5949871724951064,-0.022995950090125842,-0.18939091563066202
TEST_09852,4.848748187695056,0.9259380471536327,1.2527615141346162
TEST_09853,1.504735661874615,0.08059013962331683,0.13622425988764178
TEST_09854,3.040883731973389,1.045004637154524,-0.8447244552340877
TEST_09855,1.9522561594662637,0.8638118778088067,-0.4025215393414948
TEST_09856,2.428591265083067,-1.0484493664555887,1.2605617702799317
TEST_09857,3.867452356489322,-0.8903815943848205,-0.5641349270549236
TEST_09858,1.6856610400004195,0.7267244539060519,-0.16931360858831018
TEST_09859,1.9906468420908972,-1.002819982039256,0.44092499235732213
TEST_09860,2.60168145375633,-0.6565402653325276,-0.2848623723237189
TEST_09861,3.3732993343865942,-0.23849575885299548,-0.6006572736693618
TEST_09862,1.4762424625500667,0.2682888157404111,0.2834136491171814
TEST_09863,3.6187013027443555,-0.4933017510841129,-0.06469574172208677
TEST_09864,1.6811453803372467,0.396222613919609,-0.6354661877053985
TEST_09865,2.970208691899978,1.5768511768296396,0.5939548783027382
TEST_09866,1.632564119289834,-0.7209870532012472,-0.3562295236686807
TEST_09867,1.8426652448494836,-0.4900280776472342,0.05044910723812694
TEST_09868,3.376648301043699,1.0350952272630425,0.053039122051151064
TEST_09869,3.0256995368583106,1.1048174202785015,0.8771830249789767
TEST_09870,1.7926651105090765,0.8504035426657074,-0.15078679132757414
TEST_09871,1.3924135815041596,0.569548952991258,-0.10374827623341061
TEST_09872,2.987439988155284,1.0150400891065066,0.8025379250188202
TEST_09873,2.5024635209577144,-1.4628613056555089,-1.122798117978313
TEST_09874,3.3098238668359117,-0.04433487935405089,-0.048442538668199676
TEST_09875,2.0869081394444393,-0.143865173400743,0.22946463237284248
TEST_09876,2.8096303615244005,-0.8423171730178527,-0.0688139311672481
TEST_09877,3.4158110902517054,-1.0500869569493714,-0.6519747242840138
TEST_09878,1.9309123930903782,0.6627236351768845,0.3892547565229731
TEST_09879,4.351427083837791,-1.0663976835209819,2.0341543004706413
TEST_09880,3.130865900877671,-0.05814674358713497,0.8544953303672792
TEST_09881,1.9128349556515964,-0.9697255946029577,0.2762800099567111
TEST_09882,1.3770810120777806,0.8081767980789716,-0.033286021766666674
TEST_09883,2.539731488748004,-0.31418192118316157,0.04934518410792914
TEST_09884,2.9551544236245064,0.5209731653184881,1.521530573791326
TEST_09885,2.8894495111793232,-0.8508187378230326,0.42936427372596103
TEST_09886,3.0915585649270003,0.350730608410462,0.9263385033393919
TEST_09887,1.507091544346437,-0.41222340134613605,-0.28657996515367873
TEST_09888,4.807570191042054,-1.4637271571270525,-0.13426928491798412
TEST_09889,3.4566531081671004,0.025343034939355476,0.07517505092234893
TEST_09890,1.0437393344292738,0.03556334515014997,0.3739434630309922
TEST_09891,2.0408552846109407,-0.39601298651810607,0.1987600493983448
TEST_09892,2.3509108961368703,-0.8030062876941156,-0.08687751006516138
TEST_09893,1.7906163075387704,-0.5138199085507252,0.22836683054969578
TEST_09894,1.8242408695674126,1.3992234055781565,0.6666852661093868
TEST_09895,1.8722976007269825,0.7731769733112719,0.4379786239836727
TEST_09896,2.6720082455216456,0.4984127912661994,0.07635038534017735
TEST_09897,2.291787523468914,-0.28376366340184134,0.4583862977883757
TEST_09898,2.3941540239207657,1.4019377497057717,-0.6687534739755223
TEST_09899,1.7352589579263065,-0.7943128379233241,-0.29890626847127466
TEST_09900,1.5560647399240284,0.3185839028708644,0.06835982760173948
TEST_09901,2.0045136351765396,0.305802355708874,-0.12786158473115852
TEST_09902,1.6919856078384363,-0.63009636996301,0.4474962912441667
TEST_09903,3.8268138228635884,-0.15987258548327873,0.6115790176353093
TEST_09904,4.243211620356155,-0.7148001116123153,0.2001115162267508
TEST_09905,1.7910607417826252,-1.4177095660449968,0.4807945641021087
TEST_09906,1.3745101108061555,-0.49482117488656996,0.20059345535625167
TEST_09907,2.010258785380449,0.7010762266510647,0.18113670103111512
TEST_09908,1.8049567916491447,-0.5969440543132603,-0.22161858171305937
TEST_09909,3.766090685344663,0.27591325539207345,-0.3833540330861741
TEST_09910,5.024094164349124,1.3362376561371883,-0.5296546831024146
TEST_09911,2.8755102984418675,-0.5323686777027231,-0.23038506603894798
TEST_09912,2.540586813717703,1.6344179840673627,0.10435281624237916
TEST_09913,3.6807257274993224,-1.1708742807418036,0.11646742323794325
TEST_09914,1.5476644737995626,-0.021560910784405203,0.07325763892014261
TEST_09915,0.7568700555127452,0.23601182263989778,-0.09943451609239634
TEST_09916,2.4132573981356735,0.08561317228251461,-0.7014875620842876
TEST_09917,2.330230283242898,-1.6789471773417153,-0.225120912569619
TEST_09918,2.3496920499719853,-1.4042231230847508,0.9717088789758215
TEST_09919,3.9324227354967096,-0.7804081944278857,1.894629051773855
TEST_09920,2.9544672839279906,-0.3956651926898039,0.23043699415668434
TEST_09921,2.1356366286743724,1.1114607426922536,0.23538972495170193
TEST_09922,1.3521077546231788,-0.41459872660795616,-0.38767232264836127
TEST_09923,3.257525389331262,-1.0656743298767757,0.6497389179665277
TEST_09924,1.6868234125240877,0.11177918287605576,0.49344736751979357
TEST_09925,2.040810990231594,0.7093757365075686,-0.49162485433871506
TEST_09926,4.575534598417002,-0.746497994271731,-0.15809150535943536
TEST_09927,5.102163928328882,-1.0072893048596712,0.8904717371258853
TEST_09928,0.9525080452835027,-0.34361771476192726,0.20794602908887938
TEST_09929,1.575379174004052,-0.16945623217521005,0.10593992388802571
TEST_09930,1.8824813304852883,0.40265499628003526,0.2479950449111415
TEST_09931,2.523416834965034,-0.07744545819760586,-0.21675046813431367
TEST_09932,1.4084559162999364,-0.17917641751771846,-0.5639360478649622
TEST_09933,3.174125274509486,0.035458965222709596,0.4324901740091318
TEST_09934,1.6589162012554561,0.6925024674836967,0.7085026424718437
TEST_09935,1.615589611550414,0.7335033542295772,-0.31260174867305796
TEST_09936,2.7680766780875805,-1.4095671617439238,1.6044303727130695
TEST_09937,1.1454432598986244,-0.1575687874780221,0.5342570981562808
TEST_09938,4.906703368421823,1.4418250144957672,0.3833965363895556
TEST_09939,4.0931840044752965,-0.6030218572968219,1.2500950188956068
TEST_09940,3.2542324998964824,0.2741433228280882,-0.7033808934735403
TEST_09941,2.208427737958004,-0.5789390960568518,-0.5488630657398559
TEST_09942,1.6639804826704194,0.06376644247469973,-0.23552750892657062
TEST_09943,4.134670876955647,-0.9562227183241138,-1.0220259049831992
TEST_09944,1.806471679853965,0.4338106816002553,0.45061773113500775
TEST_09945,3.7820758378440518,0.6133333028222366,1.203012314987958
TEST_09946,2.0638249342275166,0.20888025965802084,-0.47474211473585215
TEST_09947,3.9688632992142847,0.011701385403567702,-0.10345470818755483
TEST_09948,2.84036223668513,-0.5607796643175309,0.7291578589896839
TEST_09949,4.4729393013778544,-0.030106321709334038,1.3317216583928877
TEST_09950,1.9820642366091132,-0.48612777910488975,-0.3844296778227203
TEST_09951,1.6862348290262505,-0.6721113998733013,-0.13325988498392732
TEST_09952,1.1841355283083421,0.2834120082151397,0.47960285439531103
TEST_09953,2.510968172800482,1.0412541252215395,-0.834150427838282
TEST_09954,2.8293193275503485,0.1368210366666645,0.2775650505205918
TEST_09955,1.3076410628857316,-0.5018230347425457,-0.15510134251666416
TEST_09956,1.9632221081917751,-0.7785597463773195,0.03131195596307413
TEST_09957,3.4225507381701505,-1.2294425246909717,-0.4023670513780234
TEST_09958,2.9303866909016874,-0.45637720204883697,-0.5975985582386658
TEST_09959,4.719193549831099,1.1995275714803666,0.0033503607003343753
TEST_09960,3.0101829832212097,0.8311938418373557,-0.1076300935624305
TEST_09961,3.252522839381492,-1.0729206760583008,0.8726720385329093
TEST_09962,2.8639761987939196,-0.8156072204962546,1.1267338237915494
TEST_09963,3.633289818216092,-0.2946588862830136,-0.23986181336413737
TEST_09964,2.8404044726317665,-0.0818890441339045,-0.45970446465250214
TEST_09965,0.9409450370533752,0.35311257609198127,0.22601115759521645
TEST_09966,5.048120687649539,-0.8875554597434655,0.590375259673832
TEST_09967,4.05351012019722,-1.092108610805447,1.2935380736669535
TEST_09968,5.164372136793499,-1.670512569009027,0.81377968099975
TEST_09969,1.9082109947093184,0.64610381317737,0.140201079058996
TEST_09970,2.2162187625812697,0.22825885028340617,0.46400409663782854
TEST_09971,0.7308854023264898,0.11409467469154475,0.045101611246733675
TEST_09972,2.2824160444574235,0.021487766626751878,0.5896217666596857
TEST_09973,2.9596471267913884,0.23556427561970367,-0.14416081243840262
TEST_09974,2.8189924784976874,0.9321332345511317,0.8761219076123745
TEST_09975,2.0575449520267752,-0.5819260760567521,0.30430038201241744
TEST_09976,0.9102867153729163,0.07978035999930165,-0.18484977715591433
TEST_09977,1.1157321694077915,-0.2448096783805237,-0.1583680758183437
TEST_09978,3.1229133898455284,-0.5671107179248105,1.0985084926372315
TEST_09979,3.6093195688697137,-0.45912194345485813,-0.21283334979627452
TEST_09980,3.1967211207949777,1.0224892555329987,0.6294767596502119
TEST_09981,1.1012594652008716,0.24637018111835682,0.1686858139525901
TEST_09982,1.3910555298956302,0.272920484822359,0.34648618470030196
TEST_09983,0.9993966211964865,-0.09007478096122434,0.11778562699994374
TEST_09984,0.7800601857784393,0.202642691071376,0.039799593549638926
TEST_09985,4.1352976071272005,-0.35790542357727184,0.9750836827719607
TEST_09986,2.3278418499093414,0.4165452332138578,-0.8491380170399971
TEST_09987,1.5504877232221417,0.5109719053627877,0.6039324352605491
TEST_09988,2.0130317966794786,-0.06433761686109485,0.19432978794908962
TEST_09989,3.283435510542987,1.6138213421963084,-0.6018070145087168
TEST_09990,2.7060514116903125,0.6095030557493116,0.6284098165361409
TEST_09991,2.746377941021357,0.4251600096846831,0.5464778026218845
TEST_09992,1.6584286407510132,-0.6098015660639591,-0.8157204708909298
TEST_09993,2.7874219533526388,0.9913403203882569,0.8717447103180325
TEST_09994,1.5045881134388768,-0.24251353500360096,0.3879391443042826
TEST_09995,1.0973042133595678,0.45495572149917957,0.3763727209562116
TEST_09996,4.4982087874921275,-1.4867471536630785,0.764340779219031
TEST_09997,3.091141652164947,0.6333916918253215,0.6937769037557129
TEST_09998,1.4111972619002386,0.5998093333279725,-0.3921914120435844
TEST_09999,4.235320212663659,-0.23012598546405666,1.6530685101610332
TEST_10000,1.0416137093150533,-0.26219111022263863,-0.07231856827882814
