id,x,y,z
TEST_00001,3.9891697395375765,-1.052576664802413,0.04542466303259704
TEST_00002,1.9283499819543355,0.6177249153501436,0.798805897955469
TEST_00003,0.8065749648939112,-0.1906370831211248,0.14846475705644
TEST_00004,3.5220582584954805,-1.64528232577599,-0.9432537289984498
TEST_00005,2.303646140697131,0.01765682475070796,-0.03900533845691699
TEST_00006,4.997610443786678,-0.7906860973420518,0.4967396158048134
TEST_00007,2.8985995184487234,1.0017743658673604,0.8350092335344312
TEST_00008,1.4582834924303305,-0.45261131400178295,0.41652194920937696
TEST_00009,1.4508180807899895,0.48733184041255034,0.14719273456412982
TEST_00010,2.2557589734409857,-0.4104547553541773,0.17145049705001367
TEST_00011,2.3317113892744623,-0.46400460848000896,0.01993130658903965
TEST_00012,4.016141180271587,1.5038289239581284,0.8970070667962998
TEST_00013,2.551993051705775,0.5825948570426694,-0.3118512336735533
TEST_00014,2.1577117455516555,1.4922827247047834,-0.2116920666841137
TEST_00015,3.0011136192743604,-0.6893026976758658,0.8680388500530182
TEST_00016,3.2861496947522975,0.5071331180306506,-0.5360236634632514
TEST_00017,4.005827726471403,0.8544498630457994,1.1587904705178231
TEST_00018,3.0719638059217806,0.2609827972966385,-0.48586857034802183
TEST_00019,1.4125376214952714,0.08565432566907868,0.29114943761484696
TEST_00020,1.8777159626260558,0.06618070441577123,0.03125453514418037
TEST_00021,3.5120291661757883,-0.3693079692661018,-0.14390728197401279
TEST_00022,1.4008224391944386,0.2976198918054991,-0.27871522439279095
TEST_00023,2.1407897148948725,0.40139972953541003,0.6800195023917782
TEST_00024,3.7616352860566376,-0.5856087294757079,0.8171964960604583
TEST_00025,4.927622450401437,1.6171907263016045,1.2165152220269895
TEST_00026,1.7906797625368633,-0.5954619114516991,-0.5096792876277478
TEST_00027,3.456114394981553,0.18474539029840037,-0.33540486182066
TEST_00028,3.4267437107339873,0.4860199128956882,-0.061763872073411226
TEST_00029,2.179221733044368,-1.1443516877893478,1.3388897226607777
TEST_00030,3.5405945828255585,-0.19289764230882384,1.2236211084968618
TEST_00031,1.3506939622027498,-0.9223865008575524,-0.10146582770804739
TEST_00032,2.500083077126674,-0.8098222012640597,-0.021436886383977883
TEST_00033,2.1603531061256085,-0.5903484757185389,0.47354878622439533
TEST_00034,1.9922601864015232,-0.15081548016230992,0.3978092145850652
TEST_00035,2.0580077584807994,-0.15975509135126909,-0.21933262274211
TEST_00036,3.5243800493897433,-1.4047464348510947,-0.5459285717672797
TEST_00037,2.837631306862461,-1.5774315703108281,0.18552396171219562
TEST_00038,0.9649473025444536,0.39822624871182744,-0.3243614119684366
TEST_00039,5.1580875927098,0.7731849518449087,-1.1272020851127311
TEST_00040,2.3718860863900497,0.31701809001027614,-0.26374370014154436
TEST_00041,3.223473749705074,-0.4112567030967877,0.6941629307254795
TEST_00042,3.347768577608845,-1.5073895229805057,-0.5082151781949151
TEST_00043,4.088506068142289,1.6717480695094342,0.8996202057561867
TEST_00044,2.4162192992213227,-0.7590817674897069,-0.22707154760070594
TEST_00045,1.5648062816182884,0.4107186779064405,-0.12108221443988161
TEST_00046,4.446305953690064,-0.16838100299435907,0.6036211034053013
TEST_00047,1.4830461841944045,-0.2627123110805579,-0.22652774623302954
TEST_00048,4.150313293667686,-0.9406884321923493,0.4913710396781119
TEST_00049,2.2176341112417832,0.3016269127883367,0.29507840700726956
TEST_00050,1.0743129421459643,0.5507656848060152,-0.24146583690664492
TEST_00051,3.2210898202541447,-0.36092568293905347,-1.0519365398899578
TEST_00052,4.391127776785705,0.5754590640913334,1.5046253853840021
TEST_00053,2.78844107853026,0.06451100510654897,0.16158443166627293
TEST_00054,2.544987111777267,0.221195437125994,0.9935077825459313
TEST_00055,1.5475986210760095,0.08625534617551611,0.3617102191990904
TEST_00056,3.3763136757818986,-0.7681472230965214,-1.1108639819070292
TEST_00057,1.3393749379897995,0.2113921128389939,-0.18150347103726872
TEST_00058,3.5332140960045604,-0.6139374945761384,-0.271442577432077
TEST_00059,3.191464127038471,-0.45073003121351846,-0.1383611144194588
TEST_00060,2.02141415365312,-0.9359304373972435,-0.6423355408645393
TEST_00061,1.9321031280334298,0.013700982917971208,0.34191706111080095
TEST_00062,2.178844711755538,0.04250377451476966,0.7906578298876445
TEST_00063,2.710173525469523,-0.012479085535891908,-0.7429810513660317
TEST_00064,1.8530890083240756,-0.23915025247104282,0.5409002976437867
TEST_00065,2.8611722785833686,-1.3787233815635207,-0.7438127852815383
TEST_00066,2.3027739969281886,0.5250293483762822,-0.33086009017341594
TEST_00067,3.6559709932520423,0.13104725299143466,0.19138130305896342
TEST_00068,3.126888620115011,-0.216411321112543,0.04057333765400434
TEST_00069,3.0613333642377083,-0.4195993474300828,-0.2732249974021486
TEST_00070,1.3571353842927392,0.5199556189233592,0.5220807371022285
TEST_00071,2.6860839766298903,-0.785256866818947,0.6646976915080924
TEST_00072,2.2505968139773813,1.0293516930825581,0.7768985095703086
TEST_00073,3.1249757460588583,-1.1816535627588638,0.9210236774448382
TEST_00074,1.3477357020505043,0.5331361572490524,0.22176132068945856
TEST_00075,0.9286042212356589,0.33148610373679704,-0.2633784296912166
TEST_00076,3.96395203755981,0.1969280640392052,1.0417032560037716
TEST_00077,3.3520157110044835,-1.3235027542094322,-1.085090143226771
TEST_00078,1.2708411929450767,-0.4696765815250142,0.19058309025192216
TEST_00079,4.744099876977571,-1.393108581484549,1.30680205166723
TEST_00080,1.4361907018674083,0.4885509949723062,0.4122144637937167
TEST_00081,3.6253232263303237,-1.1668905225666715,1.2460467785297789
TEST_00082,2.2146810880755643,0.205168041690162,0.40026950852586407
TEST_00083,2.993114881077882,0.653311407292651,0.5684886614261802
TEST_00084,2.6025966671833007,0.3042800747630322,-0.1880942086945559
TEST_00085,1.97565672031798,-0.43187751178209827,0.028066886437459665
TEST_00086,2.110166145498499,1.2885712120085897,0.2032723893767919
TEST_00087,3.9184123013750116,-0.8772155443666144,0.6105700107687368
TEST_00088,5.237164254955164,-2.1883674757440597,1.3139697355779718
TEST_00089,3.313588834882263,-0.005268472227958929,0.14635867576978392
TEST_00090,3.0236263642650876,0.6175465081532656,0.4704721020908815
TEST_00091,1.2343119044393023,-0.31678278853099556,0.21251357468113083
TEST_00092,2.0050323441733084,-0.46720233362573643,-0.525417028664658
TEST_00093,2.4458861070322504,0.496967412588734,-0.3670385942020399
TEST_00094,1.772975711886928,0.5768192064124432,0.2707601503890031
TEST_00095,3.842241432659364,-0.21448004093251744,-0.8715319599960554
TEST_00096,2.094965520244528,0.8218784380308837,-0.4322547817620564
TEST_00097,2.817047151035674,-0.09128558193058497,0.24300807558949356
TEST_00098,4.809008390560431,-1.0770269702992168,-0.11907832814451239
TEST_00099,3.6565416012972296,0.8198595389182909,0.7264448380386356
TEST_00100,1.0384102609742396,0.29361211028281053,0.36749510623244214
TEST_00101,1.598958543248746,-0.3433588832314323,-0.10431675315235434
TEST_00102,1.8430767895307123,0.4977832394813042,0.4193650160692338
TEST_00103,3.7233550781242113,0.07969951252872615,0.7948431227442931
TEST_00104,2.00699379050495,0.07634760464204153,-0.2665346221576689
TEST_00105,1.2645567613147863,0.5212183709783065,0.38961671481476573
TEST_00106,3.162438368236852,-0.08161931242708005,-1.1019310379433938
TEST_00107,4.1774604597706,-0.38266503227663856,1.0729526486705967
TEST_00108,2.996936799675398,-1.0602706612846726,-0.4960784706475674
TEST_00109,1.0228841586910302,-0.17296636689463846,-0.12044155864632228
TEST_00110,2.5496356975544985,-1.6560059328870673,0.428666412221071
TEST_00111,2.998040697745125,-0.425700309713607,-0.6456529681889164
TEST_00112,3.5266816947027015,0.48315183636065223,-0.5795149130651877
TEST_00113,3.0585503383080397,-0.16243960573680663,0.47362705519425174
TEST_00114,2.835734863235561,-0.4411449586918542,1.1897378713125792
TEST_00115,1.2117850318752994,-0.18027506930453077,0.38822453321493666
TEST_00116,3.6942899771126494,-0.8505040770133568,-0.7140058560039625
TEST_00117,3.1346168267046117,0.45762262616471866,0.7463049126894806
TEST_00118,1.6773056208777588,0.6122863852913986,0.4963649310940701
TEST_00119,4.853486567188048,-0.02717530904806051,-0.35851696307626896
TEST_00120,2.7219330616070847,-0.996953517352168,0.5006042066885731
TEST_00121,4.8520806491428985,-1.033553270414476,1.3187585486183984
TEST_00122,4.2700151298269065,0.5136530325199421,0.559485470004842
TEST_00123,1.709120811524778,0.9272175614424378,-0.10357445524597601
TEST_00124,1.7397554683603886,0.18992830054266113,-0.1877590466625335
TEST_00125,2.126201453723142,-0.779468982934434,0.7398947425859187
TEST_00126,1.5301301717468316,-0.3513166775281605,-0.3085011730444495
TEST_00127,1.9139760733176514,0.3306539549400605,0.13655908277996703
TEST_00128,3.330082477118112,1.958969401134706,0.5249521254969582
TEST_00129,3.548248678553742,0.45010500487231275,0.46828696760130367
TEST_00130,2.712383501407645,-0.1291308087721179,-0.012841714969649995
TEST_00131,1.5871197525263376,0.10988513731778822,0.2972607961644945
TEST_00132,4.509003963299893,0.5996384922608714,0.6044970595195766
TEST_00133,2.3401636299133126,0.6377757803674389,0.4940324308844546
TEST_00134,1.4255385732648274,0.789696141287274,0.4087260458603733
TEST_00135,2.045698446650147,0.9284410783403728,0.34357593921488183
TEST_00136,3.3640717907712787,-0.11911351528026187,-1.006086553425048
TEST_00137,1.8340640395905774,0.8527010822397344,-0.7194521974601408
TEST_00138,3.1639801318034846,0.5582653317199601,-0.8101172002960119
TEST_00139,1.7882252060925177,-0.7766229484222049,-0.5038600292624451
TEST_00140,0.8918415184474511,0.5121304189788962,0.2855892567045276
TEST_00141,1.9627445092645035,-0.5601020003290696,0.13722815019587195
TEST_00142,1.160690924362702,-0.055746377040650656,0.2256413651257687
TEST_00143,4.203679734491412,0.1670176652615977,0.9564800753862286
TEST_00144,2.1376102785691673,-0.19258634357167004,-0.0800625503059868
TEST_00145,5.1745971841533995,0.01058183859032183,-0.5503404957635495
TEST_00146,3.0689295034683304,-0.21907341211945117,-1.2807356837569628
TEST_00147,2.198804909203892,-0.0871300097757228,0.7356756313824611
TEST_00148,2.7996374868583103,1.0028522199576926,-0.5776387659055245
TEST_00149,3.363010992558608,1.1890669723155685,0.5403442583568875
TEST_00150,4.735857785807668,1.0742710098102186,0.8036137608278283
TEST_00151,2.3088514587248645,0.10697731565106369,-0.13320161596403782
TEST_00152,2.4564105917651045,0.8143281825234925,0.4217428759924754
TEST_00153,3.743245688438846,-0.37640941867973504,-0.5761546522791864
TEST_00154,2.9466831766614403,0.2318182075182996,-0.20430461451092402
TEST_00155,1.9793414724850285,0.1807969221985675,-0.5892688737689677
TEST_00156,1.9514163269087,-0.47226875423622894,0.39884819614933187
TEST_00157,2.390900097191015,-0.5606401259104544,0.6135509774805816
TEST_00158,2.6665686573631007,-1.4294486089403766,1.0765982860556722
TEST_00159,3.843218337192927,-1.2374675713456806,2.111011514013415
TEST_00160,1.5134932133633274,-0.0219841983437967,-0.07843812102982131
TEST_00161,1.1288088333560735,0.5982129600168108,0.02704405995978857
TEST_00162,1.322993419669792,0.9339883667232239,-0.08126568963417137
TEST_00163,3.7249124662363036,0.20747446599739794,0.05098208038808025
TEST_00164,2.5082602735478905,0.07679743833475942,1.0402412361225637
TEST_00165,1.9020310481974485,0.45671904890408677,0.5041187938470679
TEST_00166,2.9382735417369004,-0.5668198783376305,-0.17655193195465285
TEST_00167,3.7835323256007105,-0.05548134147396126,0.26700482868423625
TEST_00168,5.4908769398328525,0.30868516671222807,0.0986781136138268
TEST_00169,2.6286816151568444,-0.46798960830376074,-0.18482461598104705
TEST_00170,0.9027920070804376,0.3975070329337068,0.27872081829304296
TEST_00171,3.4695277262407713,-0.1439508628980333,-0.06546391929469696
TEST_00172,4.974712020020368,0.7849804342816734,-0.8793868588662627
TEST_00173,1.2955081129030468,0.17663607884788438,-0.07878591156960772
TEST_00174,3.130626380911111,1.9350303375376923,-0.18241760399863574
TEST_00175,3.400112079841327,0.5766304957519678,0.517225019309031
TEST_00176,0.9812130194327493,-0.6077641683098993,-0.1751894592438487
TEST_00177,1.5454688414166535,0.763757235797872,-0.2162650320527992
TEST_00178,5.220853433430444,0.5595097457084877,-0.12933585222206131
TEST_00179,3.8278859280521282,1.4268537199533258,0.12664868395750445
TEST_00180,3.1465501538347342,0.38888464050669336,0.2703566293418292
TEST_00181,2.893984527258351,0.1677237614418347,0.019011961381713394
TEST_00182,1.4742076844459342,-0.42189325396944777,-0.32013016097416364
TEST_00183,2.069812612714186,-0.18624400662585433,0.3657463692795615
TEST_00184,3.08760531572262,-0.0976487237970357,-0.25743347127259414
TEST_00185,3.025864635101186,0.8416564662779462,-0.4392460976513892
TEST_00186,2.4543463260207727,-0.10731583710953316,-0.38430938923693186
TEST_00187,3.6159704574930465,-0.6520535200119553,0.33730462287847834
TEST_00188,2.5152525500713963,-0.3599556914424674,-0.010280270812554195
TEST_00189,1.429273421190886,0.7407790576340414,0.301990027737898
TEST_00190,3.018657523771177,-1.8790510179650148,1.148951114048122
TEST_00191,2.7839887629597873,0.4186395284287699,0.3535017813066987
TEST_00192,2.356280354462953,-0.6917236019222146,1.1009029159216894
TEST_00193,2.9060000003472997,-1.1175064324595103,1.1001381641435721
TEST_00194,1.3761730118424114,0.16904483494912823,0.09464854932038132
TEST_00195,2.2168537420627734,0.6482218755866402,0.5343237738477504
TEST_00196,3.3145045602367076,-0.27594288642266585,0.5283684435599091
TEST_00197,1.9918739730923507,-0.034941444366004736,0.08828298648583394
TEST_00198,3.7251382097374455,-0.19740507967987922,0.7361190357446149
TEST_00199,3.2941665581392123,-0.5783906203867717,-1.1054398345959895
TEST_00200,4.7489191453833195,0.2834887404501013,-0.1949112184291879
TEST_00201,1.8165446217577326,1.0947147080194701,-0.19655129460713167
TEST_00202,1.776624273918264,0.41622231278103405,-0.4761004256863446
TEST_00203,3.108071353334204,-0.40802090322151013,0.07212932010815881
TEST_00204,3.2150587615093635,0.9840007392720326,-0.01210537183574216
TEST_00205,1.2841468067738102,0.48905143745785645,0.24503225906763187
TEST_00206,4.153369378892688,0.4152721716098463,0.5439745195315044
TEST_00207,3.816905559235481,0.7550364545670991,-0.1508005657511032
TEST_00208,4.596037228373725,-0.3406737866756065,0.8270409204971488
TEST_00209,2.2394268689530317,0.6575205461124453,0.17124184222903227
TEST_00210,2.4706850816059607,-0.1700472952963197,0.21190501554815092
TEST_00211,4.084859202083976,0.2680215556501804,0.17951452383027888
TEST_00212,4.077690791047631,1.0428743327038927,0.04246721075251436
TEST_00213,2.2656367530112416,0.6947738833189758,-0.26030841257248816
TEST_00214,3.071724771135468,0.07303450045657574,0.4110680875847369
TEST_00215,2.8147442758660515,0.29251905144422474,0.2796711470203076
TEST_00216,2.8014428065010977,-0.517612802369151,1.558882269435313
TEST_00217,1.5055276452296333,0.1742762562626286,0.7245337332108482
TEST_00218,5.2911102210558605,0.2225603696906827,-1.2238862972735092
TEST_00219,1.3924528904535793,-0.2855631015853146,-0.22081848548337504
TEST_00220,3.2224540478912203,-0.20685430682660386,-0.7822773052054931
TEST_00221,2.9907261482912495,0.2675078006641122,-0.10082003913798909
TEST_00222,1.3870211158875998,0.47937578820685384,0.2836833185213281
TEST_00223,3.74704857690011,-0.4070292742164525,0.27116982312849863
TEST_00224,1.3029076388427703,0.5844661000062689,0.0886466926458793
TEST_00225,4.936510030697805,-1.7269809434546222,-0.4165205648727334
TEST_00226,3.021784275419853,-0.2676957547590055,-1.1119819607580763
TEST_00227,4.509329371319097,0.03943443330497545,0.6177209029239462
TEST_00228,2.2638755544848292,-0.42823520738635623,0.21166015315054695
TEST_00229,3.9508390376214835,1.708771780834147,-0.5705587860140768
TEST_00230,2.306872473796119,0.19597464472303897,0.5833718659635934
TEST_00231,2.722525115932448,0.8005300344237846,0.11785118653184766
TEST_00232,3.4304824196099033,1.7402812054361387,0.06253827239837047
TEST_00233,3.318557629271937,1.0422913914882463,-0.8424792014645651
TEST_00234,1.9608460945912318,0.6695708739726791,-0.04979793157467917
TEST_00235,1.9946073529646309,0.061991996925633404,0.20162924737372834
TEST_00236,3.4556943870071377,-1.7270132389240982,1.3447781585861338
TEST_00237,2.0999348162488354,0.9372325501362907,0.1969069889469511
TEST_00238,1.7482653121704348,-0.24220068439092005,-0.653201198050886
TEST_00239,6.31976076018732,-0.568509849564123,-0.8377853278758542
TEST_00240,2.5653981289459886,1.6266171658765871,0.5949549284171171
TEST_00241,4.711694828329736,0.8758350562931586,1.3274602369528248
TEST_00242,1.3117693042297611,0.40869049173404526,-0.39324976150285107
TEST_00243,2.0256946290662987,0.8334407490839133,-0.8811180461062906
TEST_00244,3.352403782304585,0.21763773164976152,0.05741524586288927
TEST_00245,2.2528403929898704,0.9631983117996252,-0.27104846263775706
TEST_00246,4.024073280286709,-0.26893152917860513,0.1605236859571894
TEST_00247,4.48507608950375,-1.0375474427862963,0.31181825770575294
TEST_00248,1.2288313806906244,0.5757423920739593,-0.1065998722728397
TEST_00249,3.792048681427913,0.26482046342764215,-0.44492849602770423
TEST_00250,2.048841877464592,-0.011275852649574186,-0.006147162196715495
TEST_00251,3.6720522550385613,-0.06534642224382166,-0.09396784699512734
TEST_00252,3.075128217366234,0.2233552688120588,-0.5769123646994625
TEST_00253,2.7747928705777025,-0.3102515305511929,-0.22807407591325024
TEST_00254,1.6004165170239486,-0.6532399420555522,-0.02092773928081648
TEST_00255,1.8828766255002973,0.018892803964142613,0.025853089938998815
TEST_00256,1.0773642692758159,0.358501248343943,0.6359829444609479
TEST_00257,1.7945718614087212,0.15156254806309197,0.0904434853917356
TEST_00258,2.520086777855638,0.7755432924922143,0.453977673657551
TEST_00259,3.255139740647719,0.2992654792389685,0.9945084438987121
TEST_00260,2.407930196173554,0.8753711862873625,0.20282833129322078
TEST_00261,1.6554367839093733,0.11786599833971843,0.4496679342386168
TEST_00262,1.0563408273069193,-0.026101697803457807,0.22049776387929204
TEST_00263,2.1279488512060696,0.3381124049085662,0.6622732390402213
TEST_00264,3.466295014290389,-0.05709261813302094,-0.4070052922827105
TEST_00265,1.2038782975103801,0.49016065550835464,0.5774929920328449
TEST_00266,2.792265301449005,0.4109485258814244,-0.01662484506945307
TEST_00267,1.276898914638459,0.543435563689316,-0.3054009432641391
TEST_00268,3.25655323571423,0.30180419061629415,-1.0230382963883204
TEST_00269,2.778775161179934,-1.3012434046245331,0.4053916002734251
TEST_00270,2.7892531457378777,-0.49754359958737926,-0.4349165676872145
TEST_00271,3.034321712051415,0.9061614501863845,0.2809620433060128
TEST_00272,2.6863684284733393,0.2705222346973002,-0.3003666021106271
TEST_00273,1.7909690291548728,0.12435955958245162,-0.3546753529286189
TEST_00274,1.5696778826034263,0.7046631808867467,0.13103356290481097
TEST_00275,2.113005194848328,-0.3042400198625342,0.35044845061467084
TEST_00276,3.9431981261921147,-0.506429082805017,0.6764593719818736
TEST_00277,3.319592778582253,-1.241940776810959,0.9481855201989827
TEST_00278,3.925705501730566,-1.1209128914899933,-0.5900536946594892
TEST_00279,5.38985243525962,-1.4729544519855742,-1.000447358624964
TEST_00280,3.114806537429073,1.5756879478278771,-0.915720362815227
TEST_00281,2.0824131218759785,1.5667137640339206,-0.5611276983292305
TEST_00282,1.4646980258107358,-0.7192127400137069,0.8922228870982054
TEST_00283,1.3189197917409845,0.5849000357973991,0.47071291726383774
TEST_00284,2.716989499017953,0.01034857279888949,0.26716819949405796
TEST_00285,1.5466271833072844,0.33607154020490815,-0.35107866468702464
TEST_00286,2.0272244107131234,0.24401290715234433,0.2550690181265247
TEST_00287,2.4165967102626924,-1.0693476967193072,-0.5114875006838938
TEST_00288,5.438244874973866,2.32466616733584,0.6085683103641514
TEST_00289,4.34897383311639,0.3786864453772365,0.8324468845217367
TEST_00290,1.980363313348708,-0.32322841102374794,-0.005574523459010868
TEST_00291,0.8976172460730244,0.28909003735006383,-0.07311416747047865
TEST_00292,4.117308226915678,0.98550992301216,1.8951371147741927
TEST_00293,1.6557811056786282,0.21092844942023942,0.25310922394916036
TEST_00294,1.8237887275514282,-1.160036158768014,0.23995006748101372
TEST_00295,3.4569706383988867,-0.13652552669540877,0.5282820859746757
TEST_00296,3.013126905935375,-0.7896122911842529,-0.5797905855288845
TEST_00297,1.5936592216689927,-0.7005802692384949,-0.34197497359982976
TEST_00298,3.5082374047376033,0.9436952844060859,-1.3278903464090306
TEST_00299,4.364162785774308,0.7956217752256965,-0.5871213750508476
TEST_00300,2.1100883079963717,0.8732224141620083,-0.5696249896205511
TEST_00301,1.6592564170370707,0.18381564109447768,-0.27830926710472687
TEST_00302,1.6606733219916072,-0.07483324489588002,0.2846496721851643
TEST_00303,3.1926347013207326,0.5134790824085195,-0.034435210065896615
TEST_00304,1.8679662512808923,-0.16039282821808307,-0.4575507160112971
TEST_00305,4.012015020204084,0.5999597127623377,0.8226369944003785
TEST_00306,1.0310610601733923,-0.36718231343518754,0.05290702171920594
TEST_00307,4.163382612732286,0.016586187469335986,-0.8109927428824234
TEST_00308,2.864079684986339,-0.5276077884806635,0.07561856795500861
TEST_00309,3.693731293428017,-0.8153886028678065,0.6123909365588319
TEST_00310,5.13028018392101,-1.3379730887230559,1.6021026538609822
TEST_00311,2.9471177569949374,-0.8499613580031888,-0.07473756727457734
TEST_00312,1.2103974187729754,0.30399013814267306,-0.17799794028192537
TEST_00313,1.7522065043201167,-0.060962770123730824,0.3447112734248463
TEST_00314,2.2403806154490358,0.2087329240296029,0.044395021678823414
TEST_00315,1.64492020917147,-0.38779993775778193,-0.4490930453847902
TEST_00316,3.578655901216566,-0.3276386845636474,1.2640587220046717
TEST_00317,3.410919519518982,1.857474289951543,0.18327534915911034
TEST_00318,1.4720343133032028,0.25749595762594746,-0.07493263114067604
TEST_00319,5.313753127338241,-0.0686360204700838,-0.3823231269469969
TEST_00320,1.300179925540499,-0.19633994540260735,-0.1708278652335507
TEST_00321,5.359793393275834,0.5341529917973991,0.643603040325487
TEST_00322,3.9577144826767756,0.33108355154040925,-0.47760536477236315
TEST_00323,3.8473457088901304,0.913596636655337,0.8135060443855595
TEST_00324,2.7228937567519695,-0.6424751648759038,-0.2662737203742849
TEST_00325,0.8940794588904039,0.20352061832519358,0.25428224167399965
TEST_00326,4.801069007088799,0.43497493353094374,-0.2232780411702538
TEST_00327,2.048948593146237,0.1802536626098282,0.17972153655406425
TEST_00328,3.3696389547061214,-0.24433389457565444,-0.3024383276053257
TEST_00329,2.918140178717439,0.45235683422076495,0.05714044594286988
TEST_00330,1.5549984307061722,0.6134705767585578,0.03257190009388439
TEST_00331,0.8136287291882406,0.16818377878799531,-0.05577534387332084
TEST_00332,2.7970607461610597,0.4130432688652355,1.07377379456156
TEST_00333,2.676044672515024,-0.7815274757342552,-0.362303177773262
TEST_00334,1.3786188134633126,0.9533231365113701,-0.16899007559033385
TEST_00335,3.7011191113084245,0.12619518953873315,-0.05175839726317224
TEST_00336,2.9564872279042476,-0.34370056635435103,0.22400407571072084
TEST_00337,1.8124863555608703,0.24549775712938826,0.18290843992562386
TEST_00338,5.47762878743415,0.006284788861783511,-0.8523736339903561
TEST_00339,3.69249613640568,0.09051896224320553,-0.022084818216238315
TEST_00340,2.2977963142722975,0.9594317138861248,0.5234561583640938
TEST_00341,3.61356733692846,0.13765195017452053,0.07270129050653049
TEST_00342,1.8601520952842143,-0.5566729019989712,-0.7773803448361299
TEST_00343,1.5902146668228918,-0.6649383897222697,-0.3158544359553732
TEST_00344,1.5339313105019186,-0.14423832991792868,-0.04479218764342944
TEST_00345,1.6645354393997933,-0.10637211516377938,-0.15678905495855722
TEST_00346,2.5731501133510593,0.43608089812443473,0.5563362267706354
TEST_00347,3.879081361452079,0.3491046236862587,-0.6950071085388451
TEST_00348,1.9759353062249116,0.5374697591698435,0.003327596043081923
TEST_00349,2.0804906126206335,-0.9889603293296882,0.10375842386511674
TEST_00350,3.3645391287989184,-1.553995202208255,-0.3145654551590803
TEST_00351,2.3474579144170167,-0.7673823191329936,-0.5668300345420334
TEST_00352,3.388303143052548,-1.0982936468211644,1.2142682969765204
TEST_00353,3.533165199947696,1.200772317483822,-0.5999999488857588
TEST_00354,2.764030923060959,0.2860218452687528,-0.0627741795362028
TEST_00355,1.8963024951394027,-0.0632788602038425,0.0840299802986048
TEST_00356,2.3060029183752135,0.46602401212714095,0.1202732488367485
TEST_00357,2.8598192169492265,-0.7506669595037704,0.19245518631040162
TEST_00358,1.379565258526778,0.11749823511182576,0.10079871583327327
TEST_00359,2.906966915213164,1.3887095299396601,0.2101462275288948
TEST_00360,3.1302477242468862,1.9581658863268117,1.3671976044499343
TEST_00361,4.652550777769773,0.25137632561363293,0.4433289062389125
TEST_00362,2.5639048284647363,-0.5228692031683431,0.1752014275173063
TEST_00363,3.001951709939524,0.10385031411846278,-1.2558019726661063
TEST_00364,3.73792522331044,-1.510585916094964,0.10376103216129735
TEST_00365,2.916121802978511,0.6738895852969946,0.8739134418709418
TEST_00366,5.172584509456167,-0.43761996321791263,-0.18650069680212014
TEST_00367,1.881378745399084,-0.46499709719398136,-0.4625098668331159
TEST_00368,1.0583979251150344,0.18639063550480936,-0.3278033524646209
TEST_00369,4.313124123005123,0.42754431520153996,-0.4997533512380104
TEST_00370,1.4445671643724105,0.7683616627241691,0.16654284238984476
TEST_00371,1.8783396009768636,0.37249529849086593,0.2231248581093152
TEST_00372,1.658995665166049,0.4725155011706278,0.6526028686358485
TEST_00373,2.980736238011901,0.37635469174735076,0.20648369447974893
TEST_00374,1.085034664347538,-0.3094616789358228,-0.261520868406181
TEST_00375,3.4464053058668336,0.9545787191846653,-0.23567799909855716
TEST_00376,1.1000899866182863,-0.6972243422919436,-0.12750920610187735
TEST_00377,2.2330940502114225,-0.1584656510358882,0.4002300969165685
TEST_00378,1.6291584206517804,-0.6687314616736056,-0.09787639172159991
TEST_00379,1.8027557176917364,-0.9145396458311804,-0.4689067979500974
TEST_00380,2.8003978616708394,-0.6640456434603795,0.3196600066239122
TEST_00381,3.4852833274301114,0.01842168142765595,0.32458873042947567
TEST_00382,2.168643149474622,0.32199255838142665,0.48078507868198594
TEST_00383,4.0415817350859635,-0.41820447065546035,-0.40994635380140937
TEST_00384,2.1622961330578727,-0.4519842550290416,-0.5270245443169088
TEST_00385,3.5645341087278712,-1.4724426988149777,-0.09005933624933249
TEST_00386,3.021231160221724,-0.03338497160327649,-0.17255928106964186
TEST_00387,2.1850114002568555,0.025737506256534187,-0.03751602569606439
TEST_00388,1.666990148129701,-0.10920490429517514,0.18977899413803626
TEST_00389,2.4160523251128065,0.46558791958921025,1.443051964127425
TEST_00390,4.429503705728783,0.28256812887898025,-0.6498743532780515
TEST_00391,1.6144988810261045,-0.5423828513629826,-0.060067174401636454
TEST_00392,3.064734408483309,1.600679578053973,1.533816718611745
TEST_00393,1.9270192211494142,-0.18338341861793728,0.5568444478079096
TEST_00394,2.8773040953484617,-0.601670486009652,0.5721653728965574
TEST_00395,1.0262897702295284,0.11300062839802527,-0.22463142308102252
TEST_00396,3.8313586018744026,0.7646806479873338,0.3242008868052558
TEST_00397,3.3580298653106495,0.8246811459074518,-0.8420250928883308
TEST_00398,1.177993666149591,-0.12012140593460988,0.2812779120544855
TEST_00399,5.766697910237492,1.035897721661342,0.2737733401958923
TEST_00400,3.9259217081564555,-0.12717729972409006,0.24166763993345633
TEST_00401,1.8412376417791971,-1.1805194877711065,-0.18398119479051747
TEST_00402,3.722331199438318,1.2774756010207506,0.32929560132702584
TEST_00403,3.019730528404436,-2.358124793174948,0.40507680333001683
TEST_00404,3.132876230600169,-0.24790685208922064,-0.4870437907477734
TEST_00405,2.2059677982977663,1.0801470344032913,0.7358114059673014
TEST_00406,2.96667349938277,-0.36499034644071354,0.835725631620015
TEST_00407,1.3116584659594728,0.8450232926759111,-0.13598757082940438
TEST_00408,4.532352451615131,1.482562860208364,1.0825164588851839
TEST_00409,3.189624512154988,0.3440418876198871,0.25181197105199166
TEST_00410,1.603971035603447,0.4506051289949762,0.4003140113704828
TEST_00411,3.5924170590773348,0.24120479784721902,-0.3292709431260713
TEST_00412,2.0968088854309572,-0.44863830507485447,0.552435673927795
TEST_00413,2.3255129899860436,-0.3502300460540661,-0.0902488038041377
TEST_00414,1.729033157503009,0.40248586491715316,-0.11892656807490937
TEST_00415,3.9631998928632632,1.0070620304587123,-0.586863415209909
TEST_00416,1.618495796430161,0.2764718990995052,-0.20999910469942273
TEST_00417,3.6168790446525287,-1.4347143262955067,1.2001903659430844
TEST_00418,1.853238752419725,0.25826613372640567,0.23755233574761864
TEST_00419,4.009739640010382,0.41021209675667614,0.48025648703622137
TEST_00420,1.3560433307501436,0.1346605478794037,0.048901170493356204
TEST_00421,2.942805559073753,-0.44851802288276293,-1.0076200830805477
TEST_00422,1.6402857774246218,-0.10586766167636164,-0.6649100795041508
TEST_00423,2.613025226436431,-0.7286919376605993,-0.8549213369316225
TEST_00424,1.1219001942211393,-0.5254563227388935,0.3420827685779718
TEST_00425,2.5728387948325513,0.8177175007009448,0.29664374244204517
TEST_00426,3.1069373279093004,0.24907157623260975,-0.7448313410154067
TEST_00427,2.9564139803212814,-0.28621508224362124,-0.5299903131900615
TEST_00428,1.7740576025685821,0.013976452597380777,0.2196398647013415
TEST_00429,4.149372276324695,0.039458899738698545,0.07873015344856737
TEST_00430,1.1407176368031735,0.23699998252253274,-0.3234541245802441
TEST_00431,2.1883305529639587,0.41622970765994444,-0.055971325844207415
TEST_00432,2.7735229516650746,0.4596767743846255,0.520813595877698
TEST_00433,2.6150196281866545,1.125222950480173,-0.06409410400975202
TEST_00434,1.2315932674409908,-0.3588004303510358,0.04090401060692127
TEST_00435,1.8727147825589199,0.7545399050603967,-0.3429745341854034
TEST_00436,2.1679352607309417,0.5151126984087098,-0.019728670649300704
TEST_00437,3.061565075314427,-1.018967385913341,0.4342067049239792
TEST_00438,2.8021106920768557,1.561351248140006,0.05208920439908149
TEST_00439,2.4711417376741456,1.4328713267701265,1.5437202795093998
TEST_00440,2.9544597156806107,0.44556862692227905,0.6316167553060797
TEST_00441,2.2667880712043287,1.0769116689085787,-0.9025931252812749
TEST_00442,2.7747115469793,0.38711821875948305,-0.23877739005674117
TEST_00443,3.5483750544278836,1.0061330665467132,0.07117435956022983
TEST_00444,2.6682211934178484,0.6084057473198686,0.45439863503597616
TEST_00445,2.4733074283376637,0.4448641993447394,0.6273197449181775
TEST_00446,1.9150305650283728,0.4496416880096136,0.02927941533303121
TEST_00447,2.5099939651602314,-0.3846346009989961,-0.6031368665992144
TEST_00448,5.052252274337701,-0.36491354764011946,-0.5581235021880231
TEST_00449,4.800961827317769,0.7435568823014191,0.1603262077517545
TEST_00450,3.254160100377528,0.43089686195312615,1.0895758133582807
TEST_00451,3.2906490523040217,0.10796665032107314,0.3391874141883638
TEST_00452,4.266692605590789,-0.37305344554297276,-1.094005129929273
TEST_00453,2.874192982939045,0.06086857318121994,-0.2765544068738193
TEST_00454,2.7766147457448858,-0.3492692657556625,0.6612568924332873
TEST_00455,3.2575324958095844,0.24937901754244093,-0.42408608921292384
TEST_00456,1.9503025860855132,0.4265166203645542,0.7278249172780549
TEST_00457,3.792502263951531,1.103973681876627,-0.6969623181159379
TEST_00458,4.398858919939188,0.05882558592242539,-0.2864312259665475
TEST_00459,4.477863101320067,1.4958523884126385,-0.9967803443659436
TEST_00460,1.8802801813822523,0.47003602204437767,0.33854218867844954
TEST_00461,3.5739214692178907,0.41728749854736585,1.2317186750259324
TEST_00462,2.338673259531692,-0.07116125885468141,0.8946419863184437
TEST_00463,1.2659421674043,0.4235997261659212,-0.19389465190996616
TEST_00464,4.00534927570788,0.6130007443883694,-0.5279747466449054
TEST_00465,2.8554263050142654,0.08874377859400395,0.05096973305171243
TEST_00466,1.3123957486040856,-0.6578945799406481,0.2147176609785213
TEST_00467,4.177122085770158,-0.12446212892670257,0.5319137736604721
TEST_00468,2.0787665460150437,0.11582233748123183,-0.025691116468023523
TEST_00469,2.364753200556491,-0.3232086513349668,-1.5419272261732602
TEST_00470,2.6919284578414215,-0.15577821085226398,-0.41352938814583484
TEST_00471,1.3217403861300308,-0.5833563103103587,0.13892030148366105
TEST_00472,1.2896575607503729,-0.713204872318852,0.5425287955342307
TEST_00473,3.046354546958423,0.8581680372119246,0.6859066826893646
TEST_00474,2.808278398826636,0.384060206319509,-0.28499294338897374
TEST_00475,1.5850557316805332,0.021450525801310166,0.7103411985208455
TEST_00476,4.449319106693671,1.358882044854708,0.5742959848428665
TEST_00477,1.784191060640397,0.30493907958592176,0.2191548206668855
TEST_00478,1.3471224151864258,0.6933446928384751,0.570273475942975
TEST_00479,3.6195788928307793,-0.29585648910884715,1.6319834149524863
TEST_00480,3.830245948783524,-0.5511372143018618,0.057932826308737966
TEST_00481,4.0352800597715355,0.007782819842446005,1.0248325479359053
TEST_00482,2.463214047951743,-0.3226319103951604,0.20798351104627147
TEST_00483,0.9780784332802321,-0.4706979020193721,-0.15804892367242085
TEST_00484,2.1464474466165093,0.05321955804033508,0.5197828677048109
TEST_00485,1.6306533735907562,0.5877494380926633,0.04696216297555118
TEST_00486,1.1855047978470006,-0.4241119223917302,0.2835452043987528
TEST_00487,1.0889273144590863,-0.02697368289263558,0.36674924153571903
TEST_00488,2.3039761880977148,1.1053650750761435,-0.24463396058793097
TEST_00489,3.2038832557059975,0.2816972476933083,-0.22828342969463886
TEST_00490,2.0071915268683918,0.8532697257937623,0.37720397912817155
TEST_00491,3.6007286109714105,0.19037091135830678,1.1413276918949848
TEST_00492,4.200029181461001,0.8846336463737687,1.5477032440682734
TEST_00493,2.538613737655942,-0.11701737165699284,0.3207860394949769
TEST_00494,1.910256905752974,1.054927926305438,0.003293468460458943
TEST_00495,1.7782474249542115,-0.3652532773172518,-0.06051022526160717
TEST_00496,2.1785990516180727,0.7071669746748651,0.3731903676406617
TEST_00497,1.985814848528479,-0.6782335071676843,0.0428965019356864
TEST_00498,5.375250489154101,-0.8244765780462741,1.8023317298084787
TEST_00499,4.117288100260078,0.3014577385941096,0.24549556428978722
TEST_00500,1.966576786249539,0.6742953261767419,0.4668333837022545
TEST_00501,2.9583882950251303,0.23279641003243765,1.3218159316580047
TEST_00502,1.8949181754458564,0.43560619411983825,0.15056912154676752
TEST_00503,1.7925902661318573,0.3499924717679703,0.05932567006469448
TEST_00504,1.9851855703911592,0.09690961927546383,-0.49180595101191815
TEST_00505,3.541893546430758,1.5479557505434283,-0.24823756466690297
TEST_00506,1.893392831044447,0.3227568052975634,0.47992844943045576
TEST_00507,1.3863624023737997,-0.0060046555697244475,-0.24833615901826778
TEST_00508,2.2485820992679,-1.0025100337198871,0.37955889215002314
TEST_00509,1.3167015596754257,-0.43290254169521375,0.6722889754233206
TEST_00510,2.0277470398509334,-1.55320690458693,0.5990484530661454
TEST_00511,2.6705901026240477,-1.0158843660396768,-0.45856267011400165
TEST_00512,2.6243405739076753,1.1484073670940682,-0.5324296958761462
TEST_00513,2.540241299039891,0.6392594469006136,-0.5998657745173333
TEST_00514,1.9097814456423032,0.49716910733203246,-0.2268384983303019
TEST_00515,1.3289540610427224,0.3197606431490748,-0.10573533338740936
TEST_00516,4.028570304813775,-0.37364558246070834,1.0269452967933645
TEST_00517,1.6400005156770896,-0.3825281792269823,-0.17683760233566123
TEST_00518,3.835062572268011,0.49216242882056804,-0.04532691908547322
TEST_00519,3.592096532432589,-0.8184655278013221,-0.9645169428949445
TEST_00520,5.057521630803364,-0.5779864808579154,0.4794718221689622
TEST_00521,2.1881614463972494,-0.8415185542274408,-0.086712404616527
TEST_00522,3.6262767788154395,1.3107601116477707,-0.09169030911295807
TEST_00523,2.169469971985558,-1.3533715080716948,-0.27265431322287703
TEST_00524,3.0840658902314453,0.2936162054475904,-0.3834750445336711
TEST_00525,1.5827340368956448,0.7103705158242084,-0.20687530556042125
TEST_00526,2.8031334374694112,-0.7967246770284677,-0.7555690848324974
TEST_00527,1.7809812902340905,1.040903734200036,0.232554840019111
TEST_00528,5.806805950169978,-0.632305190286149,-0.6358506724457982
TEST_00529,3.4841999605719125,0.2378938960437458,-0.1253332737570866
TEST_00530,2.932314497326585,-0.06582488355046434,-0.8048890953463853
TEST_00531,3.867569063848944,-0.2710463634799847,-1.0479822025561085
TEST_00532,2.4891558184379603,-0.950066118056774,0.2600826131179805
TEST_00533,2.677153981322916,0.22967317370766457,-0.23419757612814207
TEST_00534,1.6684650261508274,0.9821937773300835,0.7506820045619524
TEST_00535,1.8896125917892654,-0.6756929153527546,-0.07887615416526206
TEST_00536,3.019325083592719,0.2605474752048065,1.641831435553641
TEST_00537,4.034409696160597,-0.6938062623695133,-0.6266617986193279
TEST_00538,3.5147483619463507,-0.06533123061476212,-0.5725528012677559
TEST_00539,2.4132173809568753,0.9360402764602587,-0.3224361050557195
TEST_00540,1.0800020407485573,-0.04645062375276895,-0.16788187727407652
TEST_00541,3.8262076822526234,-0.40113779641598235,0.33923547236356044
TEST_00542,1.7719943050514277,0.7810958973613126,-0.10826374126329813
TEST_00543,1.5213588260763162,0.46992593687382445,0.16468779452080878
TEST_00544,3.725951383475553,-0.39506073801757974,-0.5509411234032335
TEST_00545,2.8252139448583233,0.0827122659872922,1.5215376318090805
TEST_00546,1.181174061800026,-0.320853055609592,-0.18768782418557398
TEST_00547,3.1198751165955008,0.3730061250262921,-0.46869099034554434
TEST_00548,2.9259054841070973,1.1850459426201794,-0.3940428511216806
TEST_00549,3.265954497161644,0.10439292122822802,-1.0454143366458633
TEST_00550,3.882047445419598,1.2164521050010892,-0.000637042964945334
TEST_00551,2.821382889237995,-0.30782284961453116,-0.2568441438885173
TEST_00552,2.2945482850754297,-1.2527649169865742,0.4486534450575062
TEST_00553,3.2163373960342674,-0.21599079352228198,0.5523922292234461
TEST_00554,1.7306322876587301,0.13653190426798098,0.13409308832810135
TEST_00555,2.0770910086052514,-0.7856466160994449,0.12305941135036212
TEST_00556,3.027187406745577,-1.231559253900711,0.8303446817024513
TEST_00557,2.5094195829686328,-0.3443235475385083,-0.1317462229371215
TEST_00558,2.9582079028129242,-0.4023971940052338,-0.4474856379241473
TEST_00559,3.8070367575904416,-0.7290536762178036,1.4366858224926973
TEST_00560,3.4409203422098664,-0.4347082376373994,0.9694857888629796
TEST_00561,5.017210808214265,-1.926126768726476,1.23902789684096
TEST_00562,1.9281554174391125,-1.5807435423863727,0.9797400026746677
TEST_00563,1.0764524398288315,-0.9253715592473553,-0.11370085228653898
TEST_00564,1.8336598103157997,-0.11879489997829944,0.22322508175266534
TEST_00565,2.1737385126516853,0.23310497504670297,0.6083670255496841
TEST_00566,3.0994449688076813,-0.4955536026325468,0.46336364099006605
TEST_00567,3.2690302096136477,-0.5946418760668235,0.3379178063598972
TEST_00568,3.3050818833199513,0.8786599489842237,-0.832714403284208
TEST_00569,3.562145864253934,-0.09407370113629657,0.7595958602754558
TEST_00570,2.216110091794738,0.2120318237090163,0.38133269637631445
TEST_00571,3.0937861744117012,-0.39136567803769257,0.012905675036948788
TEST_00572,1.5407113702876418,0.1630962949831692,-0.30149111652870453
TEST_00573,0.9648218242229191,-0.36143326066996595,-0.10249676401215779
TEST_00574,1.6169987703130488,0.2951298603007594,0.5909556470677266
TEST_00575,3.1436480674778653,0.15158561459493994,0.1545207933072683
TEST_00576,2.031616309079717,0.7498086911023669,0.6297101873662728
TEST_00577,2.35691761533384,0.9949771400870415,0.3379732026437428
TEST_00578,3.89596061717605,0.23324900401049542,0.6202456848963817
TEST_00579,2.587049978842461,0.07302245771505782,-0.15212495314583308
TEST_00580,1.6694333545216218,-0.5900653918079684,0.6311490812268373
TEST_00581,2.859143662621437,0.40677908854506695,0.6804218605134531
TEST_00582,1.3712569115081235,-0.1251295736950142,-0.3449333108829309
TEST_00583,3.7295914178720073,0.05245688013067125,-0.6813167932545519
TEST_00584,4.075074277925765,-0.3093312391085046,0.08581809577965128
TEST_00585,4.492539885948921,-0.3950603970970892,-0.47211133991519655
TEST_00586,1.3482652095639776,-0.15043521221569675,-0.3370528046626161
TEST_00587,2.016285865343338,-0.05281993721075943,-0.1213650971970629
TEST_00588,2.6113215414701374,-0.7820767896053058,0.47285060183427957
TEST_00589,1.0190601039877392,-0.012432826299317936,0.4529720871733804
TEST_00590,4.023915713522612,-0.7076740259986602,0.7107891047343743
TEST_00591,3.0438416316091303,0.06288504419361829,-0.05698033855765123
TEST_00592,1.7925673888234566,-0.679837980131953,-0.1403025273628754
TEST_00593,3.3349546938683567,0.7854588158280489,1.1741322648231591
TEST_00594,2.3870455897530607,0.427910962591815,0.44613429522264975
TEST_00595,1.1222647336908764,0.11548467827042436,-0.16922262080264205
TEST_00596,4.559335603784246,1.1387556985982143,-0.7842412724516518
TEST_00597,2.8508079627011504,-0.3508617428569604,0.5705614374604349
TEST_00598,2.309413880111034,0.11449181211437491,0.7317441075885014
TEST_00599,4.4730362440039775,-1.889357004763398,2.227937856570846
TEST_00600,2.923773329762058,1.1617619188646622,1.052702896239893
TEST_00601,2.7690274451192898,1.117831400353226,-0.4753361826791274
TEST_00602,1.1659320964806645,0.6395585847761642,-0.10666042185717377
TEST_00603,1.3455620358749705,0.36947532574062586,0.015929861121468953
TEST_00604,3.506599880518159,-0.0069875083669925665,0.1929695885001405
TEST_00605,1.1353000766596946,0.5533628560087006,-0.01857404645741867
TEST_00606,4.732928306069209,0.7398928916969771,0.9883370133638988
TEST_00607,1.6776936938189986,1.1984981213538386,0.5334032271255585
TEST_00608,2.00393090949391,1.5517603992688913,0.3511213726895794
TEST_00609,2.5383246257542047,0.07678356523047145,-0.5838685177794566
TEST_00610,2.0783352683955276,0.5907270243569221,-0.13251624807839235
TEST_00611,3.744694697929031,0.0244479479221596,0.882292158553697
TEST_00612,3.4944650434916724,-0.9829501938906248,0.030156285926970176
TEST_00613,2.719354896476903,-0.04594260131694915,-0.38423030418750675
TEST_00614,1.5557220495655228,-0.2715790127459556,0.33950332140168016
TEST_00615,1.1950102504660922,0.026727289619164103,-0.14739251565893946
TEST_00616,2.113027628074489,-0.4452805526365803,-0.5817245675187432
TEST_00617,2.9341115381591414,-0.266845454379208,0.9477051896360656
TEST_00618,2.3905777829095505,0.7846748371052207,0.6394968777993145
TEST_00619,3.31161936879835,1.0617566928879043,0.8749278379916744
TEST_00620,2.22429412070959,0.02831959610180895,0.4843941801231443
TEST_00621,3.033949181243641,-0.46383943499973523,0.4299753507825113
TEST_00622,1.878671518869099,0.18260476310733084,0.18404682076787118
TEST_00623,3.9976276858720894,0.508260911841368,-0.04636173075358891
TEST_00624,3.1036024884721303,-0.09685488721778707,-0.251333976129238
TEST_00625,2.9627007959375478,1.026991853165442,-0.09399916174360083
TEST_00626,3.201088403553013,-0.5650354387791992,-0.8349423330301046
TEST_00627,2.7282941357408843,-0.18312451457607973,0.15483969258182723
TEST_00628,2.155612211782651,0.046690882093979376,-0.16052516625304636
TEST_00629,3.9784477933240625,-1.0615062090951206,-0.2458673655413861
TEST_00630,3.381229828106682,-0.8683398405496924,-0.75960630176986
TEST_00631,3.058386476498236,-0.7322159277062411,-0.10368103352978687
TEST_00632,2.971580767362128,0.6002543019365596,0.5663529988650134
TEST_00633,2.6987394073856548,-0.8167606703607503,0.7776575882455573
TEST_00634,1.6720880813579053,-0.24698354633829195,0.20686529293123787
TEST_00635,2.63716193828341,0.9155766910787129,0.8411636166911644
TEST_00636,1.4064204065601162,-0.4974077094790776,-0.33982881442662116
TEST_00637,3.1063190221564647,0.15718910966395006,1.0236250959711373
TEST_00638,2.7539978785766506,0.1444695079924479,-0.06285588316907816
TEST_00639,4.81377740078491,0.7472096661719548,-1.195462915512383
TEST_00640,4.6161481775037565,0.4580242243580296,-1.0515299181273234
TEST_00641,4.674012766584034,-2.208351825984498,1.2087140550526447
TEST_00642,1.6889403660829532,1.0559521849988016,0.8400430730306927
TEST_00643,1.934590693920141,1.1296754116731875,0.2900289262711082
TEST_00644,1.7029631938890073,0.3570005424473296,-0.2935480093621668
TEST_00645,1.2949800884401368,0.008698102542202718,0.021518510384353536
TEST_00646,2.407488153841813,-0.8827958244152858,0.5503762456463367
TEST_00647,2.3994966093768277,-0.7291526414729563,0.47286308386378245
TEST_00648,3.405240385696618,-0.294709543996443,0.4004605853813755
TEST_00649,1.7429581971203203,0.6815842808854352,0.2939373404614833
TEST_00650,2.215308091556269,-0.1134243000364373,-0.15685108012806068
TEST_00651,2.102317428464606,0.625969766881422,0.23226695834715816
TEST_00652,1.2948185099077645,-0.8470831847608494,0.09106971606362006
TEST_00653,2.511361510611575,-0.5799849089295289,0.20021179956806656
TEST_00654,2.1812402796173216,-0.4754403607998713,0.32166106937184796
TEST_00655,2.797532437358265,-0.3196000179667445,0.02383946590209791
TEST_00656,1.4300231238740324,0.7135720483867006,0.22970572784762408
TEST_00657,2.031788115219091,0.5478869408627438,-0.5488653817694237
TEST_00658,1.7644305430961118,1.0350694620106728,-0.5588676504789245
TEST_00659,2.727957946689719,-1.6276320577366956,0.39114912890730663
TEST_00660,2.89916317229512,0.4154898509563694,-0.0272300974914023
TEST_00661,1.4138658561521404,-0.6360785983555728,-0.22027103484209684
TEST_00662,1.351035035616024,0.047593728070189814,0.0864314022197264
TEST_00663,3.211994777209342,0.5557812806402661,0.21829853049793033
TEST_00664,3.4476231210484776,-0.2562226190075632,-0.2103436199655492
TEST_00665,3.563568888286502,0.08675881315069713,0.8023582794813873
TEST_00666,2.8326289740857415,0.21469317254237066,-0.1262628240564475
TEST_00667,4.176881623600851,-0.5306743546170322,0.44484392293438774
TEST_00668,2.9034708861726086,-0.8846372508311015,0.056103886506628384
TEST_00669,2.64354891610158,0.9498503867312297,1.1921704217965843
TEST_00670,3.0366765079204283,-0.23390477058710296,-0.5900231595596114
TEST_00671,2.4030330335103898,0.24392277808594998,-0.008811399443457128
TEST_00672,2.91525028406283,1.003095072546966,0.9731373988250904
TEST_00673,2.8682484726704036,-0.7653330644521318,0.455581760363441
TEST_00674,2.097815402286889,-0.43868124575448997,0.5902751473729835
TEST_00675,1.8035342979234352,-0.04570074719589173,-0.506688525641386
TEST_00676,1.9721268245507528,0.6853943219810135,0.03192845768006557
TEST_00677,3.2062886318563457,2.120090202371443,0.549665229083408
TEST_00678,2.224184538304869,0.5476743330563849,0.5939703569222445
TEST_00679,5.856823045366992,0.6802109006426631,-0.7226420625963857
TEST_00680,3.0255729969317877,1.598041684252793,0.2177715779563018
TEST_00681,3.2365889362044533,-1.3861754612139539,1.0884100023041914
TEST_00682,3.6584681141284032,0.17636581789471065,0.2756861363309982
TEST_00683,2.5279975834423505,0.2638885673030365,0.9151308263972207
TEST_00684,2.339604512368006,-0.16847141799823337,0.6367306636106623
TEST_00685,2.3528201560045714,0.6718718334312338,0.10938549100675189
TEST_00686,1.521685937096734,-0.06228145880302375,0.19054577632393105
TEST_00687,5.022088788737365,1.3312778145574917,-0.9232331721438416
TEST_00688,4.0739851925083075,-2.0951300313827703,1.457400557864216
TEST_00689,3.3407782566426767,0.020088350356505563,0.707768042502544
TEST_00690,2.728874034807294,0.4263005635813402,-0.6718844174229577
TEST_00691,2.255781458243832,-0.05298108297186386,0.6971143825422469
TEST_00692,1.9649178721331744,-0.42844935568430004,0.6073376276087491
TEST_00693,2.3144937539252077,0.5513205851541442,0.10434071967600131
TEST_00694,2.883645591785946,1.671112543776205,0.79763048348261
TEST_00695,0.946328575898945,0.5554762797346926,-0.033766976008174784
TEST_00696,2.688571669853999,0.4323627421688334,-0.5878404697671237
TEST_00697,2.4662795082251923,-0.3755423842584578,0.39598179969370123
TEST_00698,5.2913548263397345,-1.641238775056883,-0.6326264618471694
TEST_00699,1.2049723767014835,-0.02263202637486936,0.055461003156581326
TEST_00700,1.0990923348204598,0.058883973789588276,0.37520855020279215
TEST_00701,2.7239663829419323,0.35573920136333076,0.258955523191713
TEST_00702,1.4330769386701645,-0.5640023346413412,-0.2727857987934402
TEST_00703,2.2412417472804678,0.1586252168739981,-0.028820602861567776
TEST_00704,2.215548427678895,-0.6946348183871106,-0.37930414257294087
TEST_00705,2.618279294627567,1.3509333327555018,-0.31067311982872686
TEST_00706,2.7008680636041045,-0.2320726099526507,-0.11249388431035072
TEST_00707,4.406108511908644,-0.20419437058977757,-0.34208400120457105
TEST_00708,2.0933008211040565,0.1402852146643956,-0.15652068890385604
TEST_00709,4.205915436503197,-1.7219379252610048,1.5116529227715296
TEST_00710,2.496021556227899,-1.7072777299599808,0.7677645652940039
TEST_00711,1.4862925159783689,0.1996887579183542,0.084720373101743
TEST_00712,2.6231634622863202,0.15892594126930576,0.9337711373903612
TEST_00713,2.2317640381141377,0.8264983956125871,-0.6243784104895505
TEST_00714,2.9314794569886793,-0.1526826641659734,0.04967049403926294
TEST_00715,1.0683851494212235,0.07244980584382057,-0.07275685917028543
TEST_00716,2.203305410456041,0.062392262313958294,-0.6670494556203959
TEST_00717,2.220933839305408,0.2284052165798214,0.28551454028310763
TEST_00718,3.13045973791951,-0.6373512455249513,0.9334616999940153
TEST_00719,3.1516069584955733,-1.2640609090143116,-1.49712322288067
TEST_00720,2.9964946977358555,2.347334815610404,0.4433586915474856
TEST_00721,1.7845908540492479,-0.713217677682028,-0.054432074051044665
TEST_00722,4.115367645300781,0.3304945525527726,0.43480327573751226
TEST_00723,2.2116004693343854,-0.312505449319865,0.75470826807673
TEST_00724,2.0604232427035742,-0.2957204281384871,-0.3591756464289859
TEST_00725,0.8465968357894232,-0.03159859619896322,-0.18785359514593059
TEST_00726,3.242754213315719,-1.027417949218783,-0.061846206997262676
TEST_00727,3.448751261692304,-0.8953556625853446,-0.6042294184567639
TEST_00728,5.793551722863634,-0.48183987427291275,-0.4016442081914093
TEST_00729,3.9412018622521314,0.4603736194865257,0.43715772465111435
TEST_00730,2.8755170797957836,0.6323721408377462,-0.011453547519117143
TEST_00731,2.243297996039967,0.5104531801902381,0.15128193317932723
TEST_00732,1.4380540445308487,0.10488980860887563,0.028528626598147668
TEST_00733,2.834389190950202,0.3477683707333232,0.14124986163055847
TEST_00734,1.4365656408388883,-0.6180679738160595,-0.11017960214501551
TEST_00735,1.2087499415816036,-0.01855100096322043,0.3602993637041993
TEST_00736,2.227947104754919,0.6237369395648428,-0.3121643199266916
TEST_00737,3.044563203937472,-1.405694363979787,0.7036450606885791
TEST_00738,4.873677553861812,0.8964899908789395,-1.2791833631110945
TEST_00739,4.0716362627750655,1.5089158428336495,1.2742215315323902
TEST_00740,2.60756353260863,-0.47125998907948,-0.0735310613629335
TEST_00741,1.191955247474135,-0.4266039460171925,0.41876516540006337
TEST_00742,1.9430804293846364,0.03994294211803987,0.6020037579228681
TEST_00743,3.643564695309754,-0.46424938201813043,0.23149591026428382
TEST_00744,2.258683513043843,-0.41511644080064114,0.4590631317874926
TEST_00745,2.600050678748011,0.3774169608700604,1.0801537027261343
TEST_00746,1.644257758915435,0.30133254235004,0.028259357534494094
TEST_00747,3.5953014776232277,-0.5816253633413899,-0.7647694145893015
TEST_00748,1.7375201533303584,0.025754785492488646,0.11145933062399069
TEST_00749,3.7122882343687778,-0.3153609707007586,1.185178790503117
TEST_00750,1.358796873705844,0.7234189031738437,-0.3109860213678867
TEST_00751,2.85558442013219,-0.2983608432683432,-0.31010797786838246
TEST_00752,3.408825889594414,0.28561512840648967,0.6628119856514215
TEST_00753,3.1526583653610496,-1.3756317134374645,0.8453199176660193
TEST_00754,2.806527166849441,0.049796765437362465,0.41175897736777717
TEST_00755,1.8206257244959916,0.09178906338606506,-0.21080665558350595
TEST_00756,4.068739324135422,-0.7987062233120487,0.31895703931185615
TEST_00757,1.6630664290128137,0.3915278298029674,-0.08957746738530895
TEST_00758,2.5396416774096826,1.0670242024510752,-0.3973047877790187
TEST_00759,4.938296528190698,1.2242648523629973,0.1067049238171444
TEST_00760,4.750903498656969,-0.08289582057724205,-1.4667615032705723
TEST_00761,1.0070893917053263,0.02256529006957115,-0.05693047265957174
TEST_00762,2.706926097375205,0.10099160165182824,-0.07451108419631064
TEST_00763,3.3214204697285803,0.8578867042355506,0.31157353363315765
TEST_00764,2.436708044244163,0.25436060232708113,-0.028118638924430256
TEST_00765,1.5898729360572643,0.42786624439034004,-0.012384000708742453
TEST_00766,2.1154749425373343,-0.7660893011109915,-0.3561762421907785
TEST_00767,2.8811734621094645,0.8409331920715385,0.9437304866612359
TEST_00768,2.5146528161797783,0.2975825877176759,-1.099358366093464
TEST_00769,2.1037620711306526,0.8462149947532149,0.0359154831160812
TEST_00770,3.380122355512004,0.34573422048440133,1.098085770274283
TEST_00771,1.6464394506652853,-0.3577049860664705,0.3330961343239696
TEST_00772,1.3885944688310612,-0.1960400161881111,-0.15695344217535998
TEST_00773,1.945942574160866,-0.11563664589546607,0.2413093193394527
TEST_00774,2.182240573514318,1.283215909345701,-0.7984394063989653
TEST_00775,4.126279300944929,1.0669422935017303,-1.100060713799765
TEST_00776,2.8795185389147866,0.22283477763783133,0.7711513056591854
TEST_00777,3.1908892898224197,-0.8908520547752876,0.18225391535557614
TEST_00778,4.891169800882846,0.42277185661187366,-0.3206116143299186
TEST_00779,4.777655027480396,-1.390238747523217,-1.4020922633947805
TEST_00780,1.9651378446906207,0.6682209291449868,0.48024359727905286
TEST_00781,3.1929179782576287,-0.087313278758355,-0.18269461354014324
TEST_00782,1.9126112231897892,-0.46616460018992134,0.4999807734686858
TEST_00783,3.9200181554979956,0.7907809045910422,-0.004966971755060937
TEST_00784,2.321489096431064,-0.18045983042684627,0.4676904055585379
TEST_00785,2.81180156498455,0.4432746853434591,1.5262469894511659
TEST_00786,2.793992074213872,-0.27740742644439564,0.08938744413783269
TEST_00787,2.518630216957664,0.6707604567550419,0.8943172940765919
TEST_00788,2.278171460263335,-0.48932047831744774,0.3853123184002101
TEST_00789,2.7313795239206775,-0.9557163548668556,-1.2859138456324595
TEST_00790,4.08993362405587,0.06391632439997572,0.5870027219267215
TEST_00791,2.380296262439056,-0.3111811647776044,0.29704129934146295
TEST_00792,2.2182717245530337,0.986922625040516,-0.1452916169116594
TEST_00793,2.9491151312843034,0.5495818167869629,-0.03965763760008128
TEST_00794,2.489035300626901,-0.5822252012780182,0.4129677195318117
TEST_00795,1.7868808033665349,0.3442550414977077,0.42525482457297126
TEST_00796,4.597925464507647,-0.5000936043747591,0.13296230128792447
TEST_00797,2.8547446620565173,-1.5008666889999454,0.9958700633421813
TEST_00798,3.336154630638099,1.4388351507461716,1.0069194270625346
TEST_00799,3.656146823836257,-0.6418423743384916,-1.2775029545335437
TEST_00800,3.5008504543895262,1.5904317812045548,0.2913567163790119
TEST_00801,3.634780111116896,1.3978456845087415,-0.24431382993955544
TEST_00802,4.4970868271645195,-1.4316255643506737,-0.11821976335098358
TEST_00803,3.23241656764863,-0.1064702372470788,0.06431876997300268
TEST_00804,2.0886947982830963,-0.5319206621492852,-0.7585371794538217
TEST_00805,2.082970483494704,1.0694634817561381,-0.6332928145068819
TEST_00806,4.224073810491025,-0.19811191689284693,0.3338586674338719
TEST_00807,1.13564505234735,0.41030129846572416,0.16462248880120933
TEST_00808,5.6110380945425575,0.3706456562166434,0.1460779684333545
TEST_00809,2.4190788946809487,0.6985653679582734,-0.06482980464979989
TEST_00810,1.5632687436517534,0.255953015909278,-0.2250836013470333
TEST_00811,0.7871120043821979,0.4140740698212672,-0.03346252850464388
TEST_00812,2.4831606857525785,0.5729152633153864,-0.3137806656866861
TEST_00813,2.3814836058766296,-0.11171834423789695,0.040123167191375785
TEST_00814,3.7069060339812685,1.6835068770430863,-0.8083291431462459
TEST_00815,2.364775757005388,0.8863901273979432,-0.21002717699783457
TEST_00816,2.592344613656014,-1.1368914902635048,-0.2052821545401081
TEST_00817,3.725731143610775,-1.9363055153822577,1.7396944245607373
TEST_00818,5.444897696243896,0.46351516544483673,-1.160589359327582
TEST_00819,1.6656090518219824,0.49970668649293887,0.3091979569090714
TEST_00820,1.460205049064391,0.2962607557544515,-0.02069613767353798
TEST_00821,2.6590832241594207,-0.40051508788443557,0.6469105236728941
TEST_00822,2.085167732492342,0.6700688114451486,0.16040739548764257
TEST_00823,2.40244895574242,-0.5690289041712921,-0.4568041310018667
TEST_00824,1.675593862821289,-0.33182032335134587,-0.25912731704266234
TEST_00825,1.408098747423801,0.4944247738925137,-0.6850247053399945
TEST_00826,1.6084836203501607,0.45410920663274496,-0.3116208640410648
TEST_00827,1.1150390600104174,0.39696052570116397,0.061667656901907626
TEST_00828,2.391924050291377,0.9314449085165634,-0.6490648407740042
TEST_00829,1.2751345559949718,-0.08607221800578213,-0.2958312985722857
TEST_00830,4.746668641304977,-1.3124582782757817,1.837448162479667
TEST_00831,2.2028954499907405,-0.4146132152451324,0.16448722362043405
TEST_00832,1.444819825048478,0.6188938994389557,0.28564484531923406
TEST_00833,3.2032960832126744,-0.9555337706998088,1.4989962624202027
TEST_00834,2.056576030626964,0.15645128858333657,0.23432343209546994
TEST_00835,1.9092205628288468,0.6796708666249212,0.10636187549639514
TEST_00836,1.4129079972714056,-0.9176675366514905,0.002858073860409515
TEST_00837,1.369012491186085,-0.17880750101952675,0.002265171031293466
TEST_00838,2.412816498024413,-0.3435487322747721,-0.15234185438406658
TEST_00839,5.793174726297813,0.44663013847161265,-0.07506469321792736
TEST_00840,1.501047691251223,-0.08334825206305504,-0.24523985278734933
TEST_00841,3.991749776075741,1.4959616530664814,1.4709546444277424
TEST_00842,3.062525983569877,0.5705410484534384,1.5580124997364022
TEST_00843,2.432067520159229,0.6719064495549418,0.062251329587091654
TEST_00844,3.4889799923478737,0.31313793215188496,0.7084153279689487
TEST_00845,2.507241100155148,0.13365425023028255,-0.04628381414885075
TEST_00846,4.592179239744814,-0.41280266759288353,0.7734718635825485
TEST_00847,3.6557190729917206,0.34969486420563556,0.13531504330771196
TEST_00848,3.87455191650884,1.0662177978266147,0.0030444861797640685
TEST_00849,3.5797466642734777,-0.07501217618259942,-0.05309773286624184
TEST_00850,3.1082763122838655,-0.31626088946373737,-0.31243384853731626
TEST_00851,4.263114180058943,0.14184648431127667,-0.13846811464293476
TEST_00852,3.2210376236478715,-0.7029041370682552,0.48375972250906907
TEST_00853,1.6530525837842103,-0.6941925432039472,-0.15355039864365128
TEST_00854,3.1166601660223106,1.3376173230970485,-1.0881820221525016
TEST_00855,1.0757361185894072,0.08720501123043187,-0.2734216492235158
TEST_00856,3.2663645155521936,-0.22806325817519008,1.5045236200527452
TEST_00857,3.741775521343702,-1.9464194491622133,0.32906768960836796
TEST_00858,4.273763321320081,-0.16629226297179758,-0.5665497272676951
TEST_00859,1.2965422875691004,0.28377732754414753,-0.3940671651647347
TEST_00860,2.15642108100818,0.3033545028495126,-0.13630171047767245
TEST_00861,3.363873950346568,0.026518889793420004,0.22504773004572667
TEST_00862,1.5924690637986718,0.2956504751653022,-0.20306056031118946
TEST_00863,3.458442702081599,-0.01767568964908625,1.0375555147531754
TEST_00864,4.061836353706259,0.13122672222734064,0.8412385506805787
TEST_00865,4.907918331912122,0.34478817475231943,0.1314663506485246
TEST_00866,1.39074062887526,0.44678547823018805,-0.044364084253194505
TEST_00867,1.8368599757347859,0.49267701984141327,0.1858868058717875
TEST_00868,2.4281533657824736,-0.7677626540339385,0.2316334801645716
TEST_00869,4.379314888787359,-0.5479684726443441,-0.1092533153078713
TEST_00870,0.9784848403399349,0.4241518675387485,0.00202240608392545
TEST_00871,1.4818015770727502,-0.37481166707433855,-0.08518347003824288
TEST_00872,3.366257283644333,0.9848396908669796,0.13414317658463482
TEST_00873,3.5383651552214577,0.25311583576824115,0.5702989254445257
TEST_00874,1.6581585205426659,0.15062890187924477,-0.046811811357214066
TEST_00875,1.066056115553129,0.30632259640749676,0.09481097872662497
TEST_00876,3.4571312377140107,-0.29605302843716574,0.35741294654721095
TEST_00877,2.6162790556424085,0.8242168305105524,0.19141480777361058
TEST_00878,2.2813980608493174,0.7117432071870132,-0.2921749797880443
TEST_00879,3.610788234573424,-1.0360074040142961,1.967789058126578
TEST_00880,4.230911888892912,-1.5190934525589601,0.31909290814697683
TEST_00881,4.645388164563565,1.374153071963223,0.8993247558688119
TEST_00882,2.031589501404518,-1.0396649020300295,1.2678474955994308
TEST_00883,4.16065894870166,0.13221317625280518,-1.1245402092326595
TEST_00884,1.8802549587312298,-0.20150123739446202,0.20894475375894522
TEST_00885,2.696182617383469,0.33870104114742994,0.5987243709767262
TEST_00886,2.0767245612055225,-0.33449200648908467,0.26146620836244455
TEST_00887,3.8712208742320082,-0.08090625643249161,0.13695004577558695
TEST_00888,4.294017191482921,-2.2059256501398665,0.9337020281680058
TEST_00889,3.5157956258861036,0.054131689989804374,0.07177346329975119
TEST_00890,1.5871968982116393,0.30421618701616393,0.17068540172754984
TEST_00891,4.082720985657717,0.310074121173019,-1.1434782204327518
TEST_00892,4.442897446671632,-1.1026543330819345,0.7315537550726828
TEST_00893,1.2818638822224213,-0.030942607623298195,-0.032265220897176795
TEST_00894,1.6776978660476842,0.6370519771376082,0.7489566120065316
TEST_00895,2.8525536204430213,0.32741655870623687,0.30809969407275706
TEST_00896,2.385061671211404,-0.17860264330093767,0.5224322789151845
TEST_00897,3.685086836237732,-1.0765692083574252,1.6996118726584328
TEST_00898,1.9513956496684919,-0.4825825135015184,0.5522359270905032
TEST_00899,3.2193412425079875,-0.9443483256804951,-0.33754917501323073
TEST_00900,3.0961337985842343,0.47105070792855663,0.9037195714506324
TEST_00901,3.243436493889163,0.4293933780291035,-1.1331271601710036
TEST_00902,2.499614308779235,-0.21902385229443053,0.1677371259470458
TEST_00903,2.768158714216877,-0.3406604068172674,-0.4101284767490406
TEST_00904,3.8300586359426427,-0.016769563025114644,0.8181699166442745
TEST_00905,4.106326104742975,-0.35917725821120516,0.7433149567471266
TEST_00906,1.979733752543251,-0.06139859268713186,-0.06647570898029141
TEST_00907,4.1364859156526865,0.40351936168251207,-0.48266192504135014
TEST_00908,3.0831462451780243,-0.8192415918047861,-0.5729866788894976
TEST_00909,4.223373136005193,0.024865002432467052,0.4434960630012133
TEST_00910,1.9953767698085734,-0.8855037066677635,0.553616342031532
TEST_00911,1.801824554500753,0.045906932280524976,0.2623953137782819
TEST_00912,3.185998149179045,-0.698105008052852,0.5879156078600922
TEST_00913,3.285120598556837,0.9060548319496374,0.4901395462982703
TEST_00914,2.40591896522442,-0.29531652242417383,0.24712414008655278
TEST_00915,1.597235826856615,-0.8292681855958681,-0.30713897131430745
TEST_00916,4.360640122380867,-0.02370677149707061,0.15719182179893587
TEST_00917,3.055121170056762,-2.275818257852875,-0.8482348821019396
TEST_00918,1.6004540358196986,-0.4651457324116307,-0.5008597562742855
TEST_00919,1.1740977799879373,0.09587767831333131,-0.13135760094131427
TEST_00920,2.8104193758675327,-1.6662738388720764,-0.703805905351479
TEST_00921,2.019831378103081,1.2353785877156855,-0.3154689122709215
TEST_00922,4.28985239631286,-0.7790207965139866,0.49925993847356614
TEST_00923,2.348076564418032,0.536057036623692,0.6298694311975886
TEST_00924,3.296227993908926,1.0807995392203038,-0.04686283858212854
TEST_00925,0.8807556796252582,-0.12773835215643806,-0.3166919252346431
TEST_00926,4.5932461972364935,-0.822543036021232,-0.6001842315327139
TEST_00927,5.057295223371651,-0.46944737822061455,1.1950359452740191
TEST_00928,4.425829228798076,1.4906445569953592,-0.10794559107090035
TEST_00929,2.10944191885705,0.26742360536666676,0.2581882587740032
TEST_00930,2.7252686213934263,-0.04265148928869264,-0.6345687155204326
TEST_00931,3.158072707765838,-0.42483492538363204,-1.2140406382552156
TEST_00932,3.4178979416982522,-0.9734746093768484,0.4390066662775459
TEST_00933,1.2318367289153918,-0.3633694977358229,0.04075491508503261
TEST_00934,2.4867235257453073,-0.6460461402810755,-0.4232139481671421
TEST_00935,1.2618671464851796,0.4898604989670893,0.23346946014058376
TEST_00936,1.7961832383138574,-1.1041424256616588,-0.6073106700568931
TEST_00937,2.108693353839393,0.7898817356987705,0.3898032066224651
TEST_00938,2.4390185686348644,-0.7015147207579875,-0.7802666886839043
TEST_00939,2.3836210605180836,0.600543725349357,-0.09293786425563416
TEST_00940,2.918633708391558,-0.27281170379891967,-0.14041020207178218
TEST_00941,3.62026670304668,-0.44419795424723274,-0.6919209659139091
TEST_00942,1.7989917859253288,-0.41540763129863695,0.05617848723541985
TEST_00943,3.9930221452059675,0.4731105498615197,0.9431665293026845
TEST_00944,3.7036709646556645,-0.2885020101038542,-0.5837910049282902
TEST_00945,2.1939941853941543,1.747707561833102,1.0732249685901667
TEST_00946,2.0490657354231763,0.08177657751192015,-0.1809605290583358
TEST_00947,2.2891374376322173,-0.14971612277592702,0.08329870542587918
TEST_00948,2.0247103139536957,0.43190115814703833,-0.20023121475591993
TEST_00949,1.233900424191107,0.18554583463627647,0.555035224516689
TEST_00950,2.3056479121310143,-0.14566032210390983,0.26839344031041673
TEST_00951,1.7829743305391677,0.8076179201188053,0.3148926139457051
TEST_00952,2.130039361771,0.1827899343109373,-0.475090803579002
TEST_00953,3.1089265951559186,-1.5686197646695177,0.8494863230888359
TEST_00954,2.796232130295939,0.06112469096710406,-0.6370696121158729
TEST_00955,2.08565712175893,-0.049530105846393085,-0.47508831011349184
TEST_00956,1.4001940733563507,0.0464396531102438,-0.5778661426121406
TEST_00957,2.061362245347634,0.19894934275384857,0.020262196592826246
TEST_00958,3.292901473270144,-1.6195049407643487,-0.4566537238060682
TEST_00959,5.494981330022075,1.7170809177688564,0.29582232813661985
TEST_00960,3.931885429323692,-0.34289052607203485,0.272026192845534
TEST_00961,4.131994499704363,1.0400876166243687,0.7660387886208484
TEST_00962,3.3709073051774707,0.6041706895884895,-0.5465016146881553
TEST_00963,3.327328883416667,1.6905549850388428,0.08676847284568164
TEST_00964,2.588478084022396,-0.13164297526146052,-0.5934730753530943
TEST_00965,2.3290239482960113,-0.5886303208838543,0.6088170870428701
TEST_00966,4.848721339561052,1.0741732440478249,0.4911376571574354
TEST_00967,4.799285153250449,-1.2686766143092973,0.5862618267279817
TEST_00968,1.6984832490438067,0.1754054592065656,-0.023606678473597403
TEST_00969,2.0342324392667135,-0.13557653384837356,0.028790833921175065
TEST_00970,2.2712386971387404,0.2572804240838569,-0.11387398180289049
TEST_00971,3.291717809551827,0.10010444099341664,-0.3528134060565226
TEST_00972,2.950177634281349,-0.08171668705139884,-0.3622640514577005
TEST_00973,1.0255661469995996,-0.019459986479672304,0.06824683310868578
TEST_00974,2.869162283310519,1.3171153640560003,-0.4428294396042991
TEST_00975,2.3027781133560277,-0.7516138929293446,-0.09558467626456967
TEST_00976,1.8493843224122501,1.022131702420322,1.1075183553291155
TEST_00977,3.3437609173103713,0.1587096777130888,-0.3024623550996172
TEST_00978,2.015370382627644,-1.6127624547162152,0.35747552461082455
TEST_00979,4.467842148695697,-0.6692412151505127,-1.2976702461599134
TEST_00980,1.1729779649471768,-0.34413892867970103,-0.0971326246140021
TEST_00981,2.960373898372663,-0.09550676026816661,0.07101249011126796
TEST_00982,1.681409139832535,0.4165757735240936,0.02618939647568988
TEST_00983,1.2798088159062977,0.3031567499285899,-0.1296687906835704
TEST_00984,1.811471571804016,-0.10328362528595353,-0.1753705495264047
TEST_00985,1.5058111565271148,0.5299041267103167,0.6440540603181278
TEST_00986,3.215053356224971,-0.10922416124060597,-1.3694511929133257
TEST_00987,2.9458029302474826,-0.2915435250475859,0.09440296098960899
TEST_00988,2.588420622038427,-0.039570648908718704,-0.07207786037866744
TEST_00989,1.8727861534920511,-0.11604576848992575,0.7773761172497345
TEST_00990,2.4806162785563863,1.6088447962716763,0.6107445986710541
TEST_00991,1.7185262671724106,-0.8791968419163747,0.0920349541245107
TEST_00992,1.5859772700997843,0.9180631674668236,0.4576849942095569
TEST_00993,3.999565866150742,0.13859763855254978,1.0741127859370652
TEST_00994,1.3480250941668837,0.14414938855138593,-0.09798233284395862
TEST_00995,0.7616527532946247,0.020815369313241485,-0.013744862388525183
TEST_00996,2.7862076221730385,-1.604946816643558,-0.2646677702249015
TEST_00997,2.252286835051423,-0.19211123152145615,0.1749774891158963
TEST_00998,1.420326727592498,0.5826723587766406,0.07450780732874435
TEST_00999,1.3719560533211412,-0.624633438210484,-0.6935212696803909
TEST_01000,2.770265878886684,0.8748954824533384,-0.8325096042142578
TEST_01001,3.355763544151005,-0.951828180960959,1.074928979491321
TEST_01002,3.555357246003499,0.944400053160889,-0.42657578941387064
TEST_01003,3.670938331124352,-0.9531287222563307,-0.5098242836133192
TEST_01004,2.1973319515528336,0.83291824741709,-0.08983196427958189
TEST_01005,1.318458838820405,0.7166017165452337,-0.0807500673337424
TEST_01006,3.7810790668803453,0.7973453249540036,1.2538911609551893
TEST_01007,3.2861757628125132,-1.4131356948294898,-0.6383590014771927
TEST_01008,4.982011677730089,-0.13074372505820475,1.466791020180096
TEST_01009,2.44190609696401,0.16561814762226174,0.18662576047685267
TEST_01010,2.2635063469467074,-0.10079838916235764,-0.39507876808737613
TEST_01011,2.505975769797315,-0.016197654298701562,0.09847378970735846
TEST_01012,4.835154584277187,0.5875695451653484,0.3941388065204996
TEST_01013,2.660568341895023,0.16339615706944322,0.3944005444656609
TEST_01014,2.547274390384191,1.2935222403523527,1.001677429640066
TEST_01015,3.09789112409369,-0.26460221749143736,-0.14576553218872734
TEST_01016,1.9253861063684754,-0.8369321849912307,1.0692613960509165
TEST_01017,3.299583275774003,-1.0905345325288969,-0.7885787225497707
TEST_01018,3.0578705817122613,1.4155953819791889,-1.1938745874320278
TEST_01019,3.8293538572798815,0.7026285979782372,-0.19530520307925692
TEST_01020,1.5575998823843658,0.2777510189297722,0.6408541512330508
TEST_01021,1.691419889828149,0.4399940249234407,0.4469238508925813
TEST_01022,1.7881867165544494,0.08424142868540449,0.09795305362260666
TEST_01023,3.6991245939947444,-1.030659252015048,0.5836357497965454
TEST_01024,2.6202473150936747,0.37317509704928453,-0.23513699392707624
TEST_01025,2.481176231104924,-0.4630721425326917,-0.5408784038390779
TEST_01026,1.5229315169859468,0.3879395572917233,0.33622846494575437
TEST_01027,2.9488931361135307,-0.04031812030437581,-0.47560601752394305
TEST_01028,2.5893775507052235,-0.5031812721302638,0.3301711748448979
TEST_01029,1.0945662583185938,-0.4901274033382192,-0.6075580389808323
TEST_01030,1.1496459722716936,-0.21418242420348718,0.14446401276904594
TEST_01031,1.8712547348645994,-0.23149981962782146,0.18842530207995772
TEST_01032,1.6498671097156534,0.5268337724417976,0.6631274582704344
TEST_01033,2.247790362366615,0.277026440418974,0.5919009112156719
TEST_01034,2.8245055803982857,-0.020207090446066785,-0.5894262836724978
TEST_01035,1.3564877742423471,0.3577533149109171,0.627187878292693
TEST_01036,0.9787132942883607,-0.3055166742691459,-0.418115295969397
TEST_01037,3.252002217544733,-1.9456320523560933,0.9414006658680962
TEST_01038,2.455582171734025,0.7907494753132335,-0.7304348273407111
TEST_01039,5.338613616198776,-1.6028789999631625,1.8565190833721816
TEST_01040,3.5686080702653773,0.028845877699733763,0.22799874526715577
TEST_01041,3.4601984364826555,0.2029465417426612,-0.31534224210664075
TEST_01042,1.5197453340146139,-0.3296324211793412,-0.15012401184742016
TEST_01043,3.8412072159212842,-1.9478726034445153,0.9585790808939213
TEST_01044,2.4427597053285597,-0.8620159878505269,0.1917243473264304
TEST_01045,1.3804994716354555,-0.04681025602491633,0.0675909295766089
TEST_01046,2.0395032117028684,0.19280402702471985,0.21638286135924467
TEST_01047,1.594728281650308,0.7358031531205192,0.6027655147569809
TEST_01048,3.4064381440438045,-2.279271016756417,-0.3705722855528558
TEST_01049,3.7183959650304574,0.20966085955241323,0.38488401430248265
TEST_01050,1.3870453611105147,0.029988205815084334,0.37299366702629444
TEST_01051,1.4279288484236827,-0.1570817765942537,-0.03688576853209455
TEST_01052,1.4208640505146957,-0.0500554915115049,0.12737092151681775
TEST_01053,2.2654302345543114,-0.7306726133167729,0.5166372550520794
TEST_01054,3.6749205091143518,-1.0790426503747605,-0.2974465206820585
TEST_01055,1.914012073303087,-0.1603317063990402,0.36579721654718966
TEST_01056,2.1746611141456444,-0.010748602807881142,0.9681101951506709
TEST_01057,3.4537486368553547,-0.8202590695897582,1.1686801392194868
TEST_01058,4.689964013417291,-0.9822329742613128,-0.4104880184579942
TEST_01059,4.074053381379074,-0.5618529351329847,-1.0763872310644649
TEST_01060,1.7416685474041511,0.5243474492107443,-0.17035363894062033
TEST_01061,3.0305359348063896,-0.3327883335832714,0.7451747960483204
TEST_01062,1.9498465940740448,0.722932698863729,0.17942904758834732
TEST_01063,3.3184629975645126,-0.4726507713384483,-0.4254838788575281
TEST_01064,2.2377873899749097,-0.31886593932505275,0.9396835288527537
TEST_01065,3.522854518273122,1.1066118642745089,1.6698265404986339
TEST_01066,2.5624314918377356,0.14142699233469994,-0.0039828971930365355
TEST_01067,4.6259410169091755,-0.15282793137077297,0.364788477566546
TEST_01068,3.140071841605279,1.223196578389047,-1.0651905067221374
TEST_01069,3.484689410105399,0.8517724574685491,0.46008703802433587
TEST_01070,4.557821232371299,-0.5487905074050967,1.042254573770093
TEST_01071,1.3683529624198998,0.22213662486043806,-0.15523096314566825
TEST_01072,1.5163937723641474,-0.05586768707644251,0.7144963394279469
TEST_01073,3.1674655314748685,0.5624939960646299,0.47110670174412533
TEST_01074,2.795087096286585,0.03640116703581397,0.1734130512643671
TEST_01075,1.5637003520404582,-0.7822403087169595,0.5685380053025881
TEST_01076,2.9532553245608977,0.4981528102408102,1.111447362982392
TEST_01077,3.497647320410181,1.4864571721953441,-0.5093028822891638
TEST_01078,2.4193363921138284,-1.022514820262168,-0.3905578370070321
TEST_01079,5.372660362877117,-0.8314507100427302,0.7465506099576592
TEST_01080,3.6047491350448335,1.562042133169038,0.2882229592694847
TEST_01081,2.275714898028671,0.8042088463287411,0.5776880310242416
TEST_01082,1.5666927820550194,0.4707848437812593,0.033306872202620824
TEST_01083,2.127659000963238,-2.007777077774898,-0.5483039499171811
TEST_01084,2.2451864821850007,0.6203213632569659,-0.21212905671637985
TEST_01085,2.245364009334315,-0.175565613050493,-0.040059571111461044
TEST_01086,2.2247450907474042,0.8739976273246435,-0.3113664211319273
TEST_01087,4.845553255576082,-0.17276365721760154,-0.42285285296761665
TEST_01088,4.990512152980766,-2.055387395146381,0.15162082266504318
TEST_01089,3.5060772377380824,-0.11701703513763091,0.09994379520546771
TEST_01090,2.729527262024977,0.2567857741222915,0.12512904864788188
TEST_01091,4.145229246170768,0.28777417864806787,0.30971322568359105
TEST_01092,5.044297501926519,-0.9674176649977089,1.2170759010083396
TEST_01093,2.1240157121564067,0.49874433955225994,-0.18667410310096075
TEST_01094,2.0478144101246842,1.2605572261879492,0.841010894078621
TEST_01095,3.3847005347730983,0.924548739531983,-0.6163996305871616
TEST_01096,2.007310424835543,0.49507359956680735,-0.23332087061536205
TEST_01097,3.899047956301784,1.567710840760098,0.8835893573450359
TEST_01098,1.7950570626286502,-1.158742981638498,-0.7659997683102167
TEST_01099,1.2508468859662003,-0.5696606599594906,-0.27542282176478267
TEST_01100,2.5307251669178905,0.4754655691986613,-0.7594594199048709
TEST_01101,1.0557862529239113,0.26962339502679994,-0.4041463531538526
TEST_01102,1.475208954882476,0.19920587610086138,0.25564731392089685
TEST_01103,3.3986227914573575,0.01936881890677828,0.5662798927900448
TEST_01104,1.263103272226062,-0.4900067773622735,-0.1947168358924746
TEST_01105,1.7284843682529367,-0.7594874723559267,0.042373328919570546
TEST_01106,3.507721094297895,0.14954771209408318,-0.40085214192818874
TEST_01107,1.6706773244601127,-0.19410155209962918,0.5107544970903942
TEST_01108,2.6793362872981374,-0.04896414805784884,-0.11610495873557247
TEST_01109,3.4502052236720524,-1.4052021295923125,-1.046828155003181
TEST_01110,1.0767262795865564,-0.3100836424434994,0.00955526943364593
TEST_01111,3.1604045743802187,0.11196217927180244,-0.3123450268444507
TEST_01112,1.53159516118836,0.14616136932605064,-0.055584094291363136
TEST_01113,3.593158585573561,-0.781151476587973,-0.16727748138535642
TEST_01114,3.1273729759232642,-0.10205435422795626,0.7606356168341671
TEST_01115,2.1156026468319524,-0.22640347392127871,-0.5470302108904961
TEST_01116,1.8201677414755626,-1.0541064794685786,-0.36393721556642006
TEST_01117,2.3784468962810283,-1.2298138184374814,-0.31464327526413677
TEST_01118,3.7498748121996317,-1.5353522027742792,-1.1195914636285698
TEST_01119,1.8768136363376726,0.08679973580660647,-0.36653535894154265
TEST_01120,4.656217720950713,-1.118496924382502,0.247871154788995
TEST_01121,3.0856021627990473,1.5083894730460847,0.8162872695240165
TEST_01122,2.105348356823075,-1.0322964372414483,-0.19320197969169958
TEST_01123,2.8202840101888715,-0.7909006685232712,-0.46786560915639513
TEST_01124,1.1109841903533246,-0.17101878452571098,0.40156411527946123
TEST_01125,1.497435548083505,0.576645260419421,0.055364243715442706
TEST_01126,4.380833076030487,0.3467520669856653,1.0833882927894107
TEST_01127,2.9678306967803563,0.04213794959495106,0.8808827304757214
TEST_01128,3.779823286828021,0.5994200807988176,0.9652527834573917
TEST_01129,3.1913340280650546,0.005232917843209963,0.6410132322395697
TEST_01130,2.599492380970349,0.016152101234604102,-0.5322944907214974
TEST_01131,2.2694936812397635,-0.18489296284839965,-0.040782598997827116
TEST_01132,3.218272404610527,-0.28296773111484463,0.6585930797484892
TEST_01133,1.4019111793892038,0.26086464891856065,0.09427631035671813
TEST_01134,3.0574852423207863,0.5508347043357115,-0.9408036038134433
TEST_01135,1.8682787080162835,0.755418923219144,0.34628164100852077
TEST_01136,2.76354443931885,-0.02122571665801621,-0.4665812779066945
TEST_01137,0.8031638335866255,0.05450736023834642,0.257935607506422
TEST_01138,3.288388007334221,1.4753375054088975,0.8806516312515766
TEST_01139,2.223686339137425,-1.2683397839244002,-0.3369819543062885
TEST_01140,2.52586646912471,-1.0015499899569524,-0.9324547457329646
TEST_01141,2.8023875912485146,0.03680265346227867,-1.0990292246886972
TEST_01142,1.7879797428045996,-0.5108710109995809,0.06304132223780948
TEST_01143,2.106786529799169,-0.4425344932599425,-0.2101962420782632
TEST_01144,3.1741195757607423,0.15966692647572353,0.08873850947213187
TEST_01145,1.0951614994730776,-0.1285093126665107,-0.08081599529549525
TEST_01146,2.9165024242623514,0.5929838067134308,-0.01525244258839638
TEST_01147,4.384093428678032,-0.11392972231424878,-1.0534586450965329
TEST_01148,2.1004800594968875,0.18432902817490895,-0.0785033482905584
TEST_01149,3.3107109218457453,0.403302832118595,-0.5978035599986975
TEST_01150,0.9026502214592503,-0.4532533968299797,0.02717238362159082
TEST_01151,2.891989142165053,-0.41675321380332764,-0.38445865774989424
TEST_01152,1.4737770994518105,0.030256822824784743,0.5492299492689999
TEST_01153,3.7028211994165905,-1.753549655526707,-0.5946731105939692
TEST_01154,1.5290096165606182,0.10747805586686246,-0.13104355290745656
TEST_01155,2.228691154436635,0.07835471664181279,0.7202739153226898
TEST_01156,4.783537617804953,0.1592835878305991,0.3977142625965858
TEST_01157,1.9823596760524178,-0.30677275608815063,0.2874611796394532
TEST_01158,3.5144824640742507,0.7801414667430219,-0.31177941345697385
TEST_01159,4.700592116368129,-0.56117093452952,1.848838958352805
TEST_01160,4.406245527013792,1.85293727889539,0.06021959510391051
TEST_01161,2.0153760649410906,1.3610059023961725,-0.30742935284450806
TEST_01162,2.298993134073296,-1.2668880677243513,0.4796331975111246
TEST_01163,3.5002280455908092,0.9037780583242725,-0.8135671158204993
TEST_01164,2.061515873293563,-0.09256853497276667,0.4800052352040411
TEST_01165,1.4735935763148045,0.018447827601500443,-0.335252709338825
TEST_01166,2.782099185815929,0.4202110625340577,-0.08592629189408858
TEST_01167,2.4208096426719488,-0.22319123784745654,0.989459074375781
TEST_01168,1.0948426024831963,0.6303300517780525,0.02600892914988645
TEST_01169,3.543969290562132,-0.10772530539646212,0.09116943677879202
TEST_01170,1.937102474855672,0.31858752810998814,-0.5748302117772927
TEST_01171,1.8975381863249894,-0.045998984014790745,0.22390372590533159
TEST_01172,4.85261836743503,-0.2828966751548443,0.9343520097524395
TEST_01173,2.8259579582705308,0.4675111283294929,0.5214716732318774
TEST_01174,3.436858039183177,0.3430630754600946,1.080712538899238
TEST_01175,1.926844455014666,-0.22185955152292555,0.24134392934581897
TEST_01176,1.6713458899834306,0.6509190616046536,0.8225302550049973
TEST_01177,3.3969920781646743,0.4904493150536183,-0.5029316028934908
TEST_01178,5.172885749884028,0.26517974881335327,0.4428876894389606
TEST_01179,3.417436765390855,0.3884538562098944,-0.8388260480494321
TEST_01180,1.3133841211030437,0.36893766206988643,0.05485303312870024
TEST_01181,1.6352222614468974,-0.14142826970500877,0.5679556127785355
TEST_01182,1.5657036101821398,0.705081488152138,0.4894461238761463
TEST_01183,1.9951870580577142,0.06615173887825992,-0.18991266207245602
TEST_01184,2.5685719430697707,-0.1932383894938272,-0.7915623536784943
TEST_01185,3.090661178546555,-0.5782796056032738,1.1766544502406737
TEST_01186,2.7104700028622766,-0.2909469453884098,-0.06973584256032181
TEST_01187,4.058430589197403,0.5928443886213005,-0.9876832660745213
TEST_01188,2.2745239013003316,-0.06027145328860221,-0.2119776590846281
TEST_01189,2.4651642750673983,1.3806498198266965,-1.0163483057071736
TEST_01190,1.6689727746335405,0.8260717802986931,0.5715435443666013
TEST_01191,1.3997169713725213,0.5143442823886467,0.19900451408142297
TEST_01192,2.62543631131755,-1.7985416683952224,-0.8806019492648376
TEST_01193,3.611480950975522,0.9086789722646276,0.6458565968343168
TEST_01194,2.3926569399014928,0.6079804499920289,0.3971991003817708
TEST_01195,2.19273799500001,-0.4210617265250867,0.18164557171701706
TEST_01196,3.187353258680155,-1.5925359576495497,0.7021662712637786
TEST_01197,2.9370394271801272,-1.784255864729458,0.3385978307081736
TEST_01198,3.1568009784268796,1.3148487365814912,0.5822272891443967
TEST_01199,5.412406746766512,-1.5104575134830018,2.00163982924136
TEST_01200,1.8352347014078412,0.8574115168869569,0.09168368088520522
TEST_01201,2.620855221375057,-0.14219280729883665,-0.46775253489707025
TEST_01202,1.8567455548323104,-1.0378736358565988,0.870548915791429
TEST_01203,1.4187432502456983,0.2776702046766277,0.4061469079263837
TEST_01204,3.342699403478753,-0.6532799900858763,0.06725117583542274
TEST_01205,2.4165950617521905,0.05021169714446786,0.13429471034662163
TEST_01206,4.1444115654798805,-0.16262032235951446,-0.01603742326568315
TEST_01207,4.6942896989731056,-0.44184302906942424,-0.5927164541137561
TEST_01208,3.12067542357338,-1.1025206820313407,-1.1074647807458975
TEST_01209,3.56031386773206,-0.09229433192572625,-0.7976499833069919
TEST_01210,2.1861229710872667,0.3381708850282725,0.09759904739050283
TEST_01211,4.330095479490826,0.5307988509462553,0.4657198703486849
TEST_01212,2.6894607743653434,-0.7035206689360654,1.123442275089285
TEST_01213,1.651007425586394,0.41379867821787064,0.31476942036564076
TEST_01214,3.1906436589611893,0.6583842092751271,1.5860621432709565
TEST_01215,2.704674788473532,-0.5978528373380322,-0.12117276180176134
TEST_01216,2.3537678388389605,0.44808831845214997,-0.0763019821686211
TEST_01217,1.9326925039936649,-0.12319504013213776,0.55080062873543
TEST_01218,1.234295660131424,0.6242461668910706,0.08985824428152714
TEST_01219,3.7530788068015375,0.4182488158976792,0.2598306395697326
TEST_01220,2.7071004567595263,0.7585968718042893,-0.01981522797713179
TEST_01221,3.631128143850611,-0.5129257523747298,-0.24009141620818397
TEST_01222,2.1781890062640934,0.28823271549132284,-0.7954117577756068
TEST_01223,2.582753209728841,-0.7556585055174828,0.21720512245143378
TEST_01224,4.184543310568343,0.11817994898286138,1.0742650674694043
TEST_01225,1.9346173916528022,-0.8754269526365293,0.5973547542871118
TEST_01226,2.2430781789223957,0.0147455687167244,-0.005237608188891842
TEST_01227,1.326697725651726,-0.18675627442440748,-0.3964170117903724
TEST_01228,2.296919550917873,0.2167965467994817,-0.04690927734816309
TEST_01229,3.679720493778214,-0.673182927166598,0.6290843842000563
TEST_01230,1.1101122537447294,-0.6503769721165117,0.16702576512450962
TEST_01231,3.0080135590659887,0.39466924127268677,0.06799528592542614
TEST_01232,2.0770955884059914,0.2965647010556309,-0.1265071658599573
TEST_01233,2.6543592422455626,0.19195715447752615,0.2916540258154912
TEST_01234,2.2435775005168024,-0.0378180245330767,0.3734373116428278
TEST_01235,1.2993408823514239,-0.4341750084546836,-0.05934433994733601
TEST_01236,3.475182191793082,-0.14282678225884426,-0.2607746477272214
TEST_01237,3.0700219583448924,-0.8315874156481109,0.17432960063583997
TEST_01238,2.3239028057437814,0.5858979122983534,0.053621994623153965
TEST_01239,4.9079103905772525,-1.5171224789573072,0.9202911321942115
TEST_01240,3.0170899768039585,-2.1516128150701,-1.0717054052244281
TEST_01241,4.12806738176607,-0.6900651284074883,1.0517091676013552
TEST_01242,2.9054289862198335,-0.05397461934344774,-0.631013472273506
TEST_01243,3.0734870140231654,0.7953943406859368,-0.46839413914478073
TEST_01244,3.7995643248914464,-0.8616960730252575,1.3579990325656361
TEST_01245,2.447098870768187,-0.8505972837286248,0.40068467790348405
TEST_01246,2.641767348747988,0.10340755634323426,-0.1622426776341619
TEST_01247,2.9600584707871636,-0.3350911977475045,1.0200869687583471
TEST_01248,3.191188710903848,0.6070182435781505,0.9577571072245585
TEST_01249,2.7661094861137534,0.5325751815372343,0.42279047982087453
TEST_01250,2.161263415148305,0.3488778542589074,0.45924955306754445
TEST_01251,3.049179632391957,0.2548634138253965,0.09604158432559404
TEST_01252,3.6021745034872388,0.3910107173604556,-0.8777538417108769
TEST_01253,2.308467333317581,0.22012615854291634,-0.39298101757372556
TEST_01254,2.520304791792525,-0.49958244855473655,0.29254318484187325
TEST_01255,1.8847646823410544,1.2118021130880718,0.17379546306030474
TEST_01256,3.270336339756069,-0.35385043222392254,0.7783044930354767
TEST_01257,3.3858111054574085,-1.8956940016194608,1.583107474955167
TEST_01258,1.8995438283189752,1.4339788998819327,-0.02526569731333671
TEST_01259,3.163587082364257,1.4501560037624919,-0.36119429394703345
TEST_01260,1.2423452664301509,-0.015172125946631965,-0.4942871844797886
TEST_01261,1.9479618489512376,-0.4446946504984195,-0.28894778674566035
TEST_01262,2.005482969838935,-0.4934571123175868,0.5163280387262419
TEST_01263,4.130465796984353,-0.6788431508107359,1.2956222981305436
TEST_01264,3.7496174982314328,-0.17974280013605964,-0.07769831192994775
TEST_01265,1.1897388195873195,0.4454087181412653,0.31256371636529096
TEST_01266,3.0120526967906294,0.10028699585439982,-0.15948467266686583
TEST_01267,3.4778589366145574,-0.3682579394518711,-0.2266094541727241
TEST_01268,2.480590063048811,-0.09211061808149351,0.21951595768781212
TEST_01269,4.388052075192643,1.7804176950514714,0.8179644099880156
TEST_01270,4.1478512474038025,-0.610021470667985,1.0670420846522222
TEST_01271,2.84411461671259,0.49531987353429263,0.07534346510465059
TEST_01272,2.0191999352717707,-0.8530048377841185,0.833562872758286
TEST_01273,2.0267506329108302,-0.1463450432430713,0.240590007503944
TEST_01274,2.699624780016405,0.1807012914507235,0.08128501044553468
TEST_01275,1.2358984591636966,-0.3206942170654994,-0.11957179471858437
TEST_01276,3.8661120349867146,0.09201093696290683,0.06626137887017483
TEST_01277,1.4848463351508718,0.01626181187123192,-0.16374167636780995
TEST_01278,3.1642805912116967,-1.2142224692819659,-0.9890630887111442
TEST_01279,4.893214913823144,0.07763660770897177,0.3022734862796092
TEST_01280,3.539609830648068,-0.6885328914641821,-0.5108048209252364
TEST_01281,4.257375995492874,0.5778682019942887,0.06963337253246675
TEST_01282,3.680363442724491,-1.4162987233124318,0.30060089196204925
TEST_01283,2.746119394047884,-1.6008534309809141,-1.119293114148135
TEST_01284,1.686073111801726,0.24418982862409827,-0.23444466228584548
TEST_01285,1.5246286649312624,-0.03385328675355291,0.5664614353451629
TEST_01286,2.090204605349671,0.18965476643099222,0.26513740323805435
TEST_01287,1.962375749782288,0.7777320373967659,-0.021412072884819947
TEST_01288,5.213853589848958,-2.111410120138228,0.8511282364141771
TEST_01289,3.6711878380443475,-0.05703725917589459,0.34962037922447115
TEST_01290,1.6707248690419922,0.6378945419605799,-0.22908710211598107
TEST_01291,1.788030199825871,0.08826496776401924,0.11677992414056976
TEST_01292,4.379197355905783,1.2776092170636764,1.4121685861723783
TEST_01293,3.0369513563159374,0.2706104206105392,0.20612862622018296
TEST_01294,1.689386824110671,-0.5233073995064285,-0.6548608797851877
TEST_01295,3.7770850997783754,1.1636257489005777,0.38276174423726217
TEST_01296,1.2419348055599744,-0.26192149496675016,0.08194421545311703
TEST_01297,3.304986952868491,1.3359808238803423,1.3906417407802638
TEST_01298,1.9044314869592578,0.09284142386658825,-0.4605456479661742
TEST_01299,3.0788628411804773,-0.19108837936311757,-0.2758616501649694
TEST_01300,2.644412746401975,-0.4239399550328878,-0.27496546777804887
TEST_01301,2.3906340838644677,-0.16482697095850898,-0.23645762304589413
TEST_01302,1.5041173640617782,-0.4446885976643525,0.24368036641352275
TEST_01303,2.976455775668597,0.07131497401029259,0.0765939135952698
TEST_01304,1.8383608490010643,-0.04110807431072116,-0.49425022891539383
TEST_01305,5.489560613947688,0.8673884770875764,1.143505738627386
TEST_01306,2.9346860545327873,0.5112631570399354,-0.39681914215644987
TEST_01307,2.035237624275294,-0.6549984005413663,0.2529520325715802
TEST_01308,2.2091987339366277,0.3476057119043916,0.482244516495114
TEST_01309,2.8486567199310784,-1.4087020473297236,0.6145947313018535
TEST_01310,4.145656357668587,0.34228427655999233,0.5980743911872273
TEST_01311,2.645134584756812,1.0045273219726343,-0.1593849707251593
TEST_01312,1.5087415992888773,-0.3139246918661023,0.04018090120759888
TEST_01313,3.2385216644328074,-1.4742018705198345,-0.3725786245052935
TEST_01314,2.1557200264521534,-0.6868685896355092,0.11468279434033211
TEST_01315,0.8564055399188497,-0.06630269135948579,-0.18087066293662996
TEST_01316,1.863346320414174,-0.5110002454119835,-0.06716839595512493
TEST_01317,3.5086030986321712,-2.2151771330435075,1.1375368129785766
TEST_01318,3.0436020298546853,-0.6060374850094276,0.4615509746326224
TEST_01319,5.4914912927068755,-0.24933232292745552,0.3465556032356732
TEST_01320,1.4278400117048278,0.600339660090927,-0.44379029184875796
TEST_01321,4.855020759290535,0.5629105107260546,0.12833787864376778
TEST_01322,4.722322089933105,-1.525513119311515,-0.8054265441443397
TEST_01323,4.211941714174492,-1.65824457973367,-0.1737601103858553
TEST_01324,1.011919453081318,-0.15540364747408414,-0.20837216726029661
TEST_01325,1.9829428460101373,0.29471289872487266,0.3561550986876477
TEST_01326,4.175225624815842,-0.8023927240648135,-0.030808564023150617
TEST_01327,1.9483519744460984,0.9517402176384842,0.44615786826016907
TEST_01328,5.386744782303465,-1.3464696027161582,1.5155632896790094
TEST_01329,3.3949191856967658,0.2924444832983564,0.21833005000357963
TEST_01330,2.816856820456356,0.6285073970904492,-0.7327230725416906
TEST_01331,3.106468442479101,0.10823927041709108,-0.0760432175972766
TEST_01332,3.0940454268975173,-0.08576634050035532,-0.14494518341810106
TEST_01333,2.464500243181527,0.09707648231956796,-0.1459669563939894
TEST_01334,3.1870409924190235,0.2340232216752871,0.20637104504663953
TEST_01335,3.770775103945798,-0.26564761021628863,-0.10513788654284666
TEST_01336,1.648228481344747,0.371355111218321,0.3497145616042271
TEST_01337,3.0825268216921113,2.0016906900560123,1.9288144342023648
TEST_01338,1.2867095211376969,0.7522077933097514,-0.19003589319446104
TEST_01339,1.3043232537025864,-0.19342329128951719,-0.03019275033223077
TEST_01340,1.9242496515210952,-0.24992437021332425,-0.3412527116898458
TEST_01341,3.442061228324148,-0.27697949202776595,1.120575144611649
TEST_01342,1.697703910061607,-0.9684028071434427,0.2910970094104646
TEST_01343,3.4401107243322504,0.2345971663394723,0.8400725964573782
TEST_01344,3.861510679539972,-0.7039908626697053,0.9961495069098399
TEST_01345,1.3871376803288293,-0.47749006212748285,0.024904969992111725
TEST_01346,2.276710519526112,-0.5925370618744833,0.22536629314310766
TEST_01347,2.2621324221660126,-0.6750522529587394,0.46069155374694787
TEST_01348,2.706715080173492,-0.00717382788739097,-0.18161853390447927
TEST_01349,1.9052377405673169,0.44015397013723356,-0.37805617132824265
TEST_01350,3.3425113269873887,-1.1986201431318533,0.9843273291822126
TEST_01351,2.284845943769386,1.0478619095193418,0.1575891549325453
TEST_01352,3.3060276538752036,-0.043903290977106775,1.6766200424362045
TEST_01353,1.640086191601477,0.05638775946263408,-0.0036673070049265304
TEST_01354,1.8585264794863756,0.622737274004665,0.3006208164211181
TEST_01355,2.279222140003281,0.14323540202967655,-0.06243715414091993
TEST_01356,3.46954367023457,1.7594793017104293,-0.3162207978471694
TEST_01357,3.21072256256395,0.07305445412920418,0.8257352177019278
TEST_01358,3.6848007742178894,0.07964304974271397,0.7777207713693045
TEST_01359,5.571328000299177,1.6540285139197248,0.2232076677397337
TEST_01360,4.430219491793736,0.9769124516425504,0.9102984111855228
TEST_01361,2.7012975104662935,1.5368690298700758,-0.16435829902202992
TEST_01362,2.4206497468994783,0.43691532790090715,0.6772718542226631
TEST_01363,3.0853657897749502,-2.083484795805016,-1.151678397299522
TEST_01364,3.6941901283344514,0.6808991764367173,1.0734187060831655
TEST_01365,1.502724482283539,0.4737985656517781,-0.07354966877020575
TEST_01366,2.412477144735497,-0.4160545911902336,0.39358445162340694
TEST_01367,2.5076024709318063,-0.1973469994690081,-0.2250633106362632
TEST_01368,2.81347623876259,-1.0060938025298851,1.2061438136114226
TEST_01369,2.2016084902238062,0.3190168894403027,0.2619567408690953
TEST_01370,1.579209231243318,0.7739806280447937,0.0017764853281588499
TEST_01371,2.170542663498899,0.042231616700694544,-0.4485120813160126
TEST_01372,3.8704730583048286,0.5815000661748806,-0.9991569273696881
TEST_01373,2.3839179154684547,-0.6239859288037598,-0.09464506721234522
TEST_01374,1.2630361627371545,-0.28565795089071566,0.28091304133386497
TEST_01375,3.1581853908952784,-0.5092939917396678,-0.011447088699948019
TEST_01376,2.6768429400644087,0.4145614523930243,1.019198291916854
TEST_01377,1.5577530575476202,0.688550126304154,0.03455451795887032
TEST_01378,2.668042543110946,0.6883649064342648,-0.7220998529327739
TEST_01379,4.372376817570782,1.1625794904595148,-1.3194498043789153
TEST_01380,2.208366045575806,-0.690429398599722,-0.2713930590195678
TEST_01381,2.70979036592007,-0.5413120955507745,-0.32435126482721827
TEST_01382,1.5649938691862364,0.18217559600816915,0.08903022755811871
TEST_01383,2.3451334521136724,0.5833219959943694,-0.011761348202630795
TEST_01384,2.462951143318086,-0.061885155187484116,0.05863383706853578
TEST_01385,2.5642647772343254,0.2827459807702051,0.4102701284249304
TEST_01386,2.4689974983451495,-0.20542644970658125,0.3563480028931026
TEST_01387,3.5487240917821,-0.09781398588585435,0.04942178070970054
TEST_01388,2.3588441048017583,0.1646478462518098,0.2857959105101297
TEST_01389,3.8807123286193446,0.2966594040016876,-0.3120718454699451
TEST_01390,0.994168246545597,-0.11877817074684634,0.07555878869799744
TEST_01391,1.2394745481907186,-0.06182548674059519,-0.05200708618389197
TEST_01392,2.6757483258371244,0.6187201074177977,-0.48461901395044
TEST_01393,2.1955770314355463,-0.1719758165623913,0.5399818935097186
TEST_01394,2.782329281473098,-0.006535677690323188,0.06280677606347616
TEST_01395,2.030029964512649,-0.4409578779084103,-0.13816473156739242
TEST_01396,2.621947219432302,1.1684712792490428,-0.6448583170224413
TEST_01397,2.199000532211942,0.5819155597246651,0.6502252320842805
TEST_01398,1.7067594933312877,-0.27721674268946195,-0.04908915865889248
TEST_01399,5.873008381008455,1.4035482205705356,-0.42693264283554133
TEST_01400,4.6827366252854485,2.224880661922464,-0.49494009196546035
TEST_01401,4.3633112942834105,1.4963453870055843,0.7327537935232548
TEST_01402,2.49505954600467,-1.274853085077165,1.1284445799423108
TEST_01403,1.8155453270748363,-1.706885237769425,-0.6042822107698236
TEST_01404,1.7790355599366647,0.9326058792412588,0.28563528952041084
TEST_01405,2.8586653803230937,0.43386328137404856,-0.31419023716523325
TEST_01406,3.811898513309587,-0.31947420300075186,-0.220348195932553
TEST_01407,1.3831952162138133,-0.8824843933605372,-0.07880429843981034
TEST_01408,4.3815044816053295,-0.7127355506271845,0.9110397958021987
TEST_01409,2.4544316388809504,-0.3494404373160804,-0.46424680572396654
TEST_01410,2.1294101670016796,0.28053917652218185,0.22211375972060127
TEST_01411,0.8147452364449324,0.3322951335042144,-0.047282222275931346
TEST_01412,2.5736713304645593,-0.3761257198604927,-0.19083891561284289
TEST_01413,1.1918794424940888,-0.1140069398601195,0.3183818740953783
TEST_01414,1.6842812591773644,-0.3245514697818397,0.018317384100460576
TEST_01415,4.036597294797657,0.8391019465612394,-0.8299005994031046
TEST_01416,3.2190583592623994,1.0686460669435456,-0.583891633600548
TEST_01417,2.856032797438148,1.2247208240725052,0.3451745903208873
TEST_01418,5.289548847654061,-0.7021345307580596,0.5957119879646755
TEST_01419,1.8494154338703328,0.6172672575878578,-0.20987483180984065
TEST_01420,2.4661543881565158,0.9075014055655858,-0.799110244463314
TEST_01421,2.548268231775718,-0.3488678754462925,0.21246333457647212
TEST_01422,2.0895644497162746,-0.07621027868935958,-0.21411101506378089
TEST_01423,2.896911110672882,-0.4707929253202653,0.12131566209066841
TEST_01424,2.649878667526309,0.14077219241715563,-0.04498449583626516
TEST_01425,2.213445222694259,0.6597808085533898,-0.5665138872834038
TEST_01426,1.0761896539046605,0.2046489900606598,0.2655767444999917
TEST_01427,3.9077500854601017,0.7683360460303417,0.9093519436699643
TEST_01428,2.153947867083955,-0.1214217554125301,-0.15230675256136997
TEST_01429,3.6527050291991316,1.0288497157825682,0.42860019556680956
TEST_01430,3.010080536995332,-0.5875692398279692,0.7485281649216114
TEST_01431,1.5258600953711532,-0.9314012677542617,-0.35722621797706045
TEST_01432,2.846094750873093,1.347231577503747,0.3715028964779589
TEST_01433,1.946525076654456,-0.36963858054666376,-0.2234418197542986
TEST_01434,1.811545129429388,0.008470690030848618,-0.10898716505424698
TEST_01435,2.0487767214378825,-0.7207098122142214,-0.6907226974745685
TEST_01436,1.783560887514678,-0.051066364198757555,-0.1392254115716207
TEST_01437,1.6645836624923895,-0.54032464079405,0.14773116942112538
TEST_01438,3.4278477628305826,1.6671050552339404,-0.5640499243839395
TEST_01439,5.6400766931694255,1.0286852587677973,0.3714060350397725
TEST_01440,4.399937320949918,-0.7760419107152929,-0.8070419317321326
TEST_01441,3.101751903242586,2.142984233046903,-0.1886695325755787
TEST_01442,1.6462238099349307,-1.5987868441403015,-0.6787036813723296
TEST_01443,3.4305411283162797,0.422002107056196,0.5532187512223434
TEST_01444,1.8184640927134155,0.3252196235028319,0.5206148374239562
TEST_01445,1.030811047540351,-0.134085775820569,0.19273445110458817
TEST_01446,1.7054097102937504,0.14341516203312318,0.05450721705136162
TEST_01447,5.119057621381263,-1.0230571083099755,1.2877321184964348
TEST_01448,4.060528399638572,1.1374848686717245,1.2126692202081581
TEST_01449,3.8590080066196792,-0.29143712163192953,0.8625777504239995
TEST_01450,1.9571748699495086,0.6566676008942451,-0.11691634009408508
TEST_01451,2.487520040404724,-0.3197923781450384,0.3775183739103601
TEST_01452,3.8576756379093626,0.5841383372129255,1.6453509783771152
TEST_01453,1.0964504388964884,0.12445157814057745,0.12349203000362209
TEST_01454,1.7070124773817537,0.9882715065004628,-0.5977014904349436
TEST_01455,0.8821463943887293,0.3753816814557097,0.12777453021315277
TEST_01456,2.062850353788921,0.5035336767493871,0.04177169952419839
TEST_01457,3.773686291850279,-1.7852153328355296,-0.438524004688048
TEST_01458,2.5830173830233853,0.9405759363548746,-0.7714569679159113
TEST_01459,3.460723863862953,0.2739933026699795,0.24800243427727908
TEST_01460,1.7601913537043012,-0.13370163127982443,-0.31309072550558087
TEST_01461,3.2404544174574177,-0.02179128727253598,0.5923545522429423
TEST_01462,1.9439324418212225,-0.45756525475884263,0.2121704557522921
TEST_01463,1.972417838346817,0.558990256405253,-0.6686626321768736
TEST_01464,1.6802788820058505,-0.6064753559818375,0.11268071533553807
TEST_01465,3.6068073583651765,-0.23903868585107366,0.5593158784728676
TEST_01466,3.192801097152414,-0.046010326465360754,0.21076903373000527
TEST_01467,4.026150218869773,0.7910028530175193,-0.8211280347475709
TEST_01468,2.5328726833708473,-0.4676115231631063,0.10685755004794302
TEST_01469,3.2631351028153746,-1.2287978736515175,-0.40022758534318625
TEST_01470,3.658825244556188,-1.3748066132678567,-0.31135102017305094
TEST_01471,2.0263062104348166,0.059410358817022564,-0.04483056148296171
TEST_01472,3.718953622981809,0.7375374584756609,1.2257499034542827
TEST_01473,3.616399555475934,-1.0636004690586636,-0.14109784066133763
TEST_01474,1.8382036953229164,0.129634190375372,0.46305830150468613
TEST_01475,1.7720642816896415,0.4351026651097666,-0.11711108457867948
TEST_01476,2.2280500917154704,0.25302465795590157,-0.5500862882972508
TEST_01477,2.4243793256581276,-0.03605025913750758,-0.34957352237515177
TEST_01478,1.2924347345672023,-0.383414274749734,0.5208822840384412
TEST_01479,5.6167767110360245,0.7727812528738512,0.7681900527343938
TEST_01480,3.4045240094127074,-0.595896269874557,-0.5934897573770974
TEST_01481,2.712695902480487,-1.9593950184082347,-0.45263690177169164
TEST_01482,1.3100411083992851,-0.8045185191293798,-0.6746696034709422
TEST_01483,2.673369886767774,-2.107212249473555,-0.0452669218623189
TEST_01484,1.8637209346907253,0.3516945901988905,0.4131807351773845
TEST_01485,2.085318251426781,1.007231953597219,-0.47271462389595076
TEST_01486,2.4908635270460437,-0.4324279749164883,-0.398160284514498
TEST_01487,3.9119647020110824,0.7039631437040892,-0.4522708582488614
TEST_01488,2.9275906333822777,1.5586139570388406,1.1089697495193394
TEST_01489,3.3643388845411923,0.15032178168778726,-0.39670533493645704
TEST_01490,2.893249137035487,0.07307640179963357,-0.1279717196374103
TEST_01491,2.723532162366066,-0.05017000137042966,-0.9050630065386082
TEST_01492,2.5625645986281027,-1.566600731600306,-1.1395795353042422
TEST_01493,2.273110959537044,0.29665774188886557,-0.2543317164080568
TEST_01494,2.8455352201777195,-0.03133209491523324,0.6215712040991799
TEST_01495,3.3607492775331145,0.18504799126812124,-0.26754683057296924
TEST_01496,2.598628362442008,0.5861730345445092,1.2911119019588582
TEST_01497,2.174072638651377,1.0657828408117211,-0.24225785110746975
TEST_01498,3.3510472074010393,-0.7749986471515828,1.3811008466713828
TEST_01499,3.68756745821012,-1.0987439714555267,0.199906357244655
TEST_01500,2.1891384789928514,0.5803826725403157,0.20586399426310323
TEST_01501,2.0477865495436913,-0.1852204158846631,-0.6434139208609102
TEST_01502,1.7574749419423683,-0.9167163802033412,0.6545401109988725
TEST_01503,4.3258197452283795,0.7219752343033872,0.2558099832467809
TEST_01504,3.4735203475319216,0.12505557619293903,0.4439171724789971
TEST_01505,3.426827750439147,-1.142701066218272,1.755708067849505
TEST_01506,1.4658609960053053,0.12431201983592008,-0.09103977154098619
TEST_01507,2.740954546185136,-0.29633510821491915,0.28764350748340156
TEST_01508,2.992350181016047,-0.5445399524532499,-0.21233715253396818
TEST_01509,2.2606009948737933,-0.02104736061193288,-0.4366725314205167
TEST_01510,3.3928592313807133,-1.301568097543681,0.8038788831385097
TEST_01511,1.9180829472311813,-0.3821656435237814,0.09259125494822323
TEST_01512,1.2662301496548223,0.4788317910169132,0.19498407534132145
TEST_01513,2.9813897249823085,-0.5563846616628945,0.5898338949533803
TEST_01514,1.4878680297725277,-0.14208162569553234,0.2640778484772699
TEST_01515,1.0161463293283914,-0.4840710699579358,0.2558255157296388
TEST_01516,2.334974190902188,-0.08331780503308674,0.7474807138081185
TEST_01517,3.0538921495683327,0.13211445051730336,-0.8283441884301895
TEST_01518,2.3837135667101648,-1.0367160948306566,-0.8243865449732305
TEST_01519,4.912263570708087,1.0799046867968818,2.328083529143352
TEST_01520,4.0975499781033,-0.33349207327794866,0.35655101264233746
TEST_01521,1.162916593722819,0.470787271716312,0.34990558787550247
TEST_01522,4.247037092431655,0.18986404927251607,0.06362388641198008
TEST_01523,1.5332613085107087,0.5818350425875644,-0.4551288155454194
TEST_01524,3.2972500442927757,0.03761343440017349,1.1400842810135883
TEST_01525,1.8531050881849302,0.3221502341319171,-0.2148631643277617
TEST_01526,4.7862829330602255,0.816499996073156,0.8401229017978114
TEST_01527,2.3442936630757365,0.3277954395337134,0.5257682479472277
TEST_01528,1.3751652461809998,-0.16212575607575486,-0.16997413503655523
TEST_01529,1.769903573068795,-0.014143224088340602,0.060594142445473315
TEST_01530,2.243391524331528,0.10698088490741829,0.5436559087192074
TEST_01531,2.362880643395341,0.002766917104020281,-0.36091975238942836
TEST_01532,4.877883229803647,1.0179395590869835,1.8308749687963586
TEST_01533,2.2415827541205138,0.008078099885734576,-0.21197507823860307
TEST_01534,3.1421051827770965,0.5744235446485165,0.6748214638694225
TEST_01535,3.0574240074318237,0.4693861993081046,0.7151548582296355
TEST_01536,2.637956620367,-0.9590814609134619,1.3346400931125924
TEST_01537,1.7132784924652467,0.6362652329832271,0.7585069344316605
TEST_01538,3.8998571756774427,-0.657868064198976,1.5526914155755018
TEST_01539,2.855772757358311,-0.4797202479805651,-0.07825899394897255
TEST_01540,2.1789400955727674,0.7653017076714588,-0.43928622356493097
TEST_01541,1.325495795926275,-0.6119883885000368,0.05796246530645666
TEST_01542,1.2953546410676156,0.20585072326481352,0.2123468692434968
TEST_01543,1.2931018461649209,0.04047145829110152,-0.3199724650777226
TEST_01544,4.152408716509718,-0.09103973141323461,-0.4352658775602518
TEST_01545,2.867390005488722,0.25791286455873713,-0.7285845309293932
TEST_01546,2.8887823038815093,0.2208926589969251,0.1246267662615342
TEST_01547,1.6639825535358808,0.14290089391771763,0.09943850538594193
TEST_01548,2.882299168709599,1.2957771856242006,-0.887880711275918
TEST_01549,3.9929232895304074,-0.6231664143884293,0.8165208306873469
TEST_01550,1.6283141298525765,1.0916630659824493,0.007111770950885346
TEST_01551,1.8067998302489074,-0.5224391394197014,0.08888848617047532
TEST_01552,2.46683358526867,-1.1122032748058357,0.4691035509669277
TEST_01553,2.6745355948401768,0.6639465843417117,-0.2724440533544946
TEST_01554,2.1807569641875024,-0.35095330149611176,-0.35622739720753244
TEST_01555,1.670755652379175,-0.2219945556739909,0.1213285949236866
TEST_01556,3.749708763864409,0.03566142697475162,0.6659594699693359
TEST_01557,3.638648850711272,1.195359497258851,1.0559535976303434
TEST_01558,3.5233198108974104,1.114463007522178,0.6263858362471748
TEST_01559,5.142048541406105,1.4642283514070384,-0.8448189284876965
TEST_01560,4.496678300075155,0.3040449880126527,1.157541325601385
TEST_01561,4.0895352325859955,-0.8676727485760708,1.198860783663849
TEST_01562,1.738983424887726,1.2406787551083394,-0.7983366362157021
TEST_01563,3.8918789066442883,1.5014707401994376,1.2931146001562512
TEST_01564,3.25955361612758,0.14811519744138005,-0.3239585473540882
TEST_01565,2.003187391175422,-0.5300452854763507,0.4675267725239347
TEST_01566,2.576364040319329,-0.5035974554507133,0.14296439071146735
TEST_01567,3.23099563234321,0.5730852337616998,0.3272456058415567
TEST_01568,3.242826306175306,-1.8597781623472063,-0.26208554249971966
TEST_01569,3.448705469186626,-0.17785299828739373,-0.35773429778537635
TEST_01570,2.6461402159165566,0.22184545962742552,-0.4907911184084688
TEST_01571,3.9187180396850145,0.31423078547596933,-0.4124271297238259
TEST_01572,3.855744898168226,-1.4524865826637936,-0.8271020893966649
TEST_01573,2.6313121153660464,0.15233828371938238,0.07590256173525954
TEST_01574,2.0471711912732538,1.1525280085707141,0.022708353677734452
TEST_01575,2.066142531195199,-0.5621711632831503,0.5824451411420061
TEST_01576,1.3154261222088184,0.4506601425447595,0.7343866775419583
TEST_01577,2.7334779818009203,0.7720746915414869,0.7147875460812328
TEST_01578,4.572221192288227,0.2364052211751299,0.3367289906022297
TEST_01579,1.6173447440390691,-0.5789080390976415,0.3542401188854514
TEST_01580,1.6923147732902228,0.5116002842341723,0.6225491790645459
TEST_01581,1.9591491201934552,0.1324462859073754,-0.9150522671935255
TEST_01582,1.5366526309380024,-0.5401697105968829,-0.2591919891066197
TEST_01583,4.317726517588785,-0.7893455951405456,0.9207282121150456
TEST_01584,2.4565255620000843,-0.13059291695225345,-0.03659362662284168
TEST_01585,0.936212543880063,-0.5250270911915094,0.3122639285009163
TEST_01586,2.811805210421783,0.31453907085402316,-0.5023080807473771
TEST_01587,2.7260705942175503,0.6158078354467825,-0.4756335091041084
TEST_01588,2.6379744270467484,0.5356340205397346,-0.0649736620353949
TEST_01589,4.5687303129766805,1.214333624255084,0.933850795907459
TEST_01590,1.36819089853655,0.949433175104849,0.0346955412843399
TEST_01591,2.419899369302287,-0.4150406833466162,0.1698000718479605
TEST_01592,1.3682340398896415,0.13366962824311635,0.2709705420038385
TEST_01593,2.7207656555346866,0.7718525579199199,-0.7642133455342747
TEST_01594,1.5824960493501465,-0.17315841919009792,-0.06516933043221139
TEST_01595,1.06725737159313,-0.33136026755810155,0.12809255159758465
TEST_01596,3.2891008719287678,-0.26549730048155384,0.8902143118269508
TEST_01597,0.9603624376622135,-0.16893752962327255,-0.08015170482027961
TEST_01598,2.564514885842387,1.1904192176429955,1.0460491652216544
TEST_01599,5.284336723331624,-0.5459985440286348,0.27218429028631175
TEST_01600,4.6352122568062475,2.0381104366954874,1.1761807009221878
TEST_01601,4.32855532791722,0.13127205659990046,-0.762247975134619
TEST_01602,3.450035219396971,-1.224913005947435,0.2126514984183001
TEST_01603,4.021130380085284,-1.4811122237612977,-0.6107551946602275
TEST_01604,2.519883129294938,0.6823276760252964,-0.07408858366213632
TEST_01605,1.9215800344458023,-0.26463164572258524,-0.07134446890654031
TEST_01606,4.0577283482281015,-0.2796884848781673,0.15987723422362296
TEST_01607,4.503074305263467,-1.1837918993040075,-0.3318939637311887
TEST_01608,3.565459174069229,-0.9450116860071665,1.285013263283788
TEST_01609,2.9674020251686803,0.4615857188034714,-0.10529713604093785
TEST_01610,1.97774580607222,-0.45991242204467586,0.38636805240139416
TEST_01611,3.5581963284808578,-0.259206037936243,-0.03183763088383531
TEST_01612,2.9992803642956773,0.9543268202397358,0.1895313535452702
TEST_01613,1.806720304744274,0.04896134441270395,0.1661753214288853
TEST_01614,1.6942389796479795,-0.8588505746207518,0.8581620665265168
TEST_01615,2.577703620671359,-0.2279792275366557,-0.606144329900711
TEST_01616,2.784564813712112,-1.2717075399591717,-0.3171688300468018
TEST_01617,1.9542575236910016,-0.7098235907470333,-0.20910085253211075
TEST_01618,1.3040385550008298,0.06736571376765486,0.4016201307905814
TEST_01619,2.0129249381983794,0.4414925161426601,0.2522087964789053
TEST_01620,2.3154183351609507,-0.8851863814842161,0.11918948654936422
TEST_01621,3.278412262847485,0.12457506626085675,0.12899797285470366
TEST_01622,1.892385905796982,-0.41196616006384884,0.3002778903392415
TEST_01623,2.4623005926085373,-0.6645024623943249,-0.568705002856527
TEST_01624,4.146055505320814,0.21970381697778235,-0.8120375857915121
TEST_01625,4.612776593416686,-1.6951230034456546,1.0344659692437779
TEST_01626,1.8032640771952182,0.10259375041065327,0.44150670119038515
TEST_01627,3.5653388710740517,-0.24293744252899638,-0.27191763963513904
TEST_01628,2.8669716360700495,-1.1536923630867435,-0.3291028082315923
TEST_01629,3.6245630546979846,-0.2701736094359706,0.8591053618823278
TEST_01630,1.2066429104755756,0.4823430303996219,0.3264458258174243
TEST_01631,3.1344236098606992,-0.7864455650864837,-0.5592099730175922
TEST_01632,3.494549360356179,1.4506715240614756,-1.0375016776401145
TEST_01633,3.4401146076773848,0.8653487150893973,0.7698076141094825
TEST_01634,3.7230178530121174,-0.44292203260565616,-0.6482303897326512
TEST_01635,1.551904660033714,-0.2742434162153361,-0.18371383920992854
TEST_01636,2.5563214359822832,-1.4937806796081272,1.0637655884891613
TEST_01637,3.0132197601286506,-0.29350158214387095,-0.10748152651404527
TEST_01638,2.8477465731374947,0.5045938889550116,0.16961910429728472
TEST_01639,4.109050447570283,0.9979978993954114,1.8100147187602007
TEST_01640,3.6019946736154247,1.1064220122615733,-0.6480349853403053
TEST_01641,3.4205411179005125,-0.07626972487414033,1.1059269737069926
TEST_01642,2.920031895383154,1.5971262058431563,-0.6401500521999866
TEST_01643,2.87694316040376,-1.17475192664842,0.3371390046910026
TEST_01644,1.813273592153515,-0.19883287702274174,-0.19305966352234988
TEST_01645,2.140418254311277,0.5631172374390415,-0.15338983514966195
TEST_01646,4.70727929394834,-0.1568111851738991,1.2333894779031174
TEST_01647,4.94507707780014,-0.9020396407713458,0.26741871682927965
TEST_01648,5.137994765177491,1.244043159013267,-0.3393824277389444
TEST_01649,2.779110736959002,-0.20699637136848584,-0.27714998116229633
TEST_01650,1.7423079404433073,0.14527077615270112,-0.11166976039277604
TEST_01651,1.765390014578248,-0.0007548508834051026,0.2054547319949083
TEST_01652,3.5642267580078766,1.383265843625097,-0.3233799563455579
TEST_01653,1.5203392161110403,-0.2377095291792495,0.3453951178472435
TEST_01654,3.2514623127196454,0.7335750230783371,-0.6148492112469794
TEST_01655,1.3012517491290074,-0.8292019235293077,-0.21396717166960597
TEST_01656,2.666125646870949,-1.2723717773866614,1.065799554013138
TEST_01657,3.887446722421423,0.5285507910216151,0.5822969730350492
TEST_01658,1.4885250509541252,-0.33271297435233205,0.20918245314808306
TEST_01659,3.7508538418301787,-1.4784773146521775,-0.6178970586571227
TEST_01660,2.1161842118100505,0.884328517555609,0.7778686639512398
TEST_01661,2.133128838118898,0.2564517205264922,-0.4973854706429144
TEST_01662,1.5642388535048486,0.174589651094493,0.18932907915169375
TEST_01663,1.6655374885554348,0.6628983945495865,-0.5702928773512856
TEST_01664,2.87098954335732,-0.48092005582106484,0.28111081836114565
TEST_01665,4.596627419398151,1.3299213018417764,-0.9344270511261671
TEST_01666,1.7995751383919132,0.1477162097507098,-0.48261521916994715
TEST_01667,1.1775438721739488,-0.24920417359548439,-0.2744755908910935
TEST_01668,2.664007984778236,-0.45581321415363013,0.6590497946258023
TEST_01669,4.643825399356787,-1.2153681733152655,1.2815639838585122
TEST_01670,2.529439496600245,0.33854534109922835,0.6864516227616807
TEST_01671,1.138445470878609,-0.26213797452326937,0.04899934992343269
TEST_01672,1.7422467637007737,-0.5918117215218884,0.46526582312531234
TEST_01673,2.599651592273096,-0.6945570567203092,0.5936681815539219
TEST_01674,3.169984864167068,-0.5364540064060521,0.08041141130456993
TEST_01675,1.9075273999546292,0.5477732077995475,-0.26467683152689636
TEST_01676,3.747426182391483,-1.9498025204343359,1.0235250938619267
TEST_01677,2.6242055973748957,-0.6565560638726177,0.4122460567104147
TEST_01678,1.7865487150886599,-0.048344125309349124,-0.44849230267392953
TEST_01679,5.42680035722126,-1.9347946105642997,1.333661071707123
TEST_01680,3.2905434944410854,1.4298452946609492,-0.3127171733443417
TEST_01681,4.149603866125222,-0.02553815479926881,-0.6605890559009766
TEST_01682,2.291324884999073,-0.2625159922052385,0.8294811669861458
TEST_01683,3.3351101035946558,0.48015400252256385,0.468986645774556
TEST_01684,2.0242165465770676,-0.33201006503317126,0.22479639524051206
TEST_01685,1.6408914437011013,-0.826579528841862,0.5821235384032563
TEST_01686,4.390895711039413,0.776123484695123,-0.08732194324646589
TEST_01687,2.081690533851695,-1.0664098069668457,-0.22869155887956474
TEST_01688,0.9729502184350023,-0.7878936764302441,0.31065604572335265
TEST_01689,2.9710477911259585,0.24820318890753337,0.3373537481286982
TEST_01690,1.9121001802291984,-0.08824427234788194,-0.037471373225186594
TEST_01691,3.4159792739711303,0.015929647567609378,0.1316766590790823
TEST_01692,4.681832756023614,-0.11796143720357259,1.4305896569974892
TEST_01693,2.954119773847496,0.237602906976933,0.58586427302756
TEST_01694,3.819666127850069,-0.16297103659283152,-0.2262614791791255
TEST_01695,2.5629613928986044,-0.3406694020879656,0.03051567823895848
TEST_01696,2.7153164851937728,0.12057374340093273,-0.42474184731124764
TEST_01697,2.7288519192977763,-1.4535836164235727,0.5161961982710521
TEST_01698,1.2258869951719313,1.0274167941963719,0.45007477496274945
TEST_01699,4.6477497582968414,-1.1093282382189424,-0.623416262812325
TEST_01700,1.0510770394046782,-0.3708787991437525,-0.12038428665215571
TEST_01701,1.4770675299442275,-0.27127785336327015,-0.4818870692045278
TEST_01702,1.8812409868971727,0.8305336918146841,-0.47815186182372965
TEST_01703,1.3745021929134627,0.6800140565357532,0.34688497071052377
TEST_01704,1.8037571158983448,-0.04956587244644749,0.08412327559037527
TEST_01705,5.005867309189131,1.393513520017345,1.1733738124366833
TEST_01706,1.0910295987702026,0.4524138812053181,0.5882041440060065
TEST_01707,1.3341715062721693,-0.0324800637611245,-0.23343870559401805
TEST_01708,2.720988478592613,-0.05238197531055566,0.04334944123315136
TEST_01709,3.3880429469457387,0.15823699464620483,-0.13181299597012663
TEST_01710,4.521922368887845,1.031711226896195,1.534994977812556
TEST_01711,2.085190417184448,0.26595118991630806,0.13326739725000777
TEST_01712,2.012820967973975,-0.8079607234227846,-0.22321031587205645
TEST_01713,2.275580583770906,-1.1314322546932183,0.3201613733740065
TEST_01714,1.5867995490036584,0.1395185628406131,-0.021376725213236993
TEST_01715,1.8853961933725008,-1.1855985732717147,-0.6239539168430566
TEST_01716,3.2660462071332814,1.4158628465087368,0.9149820996229423
TEST_01717,3.7415289063171002,0.5984643633710943,0.6851235042702246
TEST_01718,1.4668763306613712,-0.2470205539007178,0.357327842829131
TEST_01719,2.314815915545109,-1.165427449823714,-0.13374404520296873
TEST_01720,3.277035699998802,2.3393362225725864,0.9818102217454735
TEST_01721,3.7200851519786267,-2.3787759751467386,-0.7555092140278095
TEST_01722,4.224383707728263,0.14806825809054944,1.5242422203301058
TEST_01723,1.1569782539316624,0.6079409950842551,-0.33675661020098197
TEST_01724,2.2780375124198455,0.9765926215765002,-0.20565896397602992
TEST_01725,2.471244501708205,-0.023702109957799897,-0.07343102835578298
TEST_01726,4.650658918581647,1.2298635655511259,0.08089500412416398
TEST_01727,3.025895874529842,1.0317461946034823,-0.1741311401669732
TEST_01728,4.687045206731573,0.1573120425350321,-0.3698267503693831
TEST_01729,3.0532780823840455,-0.009067742731128264,0.37681621841292706
TEST_01730,1.4683079929595275,0.5808074407799337,0.05460305855536506
TEST_01731,1.0130436013017146,0.2900522788165875,-0.3081279266148236
TEST_01732,3.562601340856805,-1.0371795210414705,0.17232967305107244
TEST_01733,1.1545672188142126,-0.44769520402070234,0.17252749255657113
TEST_01734,1.8104483294876228,-1.0463258192190998,1.185513102988655
TEST_01735,1.410660902562735,-0.5237454461235822,0.5214549280503067
TEST_01736,2.6352541322467253,-0.21604322197556342,-0.5284140735164805
TEST_01737,3.7218605939865603,2.172807477448303,2.029464857102546
TEST_01738,5.429053989804091,-1.1189005331791104,1.6822734565916584
TEST_01739,1.30953955618403,0.27580234085208694,0.054448618013172495
TEST_01740,2.1517168125546795,-0.6987091236194541,-0.13887125828499286
TEST_01741,1.174901611889661,-0.4418142209330777,-0.21168576240899328
TEST_01742,1.9884669733272202,0.8997076441928394,0.6199178258116422
TEST_01743,3.2798171831888365,0.6032637318803926,1.13965522095462
TEST_01744,2.8541485572493293,-0.3536899720473671,0.2117871177029964
TEST_01745,1.485827426307962,-0.4951691477428568,-0.17532596692349878
TEST_01746,1.2944712060114045,-0.8112483995457793,-0.5510827665118825
TEST_01747,4.11928518169646,0.34033701733183286,-0.8293987225974725
TEST_01748,1.7580887521091615,-0.2352373888757687,0.1019554331243105
TEST_01749,4.454248997524185,-0.7726207283814267,0.741515572578385
TEST_01750,2.395767777629812,1.4441149779090237,0.013088396828286778
TEST_01751,1.5660601014588356,0.11197936685804398,0.1210563793683446
TEST_01752,2.768155750708016,1.6020358570756141,0.3866487395752246
TEST_01753,3.0671440607726237,-0.6847598811183612,0.6227593970662657
TEST_01754,1.604066118534758,-0.166458374525263,0.19438879459591682
TEST_01755,1.7852733700989794,0.18535748286574316,-0.5223441176350514
TEST_01756,3.3812885655733216,1.388662973211117,0.5527043313444683
TEST_01757,2.6975065286020805,-0.02625177263933975,0.5889143166349534
TEST_01758,1.6539538693440035,-0.49087585038764603,0.034102447396272946
TEST_01759,5.9005689478240475,0.26465774258467933,0.3849520716020224
TEST_01760,4.740400914011987,-1.117723440888896,-1.4999042775077256
TEST_01761,4.349660544331054,-1.8458114981656788,1.1437551543871283
TEST_01762,1.8779454121127945,1.6579652451546778,-0.5564712335548877
TEST_01763,1.2766744842813853,-0.1734153667684096,-0.4992077371841096
TEST_01764,3.196167552168038,1.1765205589254142,-0.03619074689372037
TEST_01765,1.1019525288599226,0.24425050281896765,-0.11119005699492666
TEST_01766,3.3349470790623683,0.13891099034632406,-0.7443006819533334
TEST_01767,3.525220205960846,0.027828730682449107,-0.6063220327597167
TEST_01768,0.8442114109071197,-0.1468884614320364,0.27459300231590295
TEST_01769,3.4944430180800827,-0.060924739385384515,-0.32419050284419504
TEST_01770,3.6046364097051953,0.36196389599031625,0.2570246115465342
TEST_01771,2.6335808383654333,-0.22609082214520887,-0.0716341693549076
TEST_01772,1.994108441892209,-0.09430817309311541,0.43542452648291824
TEST_01773,2.7737412471842577,-0.3210648632233285,0.23068879186320454
TEST_01774,2.7634049175630575,0.2361681635902135,-0.45084116773245014
TEST_01775,1.0682419065442166,0.4181183566325627,-0.3100872855441021
TEST_01776,2.948967447031221,0.26747564909747146,1.3140753685914557
TEST_01777,2.220855494156513,0.11167480061071028,-0.5824325488610916
TEST_01778,1.6200819113126816,0.03688533181281743,0.17857472056762042
TEST_01779,3.6556308437260796,1.2053289455425997,-0.43904380226053324
TEST_01780,1.8865264569785,-0.48055314242816827,-0.6129322845411186
TEST_01781,3.310000488926527,-0.16538390711521525,0.5599183586504431
TEST_01782,1.911277978477519,-0.38930327188495256,0.4172308388106861
TEST_01783,2.3829268877795426,-0.3082766759763488,0.5391289908691663
TEST_01784,3.1367718643035953,-0.5332954701751632,0.7945324027010937
TEST_01785,1.9257997006774186,0.07763454064131864,-1.0068001716832446
TEST_01786,2.854763332835583,-0.024225611228088556,-0.019096806723460865
TEST_01787,2.3234642646728196,-0.1913442926322468,-0.3999002527850828
TEST_01788,1.9314435899258913,-0.35355431574365,0.23830339318134902
TEST_01789,4.9750204462593945,0.866112748166446,0.10879252059202359
TEST_01790,5.347107067752334,-1.1830155698832656,1.291792249519695
TEST_01791,1.9449801561799218,-0.27908766530329193,0.0875847279256555
TEST_01792,1.5162205727561393,0.2715128864078025,0.3723032742097763
TEST_01793,3.275972349895273,1.2305175048278074,1.657843548017683
TEST_01794,1.8932717556903507,0.5291008138249685,-0.010950393082590822
TEST_01795,1.6534792332281287,0.30118786729371655,0.35259541394264204
TEST_01796,1.2565012590128883,0.34706250951189416,0.4883699605381136
TEST_01797,2.994255748150931,-0.5294195327459683,0.038052236995791605
TEST_01798,2.52322536520286,0.25558644232358185,0.3774500713021132
TEST_01799,1.7895334588228118,-0.8837445937764196,0.44642860761395586
TEST_01800,1.4226547422408031,0.9991995429717391,0.29399494423042416
TEST_01801,3.1146030393476485,-0.20643021598380412,0.6201470802033379
TEST_01802,1.5106256914283616,0.598982645993815,0.7342781451530305
TEST_01803,1.1744446979566248,-0.5552828646265416,-0.004709524611117332
TEST_01804,1.9437967437218604,0.7517825750394136,-0.11894160672851159
TEST_01805,1.6746710650793513,0.35757230342084034,-0.3529312231811962
TEST_01806,4.2097386827594585,0.3261415877979587,0.7145871835287042
TEST_01807,3.418360534347789,-1.311469249138563,0.6098353288369979
TEST_01808,3.8311380678029976,1.4806027618724684,-0.35617012703558243
TEST_01809,2.0385660112316195,-0.11219250753550918,-0.1701799956095476
TEST_01810,1.6855884328533444,0.24249865024202547,0.4364044163281802
TEST_01811,2.211916973209576,0.06992543576302424,-0.16516917200102232
TEST_01812,1.606765478608191,-1.1765355580026773,0.09251474574866875
TEST_01813,2.6327989121403337,-0.38391193646330407,-0.6143159247750847
TEST_01814,1.5110875206692398,0.45244803150410284,0.12275382025232284
TEST_01815,1.0275499334266147,0.02273029422928306,-0.18599214000716452
TEST_01816,2.0444532849106496,0.8431512797751045,-0.8994679117159102
TEST_01817,3.7582359492537947,-0.1863889094997803,0.5461962532549155
TEST_01818,1.0435940394735317,-0.11097475893265148,0.013152918907174418
TEST_01819,1.8025074747341758,-0.9721327967896586,-0.0366289895475872
TEST_01820,2.1336667896269668,0.06847273452880441,0.566078741549178
TEST_01821,3.2225346440528257,0.21797977465169138,-0.21105766108379373
TEST_01822,1.9355138946224644,0.7345878062055841,0.3900773220764953
TEST_01823,4.090908386688141,0.2868198884465641,0.6787144475305308
TEST_01824,3.7312211802288955,-0.6843432585766897,-0.22972980231169052
TEST_01825,3.227369306101243,1.4768890129156333,0.5408348852762841
TEST_01826,2.4944029642099443,-0.11646658557721462,-0.1699690328681786
TEST_01827,4.2548567592308855,0.1611035945654773,0.8605786995034777
TEST_01828,3.123525687661347,1.05273041630002,-0.6428552232809505
TEST_01829,2.7061300718711943,1.7886165497066573,-0.4677350173939664
TEST_01830,3.63124108627649,1.6907089961633375,0.4827169500232689
TEST_01831,1.949178260544545,-0.04232961436551418,-0.17348327380876621
TEST_01832,3.4159487625458795,-0.9641609824673055,0.9999274714347477
TEST_01833,3.032078998945036,0.7650276388556875,-0.09729294601028085
TEST_01834,2.020399121533554,-0.2967764082307319,-0.0630210051958317
TEST_01835,2.0951902790032637,-0.3883320955708001,-0.5568396053598401
TEST_01836,1.7217883710443502,0.5629067292828464,-0.5160058075372189
TEST_01837,1.9730088067097318,-0.29531684946555287,0.27436941753734584
TEST_01838,2.958422407066592,-1.6063785694932529,-0.28194429473091553
TEST_01839,3.2789578074312824,-0.4598910464327552,1.1290705181161949
TEST_01840,4.847330848378501,-0.13592437187359077,-0.8360502574229824
TEST_01841,4.529612590918825,-0.22627930286149617,-0.5427506480266308
TEST_01842,2.092941855584204,-1.217422418875724,-0.7197810609894006
TEST_01843,2.390008762801444,-1.1860576953884414,-0.047463909341737935
TEST_01844,2.1139415714711585,0.2918450845794908,-0.5602001558278151
TEST_01845,2.1724697290410537,-0.15344217134623805,-0.45011044469113415
TEST_01846,2.2716625860083286,0.3359360258390692,-0.555739421467241
TEST_01847,4.843115169613411,-1.2798553947742197,0.6385857787513335
TEST_01848,5.696176618516636,-0.9945631021904343,0.38340033091617554
TEST_01849,4.402094933884854,0.5597237886188422,0.020769321695424822
TEST_01850,2.4357327292481457,-0.1353469473323766,0.6526390590866294
TEST_01851,2.7636524225876644,0.03623788045490832,-0.4816906305143219
TEST_01852,1.755003513268833,-0.302717927990919,-0.6144608780114945
TEST_01853,2.0489025565160843,-0.20867626528309302,-0.006784230936832396
TEST_01854,2.953901005984011,0.004989227459836052,0.5401044275061919
TEST_01855,3.0608010692566547,0.7619099677342013,0.2236944274958886
TEST_01856,1.2510792938364086,0.5033568620016197,0.32302881782317117
TEST_01857,2.4961158103730257,-0.7888787740306822,1.1533250150909313
TEST_01858,2.9103175836268256,0.8155617188518395,0.35220624059993366
TEST_01859,1.9353003946374363,-0.9151137355369672,0.20307097799440393
TEST_01860,2.388464212485469,-0.454982444277877,-0.8519126609484753
TEST_01861,1.680516361186916,0.5326048493935939,0.4885575000908142
TEST_01862,1.896344455138953,0.6820165747124705,-0.15914197607155817
TEST_01863,2.4311039871703324,-0.08317816854160015,0.3235527746243016
TEST_01864,2.4256588711402136,0.008613588242002621,0.11865293572837353
TEST_01865,3.8056506474046032,0.08267514777222683,0.8549989591500082
TEST_01866,3.0932825022514283,0.6617497992139909,0.33755930112396215
TEST_01867,2.449115836185475,-0.5594565719351058,0.2493852371072008
TEST_01868,3.103391525246414,-0.39134894212499344,-0.05355565382543462
TEST_01869,4.3506107714644315,-0.7643565756546222,0.27475470810906333
TEST_01870,3.7413400567658206,0.7170561098807984,0.6526938107933393
TEST_01871,1.3272335314443535,0.2746389820941912,0.1280286878393798
TEST_01872,2.4354970379444234,0.6393105823837483,0.7292617333848748
TEST_01873,1.818726515084323,0.2735004275403192,-0.27984850697279534
TEST_01874,2.153651327513738,0.6011791615611605,0.31416451602579865
TEST_01875,1.872319033703127,0.060560592950096186,0.5264786295265408
TEST_01876,4.092755685872999,-1.387168358172178,0.3816720668416097
TEST_01877,3.1070094940159523,1.240432608318332,-0.5590572100993739
TEST_01878,2.8111178512883748,-1.2357727814731074,0.2960738108690548
TEST_01879,5.1486551100593125,-0.387298096244444,0.9526783036286082
TEST_01880,4.702593620726015,-0.20253982287218433,-0.5159494052514513
TEST_01881,5.294562274315472,-0.9898116493622111,1.2651550207285538
TEST_01882,3.921972791622936,0.577706540059564,0.8382086250182961
TEST_01883,2.31998766487513,-1.5279534385292364,0.2833411807203089
TEST_01884,2.1041384260126827,0.7776411404913068,0.25384178214775716
TEST_01885,1.120108237436471,-0.1446842675514815,-0.2614894725859501
TEST_01886,1.5432577297868533,0.9805124342238748,-0.4538163326839816
TEST_01887,3.8005824737973293,-1.3320613896353395,-0.8732331372697216
TEST_01888,4.448756155801499,1.9330098917371736,0.1654203750515839
TEST_01889,1.2760000639139695,-0.3838906224441784,-0.16635171138285312
TEST_01890,1.4023015348536934,0.09313145082692702,-0.13206769821042347
TEST_01891,2.10286010074743,-0.08021044938214078,-0.8169922303683377
TEST_01892,5.132127721963093,-1.1910355252484752,-0.8511420164665094
TEST_01893,1.4476813285603323,-0.26695717246457656,0.20048361124531047
TEST_01894,3.0932030332110974,0.24987551081186193,-1.2060661160318362
TEST_01895,2.5038612628171264,0.6328260637769897,0.09948484171928919
TEST_01896,2.704219587774677,-0.23653965509750677,0.7753288083511322
TEST_01897,1.646994405696423,0.5033026764657821,-0.3889905076816716
TEST_01898,5.146531604751366,-0.9814364580015091,0.0049916711306772525
TEST_01899,2.0017896184548496,1.3107542611380008,0.3245147482458975
TEST_01900,2.7670185970528505,-0.24098871645679132,0.3589619212120133
TEST_01901,1.846782712767837,0.08789474422149716,0.08753529250147198
TEST_01902,2.2611598920627856,0.2698433305120542,-0.850221870331998
TEST_01903,1.3325463486905598,0.36621437635403703,0.3631926866188051
TEST_01904,3.5318764109935765,-0.3224927453401883,-0.07773450726338339
TEST_01905,1.2947003933691796,-0.28481415436226276,-0.37343518374245227
TEST_01906,2.493045956250574,0.3864457977377316,0.44616959822288577
TEST_01907,3.61828674818321,-0.4730031429099985,-0.10903155400837614
TEST_01908,2.860812971477225,-0.07382952236621983,0.06984831642555434
TEST_01909,3.7230609988935073,-0.10754132202020338,1.069467158380135
TEST_01910,2.309509896149912,-0.6664703825220667,0.31321376938475265
TEST_01911,3.021602035323015,-0.7132709616535684,-0.0039874573835530815
TEST_01912,1.1837967801102687,0.03349822934142696,-0.2013561818376704
TEST_01913,1.8439744038375208,0.7118464190733512,-0.7409179215208364
TEST_01914,3.376016689567449,0.5389573465161936,0.8625391382735086
TEST_01915,1.7310821922858972,-0.8327781088300121,0.4439827064751205
TEST_01916,2.378908198363864,0.22171356776632342,-0.07888610178921547
TEST_01917,3.0421856377287,-0.5665145918874671,0.3275669462771842
TEST_01918,2.6050702005064723,0.37565513790636035,0.031250263424825744
TEST_01919,4.900645850833381,1.0436703719030818,-1.0627835701831283
TEST_01920,4.358315927546901,-0.8834714062489312,0.5067726429306968
TEST_01921,2.8021289878963684,0.24732289606226418,0.6372954165726543
TEST_01922,3.4374645039613245,0.641629096923221,0.884101728902124
TEST_01923,2.480444561694776,-0.9702575471545499,-0.9819536332610175
TEST_01924,2.904005297840489,-0.5011754979143097,0.14747739133970134
TEST_01925,2.337112643960804,0.35628163388069806,0.17626596652534213
TEST_01926,4.278618480259527,-0.13906242849266776,0.1608264148641663
TEST_01927,3.104344418680564,-1.3672226974557893,0.0692445556732574
TEST_01928,1.3446821977274632,0.4727615099023098,0.5881022243595596
TEST_01929,3.663083642643004,-0.0054003042464965305,0.3724827296719699
TEST_01930,1.1797963535496125,-0.16552197970144644,-0.14354309667356882
TEST_01931,4.311550024306279,0.47060578790438556,-0.20415824314136743
TEST_01932,3.6410667922402076,-0.28948733847235536,-0.2486455815586853
TEST_01933,1.6607690806955966,-0.26799878016138823,-0.2729858182644229
TEST_01934,1.7416373343365465,0.1251567043842221,-0.5236765042672564
TEST_01935,2.9132411365916564,0.5946971776875613,-0.8121453887985067
TEST_01936,1.1386283157275103,0.19285712678946348,-0.06098939472985568
TEST_01937,2.6886330379853898,0.3439035114779905,0.2946794270351089
TEST_01938,5.314289282668493,0.53942043489911,0.37655837775407586
TEST_01939,3.384210551936713,-1.013928479551161,0.25859036881534386
TEST_01940,2.7330755857196163,0.7918820385428171,-0.08733018605607416
TEST_01941,2.1273140789980074,0.4525698317201351,-0.6999845630689929
TEST_01942,1.6977002868131732,0.3209179444458141,0.2894243253398737
TEST_01943,1.4222767411325068,0.2323127292692062,-0.19222606421951186
TEST_01944,1.312005340123003,0.24490453020412156,0.26787234270651655
TEST_01945,2.042956077399788,0.16030530292410253,1.103876036190138
TEST_01946,1.9175670353954075,-0.009150342578778498,0.43431254617225906
TEST_01947,3.942943434888707,0.13431084876650692,0.003766386021618409
TEST_01948,1.9593726665259443,-0.5789985088178168,0.3234807163187514
TEST_01949,3.232232003885396,-0.8309299367511772,0.25470008621723145
TEST_01950,4.005832798218488,-0.21486922960837068,-0.762853041923161
TEST_01951,2.8110004734500604,0.5522334676362329,-0.5693246875836613
TEST_01952,2.689020848580559,1.4270205246391348,-0.47423747024041896
TEST_01953,1.6885610255267585,-0.3005669057374496,0.1858467528101424
TEST_01954,2.677300067218927,-0.18060081114202226,0.10758443776309357
TEST_01955,1.9475655555045628,-0.21124888048036278,0.2186282121597447
TEST_01956,1.6346365578717774,0.6475277792639097,0.4299971584333378
TEST_01957,2.08424512460072,-0.038504181855989424,0.4261582027661439
TEST_01958,2.6653508760498013,-0.550094235466259,-0.40180067328498353
TEST_01959,3.9571231457410394,-1.3550264689728744,2.3968739120274005
TEST_01960,4.587337514210442,0.46296691695527875,0.9591871049225988
TEST_01961,3.6368411913443897,1.985990428562916,-0.6168813983024847
TEST_01962,2.2625291850449014,0.3410691670033822,1.0352421834804253
TEST_01963,1.773822449848834,0.39903815646428237,-0.5420466533537744
TEST_01964,3.315121561821589,0.6475113263421794,-0.8457142113036614
TEST_01965,2.0215409252189334,1.1116480517461291,-0.6754080345887562
TEST_01966,1.3069065580750638,0.7725095549909531,-0.1755667481472703
TEST_01967,4.10479451463822,-0.3083007683656802,0.16358389265465664
TEST_01968,3.9392002760345757,-0.3945163081127787,0.7204608320120641
TEST_01969,4.367292785746397,-0.07762755097269584,-0.9845350609032423
TEST_01970,2.3832810005558853,0.44457503647536967,0.6283058163692055
TEST_01971,3.200747946468957,-0.0446834287609544,0.6248570425006457
TEST_01972,4.880809481919448,-0.008029465529315247,-0.9879469542372492
TEST_01973,1.0353658469224307,0.16463157070631457,0.21347098632978
TEST_01974,3.292573224792016,-0.6203455497745077,1.0448609717451955
TEST_01975,1.1983630556481208,-0.18364748906543868,0.4126256913848277
TEST_01976,2.6731218656985147,-0.8059705574392114,-0.652613868089233
TEST_01977,3.683210901505138,2.240068726250773,-0.14021277123335218
TEST_01978,5.652788090759459,0.5233549875672954,0.7217312031766505
TEST_01979,4.644605514969545,1.3824643252421627,0.03495042761207741
TEST_01980,2.084146810345036,-0.8104957402159438,-0.26472038648611557
TEST_01981,3.1192907508403125,-0.20278176417735322,0.07411535819068105
TEST_01982,1.9824521522161342,-0.7681928451231355,0.695244764991068
TEST_01983,2.601697304923693,0.4059209068467933,0.507189240901233
TEST_01984,1.5748200189332033,-0.4098677014210733,-0.3242823364262589
TEST_01985,4.866247948275316,-0.16851474360516633,-0.046462056592040564
TEST_01986,2.7209899857724125,-0.3368323743110634,0.45638938384765404
TEST_01987,4.671141087560771,0.3908141113749243,0.3353390888678971
TEST_01988,2.3902617152035153,0.5327785469401897,-0.32950850606523485
TEST_01989,3.0966293506254376,1.3899615047782528,-0.7655673747130116
TEST_01990,4.912180419707293,0.7593468657722059,1.5789855662924583
TEST_01991,3.1844569664623066,0.4746807661063587,0.4589307564787475
TEST_01992,2.0174761070304736,0.640342403147657,0.47207007043741406
TEST_01993,2.7793963369971797,0.10520550948277325,0.19108755414391726
TEST_01994,2.338818611938771,0.43449574960046866,0.11568958859650934
TEST_01995,1.7322898379806808,-0.6049778768676325,-0.0988665549236479
TEST_01996,1.8844283665479076,0.19960233520617013,0.4626053247444831
TEST_01997,2.0786233733017374,0.22935670008130957,-0.17737371348495154
TEST_01998,2.7136820546520455,1.5259670416103042,1.0231650641516485
TEST_01999,3.1637202287560133,1.8962490029044203,-0.8146560930679769
TEST_02000,3.9326784957848053,-0.11181863994136503,-0.6061633104583443
TEST_02001,3.501388807120942,0.29585333504106603,0.008383872734157962
TEST_02002,1.7863559176321504,-1.4480041956627303,0.49066570000660054
TEST_02003,3.4588690831317463,-0.7104137189411971,0.006532326946087632
TEST_02004,4.02914943680524,-0.6672848775502165,-0.1834755620820572
TEST_02005,2.2303034484753437,-0.08152573653691238,-0.39818008959152457
TEST_02006,4.304775732614304,1.119126253192653,0.599883119493474
TEST_02007,3.0462765043396556,-0.965722229938807,-0.023285870754851577
TEST_02008,5.075317774584155,1.6749447864610678,0.00895375983243073
TEST_02009,2.7920330665053954,0.3691711229319026,0.46903203758221207
TEST_02010,2.0157450945919195,0.06221858774333112,0.08986357983871539
TEST_02011,2.4519996721332795,-0.34867533661190814,-0.18712097932709393
TEST_02012,3.035114529892337,-0.8075184915990927,0.11299709266744426
TEST_02013,2.8087175564558575,0.20840972156262474,-0.009901969248973266
TEST_02014,3.339772163171467,0.06384662977090359,1.2653855010198527
TEST_02015,2.7226730567694166,0.47913753866283637,-0.1993174347190449
TEST_02016,3.023881434922499,0.38374225092099584,-0.5165781325482691
TEST_02017,3.641655337906219,-1.7690244228629226,-0.4444688114033228
TEST_02018,3.415300024608968,-0.1894481635240989,-1.0423871386741963
TEST_02019,3.622830034043768,0.9255457990906142,0.9866050143368656
TEST_02020,2.6920881868749427,0.9372718277246762,0.8792012095974501
TEST_02021,1.503276976088961,-0.22457849689370948,-0.15115823648035256
TEST_02022,1.1492805795011327,-0.26764573145672216,0.4477584218926753
TEST_02023,3.546127685400694,-0.2134287055620182,0.14271066771588903
TEST_02024,2.4609056823377835,-0.2298099306961505,-0.3466378423013299
TEST_02025,1.3061084921684036,0.35907169663625077,-0.09595827756023931
TEST_02026,1.6666517545441817,-0.4855456203607073,-0.37063583336525346
TEST_02027,2.9467856032660076,-0.24160424880006198,0.9241622704940745
TEST_02028,1.9788979073518616,-0.13946854925166186,0.21431700573190168
TEST_02029,4.683870633429835,1.099776550195176,0.49353298176680155
TEST_02030,1.9621151743519054,-0.7853451404411637,0.7505746276763635
TEST_02031,2.35314116777265,-0.13928144873039963,-0.4302769620094386
TEST_02032,3.802423976580536,-0.33521683002008257,1.9660730431188431
TEST_02033,3.331646559170891,0.1895321178409685,0.31553666048876755
TEST_02034,2.148730992081089,-0.0589890083661211,-0.10458166031893555
TEST_02035,2.355028144188791,0.6483681284657804,0.5518702333085757
TEST_02036,4.157668302165024,1.7704617452820548,0.3247711367533928
TEST_02037,1.5901145038342652,0.3429815439898259,0.22562338206275515
TEST_02038,2.3540944374210757,0.9746579153974548,0.9617797483239273
TEST_02039,2.659436831375241,0.6072595478693055,1.402286131907361
TEST_02040,4.247060900138642,1.0134366765447016,1.5775021371219993
TEST_02041,3.2247622051018054,-2.5667827309615716,-0.015217988723119134
TEST_02042,4.732633273601623,0.4304460411966332,-0.5915144340949587
TEST_02043,3.7549204115459007,0.38066655717728426,0.12031399691744539
TEST_02044,3.39768587725763,-1.6818239051639032,1.365221372744774
TEST_02045,1.4455966081096225,-0.4730937969811047,-0.012538248181303951
TEST_02046,4.5033170557174245,-0.7890728955142378,1.1753601133328566
TEST_02047,4.989810929373279,-1.153534782527767,-0.08478355025028383
TEST_02048,2.8415425251525734,-0.8971005611989668,-0.9225750567706205
TEST_02049,2.839434682152,0.28762018662982736,0.46840968022661694
TEST_02050,2.9726505593115795,0.3973277709844072,0.15115910962552115
TEST_02051,3.376698005080766,-0.06661411017335471,0.09321867760619153
TEST_02052,2.1302870282773334,1.1009877477874135,-0.7257908544967725
TEST_02053,3.1205108212204884,0.3168339050171078,0.22319844529834287
TEST_02054,2.8651131578844846,-0.17880630377929557,0.7955225980671573
TEST_02055,1.8795165088811667,-0.6103803406102556,0.30461614232854045
TEST_02056,3.5746976764628466,0.6296443068824478,-0.43618233465887335
TEST_02057,3.6975141678449135,0.49312962697397816,1.1605825575531068
TEST_02058,2.939933624607789,1.5327719451022102,1.1101151413285728
TEST_02059,2.732380263525584,-1.5507567082028613,-0.8291062332803651
TEST_02060,1.1081159562687741,-0.2999357090175272,0.1142560089689533
TEST_02061,3.067997332407874,0.46306969505933687,0.8926554673666999
TEST_02062,1.621056618883442,0.1321915229058088,-0.09442165170864553
TEST_02063,2.828638422238551,-0.663539225222146,0.4598914136285091
TEST_02064,1.5160558971433002,-0.04955300102969166,0.23900540683448335
TEST_02065,2.6226971258676013,-0.16997703157382701,0.2655501104691231
TEST_02066,2.408858659429848,0.3842844885260108,0.21364715537463744
TEST_02067,3.9546117805154175,0.4557353003658666,0.5065676398460915
TEST_02068,2.793467352296747,0.12786143603923622,0.14505797202108928
TEST_02069,3.2161227471504827,1.2055118274278134,0.514835865227296
TEST_02070,1.8244602092330369,-0.6835035824330548,-0.35796325009931157
TEST_02071,2.536826946567212,0.9934599606883112,-0.6680867872313431
TEST_02072,2.8037329431117883,1.566125306399767,0.11938176452728237
TEST_02073,2.941641925681342,-1.2743873414993203,0.7546107394513322
TEST_02074,2.7871128799489697,0.06626669563976174,0.14453574261820348
TEST_02075,1.8196226519619072,0.36150420085623225,0.32101566978784274
TEST_02076,2.216133674174457,0.9016350613848287,-0.4745345283914117
TEST_02077,3.095417050859554,-1.1813594338727642,0.016221621790747154
TEST_02078,3.445544803904389,1.7309986808379043,0.8490108913967896
TEST_02079,5.144778343713998,1.4028481203746048,1.870915712319428
TEST_02080,2.7226692466146822,1.425235811271355,0.599636748518001
TEST_02081,2.066611575085105,0.35578329618058263,-0.6145207802875012
TEST_02082,4.47333195492566,0.3795167287530858,-0.5321577053508811
TEST_02083,2.2279038454704136,-0.22848453657386303,0.6314563816998435
TEST_02084,1.4511235199343324,-0.0799794275159771,0.1908200336461217
TEST_02085,2.744189082012775,0.4274600489880963,-0.12672234921005726
TEST_02086,3.3593862678080026,-0.00037361900091822036,0.9636204852362522
TEST_02087,4.448216759704243,-0.5875748154921123,-0.16284201006720525
TEST_02088,1.2857033540521714,-0.04458434498817283,-0.282294348703671
TEST_02089,2.444346991755438,-0.06377737376549746,0.07834067185274567
TEST_02090,2.632958425026862,0.554717584430672,0.08742834292590612
TEST_02091,3.199804795215428,-0.1485466653785426,0.5576139514218454
TEST_02092,2.1653707170992664,-0.9790268317449418,-0.24141572323923263
TEST_02093,2.424381975812742,-0.16730441715584896,-0.06955894637660813
TEST_02094,2.7166759155398146,1.0506429970951563,-1.0220314286348136
TEST_02095,2.8327626203123946,0.0175166311109078,0.03680970488636041
TEST_02096,1.6368896884133786,0.6777136608007067,0.8820513698128102
TEST_02097,4.2845596251433475,1.0449779666221968,2.2172095460360284
TEST_02098,4.864735305601405,-0.559013538002939,-0.1776295820498592
TEST_02099,3.872547050880671,-0.5655506755410412,-0.43589190157879676
TEST_02100,2.7301129210817,0.005681935603090058,-0.7745784654302136
TEST_02101,3.4408958688769586,0.008904999856886971,-0.6289911468624265
TEST_02102,1.8559970048923617,0.32911983957517554,-0.3453448986309416
TEST_02103,4.346185085059281,0.17566997350759717,0.6245099904444735
TEST_02104,2.631107974959827,-0.17809322535171196,0.3799378650306861
TEST_02105,3.729732604172842,-0.9476875509170101,1.3188144234822812
TEST_02106,1.7399553464420205,-0.6601070269136909,-0.4827893122719277
TEST_02107,2.3319329846253356,-0.35243848957545626,-0.4227440572366342
TEST_02108,2.775101284478337,1.2827836782436206,0.8696385799002652
TEST_02109,1.7463039550366364,-0.7052809701856106,-0.3154928395021217
TEST_02110,4.916995904207473,-1.1005926480591028,0.9807332038325656
TEST_02111,3.454982427882443,-0.5638319339146853,-0.27443610981173255
TEST_02112,3.377571159355357,0.5940390979583703,0.4472963315209555
TEST_02113,2.7913163701792487,-1.0194137569102306,0.6641953421472974
TEST_02114,1.9589146661636057,-0.3919671271338929,-0.028291153894673463
TEST_02115,1.7977126189172747,0.24902360175711588,-0.20228618899779036
TEST_02116,1.5033108646429216,-0.3266142968834193,-0.12583579223794156
TEST_02117,1.9001152847697216,0.05572480190070286,-0.17739610884483664
TEST_02118,2.9506336815205323,-0.7676374069417855,0.7815102667229391
TEST_02119,4.064269440805744,1.1063570785858863,0.6377800778920732
TEST_02120,3.183145895721903,1.6510544177308402,1.0420332982641138
TEST_02121,1.3330270144855472,0.8855612179236844,0.0770506117291384
TEST_02122,2.9401060435540063,-0.7590599197982075,1.3742167664916303
TEST_02123,1.7546482099336527,0.47698864703249894,-0.28122985654092797
TEST_02124,2.674408100472686,0.11821852139764677,0.20552429629509167
TEST_02125,2.206537067312636,-0.5346008824414897,0.7537744735178361
TEST_02126,1.751595914871117,0.9033503352816964,0.25994390824919505
TEST_02127,3.459243495234977,-0.12940068957847464,1.267807400122273
TEST_02128,5.658726752343084,-1.522227502144225,-0.6903745220256975
TEST_02129,2.782874632546068,0.6915094420367317,-0.16581264525051048
TEST_02130,1.9270045553535593,0.3896084941792424,-0.33274496748566096
TEST_02131,2.620442357818738,-0.32826199045908433,0.2877401250712146
TEST_02132,3.6198832670452536,1.3911777096637339,1.1831130856074838
TEST_02133,3.1452941289622434,0.2769432783121043,-0.11179385752644155
TEST_02134,3.0696745064382647,-1.2130402919069965,0.055070884628896775
TEST_02135,2.0600572137334647,-0.09808447107000705,0.06241015412532906
TEST_02136,2.254130879466553,-0.16378347205474744,-0.30511252486043455
TEST_02137,3.492974303627944,0.12097026861824976,1.9534252670605334
TEST_02138,4.095229899444159,0.9812691032713767,-0.7745897540287464
TEST_02139,1.1806543892826489,-0.659365300704403,-0.16894993539188316
TEST_02140,2.4502553814402885,0.009538445460489176,-0.012362175279815823
TEST_02141,1.951078844052323,-0.17536347832584137,-0.6141700151708317
TEST_02142,1.7505491848462826,0.011347319398161299,0.4684398303748934
TEST_02143,2.6546668689100734,0.2840444371994597,-0.021367936958930148
TEST_02144,2.6924054437487674,-0.29256201707217266,0.8422899395148871
TEST_02145,1.643472896061028,0.09382356778945795,0.012993904682232897
TEST_02146,1.1459525091203993,0.11059906946643414,0.3335379993117145
TEST_02147,2.55392813519149,-0.6451276403632974,0.9633262583451133
TEST_02148,2.4848920987891474,-0.03548831836405864,-0.07680409709908897
TEST_02149,1.779213468040503,-0.21588681700042614,-0.7460103870291644
TEST_02150,1.1855747002313446,-0.1773451586005667,0.24445794318096212
TEST_02151,1.8526837646015393,0.24629804542700753,0.40804846390750715
TEST_02152,3.3758061274894158,1.5425447864674746,0.5475766623254138
TEST_02153,2.99033511984942,1.378107528599523,-0.4709668448030011
TEST_02154,2.7508101676914936,0.1700049871367801,-0.25889004237979696
TEST_02155,1.8315468797318926,-0.03466195747011192,-0.5368848748878381
TEST_02156,4.204579013018101,0.5433956877181207,-0.24638169394395767
TEST_02157,2.5680395349564655,0.5622232103675757,-0.4642871798186911
TEST_02158,3.664156146928737,-1.3407083254017378,0.36783132180909534
TEST_02159,4.122157879234966,1.6875164753139416,-1.3399415568353539
TEST_02160,3.113636359153496,1.3355509435092714,-0.5253365287313249
TEST_02161,4.926817138429033,2.313081603780468,0.004710109164616099
TEST_02162,2.820126725915367,1.4843258597502842,0.010908104176340673
TEST_02163,3.491922097260429,-1.3491830341026563,-0.00209701442201933
TEST_02164,3.059167410630245,1.3244394048065833,-0.11355317966300114
TEST_02165,2.6620048529125526,0.8166927714313194,0.4307131293883716
TEST_02166,4.593932107713185,-0.5666471504924974,1.0599696254480109
TEST_02167,1.7195745586372502,0.011115345027743001,-0.48042090717277114
TEST_02168,5.269927362742974,0.7590993471102575,1.3290995002576085
TEST_02169,4.056871272878971,0.007197114834686458,-0.212894026098013
TEST_02170,3.136927863505877,-0.014986724907960396,0.6485396049720105
TEST_02171,2.100041153974858,-0.3774580755093254,-0.43930579694065075
TEST_02172,3.5035912834490084,1.2063694434732115,-1.085544040030968
TEST_02173,1.6730110564612717,-0.5161996963219033,0.08782069299118886
TEST_02174,3.5260030582199016,1.2830065840625966,1.305328746405754
TEST_02175,2.414965123096794,0.09897547259916102,0.43974016084431145
TEST_02176,0.9195088924159824,-0.2599385585555086,0.1783963598276798
TEST_02177,2.450036674592248,-0.8227307022112194,1.43515520541003
TEST_02178,4.541414742903786,1.5500131736711007,1.1180909798855068
TEST_02179,3.9136423806382314,0.8430557761422907,0.9497418489519819
TEST_02180,1.6202965803447618,-0.3107601594476645,0.7448420825012957
TEST_02181,2.629821527246876,-0.1763547173215251,-0.8204656531250604
TEST_02182,1.8727088032145967,0.3451787497845125,0.07373909468027302
TEST_02183,4.343146144732953,-0.3617063837403798,-0.6240667779020728
TEST_02184,1.954296123170715,-0.1755443099242885,0.47635846177712104
TEST_02185,1.1827299644571756,-0.6321898920256813,0.24349987709104767
TEST_02186,1.1692847546495886,-0.06430796792700805,0.39199162664644543
TEST_02187,3.6005975814574898,-0.42771004992108236,-0.03348007288854712
TEST_02188,3.157642362864588,-0.5986722694503459,0.8529363788891984
TEST_02189,3.7812108812996152,-1.503108115689744,0.2523004923670312
TEST_02190,2.7948665235771304,-0.14552424069620906,0.25406596554995514
TEST_02191,2.0600225778589283,-0.77133861945143,-0.224189990793065
TEST_02192,1.3529962915176625,-0.20342618998614492,0.27658284999796456
TEST_02193,2.185413558549972,-0.6121356479096342,-0.16914568115531126
TEST_02194,2.0427780224390135,-0.14519531814025344,-0.010050454258761844
TEST_02195,1.1122430721804508,0.24783827283015472,-0.15494751250096345
TEST_02196,1.3734300406841813,-0.39635760493097216,0.22148825987478188
TEST_02197,2.059403410663079,-0.8187351811608512,-0.06075586757979729
TEST_02198,3.5658402557066355,0.5507411588149774,1.273807635079449
TEST_02199,5.85925229902757,-1.2145609902816317,0.5289325600850707
TEST_02200,4.110208144541364,-0.10249546857841138,0.13197442273336088
TEST_02201,3.4494453667300515,-0.5688941001506127,0.5450332381222496
TEST_02202,1.3136187839505398,0.8298498384230253,0.09424604722313998
TEST_02203,3.54483025413855,0.9591070339074217,-1.1581199050206246
TEST_02204,1.3791739946737585,-0.5120110718444737,0.13399677776876603
TEST_02205,2.7700691199955165,-0.9693960466401511,-0.8616630390327582
TEST_02206,3.512524125815312,0.25044505670071,0.12160555318451496
TEST_02207,1.9617969978333591,-0.2847948162326539,0.1336771000405727
TEST_02208,5.306981737000567,0.9355785176760535,0.07753736363635617
TEST_02209,2.6881207482973584,0.30216475971380263,0.12419629519815623
TEST_02210,2.6545349243203367,0.33523779713157104,-0.764078284433208
TEST_02211,4.382591881162504,0.2813698189476836,0.09124690872465353
TEST_02212,1.3592736662356726,0.015610798378239008,0.38915938644291426
TEST_02213,2.538235923251788,-0.2022525874133859,0.20047218926934662
TEST_02214,2.8001187894562487,0.009710322347592008,0.9659289324007443
TEST_02215,2.001312840463631,0.10832379421114421,0.5592241148866883
TEST_02216,2.600373682171199,0.15106795299575868,0.8398135655040155
TEST_02217,2.2104814927611187,-0.03604375148193199,0.856846474340239
TEST_02218,3.0141091993575926,1.0693910535695064,1.5621473402227108
TEST_02219,3.992855868455359,1.0397403877660296,-0.6554707948952364
TEST_02220,2.4841646744305006,-0.8858615830569906,-0.612054598992953
TEST_02221,1.2272583878807288,0.377678402788179,0.5101141860485343
TEST_02222,1.9550354158894319,-0.3900186631273088,0.36558032777894184
TEST_02223,3.8034596203999236,0.5976409794405738,0.9294151094452117
TEST_02224,3.080798910857757,-0.028886146337381943,-0.12265860165172911
TEST_02225,1.6821732205957838,0.9881411910593543,0.24337332372611398
TEST_02226,1.3931047049081946,0.3962611745188637,0.24860870363083165
TEST_02227,3.3406352369386676,0.4728553746712345,0.38274123610645533
TEST_02228,2.9365710401993432,0.800136221568231,-0.3919169929014925
TEST_02229,1.5207446811189613,-0.5901935607999709,0.9853459556737696
TEST_02230,4.016951070258541,-1.4709465734475857,0.2267135118146877
TEST_02231,2.0953788280166674,-0.35440369238078795,0.12431081620556407
TEST_02232,3.1216703830921517,0.5661445284829376,-0.089410793162747
TEST_02233,3.7817580608479253,1.354725616759403,1.0219572920728315
TEST_02234,3.5097702981821435,0.3193799526739085,1.336715977895672
TEST_02235,2.2357465426285343,-0.38491136823875044,-0.045113373839741504
TEST_02236,1.5152839740775796,0.09445971393505029,0.20624360030088326
TEST_02237,3.4144599014646846,-0.6172194391494634,-1.1062943890941945
TEST_02238,1.0912725011498183,0.17596855612583387,-0.2137665621226264
TEST_02239,3.281588370318308,1.4887027372203279,-0.7410319876647239
TEST_02240,4.275447456104122,-1.8706577985690098,0.8678772989620327
TEST_02241,5.136375203603388,-1.0057665214555247,0.6869111144301089
TEST_02242,1.1370609305036317,-0.4585276866679211,-0.5499431471855212
TEST_02243,2.58071328965089,0.6303326377467764,-0.04135176559119329
TEST_02244,2.151690468872248,0.7915795299766395,-0.02759371841404475
TEST_02245,1.4801521647874951,-0.20764556275640825,-0.5478041180829231
TEST_02246,2.3945658606196756,-0.200297982490903,-0.1350619569518301
TEST_02247,4.669113275515193,0.3311626277199672,-0.188411229723819
TEST_02248,1.854327801370087,1.184153955004177,-0.6846340588519139
TEST_02249,2.0177385641364127,0.12504710196490226,-0.3625328595095243
TEST_02250,2.8994770025406096,0.30415514249082426,-0.7260007002117567
TEST_02251,2.3838441252628484,-0.2923700771527114,0.2999143828631082
TEST_02252,4.151389231436621,-1.4452929826498868,1.233805265429862
TEST_02253,1.5223656962244487,0.0316352722861452,0.14099427640889325
TEST_02254,2.7757449057885983,0.7811457599327661,0.3772213137780532
TEST_02255,3.4297139106393892,0.34440968425767227,0.2706321670776809
TEST_02256,3.4219262287383305,0.3679544181343138,0.9949621911448863
TEST_02257,3.1538037734187196,0.8551864373958001,-0.22729421881527415
TEST_02258,2.3400961298455596,0.2920039848656552,0.0066976426200026605
TEST_02259,4.117298476287476,1.023220261207733,0.1597175676810376
TEST_02260,2.870605106376536,-0.025705189334417764,0.07217671602892056
TEST_02261,3.1196925837170015,-0.14270001381640476,0.10363073016219454
TEST_02262,2.325901445824182,0.06880225710664503,-0.3067170808682514
TEST_02263,3.9801659583790143,0.4069512169943721,-0.06748631925229934
TEST_02264,3.9426876368247346,0.03701306775645811,0.15286866971156343
TEST_02265,3.6539309046952764,0.4135766167904556,1.675644805977408
TEST_02266,1.309478765683268,0.0879660556460755,0.31346589257848817
TEST_02267,3.247100357664976,-0.14030470658072075,-0.3769403106749698
TEST_02268,2.0522068817483423,0.40391249024388115,0.3019422288840074
TEST_02269,4.83945395262205,-1.4120522806084868,0.8091761617134194
TEST_02270,3.20853220701608,-1.4059766959689202,0.4676058406453681
TEST_02271,2.998051000486123,0.9486096232289577,-0.6451799126136011
TEST_02272,2.7065474741330173,0.4799146781923083,0.5768913809721822
TEST_02273,1.6299443400624363,-0.8189256767827232,0.18928762208822422
TEST_02274,3.4912277541407617,0.01979713339376191,-0.6732631864449444
TEST_02275,0.9783339916595197,-0.3117091588006264,0.2726874905936238
TEST_02276,3.7274625245084705,-1.1043369432382082,1.0101330529279064
TEST_02277,3.811368377499263,1.0411004869776022,-0.19578551321556928
TEST_02278,1.3160990717806293,-0.1946307832974923,0.5135170035817139
TEST_02279,4.513707968647332,1.1383757467320246,-1.1736802283626306
TEST_02280,3.9684499868261787,0.7666717327163007,-0.4543971923310288
TEST_02281,3.206055206690847,-0.2667543793723593,0.8840894728809311
TEST_02282,4.219127257932158,-0.5004000223727609,-0.5371308681144918
TEST_02283,2.2472499046453884,0.4099755028436619,0.09145739622946832
TEST_02284,1.7351490336731237,-0.41270129363649277,0.2943564614529916
TEST_02285,2.6580471650392052,-1.02854332432379,0.28933447259579775
TEST_02286,4.614713028489789,0.19218962437884754,0.2832292237798866
TEST_02287,3.840116297775194,0.8746695184797535,-0.41425166455098633
TEST_02288,1.1691406993690312,-0.3420316950673861,-0.10419701443607018
TEST_02289,3.577109531787417,-0.1292054310090197,-0.34631207414805587
TEST_02290,2.197986125901505,-0.1457513507527893,-0.2475350722509173
TEST_02291,2.1997487016328066,0.4157814913983983,0.725895994026558
TEST_02292,1.3334120266379328,-0.5570027369254039,-0.15907378153435758
TEST_02293,2.679563783019094,0.48931239463526927,-0.28775204047461833
TEST_02294,1.3251553626990757,-0.7974405505090695,-0.529366342843485
TEST_02295,2.6862421656654707,0.524741052818254,-0.030052538997365756
TEST_02296,2.488226298317356,-1.7962123515791215,-0.17983429054706862
TEST_02297,1.7909287499210746,0.4206382362315171,0.6198814342374439
TEST_02298,2.2311428196048633,-0.9587684250980654,0.42038730547464215
TEST_02299,2.8164967030033456,1.1831365505768494,0.16171000480549375
TEST_02300,2.3016808481201094,-0.6941749405585026,0.24242653883779333
TEST_02301,2.141607699984244,-0.17851174472109171,-0.30299703160343794
TEST_02302,2.03955592635236,-0.34188167978392175,-0.036328970864908945
TEST_02303,1.5797504174259316,0.0843117954286726,0.10620762690494168
TEST_02304,1.9980274010472956,0.2707869447026447,0.10168511025184905
TEST_02305,2.577945370674461,-0.7228961248690847,0.5764632449796144
TEST_02306,2.771600691382771,0.45130343538118917,0.1310793498796369
TEST_02307,2.6108824619228073,-0.5663994101943837,0.47197253851046034
TEST_02308,2.126370498080562,-0.5510378743940849,0.4571752714613428
TEST_02309,2.8339500610969925,-0.1474695983975811,-0.3693340818974283
TEST_02310,3.2802905141978735,0.6474216428001786,-0.36768962689056617
TEST_02311,1.7772387232844622,-0.9722540577762642,-0.1884399648389288
TEST_02312,2.254733869815979,-0.19597806204477783,-0.11792248686348379
TEST_02313,3.0808063425048724,0.6558490845397192,0.019243137843552874
TEST_02314,2.730809367700774,-0.00012849544994527132,0.13072628729228755
TEST_02315,2.3704796851189083,-0.7784748158783247,-0.9441918024389756
TEST_02316,4.077907318870716,0.6540797383463605,0.38404219204853324
TEST_02317,2.353190829869387,1.182718656936277,0.5780496576550216
TEST_02318,3.0989223498993916,-1.4732426300605255,0.15244269670391625
TEST_02319,5.741965619403963,-1.0355054121201437,0.36402126537877205
TEST_02320,4.710061454791291,-0.4885454221575332,1.1422649536993066
TEST_02321,2.751594343162906,0.5542313223465388,-0.12114044224651767
TEST_02322,4.591669091712374,-0.14833757180736018,-0.6348241122017638
TEST_02323,2.4717690292310297,-0.41027095224979754,0.30992422635209266
TEST_02324,2.5325505167689233,-0.9974094388913759,-0.8475035529355899
TEST_02325,2.5300852728382655,-0.16324925249588373,0.3418496250718497
TEST_02326,4.784462264693175,-0.3882782646515233,-0.14272704771060182
TEST_02327,3.99494258878184,0.9900278024270225,-0.5233436317098391
TEST_02328,5.232383829993079,-0.3972043412394244,0.3510994895971928
TEST_02329,4.236529190910856,-0.5932115108047277,-0.22729913605555038
TEST_02330,1.1714745622633538,-0.1555851691542929,0.0965087335882792
TEST_02331,1.5102952270105967,-0.19511339941016972,-0.21011310688965007
TEST_02332,4.288338633283141,-1.4772007819080009,1.9530414768123452
TEST_02333,0.7092530433168409,0.24207319356644047,-0.19467572371616726
TEST_02334,2.866696785384965,-0.8060715828973386,0.6981579353809402
TEST_02335,3.1231431271097976,-0.7728944892848053,-0.45970282772653415
TEST_02336,2.66903108504866,-1.4267667055547495,-1.0182451807127353
TEST_02337,3.043657236518982,0.24359858887137512,0.7367399361073959
TEST_02338,3.3911505844531833,-1.1293100705864028,-0.7273664318129052
TEST_02339,2.9884939466490943,0.7573022527438346,0.5781761618391635
TEST_02340,1.3510752103775858,0.23667915210757148,0.41789931099961497
TEST_02341,1.6679524197979005,-0.3613281910045157,0.6801939424510316
TEST_02342,1.8325769420701694,0.13061787576007047,-0.16109683394424354
TEST_02343,4.296806131273947,-0.49499885969960633,0.27373766402942495
TEST_02344,3.4451836457657987,0.26786284340182964,0.21892717864024228
TEST_02345,4.942601320974995,1.567741603330118,1.8244865238039336
TEST_02346,1.5453445146916935,0.7348174186308454,-0.13035308119632422
TEST_02347,2.85587424304531,0.4195770823864338,0.2546239448623545
TEST_02348,2.8746315214256306,-1.1209369044712951,-1.0004746953064374
TEST_02349,2.6393650613781756,1.8300441504275307,1.40516008739142
TEST_02350,2.6057668303703574,-0.6312365201730177,0.7409997066866085
TEST_02351,2.169148636961016,-0.7828594271505573,-0.22971474489486332
TEST_02352,2.4253222070905447,-1.5629565447297686,0.38390082881479765
TEST_02353,2.1138220325892423,-0.6596957258562889,-0.29001941279689947
TEST_02354,2.2582558588242803,-0.40597738572445274,0.4207336293501147
TEST_02355,1.139798485173445,-0.03221073899961945,0.23104967046880995
TEST_02356,3.8027325534896335,1.7929620722571038,1.4714937929154173
TEST_02357,2.156727609074638,-0.4361585266752687,0.5502633980567105
TEST_02358,3.421949066311633,-1.0227296209402081,-0.7690863121343503
TEST_02359,5.021595254887625,-0.9384764856953778,-0.17793826698111367
TEST_02360,2.1249322629526946,0.6633511671325009,-0.21352214738078445
TEST_02361,1.9268134636006433,1.3242653694899087,-0.015285551569895363
TEST_02362,3.947896036929158,0.7220343430211145,0.03077869407516995
TEST_02363,2.1654766754364827,-0.08590798128191784,-0.6825838488389331
TEST_02364,1.567266668064645,-0.10601009614096116,0.2048450423878733
TEST_02365,1.9315328834859131,0.20250046248503376,-0.07505944741604051
TEST_02366,4.077220106849427,0.112710417619707,-0.3977137922076972
TEST_02367,3.231566779181997,0.687878104986954,-0.2222304461138347
TEST_02368,3.464825955192225,0.38590237220827756,-0.8942001001667231
TEST_02369,3.3819246208305107,-0.20666184765643295,-0.3017821913971697
TEST_02370,1.8604127793758762,-0.22391517694707505,0.3949184070367878
TEST_02371,2.6041972264444087,0.010909396886698118,-0.3131485538656438
TEST_02372,2.418502092091615,-0.3944016576304603,-0.11784669672168167
TEST_02373,2.8740082502534934,-0.3059510811773573,-0.5191501125204603
TEST_02374,2.5445306521500517,-0.936126248041285,1.120358324611394
TEST_02375,3.6091444949280285,0.27345717578184364,-0.07746612504398041
TEST_02376,2.632576463227391,0.09957845712761003,0.8476809946277181
TEST_02377,2.891464743997886,-0.24870489990393932,1.1534831543925255
TEST_02378,2.0912457023593447,0.33751232113552554,-0.3686083193917143
TEST_02379,1.7176367641978278,-0.998431857182291,0.5875352417315954
TEST_02380,1.9260062511126679,0.6571564360218531,0.10756474500081739
TEST_02381,1.6143889196488894,-0.41370839199996934,-0.4082636985409898
TEST_02382,1.6115731072042776,0.3516647810810258,0.31006341808110327
TEST_02383,1.455719745180667,-0.19840989115413216,0.3189617469402139
TEST_02384,3.688804055990167,-0.29366865939640197,0.815070017516423
TEST_02385,2.347968689483579,-1.8997291764498316,-0.176881964734396
TEST_02386,1.7602229878670252,0.041495349357119946,0.16735812602024963
TEST_02387,2.6114148121692393,0.26957962172649996,0.30293038645969783
TEST_02388,2.8658161584782116,0.6837357592727877,-0.7254694450145894
TEST_02389,4.620138315091527,0.024000218041623028,0.9803345791604278
TEST_02390,5.2580746574585815,-0.17343578972166795,1.0683938713991394
TEST_02391,2.717704302807679,0.33238293147732867,0.6151341643225938
TEST_02392,2.1004643852054485,0.6194337177623832,0.2707343150433491
TEST_02393,2.724351171961023,1.4869388619968529,0.8010598409548704
TEST_02394,3.0787639499254826,-0.06922732340199195,0.45059194781683926
TEST_02395,1.46373337954471,0.6362516982544143,0.3506757833267853
TEST_02396,2.2326633575177577,0.7193725266338941,0.0065446580772308945
TEST_02397,3.984868656157807,-1.0025912215600172,0.4341605429199985
TEST_02398,1.8308073789774453,-0.3424153362651332,-0.5376678361430902
TEST_02399,3.3587628547933943,1.090002117209464,1.478943191246388
TEST_02400,3.1247264169267113,1.1914635786230665,0.306275452952783
TEST_02401,3.52015472841602,-0.26760536523032097,-0.8220162219060865
TEST_02402,3.9846894502559085,-0.8469538575556016,-0.7644235785845844
TEST_02403,1.9100269862022083,0.5456780587414314,0.48353516326298296
TEST_02404,3.0971174511943493,0.9092430997456641,-0.756857643588607
TEST_02405,1.629286251105875,0.06739978727333615,-0.012603635777190836
TEST_02406,2.705602417332968,0.636161451985015,0.14515453879357326
TEST_02407,2.0113297024168886,-0.8684542345412658,0.07173373175128649
TEST_02408,2.166224368835456,1.6473572344152616,-0.5153618924667618
TEST_02409,2.8558985344544743,0.38859202633380674,-0.5143138894992777
TEST_02410,2.4168511061407587,-0.10136403155647396,0.012922111841271082
TEST_02411,1.6568465293124182,0.3124290287810573,-0.42858582173450055
TEST_02412,1.5955859077734684,-0.5241992550287718,-0.3883116538851554
TEST_02413,1.801555789779417,-0.41850212328243064,0.289079230065476
TEST_02414,3.5003811207535818,0.5319950800160262,1.8630789333840725
TEST_02415,2.0501756446399653,-0.08358140643150912,0.19152654059081084
TEST_02416,1.5139465002558783,-1.2554165851845975,-0.22318116240791686
TEST_02417,2.5478128474768305,-1.2925954785212102,0.22160880656009568
TEST_02418,5.124890916493464,0.3713646577751777,1.4015668234379808
TEST_02419,3.0319926469151812,1.5857010832244836,-0.09150535331512047
TEST_02420,2.7175145645451306,0.29498066958413655,0.34772185779499837
TEST_02421,3.459416892858759,-0.11277487128375689,0.3590301295847445
TEST_02422,1.7569237904207133,0.18368187948772718,0.22944803212715706
TEST_02423,2.1891420863730353,0.8516302478854549,-0.3180031825268547
TEST_02424,3.2473624083901393,-0.09072730318091533,0.12073565491134516
TEST_02425,2.200140460707351,0.025350918323817185,1.1419176889037879
TEST_02426,3.368279689270583,-0.7520987897375241,-0.4191557429173637
TEST_02427,1.936337274213114,0.01428062317927135,0.6476145706145202
TEST_02428,2.1375561610309806,0.463016171491925,0.18247138544641928
TEST_02429,3.5010144049316287,0.5260625673944548,0.08658911232307476
TEST_02430,2.052659169571191,0.3613163079048328,0.10801332933111228
TEST_02431,2.5420083088475685,0.5730291540499137,0.033227010459534204
TEST_02432,2.2732092170785956,0.1384234908116662,-0.41825777361033206
TEST_02433,3.6893402081168736,-0.12407323072077743,0.5651234877744146
TEST_02434,1.5536629928754533,-0.04461657384052436,0.03719275997987005
TEST_02435,1.2488200829638332,0.43810708385848657,0.20354002551179998
TEST_02436,2.008187412909144,-0.23833561447370102,0.6050565569271442
TEST_02437,2.1283631545665638,-1.1957321656906583,0.08135287290633147
TEST_02438,2.779521282976089,0.999079497259356,-0.21909606795355413
TEST_02439,2.0728777040001893,1.479988596305312,-0.627488353078401
TEST_02440,2.851813871500724,1.8114419659614618,-0.6622062118896536
TEST_02441,2.371793824085619,1.8353477843154198,-0.8585865807902049
TEST_02442,1.2206345932354241,-0.5828361438155456,0.4003466986663955
TEST_02443,2.019004050491738,1.987247722066516,0.8611498816278809
TEST_02444,3.1679529761837277,0.013729408792124012,0.22376674384773257
TEST_02445,1.9249767876990111,0.4146860718267112,-0.17395772926879902
TEST_02446,1.1723040160033522,-0.29130756295115506,-0.16373677185505203
TEST_02447,1.743462268249278,0.12290422432094572,-0.38483169183484306
TEST_02448,3.514346448614855,-1.182455541835631,0.05506790445962799
TEST_02449,2.1492594791296273,0.4674256282242149,0.13355356835599858
TEST_02450,2.148530431553097,0.3520556483933374,-0.0617930341699782
TEST_02451,3.2714701004893123,-0.06386552493315391,-0.06923574163075402
TEST_02452,4.685209664336283,1.4352274330754,0.6573777586189004
TEST_02453,3.1066314373100283,-0.2166320369521897,0.3567476183402367
TEST_02454,3.5694613937197643,1.2561476611790652,-1.1827340867012048
TEST_02455,3.537385528216869,-1.1674062997621082,1.1081961447323656
TEST_02456,2.9555963746646037,1.1561943442858398,0.28626186818570704
TEST_02457,2.2312332310579928,0.08126012201393272,0.061743471971951944
TEST_02458,4.48628756680037,-1.3913957473146075,-0.5206259075312015
TEST_02459,3.0242438431947902,0.32373646573362835,-0.6679294294888345
TEST_02460,2.256888190208076,-0.058726531624131086,0.6453264640434304
TEST_02461,3.446195510834145,-0.2604762167268427,1.0455627421018592
TEST_02462,2.3988759773527137,-0.33046499346066605,0.3525313881194762
TEST_02463,2.8853175846075554,0.1491384263376467,0.5695563196256278
TEST_02464,3.7365084236013186,-0.0800430184947255,0.29615005229925995
TEST_02465,3.6612637343269228,-0.3974684227535208,0.4764272880589833
TEST_02466,1.8825833306271116,-0.5566870719586751,0.6673401266904204
TEST_02467,2.912986912130817,0.2068195369798219,-0.628565357650854
TEST_02468,2.4777798281962347,-0.9094634148735494,-0.5588432039070244
TEST_02469,2.815901558433526,0.7473294686716258,-1.1200276025578233
TEST_02470,2.468351902922675,-0.3016083027202752,0.5762759639237719
TEST_02471,3.1129465261679283,-1.173216323678278,0.5628380845823415
TEST_02472,2.085859739672772,-0.8328871064437162,0.019652188387628385
TEST_02473,3.388620667298929,-0.27478677723184236,0.2783920504566273
TEST_02474,2.0487148274289515,-0.10153604533220928,-0.006761266072367737
TEST_02475,2.4187440933301634,0.6228607808364862,-0.3741514967536194
TEST_02476,4.646590669927845,-1.5495814926861506,-0.7646181090419119
TEST_02477,3.1559883978178225,-1.178805207240356,0.06302416006616149
TEST_02478,3.6581710700788035,-0.10453982849165533,0.9349772971842228
TEST_02479,4.800919573594987,0.3963613661281895,-0.1614648143882409
TEST_02480,4.022149181578319,-0.7237618112732396,-1.1301041175444844
TEST_02481,4.642220045375208,0.045745955532520505,-0.5243709111613017
TEST_02482,2.3176100884237236,0.4703817687490842,-0.3489104816907166
TEST_02483,2.042559300771792,1.0697167590149097,0.32898357772535114
TEST_02484,3.4297523428750387,-0.05213029490472327,-0.5058077908108403
TEST_02485,1.8690678712152682,0.7671288484352834,-0.476418072598073
TEST_02486,2.7100475588076787,-0.468620620725107,-0.8987273589759431
TEST_02487,2.748687356858391,-0.8409226662308386,-0.2692566697157986
TEST_02488,5.437710752311863,-0.3016906092566057,1.2043034643819863
TEST_02489,2.088753402467525,-0.10191201947317652,-0.06728327310742852
TEST_02490,1.0983354099684022,-0.16869758392873405,0.09244119074390168
TEST_02491,3.496871563808786,0.387053008846024,-0.6427466888458111
TEST_02492,3.0501642515060414,1.0747716455779541,0.2641914189427813
TEST_02493,2.5321423101334486,0.3416507252535273,0.2468530746114389
TEST_02494,1.674233285867004,1.03299132867759,0.47019949475286926
TEST_02495,3.4408410117207273,-1.2735391782482859,1.1810484490015698
TEST_02496,2.785239447940456,-0.8327998674959173,1.3387271927051287
TEST_02497,3.2278433356610443,1.5396099252544762,-0.483954007241082
TEST_02498,1.4172276953806193,0.5058950235499773,-0.44912294649341716
TEST_02499,2.5300508212446235,-1.173670655986138,-0.18104857658084425
TEST_02500,2.5239343176309146,-0.6351238255707367,0.08582331917777947
TEST_02501,3.1066310589374773,0.3485129900237276,-0.46331774157188527
TEST_02502,1.4666669989414416,0.43175212651461775,0.2385014680353603
TEST_02503,2.112848364447143,0.2970201795482018,-0.589661225262085
TEST_02504,2.1065791239568696,-0.6095460777110076,1.0252369905760803
TEST_02505,1.9880962347441946,0.8988415397635796,0.3359618728686753
TEST_02506,2.480575146488479,-0.3519830757392754,0.4578584442469914
TEST_02507,1.1751250639580166,0.4600210706947367,-0.16016133010330774
TEST_02508,2.1838389108201564,-0.5101334127822313,0.09933390675259385
TEST_02509,4.311992411205295,0.8373378638099731,-0.3996221722786141
TEST_02510,5.205007027016263,-1.6334463610246956,1.8165225679856862
TEST_02511,1.3777381811629428,-0.31460812205395083,-0.03573940856696998
TEST_02512,3.0346170708430695,0.16833701900285103,0.14049899184666859
TEST_02513,3.755433837165835,-1.6379435932616526,-0.5072857326933333
TEST_02514,2.0593652197827956,0.4412575310136855,0.013339396373305714
TEST_02515,1.670876418246658,-0.09595355627934721,-0.25901972679721497
TEST_02516,3.107509738311538,-1.0431794191064272,1.1347586183313525
TEST_02517,3.2874818228619103,0.2163791415244395,0.3868802048391474
TEST_02518,0.9970771028761193,0.3168125998442124,0.3336375659522234
TEST_02519,3.3152532515979285,-0.3538249135188879,0.9210158648210464
TEST_02520,1.6738907871764233,0.9034199503229898,0.20622909531760086
TEST_02521,1.2548328037049907,-0.4028594026989991,-0.2799969103744386
TEST_02522,3.0511041660879936,-1.2000966184961464,1.131365173375485
TEST_02523,4.154726990019109,0.36745949174647824,-1.069984960385565
TEST_02524,2.3524508401050177,-0.9433199924423403,-0.53520321236731
TEST_02525,2.6051807154894853,-0.03955956123731856,-0.6345890618716262
TEST_02526,3.9281200735201183,-0.8966568038382843,-0.9018033501859439
TEST_02527,1.3330593976617828,0.6267031906680767,-0.16018177772417283
TEST_02528,2.0231199342891393,0.9851311821282988,0.4113770297561027
TEST_02529,2.128490992192699,0.05671616376409563,0.32652843388338804
TEST_02530,3.1653547528503503,-0.5136273374221006,-0.6436983246866029
TEST_02531,3.168645774587986,-0.059687644194800646,0.01697648250358667
TEST_02532,1.7597098853734772,0.3647298089798935,0.10507039128079836
TEST_02533,2.106110411757909,0.22364011443384224,0.37476281979128806
TEST_02534,1.912450536188175,1.349979597437044,-0.16485452211605892
TEST_02535,2.3136995979162736,-1.076840112499864,0.2780463316973507
TEST_02536,2.3899169363879555,0.7396075946873061,0.6202815921791918
TEST_02537,3.331760104893938,1.688535525170845,1.4019427026624116
TEST_02538,4.3240113409959315,0.43527056034988976,1.3935805035591677
TEST_02539,0.9129535019435641,0.343644240228164,-0.0915614777004227
TEST_02540,3.404984875756122,0.033754440890564105,0.921767365882054
TEST_02541,2.8348454876048037,0.20661073535619534,0.26858265404995213
TEST_02542,1.4260962046893926,0.0813306818024449,0.11919135359718784
TEST_02543,3.717085741051472,0.24637617190423322,-0.26569699147837333
TEST_02544,2.736922341705807,-0.28539821851886177,1.1367260203454805
TEST_02545,4.547327534510371,0.9535891070361725,1.0335811413577873
TEST_02546,1.668054321188017,-0.2027871991219635,0.367547304034107
TEST_02547,2.9326631804819394,-0.03376374064226495,0.6199825886357305
TEST_02548,3.0956477345156186,-0.0659553809519989,0.5920210071335538
TEST_02549,4.453968095105173,-0.003815989857601663,-0.8241009005155607
TEST_02550,1.7141412946828727,-0.9453689763965215,-0.6954323058904849
TEST_02551,2.9467438145410254,0.028374077335836734,-0.11534200356229593
TEST_02552,2.3901869749304767,-0.8069521845845233,0.3814587290973907
TEST_02553,3.051016329961662,-0.08738887434409706,0.40641273620592516
TEST_02554,2.1869727862363786,0.13004148686588593,0.2722598081220366
TEST_02555,2.375676089451915,0.3946922078965431,-0.05818899538351247
TEST_02556,1.8328318655183704,0.7788218319161483,-0.29577218206082534
TEST_02557,1.8658509064471485,0.10503550521950558,0.4926701633808243
TEST_02558,2.2528524792856506,-0.5165172005041238,-0.8446772872202116
TEST_02559,4.967639732817391,-0.38841484080256505,0.7735425313939372
TEST_02560,4.1031794320314825,1.0761216127533457,0.15767480013853777
TEST_02561,4.36929063097064,0.8632340135587511,-0.7288796250900045
TEST_02562,3.4076965931985432,0.3238373814524258,0.12243366454961116
TEST_02563,3.7589464404046025,-0.3561246222944636,0.6267893267804354
TEST_02564,2.8025071752382145,0.5622474174015282,0.15576580565461456
TEST_02565,2.3417540556826855,0.23276847582663984,-0.9471168732397363
TEST_02566,1.092842944061029,-0.687458272373332,-0.38714422456141306
TEST_02567,4.786339152882783,0.11995015494604194,0.5725601015987944
TEST_02568,4.399233404536878,1.040702528526794,-0.7131647848943172
TEST_02569,3.44881069611733,-0.4128152841133514,-0.5966843824638882
TEST_02570,2.438960293821816,-0.03453182467037738,0.1291633651915494
TEST_02571,1.392530945590437,-0.1580838293516982,0.058916905870712834
TEST_02572,2.6674122966543394,0.7462236294234246,-0.9290038976147043
TEST_02573,3.0030784864723112,-0.3774372501417222,0.5527221768177211
TEST_02574,2.5751688549742098,-0.7139316504217216,1.0870656879760172
TEST_02575,0.9963420885525838,0.1579218340954132,-0.07159932536530793
TEST_02576,2.4452416925456415,-0.33338951089591384,0.6165090753837839
TEST_02577,3.605390576236781,2.1163774971797946,0.06762343419062058
TEST_02578,5.621879813894659,0.12032544999997297,1.1592365657933006
TEST_02579,2.7413019997316863,0.7365457638463551,-0.2249485133557848
TEST_02580,2.6065021800218107,-0.5790206096714314,-0.2403621573460991
TEST_02581,1.0485244566935112,-0.34544387349289185,-0.2807979405489335
TEST_02582,1.5620079130288362,0.4892082128350489,0.12245069700057837
TEST_02583,4.477865090065842,-0.5169943398424068,-0.7070292780674622
TEST_02584,3.8210313968593628,0.08817929073426567,0.17008897696459568
TEST_02585,4.868852582507251,-1.7719268725276498,0.0828342522084274
TEST_02586,2.3948814945175374,-0.46106008217831257,0.3535514164375788
TEST_02587,2.841145876684221,-0.4422588334322438,0.4051356754335794
TEST_02588,2.6241060965863334,-0.226985891607067,0.19406088331994945
TEST_02589,2.1115170389701543,-1.4117450294281224,1.0604596406639022
TEST_02590,2.6976288011654903,-1.3616016676656113,-0.06782031974704208
TEST_02591,2.849616110498022,0.04166650876657353,-0.6096292063275253
TEST_02592,2.137406275375558,0.7106910409451648,0.6184766179229236
TEST_02593,1.522531045809157,-0.4462618303132288,0.5274026809751011
TEST_02594,2.0830062852485525,0.3656657873588451,0.03884606899702854
TEST_02595,1.6250368079116377,-0.141686104277943,-0.10521261017076038
TEST_02596,1.9024426988181793,-0.0011751435839537942,-0.014275948461126271
TEST_02597,1.647603055386299,-0.07271590956872685,0.26976108982661967
TEST_02598,2.736908055470743,-0.32344608528223134,0.2247634308141066
TEST_02599,5.927709603830065,1.374420209764868,0.8220914646216929
TEST_02600,1.9597011159879474,0.6681925754115322,0.24774037317525227
TEST_02601,4.86560586497772,1.4315798231210841,0.22899480150152637
TEST_02602,2.972603765273334,0.8204525675103458,0.4828069590024037
TEST_02603,3.117636844946198,1.2390859587025687,0.8299015120425325
TEST_02604,2.580525152693041,-0.325389424820309,0.10529393431000422
TEST_02605,1.0656150599681868,-0.07249301176849623,-0.2581302273970797
TEST_02606,4.654599337606833,0.18976706262494708,0.45565916802388556
TEST_02607,1.1324054586640961,0.5565686690498808,-0.36100722453988543
TEST_02608,3.0590382872571005,-1.049090961310364,0.3155939663809822
TEST_02609,4.289059537694274,-0.01041152365529496,1.0138564415713505
TEST_02610,1.3409359980938476,-0.035675751612821036,-0.009025491743705278
TEST_02611,2.6185443150444647,-0.20291380737558387,-0.23083243126410968
TEST_02612,2.216200830293609,0.3552491599717331,-0.22222525815141883
TEST_02613,1.2444955312432247,0.3311258990771831,0.16176860228243878
TEST_02614,2.6482416240562734,0.03650151987026898,-0.5841741672133755
TEST_02615,0.9653667767823579,0.45226791986532744,-0.05595304481519412
TEST_02616,2.3329586162330243,-0.40052503905699555,-1.007241944925987
TEST_02617,3.502120077451788,-1.8790973076974347,0.9816429946529971
TEST_02618,4.240046711956382,1.202649496418022,0.9872187784957803
TEST_02619,1.6005401981473666,-0.1858844800253038,-0.5141558579748028
TEST_02620,2.0927393918490726,-0.7692084463475166,0.07788780412859884
TEST_02621,2.901902328101045,-0.05416716274184907,-0.3653994520241633
TEST_02622,1.9181812512238179,0.7226562753069309,-0.052267302251749255
TEST_02623,3.733567531501269,-0.32743589005293894,-0.2941177915562538
TEST_02624,4.062040423094413,0.23886969233788066,0.40686583294719053
TEST_02625,3.1900331145222673,-1.1557683170458979,-0.49776757966878005
TEST_02626,0.8858206229172894,0.06518379577759532,-0.3043391751868046
TEST_02627,4.17758797727652,0.13859582901367973,0.2398410071564948
TEST_02628,1.6149991588044532,-0.7464229453155791,0.3748209628582952
TEST_02629,3.9156679606418883,0.6628177854828464,-0.08852127333539433
TEST_02630,4.059052469252835,-0.9075452801232834,-0.4046298479515178
TEST_02631,3.265698849002943,-0.44138676758115436,0.7180566267920226
TEST_02632,1.571073799484351,0.5816667587345495,0.43957628935768867
TEST_02633,2.0155906865810307,0.14920697149773252,0.5394914572212809
TEST_02634,2.7353370343257586,0.14541276599636688,-0.41835633016659096
TEST_02635,1.140216662033151,0.365850104265909,-0.06470497745824738
TEST_02636,4.621303449817374,-1.1298838726327978,1.002844464184572
TEST_02637,1.1764189446977589,-0.2914544809145466,0.2826694024919446
TEST_02638,3.417138047486009,-1.563602990789151,-0.8359452522860796
TEST_02639,5.3071843579477695,-0.5559209717644934,0.15501303252368626
TEST_02640,2.9879299967671358,0.24686697548118383,1.1123577998805063
TEST_02641,1.121400431064505,-0.8816468518335311,0.16438663466965153
TEST_02642,2.2671701027078894,-0.5701489142596605,0.27526824559278384
TEST_02643,1.322889731245543,0.5223593831160954,0.13755382245080358
TEST_02644,3.127245566199878,-0.810242808934027,-0.8585275803314678
TEST_02645,2.2426208201430264,-1.0695036903847834,-0.7817149812242116
TEST_02646,4.509265059399814,0.7200189120718501,0.19278496469615752
TEST_02647,1.9546235818920061,0.6537011593085741,0.8224040532429306
TEST_02648,3.880038734200219,2.0393316001595627,0.00881314893845908
TEST_02649,2.515732020233754,0.12171672604896788,-0.03784532531044995
TEST_02650,1.9494532934440911,0.08480462877294756,0.5329120253403342
TEST_02651,2.7751926008886274,0.09832983071213627,-0.027885020329783503
TEST_02652,1.6244827695325428,-0.9301215217640293,-0.6124413766363502
TEST_02653,3.108770882475341,-0.05369529425973031,-0.4115851076536682
TEST_02654,1.1164197863462055,-0.38101731031581854,-0.27333668824845697
TEST_02655,1.372470740319089,0.4208337559276389,0.19217732855606712
TEST_02656,2.9375852675235956,-1.042734340758346,0.7140402216025119
TEST_02657,2.7634604709762316,-0.8803781929411292,0.2815001434046442
TEST_02658,4.583751077665388,-0.13541076376756347,1.0020104272288048
TEST_02659,2.1732055577267824,0.7636734847405656,0.24948670772702272
TEST_02660,1.6431226122419176,0.04039320251845952,-0.6170285712220562
TEST_02661,3.4704396351963394,0.1243693926691897,0.8291768349241244
TEST_02662,1.9246856013754716,0.20770872529398612,0.032375864125859424
TEST_02663,3.097466380831456,-1.0259282401573473,1.1049599470413536
TEST_02664,1.9249393920990903,-0.3643065225143924,-0.34661079940064227
TEST_02665,5.360744515778839,1.2947001914475809,0.46301536923942643
TEST_02666,2.9021030063131996,-0.2899983058311932,-0.3445749785300779
TEST_02667,3.3370237320558442,0.38858085231816014,0.1927298966048126
TEST_02668,3.3333332414986114,0.04445442833165908,-0.2690631640488638
TEST_02669,3.7403327445048418,0.2913525633884829,0.5234363569785748
TEST_02670,4.2928807557703745,0.7077361254115834,-0.8364018627203373
TEST_02671,2.688295273165605,-0.10867255951208875,0.0013956479513563018
TEST_02672,2.327908835410927,-0.13881737040460015,0.527162519645451
TEST_02673,1.936222904446691,-0.6932527745220809,0.0483659915221926
TEST_02674,1.7810951832260151,-0.12246814495117178,0.28403817440286444
TEST_02675,2.5029926916038274,-0.516708391352116,0.4658902311720562
TEST_02676,3.0253619383602723,1.0307829200286938,0.327458695524619
TEST_02677,2.1330271546948194,-0.2265242337784148,0.3248680537554272
TEST_02678,1.2502727047861828,0.139807648527212,-0.08898836572974085
TEST_02679,3.1019379041036172,1.730831902133969,0.9663809894621289
TEST_02680,2.276975514071736,-0.9926889561156208,0.1696397435764551
TEST_02681,1.5340578394974196,-1.4694059156075272,-0.3515166910303289
TEST_02682,1.4709194187458283,0.6193139080346436,-0.6654674650823619
TEST_02683,1.170163544011572,0.06190115652320888,0.15298171365465735
TEST_02684,2.4629166126373594,1.3616266892671842,-0.6023845329461409
TEST_02685,2.1807547218444925,0.3476065194422153,-0.45114930411530246
TEST_02686,1.96932569693335,0.7670984745872634,0.3817835816711819
TEST_02687,4.218374400171272,-0.4899563708421801,0.18115011549916488
TEST_02688,4.819689705070737,-0.6277498175587718,1.1593266370764521
TEST_02689,3.787958271987658,-0.16051020970495458,-0.6692066305222134
TEST_02690,1.407786141919374,0.3301345022489591,-0.41627047312531645
TEST_02691,2.027452675312845,0.3212697309271241,0.4068586323579892
TEST_02692,2.1863058018425123,-0.6844831967764169,0.7057618920248016
TEST_02693,2.414989646477762,-0.18273516322414096,0.2883940440650108
TEST_02694,2.3862678922461096,0.8579741586127544,0.7055240909603103
TEST_02695,2.9604139778582295,0.004099213194555616,-0.04149526628228011
TEST_02696,2.867269454994268,0.76786838888352,1.102966273072133
TEST_02697,2.3138074545615526,-0.4396988736565623,1.037811706895811
TEST_02698,1.330689666867001,1.0355001439989815,-0.6947457750839756
TEST_02699,3.7663752130070227,-1.3824606291303008,1.204808161938968
TEST_02700,2.189752804460319,-0.28308674180253196,0.8142092586670966
TEST_02701,2.1305406785251995,0.18354194560795067,0.6367338106215026
TEST_02702,1.3276632431505586,0.23030033668163705,0.10191967912928773
TEST_02703,3.236591510812079,-0.693937330341005,-0.030563608423643335
TEST_02704,2.5789139698395633,-0.20791450865732192,-0.27884659436654047
TEST_02705,3.347184103771816,-1.0847119539371355,-0.8518595085891667
TEST_02706,1.2851854549001371,0.17816472902759792,-0.30211790205846334
TEST_02707,2.1120027423347842,-0.18145676180059192,-0.6088394726384693
TEST_02708,2.259239882206324,0.9884290245384763,0.30213797875526127
TEST_02709,3.241442333628639,1.8543859543592283,0.829373934508784
TEST_02710,1.543164837485279,-0.5127373248354166,-0.4348771251392793
TEST_02711,1.9288370198015907,0.9759733213768762,-0.41082638381356534
TEST_02712,1.2330110318412686,-0.19613234079688893,0.07217612869294464
TEST_02713,3.7788214645253553,1.238349644230936,-1.0437658480540826
TEST_02714,1.2275303347458186,0.1296986338762204,-0.002696190492004583
TEST_02715,1.754745666962254,-0.15306378376344587,-0.03762572380674386
TEST_02716,4.094801281856838,1.2978675974999676,0.40910799037867834
TEST_02717,3.186980850375821,-0.8106045935742372,-0.5145731758082535
TEST_02718,3.507008549087003,-1.786727784680328,-0.2681730891247628
TEST_02719,3.575482417341279,-0.30252493401190783,-1.4946777492721948
TEST_02720,2.4890625195665153,-0.8693165265764552,-0.49296416964561385
TEST_02721,5.299070603575499,0.6812224164024164,0.7038240547517053
TEST_02722,2.241286265131834,1.167486881943533,1.0627295502740437
TEST_02723,3.1970533094468463,-0.7143381242118491,0.5287564321395383
TEST_02724,2.6957382522256994,0.4244194581911799,-0.27834407611153067
TEST_02725,1.5899383096181967,-0.5379964698834503,-0.013545438773947613
TEST_02726,2.0668049323844193,0.3316503366680638,0.5296407135522632
TEST_02727,1.464723260912596,-0.5131425698063565,0.38606006474625487
TEST_02728,5.652616772612154,0.6945114625389829,-0.20746299343168215
TEST_02729,2.3544860132106047,-0.226571277888393,0.5305594223171092
TEST_02730,2.8942271135009494,-0.45234781151260545,0.40650185188682925
TEST_02731,0.9644695876593422,-0.22189989412318656,-0.106777043027529
TEST_02732,4.845258911887094,-1.179323116301289,0.9398907160101221
TEST_02733,2.515826345349302,0.1766414946038514,-0.014282386323220202
TEST_02734,3.093037734544284,-0.35720917527134893,-1.0428017328043853
TEST_02735,2.4782400294194473,-0.20182773284508496,-0.01586731132251676
TEST_02736,1.3028276498702387,-0.17378401926942255,0.45429583240318405
TEST_02737,2.663274725516057,-0.699827982444306,-0.10183849942561841
TEST_02738,1.2940490844596662,-0.730493464046381,0.24808181869558255
TEST_02739,1.71649625952669,-0.901690001716307,0.10050345592908083
TEST_02740,1.3983354316542869,-0.34896287497284256,-0.5878406700638333
TEST_02741,1.216792507098392,-0.12487049369806416,-0.28136020936182804
TEST_02742,1.2704599729507962,0.4485727557109939,-0.18994409733998122
TEST_02743,3.8675824434900075,0.11943362690524717,-0.46377668383371834
TEST_02744,1.339863378086231,-0.3782928045918834,-0.358756298503276
TEST_02745,4.213353936483791,0.8052127732395493,0.1036429225440772
TEST_02746,2.064001265787844,0.442758600522406,0.5108790230872858
TEST_02747,3.6904541529596537,-0.41748402712746974,0.6849295760365303
TEST_02748,1.8908221374907852,-0.008878978771565897,0.08322086379955715
TEST_02749,4.532769690296311,0.7017787292514351,0.874261188543759
TEST_02750,3.1280274585470886,1.1842250206931542,-0.37416956812552143
TEST_02751,1.4707029612697042,-0.7268775146373277,-0.09611833886074465
TEST_02752,0.7999479928320564,0.03241710446445982,-0.12435484253698083
TEST_02753,1.9041035145520455,-0.4368134637503384,-0.007051561813378229
TEST_02754,3.574268422109976,0.43094790904917213,-0.9850538829785075
TEST_02755,1.9684730660510406,-0.8293024514959907,-0.21203207743381763
TEST_02756,3.998981922410338,-1.2431764327632329,-0.3381680335831126
TEST_02757,1.523202831846598,-0.2067102009879742,0.08207037830437683
TEST_02758,2.122350522436421,0.4307779620317928,-0.662526414547472
TEST_02759,2.4696667866907016,-1.1668922800833237,-0.883306042130334
TEST_02760,2.5963927751534337,1.4405179181622187,0.5546844389323915
TEST_02761,3.7672808545578746,1.7104759652452615,0.8659552888509358
TEST_02762,1.544684567866416,-0.8623238539951423,0.7331830075542325
TEST_02763,2.0339397874408545,-0.06973116123187358,0.5626360224527827
TEST_02764,2.9363609581480725,0.9315960572243551,0.11322740926981974
TEST_02765,1.8015537801658172,0.19196782168005277,-0.5387726982225723
TEST_02766,4.097025035272133,0.7680516077589035,0.16750965537389992
TEST_02767,1.692845489204213,0.19067809955473508,0.2619138567444215
TEST_02768,2.7696703474383586,-0.07900439460037652,-0.16912440159448927
TEST_02769,2.569085107313331,-0.03189234143122015,0.012816999128866644
TEST_02770,2.016592021743484,-0.5461033701814859,0.28231867624403206
TEST_02771,1.9884841727813611,0.1054542555341005,0.2640012074047186
TEST_02772,4.956255711728002,0.00953525054128586,0.9742904297627982
TEST_02773,2.5923711669181198,-0.19241978640755525,0.20626209891566366
TEST_02774,3.1617665263142967,-0.9197678870731675,-0.7639712268962483
TEST_02775,1.8217626182807145,-0.26242920976509504,0.05728226515140344
TEST_02776,1.5017128490405782,-0.2576406068345229,0.38230764995094035
TEST_02777,3.733764092798793,1.9020604316441339,1.8281842898879883
TEST_02778,1.7314876716780416,-0.12884529149274293,0.564034889492097
TEST_02779,4.338876317931317,-0.39607958428828766,-0.20400547118118698
TEST_02780,2.6480670077570827,0.5599880651856036,-0.896878905557404
TEST_02781,2.8163091075507642,-0.36365751020220416,-0.5921857217464879
TEST_02782,1.2648468472647665,0.21088954322534054,-0.04224970410557095
TEST_02783,3.242686206978318,-0.5981205786200352,-0.29793578095251017
TEST_02784,4.1994808350201955,-0.7997200900467992,-0.5689735736670791
TEST_02785,5.3880189996481676,-0.14566982879370968,0.6349923326468488
TEST_02786,2.741211458018079,-0.07804637827500063,-0.0549361118582203
TEST_02787,1.1648912318984221,0.0245342813762911,0.22185445724891475
TEST_02788,2.2002598790176098,0.4630695597282503,-0.08941589125530855
TEST_02789,4.4070361034077825,1.5870434192958567,-0.33096985196832124
TEST_02790,5.050090244294056,-0.48478353205581376,0.6086648608338032
TEST_02791,1.9190543858198768,0.13073521443495095,0.19870673484146803
TEST_02792,1.3431926117216162,0.2253814852000876,0.3403715865384387
TEST_02793,2.118331054917309,-0.18749505810809874,0.2581989481158915
TEST_02794,2.535633826617842,-0.32657437702978825,0.3994709372150564
TEST_02795,2.0007527828054976,0.3372092105584627,0.30930024087728414
TEST_02796,3.2717718702371794,-0.5358452109710118,0.07278832731228559
TEST_02797,1.800997180128384,-0.8475846969961726,0.062747647878954
TEST_02798,1.8236863550559277,-1.0865143633396397,-0.8515169412383028
TEST_02799,3.316508107973349,1.0018520722551953,-0.7903023875107988
TEST_02800,3.3080809311696537,0.5018181804143858,0.034272590079226
TEST_02801,1.559854272931171,-0.13477625576785565,-0.15153188257765438
TEST_02802,3.2700911417246137,-1.7342634132227615,1.2470576708487418
TEST_02803,1.0949888462621926,-0.6109199060017952,0.3764423177278327
TEST_02804,2.944177392383071,-0.812765511109697,0.13625823876911267
TEST_02805,2.7144614466900405,0.0808633728432781,-0.19566315873765103
TEST_02806,5.023525610821715,-0.13601745570712082,0.3400989435195259
TEST_02807,3.567543682507055,0.012747709362013427,-0.7806932204348302
TEST_02808,4.913790900577365,0.27827316150853354,-0.057939038696897795
TEST_02809,2.4875954862421517,0.24869807914802805,-0.230243866805374
TEST_02810,3.4703279425930114,0.5540429125280818,1.1619692711849947
TEST_02811,1.9513139062213467,0.4282564660255207,0.3950953447456151
TEST_02812,2.4107239599944332,-0.1522702678355223,-0.3856110812019941
TEST_02813,1.953000969208616,0.11066354738410963,0.13767894978125214
TEST_02814,2.196648040256989,-0.398826124936457,-0.41176965469335436
TEST_02815,3.0496800468464293,0.1615804635008563,0.36205602963947875
TEST_02816,2.6870042239426626,0.09381598493602271,1.3651410307481808
TEST_02817,3.6496856525228734,-1.8718978877558297,0.1290703410796466
TEST_02818,3.484857462814123,-0.3017036042356117,0.8946280268730702
TEST_02819,1.7730548848527872,-0.5504212656053115,-0.0780270693770121
TEST_02820,2.8529732971394273,0.5798729736015642,-0.12010921699013674
TEST_02821,2.5783989131667995,0.13570427987812078,-0.48526655915043354
TEST_02822,1.5724976362557277,0.37443838423922543,-0.4587424876605812
TEST_02823,1.9905757303455764,-0.5672497199875358,0.7449379742415005
TEST_02824,1.8372618357149577,0.03947215364526784,-0.7483193018917165
TEST_02825,3.70226153297312,-0.11037791477958257,0.4652942007920949
TEST_02826,2.650747901877747,0.2369231319305905,-0.10571737462281024
TEST_02827,2.233950399360948,-0.4017558956090008,0.392777123188119
TEST_02828,2.8975598218770346,-0.17420010320003312,0.449395003664942
TEST_02829,4.589335041178016,1.131593286048333,0.9150223197393541
TEST_02830,1.8321892250260858,1.247899958652284,0.5605170176460927
TEST_02831,3.1040814983050375,0.8845413804815648,-0.45787699520902825
TEST_02832,1.2499360117763911,-0.33925209365257236,-0.17413401848441873
TEST_02833,3.5410669158465873,1.2530117434817694,1.28054690258535
TEST_02834,2.953170502939655,0.18141340646782494,-0.1619561907995182
TEST_02835,2.4414735999738966,0.4551191596535106,-0.0005097522624416889
TEST_02836,2.2258097174607214,-0.17301123735689605,-0.4428502211863515
TEST_02837,2.1948227159310356,0.27662906769822687,0.7510823250409094
TEST_02838,1.3879845653089993,0.22796502117316,-0.4042417671407823
TEST_02839,3.665381229449663,1.292273885512165,-1.0484363677934199
TEST_02840,3.426265277670788,-0.9164165742403028,-0.014875678064834282
TEST_02841,4.518825174680318,1.2693545856340638,1.4715888294438664
TEST_02842,3.5088517980131377,-0.6994386963399365,0.8713794714231752
TEST_02843,3.3942778080818834,1.8497758968264684,-0.7793863403376458
TEST_02844,3.393408462243052,-0.17724963006845834,-0.29613212142321343
TEST_02845,1.6794612040637038,0.7707884700381671,-0.35996421733266387
TEST_02846,4.558899531333935,0.9486341809529869,-0.5741179621745564
TEST_02847,2.6205131478656676,-0.16476768667865888,0.00847710803580525
TEST_02848,1.4175169493781183,-1.2881529865508021,0.027511672174269555
TEST_02849,3.7285995823241036,0.1896276224452628,0.7015883808403561
TEST_02850,2.178182267029524,0.31893130578936474,0.3356520189837914
TEST_02851,4.132883090685981,0.19305389358777988,0.9731535198811263
TEST_02852,3.8607080313444095,-0.6876446681515649,1.0227554155267895
TEST_02853,1.0284836065231757,-0.32170846542392606,0.227649169614961
TEST_02854,0.9832044520168939,-0.7649281638099852,0.14258705383973994
TEST_02855,1.8050884499950162,0.07922580076411909,-0.3441547560651835
TEST_02856,1.630484036835562,-0.05340357649131809,0.45578513677214655
TEST_02857,2.304749026675798,0.4548791831958657,0.4828786814151928
TEST_02858,2.0664153359881996,-1.0316753873083524,0.5283358397921178
TEST_02859,3.93502245797629,0.8850441478341071,-0.5550963159678561
TEST_02860,0.7056207256047217,-0.3954079196428428,0.36076334698980594
TEST_02861,2.8999278939714435,0.14302853471335833,0.41507430099060166
TEST_02862,1.937002527551824,-0.15553791667082215,0.16046974213037235
TEST_02863,3.5453819927437884,-0.525267063452371,0.923924227694033
TEST_02864,4.074736720271561,0.6093995561997972,0.830000646146779
TEST_02865,3.4388167825440066,-0.21481076579514277,-0.3453181322496151
TEST_02866,2.664697636229244,-0.25405964466159836,0.46990655478927434
TEST_02867,3.1700605397597625,0.033218120129841856,-0.9768558226783643
TEST_02868,3.051446167746868,-0.15733896056205174,0.06883208868122913
TEST_02869,1.6718374287918192,-0.23513788239307803,0.8550154759575979
TEST_02870,4.593845348209154,-0.05687070708373123,0.7496186427297676
TEST_02871,0.9811785351082976,-0.6894925035744149,-0.21485769855296952
TEST_02872,2.9716621365090568,1.19381095981825,-0.7734607378335558
TEST_02873,2.407521723372809,0.42517034502773504,0.23033570498219041
TEST_02874,2.401439836645234,-0.24589187019073586,-0.02484069081225596
TEST_02875,0.8808230213976546,0.11173574162173228,0.2748845794680003
TEST_02876,1.5050735283885548,0.434786800834438,0.44167245583299175
TEST_02877,3.097826254248629,-1.392068253883321,0.5874447362396382
TEST_02878,1.8459531241692928,0.02893710202500316,-0.4975659778419606
TEST_02879,2.461452536914381,1.242316218911571,0.4114800415465361
TEST_02880,2.810807094151444,1.4855710063184357,-0.7402003875852764
TEST_02881,4.905844422578221,-1.833333002800719,0.3920000449910783
TEST_02882,4.0411629291879745,0.09357716765647027,-0.7067556152539507
TEST_02883,2.3095051140095584,0.23865864473769174,0.1311864487218554
TEST_02884,2.6101252451242654,0.11496453632482405,0.29775036653999726
TEST_02885,2.082578261270413,0.2315213228321702,0.35000085904259887
TEST_02886,2.9064028078889335,-1.0416904344816365,-0.6892682060697576
TEST_02887,4.283860463061834,-0.029012044104666453,-0.6776733535145195
TEST_02888,5.854150735165864,-0.0983067869647015,0.9244405977630265
TEST_02889,3.8633161654801444,0.4580534180816391,0.09260030147838211
TEST_02890,3.2169765654650266,0.24536833346969078,-0.09203969153613303
TEST_02891,1.493087620937792,-0.014172741468971812,0.026084774887975812
TEST_02892,2.417444727760552,0.8773593177547377,0.8724396127857654
TEST_02893,2.8470980734080276,-0.2482014996849707,0.09548065765572882
TEST_02894,1.9871499565659227,0.015359448326480772,0.06504615377264404
TEST_02895,1.7309838815589622,-0.32762086129559187,-0.1952842797292653
TEST_02896,2.4556037987740384,-0.5454970193455076,1.0515488155394306
TEST_02897,3.051940065524226,0.7421483337884803,-0.17739529712861152
TEST_02898,4.44744540203951,-0.5428104497218132,-0.17608652013178308
TEST_02899,3.329299274370197,-0.44754004828055094,-0.05479528481918126
TEST_02900,2.8521822534509305,0.5223135762218213,0.3045796013949869
TEST_02901,3.661571928594172,-0.42728255480153277,0.040023357147017255
TEST_02902,1.473076130254035,-0.3697017281280432,0.2912134540396831
TEST_02903,1.075010494775609,-0.3001566160949773,0.23725136730413293
TEST_02904,1.882252550490285,-0.3145219108937806,-0.2695468856589594
TEST_02905,1.5736957979581256,-0.041397687208458066,0.9176057708495506
TEST_02906,2.431792011325738,-0.18007565062530043,0.33894956939500354
TEST_02907,4.499205821048394,-0.03830292833399182,0.6449817509839224
TEST_02908,2.605015642234215,-0.16126495513728661,0.10454324173045285
TEST_02909,4.051137705404059,0.3450026672424421,0.45913224940130587
TEST_02910,3.583751484370092,1.7971859693990728,-0.15107172440588187
TEST_02911,1.6605619774037754,0.46643276501489556,-0.20954471730301535
TEST_02912,3.8092733023203253,-1.5787403357025134,1.8320024762601381
TEST_02913,2.839536347186166,0.2503731682130383,0.5939637129260689
TEST_02914,2.453713210513552,0.1613359951792188,0.032933509880738135
TEST_02915,1.8952156411603054,-0.10915687731254695,-0.40903194604897697
TEST_02916,3.721605079753361,-1.0924466706792273,-0.044447950797527745
TEST_02917,2.742667823270706,-1.4725009631972996,0.60687098261209
TEST_02918,2.907183556412918,-0.5589818720474203,-0.7536784087661689
TEST_02919,4.37133298246613,1.4153989285224517,1.8131743687934705
TEST_02920,4.240936092887012,-1.428706064053968,0.8059682241954481
TEST_02921,4.613587129366683,0.20754608419478193,0.3194922752028218
TEST_02922,2.352480119841081,1.714463283880207,0.3288124152393969
TEST_02923,3.589830044521709,0.3070033383040366,0.10307981633352498
TEST_02924,1.4360470939018264,-0.04580598360159958,0.48928073031958763
TEST_02925,1.11383853579117,0.2385350333191656,0.07210832381474201
TEST_02926,2.2552932454441326,-0.8405917690771009,-0.30257128652782755
TEST_02927,4.912555270820856,-1.1529534466497564,0.22509393534563027
TEST_02928,1.5294797414917438,0.2604782011481936,-0.293627785788581
TEST_02929,3.7193858006501803,-0.13285522433053676,-0.44626960638142693
TEST_02930,2.1846899867328897,-0.009294377947969619,0.1488151101454176
TEST_02931,1.831880430826178,-0.3362023493236581,-0.14777912145029662
TEST_02932,1.599291674366512,-0.12556054738373043,-0.02529062569573757
TEST_02933,2.6934229867808015,-0.18422735253966546,0.2618018120769235
TEST_02934,3.416192200859528,1.5357269562389808,1.2919207522984855
TEST_02935,0.8184205611528023,0.038229837660168825,-0.2726208068650235
TEST_02936,2.0102973093705923,0.9928818917708935,0.2460430186363253
TEST_02937,1.4734550150676602,-0.5450062685197078,0.11337060820147786
TEST_02938,4.033064441177613,-0.19999092354985662,1.0966478167615128
TEST_02939,3.129228345108715,-1.4438270892614384,1.0794378015686852
TEST_02940,2.471233052538477,0.19545510881507294,-0.049979423042851655
TEST_02941,2.2907544255241343,-0.2621698900220776,0.11407057044973055
TEST_02942,2.252709143769947,-0.760386494633537,-0.7907602759232643
TEST_02943,3.98630375280448,0.6431176429613165,-0.932471735657173
TEST_02944,0.9668960094657778,0.3263539479270794,-0.20495907136552088
TEST_02945,4.950387924344793,1.4401669866207936,-0.8646716179865765
TEST_02946,2.547473745926201,0.1947254127461507,-0.03981060477701817
TEST_02947,1.9968660086365728,0.32414441430110613,0.3615036372076021
TEST_02948,1.706766150389285,-0.60954645459605,0.2415698222415356
TEST_02949,3.5270881984161226,-0.6334414986350994,0.8273950571631485
TEST_02950,0.9651833695124502,0.3805282682405563,0.2699442265737105
TEST_02951,2.3247762960024634,0.4425570968497201,-0.24648723644036616
TEST_02952,2.568674287356269,0.35534165844048454,-0.06445318909744868
TEST_02953,4.060150029906289,1.4052030868016667,0.763923632265746
TEST_02954,1.5423673334464862,0.23890873703397777,-0.054868190019791735
TEST_02955,2.3875742611827624,-1.0340942699104565,0.07630169773928171
TEST_02956,3.7012042056753702,1.1748489086771234,0.8607660499388752
TEST_02957,2.76297563208797,0.9371504564892699,0.2739801352121234
TEST_02958,1.281674873113669,0.49043098805901186,0.2013079874637728
TEST_02959,5.335048214827947,-0.5039242806842542,-0.3867377087917617
TEST_02960,3.967185692249943,1.4571472489132362,-1.1538733241425234
TEST_02961,2.8658025404754355,1.1055156854206991,0.20798050740201543
TEST_02962,1.9425050610366439,-1.0962747471882686,-0.6574486822516378
TEST_02963,3.67990887724118,1.2521088139840022,0.8706461277489852
TEST_02964,3.3934831358298485,1.0077364322855453,-0.056898668533392024
TEST_02965,2.641656652817939,-0.7128752391931332,0.5774630522495354
TEST_02966,4.327128622981053,0.4063097638758306,0.002199113143609964
TEST_02967,2.286783572351836,-1.0733824968566388,0.5324810688915094
TEST_02968,3.508946073353268,-2.0695218284883112,0.525749952767015
TEST_02969,1.889747507960635,-0.46623205799737205,0.09676468828087977
TEST_02970,2.996465507846071,-0.10252477073250156,1.0723393747528578
TEST_02971,0.9194721272240243,0.1579864913805848,-0.28675346249735384
TEST_02972,1.6859155704520472,-0.5852435518983778,-0.8109466747784081
TEST_02973,1.5420103352489214,0.2274887886915829,-0.03438179614173279
TEST_02974,2.8842087165869836,0.10276968485350965,0.27492653306872483
TEST_02975,2.6949204171959305,-0.4358579763822692,-0.5656720019899131
TEST_02976,1.0020311510023965,-0.7966736235228588,0.3543561361891981
TEST_02977,3.2004680875716196,0.5702755206367441,-0.6213044950652896
TEST_02978,2.31308090137303,-1.059059149036132,0.11312759767495796
TEST_02979,1.62164788192334,0.27461350485152475,0.012655105254041584
TEST_02980,1.5404227491353728,0.36203287765771036,0.032970164476470006
TEST_02981,2.4650036108506947,0.12310408043041046,0.4475594180969153
TEST_02982,1.51989628319503,0.529344981617898,-0.011941604245691576
TEST_02983,3.1052385366160844,0.5528927748759788,-0.12317197376268228
TEST_02984,3.405021177277542,-0.11495322043015055,0.23337244302602766
TEST_02985,3.7331811755594484,-0.5853588886507544,-0.3996131684075913
TEST_02986,2.9418909704842915,0.5642645365561388,-0.18808150212655303
TEST_02987,3.9118207108864533,-0.3822530511002734,-1.1364364964747409
TEST_02988,1.597017452122067,0.34154198069880826,0.2219514083959101
TEST_02989,4.462761372445927,0.07465537609217153,-0.9231838468072044
TEST_02990,2.396103643062818,-0.6591604212961651,1.026316398241335
TEST_02991,2.640707879226651,-0.3029097779825776,0.028382975564426156
TEST_02992,2.939706060826372,0.9090332732150022,0.42770823353768167
TEST_02993,2.3127247944425897,-0.590009621881994,0.497853776460469
TEST_02994,1.5839512752545153,-0.5407829063958511,0.2872483798150877
TEST_02995,2.072822922011773,-0.34208527042889286,-0.3989934215883503
TEST_02996,4.40625343892726,-1.3334476404619253,-0.7749235582718312
TEST_02997,3.040751879537501,1.962967629036023,1.0390275112744842
TEST_02998,1.5452495211409736,-0.9081232321603188,0.14216388913025066
TEST_02999,3.4005876311440386,-0.346134610037827,-1.420677056334506
TEST_03000,3.935480741014699,0.3270885753677369,0.46586583059653597
TEST_03001,3.1878382467308493,1.359401105968739,0.2848741132869429
TEST_03002,1.8297704954298033,-1.2559331600178285,-0.738716525477203
TEST_03003,4.190559705904515,-0.5437608257956134,1.346483161742561
TEST_03004,3.185369446642162,0.9030598072863517,-0.7711358486890617
TEST_03005,1.3415919601818787,0.47328632747936983,-0.05078911503603372
TEST_03006,4.920836317851819,0.4250958416111624,-0.31748651386982457
TEST_03007,4.355575610850538,-1.4913615039586123,1.2002358973770664
TEST_03008,4.041219377326318,1.4709113471033761,-0.4644354678657256
TEST_03009,4.323951286356636,0.18527428750513739,-1.0048432639167688
TEST_03010,2.6704628775440225,0.01823318840130285,0.1979477844159241
TEST_03011,1.6974664885900292,-0.42475379563131027,0.29094337198558073
TEST_03012,2.8971798604822037,-0.004969868412834119,-1.2070981008659425
TEST_03013,1.228542539141459,-0.05042710300675944,0.055075136701330255
TEST_03014,3.1034313338833073,-0.056662364300514585,0.19348770301288692
TEST_03015,1.427125406280404,-0.019448940100661664,0.039400907386542214
TEST_03016,2.511350880363088,-0.046695354310310126,-0.8837196320253763
TEST_03017,3.6588031392151983,-0.5714228391915951,1.1318819760719707
TEST_03018,2.35523645395137,-0.4207973885567217,1.2236217392156261
TEST_03019,2.367534665737492,-0.06681684723049142,0.7379258407955419
TEST_03020,1.112609833173052,-0.5651496932367204,0.07712473490099786
TEST_03021,2.1467207548410117,-0.6256376578341818,-0.2545868843646767
TEST_03022,1.3096206410148494,-0.32293531519110025,0.1155684592881895
TEST_03023,1.359716892890743,-0.21971691886092085,0.4486934523592405
TEST_03024,3.3483808486359745,-0.39529835600723057,1.2367022607109652
TEST_03025,3.67418234705221,-1.2570815459248004,0.790066263926711
TEST_03026,3.1715808349957997,0.09411052199355882,0.37632208125556305
TEST_03027,2.7115376192963314,0.04507574209623659,-0.072876054477669
TEST_03028,1.9513980102497865,-0.27181013734498766,0.1930299102547088
TEST_03029,3.354172303532811,-0.7476448348680403,0.9776903689779757
TEST_03030,0.9079199495299878,-0.4827502214888919,0.25199290998421936
TEST_03031,2.6744463578230104,0.7714253681133196,0.5511028863520029
TEST_03032,1.9695142846208125,0.12198620755688726,-0.03247632569939168
TEST_03033,2.7376894033888552,0.21523849125669953,0.07224422383948029
TEST_03034,1.5623149633874085,0.07337832092308358,-0.05351108665053676
TEST_03035,2.0442957279217895,0.6853607097202232,0.03775492360622177
TEST_03036,2.151321208710751,-0.26332783358668405,0.6256132623983222
TEST_03037,3.573200436522101,1.0031047081958246,-0.23674485417821836
TEST_03038,1.3674454604952098,-0.004436902732434846,-0.2761660126079403
TEST_03039,5.2290465686449465,-0.9191272721132875,1.7424361957553607
TEST_03040,4.628272894941709,0.3049042474536377,0.13529295828388138
TEST_03041,4.433167137849718,-0.712226939869,-0.007572543299858602
TEST_03042,3.8662768457967833,0.10603804499049709,0.19878308952164367
TEST_03043,2.827106027336758,-0.7193948567418249,1.071429702483917
TEST_03044,2.7063595071896454,-0.553687339133718,0.8127269002695839
TEST_03045,1.1246782373253197,0.5948567301047135,-0.18414460106043187
TEST_03046,1.367487190807617,0.4232268280668045,0.2643683745272756
TEST_03047,1.8505445876675648,-0.7423406445563258,0.11537954345679176
TEST_03048,4.946339653499251,2.103355998973154,1.0333133150057217
TEST_03049,1.747389868182654,-0.5196433236584711,-0.025133775469676777
TEST_03050,2.6610597116427317,-0.43291206118293407,-0.9402150730792764
TEST_03051,1.944428602244589,0.365840030105776,-0.3281472430329069
TEST_03052,3.5450051179489654,0.01552413737077317,0.9769422636115128
TEST_03053,2.6266917188555867,-0.6487410806805934,0.6511783375876594
TEST_03054,2.042259440004627,1.061603752421367,0.4086758207653933
TEST_03055,1.6739877097621394,-0.2406133643810646,0.1182742001782936
TEST_03056,2.3090950155209296,0.8394995719087802,-0.7825176668345744
TEST_03057,2.5959702678551895,0.5192643945574482,0.6593102588373275
TEST_03058,2.956483928227703,-0.7456403600452511,-1.0023952320725926
TEST_03059,4.299034656108101,0.7062660646045951,-0.05506063244160912
TEST_03060,2.544294357804483,-0.3550647678001887,0.6447262296819956
TEST_03061,0.7845948934922137,0.10641485067167532,0.26685979394074066
TEST_03062,1.7944256423769984,0.9579729505343199,-0.32199134943505314
TEST_03063,3.23427299710734,0.3641543434467325,1.146375403067436
TEST_03064,3.1513856950885737,-0.34328217879415873,-0.23150385510533286
TEST_03065,4.325793074746912,0.4165902763764129,1.7324322817563556
TEST_03066,3.2617478371717366,-0.36846544626824634,-0.10555064336041048
TEST_03067,2.6340387194419947,0.7029837456404676,-0.5682390215315942
TEST_03068,1.53412239210037,-0.5084012068566871,0.4318231257296797
TEST_03069,3.3444641372278525,0.943645986780745,1.1030730012278815
TEST_03070,2.3184985719624738,1.6932503965183303,-0.6093438022892854
TEST_03071,1.2450407571718731,-0.2297038827452109,0.3314029705088253
TEST_03072,2.183903494994311,1.3075931385017372,0.7127315513837802
TEST_03073,3.086961111054674,-1.2282592724551085,1.2446044092461415
TEST_03074,3.0477049180980083,0.08803248227655536,0.8703531325250028
TEST_03075,1.339742335287048,-0.15339009690448704,-0.21981822153713443
TEST_03076,1.5205267774485405,-0.12224274757683563,0.040722172202519155
TEST_03077,2.1478104293287332,-0.2713163194822598,0.43285171000492545
TEST_03078,3.6307441458292944,-1.0951929492607297,0.588338090157247
TEST_03079,4.982791642041026,-1.6384085318712187,-0.6171372921689326
TEST_03080,4.8248836113497715,1.039063182240916,-0.6325885111619902
TEST_03081,3.9426527796180233,1.667542133911515,1.3708511310521958
TEST_03082,1.2575628619076027,0.1651200544303312,-0.035629922900834395
TEST_03083,3.773426163711403,-1.6617992447577923,0.3303883839886786
TEST_03084,2.3120288418178765,0.7155623299190959,-0.20331962058140418
TEST_03085,1.011952837771224,0.18596182277894616,-0.33713730883165666
TEST_03086,3.0111621242715616,0.6482149100317984,0.24926047984390262
TEST_03087,3.5802950591002793,-0.5135461993977951,0.6634763207535183
TEST_03088,1.1295914104859708,-0.7752584750257235,-0.3025117817682559
TEST_03089,4.169083545584203,-0.137087556488257,-0.20446580010787926
TEST_03090,1.7846856137150897,0.438263869773472,-0.5488261151537902
TEST_03091,4.32088541972416,-0.30258097627422686,0.3332717332073932
TEST_03092,4.806893429878416,1.3279766248377178,-0.5646853360177577
TEST_03093,2.162993840578723,0.39754403438726105,-0.1325502302099394
TEST_03094,1.8324397143526812,-0.6315577345968116,-0.30232405938103507
TEST_03095,2.5004240660652237,-0.2862119041042296,0.15381473392465997
TEST_03096,0.9958008133396065,-0.2749790829286521,0.32533155813525044
TEST_03097,2.9846039598949243,-1.1291017764867002,0.7502379852747055
TEST_03098,3.8545595859369826,-0.16318191683928193,0.23467339027119008
TEST_03099,3.7514179771016676,0.2544205430131847,0.6716759688673042
TEST_03100,2.1655542097833482,0.43368333270897813,1.0218737040686712
TEST_03101,1.4757789296919142,0.31668703801832304,0.34203416478335064
TEST_03102,1.9069050631824052,-0.07288323194068363,0.2106405052461692
TEST_03103,1.9941293626521284,-0.040248578232940424,0.38494845876155226
TEST_03104,2.4911946506823694,-0.11188325998132266,0.5627166748721463
TEST_03105,1.6196347701991167,0.08939240720922563,0.2236300717562187
TEST_03106,1.8569003265357562,-0.08824298452835286,-0.44778987762187034
TEST_03107,3.6036830417816947,0.04181505397631427,0.5599174325429429
TEST_03108,2.8700229298507214,0.0495589962933621,-0.4885259716913015
TEST_03109,1.6440544019589702,-0.23563430217108747,-0.16384584722616596
TEST_03110,4.518982071449384,-0.39092087518241164,-0.24687818240318415
TEST_03111,1.6457997268885272,-0.6895091674613376,0.2547345796578667
TEST_03112,1.462242430920296,0.781714856521217,0.23352219213937148
TEST_03113,2.4884865269241265,-0.9397669105668707,0.08383772936436462
TEST_03114,1.7886976014463492,0.10300553034168627,0.10561197173326098
TEST_03115,0.8689621478414565,-0.20130026156264486,0.2713808656663642
TEST_03116,2.181678944207221,0.996154933857765,-0.47168995646513817
TEST_03117,2.9293884853835594,-0.2386751136315415,0.03154151634492364
TEST_03118,3.197847613758702,0.36566137696506956,1.3001279181994274
TEST_03119,4.727049688286207,0.9929704809780194,2.0464019576572436
TEST_03120,1.4551138152422365,-0.050777337976094995,-0.23826857263767398
TEST_03121,2.700241205606992,0.981177546715437,0.4564674433942531
TEST_03122,1.513610431811783,-0.4783183788142077,-0.7408422074585964
TEST_03123,2.464453245314403,-2.241120327145008,-1.1655141586459739
TEST_03124,1.5212788322518844,-0.1209631317630192,-0.034097885797227105
TEST_03125,2.7334376737180723,1.0313205728100616,0.5872393723659974
TEST_03126,4.305718533832302,0.09768983589562955,-0.5860333963768755
TEST_03127,3.018887885672186,-0.4798237401309165,-0.8433211162056077
TEST_03128,4.619897833994643,-1.0405415715415165,1.0581757266837568
TEST_03129,2.793815273807992,0.5182582585453689,-0.34433650234006
TEST_03130,1.786717636438016,-0.45396523528978866,0.3509332688850801
TEST_03131,4.356595978712182,-0.5818936718058584,-1.0521287772328574
TEST_03132,1.2862134533936134,0.5699907462994379,-0.27514462623147173
TEST_03133,3.388055260666533,0.34895416539397883,-0.4729951150615856
TEST_03134,2.576217327765793,1.307744122894275,1.1403437604225204
TEST_03135,2.1607931470391395,1.0310929191378664,0.44255692123745854
TEST_03136,1.98245755385465,-0.5567448892772926,-1.005478214902138
TEST_03137,1.6284207878485601,-0.10890890284014412,0.21846790174860128
TEST_03138,2.262230877080975,0.6953872022553619,1.2522425780506328
TEST_03139,1.4468085645042579,0.1388396343301131,0.15405082473538403
TEST_03140,2.997716398857324,-0.20626785123363514,-0.5020460484598379
TEST_03141,3.2783214510853558,-0.11175187490334824,0.4157681659741463
TEST_03142,1.342418566116536,0.39580109487271853,0.012418065518146844
TEST_03143,3.0772944211847673,-0.9941036374988633,0.5300749217708726
TEST_03144,3.621344414053206,-0.007959118674331363,0.5788663825123698
TEST_03145,5.20817515816069,0.7383061760805306,0.3048152622702582
TEST_03146,2.7213470860406725,0.17934013583161568,0.7076510101114197
TEST_03147,4.372055857676213,-0.5672722153434491,0.9625244186950376
TEST_03148,3.2913452732599433,-0.7233355110744002,0.7452612015713769
TEST_03149,4.3542975120772605,-0.8324557736377522,1.24016779479063
TEST_03150,4.205403758162546,-0.0755011467019155,0.5927546822491088
TEST_03151,1.2399054493317627,-0.15517650404524835,0.1861382241661318
TEST_03152,3.3196501054448557,0.01014384065205872,-0.3145066534223704
TEST_03153,2.581741291806107,-1.4900695690321313,-0.4593219641921177
TEST_03154,3.0584020078995553,0.41923470488871356,0.32133967511373196
TEST_03155,2.6871599520377,-1.0217272840973863,0.6960182625049537
TEST_03156,2.7950150884222915,1.2649255228204375,0.3182446182574333
TEST_03157,1.757617374981795,-0.30149934539733375,0.3911029654289802
TEST_03158,1.393622953729476,0.87541331360272,-0.44388468600160647
TEST_03159,4.663357383959325,-1.6142330676802272,-0.9400233509499651
TEST_03160,2.6622596856312684,0.2616355289684676,0.35422833367002854
TEST_03161,4.598753978053534,1.2553400367460554,1.118274406756008
TEST_03162,3.6333950556269685,-0.3133035557314755,0.06330584432807598
TEST_03163,2.776664516243566,-1.603988638101935,1.2419001882062486
TEST_03164,2.1209509746351607,0.076864946323598,0.9750704250024287
TEST_03165,1.828858599409473,0.9873609735800271,-0.12210631669155955
TEST_03166,1.971581784668599,0.08499717111739051,-0.44175105386342
TEST_03167,2.4909808206039745,0.3789284207221202,-0.6094625572963487
TEST_03168,0.791538835420278,0.3245872573997332,0.06919583675462428
TEST_03169,4.495450297286284,0.3999751480735611,-0.0838116814426104
TEST_03170,2.8478203966789155,-0.5663618790656834,-0.4700984922129882
TEST_03171,2.8602925026411716,0.5029963680408267,0.7228086404005603
TEST_03172,3.7859416712888834,0.4107013232600903,1.2399581363473582
TEST_03173,1.2038378444036069,0.382067936257715,0.00300296255564886
TEST_03174,1.7951846778735199,0.9711699405703326,-0.41171508078879493
TEST_03175,2.5011108681797047,-0.2278946369401747,-0.506194541480709
TEST_03176,2.50034855526878,0.679787648962925,0.05621455180018583
TEST_03177,3.8788860332122526,0.9000187668561472,0.4725728952418001
TEST_03178,4.4150097767550625,-1.0786130004122922,-1.0733608196069395
TEST_03179,3.7872462095709905,0.5682670752050372,-0.39842360504232827
TEST_03180,2.469209661586864,-0.503202952382294,-0.38138101220945075
TEST_03181,3.0983547044227238,0.04930661016513673,0.5148177142593866
TEST_03182,2.249128140089659,0.5227599222647746,0.5262274737292525
TEST_03183,1.5150140806797032,-0.8231791638995445,0.2971532166524614
TEST_03184,3.4332653165984497,0.361066033628012,-0.365084405890212
TEST_03185,1.8157777818062266,0.3143809995536244,-0.07663801353478882
TEST_03186,2.48961289016395,-0.5356423759326278,-0.492021236913393
TEST_03187,3.329890282277066,0.414208228119817,-1.1045378107810837
TEST_03188,2.5965126407961554,-0.8140748477169815,-0.10757656505397652
TEST_03189,3.8207039710682276,-1.192046316887769,-0.6936956779990394
TEST_03190,2.7251560537763533,0.9402638488779289,-0.3091570845041637
TEST_03191,2.91680650331492,-0.9042078875471669,-0.3274439907108094
TEST_03192,2.357315005823986,1.2238381482732716,-0.47398871862526926
TEST_03193,1.3802423512164232,-0.4212471147036333,0.2609826412175937
TEST_03194,3.2556605312015057,-0.2878624677850319,0.9629398513483625
TEST_03195,2.249015409690932,0.42945076315394837,0.40657577881838736
TEST_03196,3.2631318810243384,1.0063575645311058,-0.33695642585850116
TEST_03197,2.596950859273766,-1.0885105509279283,-0.5228402770343658
TEST_03198,1.7087168079876718,0.33834016485824,-0.5610794001131723
TEST_03199,4.607446684159611,-1.7373065464534228,2.093749324907651
TEST_03200,1.2946890229312003,-0.1933449531028243,-0.36645289927337277
TEST_03201,4.972887993088062,-0.6425800835841026,0.7565311426861696
TEST_03202,4.688483877062066,-0.8999706653428999,-0.5743780215744975
TEST_03203,3.732038364923108,-1.6246905486774186,0.3000797974695693
TEST_03204,2.677182320340297,-0.21821812686705097,0.06256839989192997
TEST_03205,1.3032673673585073,0.044360320576482995,0.07092939586488646
TEST_03206,4.2621710743029,-0.9079197028277793,0.06301978344461207
TEST_03207,3.0499693399353314,1.0514584622101295,-0.1576467611262255
TEST_03208,6.403530480407599,-1.437812774608028,1.6094081028904774
TEST_03209,2.909508741388595,0.027204881817120056,0.2510087152687995
TEST_03210,1.6997929475194875,-0.464620645842641,-0.01678968390183176
TEST_03211,4.092523349056143,-0.3395684579632632,0.7356048049587911
TEST_03212,4.190886845552374,0.5113443749554101,1.1299466650143961
TEST_03213,1.480240774269284,0.1570015448968269,0.2662317333365032
TEST_03214,2.1480230884265965,0.14387376301100713,1.116607976870753
TEST_03215,0.9285587936545728,0.0948786288005563,0.16846535847980337
TEST_03216,2.4265726884820173,0.6858817124866063,1.0196134360492604
TEST_03217,1.4361948241134965,-0.09369363507591522,-0.015217209582372652
TEST_03218,3.449651043304502,-1.0331492137724576,0.4645233412515188
TEST_03219,2.060703066338264,0.9647844370756528,0.25604516735126837
TEST_03220,1.2058105422064473,-0.1280809487451576,-0.1420318099924371
TEST_03221,3.1418027354338816,-0.19347165516966447,-0.10012421942497853
TEST_03222,1.4363945640216662,0.2917550800868554,0.2655314869967638
TEST_03223,2.742304978787731,-0.5840003877432692,-0.005898155173140161
TEST_03224,1.9793274664614589,0.6183890739891319,-0.3273267160696857
TEST_03225,3.5914200899975692,1.50201745913729,1.5821559623166606
TEST_03226,2.114139217863604,-0.06293702662417837,0.05751630790796689
TEST_03227,4.161942316889647,-0.6864436197292353,0.6429645598509487
TEST_03228,2.9907974556865207,-0.5269648689245618,0.04744104598866835
TEST_03229,3.6329788820171616,0.38850040160428917,0.5109519229156545
TEST_03230,2.6938708161009304,0.5333854612604081,-0.07070267798960328
TEST_03231,3.259680704974653,-0.3415420990185284,-0.1353744936415271
TEST_03232,3.220153987291364,-1.4310879230400086,-0.12790673697532173
TEST_03233,2.3326185540975413,0.02670214893566068,0.48937408207943106
TEST_03234,2.480906624748957,0.2996865805147828,0.08633673236408387
TEST_03235,1.091086754582922,0.3450209332774854,0.00405685864903405
TEST_03236,2.633539284954795,-0.5120172081301152,0.6395014127871528
TEST_03237,2.4314801289526295,-0.24147732753191245,0.532634155095673
TEST_03238,3.2736324335743534,-0.7552367853516496,0.863473241458964
TEST_03239,4.5492086193010906,0.6107407559995777,0.4672118980772338
TEST_03240,1.6612965848907981,0.7168837960469744,0.1903356850989107
TEST_03241,4.9975590245395,-0.6706057991124217,0.8958234526542007
TEST_03242,3.621228141920867,0.6071958276756416,1.1130452180325978
TEST_03243,1.5427232675225915,-0.30826078868165263,0.011426732772483477
TEST_03244,2.872370800414364,-0.8147860920825525,-0.23997988387028849
TEST_03245,2.6139256470911856,1.1699234206847688,0.95084723159011
TEST_03246,4.4671800585229375,1.3731227321113397,0.049703987978547255
TEST_03247,2.3419661391237003,-0.2524081930264296,0.4990103083365613
TEST_03248,0.8877049522998945,-0.8890957578227321,0.2077868621097364
TEST_03249,2.8737224887800976,-0.11877785339527332,-0.37091615598296124
TEST_03250,2.3312375270564174,0.6152119906394519,0.054786720329234394
TEST_03251,3.0631015434547,-0.06892901721503789,0.19811047582484068
TEST_03252,4.220516620960573,0.8745381220438586,-0.9631320915016287
TEST_03253,1.6102579249088764,-0.31190574874538196,-0.191246952930601
TEST_03254,1.755061496930232,0.9885955233501247,-0.5562935930190352
TEST_03255,1.8283382567649258,0.643389802891171,0.24691108157278474
TEST_03256,2.7541428258339935,-1.020281617508392,-0.8175354120490721
TEST_03257,2.879903281632038,0.49643360178751844,0.7361564230362636
TEST_03258,2.434132243884142,0.18038863203240413,0.8985407864844994
TEST_03259,2.6334565583796996,-0.748796788124841,0.1835425755265503
TEST_03260,2.414728215053079,0.14020621048767698,0.8219525051874539
TEST_03261,1.7009313501536338,-0.12186268401496067,-0.0377918893315065
TEST_03262,2.1222178793706896,-0.4008816874253109,-0.5834239992413054
TEST_03263,3.831875533524378,0.18653985645614785,-0.7737864332893641
TEST_03264,2.660643726632985,-0.18852307013323766,1.003313889924698
TEST_03265,4.92200070966988,-0.8202894054386436,1.6267119022070946
TEST_03266,3.3563608312113806,-0.49004512050850674,0.6629852846167427
TEST_03267,3.4518887447824773,-0.22640328489186504,0.10954722747835628
TEST_03268,2.7058450509396357,1.0868528938345632,0.748000534910105
TEST_03269,3.217392779094722,0.005246657406478881,0.09581605172433666
TEST_03270,2.6758347076623026,1.0736731161984734,0.32596990421970373
TEST_03271,1.3273032552780346,-0.29269392682748346,-0.06312644617608726
TEST_03272,2.826871384176734,-1.0337184373916286,0.13248217017609001
TEST_03273,2.8696243198737634,-1.0572218171871686,0.5916382161064764
TEST_03274,2.45619666942644,-0.003951153981244544,-0.19669272106298805
TEST_03275,2.562730621344628,0.8089677410095014,0.19304099418852155
TEST_03276,2.4402364792920475,-0.24028333088690884,0.5700533874557243
TEST_03277,1.6225444782413159,-0.7043450341967907,0.19767258171954674
TEST_03278,1.4621967973771186,-0.3112432309076213,0.11047438395314922
TEST_03279,3.989462638777941,0.4086001286910388,1.6669873431932272
TEST_03280,4.957692562887402,1.3990897374139328,0.6691833255792606
TEST_03281,1.8936157134243616,0.9549517064529475,-0.49225226601181815
TEST_03282,3.024775691996557,0.8181320484017353,1.096486547131133
TEST_03283,2.9063103740925866,0.5844289254343472,0.40525802895438706
TEST_03284,3.1965577531681646,0.6283135993488299,-0.43576058001080664
TEST_03285,2.058784032400885,0.9359489870157304,-0.11451189700045114
TEST_03286,4.193412080117688,-0.7533670144817946,-0.2630124348575744
TEST_03287,2.502406373286904,-1.3008443006773989,1.1731286075327425
TEST_03288,1.8782097485410776,0.6206425832604101,0.2584921940071769
TEST_03289,4.397646386957597,0.24467182033934062,-0.19331284678088193
TEST_03290,2.08800592049064,0.23506669201650238,0.22052155204335616
TEST_03291,3.331786457233399,0.1668718098644407,0.7603112021641814
TEST_03292,1.5827450828496763,-0.2752351446458365,-0.016862854574613742
TEST_03293,1.5819643431950174,-0.5173006274056414,0.19232452834240876
TEST_03294,1.3264143487484337,0.9173661028262355,0.30116327556095296
TEST_03295,0.9211462263695872,-0.27622634734308166,0.19398296233385148
TEST_03296,2.7731700404997075,-1.1553483330668215,-0.06272915350838032
TEST_03297,1.92654272657653,0.43506973326377174,0.423914184884513
TEST_03298,4.0743923933385195,-0.4952576340315228,0.8478267808689384
TEST_03299,1.892814851053902,-0.6796967522034905,0.3353538176298964
TEST_03300,2.735633728201296,0.23390776893607465,0.704783842188381
TEST_03301,1.8565516196448857,-0.4607648399103131,-0.26034409842063466
TEST_03302,1.6852641812932885,-0.19869716018987632,0.21643052273802116
TEST_03303,2.589805495840153,-0.7398600168606657,0.5530141961661326
TEST_03304,1.8936017192638408,0.1853462719987352,-0.34836307944161615
TEST_03305,4.888466226474404,-1.7212364888991065,0.408613124367711
TEST_03306,2.3849054168036106,0.3201230583655896,0.727815809279169
TEST_03307,3.0282575772817197,-0.09490042625061051,0.6002488648590646
TEST_03308,3.1325695006602814,0.14990950726808988,0.1639695150348955
TEST_03309,1.8733576050346628,0.48084345707160486,0.10443441375009382
TEST_03310,3.644585671280891,1.0548425578632552,0.5348606646210166
TEST_03311,2.6165583644912913,0.15193642434690718,-0.08919499651745626
TEST_03312,3.496579408929792,0.40699040899859773,0.7067416073534539
TEST_03313,3.2014229348607053,1.3513167050528105,0.22780702312843693
TEST_03314,1.3199117377867786,0.11304669317742326,0.12626525549701503
TEST_03315,2.0094668942006395,-0.6587757492194176,-0.691569657948593
TEST_03316,1.8920826456593052,-0.47234095627946393,0.24030748347834982
TEST_03317,3.5723031655546436,0.03475190627116522,0.2788719845633364
TEST_03318,1.4743156569408475,-0.3648765661532403,-0.194550666252128
TEST_03319,4.5394867971285455,0.6703348085235602,-0.2291669673120274
TEST_03320,2.3407870478371375,0.7278439414574559,-0.10142254441004085
TEST_03321,3.447732030995097,1.9325345414615533,1.2120172391173556
TEST_03322,4.49459907665286,1.4272786230220547,-0.29007613842965174
TEST_03323,1.4531261192180052,-0.7391810559551112,-0.23626657083065425
TEST_03324,1.4343129114919324,-0.15413776293206852,0.16617098665701996
TEST_03325,2.3467055873102813,-0.6755911247298617,-0.29676778571100176
TEST_03326,2.8620598328501017,-0.7006140408155791,0.2199410415939007
TEST_03327,4.432874518117899,0.710047220170995,-0.44456594111367453
TEST_03328,4.986349459573894,-1.8711410014070111,-0.65319958379552
TEST_03329,2.4897645805621336,-0.06428061980972419,-0.6662524143620174
TEST_03330,2.284579984639729,-0.20438360902350708,-0.5634732594841552
TEST_03331,1.6425666812274726,-0.32153252177849273,-0.21194540778093446
TEST_03332,2.2262248292654485,0.11445167742031379,-0.2910455403767292
TEST_03333,1.2115307612896706,0.41339159491619554,-0.004260479288146582
TEST_03334,2.8987856866635564,-1.7637651065038928,-0.8949977271990884
TEST_03335,3.891663761124067,0.272629702299968,1.2502064478085457
TEST_03336,1.1589204579447547,0.3364773672850967,0.09422210899820306
TEST_03337,2.0274972892435668,0.24795270109948994,-0.04497033557930938
TEST_03338,3.886361812413044,1.2725677550902188,-1.1848867474313536
TEST_03339,3.8816358466140195,-1.087351861111326,0.2904288508327799
TEST_03340,1.8012792400028987,-0.030492573111942086,-0.32960415341219784
TEST_03341,2.4652779500899324,-0.39922671856101294,0.8241800675037101
TEST_03342,2.085442948479474,-0.28432103192448427,0.13035463418143742
TEST_03343,3.1974807283457367,0.44694082632550736,-0.5692855603206218
TEST_03344,1.390380144130985,0.43162106697551034,0.6200035861829566
TEST_03345,1.7523386094609275,1.2380445681428385,0.6498560373458032
TEST_03346,1.515733080992432,-0.2979994742442717,0.4833624193975387
TEST_03347,1.3270476149357766,-0.20527517895379263,0.12731703618777698
TEST_03348,2.775393560238297,-0.6579598931079891,0.5792814397134474
TEST_03349,1.4243809049372906,0.4770354092519238,0.22204955423076592
TEST_03350,2.6291019051179862,0.8367468871887936,0.5676120061475919
TEST_03351,1.970504959440048,1.128837927472678,-0.3495816668819148
TEST_03352,2.816455310302663,-1.2859643676504273,-0.7906105550992027
TEST_03353,1.582170884656073,-0.36011572230351896,0.014261283615444336
TEST_03354,2.501875639738465,0.40025096701172397,0.24251902888840415
TEST_03355,1.802835423792481,0.21591826105749265,-0.32398267244442214
TEST_03356,2.7502335889649725,1.7564877408858086,-0.5989261382042834
TEST_03357,3.2404370018836675,1.048178049335739,0.41891746704556726
TEST_03358,1.3212468231573666,-0.622165869653607,-0.5106658535754649
TEST_03359,2.4909578053979424,-1.547983663018776,-1.4761578661911317
TEST_03360,1.2816942988904845,0.8867231405673107,-0.07827965659914976
TEST_03361,4.235718584778882,1.4434829538668414,1.007256670798919
TEST_03362,1.4816753929832505,-0.5155333872282796,0.13135701416442683
TEST_03363,2.9073755651886173,1.4820485502148437,-0.3175428015989861
TEST_03364,2.5376170603069337,0.5579999795122708,0.8620549432309984
TEST_03365,2.1086820886426985,0.08601381638673318,0.08942606811801049
TEST_03366,1.8756781218379304,-0.1660652754574415,-0.3098137608013355
TEST_03367,4.107148844345236,0.08223343421849445,0.15280784659398192
TEST_03368,1.406584164825804,-0.09409880126625392,0.7028063586792063
TEST_03369,2.360576528107502,-0.13206879984747336,-0.08966935645657913
TEST_03370,2.033302891552734,-0.26494022650645077,-0.05839182411268867
TEST_03371,3.068341037317274,0.259966809286356,0.049113797422808164
TEST_03372,4.0105998625291654,0.4758070097188942,-0.21017175564232068
TEST_03373,2.385250228126038,0.13997318687742683,-0.2752249806234536
TEST_03374,3.203095771328328,-0.44756215369766467,0.6958290496449077
TEST_03375,1.2273958816839898,0.08071130560970588,-0.11639749291805518
TEST_03376,3.1128115289995533,-0.7186375101761358,1.6998022825559012
TEST_03377,3.9999191121476705,-0.8661525582438183,-0.06715465318806847
TEST_03378,2.8984626882302904,0.7433405721884314,-1.3218282831110426
TEST_03379,4.155156279754807,1.8220285011828181,1.3546385246901416
TEST_03380,1.3171318691277263,0.07190468855089942,-0.18934060388401497
TEST_03381,2.644401923536106,-0.3157223339460956,0.1940753784586861
TEST_03382,2.0963501506786577,-0.12278656392504997,-0.3199370820924589
TEST_03383,1.6864536161200416,0.076265142780972,0.5883092466330955
TEST_03384,4.027112409496043,-0.20487800142757698,0.14331693476325466
TEST_03385,5.614982655972456,-0.9980605514765861,1.8122491520671975
TEST_03386,2.2383040829736798,0.19576152058590765,0.8943336872138105
TEST_03387,4.08259028064369,-0.6051865761603621,-0.5605294536793999
TEST_03388,2.461443698288645,1.3414408915926161,0.24919232140947797
TEST_03389,3.1996254068387193,-1.7850080029368032,1.1802050943649358
TEST_03390,5.267357336086243,-1.7462835243950705,1.1306429067186141
TEST_03391,2.4506198139122577,0.38204370314290104,-0.18968632635934202
TEST_03392,2.5481652353504805,0.9986388919514304,0.804968160073533
TEST_03393,3.2938233785635456,-1.8427861208481535,1.1082051407540083
TEST_03394,2.3240661929826323,-0.6531989201600714,0.40725147278400803
TEST_03395,2.32306232768565,-0.7636478795246441,0.649549900915691
TEST_03396,4.002793721873787,1.4456035852112217,0.07400488232107857
TEST_03397,2.4552764473327247,-0.8560694611392059,0.14119851489096166
TEST_03398,2.9752775267133527,0.018726828333608492,0.7739328699397963
TEST_03399,4.813392495834195,-1.0711886517225917,1.6757114487139695
TEST_03400,4.5342413270062,-0.5617090531198522,0.5864453004717861
TEST_03401,3.2723588930132026,-0.6302436691022202,0.5183922565834274
TEST_03402,3.0760886030801653,-0.19375801498163597,-0.6442871722029546
TEST_03403,2.314502257944571,0.703496503880774,0.9915994428029964
TEST_03404,3.213336386952265,0.8868999581284508,0.056519899634061545
TEST_03405,2.4742998088625527,-0.7900471287881322,-0.34108352055841745
TEST_03406,3.3602083143592694,-0.1556608064152944,0.8554453986247019
TEST_03407,2.418300021270828,-0.3632524785221322,0.2770654191464501
TEST_03408,5.639458648306126,-2.3600116562582842,0.7200318720287727
TEST_03409,3.3742327732627238,0.2196588898755674,-0.19173218549529275
TEST_03410,1.8400224677481416,-0.2111080380069803,-0.2338747282839887
TEST_03411,1.0249811696964304,-0.010533498605872783,-0.17739505193846247
TEST_03412,3.717451921257057,0.6260048609163481,0.3885664493347166
TEST_03413,1.062708239449406,-0.3381524701162317,0.14041180029214337
TEST_03414,3.6671385065467987,-0.4855646694189422,1.7992991084603736
TEST_03415,1.0179689004134562,-0.41614994224987134,0.07329289822795171
TEST_03416,1.3635983803093767,0.3419679593302223,-0.1661263414771255
TEST_03417,2.826924472529874,1.2693556450590624,-0.24352505628446
TEST_03418,1.1059388998419022,-0.19574782862224205,-0.2698879500121098
TEST_03419,3.0254713965153104,1.3999881671991068,0.16542123518748567
TEST_03420,2.4632857875796836,-0.5816064750237322,-0.208153195819816
TEST_03421,3.313817891149442,0.17715630192245344,-0.27523650291989593
TEST_03422,2.354811273013546,-0.10573315604385349,0.20405767111038955
TEST_03423,1.8234413906908202,0.7859291292837084,0.5411184828108528
TEST_03424,3.116895674224877,-0.06854298938261101,-0.44991600644214574
TEST_03425,3.857134526688957,1.1334293969740796,-0.2668192888372791
TEST_03426,2.89499583894715,-0.22050132288609778,0.5130777031934094
TEST_03427,1.9475228262772422,0.2663799645527032,-0.36765929606464454
TEST_03428,3.223479053128271,-0.32907203371773935,-0.2546806794926046
TEST_03429,4.203216702715847,-0.07391956458979242,0.09620242832061007
TEST_03430,1.9014499979555846,1.0029641769779418,0.04917117479097198
TEST_03431,2.8129189869121003,-0.9103691745765831,0.5556619457082601
TEST_03432,1.6980981291052248,0.7152274162184808,-0.07525268069580958
TEST_03433,2.8876036042903834,0.4561405269636492,-0.6005922075469949
TEST_03434,1.2666598819740793,-0.3998640089709686,0.028566009421345465
TEST_03435,2.2628345268163677,0.06968109669265801,-0.19570353979877483
TEST_03436,4.433254120885137,-0.1846082282130403,-0.033459981131042704
TEST_03437,1.2158795324239897,0.3199328961819234,0.32531604170925316
TEST_03438,2.7180842831210343,1.3281199450190484,-0.32609728239105723
TEST_03439,5.852466265474937,0.8685414331792918,1.2388646149168325
TEST_03440,3.692598456102693,-2.0017041985307773,-0.8926201822382889
TEST_03441,4.213434493819738,0.24600156132153314,1.3333792662328774
TEST_03442,4.416366341551155,0.024126461690980518,0.5654543492723122
TEST_03443,0.9793814430802337,0.42055411039840773,0.35180340958296524
TEST_03444,1.9452376723608475,0.31733145260457607,-0.2908966639377492
TEST_03445,2.1640719582295045,-0.4849404508189759,-0.2738406613531871
TEST_03446,4.807562575550337,-0.6019031654153565,0.9458722139562753
TEST_03447,1.8729961474157462,-0.9716313097903787,-0.24645569279026278
TEST_03448,5.302027550986631,-2.510549781630814,-0.9387680139011378
TEST_03449,2.1861473025333873,0.48704441657259695,0.06721686410206049
TEST_03450,1.0178142544045694,0.447383758456101,0.26465944262032365
TEST_03451,4.224624608649379,0.5110275961000517,0.24918605017611534
TEST_03452,3.208869951602537,1.2653410119071158,0.38313517963590105
TEST_03453,2.199955163302614,0.5364635084426046,0.08043971499203018
TEST_03454,2.9215920649330136,-0.21564981447709003,-0.28074831420751656
TEST_03455,3.669884963050919,0.7944902234748922,-0.4503587709245952
TEST_03456,2.079181130381302,1.2315644646110226,-0.9377561631302551
TEST_03457,3.338553617140209,1.0688446479678022,0.16533111607247952
TEST_03458,5.455224087183476,-0.36624151956765105,0.13921119853552524
TEST_03459,1.6645985537949892,0.20633043009821864,-0.15217658303031315
TEST_03460,2.926417207006419,0.7391786264992152,-0.0753284397627193
TEST_03461,1.450818785848668,0.04203995690443808,0.02653802433681896
TEST_03462,1.9625165611358002,-0.13855394352406022,-0.4361806993953098
TEST_03463,3.2780106099820547,-0.24304590893194358,0.09804618357149468
TEST_03464,1.406372287783088,0.44866530475683714,0.5872211274452328
TEST_03465,5.937344314096587,-1.79154576039207,1.7316688567404765
TEST_03466,2.7876500708466714,-0.37508613990558465,0.7920497279967716
TEST_03467,1.7997638691852256,0.42369469179086533,-0.3049375641444296
TEST_03468,2.9648386149633503,-1.1427476242643924,0.8877268196111848
TEST_03469,2.229233985384671,-0.25639819860805724,0.5856929302137278
TEST_03470,4.734003357324572,0.6181683824682465,1.6556226278635937
TEST_03471,2.0866473974887985,0.474598964999718,0.02746033248674829
TEST_03472,2.2458182792598977,-0.1813115253597957,-0.6223821038804025
TEST_03473,2.7282077923232015,-0.7185247650777782,0.06919985531892951
TEST_03474,2.7009397175679895,-0.09124038335247144,0.06248774563400481
TEST_03475,0.9169855628141687,0.16939223762334538,0.09283313755449857
TEST_03476,3.4190456682098063,-0.7624035079547917,0.43026831993857845
TEST_03477,1.9620367704397526,-0.46333189573843014,0.13753738281601574
TEST_03478,2.9407223227074106,-0.5027765406463174,-0.3567065991222694
TEST_03479,4.861602595876297,-0.6235818669878944,-0.27086531846542544
TEST_03480,1.6602684100120868,-0.18284538278613607,-0.18238608704148182
TEST_03481,1.2086627492938422,-0.9434713599586162,0.06658291435261073
TEST_03482,4.54642356924048,-1.589687660683662,-0.32295072161211696
TEST_03483,4.174108387049012,-0.3840929207488262,0.009032917555085743
TEST_03484,1.7099082553018512,0.3065225828398886,0.3102995705439951
TEST_03485,1.1027256671264454,-0.18529342173834576,0.2408846676320239
TEST_03486,3.6492209561529396,-0.8444460586496099,-0.6157415504084228
TEST_03487,1.5959306406229834,0.17407440866032217,0.7302026297546629
TEST_03488,5.1579803056209625,0.9115957172508868,-0.18503912762340627
TEST_03489,2.1221859819954956,-0.1058971531974921,0.19126515084471743
TEST_03490,2.705481742906275,0.1248695307211645,0.11581808615799873
TEST_03491,2.5359254809777863,0.2116733618644009,-0.4256027015160969
TEST_03492,5.052911119032985,-0.9961292569593547,-0.5600121722334673
TEST_03493,0.9839055318543733,-0.3297537440916646,0.06043386885925612
TEST_03494,1.4559750408876424,-0.4842513519093464,0.22954515159639854
TEST_03495,1.5036245990119663,0.29455930350229564,0.09523348454547823
TEST_03496,3.0960644997560793,-1.2285356955926854,0.31168028641402884
TEST_03497,3.7531944650664704,-0.3604012479254809,0.1154749457023115
TEST_03498,1.0749714417209557,-0.6600374120457042,0.48660927043245605
TEST_03499,4.014868750326494,0.4186067420199878,0.33895447467232565
TEST_03500,2.5196822398907828,-0.5603139048036028,-0.7911765141926494
TEST_03501,3.5417679446317316,-0.4632716620292896,-0.6121688936075489
TEST_03502,1.8704273247389591,0.5804314646572402,-0.4276325355440945
TEST_03503,3.078733322984571,-0.4382018727649046,-0.23171649985384093
TEST_03504,2.7022863037249145,0.23547915506815198,0.19602583363920795
TEST_03505,6.062798992815807,0.5860089986267835,0.9697479534746731
TEST_03506,2.3609580441262685,0.1794158785430395,0.6220722366054281
TEST_03507,2.529530898836238,-0.11457711851569191,-1.040604552596111
TEST_03508,1.7432892977035672,-0.5747784526889602,0.26132376179269984
TEST_03509,4.4834964743155705,0.7821978150924395,1.0783102326911176
TEST_03510,5.183661470046333,1.1343601279550626,-0.8899477181256297
TEST_03511,3.5323411430064073,-0.7768744561665611,0.2735993025308656
TEST_03512,2.304039190754676,0.3364204891945668,-0.31413146343469484
TEST_03513,3.2065318794166746,0.1833938134264856,-0.5725796773121198
TEST_03514,2.968989798698071,0.23755431304859392,-0.7500027976979827
TEST_03515,2.102877782063304,0.40583389999510017,-0.748043167891245
TEST_03516,4.4609348389638175,-1.0609315902972296,1.1772444837343268
TEST_03517,2.772002459637875,1.3864697360485714,0.2019728009276818
TEST_03518,2.558476755703494,-0.5925499940601772,-0.4102340145836308
TEST_03519,3.049833676523192,0.023304331427614334,-0.7098152026891734
TEST_03520,2.331125171252921,-0.06638587938525772,0.45951907208351617
TEST_03521,3.3413277134612587,-1.7324260573822625,0.500979378302185
TEST_03522,2.836590055658619,1.0221069030337508,0.6440734318901936
TEST_03523,1.8567951398458857,-0.9515702513429725,0.21448271811555789
TEST_03524,2.844876642752932,-0.9414301947819702,1.0920864997415891
TEST_03525,1.0517999752434914,0.03782380135570573,0.03140861370228083
TEST_03526,3.4951837615847228,-1.0332569214678142,0.5498478954680786
TEST_03527,1.0801350812423063,-0.19163090153738396,0.317817267489747
TEST_03528,4.780034974700194,-0.8333148851987735,-0.9175928598053079
TEST_03529,2.8164016009001775,0.45839114450167406,-0.2744984352629393
TEST_03530,2.841718305651189,0.12007637376551736,0.40048184903921996
TEST_03531,2.7864084324106173,0.2709860746404168,0.7173284316285133
TEST_03532,2.7516522229568334,-1.1188236353560803,0.9162182587366767
TEST_03533,2.638699812419087,0.01434782290619758,0.1550262299568151
TEST_03534,1.3521927854955051,0.14351451048989275,0.34299336740375824
TEST_03535,1.6408271119992808,0.10620005155658896,0.12786721945334784
TEST_03536,1.9118597068973078,-0.27116716381701755,0.2587222296300854
TEST_03537,2.2731376252308824,1.0006347905965898,1.2117229620956238
TEST_03538,3.78588212539095,1.59895206535542,-1.3604231852972144
TEST_03539,1.7575743283016112,-0.727027221571315,0.17248402478148744
TEST_03540,2.291988177019492,-0.05232358172940328,0.1996187447506046
TEST_03541,1.519486417678051,-0.673451602751271,0.09466240584403907
TEST_03542,1.5356917952389706,0.2479250939899679,0.21909241376899177
TEST_03543,1.7847944543272025,-0.0745344318719674,-0.5894872526088745
TEST_03544,4.016915841942792,-0.931095789176082,0.1972706180776155
TEST_03545,1.2337607937077766,0.2206460728735245,-0.21559660599511063
TEST_03546,3.0101005675408365,-0.6989256256074019,1.0896182001042654
TEST_03547,2.6825753647040456,0.46374805329456875,-0.6165907243666675
TEST_03548,3.4726660144483503,0.33384949185996154,0.25399418531279366
TEST_03549,2.9812527778087685,-1.5335055357513896,-1.0951201728267175
TEST_03550,4.8404158354753735,0.2317470396637673,1.4101584246685352
TEST_03551,1.8438561713001436,0.1174512361508239,0.3458373199468824
TEST_03552,3.428004881474517,-0.49237259155900515,-0.15445819109204165
TEST_03553,2.355984506936143,-0.7104914854543176,0.3720226462151518
TEST_03554,2.3831481475343246,0.3053016748309084,-0.0021908507220155934
TEST_03555,1.172865036284692,-0.43899539739745397,-0.1241733286420103
TEST_03556,4.511197450508187,-0.9574821229237548,-0.03348401574573697
TEST_03557,3.424463738852272,0.29480034321102466,1.0100456598721828
TEST_03558,3.610840104512492,-0.09031449033824925,0.6919370018063559
TEST_03559,3.6437302042595716,-0.0792361299966264,0.1603451406222657
TEST_03560,2.3499703305968382,1.5051791883413472,-0.6631120991013553
TEST_03561,5.00173166012183,-1.8519276718937439,-0.23848154289179274
TEST_03562,4.549917858542729,-0.4290631193972546,-0.16270011104611112
TEST_03563,1.2439298427574952,-0.5001089917426933,-0.27467947779832574
TEST_03564,2.6338801592524335,-0.02661311027531405,-0.3695536233159752
TEST_03565,1.3178031895378937,-0.1064772357463433,-0.2576356323320786
TEST_03566,1.325092461645954,-0.04970021811083592,0.24119185986089947
TEST_03567,2.298655428373938,-0.04468286277785156,0.28505732132950695
TEST_03568,2.2127501133653444,-0.49418771047329874,0.16567817936433804
TEST_03569,1.1993242418802381,-0.04465742134570799,0.12082625649566642
TEST_03570,2.0332941247129703,0.41870572050823474,0.05772775436950574
TEST_03571,2.221788264078479,-0.1505280860786815,0.29566341145597336
TEST_03572,2.6931016515706174,-1.374556045903349,-0.567459751503431
TEST_03573,2.613515277111615,0.6068773126188528,0.4353897112777283
TEST_03574,3.0467912381000293,-0.8583326686602769,-0.2539793892650915
TEST_03575,2.3635553159546596,0.6601776359825435,0.43236048105974584
TEST_03576,1.1783994284020636,0.4660653643812768,0.1617491534423324
TEST_03577,3.287990067085,-1.9476709773648704,2.1386715949598645
TEST_03578,3.994193251111184,1.2126203152519435,1.6012851415420932
TEST_03579,2.2067283013875523,1.093476967302797,-0.3507488924549325
TEST_03580,2.9981187073521873,0.033242092417664945,-0.9507678093320677
TEST_03581,1.1767707891388133,-0.589650199180536,0.27670958214967345
TEST_03582,1.2695307630871535,0.2361191686247987,-0.14887507182931706
TEST_03583,1.889382940271474,-1.0596699881297815,-0.4334155503675067
TEST_03584,3.84575176287079,-0.595096933866913,-0.12089520362316848
TEST_03585,4.177235056441047,1.5769258784304054,1.3184776629898027
TEST_03586,1.9188903442739158,-0.40580925112274496,0.1280843387584934
TEST_03587,3.2387796919022342,-0.5488227561256573,-0.4052833690661928
TEST_03588,1.8118572662703298,0.11620806205518401,0.20843993223293
TEST_03589,2.9586284317327607,1.715519721462347,-0.7846291086843262
TEST_03590,1.7110257928464723,-0.38088577789163786,0.0015471718247479728
TEST_03591,3.094822190903958,1.02509042704702,-0.5674529633790755
TEST_03592,3.20679467470348,-0.8899232661110207,1.7753351122739083
TEST_03593,2.6263084853677277,-0.8699393975419184,-0.27958114345596546
TEST_03594,1.4822018805739512,-0.129747024815424,0.1805936763821434
TEST_03595,1.4539544502260773,-0.4588390680968863,0.418081701266678
TEST_03596,3.5866715461129783,0.9477813371864109,0.7556915944644751
TEST_03597,3.2020514276813254,1.1340099655660452,0.3011867971295074
TEST_03598,1.8521030113623573,-0.46415481877489156,-0.693846678834978
TEST_03599,4.278365555068215,-1.6380303728899375,0.7389275991588008
TEST_03600,4.062074440051455,-1.0839640029952908,1.1201295568288614
TEST_03601,2.3868079707980923,-0.11949783461444631,-0.7022538101343867
TEST_03602,4.059014270910333,1.7207554846783448,-0.8935233852744472
TEST_03603,3.521721600628164,1.0056954216413279,0.8155812901057583
TEST_03604,1.7966701195917871,0.015140375035860857,0.23249932733403955
TEST_03605,2.4478338598356193,-0.8205579208547742,0.47963804947871774
TEST_03606,3.2156940990301073,0.03415860204307587,0.3183128762998141
TEST_03607,0.8066353787247789,-0.350415611158505,-0.18752396417726613
TEST_03608,6.288265361052976,1.0487696386298186,-1.1512735756051706
TEST_03609,3.648639390450901,0.5175469706762706,0.221499447958009
TEST_03610,3.00707186879949,0.5657293676161806,1.1811113739034138
TEST_03611,3.463968146153533,-0.06987790274564909,-0.02889707554647493
TEST_03612,4.791003239553469,0.5000614848985038,-0.05548311626932235
TEST_03613,2.4481539672158807,-0.24442475530919938,0.08279791654658789
TEST_03614,1.64160351936992,1.2060347771883355,0.8089649934157359
TEST_03615,2.587745708734198,0.814730528764411,0.4975783683393057
TEST_03616,2.7414283125188663,0.24179070928985233,-0.18481051117085048
TEST_03617,3.9108908104987767,-1.6343423271404987,0.4553714780387751
TEST_03618,1.0655813163651517,-0.27178005922628695,-0.3921421035792129
TEST_03619,2.7503783171985208,-0.2939214563004112,0.0675088746367566
TEST_03620,1.6198228164070938,-0.744562393518827,0.27330540983683443
TEST_03621,1.7465922809082255,-0.6916765051744608,0.35897770965185827
TEST_03622,1.6675478926117833,0.21743225890288967,0.3101925015913388
TEST_03623,1.1953055024770902,-0.429997494914753,-0.45895247836859276
TEST_03624,1.8799468972422213,-0.2527207628445919,0.6210757384201221
TEST_03625,4.881346927138612,0.14352009547863206,0.23212653482316217
TEST_03626,1.6479616843008318,-0.3003328881775451,-0.25963910190735356
TEST_03627,4.564955598968823,0.32418250881630345,-1.265555590184678
TEST_03628,2.8041797466313896,0.6978963941878301,0.36938184389177964
TEST_03629,4.505113728345926,0.6376888504695287,0.47302184731951014
TEST_03630,4.712662596780523,-1.8255425510692316,-0.9881641403363187
TEST_03631,2.3908169420300682,0.02221718700959624,-0.1979643871552559
TEST_03632,1.7437119621462365,-0.06874153752940347,-0.6891626587713444
TEST_03633,2.446882282466066,-1.006671043201955,0.6832830808948486
TEST_03634,3.0463985560233158,0.6098444965662317,-0.9265099335778826
TEST_03635,2.437360498838438,-0.9996936289317295,-0.5373478016855336
TEST_03636,1.1337534283489408,0.6657613106394772,-0.40253271989744116
TEST_03637,2.088728742036895,1.3511540815260479,0.28669594047172453
TEST_03638,3.448917476587037,-1.6110142877416038,0.5783656481496205
TEST_03639,4.875328867055085,-0.20644650336386924,-0.9014250593728759
TEST_03640,4.842882906665939,-0.8088915314443748,-0.8684335215687413
TEST_03641,1.9480284257521776,-0.4948413587043777,0.10144494804117918
TEST_03642,4.699375700092437,0.049576059314648195,1.6133301251908858
TEST_03643,1.3292388160374757,-0.1700090567961394,0.28743729364945175
TEST_03644,1.4888344147619372,0.46874158721149833,-0.24084146359253902
TEST_03645,2.7254000442484907,0.6958886799935519,0.9137031106465971
TEST_03646,4.869624230722262,-0.3780368174903482,-0.6019583135233078
TEST_03647,4.1160204959919735,-0.2670288736742906,0.43179946343518316
TEST_03648,3.0138296359061787,0.7216861999632441,0.1245421183068376
TEST_03649,1.9121573955045352,-0.35167042395161247,0.24640362639365443
TEST_03650,2.369055894417957,-0.13993479947409282,-0.03573633310935063
TEST_03651,3.666677440758655,-0.30058575479604616,-0.4125441138671811
TEST_03652,2.494534446459607,-0.3217157568436434,0.5176552422946599
TEST_03653,0.7883915913120012,0.1941833743023551,0.1788591996312913
TEST_03654,2.5075554018675943,0.5290392926267452,0.925145494141589
TEST_03655,1.4740803742060018,-0.4173977355454023,0.3848195862508879
TEST_03656,2.8152834703181853,0.38707738589778984,1.1228597877181705
TEST_03657,3.0799934160520475,-0.6983205993149063,1.544663179643717
TEST_03658,4.671179614917598,-1.0389671463034371,-1.2076853701327026
TEST_03659,1.8362199469514582,-1.0918663356409712,-0.502318006725837
TEST_03660,1.192095180088273,-0.07496177411659252,0.23155196338620443
TEST_03661,2.6452750596437316,-0.3149802368792215,-0.05998191331582332
TEST_03662,2.101671277731401,0.3231218829625633,-0.5802491305881756
TEST_03663,4.256948687282071,0.3638451319401888,0.48664762946626283
TEST_03664,3.5781325244974793,0.03186795344663895,0.9057866401006788
TEST_03665,2.385460959159244,-0.1523508544778886,0.6884369634253031
TEST_03666,1.6168470628910319,0.03938781504048837,-0.02477733500388859
TEST_03667,3.8686238156200448,0.4881476747039163,-0.3196378305512753
TEST_03668,1.610586994876211,-0.16604918547121783,-0.022137754844596916
TEST_03669,4.056244020128667,0.2245002473208005,0.20433668093911359
TEST_03670,4.326571684727948,0.578305438931556,1.4033048409147417
TEST_03671,2.484507910450943,-0.1227060610879694,-0.04590509991550239
TEST_03672,2.0397222364522745,0.6466980078004182,0.9539898393334744
TEST_03673,3.5611127757646184,-1.6035490038932159,-0.18206735116309103
TEST_03674,2.515635241810154,0.38283326659917416,0.035398049328133785
TEST_03675,1.2648385011219185,-0.25738202297146856,0.43503945272536837
TEST_03676,1.4081459943962464,0.16660593303208243,-0.11574571521516076
TEST_03677,1.928814332493706,0.1941454556428361,0.5231962240589371
TEST_03678,3.185765604720958,-1.8935478706818518,-0.7422817241588644
TEST_03679,4.8242444141771745,-0.04872127214133575,-0.14676885985932273
TEST_03680,2.094945470862003,-0.4679181816272607,0.4299672442523749
TEST_03681,5.152614034442453,-1.62264304311835,-0.5538423357465996
TEST_03682,3.6253672564095503,-0.2797915583603515,0.5541135599631588
TEST_03683,1.973592409084533,1.743213961113718,0.6324781679965824
TEST_03684,1.00631848124395,0.06674941007726358,-0.1553385472757833
TEST_03685,2.494149067046169,0.15502390864998886,-0.5568877522175059
TEST_03686,2.8284729056429994,0.3271980320501067,0.35217174723838823
TEST_03687,3.894006191640935,1.3500755903628232,0.955192659041928
TEST_03688,4.548551647544451,0.25692786879554314,-0.6406975081737413
TEST_03689,2.6990978529828773,0.3656244863121616,0.49493965905524656
TEST_03690,2.4557948512968997,0.15743424825812202,0.7764206240656293
TEST_03691,1.8604896868791911,-0.4064605732132439,0.6156364936987831
TEST_03692,2.6322542023517967,0.0032968333026541195,0.09803086741218765
TEST_03693,1.072591281998378,0.4565453597094415,0.08068440253684754
TEST_03694,2.1286764277129793,-0.8051095026515285,0.6462949884826404
TEST_03695,3.3073854935837605,-0.24003294425664354,-0.710477485296376
TEST_03696,3.02688424759151,1.0241694831399177,0.054398490550382296
TEST_03697,2.795445786926232,0.6446832928289451,0.08233878954473466
TEST_03698,3.578853297762953,0.3860156819088584,-0.6079079557015511
TEST_03699,2.6561993028252138,-0.8139092472408717,0.0939445811708245
TEST_03700,2.4960918980756226,-0.2832302560561866,-0.14722757314593207
TEST_03701,3.092218699154243,0.024305210855656734,0.19008342430491576
TEST_03702,1.7298181803598578,-0.0035041349170585896,-0.18397892265307547
TEST_03703,1.6830747465641747,-0.014965130159550888,-0.03741098514122901
TEST_03704,4.012639822294076,-0.21341064154565156,0.5239302316303031
TEST_03705,2.1504516866945393,0.4631958090485856,0.6373804492077956
TEST_03706,2.684346030194311,-0.14729486952912244,-0.5392147757726791
TEST_03707,2.9746457079321127,0.13871560162176383,0.13002748725634045
TEST_03708,3.080184540820804,-0.14775522553114268,-0.16769399336632776
TEST_03709,0.9575102903255148,-0.5793093759989304,0.5162745604205299
TEST_03710,4.503145632508459,0.7679795046970771,-0.7283126360401093
TEST_03711,1.1150015456179032,0.1921991824525901,0.10081693410542662
TEST_03712,2.8594649630916353,1.590709456528976,1.1917321688277511
TEST_03713,1.3407150572702244,-0.5422297240912608,-0.07389861022629207
TEST_03714,1.4025102275369343,0.07776437079355414,-0.05236490793260064
TEST_03715,2.619003380301553,-0.23199361835477428,-0.4650799600954136
TEST_03716,2.713077566501695,-0.9234213879898789,-0.36325118975864945
TEST_03717,3.1644522292334494,-1.8419187841354439,1.0461033196436524
TEST_03718,1.3302778698969042,0.25584475764589965,0.015426318573723473
TEST_03719,4.09893748928814,-0.2702171087181192,-1.1161117614346168
TEST_03720,1.8081046204722766,0.0901561602594859,0.21904863333855232
TEST_03721,3.4341918312161166,0.643468975031294,-0.10362458677380448
TEST_03722,2.572022013897231,-1.1687759700903406,0.9954446183469972
TEST_03723,2.5801589960999904,1.7969766432396004,-0.7367620470726713
TEST_03724,2.3765588829707256,1.0723484981452538,-0.2898651448666711
TEST_03725,2.4183944110217097,-0.16936367605796182,0.018403543993367678
TEST_03726,1.1131915853291088,-0.09679334454350924,0.10259004803863199
TEST_03727,2.592939657558787,-0.8926328829825549,0.661607737985473
TEST_03728,5.839789880122323,-1.722385431704497,-0.7568049967374358
TEST_03729,2.989002696100364,0.6851220713276873,0.010275734922931955
TEST_03730,2.5513605750807677,0.12165509468302853,0.20386101987165747
TEST_03731,3.885300260823912,-0.5235142262457818,0.0007148998162487268
TEST_03732,2.565030715192642,0.013599384407019976,-0.11266712281229681
TEST_03733,1.6525139604648538,0.5703858503779907,-0.02471194770956613
TEST_03734,1.7411750150374719,0.14927481247098962,0.31383671559371834
TEST_03735,1.712385497133463,-0.4392429113654708,0.4907842245966504
TEST_03736,3.011328178146943,0.5721728403643194,0.49933563271704307
TEST_03737,2.4874037408962306,-1.0896892548868347,0.6725360050491765
TEST_03738,5.169428877585439,1.231679793186555,-0.30516443587593045
TEST_03739,1.3802442239342876,0.6518388294094185,0.09109500763751588
TEST_03740,2.7519335675215144,0.1296056265115542,-0.016286767170782007
TEST_03741,2.1277820684692466,0.23486608066926942,0.23184697276018587
TEST_03742,1.9200178711884446,-0.07685365578293277,-0.3269891312569529
TEST_03743,2.7169500957737434,0.39953966867051816,0.4716851648197834
TEST_03744,1.173113500978397,-0.005402746114356159,-0.11125281150409255
TEST_03745,3.185415409059354,0.1280460575875769,0.14443246663689285
TEST_03746,1.1597754599507444,0.4409605172758028,0.04398584714554541
TEST_03747,4.303612319272326,-0.8635740557290817,0.46962608071889156
TEST_03748,2.8848198304531154,-0.5715208114798388,0.36621077332066165
TEST_03749,4.151017137947883,0.0626160056845895,-0.3395075622150471
TEST_03750,5.631866360263777,0.7287799683564293,1.3158438434120365
TEST_03751,3.184318514158932,-0.6408002652770082,-0.5755327101480915
TEST_03752,1.548592328405002,0.6879259867411697,0.48281138518576805
TEST_03753,2.723682132803337,-0.4901158949287945,0.6352175237697157
TEST_03754,2.8100872411357174,0.2634254631217494,0.31220231082927913
TEST_03755,1.8543112067541523,0.789019258094839,0.5759892976566974
TEST_03756,3.735143729091599,1.11320185740766,-0.09059437774847379
TEST_03757,2.332028288540554,-0.008142056080633224,-0.02023469597787239
TEST_03758,2.6468354361134163,1.0924953310813406,0.9844434324967682
TEST_03759,3.4452765456214673,1.3169744411455229,1.840057533656813
TEST_03760,4.377143158721337,1.3244352718914967,1.2809976702218027
TEST_03761,3.3065024505854477,-1.8702072103461174,0.599183385832198
TEST_03762,3.7374456733977333,0.5111119850761295,0.28399782323834355
TEST_03763,3.0236436797945054,0.6398199187819599,-1.0257479489693058
TEST_03764,3.273266074881736,0.19593378546672868,0.10323177449490106
TEST_03765,2.5941083918461953,0.4139646262105499,0.5894292576816037
TEST_03766,3.814328836006528,0.2345005418362503,1.1674722482783766
TEST_03767,2.297389672773561,-0.15466681482384642,1.0580644876816483
TEST_03768,1.6159542263334656,-0.15260557106822753,0.014223480130660254
TEST_03769,3.135628844452851,0.31348874774411245,0.2492329945656393
TEST_03770,3.122814927036215,0.05759060921508826,0.04215388477671556
TEST_03771,0.8313582502469985,0.005686708006671017,-0.2891999334113813
TEST_03772,1.734431405173893,0.8622151301774488,0.37507538109355215
TEST_03773,3.1714731452390676,0.6334924381187577,-0.4757850933163269
TEST_03774,3.4130307887346443,-0.9701529394878905,-0.6150588038820924
TEST_03775,3.688202594019524,-0.125029781614073,-0.5028614757405125
TEST_03776,2.3606611701180937,-0.021833004435289544,1.3217855585542089
TEST_03777,3.27527650342158,-0.5820977030839096,0.9534483855985233
TEST_03778,3.098159268316028,1.4281034021387295,-1.0381085267244647
TEST_03779,3.0507638092366363,0.5058985733180806,0.4411273244442799
TEST_03780,2.0149736922743746,1.1675062226642445,-1.024484298964839
TEST_03781,3.3223217517844126,-0.39275189076211964,-0.18766566702239718
TEST_03782,1.1995449661589672,-0.12581828829567002,-0.228700902128919
TEST_03783,2.7798913544545054,0.4021502958586677,0.12451780806101338
TEST_03784,2.341151717405287,0.07231035151950954,-0.08334789056379308
TEST_03785,3.7165443372178864,1.204638498489,1.552131210220591
TEST_03786,2.3378035083871884,0.02335187902634311,-0.37854600200629795
TEST_03787,4.360493245830319,0.6179799883427233,0.23128773108083855
TEST_03788,2.5382077309588156,0.004929303419942832,-0.11252311153679205
TEST_03789,4.597693238372806,0.553910105338621,-0.39455919271372103
TEST_03790,1.6321466389927524,-0.6696004575615996,0.3747896543155662
TEST_03791,1.538170597643789,0.35270031165464183,0.0012832404788680086
TEST_03792,1.4056951894731518,0.43117987343653497,0.12859780743585675
TEST_03793,2.8974488676062706,-0.31219721192486566,0.6287708701512403
TEST_03794,1.714609364642989,-0.22193965574653488,0.09418256564303089
TEST_03795,1.5605807641610745,-0.3925690799734959,0.32436094439127633
TEST_03796,2.5625674685708533,0.42404294375706536,-0.24170408706157379
TEST_03797,2.8077233293324855,1.8151153019640893,-0.24686067378256948
TEST_03798,2.530244478035671,-0.5552128876256295,0.17862342929751637
TEST_03799,3.3150006130053815,1.6624187660155063,0.345149657922755
TEST_03800,3.9317757395095905,-0.14739735208857796,0.10314734601407766
TEST_03801,4.605096587610986,1.7712324813774172,0.4638112230038239
TEST_03802,2.4246684055379766,1.8336491799488102,1.512400170076725
TEST_03803,1.0065794667953616,-0.6933252778532365,-0.2331902765093409
TEST_03804,1.9549176631302074,0.6962317783781818,0.5083057737996262
TEST_03805,2.5049887353901705,-0.49789753086037153,-0.2470706524109093
TEST_03806,2.4351540545803454,-0.672549717526953,0.5883787594510528
TEST_03807,2.7651527454493032,0.25688475168174224,-0.7199108282115042
TEST_03808,5.51091476363312,0.20446397200709696,-0.5191803169335124
TEST_03809,3.7780567610091995,0.0625198432900418,0.07954292444909024
TEST_03810,2.688186750983793,0.08399320423712146,0.4580862325082836
TEST_03811,3.377227806976686,-0.26507413724112466,0.014687235262040955
TEST_03812,4.841329802554402,1.4845053503501684,1.7233367457040654
TEST_03813,1.5439638720081983,0.33329061517156644,-0.2484399539294231
TEST_03814,1.4587143913459215,-0.735331088616745,0.30792300234953146
TEST_03815,2.1335728086757766,-0.05804788936585153,-0.23148296890822323
TEST_03816,3.150103939981175,1.0470444469372144,-0.014612986765602838
TEST_03817,1.4728765802345387,-0.11450070539158413,0.37896354737115695
TEST_03818,5.430081984164953,1.543979504757925,1.0758851476013893
TEST_03819,2.6939492863395245,-0.823255306030121,-0.23644703357517804
TEST_03820,1.2456200031845346,0.15636354805812264,-0.04427897651507348
TEST_03821,3.170118961397413,0.07448072069659871,1.123369631102251
TEST_03822,2.1549956467958946,-0.22106336868358328,-0.17853309963199443
TEST_03823,3.137469991903642,-0.995866385718661,-0.2686986785127662
TEST_03824,2.8565204448655255,-0.31607891167591945,-0.31546025945305217
TEST_03825,1.349926514843731,-0.3563336251097262,-0.5471767395381767
TEST_03826,1.365969514301896,0.2313326243450401,-0.08292899696123797
TEST_03827,1.3133216754837382,-0.10446283722654516,-0.24104867020498308
TEST_03828,2.5443779574483645,-0.5544868191532533,0.371787948847859
TEST_03829,3.599786242419261,1.4247542197330034,-0.19943130726274466
TEST_03830,2.847513940649895,1.6441763013852293,-0.543447116151611
TEST_03831,2.2887052875523994,0.2057669273010658,-0.14254996180352134
TEST_03832,3.166516776271859,0.22676479515348824,0.24148282277526587
TEST_03833,3.7809481198989365,-2.513788614212522,1.0508227598603428
TEST_03834,2.0200130148753996,-0.11406715381427794,0.514056328202876
TEST_03835,1.1009107993116327,0.008846477667873403,0.013366452062073046
TEST_03836,2.939063696487248,0.4375857087828606,0.8415980348149616
TEST_03837,2.782541244031541,0.32977288805559757,0.42976820569820606
TEST_03838,1.1619726301422606,-0.1983749516936276,-0.24604550500570133
TEST_03839,1.7233842865245865,0.39454144226324267,-0.45855984902461244
TEST_03840,2.4149514789250466,-0.7464431737072026,0.8240574190218987
TEST_03841,4.6956057535930125,0.07297114694559817,0.37744635615525457
TEST_03842,3.8153120103380735,-1.0901804805864612,0.5342598114219055
TEST_03843,1.5117833845037396,0.4657398300496662,-0.6175768712988743
TEST_03844,1.7082095604391467,0.04848860712571745,0.20292635712246873
TEST_03845,1.9866187739153094,-0.6846537312188776,0.5672540104974029
TEST_03846,4.595260389552231,-0.5834227114779512,-0.6822457532042067
TEST_03847,3.655977506249518,-1.191890120373388,-0.1323664200206234
TEST_03848,2.534539340708892,-0.674378096956993,0.40854020705336286
TEST_03849,3.454210881571459,-0.1491485848445606,-0.03242633324649387
TEST_03850,1.7879448880964592,0.4577524563426666,0.16434313790444197
TEST_03851,3.0858352893735006,0.17247754442159963,-0.2700303120855064
TEST_03852,1.1911456506471318,-0.4492759152044353,0.13246625047973246
TEST_03853,1.8898291256657853,-0.07371183507261743,0.11180763231169767
TEST_03854,1.784342473451839,1.5538433129739273,-0.7391627143495632
TEST_03855,1.7134292391708619,0.7275605423591596,0.3984264428915759
TEST_03856,1.5696448033109327,0.9355629641168575,-0.36962269679702847
TEST_03857,2.3201630885337883,-0.33538618065038167,0.7998340389174365
TEST_03858,3.666162984347421,-0.8700196800946663,-1.0997071530855607
TEST_03859,2.7916431530196704,-0.8290172143341423,0.5981670457414006
TEST_03860,2.8301926529747754,-0.0330709999147106,-0.30048927202006465
TEST_03861,2.693357635506049,0.09822687725715597,-0.43166251964878743
TEST_03862,1.9161022946305086,-0.3161060791088171,0.027450814275018807
TEST_03863,3.6902531671084065,-0.5234475774884035,0.7153780701335842
TEST_03864,2.5778914209442636,-0.1959630613622201,0.7819161669443455
TEST_03865,4.230722101777987,1.275604794250563,0.15485019037249817
TEST_03866,3.334840153164331,0.17260138676221942,0.9048787922282779
TEST_03867,3.262654597277713,0.5979334270120513,0.43280319062837275
TEST_03868,2.9877477558363217,-0.4889922429557675,-0.17285307800923835
TEST_03869,3.0916195637957444,-1.413756560307789,0.16466137613150533
TEST_03870,2.0629964559873564,-0.012805333625879352,0.45905452840410366
TEST_03871,2.80830363098256,0.7618068115553773,0.06088291557839469
TEST_03872,3.7443544934432125,0.9650568144978363,0.8788913230119227
TEST_03873,2.596175221801852,-1.3324060067884453,0.6809058577291309
TEST_03874,2.0463075689451085,-0.31561146905748505,0.32773242511246325
TEST_03875,2.0223616206158685,0.0039772264135008,-0.2144873265110878
TEST_03876,3.1573178132732616,-1.0789675972008343,-0.288133179494243
TEST_03877,1.581419210025734,-0.08635465287292869,0.3800257562541159
TEST_03878,3.7271610639001214,0.044889070606872035,-0.45265229930504536
TEST_03879,5.398592680637147,-1.642464731665362,-0.570764497737036
TEST_03880,3.6301693259958956,-1.8235180420800354,0.6864483273813563
TEST_03881,4.8829560822295015,-1.670922789885396,-0.7827059061209996
TEST_03882,3.1508809321116975,1.137746049652321,0.8709978934167207
TEST_03883,1.196502350268067,0.4961063242383313,0.2208176260949417
TEST_03884,3.2192597197265287,0.9653685499857445,-0.7296552464028208
TEST_03885,2.5394849175389593,0.9548347346907067,-0.49095322793904533
TEST_03886,2.249315799586737,0.6599133364006846,0.26928293184491686
TEST_03887,4.003126394835144,-0.09790718907528495,-0.7083077144157597
TEST_03888,4.4264154739215416,-0.8694419643651361,0.8820623764997998
TEST_03889,2.8964966103898253,0.02201282831195237,-0.07998505596810192
TEST_03890,1.471362651902686,0.04898260127414229,-0.14757041142801067
TEST_03891,1.8062371594573556,0.25774137858850615,-0.04618626116057252
TEST_03892,1.97643963107182,-0.18238593731322597,0.4045297737681167
TEST_03893,1.3295593714485319,0.03437585824190849,0.3005077507973462
TEST_03894,2.7107721785254344,0.20315830354635556,1.3434685851935488
TEST_03895,1.970119338681512,0.8647065873570726,-0.27225413170650736
TEST_03896,1.968415261492129,0.1251469473956138,-0.6015699461524564
TEST_03897,1.7950649644562882,-0.6649596701309995,0.20168124916920535
TEST_03898,1.0809015525858665,-0.46792033311794196,-0.20089667244670853
TEST_03899,4.5236314261534645,-0.5241691295214773,-0.16140077842056022
TEST_03900,1.9503209248207711,-0.2914863427002723,-0.39240788824798034
TEST_03901,1.7964469769331641,-0.15442293873881593,0.27879094290158846
TEST_03902,1.8676614919135173,-0.16325904827842977,-0.3904927946210775
TEST_03903,3.278805274452364,-0.7112181553122395,-0.8851543436296566
TEST_03904,1.5782858503494783,0.30140144087861215,0.34144925106005547
TEST_03905,4.15584044462862,-1.0749685633995139,1.1294851870777722
TEST_03906,2.6014634037990843,0.0671819985354806,-0.7429220882965821
TEST_03907,4.316512097543774,-0.15197482758017455,0.34430789064311224
TEST_03908,2.7080414750902353,-0.17022623654663205,0.2616410799913583
TEST_03909,2.2683701215777266,-0.11613036469267767,-1.0943474886796472
TEST_03910,4.591566084316304,1.5072539118185317,0.4897860352142977
TEST_03911,1.3054023398655084,-0.31854598498002,0.14566355251918361
TEST_03912,2.7009709886631117,-1.135895305999595,1.304131970299632
TEST_03913,3.3602926854611423,-0.7417160907001059,0.8468395898429749
TEST_03914,3.3393837199574894,0.18440661448782528,-0.05930985409194217
TEST_03915,1.8456994770811213,-0.518842850839313,-0.5282182025338309
TEST_03916,3.474838547478915,1.9034795584613422,0.3737864529276936
TEST_03917,1.9352821870967056,-0.0006159304015599901,0.3161183747209295
TEST_03918,2.561207137805851,-1.221693276626542,1.0621554192232519
TEST_03919,3.0655495530955634,1.30028930534344,-0.5862851231060094
TEST_03920,3.676909273811226,1.1657777374575822,0.6538652931015657
TEST_03921,2.3419320147945957,-0.22117393868363408,-0.7216358126343101
TEST_03922,2.9304258348175236,-0.8640126195202598,0.9111313618026718
TEST_03923,2.437952313777517,-1.9497308402777829,0.5164689313102825
TEST_03924,2.0209452862201407,-0.7439732982823012,-0.186045585404107
TEST_03925,1.3898592024627996,-0.12633457418671945,-0.03452357266419487
TEST_03926,4.275917504621661,-1.1165831285290482,-0.6903441296384402
TEST_03927,4.458303470944453,-0.569555332897581,0.6470527168552423
TEST_03928,0.7661565486710284,0.1503472067657085,-0.11115914455055093
TEST_03929,2.8995852910256485,-0.29482552227946807,-0.13852767291287063
TEST_03930,2.0835913330236515,-0.21625880281245122,-0.18373798523323265
TEST_03931,1.7756304158653455,-0.3068432126837622,0.11883433691707809
TEST_03932,4.803416434905092,0.3547284498737772,0.3876179303378322
TEST_03933,2.6901838825872333,-0.5166993618969592,0.2968454416017772
TEST_03934,3.144400189987329,0.6717735188543376,0.27748096067409006
TEST_03935,2.1993308474811215,-0.2716212044978343,-0.588777536488138
TEST_03936,2.8519300869484656,0.5416479475026862,1.0575677722444536
TEST_03937,2.18732660960912,-0.3387887722294354,0.8736662395222768
TEST_03938,2.480212235454694,-0.8964650304135791,0.3071416338357552
TEST_03939,1.4311172097941256,0.49450207284679853,0.03152277337949005
TEST_03940,1.533778543080907,0.54796752678678,0.12509993822742377
TEST_03941,3.1964653042621656,-0.27462526503734686,0.05852756384296365
TEST_03942,1.7752894766133134,0.21740805711736516,0.20265215466816655
TEST_03943,1.2059970919192768,-0.5351454568536133,-0.4271117156980674
TEST_03944,2.4738584261496555,0.1623951735493741,-0.07014537123846283
TEST_03945,2.417522928113182,-0.8191571339579637,0.18402720181423377
TEST_03946,1.4344540095384029,-0.3165837012752608,0.3090686155457553
TEST_03947,3.201481854163023,-0.010168030476159152,-0.5571645789755002
TEST_03948,2.8606756694689945,-0.6718181747073618,-0.659263634814958
TEST_03949,2.8622698350252023,1.5996024279197434,-0.054766702070862816
TEST_03950,1.0489204667915288,0.776474443419182,0.25274095713821304
TEST_03951,2.730668308014294,0.4650304536133238,-0.15142118967317564
TEST_03952,3.644353738676488,-0.21938008999396796,1.6485706009211352
TEST_03953,2.3908511500805627,1.0530147283819518,-0.6071038311652014
TEST_03954,2.500360041227596,-0.11482153336072742,-0.44360930460383197
TEST_03955,1.8062081691683096,-0.6215474406890081,0.22591764537352693
TEST_03956,3.0558148329032258,-1.045058446965927,-0.7183843884346016
TEST_03957,1.683425099336533,0.3769314930094163,-0.041201548237523394
TEST_03958,2.7625593478044155,1.2883544048043511,0.943058422128838
TEST_03959,2.974663595462071,0.633256094416552,1.3065636390043596
TEST_03960,1.9803419519529084,-0.6379222116725893,0.3253344770004047
TEST_03961,2.648551594816936,0.12310555178679557,-0.4212964854526014
TEST_03962,0.873325861155786,0.38182425896881544,-0.35647446651999687
TEST_03963,2.5894019816045315,1.3835935277291576,-0.7892648656152281
TEST_03964,3.00229822580279,-0.038420277881578424,0.46333463400770736
TEST_03965,1.0024760334147367,0.348520821910851,-0.32443675994921906
TEST_03966,1.5511755063876762,0.3606949884218388,0.3138661535919625
TEST_03967,2.529759431749089,-0.048871281774237635,-0.15111647022267002
TEST_03968,2.1262749328918105,-0.8433562490323936,-0.1729371072287755
TEST_03969,2.1153190707556684,-0.3201342303561871,-0.28841328031817776
TEST_03970,1.8982360369283986,0.318433795953496,-0.6707280987728858
TEST_03971,3.69707757164234,-0.7853419078837051,0.33374266849023976
TEST_03972,2.5848712985437285,0.5113694062484542,-0.7958815546587457
TEST_03973,2.5513480534582818,-0.012108655987071906,0.493525565440033
TEST_03974,3.672419664434813,-1.1471731276193353,-0.7780164941735758
TEST_03975,3.5305206157822417,-0.5735291625779462,-0.10294069883081569
TEST_03976,1.7153363138188427,-0.9413236782257575,-0.30098952148856883
TEST_03977,1.5846076597064125,0.2996379015136151,0.024688124083865785
TEST_03978,3.968377009907932,-0.2851485118488564,0.1046159904122723
TEST_03979,2.0970855516827975,-0.765270556951132,-0.1716243113331733
TEST_03980,3.119902770247931,-0.840421346707163,0.14533035730312308
TEST_03981,1.5839914930377725,0.3509728695313853,0.5451288432067517
TEST_03982,1.7342197787876215,0.6855909920258971,0.00709004789351642
TEST_03983,3.167824196823268,0.6400900021593864,-0.33866156901883976
TEST_03984,1.6853178672713,0.3159848180162101,0.6374235650532258
TEST_03985,3.1739668273645467,1.1352657054602027,-0.6963546386406513
TEST_03986,2.1858663779183525,0.33400416362342905,-0.34698737539807806
TEST_03987,4.4874431823509076,-0.06844661537167314,0.5324619468637881
TEST_03988,1.4591539843582766,0.4609603808719516,-0.35050929074791026
TEST_03989,3.669653214055049,1.2282259973372214,-0.6675966215619872
TEST_03990,4.8070523364102264,-0.5122004985372954,0.46399134456398466
TEST_03991,1.5683647966061731,0.14741351652024895,0.023743765312709105
TEST_03992,2.1149909982656117,1.4104687541157548,-0.8697493142277964
TEST_03993,2.423178235675993,-0.19144896458522895,-0.1490132212387669
TEST_03994,2.8172206702653666,0.31192079923687743,0.9339357141622742
TEST_03995,2.117996201831239,-0.3373445984552674,-0.01154151402791393
TEST_03996,3.0098818929061903,-0.20792016291753712,0.6679798924905701
TEST_03997,2.197601576225317,-0.3623108135790025,0.07793865925952292
TEST_03998,3.3891325769167726,0.711874166922259,-0.4524818980144655
TEST_03999,5.3990167813578225,1.3003499890542116,0.8396345872653944
TEST_04000,2.3807468527903706,0.11413958883987384,0.26685448825688773
TEST_04001,4.696869459272191,-0.16445424885659946,0.7605331655816965
TEST_04002,3.5802036757563283,0.9519963081420708,1.3760613760611486
TEST_04003,3.168177242771896,1.8200327482568264,-0.7969228303845669
TEST_04004,3.2695381216252195,-0.09043390672640668,0.25330713427756224
TEST_04005,1.4708058951475325,-0.31697120209698254,0.061265879388591585
TEST_04006,1.1763974727613256,-0.3397277657770892,0.39835358594211095
TEST_04007,3.576489078128685,1.2310920280792075,-0.47883577733221344
TEST_04008,2.0094529626785578,0.9030561514902953,0.5173709486893033
TEST_04009,1.2491034859753034,0.12843936648747997,0.3096576375798546
TEST_04010,3.0877158895731114,0.025458987525526677,-0.8237165475592672
TEST_04011,1.498888945571061,-0.046046647024102744,0.15892888966249175
TEST_04012,3.371817721681421,1.1819542182690805,-0.6456098453238202
TEST_04013,2.512309841329371,0.7003779005915334,-0.2686336923265313
TEST_04014,2.014450818401494,-0.9195366657631434,-0.12359304188556378
TEST_04015,1.9071046272991865,-0.30800127723517506,-0.2159065759569553
TEST_04016,1.1627414997829544,0.2434095719108161,-0.36476368693202005
TEST_04017,1.4747462468895698,0.4730102048718852,0.47985385818426607
TEST_04018,4.959488971473361,-1.0322623086073897,1.630457624235397
TEST_04019,1.8488352627830549,0.238953744213285,0.37901917259688017
TEST_04020,1.918729392584236,0.10937853645143909,-0.12515546087058058
TEST_04021,2.407791360371142,-0.4520629500825148,-0.7633307267401961
TEST_04022,1.5996586515935725,-0.2918420714831405,0.23137276564200082
TEST_04023,3.5184159077122605,-0.16702159098514247,0.31409019596344023
TEST_04024,1.5153314889591258,-0.2412986542593178,-0.4055605065784919
TEST_04025,2.6647741423133007,1.305474575558396,0.457416921894945
TEST_04026,1.834685502941886,-0.06955433794176015,-0.26229775595391525
TEST_04027,2.6361008879636056,0.24681471501411323,-0.7456819833214199
TEST_04028,2.810547662534267,0.12238772853711753,0.3807747701364917
TEST_04029,4.124745282497335,1.3492377903218176,-1.055017340798744
TEST_04030,3.10756561726649,1.4484190827347434,-0.7630896188054357
TEST_04031,2.8456104820759944,-0.21362766087692048,0.35903560709666876
TEST_04032,2.6886288776001304,-1.3252136158630063,-0.5361626548053859
TEST_04033,2.758432406987028,-1.5159830406080708,0.8073131567695625
TEST_04034,3.7566965812334767,-0.2440982924394661,-0.1411883352727838
TEST_04035,2.179007124128949,-0.8786091321590705,-0.8836931703663483
TEST_04036,2.837193735464268,-1.282764217205391,0.6638303127772105
TEST_04037,1.2844924952808605,0.38910123689685355,-0.15388348322544043
TEST_04038,3.24683164096991,-0.045604628231859026,-0.25279859336176635
TEST_04039,4.881991871511967,-0.8741727749743547,-0.06772444259849147
TEST_04040,2.172018504803111,-0.21639210164551403,0.3978605268747187
TEST_04041,5.098828965234762,1.233821743796316,0.807411582263485
TEST_04042,2.947030054904957,1.0950995001708714,-0.565678196838696
TEST_04043,4.251527860882426,-2.2333617719036223,-0.421993662354675
TEST_04044,3.206026896314118,-0.18937437253885414,1.107903920919431
TEST_04045,2.256200471008043,-0.935133470329313,0.7871953575220806
TEST_04046,2.632037830726711,0.6936778390669606,-0.5434892350978483
TEST_04047,1.4588924951585458,0.6377439425288929,-0.3146073439341286
TEST_04048,3.3919913991944184,-1.9355007186978528,-0.12355882904565652
TEST_04049,1.6585668830513176,0.43716152755913157,0.19188229977926322
TEST_04050,3.2251001323074355,-0.14357672905850188,0.23237772822577338
TEST_04051,1.4955380342721936,-0.33607318646533807,0.34252006488444187
TEST_04052,4.530783649235517,-0.9823814573230882,1.398732438545936
TEST_04053,2.3288291339913476,0.45835079312730137,-0.17321336698976736
TEST_04054,0.7748146000410953,-0.5496111601228357,0.44176844854804714
TEST_04055,3.036339862898644,0.9513432177274649,0.7409300447842937
TEST_04056,2.9322447682705888,-0.10913701864067693,0.2386804523086925
TEST_04057,1.5785199186807561,0.29739005851278316,0.3213736138333464
TEST_04058,4.598201737107487,0.4527999775666552,0.8148413357730901
TEST_04059,4.696947289847753,-0.9206285590552636,-0.8000207729509325
TEST_04060,2.103214310351977,0.1558414394172919,-0.5409277211190794
TEST_04061,2.577526791139835,0.027848403667562218,0.9586710209092233
TEST_04062,1.3880641349130276,0.19106721881328445,0.2566447291265475
TEST_04063,1.2039078204429348,-0.07818630796407751,-0.2161991559417512
TEST_04064,2.63368321105413,-0.2156575446945749,0.6397503733545068
TEST_04065,5.56156678069951,-0.07192162101321559,0.6861293881217879
TEST_04066,2.7844873863018207,0.5100559247071845,-0.77124295916319
TEST_04067,2.5678549921788725,-0.02019832475746914,-0.07721592187702156
TEST_04068,1.7272732893089964,0.4735838627682821,-0.2822949716947167
TEST_04069,2.071416192113728,-1.0445575088320913,0.8208853713440126
TEST_04070,2.264068228906131,-0.7928457834912691,-0.7574903629349767
TEST_04071,3.2086497431385963,0.48076694926887276,0.38617096630635206
TEST_04072,2.8687655092742697,-1.7556715624940549,-0.18925853052761643
TEST_04073,3.383926344982511,-0.635056964327478,-0.10071248673654651
TEST_04074,2.782928435338771,-0.3436477966882316,0.11464415861499903
TEST_04075,1.3083291612673504,-0.4918710384119232,-0.19238369086743118
TEST_04076,3.894755668107685,1.0432211503733975,-0.05808390923776917
TEST_04077,1.9057696512186593,-0.8224951804813053,0.1172559534224932
TEST_04078,1.304846592787262,-0.21609684296358078,0.45429364427869434
TEST_04079,4.917592077013527,-1.307291263392351,-0.15865724590912977
TEST_04080,3.0900780187740966,-0.7776305370315388,1.0607829614055722
TEST_04081,3.164002350794556,1.0946572524102134,-0.34782590332972224
TEST_04082,3.4545089138583873,1.1015725300789356,0.3583195870498826
TEST_04083,1.9754255763027757,0.6042748852389465,0.43309841775135227
TEST_04084,3.031895243646681,1.0116819266286585,0.9827536106763789
TEST_04085,1.4472510711674569,-0.21717927194360556,0.2184262278149443
TEST_04086,1.7549664826829672,0.07622031824185402,0.3673256676400883
TEST_04087,4.554540245161766,0.5570043876893038,-0.39755441128755054
TEST_04088,1.613588441490927,0.8135854757407179,-0.3650725007369177
TEST_04089,3.7007396047920147,0.04496911952174916,-0.30708054539727336
TEST_04090,2.594814719557518,0.303182688901653,-0.7183214006596567
TEST_04091,2.213127234256148,0.24874335502752043,0.09484906574035676
TEST_04092,1.2849801217871268,-0.17297841492166813,0.453119266715583
TEST_04093,1.1167948495246716,0.0721346166424488,0.17463611621185438
TEST_04094,2.1348323690113205,0.7731076561433774,0.45259952798470904
TEST_04095,2.6149847840944584,0.6019372215115589,-0.35708838528369286
TEST_04096,2.3662178607332134,-0.6348292186335202,0.3105917756016247
TEST_04097,3.1278594170664404,-0.7171767724962017,0.05133605376743262
TEST_04098,3.6134928007594187,-1.071688455551035,-0.6187003621687261
TEST_04099,3.241891859180616,0.06085237390411378,-1.0467714703468167
TEST_04100,2.0960552414301024,-0.35483549583361945,-0.3984569291083996
TEST_04101,3.170203162725826,0.050205228448734186,-0.07693111694198645
TEST_04102,1.8071840201127807,0.031518627618227775,-0.1448538504098233
TEST_04103,3.1389376361878174,0.8181573550956712,-0.6826698614550828
TEST_04104,2.129083506153613,0.04076786174023149,0.5006262676904436
TEST_04105,5.262824722079076,1.4266448991578917,1.8787308356866361
TEST_04106,2.2409801146128023,-0.535245301166266,-1.0654576340326378
TEST_04107,3.4483675988263376,0.7032437841534653,0.7028390204828643
TEST_04108,3.2579950753060865,0.4037080240339975,-0.9299543683240483
TEST_04109,3.336635227213081,1.0836008537343074,0.6940221525147536
TEST_04110,5.266373513972285,1.1142592863204128,1.9915227602468677
TEST_04111,2.6880235255940494,0.6585099717606743,0.3620047314158578
TEST_04112,2.2838676586154314,-0.3781626010419705,0.7372526666825872
TEST_04113,2.5089850106961156,-0.557327418470766,0.18274919434426332
TEST_04114,2.5923232897325312,-0.24573016766431982,-0.5953639327624181
TEST_04115,2.249923113964535,0.9102708955290334,0.8568911107126801
TEST_04116,4.641559632585077,1.4417961628165743,0.0880350806642283
TEST_04117,2.012437252450584,-0.7759164659796041,0.09522725796017131
TEST_04118,1.3765731704460316,0.13536836631953988,0.19913250399454474
TEST_04119,4.49324291532108,-1.213793041987164,0.5934476069819052
TEST_04120,3.897114360383368,0.7654211564346861,-1.3284858462882507
TEST_04121,4.846617456596889,0.2455061170699205,1.1343481163849976
TEST_04122,2.255887769346625,0.7234439683489965,0.9138873908789238
TEST_04123,2.544216501854004,1.526206905371446,0.06134974718222079
TEST_04124,1.752669496921313,-0.32866522509653,-0.17545393244011737
TEST_04125,2.176150906958521,0.9845391410706295,0.12394159877090156
TEST_04126,3.6527353546370502,-0.6789890270021298,-0.18397927358127558
TEST_04127,1.236838901093881,0.30195241169536297,0.24914378678075655
TEST_04128,2.9823668262312633,2.488948142604033,-0.06093974806824183
TEST_04129,4.116033589090152,0.31787458973425436,0.7502919462050585
TEST_04130,3.503199311685631,-0.14659899904457932,1.01699807732994
TEST_04131,4.154140119044112,0.26393170658948395,0.15149172845152153
TEST_04132,2.400417278782579,0.7118785069796427,0.74683764667733
TEST_04133,1.5043776964405222,0.3575841431856546,0.26385766538008326
TEST_04134,3.4345982570851668,0.5907619064511861,-1.0192366510599264
TEST_04135,1.5261470392730012,0.6481940400373531,0.08413134352659254
TEST_04136,2.5668918615906593,0.15166880730338453,-0.5444793368325891
TEST_04137,3.1590659487498107,-1.7952570693011745,0.39126280123285645
TEST_04138,4.802295705849875,1.3018836581905349,0.1294261700706228
TEST_04139,1.8684205933899676,-0.336395715291549,-0.5242688272438522
TEST_04140,2.500607006998729,-0.12308714542814689,-0.027701158229162262
TEST_04141,3.084478172687425,-0.5289332203700139,-0.6930913344962599
TEST_04142,1.9192240554022388,0.08872115905930107,-0.348793761273999
TEST_04143,2.575954312357566,-0.12626441593386595,0.682181895108453
TEST_04144,3.3397959130256796,-0.392529629447403,0.3196939097306794
TEST_04145,4.647756926105613,1.5720910709509055,0.6543744996629127
TEST_04146,1.8494570781299968,0.5822435423075873,-0.7227127815894924
TEST_04147,2.7542329509710344,0.154230152067391,1.0022128022596648
TEST_04148,2.5337315022401734,0.04824797819194185,-0.0988147501112621
TEST_04149,4.221052560682134,1.5807710312886922,-0.42363602772597736
TEST_04150,1.5550279415782589,-0.5161359303199096,0.4250053729394782
TEST_04151,3.1223988608687834,-0.7943359051357686,-0.5795002326555692
TEST_04152,1.8697811865053524,-0.771556122438405,0.7491734917920475
TEST_04153,1.8814741795110244,0.9882765822929522,0.5787327308405115
TEST_04154,2.742900270150654,0.013834302328544604,0.026844947761897327
TEST_04155,2.4753770479634136,-0.11154385113443166,-0.3973910574465749
TEST_04156,2.7783431859751317,-0.2002739419354908,-0.1463216039614772
TEST_04157,2.2620100842542126,-0.3415298746793187,-0.6156635892030872
TEST_04158,3.5343158742010643,1.0680469204341068,0.2627810805517399
TEST_04159,5.06391184996731,-1.5198124551085153,2.0401246482088213
TEST_04160,2.689265154992487,0.29928232992290205,0.14978198672409473
TEST_04161,4.858987970321048,2.265012919450905,1.1984399485142507
TEST_04162,4.160198398392849,0.7445183570559062,-0.5646947297470869
TEST_04163,1.1590575276542294,-0.8154624783667492,0.24833714803472087
TEST_04164,2.2497800104788346,-0.18257634594906022,0.1651030497743415
TEST_04165,2.591556338899924,1.0135802499387376,-0.6585746795868579
TEST_04166,4.684787563469239,0.9449626760929039,0.5351431364432471
TEST_04167,0.8972483186730804,0.21127648728998819,-0.12514845723343906
TEST_04168,3.886524413998508,1.6556881960852028,-0.06587811708985367
TEST_04169,2.0614959252459895,-0.4534913248337543,-0.26657129334287427
TEST_04170,2.877369846925819,-0.03995900523083614,0.03683589869675251
TEST_04171,2.111429016256293,-0.34627165163990964,0.47581717570106563
TEST_04172,4.319691946403349,0.4186777662191643,-0.22768378951742238
TEST_04173,1.2701142270348469,-0.40655002102017856,-0.011151939631845739
TEST_04174,1.306464663925688,0.08790884786354716,0.593929349389985
TEST_04175,3.964692104439586,0.9536039489816871,0.33981489288141503
TEST_04176,2.0735764833296755,0.10918747083589002,-0.28800298001716407
TEST_04177,1.6115192840894548,-0.3659221871077287,-0.3679905472940359
TEST_04178,2.0872031967970486,-1.4089851849628374,0.9018988203494879
TEST_04179,2.6779566444403766,0.710613551143414,-0.77684548823271
TEST_04180,2.7813377998640054,0.4906865975684689,0.7626685060633757
TEST_04181,1.5653287028856553,-0.35415308547465446,0.08371846046936088
TEST_04182,1.3162012973488562,0.6382047297127792,-0.17860062487544934
TEST_04183,3.7366357748471732,-0.1663895178123462,-0.30061252707890423
TEST_04184,4.01984311713852,-0.14388643594218134,0.2892734994862286
TEST_04185,3.2316365799614792,-0.5718236206823112,-0.5651729440565296
TEST_04186,2.660646650120906,-0.11022526679447862,-0.0957098933387466
TEST_04187,3.9911550276013172,0.5087823636169865,0.35318595441906153
TEST_04188,2.1347846876847663,0.9257106006650295,0.4026281122671269
TEST_04189,3.977373233494295,-0.5048593182528406,0.9261540169382382
TEST_04190,1.8298103137844783,1.1595952857364067,-0.5046010516240372
TEST_04191,2.555042114211191,0.6710450830069923,-0.22401250605231215
TEST_04192,3.5737470464004075,1.4457975382127872,1.1875333053637935
TEST_04193,2.7155803126391604,-0.09549227832835903,0.39633711549021844
TEST_04194,3.110498122308761,0.2816719713499247,0.34351239912446124
TEST_04195,1.4630027819758744,-0.6055607618754298,0.46882441773524614
TEST_04196,2.0610913807174427,-0.3168265286615758,0.02188794763487607
TEST_04197,1.7171791813322752,0.7543506917535483,0.2971397838094929
TEST_04198,2.175423082250269,-0.2771430902898111,-0.02146037814532988
TEST_04199,3.826421449861401,-1.6059020053869886,-0.18324253491857428
TEST_04200,3.1451522960060925,0.09210510493038931,0.3506066983854268
TEST_04201,4.260169958437351,-0.30724903713236257,0.8966364012611631
TEST_04202,1.2386800671708251,-0.4413511414068172,-0.5806920221045078
TEST_04203,2.0333364677222634,1.3152511047306934,-0.6795299955014055
TEST_04204,2.6344712439846485,-0.4788191371618276,-0.3934279944886742
TEST_04205,1.9552367304479066,-0.8300526202433967,0.16729746549451613
TEST_04206,3.4174725546993794,0.8053125643146136,-0.5437055110617082
TEST_04207,3.7503660545052973,0.6667662159497955,0.32148649158881315
TEST_04208,2.664637375519672,-2.050773133095268,-0.4435783881505565
TEST_04209,3.755684182197295,-0.021681624499136052,-0.07651487561787014
TEST_04210,2.1825238091215926,-0.06401092695677962,0.4554584596350869
TEST_04211,2.322617208663565,0.10040095260289564,0.001458723666202067
TEST_04212,2.4006137361972377,0.6493060825072509,0.4294589591710451
TEST_04213,1.0864054092507012,-0.09700346199856262,0.2982056156809765
TEST_04214,1.3999440782338908,0.6046393453533375,0.46141394241765543
TEST_04215,1.111501089996232,0.42392427603457905,-0.12977052237509412
TEST_04216,3.2411761564699226,0.9650313264945172,-0.9619713432262396
TEST_04217,1.6766621519153568,0.4835019655873032,0.33255041898804255
TEST_04218,4.032866376053622,-0.17786548309821282,1.2466436986444036
TEST_04219,2.4059065031190974,0.8088134189976826,0.9422870790008684
TEST_04220,2.4571519069802235,-0.7009948347805751,0.6450209460314081
TEST_04221,3.210619566994545,0.34119775265010904,0.38772009585175055
TEST_04222,1.326819694528139,0.3384711489042992,0.32001813648761734
TEST_04223,3.9711758479733485,-0.30860685623484413,1.193684184067479
TEST_04224,4.062071599192291,0.09816339736950214,-0.6496723938133129
TEST_04225,2.594641655598684,1.6949797331467393,0.5418467953944514
TEST_04226,3.341814729350194,-0.0363529408899053,0.7649186971210477
TEST_04227,2.9509833364276683,0.6498311980196662,0.7253986515333514
TEST_04228,1.956006368875707,-0.06806558971067006,0.27611388028023404
TEST_04229,2.5684567714278126,1.6825875063717133,1.2352210061812392
TEST_04230,3.2869003841710667,1.120011195684048,0.10241908956131789
TEST_04231,2.438163312460535,-0.21360169622256972,-0.08930380341624185
TEST_04232,1.518117471712988,-0.2315625805649502,0.5546298793705444
TEST_04233,3.3842018999565275,2.0938875879824757,1.009871526837934
TEST_04234,3.158718860443203,0.7701568172863158,-0.889977474079435
TEST_04235,1.4528959252490694,0.4777961640822965,0.03357288901261137
TEST_04236,1.3749391018609987,-0.6605431149823671,0.2184213651897531
TEST_04237,2.1658008773952653,0.7359977386853096,-0.30045664059416355
TEST_04238,1.2031933513299407,0.2053644335150523,0.15019383313748452
TEST_04239,3.273962380771756,-0.8678545814201564,0.9791320890273288
TEST_04240,4.679995184107997,-0.4542756908678814,-0.12443980380270693
TEST_04241,2.5210779427359706,0.7638383988932005,-0.36117651614913915
TEST_04242,1.9566432150924944,-1.2024358939491957,-0.44204589338691236
TEST_04243,2.7878432024832893,-0.7266203648215144,-0.0960426139614902
TEST_04244,2.498901897624355,-1.119323474082177,1.0223638951311773
TEST_04245,2.6206017093134504,0.9799681963594566,-0.5973223014015387
TEST_04246,3.519729606974029,0.5002478141963745,-0.3425656548094316
TEST_04247,2.3000355941717716,0.4349775736833773,-0.5624184761465926
TEST_04248,4.808879766384843,1.9828357691706566,0.21499358696969476
TEST_04249,2.0984886854545337,0.05294374397180713,0.31553471898982505
TEST_04250,2.581787881625271,-0.027722877802790116,0.15655178384810634
TEST_04251,4.141496401588852,0.40957978698814906,-0.17349814145782358
TEST_04252,3.1176135130701255,1.593283896896163,0.2969098428340938
TEST_04253,0.7550703950382804,-0.043392739536859876,0.10341590003969567
TEST_04254,2.7178906812982344,-0.4873549673921383,1.2024128844895896
TEST_04255,1.045702580763586,-0.28443755422499073,0.22537732289590834
TEST_04256,2.710175519379582,-0.5621068043238611,0.868585516159062
TEST_04257,2.26058456278524,1.3424953291117705,-0.5964262882042004
TEST_04258,1.825399455518442,-1.2656355313259533,-0.4261092796751002
TEST_04259,4.097011001320579,-0.6780509594555783,-1.1005458654856308
TEST_04260,1.6133627780940085,0.1824746034295209,-0.41636807221389477
TEST_04261,1.1356368068798275,-0.5019790555942588,0.12172474316277572
TEST_04262,1.6995198706502739,0.021295813385205736,0.07524874349691414
TEST_04263,4.027745449353909,-0.6480451880906168,1.1913449393907056
TEST_04264,3.364577970225441,0.28966132596591526,0.025783871179397726
TEST_04265,1.7589461989047475,0.5214902095614137,1.0348518819641226
TEST_04266,1.1040106850422273,0.25539109864810206,0.46080568511432174
TEST_04267,3.554024573996074,-0.08639413937229484,0.01540013124054357
TEST_04268,2.647731521604224,-1.0941709463125573,0.6276584141471003
TEST_04269,3.2268126734899742,0.8191403551658921,0.19643845527895873
TEST_04270,3.4250988297401603,0.767672696416216,-0.38337271698814124
TEST_04271,2.434690188898503,0.4947949532968076,-0.08939062034513369
TEST_04272,2.9466923524074566,-1.3571647421869613,0.2684761628006044
TEST_04273,2.33089823089115,-0.921652401278171,0.5064317704216532
TEST_04274,1.4333403470570036,-0.4752597055243501,0.10607589368093741
TEST_04275,1.440674340639959,0.05916931419262411,-0.04074011360662767
TEST_04276,2.827261341969673,-1.9967690744340238,0.7004296736808387
TEST_04277,3.323799383704036,2.1847260068626144,-0.2342738616608559
TEST_04278,3.1770961540390896,-1.6507242231676236,1.0029671166234635
TEST_04279,3.1822249880244735,-1.9259347696259868,-0.6884866228635165
TEST_04280,4.373364850024222,2.446796395346803,-0.16941048209156875
TEST_04281,2.624369097492691,-0.48651259012808173,-0.5878553051257673
TEST_04282,3.130878045635395,-0.7917946956467518,0.8741398670897402
TEST_04283,1.669821740338008,-1.513253241686516,-0.4505022855999473
TEST_04284,1.0789935416202947,-0.3906835857519487,0.42841945717061963
TEST_04285,2.2903962990282287,0.20801998311001577,0.06946206363435069
TEST_04286,2.5363267650247137,0.26219970024104916,-0.2819132232321388
TEST_04287,2.402371794602445,1.4529515731600473,-0.8655730412176672
TEST_04288,3.301933957452001,0.26719728589500413,-0.9747898268791565
TEST_04289,2.700921236524235,0.4864323234720387,0.1889206999026217
TEST_04290,3.2760950161310722,-0.44860241810309803,-0.7002356432967677
TEST_04291,2.507720752741649,-0.1500657603191489,-0.40092178459245675
TEST_04292,3.5655487007684528,1.2389669673525272,0.2623638968304181
TEST_04293,1.423735950134281,0.0196529953082873,-0.008991538384184643
TEST_04294,1.1291214782805412,0.7514721163110913,0.4694175321939149
TEST_04295,1.3737522731455236,-0.46579080063710393,0.13675056202794741
TEST_04296,1.534293260852365,0.3813428179507203,0.5018192975359853
TEST_04297,2.9071866221780316,-1.8654910249764514,0.26467142777852576
TEST_04298,5.3924575711408504,-1.006328955888471,0.8815648185680651
TEST_04299,2.194352501464704,-0.07694091490327723,0.7277264877532249
TEST_04300,1.6922295700211152,-0.2955942555473312,0.4567419678539863
TEST_04301,2.076056817303976,0.2874411233783025,-0.29017239512459786
TEST_04302,1.7946264325318968,0.15085282013880624,-0.518859323230035
TEST_04303,4.416783020466735,-0.5377393305074428,0.8331758491374005
TEST_04304,3.7184507622577962,-0.035714014768288956,-0.5453726938773878
TEST_04305,2.2109988537617262,-1.4657708625271233,-0.7121099231727896
TEST_04306,0.8667222759323407,0.48547940024986364,-0.10956865430095157
TEST_04307,3.8706769489074375,-0.32969027751937485,0.10185221572741476
TEST_04308,2.739196981528336,-0.06600962223262677,-0.4509708130473419
TEST_04309,1.9025456031687558,0.46746382618053023,0.13910195749765067
TEST_04310,1.9073288756581412,-1.3868127302312605,0.6422169673968876
TEST_04311,1.9353423958833644,0.20364611749492392,0.09507399359068348
TEST_04312,2.6333076844739103,0.8028673182676649,0.5721071507618898
TEST_04313,2.0441728431802386,-0.09924222074785097,0.06731925042326632
TEST_04314,2.2510734231033944,0.19064918426790678,-0.1684271280844439
TEST_04315,2.282076817157784,-0.09083559906056879,0.011084036572106328
TEST_04316,4.270452505791233,-2.0600514043775,0.731983178986259
TEST_04317,1.5026997923439032,-0.3001544498048173,0.14733792492831538
TEST_04318,1.5304479127826203,0.6297907309730181,0.1824057922202222
TEST_04319,4.140485112382998,-0.2743844478959828,2.219931962002668
TEST_04320,4.45924757813846,0.4446640872972809,0.4875544319471881
TEST_04321,3.2875213766342366,0.9750487401786085,-0.05100424930322587
TEST_04322,2.810209639214208,1.6141668245063652,0.2501875125418693
TEST_04323,1.2531206496354441,0.17204017242799996,0.1605871030135612
TEST_04324,1.698629741913502,0.22068012878840743,0.17814913583156886
TEST_04325,0.8873426361459803,-0.2963012558939877,-0.17066328396918923
TEST_04326,1.2672146556885726,-0.34355705686406107,0.030422309811845242
TEST_04327,5.141628985498657,1.5719849606551632,0.6295383216330526
TEST_04328,4.688158348014848,1.4057142044468491,-0.955350771819401
TEST_04329,3.3265245991024623,-0.07262147051253451,0.16631007029289377
TEST_04330,1.6752701283365368,0.2530254157051466,-0.24941789741440526
TEST_04331,1.0767512464946296,-0.2730227218347815,0.10896463115505327
TEST_04332,4.217324576745815,1.3699492199533199,0.7450178042653568
TEST_04333,2.1556013649349333,0.40021803760096697,-0.06350810318163407
TEST_04334,1.4169588715116639,-0.41269155401973306,0.3201673769775885
TEST_04335,1.2064123772714255,0.45211055006480116,0.20788213805578495
TEST_04336,1.5220579063354738,0.41123585990716105,-0.21117809322205183
TEST_04337,1.3255559901529153,0.2557104026035764,-0.3287421978084484
TEST_04338,4.375650421156055,0.005803386336551186,-0.8491005649473914
TEST_04339,1.2680593846624693,0.588982691042503,0.2540138396791294
TEST_04340,1.3090679697628314,0.5637148381584421,0.0027080028051582627
TEST_04341,3.0091406893236416,-0.4752293819077817,0.41005932812746615
TEST_04342,1.8671007809276423,0.6324495862976012,0.18787959201894716
TEST_04343,1.2485971683674366,-0.22007590767210497,0.2898400509385189
TEST_04344,1.8951016974731656,0.12987571990789176,-0.39262553052918997
TEST_04345,4.929802837787331,-0.4456674285994843,0.8720479349413354
TEST_04346,3.1802203281729575,0.04489493483079416,0.013595405579379535
TEST_04347,1.925299674991184,0.7071991892078768,-0.38649340892298495
TEST_04348,1.6957592799226213,0.43949516755088447,0.399201702727212
TEST_04349,0.9166811675349414,-0.15211104436208078,-0.16969940171751888
TEST_04350,1.9953536753277525,0.5687648965624494,0.08247178455813892
TEST_04351,2.410139624537015,-0.7431499157598517,0.506145602683254
TEST_04352,3.8083625301456467,0.9464796773280628,1.633712330532147
TEST_04353,3.862523269219401,0.6778342824614056,1.9542315783561226
TEST_04354,1.9156620913436375,0.5155013650533435,0.11478208555937108
TEST_04355,1.562380726977253,0.40415294395321427,0.22836495898566908
TEST_04356,1.914773313653115,0.8020886455647124,-0.4825340370240063
TEST_04357,1.9608785312559243,0.6262480849574541,0.13210310816640033
TEST_04358,1.179415494915967,0.5668014537619409,0.27657722712991867
TEST_04359,4.660424798038988,-0.01929521072018672,0.5352763159644954
TEST_04360,3.744090391127465,-1.914002995735054,1.0754955936933832
TEST_04361,3.621657439549515,2.230776144412336,1.2967131836720744
TEST_04362,2.9493943302488077,1.0797680168922563,0.7116435810510444
TEST_04363,3.3837419942011433,-0.5312726518923481,0.8257725812433605
TEST_04364,1.7828502157049604,-0.018749710917297834,-0.4059564148195012
TEST_04365,2.0321120889540043,-0.496598855577522,-0.20233561961613053
TEST_04366,1.7645161832229406,0.018183989492562728,0.06897025005174041
TEST_04367,2.7559219651087226,0.1311414669921262,0.6130630015835413
TEST_04368,2.5778737397959977,0.5263302918946151,0.949779548587218
TEST_04369,2.5367380120310004,0.03606720992465795,-0.22043255453593047
TEST_04370,1.4213847417109076,0.3719178518330848,0.26135572417882974
TEST_04371,3.076370544262517,0.1826594088773079,-0.08354298482639755
TEST_04372,4.068488432977348,1.6306027756566495,-0.6611827937977544
TEST_04373,1.2701571309676052,-0.022667218402143884,-0.09382060522433004
TEST_04374,1.9266357133254624,1.529385581306022,-0.40512353156664704
TEST_04375,1.7329168959310113,0.19714150177173156,0.18779974720252463
TEST_04376,2.653640799392534,0.6451148720568773,1.585476041210516
TEST_04377,2.9475211503778644,0.5367528269650339,0.5910469747154963
TEST_04378,1.483309524283433,1.1872642069488715,0.37122063360441415
TEST_04379,3.764533023022489,0.8306764332011878,0.05762510872077013
TEST_04380,0.9856609786550211,-0.3080216644704356,0.10954875148147744
TEST_04381,3.3577767961973985,0.07896211670262929,-0.16170257805064148
TEST_04382,1.8150365359124039,0.20292998942523194,-0.16765513373906352
TEST_04383,2.6094608404984854,-0.5869545372311845,0.6522905929365606
TEST_04384,2.1694805931248466,-0.011329733884375871,0.3844526151935712
TEST_04385,4.466904298584702,0.43198444052188906,0.312943000804905
TEST_04386,2.6375451803471908,0.6706900161160596,-0.8333133543293898
TEST_04387,2.0946753758420713,0.3081018768678807,-0.5986415315136968
TEST_04388,2.242807712505006,-0.6164840019886193,-0.3560333489039741
TEST_04389,3.059980995957262,-1.7544260105146752,1.358844074569453
TEST_04390,2.4279207944846184,0.6758796852893173,0.8698868969931987
TEST_04391,1.8438044830819678,0.4281690834322279,0.03694911753318175
TEST_04392,3.1447029800803272,0.7359302838527203,0.9725612290446622
TEST_04393,2.703339985263787,0.309912914737215,0.07148846574925424
TEST_04394,3.675546121012469,-0.7560288382363423,0.5777547552362514
TEST_04395,2.3814945025269294,1.0864655905035205,-0.9032066441136886
TEST_04396,1.5503290741673434,0.6852460764808043,0.5033236561726727
TEST_04397,1.8452376204594116,0.016135992729171746,0.5044865000229335
TEST_04398,2.6187487274826746,-0.13208679619106614,0.1876626163054029
TEST_04399,5.300493740455675,0.6107804022334525,1.408749244990755
TEST_04400,4.120864393339806,1.216978337024688,-0.08234961596022786
TEST_04401,4.531563156403488,-0.6250253415758791,-0.28154547722544
TEST_04402,4.30863166108134,-0.8166042184977529,0.41018422067036064
TEST_04403,3.039575632420496,0.06446850320814727,0.42339366227598635
TEST_04404,2.2354519558235446,0.3355344031580137,-1.0036774509494806
TEST_04405,1.8708951081502192,-0.39358022936736586,-0.4176286991607147
TEST_04406,2.118250475744232,0.6816167109268155,-0.2451408360820186
TEST_04407,4.970341721490435,0.037233527662265446,0.24263719937202038
TEST_04408,1.2856761685205569,0.5474390705614885,-0.5823452734584943
TEST_04409,3.4796922970202955,-0.12496168820238451,-0.14195416056956978
TEST_04410,1.1387938703497487,-0.12363223222383475,0.05928924594241495
TEST_04411,1.9496079611379757,-0.41723866323924674,-0.3252641393245572
TEST_04412,3.7113836975128986,0.9493456790685988,-1.1827297490861304
TEST_04413,2.7652651574766294,-0.24287367220111836,-0.16658094965571424
TEST_04414,1.4817323569384593,0.24395567505478383,0.08136679096447799
TEST_04415,3.795958470609303,0.13258492911441763,-0.642633038577012
TEST_04416,2.1287829130828464,-0.7209285385060509,0.2549538917427385
TEST_04417,4.108395832094448,-1.696786828984557,1.9255749932500008
TEST_04418,4.6357776234116095,-1.3621746270804214,0.6759973986558241
TEST_04419,2.5921580066974417,0.7084587138922426,-1.0408357611103003
TEST_04420,1.7032732597191997,-0.311811000860484,0.1593751924137785
TEST_04421,3.2510374901021004,-0.3994970161752191,0.3626729175431563
TEST_04422,1.1713285506154085,-0.22637714390724503,-0.10150770888105286
TEST_04423,3.7204943641101296,0.5129388512646289,0.6653320903227864
TEST_04424,2.5376175697318963,-0.34015390076228574,-0.35816131326322537
TEST_04425,2.074055512900592,-0.7083210449492021,0.5887154737991183
TEST_04426,2.2594256488455917,0.06675927416186554,0.40214713277455605
TEST_04427,4.2308127734589505,-0.1847084055268014,0.9836620068467353
TEST_04428,3.1910310350726765,0.1731855798450918,0.15610263253457338
TEST_04429,4.99793697980961,1.3677567558907728,-0.20016707529023647
TEST_04430,5.3134688416955616,-1.736605858886231,-0.9372001118289287
TEST_04431,1.9865611709246542,-1.220827273815138,-0.5400587005938124
TEST_04432,3.3393436874962474,-0.6072662235458298,1.5656478247423151
TEST_04433,3.814110278258799,0.13017114572226388,0.7707905609150539
TEST_04434,2.9565761254595326,-0.4084908564832156,1.0029921793968584
TEST_04435,1.4012929009161887,-0.11782380228651394,-0.05166069317942738
TEST_04436,1.9196232333331265,-0.12506237292194558,0.6883896285623267
TEST_04437,1.639351767726568,-1.0749096108197074,0.27862672191905485
TEST_04438,1.997336307783016,0.1448290175208307,0.4596338136080551
TEST_04439,3.9876174022756246,-1.5640611561841318,1.444344632395971
TEST_04440,2.4539740812077553,-0.9512893002583548,0.5606056631600074
TEST_04441,1.396540260636118,0.47366323856899223,0.14290185983798856
TEST_04442,3.852662223284713,0.28150641507886137,-0.8711230627670921
TEST_04443,3.6960625715439503,-1.309585490876427,-0.3242651056171381
TEST_04444,2.3981419348943414,0.5828900307322143,0.40141319208646525
TEST_04445,2.364985334447337,-0.028074331345301115,0.0776950004879284
TEST_04446,1.6493318213988855,0.429606599108288,-0.19273565728801473
TEST_04447,4.2357979631536855,1.4111285001695055,1.0015204080413853
TEST_04448,4.294765135717086,1.6248866239253734,1.503454759104263
TEST_04449,3.278072536443163,-0.35024281175932476,-0.5034638166384586
TEST_04450,1.2701472758582162,-0.05125334529182038,0.19343604986014354
TEST_04451,3.02538939526332,0.5414870258740103,0.15183415132834144
TEST_04452,4.731783455277919,-0.21032228637895128,1.6147047487915163
TEST_04453,2.318279044811767,0.08337660136855109,0.38783146255005063
TEST_04454,2.3083653753265123,-1.5287151375794303,1.4166969242219918
TEST_04455,1.8593289867603018,1.0444647749750502,0.13776070599890516
TEST_04456,3.3916327314974293,-0.36844183275018993,1.0302255386893895
TEST_04457,2.290482991596553,0.07789170291862195,0.1062518366829851
TEST_04458,2.7175626174582224,0.22143860320334385,-0.11675348132408779
TEST_04459,4.608126634325759,-1.4424821172259308,1.0407812540787542
TEST_04460,2.452560038226588,-0.18556968595581236,-0.6949987442221588
TEST_04461,3.1856979705110726,-0.4684838774774213,0.7679415436723808
TEST_04462,2.0271315161733,-0.2253288276377328,0.14415235596245593
TEST_04463,1.8589134789880304,0.02379371943139907,0.5870788113930495
TEST_04464,4.2886002890274435,0.2952319957810374,0.694095521789811
TEST_04465,4.28471287963049,-1.6580685481799193,-0.3138473549184088
TEST_04466,2.0974993946590255,-0.062404755869712995,0.2997939257585628
TEST_04467,3.66302886724531,-0.7943405159396975,-0.5926341683616674
TEST_04468,2.57171702578406,-0.8109483146196873,0.4823187751720422
TEST_04469,2.636356292627832,0.08843548641890821,0.8043201563150183
TEST_04470,2.303469290180926,-0.10348516408557835,0.6276393570186651
TEST_04471,1.2671892491983714,-0.6001022747818716,0.21347128170054944
TEST_04472,1.2092346533023526,0.48603252319799994,0.02331698431178318
TEST_04473,2.225741220875791,-1.0310265792211315,0.8702004822800862
TEST_04474,1.5205575086897678,-0.2071965288156167,0.10774050064695165
TEST_04475,2.3401952640595947,0.7304907193418585,0.5311741098439545
TEST_04476,2.8790914186916368,0.43599355237835663,0.8313666338617742
TEST_04477,3.0680233879084877,-0.24023625805727494,0.9740364682849617
TEST_04478,2.9427931717811084,-0.8795432057518563,0.7708566105095687
TEST_04479,4.218675342102999,-0.1826326553092707,-0.08777983763241044
TEST_04480,4.366149083824498,0.5108650944823815,1.4721206753157183
TEST_04481,1.3945525949024737,-0.20617573435442982,-0.11234674692035736
TEST_04482,2.484901831898013,1.4572089308757579,1.617294877289256
TEST_04483,2.423480286845068,-0.9799897255704556,-0.8688943526977005
TEST_04484,2.1187423517203614,-0.2974977315398343,0.07566108409967091
TEST_04485,0.9425765617790538,-0.006708728508140126,0.30261252982485426
TEST_04486,3.79842679728377,0.492742207929369,-0.6646025415324012
TEST_04487,4.235182396594955,-0.6879892018857997,0.217307561840489
TEST_04488,4.597788203406095,0.444064770468741,0.24301570701867173
TEST_04489,3.1672923561199355,-0.08730080666781206,-0.0823513599184405
TEST_04490,2.59372301237712,0.2639128102779072,0.5932508861973672
TEST_04491,2.864486762779614,0.1921059529418107,0.5144242901452234
TEST_04492,4.635780030391514,-0.793052957987193,0.7590421795374873
TEST_04493,2.5534829424564607,0.030851340917135452,0.012483090279732446
TEST_04494,2.2068949755791185,-0.1813467521636182,0.015076814824959641
TEST_04495,1.4556958260322344,0.8331970421605082,-0.2001841395635585
TEST_04496,2.9647406382644195,-0.04866763074754205,1.3284852920904937
TEST_04497,3.5399642248137946,-1.8487022361037948,1.8293568065288837
TEST_04498,5.081909847072265,0.6375227942606421,1.6265125178740025
TEST_04499,1.991418280993666,1.2292213161503003,-0.42971280229168096
TEST_04500,3.04225370913555,0.3564281381431105,0.5122708080107642
TEST_04501,1.1714985961481286,0.07397139437634911,-0.1253355138031384
TEST_04502,1.9481266537973845,-0.28026362044079245,0.49818062087428155
TEST_04503,2.204989259931229,0.11181849354691499,0.5934816883564368
TEST_04504,2.7142986138153438,-0.13772629866307304,-0.6006993933331956
TEST_04505,2.7647127829610048,0.9501988772883012,1.0456719490641806
TEST_04506,1.5496337997437473,0.5116184243203769,0.31070572112477707
TEST_04507,2.073210963045324,0.5167470562803868,-0.1465484101044858
TEST_04508,2.7970833303472875,0.33754005806608955,0.6319171085566035
TEST_04509,3.317551459203003,0.4897779398011055,-1.170521664397392
TEST_04510,2.6861631780813306,-1.1649005779388142,0.7204255045010786
TEST_04511,1.1444627569815464,-0.4092071683902733,-0.1114896031585132
TEST_04512,2.207589198229397,0.7406079086348845,-0.30763336467039026
TEST_04513,2.0815017996250456,0.05712871718511174,0.3055459743655729
TEST_04514,3.0624134652884765,0.14378383176287668,0.013128125753171023
TEST_04515,0.982135958069357,0.4961158773068124,0.07164793880821824
TEST_04516,2.9076471851158243,0.7137128356481273,0.45066167588551853
TEST_04517,1.465716954632178,0.3954545885150981,0.4008973951468865
TEST_04518,3.513054828802634,0.44108725743942745,0.8808438519190809
TEST_04519,5.469122355248629,-1.0205784564151148,-0.9388605492591522
TEST_04520,1.9357093923690882,0.9512023165560307,-0.1702090344501103
TEST_04521,1.6593687764418408,-0.6769793986650318,-0.1934623914760461
TEST_04522,2.6015751052517184,-1.4338193283222633,1.3572600330940003
TEST_04523,3.305068026561766,1.9270070459640674,0.14357630842272712
TEST_04524,3.645260771057184,1.1597853947207717,-0.5270969471021373
TEST_04525,1.8241510718557612,-0.09001553564896891,-0.035150825655720634
TEST_04526,2.9551700007667088,0.2946353530986269,-0.3122043913945457
TEST_04527,2.8876181836261585,-0.596843200774368,1.326224542454906
TEST_04528,2.7559988311275263,1.1240647268878057,-0.4841032762647749
TEST_04529,1.9728162668807616,0.440233547437443,0.06522679703776206
TEST_04530,2.571099817379094,0.4714219122965413,-0.31185719081668584
TEST_04531,1.1537131297551522,-0.1229226008016883,-0.31275750089007026
TEST_04532,2.667604972474773,-0.5976954994037664,-0.961843538821541
TEST_04533,0.9304343595442107,-0.05524510174577661,0.1932609206988538
TEST_04534,1.6033806286251633,0.23754945442785072,0.21871153081923647
TEST_04535,4.143608426691975,0.36510018344184225,-0.1293836374689848
TEST_04536,3.212531364728583,-0.8693302906478084,-0.6543616855332519
TEST_04537,3.5720401873877456,-0.3577337532951613,0.745113609288832
TEST_04538,2.9787434878428694,-0.9045712885027023,-0.33398417861584856
TEST_04539,2.1419767125858478,0.13234478313461012,-0.7304085655067469
TEST_04540,1.5826894828906768,-0.6858768274246161,-0.13563904469113158
TEST_04541,2.300557664914342,-0.01091246477879445,-0.3339591520994625
TEST_04542,1.5469780937777675,-0.38012609802660474,0.43617219488945286
TEST_04543,2.3020381018368394,-0.41284003720637197,-0.6266354864477409
TEST_04544,3.7753328812081306,0.5398098819016338,-0.22477628576074019
TEST_04545,4.438903806308863,1.5900652218056348,1.6848626451846906
TEST_04546,1.2492120013657078,0.198271968021291,0.04030021086142888
TEST_04547,3.9409396602078144,-0.507841222431038,0.6766501702828724
TEST_04548,2.821058865892852,0.593774113333229,0.2048218241947301
TEST_04549,2.634912805381609,-1.2488521256600498,0.2096210077662483
TEST_04550,1.953478845895374,-0.49101562834610696,0.6158854152561476
TEST_04551,1.3927986790637317,0.19147347117897676,0.033013893587666494
TEST_04552,1.724806083117445,-0.6579653567551818,0.04710553777125853
TEST_04553,3.6640850377063057,2.0795165908446687,0.7067435295374334
TEST_04554,3.6927233587272497,0.3082409833026,0.3304125920364452
TEST_04555,0.7415158246000786,0.37217545624137904,-0.2291001682381472
TEST_04556,2.75598999610482,1.1215691848140257,-0.7808546848723427
TEST_04557,2.88002015652333,0.9770793646709751,-0.6285407841225681
TEST_04558,2.30489727153982,0.8140570597030108,0.3305608477413231
TEST_04559,5.626974189633679,1.569596444850954,-0.5312958181872942
TEST_04560,2.8789043713741385,2.3831739552954296,-0.10314946676382108
TEST_04561,1.5365865992796353,0.2955845391372307,-0.4737294333938293
TEST_04562,3.709676985084674,-0.5025461139998385,0.6462129417273884
TEST_04563,2.4027035995152963,-1.6554375522865994,1.2260104387579176
TEST_04564,3.099221230490603,0.2281630409731651,1.4605503347322013
TEST_04565,1.099079047264027,-0.20386352974734143,0.33166613030569453
TEST_04566,2.7595729876680486,-0.0833154862512348,0.8447933436790092
TEST_04567,2.8978770126353153,0.6248765918557819,0.7046605289301017
TEST_04568,4.71685374148554,-1.6959442652761092,0.9589642123353562
TEST_04569,2.521682260990944,0.7026394540484228,-0.13568461253160707
TEST_04570,2.0131610946689094,0.5847655068603969,-0.3137946536449498
TEST_04571,2.819834579763939,-0.2669019790656123,0.7930711215237891
TEST_04572,2.4101568080353934,0.18572766202749894,-0.7589409227829722
TEST_04573,1.5437428554227663,0.18200153987940193,0.022488003971981228
TEST_04574,2.2574892322036497,0.11089594365500793,0.4056735907112316
TEST_04575,1.4472931552726307,0.507059439761283,0.28521189269280267
TEST_04576,3.120248960205467,-0.17868241439298413,1.0433957203463569
TEST_04577,3.2810288920850894,-0.0666606936858069,0.6504270746157556
TEST_04578,4.868201401594042,-0.6360324734224578,-1.1589833129164235
TEST_04579,1.7299804008822754,0.33737988985038986,0.5319281757559703
TEST_04580,2.425302805361644,0.09158091047617149,0.005406136022434031
TEST_04581,3.4830778320178544,0.30004459579987913,-0.6967741346251307
TEST_04582,1.6196598036393604,-0.5565311682795813,-0.497499695911929
TEST_04583,2.0578279529302357,0.6411612239241585,-0.36826715679945926
TEST_04584,3.084894641091734,-0.5350323126170311,-0.5125311648935058
TEST_04585,2.1407061767714737,-1.7415292776369609,-0.4750939963874164
TEST_04586,1.9250328135531103,0.1438493480474936,0.20756337321842372
TEST_04587,2.527572408720959,-0.3183750097923005,-0.3843229704465343
TEST_04588,2.354002088384704,-0.8315571919627248,0.09784187952071086
TEST_04589,2.8253252783181426,1.1760855741351441,0.5289368849651133
TEST_04590,5.099578051437652,1.4951288326074301,-0.02186763137445819
TEST_04591,2.1568581208888973,0.23649540628347085,-0.09730803774729266
TEST_04592,2.276815001372448,-1.263366497098251,0.03739719485071819
TEST_04593,3.535525096920168,0.7267718287605645,-0.30698816980923904
TEST_04594,1.7850146698829188,-0.051330184907199594,0.25564003536029556
TEST_04595,1.0643238709900908,-0.33233441182762263,0.42224079824233174
TEST_04596,2.21705453538382,0.657854297852737,-0.12269656868469304
TEST_04597,3.493083813994492,-0.8960463999232728,0.7795717097099032
TEST_04598,1.2999885529710882,0.34736967768543403,-0.0554841324300061
TEST_04599,5.494257135956756,-0.21030927594831028,-0.2474620194814485
TEST_04600,3.8876902477539295,0.3621378667289993,-1.0306960620292622
TEST_04601,4.537530949391634,-2.145904328176581,-0.32011514576092126
TEST_04602,1.8860945862175071,1.1015441196785398,0.1770952530394845
TEST_04603,3.483541250160218,-0.8739213053881253,-0.07493926882745709
TEST_04604,1.4329668710139072,-0.13177039996575785,0.51001788386989
TEST_04605,2.6157623285802774,-0.027360027297601598,-0.6598695108259068
TEST_04606,2.9383975895194703,-0.6845443581935304,-0.6725774181773743
TEST_04607,3.1871041254461687,0.9244871156402075,-0.6962545635240757
TEST_04608,4.220661176819304,-0.6711574083953564,0.5355786496227231
TEST_04609,3.405762232483069,0.1728035705853278,0.46793716173791805
TEST_04610,2.9333333589195685,0.31942659769652243,-0.29189792682982796
TEST_04611,2.6287993659295124,-0.00967118481265255,-0.2151427141367698
TEST_04612,4.623592775760135,0.14408677377275292,1.2390507106725916
TEST_04613,1.3765593607841788,0.09391265911105164,-0.03965265686446827
TEST_04614,1.7950790515732868,1.1376640513644338,0.3350213444704529
TEST_04615,4.063396523313274,-0.8425410307233308,-0.639168954571618
TEST_04616,1.73812162679634,0.2512989499367138,-0.24406122659919327
TEST_04617,2.889484973876023,0.06258698602106418,0.9358183265434633
TEST_04618,4.733698929655204,-0.7679146132032681,0.49730210982754064
TEST_04619,2.248825603451179,-0.4190733272731986,0.10957317349967073
TEST_04620,2.83284559687743,0.20139598347371512,-0.008357967996770936
TEST_04621,0.7705560859661823,0.1436939248079749,0.08455254929312003
TEST_04622,1.7233495470654052,0.4908021992315873,0.5248183752203294
TEST_04623,3.3229048539008073,-0.26135516956495514,1.0986202649760353
TEST_04624,3.2794959822993572,-0.04278535430261857,-0.14342398112850088
TEST_04625,2.6981179739408825,-0.6946065549880177,1.5185518090105805
TEST_04626,2.6385431223902485,-0.2877004163553176,-0.39477164777582874
TEST_04627,3.96279871699176,-0.13081080558986702,-0.13753318862189828
TEST_04628,1.7533263597723372,-0.22855929514932935,-0.022748751273577526
TEST_04629,2.0108435792200625,-1.0863188109421922,0.3653223144206666
TEST_04630,1.1467152937661336,0.09034766796049334,0.29661794793078533
TEST_04631,1.5214993009764202,-0.7298885674376075,0.4542249079285722
TEST_04632,3.3321076750098904,0.47698969315093187,0.16269249993565144
TEST_04633,1.7055326304284457,0.5254450426133022,-0.24072272249248797
TEST_04634,1.7239904970485076,-0.3848699741099021,0.19783177198774884
TEST_04635,1.0542371923723655,0.6064842865167945,-0.3576665112378622
TEST_04636,3.915166193411337,1.8702170526020563,-0.7832909366682989
TEST_04637,2.3721203260485697,-0.45842781781684655,0.05059516480672372
TEST_04638,1.3201639674923076,0.7259172683767784,0.17694471030696618
TEST_04639,3.43383682676355,-1.1129319707857073,-1.2228589176161937
TEST_04640,4.781724195370966,2.3065517494584595,1.062659683432308
TEST_04641,2.792448958128519,0.2734277882715538,0.5578994475507322
TEST_04642,2.7460499442101423,-1.3873210590546146,0.16858405452866138
TEST_04643,3.7079069477816495,-2.256641700558956,0.16465889333051786
TEST_04644,3.401913528145719,-0.7104723696169627,-0.8608399817049348
TEST_04645,2.812178204739568,-0.6691101349509601,0.1897555258090586
TEST_04646,1.536388172144739,0.2691261005650742,-0.23467470270216645
TEST_04647,1.9202982887460778,-0.23829337859422992,-0.11332404287715414
TEST_04648,2.857032120723808,0.522622139294975,-0.4740572819742432
TEST_04649,4.05197203840129,0.6199491553568017,-0.5339121220116216
TEST_04650,2.780730212962135,0.6315785700060995,0.2618893441711962
TEST_04651,2.4983771428993085,0.19299313810452368,-0.5304393231374184
TEST_04652,4.293741064087998,0.7071675032757765,-0.33684559568987316
TEST_04653,2.343880798846303,-0.04366918170221437,0.2086573769147933
TEST_04654,2.0107288849257756,1.6308490281073147,-0.15999668146900056
TEST_04655,3.2078978136617042,-0.5873178924474333,-0.7419052010805616
TEST_04656,1.9739220809768083,-0.04675871385206074,-0.3513975969538873
TEST_04657,3.2938776602080697,0.5021332709795958,-0.2658374764983904
TEST_04658,3.8479770292965974,0.5494548628527085,-0.8391437948377015
TEST_04659,1.5454902583075523,-0.5158122404907434,-0.1614158273057996
TEST_04660,0.9802540969160216,-0.18169414846549245,-0.10693822659006265
TEST_04661,2.053532346255295,-0.036815976167650234,0.549871280671808
TEST_04662,2.0838318139040206,-0.6707488895079354,0.02442742576333384
TEST_04663,3.830685322274829,0.20465545927628992,-0.10232678126626596
TEST_04664,3.9980188204373777,-0.538521503465206,0.7138126086916031
TEST_04665,4.104152357079313,1.1971325253778224,0.08764908961832536
TEST_04666,1.7849193568223474,-0.5656757374849515,-0.7925946280466288
TEST_04667,3.3876146645096146,-0.18713569893936463,-0.07309795959449153
TEST_04668,2.799105676529954,0.1988646177456797,-0.1435357542268478
TEST_04669,2.8750644712742233,0.23689677660203912,-0.5673447443848155
TEST_04670,5.037443884229135,-1.1744699367484195,1.179061566707094
TEST_04671,1.303630430121901,0.33064639123394596,0.16834392774156598
TEST_04672,3.0930791978303867,-1.354693418603657,1.5149578851496754
TEST_04673,2.562110233614414,0.47705215456150984,0.36881695659947944
TEST_04674,2.9350915355791236,0.1431952279491031,-0.04835509429125951
TEST_04675,2.418129522461108,0.9753909707912007,0.5799170892955655
TEST_04676,2.233931689481227,0.1846350395378699,-0.05701253448858812
TEST_04677,2.2115403714860773,0.5151538327315773,0.028591963436325588
TEST_04678,2.177992439624851,-1.1380577464123662,-0.527002607594429
TEST_04679,4.971594229202721,-1.5937894333062428,2.1572664546355322
TEST_04680,2.262053209515785,1.8059424130553823,-0.3786279755096762
TEST_04681,5.053911435605794,0.9339816895766746,0.9580322874313275
TEST_04682,4.908602347719584,-0.037423171299129164,-0.8158493683187708
TEST_04683,2.6102679155760824,0.7119893876234671,0.20963416087985523
TEST_04684,1.8002171218779646,-0.3296814462521827,0.7028410760838544
TEST_04685,3.059995053141577,-0.04631717897318053,0.06442691967380584
TEST_04686,3.9059263351930236,0.36418393276407407,-0.21854583209005504
TEST_04687,1.3223699421237682,0.2632646202937215,-0.45780309560155036
TEST_04688,2.4958553663254204,1.323112035345037,-0.9722416456227305
TEST_04689,2.3783950057356624,0.32127946876076025,0.09478712700076343
TEST_04690,2.5602432665376225,0.746173469260343,0.47111139335546914
TEST_04691,2.9326180798055033,-0.15102037979386165,0.6508205959679108
TEST_04692,4.035442566751751,-1.1815470930724705,0.5139854822834887
TEST_04693,1.3148191311472264,-0.45217360021454184,0.4254578609182245
TEST_04694,3.211137193499079,0.05939517473539648,0.5465819295099744
TEST_04695,2.718832630631048,0.18960591834715212,0.2116758463267367
TEST_04696,2.7065988402485743,0.5521261634782314,0.00805142165519263
TEST_04697,1.4715917532684537,0.04676885977307658,0.2153550468015912
TEST_04698,4.364842177707134,0.06268644834911358,0.8313127427307535
TEST_04699,4.6251318764513965,-1.4991284434648893,1.415896376997455
TEST_04700,2.8601847856518945,-0.5046348463223466,0.4890818248259127
TEST_04701,1.499585506938666,-0.38605645865145655,-0.1102579368700519
TEST_04702,1.3610163810252414,0.3308060581676585,0.36941727449055345
TEST_04703,1.5156326049288267,0.09367141378792497,-0.1938759874010757
TEST_04704,1.2369942857963103,-0.5540072616842758,-0.27450916768862915
TEST_04705,1.981420559294869,-1.5753321041012078,0.9908133253329167
TEST_04706,0.9775844032733785,0.031677603641389815,0.330627907376276
TEST_04707,1.728470154489785,-0.7127551813077623,0.022367043808561693
TEST_04708,2.5262032827848233,0.003900692839979415,-0.2019358144245857
TEST_04709,3.340333232385118,-0.06097260727828431,1.4359142618539993
TEST_04710,4.240586781813672,-1.1396457049769932,0.060975911961698374
TEST_04711,1.7027496975594514,-0.31030828982211317,0.18017504813737617
TEST_04712,1.8414772621602087,0.4026927832308149,0.5296907640021582
TEST_04713,2.348063601119423,0.4617697990367194,0.024318061271524395
TEST_04714,1.2310362266625523,0.11302976793953434,-0.10139140878119458
TEST_04715,1.5439115834147255,0.3804034160796065,0.336545234726917
TEST_04716,3.7908337573212116,-0.2932519685586655,0.0815675509945863
TEST_04717,1.7405084122598158,0.01749166883978133,0.16965536938828724
TEST_04718,1.9958387687737171,0.390406907258402,0.9131891564468172
TEST_04719,4.161237163396852,-0.5573812091638187,0.6001174804582244
TEST_04720,4.046824630404064,-1.2755734714429892,-0.5743316360850396
TEST_04721,3.500926628049606,2.2801064215404483,-0.4966325452052856
TEST_04722,1.714063987320997,-0.7707284146013137,-0.5713077137902115
TEST_04723,1.4762001208693962,1.0800208957169906,0.42396368696446146
TEST_04724,2.756275900653767,0.6633612244656484,-0.35498894083162874
TEST_04725,2.7907329515092627,0.2331124404922984,0.565085094282489
TEST_04726,3.491391132231582,-0.0123372178274949,0.16309418804162484
TEST_04727,2.47495620553267,0.5380256337380607,0.8727787870273058
TEST_04728,2.534490106219385,-1.6297959801100688,0.570732439769391
TEST_04729,2.8619890100834384,0.4134086050755981,0.098450639950966
TEST_04730,1.0654928937073775,0.07635249269930582,-0.22772208721555606
TEST_04731,3.823135567906421,0.08922957896629939,0.35647877605109657
TEST_04732,2.8539574290300402,-0.7950418892333636,0.713280367522932
TEST_04733,2.239940764659611,-0.3039511183789856,0.6222088809213948
TEST_04734,1.91884336286336,1.550063622824111,-0.31902903358097984
TEST_04735,3.990622395228337,1.3474721520619644,-0.47169642611705365
TEST_04736,2.8663032452027224,0.019087492353999258,0.9304293906561838
TEST_04737,2.9978485232726695,0.026759830999614192,0.15841192862499787
TEST_04738,2.3700424081341214,0.0982053465399741,0.4080379392889526
TEST_04739,1.2470514413008176,-0.4233324235943841,0.15668161326475874
TEST_04740,1.425333529621352,0.2606157901734332,-0.14830296703207058
TEST_04741,1.0499493018846398,0.13376475111787126,-0.35037857328577515
TEST_04742,1.9897836833678737,-0.2098247792972204,0.3201080898421462
TEST_04743,2.154134133909447,-0.7375129223231998,-0.8239839483248985
TEST_04744,2.8935340599757855,-0.3423264970431464,-0.037046601748716414
TEST_04745,1.4960291812891762,-0.08724750602323798,0.47247717365205083
TEST_04746,1.2344355258186523,-0.021197302918508527,-0.1622468192816879
TEST_04747,2.3399938993064135,-0.08455516483110101,0.07583935469819257
TEST_04748,2.784676979585889,1.023532146678784,0.31015318210623744
TEST_04749,3.3753034297450344,-0.44567581486628943,-0.3299271312360061
TEST_04750,4.155662820920269,-0.1044219422741432,0.7653015513980894
TEST_04751,1.2805314917079893,-0.7084725316004954,0.06720316966967207
TEST_04752,2.155883206402429,-1.3315143454253602,-0.8039988556604871
TEST_04753,2.5227259643599984,0.8043689121964624,1.075204474879499
TEST_04754,2.2505379230134483,0.3028430142208021,-0.006604984507714347
TEST_04755,1.4663800938045628,0.44363015834261393,0.24424231949922612
TEST_04756,3.470909511130573,-1.2504207544290233,1.4884797119069528
TEST_04757,1.8287798398294137,-0.23086066552429685,0.32234497897045133
TEST_04758,3.0149181682485775,-0.3882331362257661,1.1551763540250002
TEST_04759,3.855921847652513,0.3711754439050492,2.1421345999939794
TEST_04760,2.023107527338161,-0.8343245383314521,0.26080080941151423
TEST_04761,2.5227645816003443,2.2626154529673026,-0.6215750842201431
TEST_04762,1.7263600076268213,0.47092566847163697,-0.7177833004287029
TEST_04763,3.1362476291149055,1.4887934715134234,-1.2441177823469778
TEST_04764,2.5398068507725005,0.08435179857733059,-0.5109936447860155
TEST_04765,1.0352975375425473,0.10872554735156896,-0.2016608752594633
TEST_04766,4.4464237236184845,-1.0196938557851147,0.5231182161123973
TEST_04767,1.3144072260700939,0.7044914401161954,0.4822422989083602
TEST_04768,3.2423336024305836,2.2388299884780016,1.6099049675048187
TEST_04769,1.8712329077103724,0.10519971823018331,-0.08152122799336632
TEST_04770,2.254927988374487,0.18475126765421443,0.2991363859872658
TEST_04771,1.0694879234724475,-0.4182765120589819,0.11506346235629618
TEST_04772,1.1518970237525887,0.5363032396059583,-0.5790545898604984
TEST_04773,2.307220429838373,-0.8197100098431571,0.13896300413159637
TEST_04774,1.8949673014673818,0.6662216390035902,-0.18515800866389753
TEST_04775,2.7610379185505782,0.5063506660118207,-0.10133820440547502
TEST_04776,1.8387064920753324,-0.07183925842339212,0.8272397407261933
TEST_04777,1.9797086495799627,-0.8877765592740521,-0.01437735188670817
TEST_04778,1.770992028625139,0.3573017983646263,0.5808331514710651
TEST_04779,2.2390865269713145,-0.4245351880162575,0.2430347505534055
TEST_04780,1.485605281034794,-0.6875637607881808,0.4766327205321347
TEST_04781,3.3622026676486056,-0.5430335940414797,-0.10203448616443732
TEST_04782,1.8519722627114972,-0.2793757768445776,-0.5682734959511624
TEST_04783,3.099418781215532,-0.4108522429514775,1.240153292188544
TEST_04784,3.264732179314824,0.20068433281810005,0.2158897033791751
TEST_04785,2.822814167288204,1.7703116105781025,-0.585224154254438
TEST_04786,2.8219291781291633,-0.5768729583295965,0.2830865495689651
TEST_04787,1.6524198387411477,0.3196400808497859,0.37317405009171617
TEST_04788,3.4474247068642914,0.19114601069394088,-0.09585149003273379
TEST_04789,4.698425153571157,-0.4150110507226876,0.4040316616168039
TEST_04790,3.58035985512654,1.1853785777481622,-0.2555113889302013
TEST_04791,2.172270487246284,0.05574785330536469,0.6091082946980592
TEST_04792,3.3258699308075057,-1.3090915375547456,0.5674487812543728
TEST_04793,2.962430326683749,-0.008981455821248718,0.977647704006957
TEST_04794,2.12957362627708,-0.22276290664021817,0.027975731770126605
TEST_04795,0.8345404606477247,0.0032567020101657014,-0.0388431188829916
TEST_04796,3.547947269288285,-0.8593227788310962,0.5182940957478311
TEST_04797,1.876286597402251,0.2633211812664889,0.5114291797723871
TEST_04798,2.158680334075117,-1.1849917802134913,0.6443862315050893
TEST_04799,5.023481563522303,0.06006702094943017,1.6816420442860696
TEST_04800,5.008578978371418,-0.21844725143330757,0.6166648880930095
TEST_04801,4.852498230248243,-2.4342918609864315,-0.9587661620126412
TEST_04802,1.3597145647407822,0.889190305553204,-0.19180333501000682
TEST_04803,2.384783055106402,-0.9822713058245538,-0.25173836463058186
TEST_04804,2.134394636437822,0.18237464319831395,-0.14604965459228464
TEST_04805,1.1241002529996955,-0.18022112234825585,0.1914275767917214
TEST_04806,2.448385811039661,0.02860467324458765,0.15557477034959297
TEST_04807,4.061603005315538,-1.0042141848857908,-0.6291746670285894
TEST_04808,5.872461512090973,-2.268099285418321,0.5985197640737366
TEST_04809,1.7967102333802194,0.45392847553144994,-0.3078927710677113
TEST_04810,2.059450732376693,-0.42995319128445975,-0.546514939657908
TEST_04811,2.0900445103298906,0.10612439968690968,-0.4736066600171885
TEST_04812,3.006817515675916,1.3215587611371429,0.4582116396657186
TEST_04813,1.0217794818733343,0.1086951088092662,-0.22377631001818268
TEST_04814,3.89204778392103,-0.16867517309401775,1.1753875825621194
TEST_04815,3.9163594401810076,0.3454799729670929,0.4142926511874121
TEST_04816,1.3967638702313243,-0.7321390839698674,0.4078389749463927
TEST_04817,1.6470450507636152,-0.38667724911816165,0.6042846964834446
TEST_04818,4.764828944875206,0.6767492667531367,1.5726384374039564
TEST_04819,0.805876027398501,-0.0483135182940698,0.1778152440550217
TEST_04820,1.325532913538012,0.6226860417784089,-0.037802439872923074
TEST_04821,1.156779582734879,-0.22949295395903002,-0.07428962498952207
TEST_04822,1.4928646666371708,-0.012798798298258182,-0.20499046837192642
TEST_04823,3.7503726784364835,0.06506036485722204,0.21393349700434813
TEST_04824,1.6073106614861918,0.45609754086256543,0.5458341621308982
TEST_04825,1.7827029986853684,-1.100961501180315,0.2252821126711799
TEST_04826,2.5644283099915888,0.33652143420551806,0.12687405285050024
TEST_04827,1.7534771618426048,-0.2946572709250014,-0.581257359952458
TEST_04828,2.755049495929417,0.9160505102961755,-0.8265033454849389
TEST_04829,3.4595043613466996,-0.6582055484486377,-0.9068912886799111
TEST_04830,4.5653532528504455,-0.06709509028077262,-0.7617586092145472
TEST_04831,1.378845131279732,0.07996335281484784,0.044468267865683794
TEST_04832,3.1999141912965916,0.5394452256276491,-0.42511439627881076
TEST_04833,3.7001824487928605,0.6050817378874652,0.6756428275055912
TEST_04834,2.3765896330115317,0.16791112072694261,-0.011187279390828805
TEST_04835,2.4104813526494144,0.16590550359301315,0.3885749059540285
TEST_04836,3.614550350157217,-0.37458591928135326,0.8506145414201295
TEST_04837,1.7618331668254439,-0.1708126317118795,-0.1306976524554929
TEST_04838,2.1109048914841737,-0.9519157177700868,0.08335110661317081
TEST_04839,5.35218124553301,0.9618763769403986,1.2815501548202404
TEST_04840,2.0992557664831204,-0.6980970621492535,-0.18722209456521743
TEST_04841,2.937248712426908,-1.334644695581946,-0.07984216941978674
TEST_04842,1.8304898361736655,0.1742914492298199,0.11126495672715528
TEST_04843,1.947253894089808,-0.32481246909036354,-0.7692963173505668
TEST_04844,2.5470898561635,0.31226415431120524,0.2641391417926353
TEST_04845,2.2646134884650677,-0.3269338768118495,-0.2425825676161111
TEST_04846,2.228114126078315,0.35245619505051135,-0.30214538448700007
TEST_04847,4.0796573515759516,-0.7307847819870479,0.4515207331699539
TEST_04848,4.070210009123658,-0.3186112726928195,-0.666887732299234
TEST_04849,1.8765787838981758,0.09681636439722134,-0.04063396277170961
TEST_04850,2.0955932054943087,0.24042442245236267,-0.2685203121816408
TEST_04851,1.7964058941945347,0.08204949917809318,-0.02763698634868699
TEST_04852,1.6283555309602231,-0.2203835200317636,0.20116819994843524
TEST_04853,1.0413973669707732,0.19687588244813686,0.036122974923165886
TEST_04854,1.0232396798694203,0.3333959913869055,0.17658287403038705
TEST_04855,1.1758883572326095,0.6249514174171596,-0.19712677328477252
TEST_04856,3.390172781293977,0.6547890658903417,1.5343350506928972
TEST_04857,4.273436675619429,1.5086551485760047,0.1566556492152259
TEST_04858,2.1825248669909985,0.1334835421149082,-0.000510853719569266
TEST_04859,4.366669177770425,0.9441271013576958,1.0481285379180043
TEST_04860,2.86733491252093,-0.8868737309538268,0.6694958656456438
TEST_04861,1.7009154902530728,0.015777105066337206,-0.3493409132205018
TEST_04862,1.3113164296661444,0.36827933216889036,-0.041773054774305825
TEST_04863,3.208026441883015,-0.6246401659490166,0.7998706662746953
TEST_04864,1.782665764234943,0.641599449002921,-0.003937908231458568
TEST_04865,3.0649182914696684,0.723334329634001,0.35310261358879097
TEST_04866,3.187164391098901,0.025802572392439813,-0.07711019076048314
TEST_04867,1.4763235166485997,0.6383658431745073,-0.05845982315539172
TEST_04868,2.977961017826493,0.0332498301549911,-0.05063190422299527
TEST_04869,4.594622455388847,0.24457170742303638,-0.6921954563468269
TEST_04870,2.4994442370569847,-0.459106094375283,-0.21046391744078582
TEST_04871,2.300408726137372,0.5282475857884847,-0.4586332470349433
TEST_04872,3.2042711281547356,-0.19910248687925616,-0.9090861077119379
TEST_04873,2.8520738226362377,-1.0042975943249328,-0.2037107864953357
TEST_04874,0.9868619959783882,0.030612503483459504,-0.1441838493831118
TEST_04875,1.440362733870878,-0.3322626291818349,-0.21567048802810784
TEST_04876,3.7433202033508604,-1.392911006949315,1.0700201894824146
TEST_04877,2.3564703451443543,0.3043998179756803,0.2567408034286112
TEST_04878,3.173453719144937,-1.1833976807381401,0.13243337560268376
TEST_04879,5.552196822387587,0.9448538091544603,-1.2751456401364931
TEST_04880,2.4951855874552153,1.566585157702261,0.06021859797477951
TEST_04881,1.637183747776872,-0.04916007554963066,-0.0501577294694902
TEST_04882,3.1863893896523154,0.9282506342045352,1.397756106843878
TEST_04883,2.510377542146124,-0.25901096574320054,-0.7094188663906195
TEST_04884,3.3469701079289917,-0.24546567419903195,-0.5690920946356836
TEST_04885,2.4661255286833863,0.14143092300930787,0.17865296498532257
TEST_04886,2.5455387556334514,0.258766625186948,0.00985738659274648
TEST_04887,1.1969738207484777,-0.17931229829456125,0.4497312450397012
TEST_04888,2.2422723462631833,-1.769244384436216,-0.6477498967804824
TEST_04889,2.9024428451417634,0.46431231902122666,0.19768610191454122
TEST_04890,3.0890890853356794,-0.17396060455932305,0.16138799384790328
TEST_04891,2.4462942769079485,0.0023556844770988576,-0.13923334964215928
TEST_04892,1.5239676834397449,-0.3867659913572394,0.2923070308807159
TEST_04893,1.7073885963007265,0.02992455002789953,0.019389462715035066
TEST_04894,1.935619877543655,-0.5800300428318692,0.5908835944659843
TEST_04895,4.01083033808132,0.679176494286458,-1.499546032129123
TEST_04896,1.1691625423052747,-0.8179792976599913,-0.6083857168637342
TEST_04897,1.5492693928772947,0.09613582776260113,0.33680980647105896
TEST_04898,2.9336080406200526,0.4981057044035363,1.3206214993325247
TEST_04899,2.7349757994087045,-0.8286626095747202,0.22096725449252358
TEST_04900,2.490495882369114,-0.49698733873366335,0.25171421765615115
TEST_04901,3.1011340243045167,-0.12554548936111593,-1.0987228264224862
TEST_04902,1.6200227897758483,0.3497483881003392,-0.20321465635785313
TEST_04903,2.0053143660224184,-0.6865389611547708,0.7127971229777631
TEST_04904,1.809095461688372,0.4466727611896889,-0.43499174292181597
TEST_04905,3.968630653067482,0.6534127923468721,0.6359815484198691
TEST_04906,2.5407389079127576,-0.16739769231052823,0.27875183499102124
TEST_04907,2.1293311586695154,-0.2166546830956238,-0.7315200099130231
TEST_04908,2.088773320192807,-0.45877956947640935,0.019993466453902937
TEST_04909,3.5636767606536814,-0.7770987665801911,-0.3043455486958274
TEST_04910,2.2638362470853317,-1.7317059656654719,-0.036476333577093595
TEST_04911,1.8136395396148597,-0.7411820451925504,-0.04927865176838195
TEST_04912,1.8645521667533906,0.15974234695596082,-0.391039258930695
TEST_04913,2.9767975308009933,-0.2599833968872951,-0.0020301740808981233
TEST_04914,1.9874481704221412,0.370488070718806,-0.27152080998028605
TEST_04915,2.2573173973637037,-0.42022352844552424,0.2513754650431457
TEST_04916,4.309941150853644,0.48587604422289177,-0.11377681615670848
TEST_04917,2.3275436532177003,-1.6130011563029534,0.7925315422742472
TEST_04918,2.4651404264216517,-0.6902309476442577,0.3995951273942193
TEST_04919,3.675296757377848,1.2588276299160923,-0.22569176096535482
TEST_04920,2.552663886847154,0.5888973969291307,0.7661858832931019
TEST_04921,2.124941721670216,0.07644825558672641,0.4926024425200928
TEST_04922,2.481288721526463,-1.0205909393458976,0.009416508368668019
TEST_04923,2.023880584522382,1.5633151112035482,0.6856139069222544
TEST_04924,2.635349695933926,0.09527691290788984,0.05753998967476227
TEST_04925,2.5952150189677643,-0.45486615788947915,0.16405840359441917
TEST_04926,2.2450362207284567,-0.5108903684929323,0.33784261925037407
TEST_04927,2.1064298769020433,0.13271775548976483,-0.47983643045204394
TEST_04928,3.0189443618776584,0.3130612582560054,1.2579717832017911
TEST_04929,2.346952549763479,0.6190862894820757,0.054349872331301625
TEST_04930,2.2181639961265622,-0.334737477027864,0.4100820686103956
TEST_04931,2.1797026176577137,-0.022676052748883246,0.11709806105313088
TEST_04932,2.1609192165124607,-0.94091325223376,0.30793455171797685
TEST_04933,2.4049737255140786,-0.212452882519878,0.3443835195813053
TEST_04934,2.1892716241289705,-0.27890378736487587,0.7100015167250346
TEST_04935,1.816782374013598,-0.03905879740041943,-0.18143813023422095
TEST_04936,2.487779224378525,0.955033042380057,-0.0821106047697949
TEST_04937,3.2127210799674013,-0.7618436667329704,0.02076918777118043
TEST_04938,3.4959093166439645,-0.01128904626019097,-0.8073410292370153
TEST_04939,4.4643600227768,0.9731079847605866,-0.9535280134113199
TEST_04940,2.0322589565977833,-0.8033206131917248,0.8822459902194616
TEST_04941,2.770489181252816,0.42427213268544667,0.7143846190955041
TEST_04942,2.477087372880082,-0.10179645858367374,0.5586015492452178
TEST_04943,2.6974763643844613,-0.2571674367609695,0.1034177651399553
TEST_04944,1.4273796418879368,-0.6716169392312854,-0.5238759155950672
TEST_04945,5.340149682437576,-0.4965503805616525,0.10724194085806757
TEST_04946,2.484998863897866,0.36218883556182196,-0.3347860476639621
TEST_04947,3.936214394265648,0.226063911384578,-0.17083017389870223
TEST_04948,2.795574320603014,-0.5110683402550228,0.24093493957238785
TEST_04949,4.142274296421314,-0.3266319541386796,0.07072712106987246
TEST_04950,2.7585859914005364,1.004970124103722,-0.566399401665096
TEST_04951,1.2342219428473842,0.21664340273742938,-0.23549005505786114
TEST_04952,2.6099885991597533,1.5934696198314016,0.11075799018639852
TEST_04953,2.271082549224968,0.7605067633216074,0.5701173872983991
TEST_04954,1.8288060351868212,-0.046065398793366165,0.2648466592558427
TEST_04955,1.250090309115924,0.030855837869112782,-0.06655629086865801
TEST_04956,4.37679798013999,0.5356559643561509,-0.17053607537654866
TEST_04957,3.516105810262639,1.729179492339143,0.01197710368970295
TEST_04958,1.9938734198212162,-0.4909045240636941,-0.27825700780265533
TEST_04959,5.698917635047304,1.5146010731155921,-0.5787051600986094
TEST_04960,2.52560368345616,2.0310488106657374,-0.5664065483105443
TEST_04961,4.767280897814673,-1.5673178627310194,0.9409849441528719
TEST_04962,2.0085248920287593,0.8746666204516272,-0.39109022538437177
TEST_04963,2.8184994577130373,-1.6566782426404243,-0.8297947504366547
TEST_04964,2.0653293466272524,-0.36444499031844513,0.5182944120662657
TEST_04965,2.5726092397440676,-0.5342494593948985,0.45655719142143175
TEST_04966,1.6851672914536189,-0.22045452770776758,0.3717045695211675
TEST_04967,4.960168595140422,1.202218232464198,-0.5073806412349012
TEST_04968,1.4127120182908166,-0.6412320299499578,-0.06839063825076686
TEST_04969,2.5581287501765093,0.08774015745412725,-0.5662402330581244
TEST_04970,1.7175499440928028,0.5672002233299841,0.5493831015331918
TEST_04971,1.69710284479075,0.11516438993081854,-0.3787108406464119
TEST_04972,4.744870538015913,0.8197950235289793,-0.2062894891475452
TEST_04973,3.03567818474382,0.48996051053126705,-0.5127590097355668
TEST_04974,3.3763321247961646,-0.7972620598745015,0.8005335249891873
TEST_04975,3.330879355225157,1.1642838977520125,-1.0578202633840608
TEST_04976,2.3489114696765867,0.4364628673559884,1.1516904627953732
TEST_04977,1.940477470181153,-0.06729700329202926,0.8528533667395158
TEST_04978,4.134488582333845,-0.1713944174793878,0.35248940687211655
TEST_04979,2.07674079308273,-0.3802963298033098,0.27458141213910076
TEST_04980,2.649147876337552,0.11241123923985832,0.0013974563816303957
TEST_04981,0.9359149651075735,0.5747244992384201,0.05127704491265437
TEST_04982,1.9207915294686413,-0.7522138513046822,0.5972693895288893
TEST_04983,1.3786079409460763,-0.2971634387747934,0.3083362071942125
TEST_04984,1.246383571586129,0.5065355102609715,0.4489642051260042
TEST_04985,1.3396809988605218,0.5218775212387164,0.12454675508043388
TEST_04986,2.0082673596871494,0.49005981210886457,0.5684001189415254
TEST_04987,2.279233886382116,0.5857857590289551,-0.4043944153524006
TEST_04988,2.586303081420388,-0.178118843392594,0.6851977622875681
TEST_04989,3.9216248120588992,-0.0048913688430244975,0.3165583191924376
TEST_04990,4.562000923846921,-1.02821535531513,0.48729333737360425
TEST_04991,2.8954027579377155,0.6400222469391028,0.26257785567267955
TEST_04992,2.426299279103492,1.0916956665052553,0.6034581148109551
TEST_04993,2.974129717184912,0.7860924744864524,0.10260643353906265
TEST_04994,1.241515600306524,0.2892545783111028,0.2131016956577523
TEST_04995,1.9943151778037094,0.5964481463189011,0.2568849164584477
TEST_04996,4.1159371085186445,0.47045026550602037,0.8826373280871468
TEST_04997,1.6909934858177684,0.41604043459443785,0.011363515511858848
TEST_04998,1.3670080349739713,-0.4359310111844942,-0.4631494687949025
TEST_04999,3.180665168637529,0.28770197303239425,-0.1628240946306345
TEST_05000,2.027569680037033,-0.11200075109174878,0.35213163935551534
TEST_05001,2.7567181671264014,-1.7809085460546643,0.8084143965416389
TEST_05002,3.9986662308415304,-0.15955854788742796,0.5714543892729195
TEST_05003,3.9443336151427406,1.7906927488567281,-0.6336619138299392
TEST_05004,2.8078960885929174,-0.16576981997260737,-0.3022800102465371
TEST_05005,1.799157070580755,-0.82905712249395,-0.6576282266925761
TEST_05006,1.5837547277862551,0.3141797942102059,-0.3315474879392436
TEST_05007,4.000485569274206,-0.903950890798562,0.7275327921501017
TEST_05008,5.405677768919519,-1.1154142967422034,0.13088374177237583
TEST_05009,2.014436164197334,-0.639716812404696,0.2985263556412815
TEST_05010,1.5568230191799703,-0.5574600777166561,0.47103641502023863
TEST_05011,3.07921441973546,0.19652694111355973,-0.49402114774172534
TEST_05012,1.706398843687246,0.12064804496407998,-0.5965048314897717
TEST_05013,2.5295667687965553,-0.07052192103780752,0.17690784085034944
TEST_05014,2.053104125663578,-0.10622253099884578,-0.9942256719651082
TEST_05015,1.9869879097409728,-1.146896870476106,-0.41938405113307153
TEST_05016,3.374071406639153,0.7147526698580107,-0.44950660246401924
TEST_05017,2.4320406231178606,-0.6161271016310608,0.03473051178847671
TEST_05018,4.223084901873682,-0.8854142004100565,1.6693785962805312
TEST_05019,2.1970305307551494,-0.608210969239859,0.5984344131743627
TEST_05020,0.96968835497397,0.1339917398840357,-0.4580070451595209
TEST_05021,3.332867916001611,-0.07679242277740352,0.13884789649977264
TEST_05022,1.9885449636600059,-0.26386134398067407,0.3504705419410709
TEST_05023,4.3719130672762665,-0.668944901771228,0.23661050468988026
TEST_05024,1.7014840607344288,-0.3472331114505307,0.1179125802414264
TEST_05025,2.749004383991439,-1.4416459400348123,-0.5081474148470918
TEST_05026,1.6645706033989176,0.19572608866677876,-0.2799594694784002
TEST_05027,3.131916457713654,0.5369585099903056,-0.04366356250155449
TEST_05028,1.588756957011625,0.1568711176134991,-0.34482468472565225
TEST_05029,2.2446681042043957,-1.4599702765869398,-0.3530206734987875
TEST_05030,4.623924974746723,0.3178370473649645,1.6638419958327348
TEST_05031,2.711570947719115,0.26567685207043645,0.281274030939265
TEST_05032,3.121150333465539,1.0645546449806416,-0.14069948209625707
TEST_05033,4.230811581064216,-0.5989455527290923,0.6283841157398732
TEST_05034,3.4366092675679165,-0.11822832657998728,0.5279323180009263
TEST_05035,1.032170038571215,0.3358970327990003,0.25985884199327886
TEST_05036,4.464323123953311,-0.77724824401768,0.2627068314993458
TEST_05037,3.7568592380619705,-1.5760653840257284,0.09624780189807933
TEST_05038,3.0524178033493414,0.026393540107492695,0.23834522594141244
TEST_05039,4.549912511846446,-0.31771316816811845,-0.16659837656815996
TEST_05040,4.6795878150695795,-1.6560172373245672,1.3918802518884545
TEST_05041,1.294705812769747,-0.23263809684465792,-0.11709187424300221
TEST_05042,3.0281951158936855,-0.3893092071224741,0.76329396193418
TEST_05043,3.464688455445948,-0.15094263090947166,0.19236100569811307
TEST_05044,2.8990300100323783,0.9306912187813714,-0.5917417397203992
TEST_05045,1.8033148789583617,-0.4534260897592683,-0.2983897429549965
TEST_05046,1.3651310786423891,-0.2544119188668796,0.46166635059997246
TEST_05047,1.1563011389461577,-0.318053357129059,0.011473606517198157
TEST_05048,5.29950234406385,-2.088392980816174,-0.478216216723467
TEST_05049,3.5097941400512602,0.008743979554300752,-0.5207436241706799
TEST_05050,1.2053720141691475,-0.44893416920139234,0.08900167815417567
TEST_05051,2.7596704383391097,-0.3345189450617229,-0.0007079322083859801
TEST_05052,3.1357695082861348,0.5292056919937648,0.5775852274328426
TEST_05053,2.364021020687349,0.3233947472027375,-0.3594975767041865
TEST_05054,3.245897003888893,-1.1232109612257055,-0.589308987259155
TEST_05055,1.516663746360366,0.7655482908575054,0.19188196014137177
TEST_05056,1.7151729681255021,0.8766374628757527,0.9571468126502677
TEST_05057,1.6385234991645956,0.6603826532627326,1.0596298457857412
TEST_05058,2.430676220385394,-1.2761959478433755,0.5789948473912444
TEST_05059,2.310826716477204,0.4369376654388863,-0.2831920853989518
TEST_05060,2.918795368366686,0.3394298540748385,0.6226282149258299
TEST_05061,2.239216933253574,-0.13184569502212257,-0.21218078512479188
TEST_05062,1.5644762790214648,0.15444925060638187,0.11760230411401976
TEST_05063,3.5648376684891208,0.9691797498064737,-0.8833477404839046
TEST_05064,1.1191084421921778,-0.4752909818438368,0.055449624482595126
TEST_05065,5.064230146070886,1.4140282091778476,0.6184729005216845
TEST_05066,2.901902980465686,0.08111242721399972,-0.9850088120940994
TEST_05067,2.4473852160770693,0.07929133494447398,0.4858230520812178
TEST_05068,2.819226380371171,0.42801349517115145,-0.3822627221681102
TEST_05069,4.496557089366412,-0.5247808219283939,-0.9055216183963494
TEST_05070,2.448021605446057,-0.4145995926151081,0.5417175516705243
TEST_05071,2.336275879452181,0.44187771189087943,0.24439147388413157
TEST_05072,1.1499865388834742,0.3854815616172811,-0.2539975290575731
TEST_05073,2.04009801640816,0.3865219660132384,0.14789861256644937
TEST_05074,3.0006034653009572,0.1571876722634548,0.14718290700990969
TEST_05075,1.6176663305557524,0.4153774138215886,0.6610206708845301
TEST_05076,3.1650212139001064,-0.34007206829554315,-0.20207010146423812
TEST_05077,1.565167112152651,-0.5887741893692272,0.11952204130490078
TEST_05078,2.692482699882314,0.6278819935173533,-0.8850811193884636
TEST_05079,1.9574839808083377,-0.14969653683755518,-0.9628950929923734
TEST_05080,2.905640504368075,-2.1145017218661475,0.8170498341164723
TEST_05081,4.253431741027741,0.5849292972858423,0.3517944307314509
TEST_05082,1.892747573682626,-1.1383446749283694,-0.24774299145611683
TEST_05083,1.1288932236585714,0.8159941407120803,0.3451443022884248
TEST_05084,1.914390875344037,-0.04537790346294114,-0.1322521426132261
TEST_05085,1.9239125634168663,-0.6637325925422114,0.26096636732934675
TEST_05086,1.2961584774281074,-0.4506033364665965,-0.3523240271195941
TEST_05087,3.517346398839278,-0.8226222977520781,-0.8716708142458439
TEST_05088,4.612835566908863,-1.0176389128648777,-0.5654870241601235
TEST_05089,3.526212579404601,0.23967917499160563,0.03389425978618445
TEST_05090,1.2286300107520278,0.2561815436767973,0.18813733309448563
TEST_05091,3.328307615154222,0.29058816930806464,0.6661207147036061
TEST_05092,2.650456785759959,0.18453774395448042,0.66457340668488
TEST_05093,2.0626593043399906,0.5671774047053709,-0.13443148616042827
TEST_05094,2.7716963026260344,-0.5988063452161374,0.7772828931004323
TEST_05095,3.940256539310663,-0.3305775672764976,-0.26297571928558555
TEST_05096,1.2580054103438623,-0.7293263584314534,0.034462697735897684
TEST_05097,3.8288199449829285,0.018810668999397994,1.658057904687715
TEST_05098,2.9895939411230303,1.3194556078567405,-0.820114575443934
TEST_05099,2.490131043473845,1.4467766121018417,0.3711127378248552
TEST_05100,1.5401100106362116,-0.46267943265027295,-0.15385737707001892
TEST_05101,0.9450543099105325,-0.043961946426749096,-0.19921887182674897
TEST_05102,1.965006140447804,0.05857586446396941,-0.025465788535942835
TEST_05103,2.5512663437784027,0.1854980698265168,0.30270205249911575
TEST_05104,1.3996990233051836,0.04721022650703415,0.032115103432683825
TEST_05105,3.796360682851159,-1.5243065673498815,-0.024115713610245386
TEST_05106,2.1753111455884415,-0.3420368713722065,-0.9509971372579227
TEST_05107,4.136728704670838,-0.3123847530460069,0.9816378467198268
TEST_05108,2.4689665959489706,-0.7920140447102529,0.3429053057160159
TEST_05109,4.8666422738290995,1.5682592609816481,1.5558239714164457
TEST_05110,4.208897993812738,-0.3134094654804028,-0.2939260887345854
TEST_05111,1.8087980138104582,-0.8625510498095084,0.14725007819125613
TEST_05112,3.377104418374842,-0.3794173935539857,-0.9099112225070396
TEST_05113,3.6459387438107163,-0.2926514556817711,1.1308852743706361
TEST_05114,1.470157357413638,-0.3518976112665973,0.5027684786437104
TEST_05115,1.0727806236627713,-0.045380832854802086,-0.2549444077985247
TEST_05116,3.415004624611763,-1.8948961987448885,1.5329383637530702
TEST_05117,3.067123989209685,0.394988311457574,-0.8521320854950661
TEST_05118,3.1484775171713495,-0.48065125970391936,0.47507247820313814
TEST_05119,3.664585770092509,0.7661840065567793,1.2226803597561993
TEST_05120,4.0798069737353195,-2.018690797838441,1.3655119773265112
TEST_05121,2.2087924041172893,0.6028115541338366,-0.10086487970993306
TEST_05122,3.046063471933862,-0.8711466101582553,-0.6061205906820948
TEST_05123,3.801970092331598,0.5809531586619165,-0.2353905257291294
TEST_05124,1.8116583203899588,0.5422163863968157,0.12729839837976206
TEST_05125,0.915607756396694,0.1688351226788349,-0.07770862232636858
TEST_05126,5.234750309090708,-0.8539461678763717,-0.4724479219994783
TEST_05127,3.60179294564997,0.4829842316900798,-0.8499068066637366
TEST_05128,2.9776922083730217,2.487092774137362,-0.950944231767666
TEST_05129,2.808187784243831,-0.2712152949540874,0.4201430665147231
TEST_05130,2.181024204392041,-0.5094592543616493,-0.2613917696866745
TEST_05131,3.7940451218447695,0.46981847902602814,-0.026822778660893793
TEST_05132,1.48288987027011,0.09929980793103735,0.6309143068754551
TEST_05133,1.5687762966591379,0.06753777603621416,0.06826759622868914
TEST_05134,2.6745051017254187,0.060080180460745446,1.384530781033174
TEST_05135,1.9926969798450678,-0.15621977577268073,-0.35105528730157864
TEST_05136,1.0408671367676772,-0.6148655011678037,-0.5302176351980498
TEST_05137,2.1333171326620946,0.13372184343683965,0.7810413324246016
TEST_05138,1.1922838833588245,0.43615159747107735,-0.0380291697286724
TEST_05139,3.0326450686538644,-0.42516122165711623,0.055435701019129216
TEST_05140,1.0850161765856645,0.09336106073993537,-0.0950600851766754
TEST_05141,3.484058729718279,-0.21205726233544786,0.7789445964210733
TEST_05142,1.6144884325078277,-0.5816505211623134,0.22002997719958142
TEST_05143,2.8184656325943784,-0.625280528998815,1.1509212440338068
TEST_05144,1.6572183007850407,0.46390324041384673,0.3254495633842805
TEST_05145,4.094291716527816,-0.6640115232168234,0.43987786641222754
TEST_05146,2.51448862031269,0.3192350829972863,-0.5213750718924482
TEST_05147,2.8398711607169567,0.03519528156706513,0.27688498999142636
TEST_05148,2.2092108009059594,-0.19517898007360435,-0.10865076035704213
TEST_05149,3.3179620859548815,1.9503299143779822,0.5174619887686853
TEST_05150,4.452182324203674,-0.4865430394946946,0.7440984390054088
TEST_05151,2.2643369034252565,-0.19351668353107876,-0.1735324140768065
TEST_05152,1.6585944013424083,-0.47950373970076476,-0.3194186926359829
TEST_05153,3.0089585417198874,-0.8332961452262997,-0.35073583813457426
TEST_05154,1.782195848855184,0.4130481468300235,-0.1588547168900845
TEST_05155,1.6374144718070622,-0.7370100890596808,-0.55302749879309
TEST_05156,4.0382006976899785,-0.49092530395274475,-0.38736650651208704
TEST_05157,1.8079256234599197,0.4662752729941581,0.009195535331820489
TEST_05158,2.656593132689936,-1.2240695894321603,-0.134335240831409
TEST_05159,6.1143250293255695,1.6773557911925279,-1.2305859612261403
TEST_05160,1.6580460744724275,0.25384770401736384,-0.29917124374927645
TEST_05161,1.3732141640842872,0.21597157501833938,0.03601583848843772
TEST_05162,1.7369276736850536,1.1304170723342093,1.0194153226641784
TEST_05163,1.8740839331316188,-0.5996759799191628,-0.3755307322219776
TEST_05164,1.6222154040879238,-0.017799172389927856,0.43298981812355003
TEST_05165,2.9245785146320125,0.6172429732235185,-0.41058941436050594
TEST_05166,1.9889889417583837,0.49779460334987696,0.12021141210596221
TEST_05167,4.8067078700898875,-0.7902522453445275,0.22369024928148112
TEST_05168,2.6344215201235164,-0.7337998126730753,-0.37744360344522265
TEST_05169,3.533450588164907,0.18860114164055614,-0.18974910529830277
TEST_05170,2.255904620747297,-0.3867205848385467,-0.2434478673721665
TEST_05171,3.5330829646128326,0.09588574074506723,0.06804617301115617
TEST_05172,3.2103826302246765,1.2050161651952618,-0.6691730962595986
TEST_05173,1.9860312215174876,-0.3898629137688471,0.3715042739079651
TEST_05174,1.6547125708703487,0.4678663844713463,-0.05143171419251744
TEST_05175,1.9574319196041468,-0.8294678093942212,-0.2247062026461805
TEST_05176,2.956239290147978,-0.5760273882013012,1.1715220431281792
TEST_05177,1.6604968853566928,-0.5183897490181435,0.7016430448946246
TEST_05178,4.9294013940408385,0.18513980705523128,1.5017667949101259
TEST_05179,1.9708915004820822,0.06076613605920567,-0.5291576170914007
TEST_05180,2.2229120277280425,-0.1592534321679915,0.10717671494567954
TEST_05181,0.9623266420730359,-0.45383819503793044,0.07851691203844305
TEST_05182,1.8723897651848604,0.6581218463501,-0.4539772398600113
TEST_05183,2.958775243373944,0.40460059665414894,0.43831298590293644
TEST_05184,1.8570348019641345,0.43437292786345094,0.6212938236668659
TEST_05185,5.355161013164067,-1.199133070874238,-0.762654234083919
TEST_05186,2.5545584878215224,-0.12044541414357712,0.7768861368289246
TEST_05187,1.6259654953598979,0.515477516860194,0.5363676252576347
TEST_05188,2.6521787602753264,-0.7126682754948508,0.45971063106503646
TEST_05189,4.806613052883329,-1.4701935231156311,0.7776971574378563
TEST_05190,2.566292425251403,1.5895383254241187,0.09477336490337368
TEST_05191,2.6275509535224613,-0.25358822269336956,0.613723926263176
TEST_05192,3.559736480779431,0.6479283648039006,0.6371536232221722
TEST_05193,1.8902781304331961,0.4832995429875706,0.03998060206992061
TEST_05194,2.4395463887299385,0.1334619418148964,-0.24658598186096853
TEST_05195,1.7386563992075497,0.11538801020048726,-0.5611598144179025
TEST_05196,3.5953951941969677,-0.09340872532739847,1.2585109428647974
TEST_05197,3.1251308978064047,1.0966232888631928,-0.5362194938584799
TEST_05198,3.316654425649913,0.9654702968081933,-0.19341954915396078
TEST_05199,5.353915070752431,0.9569340352466356,-0.5597528588387971
TEST_05200,2.58057449088717,-1.0658897425418359,0.23210331076298768
TEST_05201,4.353153711287319,-0.9105008657783804,-0.49037969363906575
TEST_05202,1.558271042183417,0.39361915568680317,0.760867658894499
TEST_05203,3.5677345085790666,-2.064956590675615,-0.34547231901386616
TEST_05204,3.2931864179418224,0.8414549916767673,-0.4944190297018319
TEST_05205,2.1927267548608635,-0.5015309693725575,0.13973096881955344
TEST_05206,2.563139854605072,-0.1817654859783835,0.5459018682479067
TEST_05207,2.8092470604434343,-0.20119493383261233,0.9954762221680304
TEST_05208,1.6666070219280615,0.39397874345486467,0.7223192815169255
TEST_05209,1.7349431491949134,-0.34906797958644614,-0.1822824014694974
TEST_05210,3.107396800080157,0.46984741551640613,0.4011021987500237
TEST_05211,3.1582120394016293,0.0023959404726315936,-0.011535588434703833
TEST_05212,2.3652192477233425,1.28549167929208,0.3112562332995724
TEST_05213,1.2626312122884145,-0.4752243840819231,-0.06362956644025142
TEST_05214,2.9757345380824067,0.12253395155609863,0.22144361292759415
TEST_05215,2.4837292735035468,-0.5985749018991611,0.2067828131238565
TEST_05216,3.145939302835005,0.9940989553101195,0.2687468630139208
TEST_05217,3.2238787706026155,-1.3087949662430556,1.4637384940553018
TEST_05218,1.1737540512028095,0.7906274741698978,-0.40456384726494526
TEST_05219,4.411013062671854,1.0344315719532173,1.1461102241884693
TEST_05220,1.9903422186975235,-0.8970896552387464,0.14200441732194552
TEST_05221,2.28505158387443,-0.14036883193296296,-0.8119623821262485
TEST_05222,1.2359403121248236,-0.40486411437216646,0.17657464448883572
TEST_05223,3.5305145982377915,-0.4012336620993258,0.02818389807366609
TEST_05224,3.1008303768931254,0.10013683333687574,-0.5009815918730053
TEST_05225,3.35327748769412,1.850049992393899,2.0038426751774394
TEST_05226,1.4693744658143306,-0.3594983533067092,-0.3705073678617214
TEST_05227,2.794211494859926,0.22273688242703463,-0.9638536688390771
TEST_05228,2.9052840543374114,-0.3692961919683112,0.44525214365481214
TEST_05229,4.871377815049507,1.3355704189675999,0.6814198655208354
TEST_05230,3.578747850332485,-1.0625189993693818,0.9640703690545938
TEST_05231,2.620392056998108,-0.07429947652966928,-0.10631236612613577
TEST_05232,2.7350311041339737,-0.14411431586633516,0.24593098360652185
TEST_05233,3.1349514551119593,0.22109189827078476,0.527152469823418
TEST_05234,2.769296137964613,0.02430625204237589,0.08732974602472604
TEST_05235,1.3891053528904347,-0.3019907001001785,-0.20104634438055313
TEST_05236,2.7886716036490937,1.1424760397002096,0.01217267178645303
TEST_05237,2.434578496183482,0.8433030130673526,-1.0718388465743003
TEST_05238,2.5648440823567182,-0.5227789324153198,-0.4069325552678616
TEST_05239,4.245422698042483,-1.4940784351812015,-0.39270972454635406
TEST_05240,3.4749672561543483,1.139036871807995,1.327608503011259
TEST_05241,5.275691339227873,1.9716566309375674,-0.2734846839513319
TEST_05242,4.445418378386029,0.02934337339546469,0.9281736991013241
TEST_05243,2.6038801222866326,1.452523713949534,0.8464232452444816
TEST_05244,1.7836067105277462,-0.2307626927349336,-0.21861883556116415
TEST_05245,1.8895011576550604,0.5116009186843937,-0.33439208089777156
TEST_05246,1.6422529668433152,-0.5733952629039797,0.13700649779772492
TEST_05247,2.2272843440481638,-0.9187949756718317,0.7869486941953089
TEST_05248,5.649257972371236,-0.0008990651882350172,-0.6626630214325813
TEST_05249,3.5151650344796246,0.08305138915628658,0.1800749219064481
TEST_05250,2.6401791106977877,0.6134090734973522,0.0346729910854856
TEST_05251,3.9959823021004994,-0.16325425929743517,-0.2626397031761783
TEST_05252,1.4568815483420867,-0.17698093626772937,0.04637512795241941
TEST_05253,2.7836129386904984,-0.06366001856850527,0.23404708249712086
TEST_05254,1.1407894690846747,0.8129806253703499,0.4304034818212315
TEST_05255,2.600840748644607,0.009103450743740886,-0.11250484621903785
TEST_05256,1.1358711444992282,0.36050091844937093,0.08788126549466731
TEST_05257,3.155900319400054,-0.2587596892323668,0.5499832364132798
TEST_05258,1.7020104406156915,-0.8830539958085374,-0.7676774532457035
TEST_05259,1.8467317184646792,0.7960188878670811,-0.4699727360796047
TEST_05260,1.6564915460290919,0.03947958159684984,0.35634915952991303
TEST_05261,2.750806067591165,0.0657503288035513,-0.009877369437311195
TEST_05262,1.3321683392220933,-0.3589175103781919,0.2848488000875381
TEST_05263,1.9595910557008738,-0.6983827617153856,0.2882635607086502
TEST_05264,2.2902595801226515,-0.06654706135064077,0.5124843445192573
TEST_05265,4.079841163087081,-0.7357243677093522,0.7108048829285474
TEST_05266,3.297981694673886,0.40499677773167714,0.2543043080456679
TEST_05267,3.7952290159421964,0.7617150972279568,0.3279989061304041
TEST_05268,3.029041170703732,-0.5846618400152744,-0.13147204501791782
TEST_05269,4.090280194539389,-1.0038262088356715,-1.1991489266121866
TEST_05270,4.920253150135831,-1.3213614864998195,1.7575769096499902
TEST_05271,3.036045429282565,-0.06651230750436855,-0.14771890691287193
TEST_05272,2.7633162064544847,-0.7642838724623445,1.3871803840746348
TEST_05273,2.470968363786488,-0.12575352048200342,-0.14759982215820164
TEST_05274,1.411649420129396,-0.033800410027336594,0.5168946856422474
TEST_05275,0.814344211579613,-0.28349962655047284,0.1403487260051257
TEST_05276,3.5070904249533754,-0.7664186040422585,0.24532936709604858
TEST_05277,3.009785223141212,0.44250779866930134,0.8260556739677092
TEST_05278,1.63058069394186,-0.4429582317316234,-0.5658764261019845
TEST_05279,2.4913861946868567,-0.009659425108239585,0.7973594448144077
TEST_05280,3.9331087457537466,0.4223533605370725,0.5254400819684253
TEST_05281,2.96706398932103,-0.2247593723307263,-0.8849020107832356
TEST_05282,3.991866100380785,0.492443294753877,1.3875359531218208
TEST_05283,1.6847920543890476,1.2725440330611189,-0.42872858074305725
TEST_05284,2.086539921883943,-0.8044764711606219,-0.12307441452754259
TEST_05285,2.5501679795964427,-0.8974503189312287,-1.0112874077315674
TEST_05286,3.380853936502777,-0.17605823251617453,-0.22007593999240557
TEST_05287,2.2490069005651954,0.023773390935309457,0.8042521660893176
TEST_05288,3.8576475471521596,0.8093376685014627,0.49506096062038196
TEST_05289,3.0056476471544675,-0.20819297977660656,0.3130175784319964
TEST_05290,1.8228524945865456,0.24635732327519042,0.36587102708405017
TEST_05291,2.577631808616967,-0.043965211472717626,0.41463739544642236
TEST_05292,1.2982184216202197,0.15011324889135755,0.17628338962421503
TEST_05293,2.0790068153711947,-0.0598540544865456,-0.04231238293560687
TEST_05294,1.2526341636482479,-0.3259643218100426,-0.09202000309032154
TEST_05295,3.4577604214240747,0.5713916178315167,-0.6227038302097552
TEST_05296,2.448459975207112,-1.2085477031410552,-0.7251727581158564
TEST_05297,2.9611664286197175,1.0135475578898057,-0.625524883455284
TEST_05298,2.0083403333664474,0.3831390092920062,0.048604491433233046
TEST_05299,3.3516084403787008,0.5979267517577127,-0.5749200762068299
TEST_05300,2.781064689856447,0.3280230355325035,-0.8445567267329265
TEST_05301,2.0390994617758498,-0.6033009367135423,-0.09882484542894893
TEST_05302,1.7053565769372003,-0.23115581443960118,0.07390416734460677
TEST_05303,3.191401991066483,-0.6110576277267676,-0.861960554254575
TEST_05304,2.828791666367818,-0.5463059581425322,0.26542964694044324
TEST_05305,5.033343347654983,0.24873782019335575,-0.7721014522355623
TEST_05306,1.6601614150236705,-0.061872922013860514,0.12161603121460303
TEST_05307,4.006094438263704,-0.6968659792987973,-0.45458349837530476
TEST_05308,2.016691068499897,-0.5684369465511871,0.38124315164031064
TEST_05309,1.8187651282443125,-0.8194546901511779,-0.5202848587956634
TEST_05310,3.3222212680845047,0.0272246372477426,-0.23771908108176412
TEST_05311,2.553241224832689,0.9137969657327885,0.6305742927636483
TEST_05312,3.9144443525755537,-0.7654450789304692,-0.7859732724150426
TEST_05313,2.588381856149066,-1.5720329082659565,-0.5472292743718598
TEST_05314,1.5841038419174398,-0.3752834472253779,-0.11973980229162134
TEST_05315,1.8785738051569723,-0.13906088635410616,0.058372306578255345
TEST_05316,2.37176884014458,-1.2115506644114389,-0.7064573909468219
TEST_05317,2.9483628058063105,1.2327224327189452,0.6985491735988275
TEST_05318,2.437895603434293,0.34170341519789743,0.3773801246466916
TEST_05319,5.504369954948801,-0.07923502091246543,1.5945747862387825
TEST_05320,2.9493206036047317,-1.0351590611268584,-1.0707426258214077
TEST_05321,2.0806153028437495,-1.110623696913361,-0.6388829947146927
TEST_05322,4.003788579690738,-0.09649992280661901,0.13762356491336677
TEST_05323,4.438606495120669,1.546039477594341,0.0432931744744213
TEST_05324,2.4020434983707117,0.9740232269645124,0.008610191225548472
TEST_05325,2.0422022064341125,0.29310033316316453,0.6401216879381715
TEST_05326,2.7821379722647763,-0.5433180670363044,0.5434358048616392
TEST_05327,3.526818929737735,-0.45898629051670536,0.6605755653061831
TEST_05328,2.2748941549784245,-0.6005711993952009,-0.7993734525287861
TEST_05329,2.57303017228988,0.3403662684891458,-0.20278466166464415
TEST_05330,2.3069207596982846,-0.4676468082969641,0.14601983199228916
TEST_05331,0.7873615517278706,0.33776356794201007,-0.055395368720040396
TEST_05332,1.1543694476150905,0.252555108019587,0.0613583231805329
TEST_05333,2.0219272489919424,-0.7353633099801519,0.20652849576791685
TEST_05334,0.9895733367403803,0.36583660466834994,0.02458736140247139
TEST_05335,1.228317850810007,-0.04956623803852197,-0.14914246161744862
TEST_05336,2.7595614093325675,-0.3977975848161222,-0.04699413911470761
TEST_05337,2.893927458281863,-0.9321590048773029,0.7657475562685458
TEST_05338,3.391849803623363,0.12617614859473425,-0.24090398352576198
TEST_05339,2.397711262090304,1.1524597576928501,0.44850863858302525
TEST_05340,1.7021521061869955,0.06761368589191719,-0.10900256630283017
TEST_05341,2.761755345471395,-0.44330839637258385,0.6245072651932627
TEST_05342,1.6082665141925336,-0.035336965586710414,0.11127660212609018
TEST_05343,1.7519679253840088,-0.6745102079487736,0.34822232357734867
TEST_05344,1.105184372761571,-0.22165118236412498,-0.08419692998246942
TEST_05345,2.064806173277735,-0.48440776517054673,-0.35741594655269027
TEST_05346,1.870919699995101,-0.5628046147948995,0.5040747623774225
TEST_05347,3.4738135057977373,-0.24333480661432474,0.11838164809908752
TEST_05348,2.323552504812847,-0.43691392339774643,0.3529049986807648
TEST_05349,2.7872308316678254,-0.5437198695506675,-0.19027317224257934
TEST_05350,4.378729758770569,-0.7311553775598144,0.5541441459871077
TEST_05351,2.4399420879640212,-0.5272354170753136,-0.7050611688923437
TEST_05352,3.0559810383392785,-0.7668885371967805,-0.9631740472494372
TEST_05353,3.4448657906401396,1.7695967994487358,0.849241457004314
TEST_05354,1.1486463447007869,-0.23784027584441944,0.22644119208755759
TEST_05355,1.8098845901353715,0.09228743247448455,0.07804611526877696
TEST_05356,2.8446328380532715,0.2247890150917323,-0.43241706480567954
TEST_05357,2.109940069822292,-0.2657420378182745,0.3876936453363194
TEST_05358,3.9787476180245887,-1.077145401341845,0.881036781535385
TEST_05359,4.25587789088414,-1.3452303729723276,1.7186046319390018
TEST_05360,3.623442274126499,2.271829604286505,-0.5761241706451851
TEST_05361,3.9651468681616215,-1.9095973408661189,1.5428669821909007
TEST_05362,3.2593537904791883,1.2117521710670556,1.1682710965938161
TEST_05363,3.607708562065242,1.981034760925253,1.0242439020027285
TEST_05364,1.9894352025601776,-0.2893244170781265,0.34741795926760416
TEST_05365,2.037982229641696,0.4180127501077998,-0.4189177326899733
TEST_05366,4.030759646553835,0.05749700101290237,0.1998876885086241
TEST_05367,5.215881989478669,-0.2996019573066804,-0.24907261818619048
TEST_05368,4.100961549923277,-0.7638403839382898,0.6400783963663196
TEST_05369,3.5064696561938185,0.2703689672846321,0.49620663202707505
TEST_05370,2.834923014934547,-0.129959701315884,-0.1750438680691482
TEST_05371,4.004145161366345,-0.5453594545974286,-0.10322724897516147
TEST_05372,2.5392279491533953,0.293200643841911,-0.0888118899786387
TEST_05373,1.639881792279068,0.46523790306071783,0.15538589527096602
TEST_05374,3.283869657883458,1.2298477190005177,-1.1978946621444688
TEST_05375,2.2637158679251153,0.12062587820656422,-0.1768983019287638
TEST_05376,1.9045849066601837,-0.44493819356762954,-0.48882808497235986
TEST_05377,3.8271422121050582,-1.8844469603581162,0.5022371981868874
TEST_05378,5.61286099669218,-1.3567716309348903,0.5171476759163807
TEST_05379,2.847148366561786,-1.2007328812733655,0.5309628800208136
TEST_05380,2.235752295876797,0.5169224912314105,0.456045494533895
TEST_05381,3.7183229451560704,0.294154755195258,0.4939558745297829
TEST_05382,2.100518610611076,0.3520771742738663,-0.39635651316783366
TEST_05383,3.885760815030627,-0.5747954926770631,0.23682678092556883
TEST_05384,3.8282910490381212,-0.6559505887448391,0.19622519730802354
TEST_05385,1.725512194466328,1.2892825094926506,-0.9627543917510962
TEST_05386,2.3729147013464225,0.27039808647600805,-0.40179051138745653
TEST_05387,3.7490781494584793,0.7931626249587851,0.33598097655639897
TEST_05388,1.9470253940360382,-0.6802129610231074,0.06057110426408851
TEST_05389,4.15507784594343,-0.5248823900947761,1.0068161486914986
TEST_05390,1.0943396838549282,0.06457155183461664,-0.1228321373631173
TEST_05391,2.0588413118875475,0.15680361047397934,-0.3013927273422382
TEST_05392,1.6325322622195295,0.7993891886633178,0.07036690136340897
TEST_05393,2.2891273627938737,-0.7365917718042763,0.06384768924487533
TEST_05394,2.6671217933948244,-0.2790857118531486,0.16507293283091876
TEST_05395,2.2565856625340768,0.29753944406363436,0.8008586277545963
TEST_05396,2.3032110792795524,-1.031288145556,-0.17219524289494187
TEST_05397,1.3915295361500803,-0.18818391013264987,-0.13057803180831876
TEST_05398,1.1108256368856213,0.01119644603614127,-0.2366460276739611
TEST_05399,2.7243637761537554,1.2210664238393356,-0.527800171190489
TEST_05400,2.458362486632725,-0.4565308538423517,0.6036154212003156
TEST_05401,2.2238926844311036,0.6522226362268413,0.22859772715566937
TEST_05402,2.0391754922514327,0.44653305791290526,-0.11799972283432368
TEST_05403,1.3006152833082583,0.6761481766250931,0.2092745741560541
TEST_05404,1.8747143529748722,-0.3714887997376938,0.22244511467699782
TEST_05405,1.0279566090433963,-0.026680786287699078,0.13002510921704188
TEST_05406,4.226463531327844,0.6220853406194606,1.1451451415507696
TEST_05407,3.828158799044152,0.6321002093541811,0.46665106000770035
TEST_05408,3.1664861303398286,1.2242808727073693,1.3318351402624629
TEST_05409,2.9866784651602383,0.46251198030418683,0.1709185368099218
TEST_05410,2.6395461483925935,-0.26408219422551377,-0.21259971679994003
TEST_05411,3.214420937266368,0.26809146635256353,0.12237041521932557
TEST_05412,1.9518375255238605,1.1748112640536177,-0.7411933109475162
TEST_05413,2.3988385130308947,-0.2164932396470073,-0.03987656563412571
TEST_05414,2.241969364349962,0.7299561893159845,-0.8946841310121605
TEST_05415,3.021776712197195,-0.12550109727793238,0.03918587532918053
TEST_05416,2.1298120094339335,0.18750719415790745,0.8951144898734953
TEST_05417,2.7196699150160737,-1.4448305563805344,0.559750171855863
TEST_05418,1.9459571675566425,-1.547897543450339,-0.853792354448705
TEST_05419,1.5244285229523924,-0.541388079695914,0.09994500493851326
TEST_05420,1.6921766951875876,0.03995258249117476,0.03823768948184943
TEST_05421,2.289458040512457,0.1484536625048707,-0.8846120085604973
TEST_05422,1.1666464941682841,-0.09038803841289207,0.11400483637226601
TEST_05423,3.0761719923823714,-0.5296509089890369,-0.7020645675650097
TEST_05424,3.150591518918269,-0.06130869372184747,0.10731503335282794
TEST_05425,4.891819568871067,-0.388478989858239,1.1300902610592716
TEST_05426,2.688572086466432,0.3234664620558424,0.09947568305954894
TEST_05427,2.5840683373943882,0.10805332921666479,0.722338244292369
TEST_05428,1.783932077910371,0.5360331181701669,0.05617628764353649
TEST_05429,3.4372039120782634,-1.3048330111104611,0.8493322642279717
TEST_05430,2.2396076096966953,0.19790862905555087,-0.5108865055861508
TEST_05431,1.1610425193141862,0.01766818178769091,0.08545024489096112
TEST_05432,2.375638241412252,-0.7957590953546604,1.237070942882676
TEST_05433,2.5869298621349186,0.21863900346527126,0.5536618013718583
TEST_05434,2.998107106542132,-0.30565642670785115,0.08963187919548034
TEST_05435,1.9154416520107482,-0.590386889886488,-0.11445544756306561
TEST_05436,4.592177872601904,0.3778108352855909,0.784627286867919
TEST_05437,3.4424252591288145,0.14132119208538257,1.0232687005132486
TEST_05438,3.965338876349685,-1.3725076505290381,-0.15055607122748565
TEST_05439,4.664196328589289,-1.2820600996485754,2.4358515817800543
TEST_05440,1.8089915177400153,-0.6591219009829361,-0.24684906697952558
TEST_05441,2.65659214984183,0.9527180187796817,0.6127085489043778
TEST_05442,3.028111908740072,-0.7122798826213124,0.3280558093344257
TEST_05443,2.885338034956677,1.1367915809595135,-1.3688137525504889
TEST_05444,3.2960319006919314,-0.7700263465195285,0.7496395615208654
TEST_05445,2.6802326582460183,0.5055445343836832,-0.013212890301855417
TEST_05446,1.8268503960857039,0.6161256344018503,0.37400717575869025
TEST_05447,4.297434082765064,1.234423155303224,1.2086015130652623
TEST_05448,3.0256031539920154,0.4850570188720289,1.1689010764834877
TEST_05449,3.205585919831787,0.14618045762563722,0.531958080467942
TEST_05450,3.236963868607906,0.20150700474897604,-0.11841780956577588
TEST_05451,1.844291727515784,-0.3975408882466878,0.5573966656973595
TEST_05452,4.5752466691623415,-0.7340793933007851,0.9760913801003078
TEST_05453,1.5318095719323255,-0.226508766572925,0.19582692928050582
TEST_05454,3.44251226019946,-1.1089250397420325,1.138404944119352
TEST_05455,2.871239110948259,0.4631816447062566,0.48641006380787977
TEST_05456,3.041393297114985,-0.18252779479602438,0.5714367973442323
TEST_05457,3.559570121117816,-1.5063843304621496,0.8187824523828251
TEST_05458,3.161847525093613,-0.711214964068264,0.4978565546772092
TEST_05459,3.5486898919641114,-0.906934442961061,-1.111811300567471
TEST_05460,3.2027922577870265,-0.5012855509317372,-0.3811463092784318
TEST_05461,1.2351087536887078,-0.49904496488534617,-0.421718126531817
TEST_05462,1.722102547137738,0.5360289322531422,-0.5771696783945797
TEST_05463,2.0507396015071286,-0.22251043497275355,0.6929124233401643
TEST_05464,3.127156125535379,0.01281009589401719,-0.4972146368460175
TEST_05465,2.2785894229276487,-0.7430317393877156,0.17986253757529794
TEST_05466,2.7607789700785235,-0.002124143501631944,-0.11927683973884286
TEST_05467,2.552435257573096,-0.60571870485462,0.9665095636184148
TEST_05468,3.159018128528517,0.3557527528754421,-0.02917470671624898
TEST_05469,3.6063311319577687,-0.29519683818608716,0.1286501014988152
TEST_05470,0.9163255350363481,-0.2977319102790084,0.18702580935813434
TEST_05471,2.6685835434814438,-0.6150910495672736,0.10643526544133744
TEST_05472,1.983608347554364,-0.8436737768738124,0.07494737954209518
TEST_05473,2.8008612887912303,-0.3674642798572937,0.14632769622954578
TEST_05474,2.888621934212492,0.5448392533292792,-0.48326755049312226
TEST_05475,1.3926957377682347,0.2971497425757266,0.3377848648133855
TEST_05476,4.424274593883412,-1.116283886037715,0.66612386684298
TEST_05477,3.039187476938392,-1.7188915259615765,0.4283924930195549
TEST_05478,3.444202930954266,-1.2807995484362444,0.015502915925479668
TEST_05479,6.116377624412173,-0.1373989727196163,0.362904471748374
TEST_05480,1.2426298436850578,0.23438906191652956,0.1216509808234772
TEST_05481,4.306910071389484,0.1800691875689558,0.41953230458464325
TEST_05482,4.1935396046309314,1.2518769570606063,0.5937834385325537
TEST_05483,1.9940204344821313,1.2945015575798977,-0.602087839528143
TEST_05484,2.4850297192051984,0.06650818024609005,0.358692249032834
TEST_05485,3.053237870222804,0.6061826435116554,-0.03780477991400154
TEST_05486,4.430498353921334,0.03189368896364155,0.2693690919690824
TEST_05487,4.9064225049389245,1.3358677765599685,0.3146276233869788
TEST_05488,2.2369976515531915,1.0493350041127567,0.8510203154766104
TEST_05489,1.97759703646143,-0.1024383542188044,0.2296468723026873
TEST_05490,2.1764112035092893,0.10775080877608616,0.36739296667823745
TEST_05491,3.4683917348556252,0.03152125695077554,-0.2555017179505182
TEST_05492,3.792076015606935,0.9163272073933534,-0.06348970796110846
TEST_05493,1.5077409029669657,-0.6429980217935659,-0.39515635747497196
TEST_05494,2.141556828764081,1.57994744608505,-0.32919821904733443
TEST_05495,2.964800503497141,0.06022445447760852,0.20278417466229862
TEST_05496,1.6082959572002178,0.12719553419621873,0.8791810988775522
TEST_05497,1.7023126740165344,-0.11585481943937388,0.664334981948802
TEST_05498,2.968560611508252,0.35343158324454454,0.26259575386636813
TEST_05499,3.4960948906983482,0.42572916495282287,0.728147628755859
TEST_05500,1.389769418826974,-0.44208938445359897,0.05952276189968279
TEST_05501,2.9571871993167553,0.47107167275856465,0.2994348998199086
TEST_05502,2.28099777078065,0.47898082940463266,0.657191129210673
TEST_05503,3.3892433340172317,-0.8086989688936785,0.41000149754155524
TEST_05504,3.5488865584068807,-0.5484757474294142,0.16703462128033275
TEST_05505,4.528953267413258,-0.4186363594439884,0.5347984382382089
TEST_05506,3.186682578712066,-0.509016453620953,0.08554111644061453
TEST_05507,1.5614542588515723,0.1470766369623267,0.3684909435232469
TEST_05508,2.5721411338814506,0.3864454025304429,-0.3877330513637556
TEST_05509,3.4375371714539074,-0.8691469863508515,-0.024545990939474512
TEST_05510,3.9785143424282583,-0.10163920969419414,0.8238775923636976
TEST_05511,1.3883049500510634,-0.5060740351531229,0.3480991090618748
TEST_05512,1.2376790924917385,0.2542977626487095,0.008869416142625994
TEST_05513,2.657872416337588,-0.6054405501807575,0.6246515796386095
TEST_05514,2.297729976847988,0.40439083954510474,-0.0843641931394905
TEST_05515,2.1537782994961514,0.13597215496917833,0.03960781935786078
TEST_05516,4.837769642456057,0.9884578504759255,0.7279722266945188
TEST_05517,2.363626325818572,0.8934704984639573,-0.19394147925200833
TEST_05518,2.575944141511373,0.1678394100424352,0.7028686748636391
TEST_05519,2.7761696809840966,1.5794820292840426,0.13227936661784365
TEST_05520,1.4979280006409033,-0.6224505373119625,-0.2933882609785928
TEST_05521,3.077413313354989,2.16360199897447,0.12880479121266297
TEST_05522,1.2362143074831782,0.04200125060123005,-0.5447669634415014
TEST_05523,3.696290581194431,-1.107138940804119,-0.7346324093495954
TEST_05524,1.4346252691586094,0.3421279455267786,0.273138146137845
TEST_05525,3.0708290278635144,-0.22341866233341912,0.49752160701733567
TEST_05526,1.546160386183054,0.21641219354806832,-0.3974807993798682
TEST_05527,4.196055792814409,-0.15758310178792345,0.6890353232446309
TEST_05528,2.2131620733206816,0.5320714551509836,-0.09085910459489191
TEST_05529,3.2779074415618115,-0.16855510448732128,0.2641919999683745
TEST_05530,1.6377082445634847,0.10241389608633511,0.24136928032010269
TEST_05531,3.104289415633786,0.3862029120390412,-0.8556822801636796
TEST_05532,1.2517965322659241,0.3155485245125219,0.45227079361248496
TEST_05533,2.2512717068820063,-0.13628708833734715,0.30621931144675457
TEST_05534,2.071287321765747,-1.062272079948244,-0.010991453925278082
TEST_05535,3.2803249523596314,-1.0394562811627621,0.6030613999854876
TEST_05536,2.727379858673327,-1.535193401580613,-0.6503038679820076
TEST_05537,1.5597810434407804,-0.2754679911892932,0.275650945198716
TEST_05538,4.839308008281904,0.5374756255234331,1.7325785323885086
TEST_05539,2.741595828822984,1.353353512654474,-0.7719223116027573
TEST_05540,1.9664588536371093,-0.10868603549464745,-0.2765907891844
TEST_05541,3.662513003676906,0.3040186093153225,0.9785209195642058
TEST_05542,1.7781446912163081,0.4529352505789932,-0.008657248741421231
TEST_05543,3.0702319969239085,-0.005200016381901214,0.3609292537633339
TEST_05544,1.0558629068016367,0.2224332477170207,-0.0463832568465163
TEST_05545,5.826865741863754,-1.6171465933678935,0.36090287940834215
TEST_05546,1.5680431472423497,0.7692678365891329,0.036398091574450335
TEST_05547,3.8102631134415303,0.03707357334385698,-0.020905406352368913
TEST_05548,2.7042509486504946,-0.006265157295698163,0.061994896182385545
TEST_05549,2.51642790889522,1.0453254468495266,0.19608813326894925
TEST_05550,1.9701304687442576,0.7562343539017893,0.4663431809114277
TEST_05551,1.8027113989311276,0.146404804149665,-0.3454493778576689
TEST_05552,2.2251167365977516,-1.1441345848301656,-0.4953158369364487
TEST_05553,3.070222530936354,1.1812436190257325,0.1199938492323395
TEST_05554,3.53469429680537,0.5280073429786678,0.013766100826357968
TEST_05555,1.6794451306104616,-0.4428258571676358,-0.21788718118322667
TEST_05556,3.881988454251308,0.6882476130587498,1.1987451661405226
TEST_05557,2.4928217350895423,1.3825020738328155,-0.18834016308873205
TEST_05558,3.300947836034832,0.6926754173577148,-0.5957036997409245
TEST_05559,5.040980168149274,-1.4316526478662845,1.6515390733619773
TEST_05560,2.2023241643026323,-0.7462617115100543,0.07716447939805246
TEST_05561,4.345339219159773,1.7021959610197295,1.1661126143667329
TEST_05562,3.861769738506341,-0.08867208978499644,-0.04674817800748104
TEST_05563,3.3232135965974834,2.1124108230792515,-1.3193348218921905
TEST_05564,2.499115608582339,-0.6282018973781829,0.025929920626185297
TEST_05565,2.2323242269256975,0.7854912547011722,-0.7278975281201081
TEST_05566,2.9858626554783765,0.2549939845045499,0.15411589835292253
TEST_05567,4.482294799005502,0.6284600803887419,1.198097590573258
TEST_05568,5.332378226184041,-1.5018633577269598,0.006944933643266567
TEST_05569,2.2188748312318,0.5298435391388728,0.23643749603726283
TEST_05570,2.464160122219474,-0.19977518100804934,-0.7203655869039924
TEST_05571,3.6218872494311123,-0.263586824321299,-0.43550426277436927
TEST_05572,4.35782530252854,-0.9288734691193818,0.7896226710662477
TEST_05573,1.2458550733838893,-0.22140169958517186,0.13586041245166947
TEST_05574,2.9678185648068323,-0.051075690218056594,0.6450842319492848
TEST_05575,2.1000792367432424,-0.7636836362673184,0.3116877208749207
TEST_05576,1.7621051971485082,-0.668403295289427,-0.6185813733208287
TEST_05577,2.5108143257252613,0.744938836725144,1.0526625923929265
TEST_05578,4.671218944391465,-0.8377363491506503,-0.804011500852339
TEST_05579,2.5011588744353714,0.6544302992822024,0.2002016335668469
TEST_05580,3.219178375197702,-0.25015388008449924,0.3932740674375742
TEST_05581,3.031480631513547,-0.057198795866077075,0.1266272438803033
TEST_05582,2.1989818740412717,-0.7373544435564158,0.7709583600222863
TEST_05583,2.168227925009378,0.03837948148726033,-0.3000018609022776
TEST_05584,1.6210619919594935,-0.1880153056499503,-0.39097349116822805
TEST_05585,3.5055038343387013,0.09723418248161171,1.3369448754007165
TEST_05586,1.5286535186228831,0.5140234903059605,-0.28231773973228164
TEST_05587,1.8223257451569619,0.6338185716849511,-0.32278637129317844
TEST_05588,2.5513985968755866,0.0015258366457900142,-0.1340466185583934
TEST_05589,2.9183036947264926,-0.8337308753216165,0.15663054637534246
TEST_05590,3.569986177012453,0.618578778333601,0.41006359498059913
TEST_05591,2.4148420008101934,0.6049124081811514,0.4227340125176622
TEST_05592,1.7183538806213998,1.1468328977552185,-0.035567546343710205
TEST_05593,2.6722967575589394,0.44304000304603885,0.07192492101627128
TEST_05594,2.3250616068269503,0.35964750575665766,0.01643728822952475
TEST_05595,1.7583233617641403,0.60350640910301,-0.3274111001613671
TEST_05596,1.7514298305515819,-0.9936716490397826,0.5212275878693303
TEST_05597,2.0113474191927128,-0.8660431489741068,0.28689943765845044
TEST_05598,1.6841053560499177,-0.11409647598456922,0.523028302138787
TEST_05599,4.644776718546518,-0.8309780843195484,0.2772924841084551
TEST_05600,4.595659663829334,0.6719733778405927,-0.6172545422916483
TEST_05601,4.632608403946275,1.7677889635050426,-0.6881723666729405
TEST_05602,3.7494139090582093,0.364938180298277,-0.46392389050382543
TEST_05603,1.449645221965567,0.8273974962242896,0.09049044739662657
TEST_05604,2.3725071077765154,-0.41650945111489374,0.8823878751709927
TEST_05605,2.1094951256810437,0.6309689485452795,0.0645410050714588
TEST_05606,4.368466936692137,0.6984110999729196,1.0480192860737112
TEST_05607,1.8826853344875403,-0.2612505082058639,0.35501054881249083
TEST_05608,1.1548052346780524,0.503983508389112,0.2337745441055151
TEST_05609,3.3547286719012295,0.3169817522202986,0.22076761218444074
TEST_05610,1.4371738929808862,0.20607894040526917,-0.40644226420773477
TEST_05611,3.371318747502598,-0.4959838895762019,0.1517911764902198
TEST_05612,2.237378253602646,-1.2952388557798513,0.886458369998615
TEST_05613,3.23754675182142,0.27532295862488654,0.44388426449806023
TEST_05614,1.1301000830623256,0.7869485196460342,-0.5659789007305281
TEST_05615,2.206178714491969,-0.6901026359523403,0.42380227458766584
TEST_05616,1.3828740935921846,-0.4741711742085811,0.45421094495924696
TEST_05617,4.358395776967682,2.0863653201160575,-0.5760798700011869
TEST_05618,3.791667245662798,0.5810376550293064,-0.434071932673027
TEST_05619,1.1899584749336671,-0.6693364936586009,0.11995420965677024
TEST_05620,3.3375638987983316,-0.3420647604459708,0.8332424383081688
TEST_05621,2.128830542250035,-0.057877406433976486,0.6877402081019298
TEST_05622,1.9659021817933684,0.05438470691178606,0.4406832332714951
TEST_05623,1.5688332106402894,0.5950100546566414,0.1294099378586171
TEST_05624,3.9593287259423824,0.20830872527598862,-0.10854622877408292
TEST_05625,4.472648110929521,0.009674347750324093,0.5160800129406751
TEST_05626,2.381811456611886,-0.44282435303771134,0.41409616044661246
TEST_05627,1.5799806056232277,0.4366909090357315,0.1475965820535797
TEST_05628,2.7377411981951583,-0.5437141353935985,0.24350589124093924
TEST_05629,3.9056356785184447,-1.105375565287771,-0.7022378365247616
TEST_05630,2.809851195444485,0.28495502357073643,0.0734129906688269
TEST_05631,2.243125505624396,-0.7784325804924145,0.42454956282274275
TEST_05632,2.369064266755245,1.5997478902008015,0.009739728173892653
TEST_05633,3.6626794441632784,1.0212920549406264,1.483567332299601
TEST_05634,1.4175628615699227,-0.05703419594099187,-0.026934976649770057
TEST_05635,1.6666816607029822,0.17534929047330114,0.11695338161117551
TEST_05636,3.4147008777926326,1.4133507729226071,0.9500560249027884
TEST_05637,3.316942539599337,-1.3225286015951683,-0.7608287479483612
TEST_05638,1.0710893780662265,-0.2653269306544058,0.3371838345989762
TEST_05639,3.2180266712997985,1.6273756395525023,0.5040776854073938
TEST_05640,3.4397471443310175,-0.47889280521400596,0.9270848254768815
TEST_05641,3.3860839774847697,1.1392869971751147,0.514071756462953
TEST_05642,1.314590623072682,-0.16439476187200477,-0.17451594557566244
TEST_05643,4.175687478655705,-1.2110211855840294,0.6180275000723696
TEST_05644,2.3539535270038154,0.8065907777553216,0.3934117562291231
TEST_05645,1.5455965518334194,-0.011036881440521914,0.005372015343758088
TEST_05646,4.241523013029617,1.4195165235864542,-0.5429032920109196
TEST_05647,2.681016908065645,1.0024202657050107,-0.03888470213855124
TEST_05648,1.1569578762390573,0.6598922501147236,0.5181187092738465
TEST_05649,1.9315464728364737,0.7154616846010268,-0.09649670648197861
TEST_05650,2.1999127620709036,0.006887334019421092,-0.3638296892223962
TEST_05651,1.1230927520228462,0.15592842185170405,-0.16487586974189297
TEST_05652,2.5779068093807167,-0.028423698828756866,0.14648171705242455
TEST_05653,2.924034943445407,-0.2682497728662709,0.28788823840694067
TEST_05654,2.5172104380579845,0.7647706695286939,0.9853247366240597
TEST_05655,1.7418090505831163,0.4775728975808581,-0.42844646598509656
TEST_05656,1.9700838798934848,0.6153916657719195,0.7880673486656954
TEST_05657,3.0240083650980063,-0.11953638651571084,0.7969577204018322
TEST_05658,4.651320882301303,0.8656009659939327,0.9300632659998541
TEST_05659,3.6879424607002247,1.12314584868909,0.5950015742122381
TEST_05660,2.1605895742517296,0.20342629855994762,-0.3779459388118236
TEST_05661,3.030309217950774,-0.3085211218657384,1.526279401905306
TEST_05662,1.632465302818069,0.18958801254603913,0.29074438999105806
TEST_05663,3.4876797810333344,0.5780749987424711,-0.372180825476926
TEST_05664,3.118618837928983,-0.23001362092015412,0.272403079797449
TEST_05665,5.556202445032022,-1.8900475769701224,-0.6485567338715261
TEST_05666,2.9516774876380047,-0.5435057810621174,0.6718065890142172
TEST_05667,3.611514017194115,0.30969498882369256,-0.2414342789979149
TEST_05668,1.8307822652734882,0.38116307582879627,-0.40226640500407995
TEST_05669,3.136091810103795,-1.869939270452822,-1.1101991602954155
TEST_05670,3.573072412806685,1.29897634837286,0.7823730153666865
TEST_05671,1.174770740593465,0.1786193702052373,0.10922664209022279
TEST_05672,2.6361598976579805,0.576242822776221,0.45847629477009777
TEST_05673,1.607040292331377,-0.13272807524933292,-0.006871694412049991
TEST_05674,3.556920447945873,0.7277398645264632,0.09857924860454378
TEST_05675,1.9670364451190478,0.9300962272312153,-0.6114579588699417
TEST_05676,4.48447899199435,-2.244482492091181,1.473555983913385
TEST_05677,3.2798562062435925,0.5909854708518312,0.6605805292304981
TEST_05678,0.9638054914704749,0.35199264727816837,0.3566650948337339
TEST_05679,4.881329107223261,0.43238726879228406,1.503383128011128
TEST_05680,3.016245368020461,-0.1795850324984573,-0.25557849481964073
TEST_05681,4.026370915416086,1.6643680390889053,-0.5518012114127111
TEST_05682,2.1955320681415045,-0.5908409275113178,-0.5097990970970826
TEST_05683,2.4907764229926554,-0.4751647817512569,-0.004493531976877199
TEST_05684,2.7900961554811294,0.20079995531382192,0.7557300855082185
TEST_05685,2.2469578597182958,-0.11863649855016124,0.7987726112961077
TEST_05686,3.0994393314976616,-0.6650271429985591,-0.4688133621618683
TEST_05687,3.644013483153217,0.7789367261512842,-0.5669590858249978
TEST_05688,1.1011707828319126,-0.5113571757342007,0.04763640708277606
TEST_05689,3.3603575441563764,0.21132279708585866,0.18964040199999901
TEST_05690,3.2189286141527123,0.5537122469178035,0.30005239833652264
TEST_05691,2.352234659958321,0.07795103278127447,-0.825720874915884
TEST_05692,1.34292241909438,0.6831976263536822,-0.014710638331273148
TEST_05693,2.549795103981179,0.10689976606579488,-0.21951421150667827
TEST_05694,1.900951227922998,0.6367182122929602,0.20040282104468018
TEST_05695,2.364271723288007,-0.2503104677977106,-0.5646494801019271
TEST_05696,3.2256696165011376,-0.4459397807360457,0.44446263577706896
TEST_05697,3.016494825712691,-1.1971012076697598,0.4371457679583075
TEST_05698,2.890193896279622,0.3204957446013668,-1.1107817916292786
TEST_05699,3.9984653802542485,1.5452402450267912,-1.2549979689891488
TEST_05700,2.7360651558143707,-0.20834102842372237,0.19874577747694602
TEST_05701,2.9007642428567983,0.09144954167885186,-0.9704954029431979
TEST_05702,1.6594437355687781,-0.11586366241626256,0.36468441375251304
TEST_05703,3.666241673189014,-0.07524756801315989,0.4135196673532338
TEST_05704,2.706700456070208,0.297946814540453,0.048902440411756246
TEST_05705,1.3945681855612406,0.2844926471807966,0.6164736933730097
TEST_05706,2.0552301219377798,0.5544676139916871,0.5242458783746323
TEST_05707,1.2946253845366957,0.058237677950234344,0.44376325254553595
TEST_05708,2.987513585338432,-0.22965023105999996,0.5701729428667385
TEST_05709,1.9530525141137434,1.096721020490793,-0.27784058650548643
TEST_05710,2.0880190821452205,-0.8341768200044994,-0.7689573641609404
TEST_05711,2.287262160833491,0.582757929213623,0.42788350258915575
TEST_05712,1.3869600711973844,0.3979168810781305,-0.41263614788828096
TEST_05713,1.8516845433391436,-0.0066814224492211215,-0.4589774149604445
TEST_05714,3.4145658829309142,-0.5735230590378226,1.2452251860533192
TEST_05715,1.4620077553975857,-0.3463649324220547,0.2324270521476012
TEST_05716,1.7534903171840008,0.20039263119042855,0.0852059979556329
TEST_05717,1.8480714396889708,0.7212603189383643,-0.48411183702673344
TEST_05718,2.0040870192168923,-0.08853036945910321,0.8373834412945728
TEST_05719,4.871943035496339,0.7160990590383656,0.6540148225180049
TEST_05720,1.4873971731310944,-0.5121752384180918,-0.1369310062573856
TEST_05721,1.7588735623450968,0.28019453633938246,-0.4471423832596282
TEST_05722,4.081652245091061,0.3878496690538721,-0.6921953803968753
TEST_05723,3.2910025610225087,-1.626679414792569,0.44924463688106975
TEST_05724,1.823100741386688,-0.27848876968286485,0.2964352105045121
TEST_05725,1.8817108248597763,-0.48964825746540475,0.16147381399769944
TEST_05726,1.6862357436434614,-0.28950698304738065,0.09693251993430349
TEST_05727,2.085104954395252,-0.8072712914445093,-0.02088563522831762
TEST_05728,6.1236205225564655,1.7105475465015394,-0.38369575929145977
TEST_05729,1.0915471731485868,-0.33950277345877533,0.050891187341032276
TEST_05730,1.4099190291236767,0.3310815405935031,0.1093858267971274
TEST_05731,2.219068316083709,0.26716248065064424,0.03288868178002861
TEST_05732,4.511844385446332,-0.6687451314829144,0.9430666101741927
TEST_05733,1.4926527590708982,0.29757710275913235,0.1052600801599436
TEST_05734,1.4335952811148476,-0.291714278870219,0.3156321543594603
TEST_05735,2.0022010196279463,-0.9894888424180177,0.010059592176925617
TEST_05736,2.4967620761821427,0.7804191283266922,0.07468453425114152
TEST_05737,2.162374165261467,0.20853189564173896,0.047564766282102953
TEST_05738,2.328766007158719,1.180824725832236,-1.0633351222229346
TEST_05739,0.7814992255525302,-0.3924855065334864,-0.07289298685645494
TEST_05740,2.218736579085759,0.4307071075874934,-0.8348221444190512
TEST_05741,3.1942666202513874,-0.2693728931172669,0.06429780772080285
TEST_05742,1.3042272236096057,0.18804732605268673,-0.19283564133185813
TEST_05743,1.6850305355182729,-1.016598690890732,0.6862266124893028
TEST_05744,2.0241791039271084,0.06262532480170736,-0.1621689534512945
TEST_05745,2.017403058276904,0.52255999398527,-0.8456860110652366
TEST_05746,2.5556200563479914,0.0715255603804035,0.028032042959695566
TEST_05747,1.967745343815333,-0.558870475721301,0.5961530501539434
TEST_05748,1.9595365577451127,0.7095359412474964,-0.09829052628474418
TEST_05749,3.9429465554665035,-0.6872635580983345,-0.9703180181174424
TEST_05750,1.1661162674005137,0.6513710337324894,0.13587262110205273
TEST_05751,1.7064742264189552,-0.12285803213448443,0.03712336779838801
TEST_05752,1.9651695326901193,0.8547740670335715,-0.42214617109543295
TEST_05753,2.1423526639498887,-0.1465161431155063,0.5623313597757955
TEST_05754,0.9408870524688591,-0.3335522877322294,-0.005603453373978662
TEST_05755,1.3694609918105949,-0.3175159997934931,-0.11511152761594393
TEST_05756,2.0594434600600766,-0.44490931016765256,0.6179687275256018
TEST_05757,1.550832085494891,-0.04911432610069506,0.139278177027848
TEST_05758,3.230372034348851,-1.2510443218545881,0.3145578210484842
TEST_05759,3.296512958522342,-0.6631624737284941,0.8021975792625873
TEST_05760,2.202530333652267,0.9616955374311366,0.21482697210214707
TEST_05761,2.8781236757245177,-0.14662578043741684,0.14741752245485867
TEST_05762,3.675038072521774,-1.5369367516084291,1.3153002129357467
TEST_05763,3.770732998355517,-1.4007089338348646,1.051028102318681
TEST_05764,2.147512310622054,0.17671128877896558,-0.46426046589139647
TEST_05765,1.4904430254608696,0.3010082588513375,-0.33086733711248806
TEST_05766,1.5534847476784308,0.012652305617399195,-0.2645837837926736
TEST_05767,4.480855264276986,-0.7074929026323077,-0.598274377108004
TEST_05768,2.3690139002129986,1.0299598303538597,0.05657915867583295
TEST_05769,3.0338929158333867,0.13639073804965657,0.24708111147292686
TEST_05770,2.691204150216776,-0.3231956562420391,0.06649841715716297
TEST_05771,3.6618024991774205,0.05146757908895838,-0.011627637552837099
TEST_05772,2.4035042936417206,0.8250573964979537,0.476804857927505
TEST_05773,1.564817670734043,0.27298476608703665,-0.26353321529624407
TEST_05774,1.1643440389002915,0.3305675171794256,-0.10343826092429213
TEST_05775,2.1360454576304075,0.41187030513010425,0.06737035856264162
TEST_05776,1.0125018497297802,0.37642185939539624,0.5412288968443925
TEST_05777,1.1250180405799521,0.1706413491268426,0.09149573955343933
TEST_05778,4.565292419000864,1.5680368844157588,1.3798949865063759
TEST_05779,1.0659094130885653,-0.5758367128606632,0.14872056222143493
TEST_05780,2.043369204873992,0.22622715445286795,-0.4318978976868289
TEST_05781,2.3810610899007743,-0.3556609081815031,-0.9712499204437138
TEST_05782,1.345148003774092,0.014801878264704891,0.05167209790538792
TEST_05783,3.928743784124477,-0.009129075156973438,-0.4369234340302919
TEST_05784,1.3904468582863971,-0.2828694614583601,0.2620049020706663
TEST_05785,4.224493804633967,1.606385041720486,1.1912741160544225
TEST_05786,3.011920292716552,-0.18168411521098415,-0.41102780869604605
TEST_05787,3.460443338932991,0.6891221778963286,0.151304414633244
TEST_05788,2.4295183158838602,0.7049481839822729,0.21505795015642862
TEST_05789,0.7553150417335108,0.00619096214239406,0.17030982041867226
TEST_05790,3.6425235913911322,0.17117903701400275,0.6796837322636496
TEST_05791,3.005646558093288,0.5408343934497929,-0.4903767300317303
TEST_05792,2.708973162341591,-1.1225377145101711,-1.098469190830977
TEST_05793,3.1164383515623824,0.17451127929138233,0.9663084535194079
TEST_05794,3.134555987498311,0.2789496745562703,-0.3763870237050501
TEST_05795,0.9608133510940502,0.4634419275869896,-0.06852340761153289
TEST_05796,3.8499925928694734,-0.47043781490521713,0.24579039028713484
TEST_05797,2.5729740632070888,0.8655886869759598,0.1632642285770752
TEST_05798,3.209984728605374,-0.9453292165691867,0.9034144080069053
TEST_05799,2.7562922020819305,-0.7106704655394215,0.828980730792015
TEST_05800,2.7604225513869003,1.3501552753523116,0.5393992568860252
TEST_05801,3.8985621151659573,-0.6303937334415056,0.17021124060121018
TEST_05802,4.481356201706584,-0.9914086186206671,0.017172742514006016
TEST_05803,3.3617550698868572,0.5492667794048757,0.09250250138770896
TEST_05804,2.3515398248342585,-0.2538509640678649,0.8021159894390525
TEST_05805,1.6409090100450485,0.9623931758954426,-0.511737209190509
TEST_05806,2.5756817823760847,0.266208891072553,0.31509793174722006
TEST_05807,3.304424951555624,-0.5051135945439027,0.5289984197165425
TEST_05808,1.8336524506609595,0.5365778576012183,0.8982028572948234
TEST_05809,4.580114429689215,0.5629071873775546,-1.1122765409285449
TEST_05810,2.4164314604302772,0.5935273322112791,0.07729190998585438
TEST_05811,4.2185429816912325,-0.24650712758966944,0.5297744681648818
TEST_05812,2.695563936994833,0.804872219861128,-0.8611483675502036
TEST_05813,0.9289089874257732,0.2936643856235649,-0.0982924102239709
TEST_05814,1.3936846998590797,0.022431603340966978,-0.36662574326433334
TEST_05815,1.5036555396514075,-0.7229969934076278,0.40771999209931753
TEST_05816,2.9962193275626063,-0.4858822061766444,-0.4726270297206425
TEST_05817,1.452664002277407,0.5393085644573371,0.10589453321612145
TEST_05818,1.90497071086967,-0.13968109291060232,-0.9287342805230093
TEST_05819,4.545150886192218,-0.8016444292772398,0.41177085827886567
TEST_05820,1.0045837537691473,0.04528820109730119,-0.1298639963656872
TEST_05821,1.8293066271407707,0.5987400560196763,0.06727202070432167
TEST_05822,1.4640837270520806,-0.04359912570216174,0.029343702640952814
TEST_05823,1.2800767168140275,-0.07294792924832223,-0.23388143345560303
TEST_05824,3.295049780506477,0.004845807206375812,-0.2090158498626004
TEST_05825,2.204551811074777,-1.118328791539972,0.830882681908788
TEST_05826,1.3140040242032769,0.06191925287759348,0.07096301429917821
TEST_05827,4.040709133382884,-0.1418064695117589,-0.48099329321074213
TEST_05828,2.2437673987582016,0.10724083816211881,0.31498828655569155
TEST_05829,1.208478580068186,-0.21109561605289062,0.4059679745470223
TEST_05830,1.20755844517013,0.13153914417156987,0.4281516987497943
TEST_05831,1.289142843700668,-0.08890513700734931,0.244830826064664
TEST_05832,1.9637324480669693,0.40314163916623974,0.27454906747709645
TEST_05833,1.8734944213091684,0.7299179480485545,0.5148902914332703
TEST_05834,3.4473436221973572,0.2927011860934447,-0.8978752636866926
TEST_05835,0.9326338816666462,-0.39869167568137687,-0.2035672119858751
TEST_05836,2.9507698038270274,-1.4242205531299852,-0.5782854200980924
TEST_05837,3.8089702754154824,-1.952339886476677,0.16549600675142243
TEST_05838,0.8900729326080913,0.4761855762116061,-0.04316809586539846
TEST_05839,3.0450115256905597,0.8389090750056982,-1.0948068351538032
TEST_05840,2.685676398175383,2.070040030579423,1.0767059852098395
TEST_05841,4.276340963008783,-1.1993664052839634,0.9711906805501591
TEST_05842,2.074794018043532,0.9727148086502665,-0.8841591677356455
TEST_05843,3.1855707143512135,-1.0131875248437596,0.5090835978739089
TEST_05844,2.346793284731865,-0.33499267793989573,-0.1411606811285147
TEST_05845,1.6529956060459448,-0.7134376287337547,-0.24340496141207346
TEST_05846,4.328374607454703,-0.3794951404655443,0.5215496697380977
TEST_05847,3.419772190731857,-0.23393597632480434,-0.2359538303791399
TEST_05848,4.337244742474732,-1.511852019520668,0.7701260520103241
TEST_05849,1.500863639473154,0.012223468715157346,0.10769105284277015
TEST_05850,2.5931679422022547,0.28580207568506666,0.06572544902367383
TEST_05851,3.5430423183556217,0.47706317614924126,0.6446045207293827
TEST_05852,3.270532870365763,0.31876173582673634,-1.1469290878575193
TEST_05853,1.0407789382020838,0.039936304969811216,0.16102441973907095
TEST_05854,1.7114797106274657,1.0491545823859094,-0.09878098076397995
TEST_05855,3.044144466732126,-0.8379210381986456,1.12983655995126
TEST_05856,2.771737826687911,-0.681705116624536,0.13807976439195518
TEST_05857,2.2748272692335036,0.8047054173427659,0.437698127192118
TEST_05858,3.6713867391222097,1.585701547662291,-0.22383288916750654
TEST_05859,2.2652669915346038,-1.31427263516505,-0.5823974627315005
TEST_05860,1.1242258437016874,0.16191344256621917,0.29816641213528483
TEST_05861,3.1109312163591545,-0.17500372691272573,0.12099000329405957
TEST_05862,2.2067776739707226,-0.04049260447543926,0.036730683202907156
TEST_05863,3.741613080032436,-0.5951650560556493,-0.8062192109255728
TEST_05864,3.0259698241701027,0.014119564657981096,0.0680103298504182
TEST_05865,1.5145184904688318,-0.11971809981019035,0.7380974453911321
TEST_05866,1.5292629238018414,0.5908574574014585,-0.38023123910401646
TEST_05867,3.5705028528952725,0.10720739033441858,-0.052663151818712076
TEST_05868,1.5551350749054385,0.04969086751883525,-0.0012428089192254767
TEST_05869,1.3155545968210172,0.2958037770806939,-0.614359033647275
TEST_05870,1.5337200035494076,-1.119551056188258,-0.12050986911112037
TEST_05871,2.015141613158482,-0.7091504805854151,-0.04237798038849043
TEST_05872,3.121022759823301,1.4155357508091033,1.1451803129108646
TEST_05873,2.87479721221317,1.607006364033515,-0.7812511645016048
TEST_05874,2.6791543557061046,0.6498031334571938,0.6922835314222026
TEST_05875,1.2190287870052967,0.22394152652868998,-0.0031953485575238116
TEST_05876,2.4076068152937995,-0.6519575180895956,0.27125863152529767
TEST_05877,2.9185270335864164,0.46908125693676594,0.6069277393631225
TEST_05878,2.2483657652475717,0.21499322243073538,0.4031363288981819
TEST_05879,3.9066237085689957,-0.2797491937263202,0.6423213027014499
TEST_05880,3.7385090308939932,-0.06333215347315613,0.06790783570476609
TEST_05881,2.8895876295926426,0.900840995666169,-0.42215763179612587
TEST_05882,1.5000173839148092,-0.06315599791081104,-0.1330912308767526
TEST_05883,2.511189047967435,-1.4479114627761551,1.0635313895678666
TEST_05884,3.0573166342112406,-0.5517274171766954,1.3951127667693606
TEST_05885,1.7120082682421836,-0.17215286276251954,-0.18573507332484498
TEST_05886,4.991431583906365,0.5073838848803475,0.519039637085107
TEST_05887,4.221434355090529,-1.1696606366628648,0.11642004894292658
TEST_05888,2.2356334584183077,0.48884464015526397,0.48895851047641276
TEST_05889,2.7756994017236694,0.12869910900455603,0.4887451899350788
TEST_05890,3.2051294749532384,0.2725387394379366,-0.18101930751097
TEST_05891,1.8748520461942948,0.20251173295618108,0.03781574212626604
TEST_05892,4.502462381489308,0.26851839508958764,0.6131067782962258
TEST_05893,2.7476272643790267,0.6298146799581602,-0.297222585852621
TEST_05894,2.521528623242298,-0.5554354234184246,-1.012610413067581
TEST_05895,1.4032434827915514,0.3440468900314945,0.32165859991032286
TEST_05896,2.6000874763973787,0.25578299411528727,0.89582343710365
TEST_05897,2.1709625709436082,0.3767655965511975,-0.04742597735452354
TEST_05898,5.402942548737038,-0.9645632694709082,0.06503972056403687
TEST_05899,3.510366576629748,1.196862356469429,-0.7473870141780486
TEST_05900,2.0200695928327774,-0.3137006690651269,0.5109857365670296
TEST_05901,1.5235867244349326,0.2981191801797643,-0.2556617719980361
TEST_05902,2.0795964535162503,-0.7683185841368205,-0.13346069252457277
TEST_05903,2.1586256703398776,-1.070723678767786,-0.1342422652716007
TEST_05904,1.1522218531942527,-0.20427668616426245,-0.07891394612000512
TEST_05905,3.8267914399600493,-0.1863351856474069,1.7915104129938095
TEST_05906,1.4488668667964224,0.4712611061867648,-0.48591441140093533
TEST_05907,3.594642713825875,0.16907029428603357,-0.37405273813746004
TEST_05908,2.725586171163854,-0.765323272711004,0.3745883460280856
TEST_05909,4.10435763076398,0.5166396558483629,1.0565087646915368
TEST_05910,3.1602426701870545,0.2713451685403327,-0.9033258950661022
TEST_05911,1.79599817465295,-0.487387745533598,0.18928905507864313
TEST_05912,2.492194958133192,-0.14226344257381554,0.32937878052012365
TEST_05913,3.1810190227919644,-1.4295840548651093,-0.27923687145533654
TEST_05914,2.4734011395799924,0.057234355043496714,0.08102538017785246
TEST_05915,1.6155880117278762,0.11012110005657148,-0.2600822137100029
TEST_05916,1.275739642827498,0.16976784591224575,-0.1715046534189368
TEST_05917,3.490876883579564,0.5087954173263338,0.3374401308198296
TEST_05918,1.6839593156977044,-0.08240419409040889,-0.3684819903689417
TEST_05919,4.76674050221229,-0.9428102178628682,1.1979168369728916
TEST_05920,3.285392711543501,1.240497583156551,0.826167125413041
TEST_05921,0.9675124386215451,-0.6246052182978913,0.2364666298387434
TEST_05922,2.6633412891927333,0.3898735996313555,1.757779880303653
TEST_05923,1.249762274408174,0.2703331150811338,-0.12247759437224343
TEST_05924,3.1369134077811447,0.7814143019247849,-0.38934538922453743
TEST_05925,1.0024591678866734,-0.3570859592886347,0.328534528607576
TEST_05926,2.0844203914770607,0.42435027984713386,-0.13301780276018296
TEST_05927,2.9523934021018325,0.6106721535473779,-0.060110788704260724
TEST_05928,3.7121097176959963,-1.7784647275015926,-0.010394906662231177
TEST_05929,3.0384421032743276,0.6272615932700162,-0.14838804544545003
TEST_05930,2.582093796739275,-0.018855305426974514,-0.2018476524998394
TEST_05931,4.043697238322825,0.27667375380352105,1.1139102869257196
TEST_05932,3.3319529009601276,-0.9596620918892994,1.167564760823583
TEST_05933,1.452637724447531,0.33568909982731104,-0.2193958065665525
TEST_05934,2.8260345005429097,0.943850423070513,0.4019037674561069
TEST_05935,2.479088636698249,0.2447496040489708,-0.3100965190979385
TEST_05936,2.9795683950275818,0.4420800402275769,0.5750967956840467
TEST_05937,3.4058428525690654,1.8532719675972757,-0.16102891650690687
TEST_05938,2.8894383149656537,-0.8117071226487667,-0.8788895997726506
TEST_05939,3.474385115906106,1.371693184998097,-0.0513216713666496
TEST_05940,2.996595281113471,-0.8441505192137758,-0.5455355900513157
TEST_05941,2.98981324392648,0.19657057214860238,0.44872807744347953
TEST_05942,1.4010693243304688,-0.5543513623397196,0.17860592914577986
TEST_05943,3.6142077349024486,0.6395263534610485,0.8999251039708599
TEST_05944,1.4976611393595494,0.08418216550812807,-0.1465587071843025
TEST_05945,2.5858044716415076,0.48572338766552253,0.05614772946050228
TEST_05946,2.343429953628111,0.43463731957250473,0.29516947719974496
TEST_05947,2.367713116397731,-0.3978993161320732,0.03222324502634296
TEST_05948,1.9287091680186412,-0.45582525304800103,0.3964209204220992
TEST_05949,4.171598037614492,-1.6037578347833197,-0.16547465094827016
TEST_05950,5.280997308859642,0.40127879132783534,1.5439277958100739
TEST_05951,2.527668028980695,0.772863935786927,0.6579619131050154
TEST_05952,3.364998297282128,1.563885414952131,1.015953669301731
TEST_05953,3.3186258807042233,0.45509754567063054,0.3637936608798614
TEST_05954,2.559465910034586,-0.46715812063075746,0.5815183106136738
TEST_05955,1.691970787449801,-0.19801726780072593,0.2617146198751317
TEST_05956,3.9099572980168014,-1.1518166473867832,0.30106692979127614
TEST_05957,1.7578333154647174,-0.24534705933126394,0.27228689406782486
TEST_05958,1.6891933299959174,0.8586704737277817,-0.6553105674536922
TEST_05959,3.690738298446741,-0.7902900684139367,-1.308460729883042
TEST_05960,4.543768912275491,-1.399174533077808,1.2274103606799156
TEST_05961,4.980260798341007,2.0262176670120873,-0.6884003745919285
TEST_05962,1.7071496676471571,0.7479824719959095,0.24182127798163564
TEST_05963,0.9719741838735743,-0.4314330003701532,0.2807386321500588
TEST_05964,1.8972279315008054,0.6633722511528992,-0.023439404811413187
TEST_05965,1.7550058834877207,-0.5787141122534231,-0.004313214838069359
TEST_05966,2.544865790667293,0.20855048575022428,-0.9704567785677961
TEST_05967,3.6643161504065724,1.0764604364331405,-0.5745894654742764
TEST_05968,2.5237884310586955,-0.4575234316952604,-0.863362086752222
TEST_05969,2.6189296683440535,0.040266945136909336,0.18345541061151294
TEST_05970,1.5673182159960541,-0.1811005607173357,0.2232615748795588
TEST_05971,3.2180972842847155,0.23461136136650287,-0.6473055729080782
TEST_05972,4.4308919067701025,0.8295950669335055,0.02897460639758433
TEST_05973,1.769402964394594,-0.08013457329841377,-0.05833988178493677
TEST_05974,2.066636461393801,-0.8903754264075167,0.7924745444271943
TEST_05975,2.495006152740348,0.15532365965313139,-0.2162966558909233
TEST_05976,2.9415263254791286,0.9157573892777326,-0.06454387010811595
TEST_05977,1.6399721483880498,0.8534753441780164,0.2398254916237344
TEST_05978,1.5118342422477902,-0.2519798169046802,-0.8626352914952554
TEST_05979,1.1809357280763018,0.012964426080363854,-0.28873350568264367
TEST_05980,2.456512630250281,-0.11619849553236145,1.0259439514388182
TEST_05981,3.369769686229246,-0.07772646512006072,0.6162872507316555
TEST_05982,1.764801693454879,0.17753898434976542,0.30008389483919856
TEST_05983,2.054003367668776,-0.8104559727396963,0.6615930426463453
TEST_05984,3.269943727609897,-0.41331790225977144,0.7470252005326188
TEST_05985,2.5352802145335978,0.6286221133154181,1.4177340891607113
TEST_05986,2.065080082599709,-0.4254638389228656,0.8727343385622631
TEST_05987,2.3514260973248438,0.16537163782227088,-0.39122400795460666
TEST_05988,1.9966084761447096,0.6123643302679667,0.19374114355660704
TEST_05989,4.23653600619956,-0.9207903058918258,0.2819337760798606
TEST_05990,4.773796807307253,-0.3867381997952378,0.3338050846577212
TEST_05991,2.4470174763311094,-0.37345942357920275,-0.496930732074684
TEST_05992,2.3726086014973333,-0.9898362247880766,-0.22945926066969863
TEST_05993,3.4033300923576717,1.6697541651954717,-0.88690699379921
TEST_05994,2.346354381179799,0.24085379072044807,-0.034917730333857366
TEST_05995,2.2103279249906183,-0.7920413547838512,-0.2729984278931394
TEST_05996,4.184958747203599,2.136880683964276,-0.5481277206911348
TEST_05997,3.3598674874439127,-0.6815557240521729,0.986642891539428
TEST_05998,2.047684293675529,0.9880485320133225,-0.2711075784102517
TEST_05999,4.819863910998608,-0.019657458924264216,0.4563957611474686
TEST_06000,2.887716325799512,0.16575128069467485,0.3527108483610783
TEST_06001,1.765942217701132,1.2071766672096569,0.2655069033736845
TEST_06002,3.46840142942681,-0.536577134823567,1.250975069097555
TEST_06003,0.7866817762244945,-0.3002476679918398,0.23618185969519379
TEST_06004,3.453095948323602,0.8595683111657737,-0.19809959670295174
TEST_06005,2.6207220282603716,-0.7807996332253648,-0.9626151704504253
TEST_06006,4.290771178457032,-0.6555386966146959,0.024478053775393804
TEST_06007,2.526508895449562,0.16333747504664803,-0.6163919408238531
TEST_06008,1.5723818798165952,-1.074326761406688,-0.2894121587922695
TEST_06009,1.7622255919344088,-0.13955375888720045,0.2640202596167053
TEST_06010,1.7870287383568306,-0.21480533466330015,0.04549280898072558
TEST_06011,3.155860117411678,0.17551717224052885,-0.6281003934468075
TEST_06012,3.241922133760332,-1.7007149847690726,-0.4001395455521164
TEST_06013,2.8710259905443705,-0.08205913074331728,0.3112962673411522
TEST_06014,1.7413157393311225,0.5577118597270028,0.0721164457761642
TEST_06015,1.8532288390096403,0.3412687830610479,0.5508664110868
TEST_06016,2.1383864258719716,0.560614834064019,0.22311201535633016
TEST_06017,1.2687649938048957,-0.16218851098274198,-0.74285489502005
TEST_06018,2.7647554139127073,1.2192560198931461,0.5553069647829072
TEST_06019,4.667245763095695,0.17287641952589655,1.2207783746570193
TEST_06020,2.948330946852482,-0.07390156682988429,-0.6442384164276217
TEST_06021,3.3797511526547948,-0.03734817537530853,0.5898380161539332
TEST_06022,1.6445806283541022,-0.0854322196348819,0.25012370327602174
TEST_06023,4.102033660849945,-0.11598858005394515,-0.2539363910836033
TEST_06024,3.368556318709527,-0.3616252419327464,-0.4122523230844898
TEST_06025,3.44335355059379,1.7653036241859499,-0.33038883750558934
TEST_06026,2.2202606117180266,0.11228014558665773,-0.403940587438293
TEST_06027,1.6279756113887007,0.549464411197152,0.2819156185875896
TEST_06028,2.042677530197575,0.7556244285207868,0.19895639670696022
TEST_06029,4.166100155544368,-0.7420858734475154,-0.7596156970849042
TEST_06030,3.2355232348068137,1.1450200138589788,1.0826676663395995
TEST_06031,1.4535010229806264,0.12899962371277401,-0.2419030941068422
TEST_06032,2.777267531402463,0.40662908339825327,-0.1287472993641391
TEST_06033,3.7722279121469646,-1.5172259916574884,-0.23117283188843754
TEST_06034,3.2517916950370656,0.6015199578427761,0.26628315276973197
TEST_06035,1.0456386861701394,-0.062153249750957124,0.11033486476720147
TEST_06036,3.9139739442477635,-0.2646554557007228,1.1858350716264299
TEST_06037,3.450483066873272,0.441738791737765,0.8904445491221158
TEST_06038,2.4428736740898667,-0.42482865820181687,0.624488782438271
TEST_06039,3.737607743694589,-1.343417410096348,-0.4090265832887669
TEST_06040,1.3757605172277172,-0.7789718012132919,0.4666512517163406
TEST_06041,1.8971724328018227,0.18375599573050053,-0.2998522809045475
TEST_06042,1.6207666559903624,-0.279473095821775,0.13777877116503515
TEST_06043,2.7837568312241485,-1.012406664624492,0.2318449097171181
TEST_06044,3.7998757084361223,1.4472434325255366,0.8986376760576811
TEST_06045,1.9877895568923807,-0.968745605896634,0.21537767784610365
TEST_06046,3.04603589177758,0.21078570969160498,-0.15069450236657866
TEST_06047,3.4336187148828974,-0.17697800176140235,-0.06709742701758391
TEST_06048,1.2046868390380894,0.23992786495802124,0.4356001675955559
TEST_06049,2.386706531071383,0.3813238809681918,-0.08539508062638718
TEST_06050,3.3331027831479125,0.20476869194325667,0.5797343555631685
TEST_06051,4.266227666456247,0.15027901406226232,-1.1975146899774058
TEST_06052,4.797733828129946,-0.162290502232479,0.25779733052510967
TEST_06053,2.394973503390595,0.057906803027691744,-0.15290147520105066
TEST_06054,1.6396737818294052,-1.066107705079447,-0.14544039586768434
TEST_06055,1.809165269385121,-0.25218845045104943,-0.10684198531358824
TEST_06056,2.0736894210175114,0.638241756868147,0.38544047081707283
TEST_06057,1.0815479441672882,0.4850758743652164,0.4668684924472791
TEST_06058,4.110655069220886,-0.05730656200855805,0.3699522104060966
TEST_06059,2.3409926761643707,-0.2993591140895849,-0.40043598165044686
TEST_06060,2.8794343924785744,-0.0946103839155025,0.1695131033682616
TEST_06061,1.6105660017513863,-0.1379358279219334,0.09554221515732975
TEST_06062,2.3107996943420734,0.6408694653833481,0.771053727994172
TEST_06063,3.4794539490625875,-0.10964946579453255,-0.33743391185167654
TEST_06064,2.996635702615128,0.4538648030324716,0.6184870050000751
TEST_06065,3.526224220252313,-1.6543487330780793,1.2758822537100787
TEST_06066,3.590420840202236,-0.08114838171490497,0.8299100036285224
TEST_06067,2.617612444687109,-0.15960096532887422,-0.27114467416290794
TEST_06068,2.5230404618591686,-0.457104701163128,-0.07105797556075238
TEST_06069,4.2326786253673525,0.5285381013702445,-0.8197289818891503
TEST_06070,2.8008814865065976,-1.338730428158582,0.29734986596909935
TEST_06071,1.691361022258528,-0.5528620592496694,-0.2193377132685943
TEST_06072,2.3130695695208536,-1.0087815922523782,-0.0773776719800138
TEST_06073,3.4614044289478674,-2.139059498000783,-0.6841534884692744
TEST_06074,3.1982118083972533,-0.48258213693106267,0.5449959443510111
TEST_06075,1.556061033967577,0.18447536153508295,0.46174364152983705
TEST_06076,2.912612496530704,0.835181457329739,-0.3369802018995548
TEST_06077,1.7065558042121587,-0.1632630937118156,0.08846028513724881
TEST_06078,1.9161504664682603,-0.20121310879883572,-0.4264669097956381
TEST_06079,4.259396056590917,1.7116812164084956,1.5366179466263519
TEST_06080,4.189470798414245,-0.2705961303673437,0.5042968800920246
TEST_06081,3.7659755062191094,2.2945677348417886,1.3673629251065265
TEST_06082,2.642219576175489,-0.7574916097814092,-0.5898137312472023
TEST_06083,2.6662900059483814,1.8661036629440706,1.0061877014530773
TEST_06084,2.565123063837692,-1.2343354917046085,1.1047277303993313
TEST_06085,1.6918374164927559,-0.30092651685482713,-0.3576966916293827
TEST_06086,2.3632443269405354,1.124634168399269,0.5895406044765982
TEST_06087,1.572954339676794,0.4707364239311742,0.01426370164765055
TEST_06088,4.6673011441166725,-1.6518680643060752,1.2102621992082883
TEST_06089,2.885759242501325,0.23629117663587432,0.2087307968752572
TEST_06090,2.4716324397469007,0.6528154228500388,0.2002387031349178
TEST_06091,2.3658966014102796,-0.10015088294125357,-0.5940996634646957
TEST_06092,3.920094169860429,1.1912760266322286,-1.354547027320356
TEST_06093,1.1692289637075115,-0.2034656927234612,0.270707706214968
TEST_06094,3.5258182055739846,-0.6188070869782986,1.185794765901153
TEST_06095,3.4788134721952404,0.8935381729309474,0.2907526896147832
TEST_06096,2.5155713689445833,0.20569189303514476,0.240353908076884
TEST_06097,2.7282175882001263,0.47460506155204474,0.3321509431866997
TEST_06098,4.382880167565829,-1.5430665142389846,-0.03754812204409562
TEST_06099,3.1957363557538456,1.3546384236440085,1.2314813605334924
TEST_06100,2.5367046756910527,-0.7460975817266868,-0.38939619564124506
TEST_06101,3.033459915921743,0.4259766740724419,0.6874759683048834
TEST_06102,2.2265630423956875,0.4507705428002465,-0.6069306210601855
TEST_06103,2.082715837982547,0.6876828478438736,-0.3000667582056631
TEST_06104,4.18198744552051,-0.0546153148636925,1.0811343908822664
TEST_06105,1.5871385186907778,1.1315453329518743,-0.6265685650656421
TEST_06106,2.340924940723259,-0.010751620219296803,-0.807915845955531
TEST_06107,4.227480075137143,0.7491861846505469,0.8972265701386706
TEST_06108,2.1511791909855082,-0.5697021156822657,0.17451794100430798
TEST_06109,2.4808584890801164,-0.5733515942811812,0.5467123694775962
TEST_06110,1.1336363929275406,0.42691504725141094,-0.03442329978088389
TEST_06111,2.5395096787440847,-0.5791417469950976,0.2945187040775492
TEST_06112,2.993930400702636,1.3220196940919033,1.0461164202941333
TEST_06113,2.4530977907686045,-0.12398600527325228,0.5928891419454309
TEST_06114,1.9209267425188639,0.16970810281429202,0.17599417592149727
TEST_06115,2.330207381102694,0.6136220611413777,0.8897931596823274
TEST_06116,3.9045504934784785,-0.6331674903512267,0.9829106908656775
TEST_06117,2.244981700792612,-1.0252111075338268,-0.025949415583577353
TEST_06118,2.6264065805135823,1.1986872902967094,0.5055114176792284
TEST_06119,5.845265787181188,0.78407052463861,-0.48036704155109505
TEST_06120,3.1354498573153116,-0.5232333349271194,-1.1143922358662088
TEST_06121,2.1235359695319125,1.2734102323492005,-0.30780336331035385
TEST_06122,1.8969478627625274,0.9020617828272836,-0.3405456476781528
TEST_06123,2.524065002032669,-2.2745474145981395,0.21928407146665518
TEST_06124,2.411163993532802,0.38917922961935825,0.8615634111688163
TEST_06125,1.5969062796113507,0.27834852055370873,-0.2040187768497729
TEST_06126,5.178870979667933,-0.08287733288122671,0.11291476880797674
TEST_06127,2.058897795346713,0.5286658051409701,-0.5037831086156193
TEST_06128,2.755881231695258,0.767528799276421,-1.0196704167916222
TEST_06129,3.222055503680312,-0.17317159760699216,0.16641727493359468
TEST_06130,2.571150422387994,0.002299460815684688,-0.6060168829914508
TEST_06131,4.360867529476479,0.33060083328189915,-0.3399756504494038
TEST_06132,4.775342958353725,-0.15390267575955416,1.7776376121415711
TEST_06133,2.0612681059695634,-0.43934550346916146,0.5338750674989519
TEST_06134,2.432545681874236,-0.013861365290492736,-1.073278619283191
TEST_06135,2.6437991547144106,-0.7979645264323405,-0.1592868444717653
TEST_06136,1.6233282295648481,-1.1240860451993548,-0.32180373660420203
TEST_06137,2.2152813756388907,0.5472943711576436,-0.730874784620833
TEST_06138,4.570063005213754,0.28660147334767144,0.766654154802346
TEST_06139,2.9472088357843558,0.15311264102338182,-0.8745525174315631
TEST_06140,2.6950202718812992,-0.9008574246861158,0.8732167527153168
TEST_06141,3.048633978627903,-0.179547387569332,-0.6201766140407065
TEST_06142,2.19995825249157,0.9404844744381048,-0.6705703174592786
TEST_06143,1.4424416954139339,-0.3816596599003477,0.3715980116643009
TEST_06144,1.698607261368225,-0.6569485601307958,0.05076393449690571
TEST_06145,3.7423517932919848,-0.6679537282880581,0.6419171061540383
TEST_06146,2.135660840088082,-0.18441643068775646,0.14751781508835232
TEST_06147,3.4504929666723463,-0.3951532761371514,-0.6791474615664094
TEST_06148,2.5281185644871456,-0.5597005100086005,0.6644141226443941
TEST_06149,2.31119636432008,1.1830585015367727,1.3990400881690281
TEST_06150,4.27770759524637,-1.5751901819943026,1.6874336844394444
TEST_06151,2.8637864672809448,-1.326984633560842,0.3727386699227918
TEST_06152,1.1867984496010409,0.4729720213082417,-0.0358497100027741
TEST_06153,2.6828566072189646,0.16886174756804162,0.7852648005865852
TEST_06154,3.050309537431984,-0.38583147903106707,1.3034567296993516
TEST_06155,2.111810244016178,-0.08428419193089702,0.023087580278622576
TEST_06156,2.239720342594314,1.2359390690061078,-0.4925372984521568
TEST_06157,3.5025232797085164,-2.2297002052012598,-0.8673118446052499
TEST_06158,2.603665980437214,1.7183312447529582,-1.0225563107298477
TEST_06159,0.9693022563962755,0.45985152226108456,0.12760499943297396
TEST_06160,2.9099969460562427,-1.6504306551046994,-1.2793612648231985
TEST_06161,1.4382625727992828,-0.5007659121278631,-0.16577713822018553
TEST_06162,1.4380868755447216,-1.2407080289640395,-0.29339707915196306
TEST_06163,2.4945718305280646,-0.4767521676369506,0.005834674925027899
TEST_06164,3.2668890487496496,1.495264120001803,1.722251834368825
TEST_06165,1.3036204334425643,0.19783459793546246,-0.06031917007339735
TEST_06166,1.8844763874288624,-0.3209412252441938,-0.1320437613054612
TEST_06167,4.468890710017311,0.10532713845234662,0.006191997505814309
TEST_06168,2.5255600731822634,-1.2076658751725742,0.7560080788175505
TEST_06169,2.736610514186419,-0.3770212485638886,0.06735889579553449
TEST_06170,1.5994024597035073,-0.39315251477111324,0.22892608472660234
TEST_06171,2.775811860280583,-0.13840721873503078,-0.20567590698032168
TEST_06172,3.289319741477504,-1.1228502393175925,1.0940905537952008
TEST_06173,2.2928587223676913,0.5406130037518448,0.3354390347378441
TEST_06174,1.6287767769498047,0.015316137622867734,-0.5120349103095749
TEST_06175,1.7981632204346134,-0.33911274898791216,0.1728725434509733
TEST_06176,2.411575656839276,-0.9245657582592174,-0.8362954458888742
TEST_06177,3.102573065738463,-0.5309921438919555,0.8577432095581238
TEST_06178,2.5649458789101,0.9677818001272497,1.222028669250575
TEST_06179,0.9712076648859268,0.21486058842566064,-0.26633004507260977
TEST_06180,1.475913997626989,-0.15446648584345835,-0.10380859879590092
TEST_06181,2.818483551745957,-0.2676531424150185,-0.6425970514148697
TEST_06182,1.9444173607226383,0.22821905694181913,0.0783746550966059
TEST_06183,1.353547438619213,0.1532687858616281,-0.008212830044203907
TEST_06184,1.222271662955647,-0.24102007506065018,-0.1309669749695804
TEST_06185,4.024516767598156,-0.9691741699040288,0.29046440507564036
TEST_06186,2.678422916587074,-0.13899708076303582,0.03260235209427227
TEST_06187,3.597058956200062,0.8351082400618379,0.8661839256758087
TEST_06188,2.90155985196724,-0.4494717300291089,0.08039142755252113
TEST_06189,4.922038197843113,-0.5562449131580526,0.881158504871332
TEST_06190,3.008517442872894,1.6592796119191562,1.3189293309022272
TEST_06191,1.8477789313043542,-0.9370039914069961,-0.40410045889893365
TEST_06192,3.3861164920393327,0.008005920407113128,0.49509086108083317
TEST_06193,2.5559018432667937,0.26825293296394603,0.09467610727531021
TEST_06194,2.61250257010507,0.054143269360935865,0.49661480608441383
TEST_06195,0.810963810535616,-0.12810414159998895,0.0077526512403641055
TEST_06196,2.9053004284636073,-1.6094008275153406,0.13595850465000886
TEST_06197,2.2283156690315877,-0.7472079350077041,0.7931223373178778
TEST_06198,2.945589219961599,-1.4121118988700945,0.7060072789601909
TEST_06199,4.839137085387973,-0.46243816423814904,-1.2630025989530829
TEST_06200,2.8976461630880976,-1.5932235446263847,-0.8040041986379806
TEST_06201,3.5779341377036795,-0.48082597190118637,0.4284964383986816
TEST_06202,1.406570933013398,-0.2824707178621464,0.5583847054095467
TEST_06203,2.629389690597951,0.6664377761227407,-0.43132063568305107
TEST_06204,2.281439760593946,0.29241194724434855,0.9923982768078949
TEST_06205,0.8977253914990401,-0.1703821397284005,-0.013041556971350137
TEST_06206,1.3163714039288543,0.5905517182493487,-0.2840122137863908
TEST_06207,4.862910769069732,1.2621033582316032,-0.16946938055561658
TEST_06208,2.653936808415827,1.8241384714425042,-0.6507900784940858
TEST_06209,2.0009869509243914,0.48815687303092187,-0.1422093860265607
TEST_06210,1.2255245758856852,-0.3447481199127362,-0.21705752440391687
TEST_06211,2.242520311640501,-0.5831671627000196,0.6725167741288054
TEST_06212,3.414483405879847,1.252902604113114,0.378054613247872
TEST_06213,2.704156788558985,-0.4575014268638893,0.16201044093361422
TEST_06214,3.0194537928091574,-0.18058846125125574,1.4683805701409611
TEST_06215,1.1765073343378283,0.6107003813352032,-0.3110381151153241
TEST_06216,1.533154693287777,-1.0782806730396741,1.001301015407569
TEST_06217,2.3490121324462474,0.7315315406112519,-0.6563186585716569
TEST_06218,3.8654767630465696,-1.1518421556661778,1.2109272402166311
TEST_06219,3.9409538895204825,1.271291896907019,-0.964120883258009
TEST_06220,1.2511303735868866,0.28006419979265307,-0.25232380482679306
TEST_06221,3.575861507391822,-0.31189667323353193,0.6032412540459265
TEST_06222,1.1653780670049305,-0.08611333580325829,-0.03297626480546923
TEST_06223,3.3681716904500734,-0.14257226250396943,-0.30681282637046614
TEST_06224,1.740115593095273,0.5910155189703855,-0.32899511592295294
TEST_06225,3.133742354943276,1.404206204616358,0.5897618584074782
TEST_06226,3.2040434396294692,-0.05023070472187584,-1.061472759787044
TEST_06227,1.7023445474032948,0.19948612964055107,-0.09791468421172277
TEST_06228,2.5506608086176286,-0.9119816948825923,0.49388625122182056
TEST_06229,4.635096953362569,0.9024730841613344,-1.0199282240824348
TEST_06230,2.308937457043334,0.36475874289336263,-0.6603503417511161
TEST_06231,2.3398017513329075,-0.06095883964225184,0.040257512502994475
TEST_06232,3.7572703147133604,-0.9064875113528494,0.5767256467589665
TEST_06233,2.6615259600923924,0.2799459205282506,-0.415205399468938
TEST_06234,3.1436896434091897,-0.28818901091909394,0.12168887587830832
TEST_06235,1.499782250860794,0.610368526075498,-0.5043646532189178
TEST_06236,3.666410793078422,2.1907292863436094,0.7597602066665017
TEST_06237,3.6212091616155844,1.7894948734072094,0.8027408727424438
TEST_06238,3.2572244264321055,0.5235170291456505,1.2609497950872584
TEST_06239,1.062536512052023,-0.4148318653814841,-0.1726208800202991
TEST_06240,3.954050900879447,-2.1191316933676427,-1.131321790290753
TEST_06241,4.445192477312668,-0.09338864875410652,0.2253882950109218
TEST_06242,0.932709649794831,0.5876508306507303,0.2768058763889958
TEST_06243,3.993693227795891,-1.1802677999438642,-0.5442821050773549
TEST_06244,3.422358399083005,-0.341681464605882,0.15856328072414322
TEST_06245,1.5304527764345481,0.48019458454811176,-0.3290016362161869
TEST_06246,3.4861570762820024,1.083323354925765,1.137016194077005
TEST_06247,3.7774938622598357,1.4053954855463675,0.5514266167859282
TEST_06248,4.4840023626801075,0.9255187221834177,0.6153787579403905
TEST_06249,2.1819506334696954,0.2808094938975215,0.1690438416816504
TEST_06250,3.1177369109245,0.6422707458662448,-0.8268796344650013
TEST_06251,3.5111828143333996,-0.13893116097840694,-0.18450731837055354
TEST_06252,1.963849932856054,1.5054402395179476,-0.4705057913975076
TEST_06253,3.0965849528732887,0.05097545845583788,0.49693695205785576
TEST_06254,1.1555359256287996,-0.06934596817075328,0.2280119900050907
TEST_06255,4.2317508708090354,0.3598650411242981,0.8339005056798093
TEST_06256,1.8277691685926285,0.5818076210224425,0.20312326825615584
TEST_06257,3.2281754105777565,-0.4298155192421384,-0.5483728542090557
TEST_06258,3.1680278714219514,1.159672857797364,-0.10692811087425276
TEST_06259,4.167473817022305,-0.8366735318938248,0.9947523154881561
TEST_06260,2.253260685212503,0.7556861586959881,-0.7339778870354599
TEST_06261,3.4616844491031493,-0.47514366314942447,-0.8436920856343254
TEST_06262,1.9110194480560354,-0.4125072486753096,-0.3526498562311273
TEST_06263,1.3793433918834517,0.10320403203193201,-0.5646822780435432
TEST_06264,3.567654543653468,-0.5710391647215012,0.20853272792969255
TEST_06265,1.3478228192495425,-0.5950488525969039,-0.5406034241876515
TEST_06266,2.488560053557883,0.2208204285378403,-0.412565041246976
TEST_06267,1.4870908673644874,0.01926701488101257,0.42008671206088555
TEST_06268,2.191080196299456,-0.943108416481876,0.00036421709637612844
TEST_06269,0.9532532884369072,0.3134494715300173,-0.05281440272534583
TEST_06270,4.908744921438706,-1.1815482306004532,1.2787360183562582
TEST_06271,2.0632056196572903,-0.4354805220250776,0.109253850418664
TEST_06272,1.7341589351635516,0.4725293284701159,0.5517319593273847
TEST_06273,2.507171609521815,1.4988141679212874,-0.8004301741723405
TEST_06274,3.052259488092271,0.043000151985503623,0.9171935373112802
TEST_06275,1.9097293963807784,-0.5693232567427055,-0.229452662675471
TEST_06276,4.626169567647905,0.8789153085919262,-0.5025549561067043
TEST_06277,2.156057585100014,0.6464412400534643,0.2974238020128339
TEST_06278,1.3065766869564712,-0.4801748829031758,0.6030342629164923
TEST_06279,1.5813155085901296,-0.9180933429922236,-0.5609539665076553
TEST_06280,3.121615693723865,0.28852013901890067,0.47476036756516093
TEST_06281,4.2688450421240605,-0.006669061038391739,0.8226758375357124
TEST_06282,3.3994368136655546,-0.20519769063445592,1.1931114971897019
TEST_06283,1.3119619814485832,-0.9488185822400425,0.11762356972157295
TEST_06284,1.7778775114495013,-0.021005027742893142,-0.1929284901394112
TEST_06285,1.1266835565740827,0.20633210845943128,0.2504998126583454
TEST_06286,4.514316770816992,0.1726663259468062,0.24086221890088677
TEST_06287,1.6914278331050332,0.029129500366733826,-0.15744785573607425
TEST_06288,5.221820626349218,-0.8181173548541906,0.34393427281943284
TEST_06289,2.986333697431694,0.3410501083935297,-0.4270005556166165
TEST_06290,3.328038160787931,0.205646045583291,-0.024614960264463935
TEST_06291,1.2407210843789702,0.16485221788086524,0.22932110846287182
TEST_06292,1.6881245303490942,1.161849196699856,0.7750207516936869
TEST_06293,2.9442543189566126,-0.3573247335169918,0.19708415432183873
TEST_06294,2.3101867278248065,-1.2944458692916516,-0.180063578848639
TEST_06295,3.4883911135185195,1.0206738624046492,-0.631398589301386
TEST_06296,2.0064523071025224,-1.3334993573832505,-0.18669480041066416
TEST_06297,1.828919563365706,0.14848249979274455,0.15554066979716774
TEST_06298,1.8108351299519918,-0.5439003165391799,-0.7226516363614038
TEST_06299,3.168234247080531,-1.2334078996081632,0.06784808373481735
TEST_06300,1.7016594759867474,-0.19382289181839873,0.1141713459894842
TEST_06301,3.505410258761526,-0.046365920327574174,0.3456650662863425
TEST_06302,1.2210367331722376,0.1813247634970497,0.2825650169568701
TEST_06303,1.8863115880930779,-0.37534547830482917,-0.2134041869326703
TEST_06304,3.8369501177707535,-0.2280105290626487,0.3015157053601019
TEST_06305,4.2075653291909045,-0.41083439491641743,-0.37778296652607485
TEST_06306,2.4269111882159304,0.2654865240871278,-0.09759178894916702
TEST_06307,3.606394308500423,-0.108040606656618,0.10245627564765511
TEST_06308,2.595901335748129,1.0100280785023281,0.6295421236020587
TEST_06309,2.9686833388950626,-1.3013710725658818,-0.2107247454526408
TEST_06310,1.8840930881508593,-0.42577497889795024,-0.07459987759657395
TEST_06311,2.365220042900097,-0.019931717308841967,-0.06431548927718081
TEST_06312,2.536107057827287,0.3311158867408266,0.9276429614069045
TEST_06313,2.190632641423872,0.303817822360342,0.41187671503161954
TEST_06314,3.064234819747134,-0.28467617353819347,0.8742159344213479
TEST_06315,1.9652246623199887,-0.030790341172026007,0.044071261036603415
TEST_06316,3.509764567357764,-1.7058309874038728,-0.6704172764746484
TEST_06317,1.906967108832262,-0.48514841367468947,0.20951243690296836
TEST_06318,3.8050076375814514,1.3243211084630202,-0.7397499975707934
TEST_06319,4.191025809347706,-1.158826799887437,0.49840943197161763
TEST_06320,1.7169253445112986,1.141703394404046,-0.25415977574342763
TEST_06321,4.59168895035939,-1.353257219082728,1.284125275971775
TEST_06322,3.7213032902677936,-0.08212733586093487,0.6152347851414838
TEST_06323,3.5235337512590803,-1.1132143400465133,-0.13941322015616023
TEST_06324,1.8611259893851928,0.0426051798304432,0.28402157741010503
TEST_06325,2.295618849375175,-0.49121686017104915,0.10674864396948318
TEST_06326,2.684599264319109,-0.8581977766428386,0.8295427623652465
TEST_06327,2.85797746541845,-0.768387438123047,-1.0093143491370655
TEST_06328,5.396943546143852,-2.351600921103231,0.922460530523213
TEST_06329,3.3741163762989617,-0.3072259015361136,-0.22869009478630012
TEST_06330,1.4638210432325607,-0.6216571326886843,0.10717112380152513
TEST_06331,1.3507861925728557,0.5303311474494327,-0.09868185213673257
TEST_06332,2.0759859109843277,-0.988542801170346,-0.26718529305752187
TEST_06333,2.344656985615232,-0.2837703294180429,-0.09311516686875154
TEST_06334,3.5723258238587037,-1.2046305465668277,-0.47585355710317756
TEST_06335,2.304547226190687,0.587723467696546,0.3826342473562767
TEST_06336,2.124646922562632,-0.711926596975366,0.06859228332834286
TEST_06337,3.0531861375779727,-0.7245224004923981,1.2406769958165444
TEST_06338,2.265132855679008,-0.46741299403575015,0.38218002955449415
TEST_06339,4.245212887751472,-0.9269273723557392,-0.26101009966449634
TEST_06340,2.9490920888082686,-0.42327618012603563,-0.05591426129187864
TEST_06341,1.1155417542975101,0.08610338161922575,0.16341963321489417
TEST_06342,1.7151551597697967,0.04743235772776608,0.5214875491397752
TEST_06343,2.843083459418654,-0.07615550724209993,-0.14786616459647245
TEST_06344,1.8558792488856755,0.335728350846735,-0.3436658955867456
TEST_06345,3.5786919496070024,-0.835438726044491,-0.3268751249117644
TEST_06346,2.4736574318700257,-0.4124719055182863,-0.6203045414840503
TEST_06347,3.997084127598604,0.17012708374306615,0.8206207091334773
TEST_06348,2.7563189703444086,-0.45488089893894296,0.5265246170958334
TEST_06349,3.3213696114715834,-1.1384538323804236,-0.5971531159965116
TEST_06350,1.527658207721806,0.7782676775999584,-0.315981741204683
TEST_06351,2.784508029830128,0.6007920488063692,-0.56906682945873
TEST_06352,3.369269226320627,-0.9853237888739232,-1.0180958329859757
TEST_06353,3.9129724265686585,-0.7108780913122128,0.589888045216021
TEST_06354,3.4078024084536898,0.6563071279561038,1.4348084271774746
TEST_06355,1.0123802760518812,0.10113016853222066,0.3266358203921006
TEST_06356,2.1059840263199745,1.2761802223449001,-0.3171817399690508
TEST_06357,3.1723909767229563,0.9190193528967684,0.2772135728038255
TEST_06358,2.76451738353295,-0.6339592343169886,-0.27034904603628906
TEST_06359,4.8377908686305915,0.5754636796813491,0.3931708581138996
TEST_06360,4.055170142591277,-0.13552078049573743,-0.15362683395925728
TEST_06361,3.818728145857693,0.9648165920206985,0.09137610554212516
TEST_06362,4.256071477469351,0.7355906405528683,0.5971319372195684
TEST_06363,4.044324295230921,-0.13180161073129215,0.716839435534593
TEST_06364,1.9988487216082604,0.9700059002886843,-0.21695621252532743
TEST_06365,2.113585729255547,-0.8470285242151399,0.5175606794978354
TEST_06366,2.9351791600001502,-0.3160274860486922,-0.17351216863254862
TEST_06367,4.621845743994625,-0.4450773475020717,1.2704842273216235
TEST_06368,4.9017354942647575,-2.0150768968363533,-0.6542824363533333
TEST_06369,0.6901526773974194,-0.048880904808131065,-0.11043997257598431
TEST_06370,1.9656607417208887,-0.6996227288491222,-0.2080150610050501
TEST_06371,1.2295026966282012,0.1582728059318508,-0.13878670929858283
TEST_06372,2.0269260309373562,0.8821709302368754,0.6689336312577568
TEST_06373,2.4802389053804195,-0.4094586128679859,0.4786346317647175
TEST_06374,2.8364091872876345,-0.13992791064738966,1.5984175968148118
TEST_06375,2.1169731123067557,-0.20681800951207102,0.10028229927947842
TEST_06376,2.510303604988203,-0.6088014723818614,0.6557736653912613
TEST_06377,4.127853243526078,-0.9231908176809691,2.2172633497509806
TEST_06378,3.5614573128186784,1.0361719940519551,-0.634687180747261
TEST_06379,4.364455213249812,0.06591356241943777,1.137231979453411
TEST_06380,2.315482478265537,0.0970007371889778,0.04693070421014775
TEST_06381,2.0979155800722173,-0.09128719411339348,-0.8859437112670213
TEST_06382,1.7399121521855423,-0.4292343984546632,-0.3077942342112147
TEST_06383,2.186393546687331,0.052854142748372406,0.7710126060581107
TEST_06384,2.7383014318935044,0.1950633640063693,-0.04982523811738509
TEST_06385,1.853849007635189,-0.2325047084408482,0.5311865351358733
TEST_06386,2.6372239136255637,-0.2729601402730469,0.332011416108066
TEST_06387,4.506063142790587,0.9611014697734552,1.0985521560902614
TEST_06388,2.416302915303192,-0.008383159335062168,-0.6615499198767962
TEST_06389,3.596646174407579,-1.4371480427892562,1.11537288676037
TEST_06390,1.8891360770076213,0.8101776560616065,0.6410827958705199
TEST_06391,2.3464796930603775,0.6989439634234649,0.3247412682763818
TEST_06392,1.8022964527077967,-0.11086530120730513,-0.08570355045864396
TEST_06393,2.088580647494192,0.5464587176814616,0.5546914746621028
TEST_06394,2.0954723798225046,-0.44989994533682603,0.5616237992245499
TEST_06395,2.6418428875124236,-0.4808151682143048,-0.7651215912821695
TEST_06396,1.8882053245474624,0.12289172841440714,-0.2519674771504282
TEST_06397,2.5353475733054234,1.001128384526156,-0.10928076672929653
TEST_06398,3.213065752826049,-1.6147573793196484,-0.5919388815774353
TEST_06399,3.896954112379838,-0.8883213898994338,0.4358529930658751
TEST_06400,4.4109738279501665,1.2776405151968606,1.1391909858498575
TEST_06401,1.6496880891810162,1.054237288450863,0.5660275069689588
TEST_06402,1.4780402377188107,0.1516796962817236,-0.35691978886420944
TEST_06403,0.8596428206246212,0.22959252297008456,0.36344190174558355
TEST_06404,3.2632527900478294,1.2421139243741148,0.23131793913227358
TEST_06405,2.1049924485432334,0.23953690649171885,-0.1417532512552861
TEST_06406,1.1943178815956481,0.05271108894395683,0.10267135399519371
TEST_06407,3.8777991180605578,0.015064724340005786,0.009053188145665008
TEST_06408,5.346022332696823,0.967536765991271,0.4324604358787294
TEST_06409,3.9151682216788477,0.19498202147280053,-0.32239996797004183
TEST_06410,1.5184939831623296,0.46995658710584287,-0.20787664598334996
TEST_06411,2.1657410950230647,0.43416960011515854,-0.7782147598339036
TEST_06412,1.1224973910777667,0.1293662824223917,-0.007262538271343988
TEST_06413,2.025050113949353,0.3961176732464374,0.2476913227899722
TEST_06414,1.709889369164821,0.8370562688395761,-0.06650112077090085
TEST_06415,2.800597486776815,-1.13734644441684,-0.31815194519156215
TEST_06416,2.789974468753424,0.46951159962747907,0.6209960434112564
TEST_06417,2.44186755144675,-0.6267720808719559,-0.5031760922553926
TEST_06418,1.786766562800112,-1.0389447380037828,-0.30878630553367725
TEST_06419,1.797817931416858,0.43634132922635144,-0.42410221523967173
TEST_06420,2.993632646150329,0.6710576591693749,-0.15385905809595507
TEST_06421,2.7889974541428457,0.2816555875137236,-0.6336203014115065
TEST_06422,1.8185599750352843,-0.22790404465559563,0.2961304772393662
TEST_06423,1.4151879251520891,0.00997163614569296,-0.12827038824382844
TEST_06424,0.9966372008223839,-0.26109856254691555,0.060274128826840544
TEST_06425,3.5758207001005298,-0.833029906277108,2.0607483191220726
TEST_06426,2.1568947842925956,-0.3982809305882553,0.554129524887683
TEST_06427,1.6952562024969633,0.421261239980756,-0.04422915872456168
TEST_06428,3.3007209966337743,-0.01639618279658184,0.3776017530876954
TEST_06429,3.260069072358202,0.665824992510859,1.0048792540052038
TEST_06430,4.345727098838477,-0.03149934782767675,1.2083483198733274
TEST_06431,2.5712720597986958,0.18365990867576878,0.07845860812960971
TEST_06432,3.365509882601745,-1.0087102691809324,-0.9560504629450026
TEST_06433,3.2059114721152784,-0.810855704457744,0.9402954618827293
TEST_06434,1.4417122147061132,0.009988944401709231,-0.0912652894410223
TEST_06435,2.0484791519373258,0.4496370072524451,0.1666471302774004
TEST_06436,2.3932538508489074,1.3667004477439384,0.29559715657063323
TEST_06437,2.038749090551307,-0.7852490474677184,0.5138164465987196
TEST_06438,1.1030946318916122,-0.49759426630047726,-0.12407737871236826
TEST_06439,5.07620130852376,0.8893831196358328,-1.1245110653467492
TEST_06440,3.8706238383414577,-0.5917062521619335,0.4206966066423743
TEST_06441,3.768432810826712,1.8537742401640764,0.569457954427084
TEST_06442,3.6223561733485283,-0.46600044200824003,0.5980108788804014
TEST_06443,2.5967164033024654,2.222119628753921,0.8014687380153286
TEST_06444,2.9178967460782057,0.21917203816998926,0.2819858206746473
TEST_06445,2.034352574685892,0.40478400908869355,0.4651483061134216
TEST_06446,4.986866158941369,-1.129192793391338,0.450689269587265
TEST_06447,1.8990860366942175,-0.23562176124504428,-0.022484326158762447
TEST_06448,5.035048686617225,-1.9407358734942415,-0.6635096002598304
TEST_06449,2.692049071083934,-0.33899338373813687,0.3398808332711429
TEST_06450,1.5891565170426425,0.5379631253722843,-0.16200523669590475
TEST_06451,3.6950048146315506,-0.24409201407572534,0.15959519035341926
TEST_06452,1.5819278649542297,0.7540019485131337,-0.5125048646684184
TEST_06453,2.535388249194862,0.09511392467059399,0.49194828168069893
TEST_06454,1.4026721484063418,0.07985357479017006,0.4188977664805661
TEST_06455,3.078498392584449,0.2374275245905877,0.1964028429182285
TEST_06456,2.4739452588275332,0.5716669928471675,0.9668165291393812
TEST_06457,2.3788265287867074,1.4454572873364038,0.5283890619786998
TEST_06458,2.312493639150262,-0.6288653741597351,0.6520403182587489
TEST_06459,3.352822061843933,-0.49853261029506096,0.5281582807022338
TEST_06460,2.6571194109243494,-0.5192647112942266,-0.11171510141082487
TEST_06461,2.4556767373840414,-0.19105105834923858,0.7206734061854884
TEST_06462,1.84028124485807,0.7159085181911653,0.39525883497055225
TEST_06463,1.9670459404184573,0.7140809692830496,0.31108142152116947
TEST_06464,3.5690427847338437,0.0023414468511830694,0.14245603588105793
TEST_06465,3.970344368531984,0.38286727668798437,0.4739946446021859
TEST_06466,1.41939561011652,-0.3605131771138516,0.10455367992478916
TEST_06467,1.8247026078025246,0.49212705683413077,-0.05056889539542162
TEST_06468,2.4575640153246896,1.09500071752268,0.3516307476810596
TEST_06469,3.858291078884384,1.1465412698028419,0.3658111433001054
TEST_06470,4.056179602826604,0.05628021659934744,0.9055923213121106
TEST_06471,1.4190281558222404,-0.7236221668980419,0.3801962904202102
TEST_06472,2.622306752731429,-0.22450244411166145,-0.8930811766659622
TEST_06473,2.773655205773374,-0.045762266746336405,0.656767112849944
TEST_06474,3.162031907667128,-0.327981028753149,0.5353324889904489
TEST_06475,0.9829550522092287,-0.2120398565311706,-0.023912160875828203
TEST_06476,1.5126277244664306,-0.06330956670463023,0.3603959508243614
TEST_06477,3.6521730331593165,-1.5058124727458644,0.5976744695919166
TEST_06478,1.5178652060911364,0.5195423013386428,0.07359121603071972
TEST_06479,2.6933247883366334,-1.6047069010160457,-0.9063243696620811
TEST_06480,2.8485772374151734,0.189750942170638,0.7096881650946035
TEST_06481,2.665873618473795,0.34626306865426687,-0.2519314828595252
TEST_06482,3.7820686874916523,1.6019045281005517,1.6273899985436115
TEST_06483,3.9306468148292644,-2.121037317967738,-1.04647820928669
TEST_06484,2.2134253961352095,-0.17559306273923322,0.8304351529399593
TEST_06485,2.6522370147941117,-0.295523197673686,0.2639853236482488
TEST_06486,4.363736533251201,0.14260679351366176,0.18483053091272267
TEST_06487,4.884529950869842,-1.301179407409152,0.18516374876203393
TEST_06488,2.843298850888708,0.6951484255882114,0.47358053038090087
TEST_06489,3.5738464272377244,0.03164643765841601,0.06536560246871939
TEST_06490,2.3319868309036345,-0.02913905658242293,0.054587697122019545
TEST_06491,0.791456288593725,0.11953073772196522,-0.1298190768022762
TEST_06492,1.7647781784037109,-0.6558925911923641,-0.2646313134098932
TEST_06493,1.6372598049902682,0.25881158691668527,0.16018089992215032
TEST_06494,1.3181737360561712,-0.5196006178410248,0.09039295381318686
TEST_06495,2.688034370556453,0.9384722589887327,-0.7797814162605041
TEST_06496,2.118106335557757,0.35641168155211955,0.05560380075026334
TEST_06497,2.3683130133745363,0.37108710518376675,0.0897255822805659
TEST_06498,2.2320538950794826,0.3728112338603013,0.30602674612783604
TEST_06499,1.5643096507476093,0.33182715935903134,0.296674938357911
TEST_06500,1.9477242166708395,0.4603662304514048,-0.3682845468967118
TEST_06501,2.7092080866249395,0.04509263179276002,-0.06841862862607283
TEST_06502,1.4791256975417466,0.009816949430617028,-0.18814605430124975
TEST_06503,3.5224896963998953,0.7120480517018237,0.025547274540657118
TEST_06504,3.879170631952948,-0.26272491665195374,-0.0637874344462865
TEST_06505,3.8917490068852363,0.6572803130383829,0.5979235341229355
TEST_06506,2.5736646775985568,0.17932888187704546,0.021392615827020373
TEST_06507,3.709814364296088,-0.2951220644545835,1.017470027064631
TEST_06508,2.925546010738511,1.2505047669281526,0.09148041441581262
TEST_06509,1.0666482984334278,-0.1559342765318809,-0.1995780712442141
TEST_06510,1.0332568187365792,0.2004139190759654,0.03165603055745256
TEST_06511,2.680342136502192,0.000948640057507375,-0.06581802050073368
TEST_06512,2.119065301315543,-0.13129325888553328,0.3689701726198114
TEST_06513,2.555986858503784,-0.637126262078708,-0.7215664747764015
TEST_06514,1.4266524975606003,-0.2036060041903905,0.2531722483657788
TEST_06515,1.581863037499887,-0.6183142132221143,0.31268668614768574
TEST_06516,2.8556966118608442,0.41801549301726826,-0.06566442608058055
TEST_06517,3.3836578338712355,0.6500017753013059,0.3225407915806487
TEST_06518,1.7421538707503468,0.20941891283924918,0.20121637848614082
TEST_06519,5.652700560815894,0.44555488226073997,1.2980938846802217
TEST_06520,4.367247287246864,-0.3605834442043344,-1.4668578218323147
TEST_06521,4.393023740712383,0.8004749308870837,0.20749451701759639
TEST_06522,2.5694733342231486,0.08202477099596067,0.05377376024954718
TEST_06523,1.9751850877268238,-0.7023689297749159,0.25002637914464193
TEST_06524,2.8395470857809575,-0.3285913654763927,0.005906139990553364
TEST_06525,1.1442862988549054,0.04977358295505086,0.24745703939821015
TEST_06526,1.7569189154997553,-0.2219227188341484,0.04846784580277013
TEST_06527,4.348794394345325,0.6004880247505483,1.2510459612462217
TEST_06528,4.206161468543732,0.6151757290241243,-0.3723567837142833
TEST_06529,2.8086497928512233,0.6500115789985453,-0.17215185036810773
TEST_06530,1.4122743639433344,0.08329000365706418,-0.11579715478009805
TEST_06531,0.8852324887275695,0.06010241842024389,0.043749499475837526
TEST_06532,4.231344504186602,-1.0350735623875749,1.4595667726441557
TEST_06533,1.6525968284087154,-0.40068173451248423,0.3419416450578589
TEST_06534,2.1277529625762233,-0.47248452942666624,0.11811493133304299
TEST_06535,2.1457296925510225,-0.13113563794219688,-0.091190528605671
TEST_06536,2.085231327884496,0.6006168977579471,0.8985167965862336
TEST_06537,3.789779783110041,-0.00804819099886192,-0.30431245937723
TEST_06538,5.05792731147552,-1.3271746646947233,-0.20769485974909158
TEST_06539,3.0851500163712977,1.2528462734135681,0.06288654175663594
TEST_06540,2.281684296107411,-0.34879521903439414,-0.8495743122473215
TEST_06541,2.338321718277593,-0.011085611368839685,-0.6406164637642686
TEST_06542,1.245918012647308,-0.028145698223625545,0.10854981059642538
TEST_06543,4.2178059643468435,-0.9651583820252145,-0.9982320821253706
TEST_06544,4.4136052755258754,0.425427844963452,-0.8807078408587067
TEST_06545,1.9914945351819129,-1.747264428521184,-0.918096951783139
TEST_06546,2.1732301044396793,0.5089735038753594,-0.7133119273514898
TEST_06547,2.1753398588740676,-0.3571718921184332,0.29070178746348385
TEST_06548,2.9233848193139376,0.38315967434101894,0.4393595761818989
TEST_06549,1.8357489234261566,-0.34179924922729454,0.5393728377409962
TEST_06550,4.643471564035695,-1.1707318600205059,-0.7530695544361826
TEST_06551,1.9722885543228537,-0.36322406985026495,-0.15871238985658007
TEST_06552,1.6902805711156856,-0.16135833271299901,-0.14577468893008388
TEST_06553,1.9175079459291042,-0.22808619185408052,0.2878619463980422
TEST_06554,2.3040533698970003,-0.4105636786323445,-0.08848959146334537
TEST_06555,1.9835381747894576,0.5379514309895634,0.7053099093351528
TEST_06556,2.9616187956796836,-0.45278088888578083,0.29014086761299207
TEST_06557,1.2742019713180497,-0.01923483788433211,0.3726050155664337
TEST_06558,3.1086068035208907,1.765415526227429,-0.62907826619957
TEST_06559,3.5654974524305256,0.9771412038879921,0.5777877448443753
TEST_06560,2.8583321804769546,1.6940392074748065,1.197336458990741
TEST_06561,3.3846797448797608,-0.3545294694846101,-0.44753639782832716
TEST_06562,2.4806040648415237,0.14467047583809764,-0.009218641645184258
TEST_06563,3.9012809134859796,1.2966255548901222,0.6829757384812689
TEST_06564,1.7932307162395216,-0.41129045265521247,0.5793574508259294
TEST_06565,2.9317185033036095,-0.21121951783875406,0.6227615994184533
TEST_06566,2.2031699070294217,0.303731401231415,0.42027527541203474
TEST_06567,2.842992858865151,1.3214383804266858,-0.732337902889119
TEST_06568,2.233366714366483,-1.3723250342105537,0.4869716768238141
TEST_06569,2.9853647885467205,0.24011176041250495,-0.23238263902478304
TEST_06570,3.383336445332177,0.30392422837274624,0.475895677800738
TEST_06571,1.408963129426434,-0.44560569110571663,-0.26249930602797716
TEST_06572,2.0681095583438895,0.03336041256600858,-0.8479875722520751
TEST_06573,2.6321290959306216,-0.15325813544447858,-0.06916281264891434
TEST_06574,2.202131840973876,-0.6545469090746985,0.5057117711827894
TEST_06575,2.8257164280698475,0.10851408554740198,0.8723675574748032
TEST_06576,2.6212478544886904,0.9521335443777997,0.07068267344674245
TEST_06577,2.865218073906501,0.25028548396094424,0.5886601297215895
TEST_06578,5.661829921799546,0.2096375927140812,1.5684090671257542
TEST_06579,3.083040264732964,1.1921178727771975,0.7977175428944205
TEST_06580,1.790466144015794,0.2291056143157854,-0.3113328408958519
TEST_06581,2.5959976204362762,0.2214709340258773,1.0216526486378026
TEST_06582,1.1980486886878294,-0.23906235945502072,0.18007361521917611
TEST_06583,3.5928073251637254,0.3158063595902965,0.0044500894994448405
TEST_06584,2.878696199354443,-0.2713491293534345,0.7221303483178514
TEST_06585,5.408209183070589,0.6634528940881518,0.8433422017443207
TEST_06586,3.1015393211834374,-0.42480058211758837,0.5956773863684897
TEST_06587,4.078309098866314,0.031017910663550818,-0.8047215083336795
TEST_06588,2.1588568217505952,-0.6112977623840061,-0.30858788638036405
TEST_06589,2.8358480128770527,0.9076715147092128,-1.0643634265105746
TEST_06590,4.520844134894576,1.1444980092019301,-1.0056243762231805
TEST_06591,2.140709895577818,0.14960636973482433,-0.1695904236942985
TEST_06592,2.187399839477191,0.09817516930515371,-0.8088283078585963
TEST_06593,2.5072258683494977,-0.7008878168516417,-0.033251046445513646
TEST_06594,1.6726451925973331,-0.44832398691289627,0.23305023192708457
TEST_06595,1.0990187202692616,-0.22745387063698877,0.24492692429298107
TEST_06596,2.8796082550227915,-0.3527247088112385,-0.6955888557090193
TEST_06597,2.0756923538605467,0.13745103798475533,-0.3777200931822512
TEST_06598,1.3704382531630814,-0.092206820497189,-0.2794068073186385
TEST_06599,5.352869040356766,0.27068125517378,1.97940272158832
TEST_06600,3.086218683435559,-1.2819101333636977,0.2691191195813495
TEST_06601,1.9391991269264204,0.26159540887288124,0.6073588194310054
TEST_06602,1.991922619994463,-0.8354114228820586,-0.5058260771016556
TEST_06603,1.9406009667993906,1.0985159270118845,-0.8788425501881575
TEST_06604,2.6090265203137224,0.6255754223847539,0.9213482878507547
TEST_06605,3.1044266288378406,0.38829406932889776,-0.23373057639534925
TEST_06606,4.870837013535464,-0.4392590552071632,-0.537797256369768
TEST_06607,1.6841517932948773,0.49770782186230117,0.027408329142962838
TEST_06608,5.633810732577929,-0.4727800736704986,0.25448915526574384
TEST_06609,3.4208804083524518,-0.09209961715937945,-0.26770814905406703
TEST_06610,2.730523331732768,-0.04673113001626496,-0.38059865634049156
TEST_06611,2.20268605941048,0.02553528837369647,-0.6885327797537724
TEST_06612,2.0577276506721422,-1.5703846430940689,0.9620084315770987
TEST_06613,1.6492544300231908,-0.3772402068368852,0.2690262072094166
TEST_06614,2.673388771868181,1.0486620750877427,-1.0485894844300616
TEST_06615,2.9838279827613468,1.1649721001415052,0.5317744718265
TEST_06616,3.247057927549979,-1.1004524506833808,-0.33193346314568
TEST_06617,2.7643879350582408,-0.9088153903409828,1.5265533754003322
TEST_06618,2.037832985855342,-1.1080039728971685,-0.6734452422056082
TEST_06619,2.7334642373919853,-0.4854385144537464,0.3725722201568483
TEST_06620,1.6222250137887397,0.42739946504406334,0.44806588490657684
TEST_06621,1.3387932276090069,-0.13223700601919694,0.17159952304700785
TEST_06622,1.8059550750231994,-0.3915733645543038,0.24338661623815602
TEST_06623,2.9915551195661814,-0.5202111366598442,-0.1930151281894015
TEST_06624,3.186805373865935,0.13140291135065565,-0.21932605661073054
TEST_06625,2.9433717445412877,1.3739149281527578,-0.8856417821291215
TEST_06626,1.0730937185313998,0.20588648968284365,0.28295354454756266
TEST_06627,3.535020365849643,0.20248073445473697,1.2337809317164596
TEST_06628,2.309717010172364,0.07706867254516946,-0.1787318934490928
TEST_06629,4.19398239478629,-0.9566685763300312,-0.273794636378408
TEST_06630,1.964153720663645,1.4831450223559142,-0.6759393668134404
TEST_06631,2.1037540613342123,-0.0343618895092283,0.04146152560408739
TEST_06632,1.3580097759266416,-0.6469424802427179,0.7076286632733171
TEST_06633,2.3468486704145417,0.3609619096553889,0.5096119203517713
TEST_06634,1.221300116735775,0.1562078418432472,-0.27123352130203265
TEST_06635,1.2252261112414682,0.2402320377041228,0.37451179996640616
TEST_06636,2.425259636818489,0.4344685792024711,0.9453297243641314
TEST_06637,3.5864998292056467,-0.7621886191551608,-0.3806046980450727
TEST_06638,1.98393499340512,-0.4848124209397993,-0.19432473012892634
TEST_06639,3.842071607851463,1.0480423529317948,0.23075987716262125
TEST_06640,4.5973734166401306,-0.029696389065623663,1.4447688438923811
TEST_06641,4.771506311272436,2.0868159530288373,-0.8389010749087967
TEST_06642,3.962921406005727,-0.778512484315021,-0.7600205470233841
TEST_06643,2.706296512705156,-0.3710333357080125,0.6769136662547457
TEST_06644,2.820569577500464,0.6564105062041029,-0.4735135872803259
TEST_06645,2.2083450184656153,-0.86660904945305,-0.17032911138285892
TEST_06646,1.5198281881178335,-0.6599270841729893,0.4014647873119664
TEST_06647,4.713801732460613,-0.7448320790773277,-0.9864111689584033
TEST_06648,4.446701186940927,-0.38089421624753933,-0.029771109425070552
TEST_06649,3.1444914038455956,-0.1017889008553083,0.30453304361365846
TEST_06650,3.3206680265879527,-0.0855623166921515,1.1925767808821868
TEST_06651,2.396754447632516,0.17214814511353393,-0.008171762753606038
TEST_06652,2.5239942078673137,-0.3204746274826823,0.7518690876734123
TEST_06653,1.271608938683987,0.4810766131340396,0.03849216192553324
TEST_06654,2.0311850464523515,-0.33263156771739794,0.9252716685625247
TEST_06655,3.7075285794378776,-0.09302363882347378,-1.0937066498401873
TEST_06656,2.8372976457096364,-1.0036296849005468,-0.7459713661920792
TEST_06657,3.7446795234977555,2.068292917549226,2.262517003551348
TEST_06658,4.750318500162742,1.4784922464881183,-0.7544195179271032
TEST_06659,4.198230714730781,-1.3322791963772722,-0.18087240615323755
TEST_06660,2.062837445337817,-0.963773334475467,-0.8475208689906425
TEST_06661,1.8796385548714671,-0.35412782269713283,-0.16562490077044728
TEST_06662,1.6590526109199746,0.3234016769068733,0.04850329571741168
TEST_06663,4.477984025482916,0.2666967469470934,0.8274133587766245
TEST_06664,1.6030146849939568,0.6674732041682926,0.2683189899635025
TEST_06665,4.207009986683356,-0.2794120283717453,0.49924830094140515
TEST_06666,3.183174647301982,-0.5433495295681978,0.7074177752292129
TEST_06667,2.6226588181250885,0.7615845783432766,1.0049685851394832
TEST_06668,2.6739401597326355,-0.7363420165271213,-0.008061002876748779
TEST_06669,3.7990595744181563,-0.6039245003839671,0.5999944015160311
TEST_06670,2.628989138314495,1.3677381376719766,-0.7473563218041657
TEST_06671,1.837079593860644,-0.6058014779919967,-0.34998370193700223
TEST_06672,1.4628606927625356,0.20791912327074843,-0.13294139909949937
TEST_06673,2.688740679052976,-0.13465950838474464,0.4998972461851588
TEST_06674,3.633829504678738,0.08346407208022386,1.1275657369395635
TEST_06675,2.065092443107041,-0.335821470547522,0.3388918360505652
TEST_06676,2.7709517410980835,-1.5942706420590842,-0.5035435803741595
TEST_06677,3.152827764874256,0.3522107573669389,0.8617708673290109
TEST_06678,1.431155160902419,0.1360808900826257,0.1269501191474151
TEST_06679,2.702169482877544,1.1605386501853465,-0.33663490639843385
TEST_06680,3.20697773307911,1.238586607517815,0.18893888594637598
TEST_06681,2.6279646857109094,0.8339320895723283,0.49215306852367
TEST_06682,1.7774214379288895,-1.1242138958911736,-0.34400902550373036
TEST_06683,2.352835072475991,-0.46891112959632275,0.8699830947011385
TEST_06684,2.006905997942578,-0.2826090716258193,-0.2684793367475284
TEST_06685,2.6215580727373506,-0.23585525696489454,0.5081237766056339
TEST_06686,3.383494971697352,-0.5594267857750113,-0.7833195597890228
TEST_06687,3.184993854184184,0.39374543378009746,0.3519063113762572
TEST_06688,5.719602423569086,-1.4119870375018542,1.2635571627218123
TEST_06689,2.473029545033354,0.4886118759115724,-0.0341970961666402
TEST_06690,1.3628109164707245,0.18821118874009918,0.15415484705255728
TEST_06691,1.4249759048219517,0.04471220946902686,0.14872880366684146
TEST_06692,2.540566529463762,-0.93611985047689,0.1751196299715617
TEST_06693,2.9148007370202804,0.21866228066591678,0.21881944641473375
TEST_06694,1.4210047690466636,-0.7572749554117437,0.5945070819601376
TEST_06695,0.9051285869271863,0.28706525672031497,0.23731778132747244
TEST_06696,2.741037261811065,-1.503110104661189,-0.0911936753849708
TEST_06697,3.78138424987151,-0.04952048797965404,0.5194138361506017
TEST_06698,3.1456793384219393,-0.4523013251108051,1.2654143331007734
TEST_06699,3.9592211312328227,-0.47567204437649047,1.1546498161694303
TEST_06700,2.356661518017074,0.0041241981163704575,-0.23782065418624754
TEST_06701,2.747226675950715,0.10959117111114577,0.8633654215077092
TEST_06702,1.2704884725964523,0.011307954237739263,0.4324566710045393
TEST_06703,3.1015866834168153,-0.09382308876488316,-0.4020268336212003
TEST_06704,2.747336742321272,-0.16986259501992665,0.20831409513490626
TEST_06705,5.289181584869043,0.3157465098171725,-0.4635879201130247
TEST_06706,1.9005032133517408,-0.12569260974243807,0.2115964183750154
TEST_06707,3.276134153354064,0.5195606465694372,0.4965827527443696
TEST_06708,2.548481216734372,0.4226803205914731,0.21364137343913667
TEST_06709,4.5102642370796415,-0.728292214484346,0.0438969654261401
TEST_06710,4.137471631512926,-0.03258991993824802,-0.5293836436884538
TEST_06711,1.9896241384655229,-0.9571364095526881,0.13171780413500647
TEST_06712,1.975278233436236,1.210964672360608,-0.8766154512746789
TEST_06713,2.694296823678947,-0.034249083253312766,-0.2571394225405548
TEST_06714,1.266387993971826,0.165913693149495,0.03934171470779399
TEST_06715,1.0608751707944648,0.09764506015562666,0.2561751723864144
TEST_06716,1.4427858215393174,-0.3190774466512904,-0.21518291671530027
TEST_06717,1.2330621683352958,-0.2862121075731051,-0.1731902155168729
TEST_06718,1.3939254912464178,-0.5952506560523518,-0.2731523320620101
TEST_06719,5.390076507541649,0.7265502307280485,-0.09455411157409468
TEST_06720,2.5935644001424754,-0.5765488215087545,0.41208949938356465
TEST_06721,4.68420393082293,0.706228269597814,-0.04810256606125198
TEST_06722,4.663516274388676,1.392160458201663,-0.5064542817443558
TEST_06723,1.7323764905061718,-0.12021709413900719,-0.09621537455943201
TEST_06724,1.5144266983236663,0.5197696727913858,-0.2785990159761273
TEST_06725,1.3069475138106794,0.641274187621582,0.35912977554911774
TEST_06726,5.23969927788975,-0.42564052391965324,-0.24677104099291539
TEST_06727,3.016478194308365,0.38916779904073495,0.472026096675935
TEST_06728,5.6040568061749205,-1.61480498988133,-0.887590870413751
TEST_06729,2.3580024617087907,-0.2671557621760878,0.007643151113684741
TEST_06730,2.8606827395409957,0.5987260062438864,-0.15704092256374844
TEST_06731,1.2311613801560877,0.09505792397554992,0.19933667115939202
TEST_06732,4.200878923843767,0.11236376958362235,0.37143792465089653
TEST_06733,3.068178265717304,-0.3528818291565156,0.5473658850915126
TEST_06734,2.4149420533405066,-0.2592383136413638,0.3083807485818585
TEST_06735,0.9130732254548666,0.24898146043453986,0.03739199698937802
TEST_06736,1.6949617198786076,0.1103829636990404,0.4346826543409805
TEST_06737,3.471606901324515,0.22159422198613646,0.7621641840878401
TEST_06738,5.437033539579503,1.1788326215918734,-0.4617631891771442
TEST_06739,2.5088508719499227,1.3190667031121257,0.06734801144109195
TEST_06740,1.5523698546796934,0.12296746408278891,0.30932117197535536
TEST_06741,1.284628394271715,0.0270146991434415,0.20963800246745568
TEST_06742,1.9584760879548893,-0.26798162959345323,-0.6696946511085428
TEST_06743,2.9639735583652516,0.7495990068716425,-0.7489900540531429
TEST_06744,2.3171486309892066,0.15827567422677075,-0.5222683806430446
TEST_06745,4.522928528565647,1.8105709701930222,-0.47367442147395766
TEST_06746,3.2456182476475326,0.8561038977437209,0.5884748357213414
TEST_06747,4.701752100055304,-0.4392478370439384,0.028566086917969122
TEST_06748,2.5244930165251147,0.4406608447284437,-0.34456026748953883
TEST_06749,3.550201160771431,-1.5805068306091212,-1.1781224354309552
TEST_06750,1.1677797259399756,-0.25057611426805526,-0.04613434832551784
TEST_06751,1.2082865685145083,-0.8955972571853438,-0.06447305178855665
TEST_06752,2.729834377195094,1.4744369806742914,0.6224821912978028
TEST_06753,2.2679329627041014,0.454874458937718,-0.4024530638952784
TEST_06754,2.2897637591746047,0.2853004631430439,0.0886295146736986
TEST_06755,1.8938776835192825,-0.7028158965011457,0.5091171072979161
TEST_06756,3.148625149625328,-0.7675911658009203,-0.3764447045082019
TEST_06757,2.1281729484788423,-0.039830924123999405,-0.26072441019327897
TEST_06758,3.351736172371111,-1.3500548849515543,0.7403330660406261
TEST_06759,4.560929339753836,0.20270032702518326,0.8952910179855393
TEST_06760,3.089754807113448,-1.5658185874785673,-0.5763540467647714
TEST_06761,4.286629824505223,0.8809399336485162,-0.7384434986057051
TEST_06762,3.98395748227124,-1.5417216109536522,-0.9395309756725846
TEST_06763,1.5569323516425722,0.13296474641352454,0.6999924419286012
TEST_06764,1.7635036939023572,0.0036106167908144093,-0.03864100249173921
TEST_06765,1.460503676231246,-0.07341861656022038,-0.33475632743541844
TEST_06766,3.68398648496206,-0.744989956607813,-0.5824733969189589
TEST_06767,3.7908418805756754,1.339757642680056,-0.9331759147194545
TEST_06768,4.881353398249374,-1.6716372026387094,-0.1231297871392112
TEST_06769,2.48080969176448,-0.04575449812317952,0.003840788950621115
TEST_06770,1.0754399289732455,0.5981522230313042,-0.24665174415729382
TEST_06771,4.092127872861901,0.15405358800582683,1.0833392743119166
TEST_06772,4.725540875641121,1.1081794705882408,1.1001256426819757
TEST_06773,1.3540391969914152,0.4206378171535307,0.35832436868465806
TEST_06774,3.318091769224175,0.9944522979745689,0.9389147983949445
TEST_06775,2.8469369249885204,0.5823205814648742,-0.124943326348186
TEST_06776,2.2538429600167293,0.2613471429471317,-0.19816821562245018
TEST_06777,1.498460191079548,0.502081262850167,-0.35666846240917033
TEST_06778,2.55521457457083,-0.2186812491918558,0.13437295411260672
TEST_06779,4.267687868556051,1.307560309464237,0.9146283095038696
TEST_06780,1.4569958459314998,0.177998290830992,-0.010430101573941203
TEST_06781,3.080452015667158,-0.032328062500349676,0.13306767932520128
TEST_06782,2.251356558565126,-0.08767158140076918,0.08297129796882977
TEST_06783,3.869540263108087,0.12537046546667502,0.8701452015025181
TEST_06784,3.178684394493751,-0.2620172247671349,0.05919157046764293
TEST_06785,2.3932220692153874,-0.28071831916619566,0.052424442359344944
TEST_06786,2.5796842511184814,0.04724537379137942,-0.0293165919110396
TEST_06787,4.544948265816099,0.7996845862673351,-0.31276693244033343
TEST_06788,2.0037897909280264,-0.6151107815721821,-0.33780898799926073
TEST_06789,4.664504957174224,-1.1221434221564746,-0.3724538441150327
TEST_06790,1.6505894931894902,0.12767749896346076,0.548155060120069
TEST_06791,2.4156917458266465,0.6608732854915429,0.012363142942486206
TEST_06792,3.2036933024363226,-1.5696460576417288,-0.8627463116809954
TEST_06793,3.3566197551834183,0.9965118505575471,1.0604333290119645
TEST_06794,2.375603146761966,0.3516276280138255,-0.04033050517858863
TEST_06795,2.5373512752997387,0.8287489492140871,0.5217346820112975
TEST_06796,4.519196077823146,-1.6243226363872059,-0.4201410554088615
TEST_06797,1.8407199220624693,-0.4173747016284489,0.5247871729245897
TEST_06798,3.6608653892801164,-0.6993863064749428,0.9795621272761338
TEST_06799,3.947612745732135,1.8158125157452594,-0.4277396518418923
TEST_06800,2.601797972114101,1.552230256838403,0.6713658231745233
TEST_06801,4.462056785618081,1.6671031081616978,-0.035830567480130464
TEST_06802,1.7654705652269427,1.147186679520472,1.0696557319308457
TEST_06803,1.9157596413857352,0.7633011893748683,-0.14439350728218453
TEST_06804,2.1909583689746195,-0.09223564060834795,-0.12606915807361047
TEST_06805,2.8756825192556508,-0.3652796853687473,0.7725203053278903
TEST_06806,3.78915631151796,-0.4481900362174748,0.2699810090151205
TEST_06807,3.76085451218394,-1.4124450417792893,-0.9008847707716933
TEST_06808,5.668266078683198,0.11405553970588848,0.11605261774814228
TEST_06809,3.170523731630867,0.21776517737173579,0.2223796679009809
TEST_06810,2.7350905839310595,0.17658448745110877,0.16792847119432877
TEST_06811,2.470926265848137,-0.19525148637366668,-0.16645740192794597
TEST_06812,3.0639301021772116,-0.10263183083029877,1.211657440907857
TEST_06813,2.556293453121113,0.03812208939270547,-0.39395585300140173
TEST_06814,2.7830417400033753,-0.01533371913340957,0.655724770379141
TEST_06815,2.293271828735755,0.4686516154078377,-0.1081676431852158
TEST_06816,2.9798006123075895,0.5179761038468013,0.9169767689904934
TEST_06817,2.50210684674798,-0.7335173367474757,1.3254785848620991
TEST_06818,3.386176834120427,-0.9390410991500366,1.1710644969044084
TEST_06819,2.4037490940888677,0.6867740144659444,0.28812184934706664
TEST_06820,2.389207605237121,-0.3620824173541436,-0.07703803689744596
TEST_06821,3.0641420559404273,-0.11241332272487899,0.21893704430928215
TEST_06822,1.4942664881910186,0.8170637913805192,-0.0578436999959041
TEST_06823,3.547361898118793,0.414561289898251,0.8344753300083027
TEST_06824,1.7087991089189474,0.2756567662425347,-0.153902470954879
TEST_06825,3.3577245841571988,1.3876876879648132,0.11460832207963798
TEST_06826,1.4198768506112434,-0.13668775636753502,0.4615596013501615
TEST_06827,3.2213400765187292,0.19772140743018835,0.4581747975556922
TEST_06828,1.3955260832543566,0.29415515564920675,0.18028591295343976
TEST_06829,3.776603584286724,-0.1512651263058734,-0.9005059954897686
TEST_06830,3.89746802374693,0.2948811023656766,1.231216518481667
TEST_06831,2.7852193182289255,0.9560332254467224,-0.30356056065374815
TEST_06832,3.4693340525849075,0.22326179874981217,0.5698349722786457
TEST_06833,3.810721356536663,-1.0568116605959215,1.278373633868605
TEST_06834,3.132052681764769,0.018679228956758227,-0.5169477751074048
TEST_06835,1.0081354058214995,0.3404846368853497,-0.03160756986614147
TEST_06836,2.744411287801802,0.1784687549256662,-0.1413770556023687
TEST_06837,0.9895356319330563,-0.012731321311385319,-0.13955495533590848
TEST_06838,2.3765971027813277,-1.1715385812991796,-0.548947202653501
TEST_06839,3.8957664114052406,-0.5389147359324478,-1.0070611391529471
TEST_06840,1.6390224081871587,-0.31766040688303804,0.3096513347024809
TEST_06841,4.551507066130805,-0.7607527923094208,0.9612153541662267
TEST_06842,2.02378333171523,0.0210228160136943,0.08655746060172068
TEST_06843,3.2175545828526912,1.02570208445881,-0.7977900859011208
TEST_06844,2.0381308429305944,-0.7819050926228056,-0.5689821845627825
TEST_06845,1.2359967096386095,-0.46803825963408513,-0.10005752921207409
TEST_06846,5.067724108009465,0.6238559856931191,-0.2754808652539619
TEST_06847,4.027539636774383,-1.088514566825365,-0.74195919038462
TEST_06848,4.546467181138071,-2.2624080451888697,0.8203708579189803
TEST_06849,3.386593385937895,-0.4706011194366552,-0.3154896520075864
TEST_06850,3.0954664268465253,-0.049909894357254125,-0.5713683675545946
TEST_06851,1.1459564023876225,-0.29868465884572903,-0.013847008056584008
TEST_06852,3.4985386544311003,0.002826108684672078,-0.8478187914403479
TEST_06853,3.02007110294969,0.331848249864072,0.38400715477154423
TEST_06854,1.6609595666022352,1.2359745267569582,-0.6394629198581685
TEST_06855,1.7864222456362924,0.13656905519099374,0.4383506164986859
TEST_06856,2.827807083926532,-0.051619976553642685,0.7461769191902432
TEST_06857,1.9684879801987687,-0.36595251176444615,-0.11410572805288462
TEST_06858,4.83300014514221,1.162160209546055,1.4100550264279568
TEST_06859,1.22077530535491,-0.12181550933908962,-0.12564751572085797
TEST_06860,1.4555042645487113,-0.21803856957254003,-0.2507209658953999
TEST_06861,1.2352429830958234,-0.3955197704945442,-0.1104148762976549
TEST_06862,1.541272362930037,0.3995291542344285,0.12497191382073258
TEST_06863,1.2141700484496445,-0.3578675009876528,0.5012364260491935
TEST_06864,3.687072543533957,-0.5632908184271619,-0.5799005811123225
TEST_06865,5.284191285525513,-0.49564176988528835,-0.1551995184351633
TEST_06866,1.9361452285729968,-0.4355741123096206,-0.3626168278529283
TEST_06867,3.941101388861593,-0.21932383223488225,-0.09643402467550466
TEST_06868,1.9678848816288697,0.45821945254146534,0.33761633524575735
TEST_06869,3.625589108201733,-0.7535592645965724,1.317383815685036
TEST_06870,1.3370988093513982,-0.6501172641480165,-0.44299664037856085
TEST_06871,2.7181763826569663,-1.224237326655197,0.47473690248688694
TEST_06872,1.4799059425842254,-0.73622126271727,0.13756946955015467
TEST_06873,3.63385600448693,-0.060452055806585914,0.6906840619810881
TEST_06874,2.5166981384859906,0.4491754435561659,0.6731060911250506
TEST_06875,1.0039567858580238,-0.12466188535113551,-0.33650451366382955
TEST_06876,4.204621794928939,0.3314679161939985,0.588056345478712
TEST_06877,2.6548384020687754,1.1722344812678807,0.11001190261627918
TEST_06878,2.5719184395500627,-0.41130963699811623,0.4407410421581703
TEST_06879,5.504957964427331,0.3380228904860175,2.114479808961725
TEST_06880,2.103096473561718,-0.4729674256038118,0.10226028404920767
TEST_06881,4.294452060742515,-0.036199798704650656,-0.2583162891218257
TEST_06882,4.342901744614635,0.9546332151249375,0.21746092096952166
TEST_06883,3.5445799985976123,-1.196232314995836,1.0626215067997953
TEST_06884,2.7565147618322223,0.10913927697538625,-0.528587023660216
TEST_06885,1.0212821659606297,-0.3297382547653244,0.17421661803368066
TEST_06886,2.9559017930239486,-0.0852390303624309,-0.3261510182190216
TEST_06887,4.385693398109026,0.11617519451429907,-0.3349346678735426
TEST_06888,3.77268098394143,1.279731946221375,1.357052054256759
TEST_06889,4.548085253730445,-0.43236407232214646,-1.0539589976601342
TEST_06890,1.6552520964908053,0.12420461243731876,-0.11116765265384557
TEST_06891,2.6255663325530683,-0.14266119227564739,-0.5891825939519326
TEST_06892,4.700453395923139,-0.8187514511609925,0.2115828156187145
TEST_06893,2.807002374634942,-0.5674605436217594,0.5824540255837707
TEST_06894,1.6074414519418538,0.10394948604404729,-0.5081871393914533
TEST_06895,3.9579765167456853,0.5747159475381146,-0.7538526840557161
TEST_06896,3.4574026923061774,0.07244636232402661,-0.31450011346593154
TEST_06897,1.4752859816896142,-0.39037413885691175,-0.34499128014234326
TEST_06898,5.0593550220258185,-0.39099343962392985,-1.049839916348052
TEST_06899,3.886740252697052,-0.24881428017960042,1.0350476333228364
TEST_06900,2.3019934005236236,0.40656167093150497,-0.6818833073807853
TEST_06901,3.205689551220778,0.06271295682170397,0.47673994356020666
TEST_06902,1.3105304781257263,-0.5141965309165915,0.3113317337762308
TEST_06903,4.085373223479469,-0.63222995355343,1.0725648610575473
TEST_06904,2.4602389387604306,-0.41050095424674116,-0.5075901856303321
TEST_06905,4.913914001413297,-1.2325342561377037,1.669602978895657
TEST_06906,2.1772909910205422,0.10045425209426415,-0.48882013621362486
TEST_06907,2.3141353080983715,-0.12748231456807033,0.9071253743979844
TEST_06908,2.903711367652641,0.12794282618230862,0.025014174971096894
TEST_06909,4.880640230410497,0.44071141106542994,-0.3250812363901795
TEST_06910,1.9269424148475611,-0.9720652264821359,-0.4995754031848871
TEST_06911,2.14690145241808,-1.1878997017520905,-0.4718464011078332
TEST_06912,1.4659894562048612,0.9189719658542792,0.4722135447970535
TEST_06913,2.818600022721725,1.513448162555773,0.9519096916537562
TEST_06914,1.7785761673123415,-0.012065603529466146,-0.1611019894009753
TEST_06915,2.293255653799948,-0.19538542282875027,-0.27449406073743193
TEST_06916,4.264052178288475,0.6875741111048901,0.7816557074766219
TEST_06917,1.403128797419589,0.2609474471687831,0.21880285474272676
TEST_06918,2.8669047308759428,0.7071039896828897,-0.5772376969303631
TEST_06919,3.2566677334278618,-0.7783365239345053,1.9557744122873888
TEST_06920,1.8303339215035346,0.48370091994173675,0.1815916637370683
TEST_06921,1.117015248630912,0.2883821845218237,0.06424800677132664
TEST_06922,2.05113904249576,-1.0134928073065617,0.06300047045536694
TEST_06923,3.9872541886070234,-1.2060735635285285,0.313597863797776
TEST_06924,2.071519397523957,-0.9227875904527854,-0.550861675454626
TEST_06925,1.2529146290106559,-0.3123286885916294,-0.30483617963839654
TEST_06926,1.5012458438668828,0.6990794574613826,-0.02752174055655339
TEST_06927,4.216580544697986,-0.3728156183255689,1.000103196325312
TEST_06928,2.417911843930665,-0.2343532043182439,1.3098171038974153
TEST_06929,3.6338420916329772,0.4895095917416496,-0.08057744827253199
TEST_06930,2.2353251258658022,0.278233322201911,0.4177583955807224
TEST_06931,1.0350454510076683,-0.4265895369461989,0.0953070907164268
TEST_06932,3.2494104070547696,0.14703761129051227,-0.10453604427091874
TEST_06933,2.2600538464430713,0.17791294722849493,0.5064044769904935
TEST_06934,2.9182578163937554,-0.1515192356512897,0.27873623487595606
TEST_06935,1.9711879964874521,0.3249913204503927,0.24283047677060515
TEST_06936,1.5092779331908837,0.5500727276526178,0.45108633316524377
TEST_06937,3.471966149799689,0.3457620820868658,0.6876091364101776
TEST_06938,4.635522063622593,1.0889229888030525,-0.2096554912810686
TEST_06939,3.6642529496284144,0.4489084859927162,0.07260510363729623
TEST_06940,1.165854375733183,0.18740663596914167,-0.3492336313595644
TEST_06941,2.829907933559682,-0.08396836970420717,-1.0570243301317301
TEST_06942,2.2810711478788197,-0.6611049021106257,0.1889289605024261
TEST_06943,3.927948724203501,-0.5556839253691076,-0.15895846468881156
TEST_06944,1.3109893529828305,-0.4113174929708821,-0.33362569489464894
TEST_06945,1.7603130372926212,0.4188923183672566,0.47507716429751257
TEST_06946,1.391090948085839,-0.03674791927983132,0.6337407306732677
TEST_06947,1.4953830939186536,0.16410077776264484,-0.16111884647946992
TEST_06948,2.5039094699921383,-0.5021976817628648,0.31574283483758053
TEST_06949,1.383551647300877,-0.21222363588483975,-0.32859295636323094
TEST_06950,2.7228501641914056,-0.17019320452126935,-0.02772934683751683
TEST_06951,2.315321402204155,-0.15510834567074974,0.6084590659579779
TEST_06952,1.1269610201710396,-0.43490915635044297,0.3272694211156871
TEST_06953,3.678637198928693,0.7794720184373561,0.08904215643040532
TEST_06954,2.87609662662656,-0.6368751261575505,-0.04014382618054438
TEST_06955,2.245669812679896,-0.2831293375668105,-0.011466714483695345
TEST_06956,4.262273932477116,1.4582850366066145,1.0508158386205977
TEST_06957,3.033037758771701,-1.023647436284369,-0.3457929250588507
TEST_06958,1.2702095889202205,0.2700433822594906,-0.3959828764551198
TEST_06959,2.0605376151774837,0.7704751278627658,-0.32310981936400435
TEST_06960,2.6632864636185776,-0.45892136011562623,0.3762975482548405
TEST_06961,3.0178899036750515,0.18144978750706772,-1.014518628082519
TEST_06962,0.8813155526611572,0.0544638503500893,0.481399011813376
TEST_06963,3.6931076723194955,0.2722066083089973,0.37233868334766107
TEST_06964,2.9784918479375198,0.6582640784760484,0.6835981349387354
TEST_06965,2.1772820484741406,-0.8717515876426802,0.909610639104731
TEST_06966,4.937939749617425,-0.34803335955094805,0.46628334391290477
TEST_06967,1.3670091832161648,0.3569910236810796,-0.5507183528143578
TEST_06968,4.192731719467771,2.2173112070946974,0.6497304798767969
TEST_06969,1.2566142866251315,0.30274730246231973,-0.0019152769335878356
TEST_06970,1.597855284288864,-0.3098549832934559,0.38651459784392705
TEST_06971,1.9286875296292942,0.6147124388600774,0.0577666448243964
TEST_06972,0.9858416810724191,0.5561996433007063,0.3936869766274838
TEST_06973,3.229169643243676,-0.453235360923591,0.018995890394849287
TEST_06974,2.3914951109477074,0.6354368207472318,-0.8720808141946529
TEST_06975,3.7124372823534735,0.7841594378603555,-0.6524290770688673
TEST_06976,1.19445516322372,-0.6214354444866489,-0.14018562342298335
TEST_06977,1.3089620640931419,0.4320155910094934,0.16310601299352373
TEST_06978,4.355595664051033,0.2594509380089987,-0.14638121571764845
TEST_06979,4.355513409578312,1.6306079986596878,1.5052110060360266
TEST_06980,1.2193248530983798,-0.6399915139964298,-0.45147647309473793
TEST_06981,3.550401468502549,-0.5230502084775731,-0.09185242185592882
TEST_06982,2.514428540028122,0.5170786441585844,-0.08524976257314831
TEST_06983,3.0034115533150545,0.21833480288609847,-0.677099832110946
TEST_06984,3.259944388727078,-0.3425067118816387,0.44970282806488593
TEST_06985,2.144298039458377,-0.16244686754385634,1.1666146294716695
TEST_06986,2.2015674547997413,0.37717766331100394,0.10413493984522137
TEST_06987,3.048807745662206,0.07140591086050797,0.22640923399091023
TEST_06988,2.9529349602532435,1.1650588655863485,0.15410975206588653
TEST_06989,1.9316913862266119,-1.1952610576080838,0.4658422734010942
TEST_06990,1.037661526926262,-0.2804841161089347,0.155716103958154
TEST_06991,1.9445095941254216,-0.5278202558191584,0.2748329809475447
TEST_06992,1.9782192926035376,-0.852682136905881,0.8038350530054481
TEST_06993,2.6704487256673977,-0.2450788633509967,-0.4282004326466944
TEST_06994,2.0111924595559616,0.6007846268161685,-0.004035613255175658
TEST_06995,2.355568981039312,-0.6192362531816185,-0.6855119439938389
TEST_06996,2.1574911198308726,-0.6712514242379172,-0.44078461579122447
TEST_06997,2.7882250656910728,-0.47600753088168657,0.5575406396305866
TEST_06998,1.2465019152857204,-0.2169443840978842,0.21467937050606742
TEST_06999,4.884742653668288,-1.1820794171389484,0.4225151380468759
TEST_07000,2.492043856885724,0.6085796707531842,0.28036359211112455
TEST_07001,2.4213528472088264,1.5137856537491268,0.2706257584578862
TEST_07002,1.9613204907150708,-1.3130166031382502,0.3001009017415497
TEST_07003,1.914737125202099,1.2672460228096034,0.5636005455525981
TEST_07004,1.610926655802454,0.06374939600145241,-0.18482266040013456
TEST_07005,3.0086918908807667,0.5708482796167628,-0.2526479763479322
TEST_07006,1.4386804982959627,0.5374967982402398,0.24840859309367513
TEST_07007,5.137226578207875,1.6777532574158451,-0.5374232195810643
TEST_07008,1.340179430218854,-0.7577998427510232,0.567511049649306
TEST_07009,4.434183893598539,0.6876447127984332,1.264457963611369
TEST_07010,1.4785906194701872,0.20705510755416656,0.3557714954248152
TEST_07011,3.465301876250987,0.13979041279644405,-0.012202326758065204
TEST_07012,3.3551519836461225,0.20515683744289623,0.0329166044976838
TEST_07013,2.499329210807322,0.03914931260501148,0.2211226311794317
TEST_07014,2.666069663811257,-0.1874356679366374,0.49664559673183806
TEST_07015,3.7399902561568026,0.9961284410161219,-0.9818749783121417
TEST_07016,1.7745203714379005,-0.8714498511409206,-0.7044188069758255
TEST_07017,3.951817498629031,-1.509958143671345,-0.03115378263878096
TEST_07018,4.094034027155718,1.6651051093743192,-0.4593888878946911
TEST_07019,2.2720962483385136,0.6461661379843231,0.022396605993503845
TEST_07020,1.6746495281600917,0.1285540669774632,-0.35415449306613117
TEST_07021,1.0723063142573737,-0.19033480621066315,0.030582626199555075
TEST_07022,1.900951235369788,0.5076419549942518,0.24267833349080575
TEST_07023,2.464176780986412,-0.7921757272865912,0.2424184899499203
TEST_07024,2.315681522931144,-0.19225945378251078,0.47098926619933273
TEST_07025,3.7358077312648637,1.6470482928748524,0.11386671788788906
TEST_07026,2.903141947922608,0.3592215202198639,-0.0716590361792787
TEST_07027,2.0022564391264335,0.6983825396774661,-0.5495277389770351
TEST_07028,2.9078618950560364,-0.047936404448615175,-0.08840428655776418
TEST_07029,2.7442798945209916,-1.4818392074322806,0.040311742337782355
TEST_07030,4.203736053869798,-0.17911029087114763,0.14966859289210854
TEST_07031,2.5855449345307924,-0.4938885414334166,0.33739123997428416
TEST_07032,3.4340831227318973,1.4243839996982,0.3409175571873497
TEST_07033,1.3202361638599083,-0.6556177972566309,-0.3122154433487647
TEST_07034,1.8816897103104606,-0.01985618986429053,0.1148825364940285
TEST_07035,2.294286022203309,-0.8914176905156139,-0.4868849046919986
TEST_07036,2.0724634747835737,-0.22636796128332945,-0.6555623122742363
TEST_07037,2.6464917335649845,0.04670313945457776,0.3527537928472852
TEST_07038,2.5498310062749088,0.7420203093459574,1.0957061815983273
TEST_07039,6.198132992100675,0.38355580802689093,2.342848155180601
TEST_07040,4.385713596088181,1.1085733415044203,1.684943333323394
TEST_07041,1.6852001941200083,0.649083847808594,0.4998339417295689
TEST_07042,2.725492483784244,0.4029214846902836,1.116915311959153
TEST_07043,3.238137004540313,0.5419680727000762,0.1020663504594568
TEST_07044,3.3384469653841573,0.157617547349629,0.26108788356233353
TEST_07045,1.3882336444556653,0.18985392224636197,-0.3393597788913125
TEST_07046,3.1551744764726517,-0.45914399291285407,0.48639149880140803
TEST_07047,4.127646715546063,-1.001445110860312,1.1154733759152151
TEST_07048,4.723121045170375,-1.050058674716083,1.3430142479387996
TEST_07049,3.0219116634896666,0.3545375940513859,0.34825961043494613
TEST_07050,2.6251099264533924,0.2613434215571174,0.24248940086846466
TEST_07051,1.6144853440977378,-0.055121840482849176,-0.34556140816250414
TEST_07052,2.056052800669222,1.2744582806148783,0.5736695813352709
TEST_07053,3.026931437258613,-0.3819833347964101,-0.28894515129995885
TEST_07054,3.51276169211661,-0.14710644936856962,0.7352815848172848
TEST_07055,1.5784447743001908,0.25053299860819056,-0.11444409325113554
TEST_07056,2.1612154897773586,-0.14516103663615704,-0.0831037207854095
TEST_07057,1.6959231655952471,0.2765483501760753,-0.5370950255496549
TEST_07058,5.352330865973898,1.0780829452635434,1.2801512823175762
TEST_07059,1.7787513167958515,0.057298748914235406,-0.01288738854907502
TEST_07060,2.8914196144862077,0.4430750768944079,-0.43893575410484037
TEST_07061,0.9691195629071617,0.4180765213178362,-0.16067939784936378
TEST_07062,1.5542607030407207,0.3446341539366606,0.05099950257766577
TEST_07063,3.227467528995719,0.7068552207448209,0.9150939456797053
TEST_07064,0.9064462766765202,-0.27516310224077967,-0.13593834207963193
TEST_07065,2.1064033217388993,-1.060646366398498,0.7528114863633839
TEST_07066,2.8214482165679775,0.05977131659655044,-0.24010284133075568
TEST_07067,3.6462896276160155,0.5717357652872002,-1.0425280633095029
TEST_07068,2.3211714058654964,1.2933306795516557,-0.8522173634326954
TEST_07069,1.4186914551134024,0.36169652338827624,0.38314517665577263
TEST_07070,3.555678441144953,-1.4354167163805438,0.5457719468413058
TEST_07071,3.387429044610918,0.8217227267126033,0.5646387478381505
TEST_07072,2.5010696467191798,0.17860100126105652,0.10438009277103005
TEST_07073,2.3751570429595232,0.36156663211829365,-0.2701782548115105
TEST_07074,2.330193073219003,0.5556606607024215,-0.5265246338516475
TEST_07075,2.182988479362917,-0.06686781208304558,0.057761858317194804
TEST_07076,1.3759185349825256,-0.0845770706939372,0.45462940354533177
TEST_07077,1.6664003037455715,0.12273470776361144,0.33334252563599237
TEST_07078,3.6136779119747673,-1.4909446894365566,0.17878572718202265
TEST_07079,4.766681179432904,0.17090244976195143,0.6116113126922939
TEST_07080,1.2451012817227292,0.49854041630828694,0.09192657721881962
TEST_07081,2.63612197001825,0.18692019640766092,-0.018073367796097545
TEST_07082,3.201174782715354,-1.645770404535331,-0.22905584570580345
TEST_07083,3.1710947598540384,-1.4792636209342873,1.3001172116968587
TEST_07084,3.2821562012971937,-0.8840716034541609,-0.7544549040567454
TEST_07085,2.792129154840556,0.7054386799368326,-0.03703887520491728
TEST_07086,3.0646345763914717,0.657829415212762,0.3903464350121136
TEST_07087,1.2556261514458376,0.15725600687434324,-0.03326586314849946
TEST_07088,4.105237455935405,-1.9013130214531921,0.589684283188901
TEST_07089,3.8900512192363887,-0.2063667429590357,0.06610050847174676
TEST_07090,2.4430095742981197,0.29782321625880626,0.16079847096151914
TEST_07091,2.9066273712421653,-0.025063813894164268,0.6317068017979368
TEST_07092,4.880500914373319,1.3709064780462294,1.3274287508822085
TEST_07093,1.286357276816558,-0.16319345642123498,0.15652493979824128
TEST_07094,1.6885279987641337,0.4269975624242565,0.5837350754662936
TEST_07095,1.2253560926898368,0.0635817690742993,0.40156062828799804
TEST_07096,2.3620780403882886,-0.8833941458920509,0.7654696789622392
TEST_07097,2.4151986978229982,1.4603556863823444,0.6413281275631496
TEST_07098,2.0485322841741076,1.4559734095167929,0.7085222837535201
TEST_07099,3.1646189264325435,-1.6996806740489692,-1.4270824313773376
TEST_07100,1.1652586148865436,-0.3585536333113035,0.1868901670523775
TEST_07101,3.4056588049653618,-0.11499917872189462,0.6035650970524316
TEST_07102,1.2729636462110405,-0.6339776559072802,0.28485384091521326
TEST_07103,1.6642334417941977,-0.027586765242667368,-0.04181696627487348
TEST_07104,1.45573303933407,0.13711320088072712,-0.00852031954090422
TEST_07105,2.9660490024340445,0.9467583769231988,-0.6329189035488259
TEST_07106,2.6792645750496784,-0.5285601038187215,0.6972369648851053
TEST_07107,2.66346878730711,0.781087912029653,-0.7350532139205622
TEST_07108,2.4550725717937936,-0.11137112862105442,-0.05461468976036754
TEST_07109,3.9032466090911666,-0.9254191486195589,-0.4444061988782127
TEST_07110,3.572157360542536,-1.105868060013964,0.6711706710943464
TEST_07111,1.5839355763361402,0.6334352900255702,-0.13532638692270713
TEST_07112,3.2270487665548138,0.898183557520293,0.006965404789122673
TEST_07113,2.377077388905838,0.8356043461599584,-0.23325342283415554
TEST_07114,1.7338612009744063,0.3834892119318135,0.06979057056104537
TEST_07115,1.2035788876395566,-0.30675987418385353,-0.11921975072653042
TEST_07116,1.735348055579649,0.09729465538715484,0.2161297838855811
TEST_07117,2.624461224647102,0.2212414548292274,-0.7007789953043168
TEST_07118,2.782544692056545,-0.21489243093622812,-0.4983230252601814
TEST_07119,3.262988786508183,-1.8773601608239672,-0.4681975178272691
TEST_07120,2.065859030197596,-0.9884405356691499,-0.6571025181784687
TEST_07121,2.5261264161298853,-1.2594350668714163,-0.7174102658693309
TEST_07122,3.7114516476532136,-1.2833815040685872,-0.06541283684532023
TEST_07123,1.4483079076888552,-0.48864034643419824,0.26178589198907454
TEST_07124,2.4921598142885792,-0.1599613368360445,0.6106040163570411
TEST_07125,2.378334952752168,-0.528271984722687,0.25593655052759123
TEST_07126,5.22514880426632,0.6167443029228186,0.38405341517172153
TEST_07127,4.3461301611566014,0.644290098143847,0.008210288759638565
TEST_07128,5.166431097288541,0.890827844599857,-0.17344854263560724
TEST_07129,1.799604108625802,0.06341079676939546,0.3029869592798499
TEST_07130,2.8692633682649467,-0.37102690256015647,-0.3975483500736591
TEST_07131,1.8296349243740875,0.33936781364196383,0.05122534054280265
TEST_07132,1.046007773544817,-0.2515982787303556,0.2840573466878405
TEST_07133,1.4908010648468233,0.2701227564839801,-0.11319478321539023
TEST_07134,1.4893912369174136,0.12483308947167607,0.23059367747837012
TEST_07135,2.0533383370385807,-0.790433641877229,0.2517203802831407
TEST_07136,2.309674712148622,-1.2297806863604126,0.10566968312327711
TEST_07137,4.273122742595026,-1.6326679464639449,-0.6841555213869766
TEST_07138,2.8924271645631743,0.6799825273686119,0.23858350413776605
TEST_07139,4.651136979749988,-0.1768605844486186,1.277637236627245
TEST_07140,2.818639422880578,0.397531094091931,0.39708376945401236
TEST_07141,2.893330519688626,-0.1928352260874792,-0.960225063272953
TEST_07142,1.1366695924957766,-0.2312529369140178,0.2341676677415003
TEST_07143,1.4137924888185172,-0.1697988929376142,0.2206116125641604
TEST_07144,4.220401810407188,-0.7071635214150606,0.19026332337156296
TEST_07145,4.052846184604839,0.7008466238321615,0.9985785906627597
TEST_07146,2.0768803537320584,0.16745021545607858,0.2513095863895429
TEST_07147,4.752515378035875,0.01718361657710904,0.017061209174132324
TEST_07148,3.4494975601820275,-0.48334659080025477,0.5531058888654465
TEST_07149,3.0276636754238933,-1.236407034577863,0.5610193942271672
TEST_07150,4.910479558458722,0.5851526790377705,-1.0196100387105014
TEST_07151,1.5301559485347591,0.5326661984027922,0.14267039226269954
TEST_07152,3.326119126503384,1.1112197993308295,-0.26583825309389897
TEST_07153,3.2894524801715175,0.47509167289964693,1.1034610024804714
TEST_07154,2.3384787623856385,0.1666833604929896,0.007139417756192503
TEST_07155,1.382986048983158,0.2639858198738571,-0.1531210883025646
TEST_07156,2.993837556405437,0.8663620400933592,0.5459962336773295
TEST_07157,2.445614616394834,0.8208258338230121,0.4468452754134111
TEST_07158,2.7735641403684577,0.08922189080201323,1.1470028109642463
TEST_07159,5.574594954996164,-1.084160359187622,2.2513340886789623
TEST_07160,2.1413356525229577,-0.41432011459552825,0.4899278412373801
TEST_07161,3.3126734894256895,0.39271597766935284,1.015743742298264
TEST_07162,2.7742548402797365,-1.624944289545948,1.1723298394393382
TEST_07163,1.5281424081336243,1.3813113252290516,0.37927317021433526
TEST_07164,2.364631730756774,0.2199829679759025,0.005071139340441748
TEST_07165,1.6755943107170037,-0.11223336213997667,0.19976530485910485
TEST_07166,1.6112088115405194,-0.6401048638097142,0.05262535603017507
TEST_07167,1.844550072401402,0.07003041408397856,-0.21982549023714856
TEST_07168,2.2146632742174432,0.6873284014892623,0.852348146085799
TEST_07169,3.6659842013970474,0.2762763450371665,-0.016649546549313388
TEST_07170,1.8654214130793019,-0.1944122822013083,-0.34494647390066197
TEST_07171,3.8651859389617904,-0.3057283990542682,-0.7273986648081868
TEST_07172,2.5942290222078617,1.3850781086717292,-0.18546995120614543
TEST_07173,0.9162404809107301,0.354267911817701,-0.0425310629946558
TEST_07174,1.0836120057778698,-0.38437081704908915,-0.12887376539975826
TEST_07175,2.166705155298524,0.0034973197342364117,0.2853548276287312
TEST_07176,1.1869573341123043,0.06613892826519625,0.4834934710020983
TEST_07177,2.5877886408551705,-0.04961187935726158,0.9496813411333234
TEST_07178,3.0979506544368087,-0.21091228165548748,-0.9691330733170528
TEST_07179,3.411339848524471,-1.5040927331111686,0.48191225022030915
TEST_07180,2.4485381980717524,0.5141994481978772,-0.7972168655546945
TEST_07181,1.044476711655868,-0.03504145980044049,0.23404273073803872
TEST_07182,1.8301220952516895,-0.11397143757803825,0.0991173760566557
TEST_07183,4.368678005100632,0.08902178420018317,0.5747854817630257
TEST_07184,2.8726007599720216,-0.12706817976401788,0.01107444375337351
TEST_07185,2.722840322326164,0.03806055958874972,1.1916979724586316
TEST_07186,2.651570572297286,0.31886479200051493,-0.5079989719066106
TEST_07187,4.123058360107345,-0.17892085477353137,0.6736381906299836
TEST_07188,2.418535933560282,-0.6736357244312235,0.20630064688277486
TEST_07189,4.398596096744049,-1.1566842226048606,1.4057642684708127
TEST_07190,3.9869160802855705,-1.582607725257373,1.46465370501444
TEST_07191,2.520041601173735,-0.5093886538992498,-0.21851775262247378
TEST_07192,3.707823029102776,1.3450540438259495,1.4640299667810954
TEST_07193,2.697641762930515,1.2919623419047406,0.866857628711539
TEST_07194,2.533892481130428,-0.1781196394777204,-0.42657345832677934
TEST_07195,2.0806591466981037,-0.7015828293347436,0.326296875874183
TEST_07196,1.9249967441796856,1.3286295319216854,-0.30667724434694743
TEST_07197,2.482395951831685,0.2899779981940809,-0.2653244719336741
TEST_07198,3.6283526760300226,-1.2498549924751843,1.1867585332577442
TEST_07199,3.597422534997434,-1.3511952009273434,0.9058809708178907
TEST_07200,4.084690424280961,-0.06933396788982533,0.5787218237229845
TEST_07201,3.8100533020339955,-0.5553361544442587,1.173104317253479
TEST_07202,1.0173623380845558,-0.33809701711600443,0.4637161837116131
TEST_07203,2.131646593727062,1.4210938573142733,0.09161742283705439
TEST_07204,2.4183908987615217,-0.5047089163683527,-0.15787641167372593
TEST_07205,2.7388788563547797,0.9357013971425557,-0.4077814808017121
TEST_07206,3.627123370368685,0.23820196662190013,-0.3464875376656224
TEST_07207,2.1898933993382723,-0.37748731553921966,-0.6878383226511897
TEST_07208,5.672534837708647,0.10753418470741478,-0.41080712167397015
TEST_07209,2.1202057771809595,-0.665086710829393,0.006332429452231092
TEST_07210,2.696138229185744,0.5005689447799319,0.08139847401924734
TEST_07211,4.4389970074752725,-0.45845636467888184,0.0793770722227605
TEST_07212,0.8803295354990905,-0.49955118570862367,-0.2619230984575521
TEST_07213,1.5332337105501395,0.23610207147494833,0.07890240982079941
TEST_07214,1.8402217568449142,-1.3298732298529155,0.40591514108889204
TEST_07215,4.0661747462926705,1.2260547661416243,-1.34636184150854
TEST_07216,1.8595503674333194,0.05344819741254115,-1.027199488349149
TEST_07217,3.229287046695781,-0.23947351286854546,0.9487695849081035
TEST_07218,1.2770329483930387,0.7817853678881005,-0.4629952577969925
TEST_07219,2.2117053368295068,-0.9222874512198243,-0.24503822063250139
TEST_07220,1.880868416654252,-0.6479109223374756,-0.03110153730206147
TEST_07221,3.4034544170082985,-0.2738699410269545,-1.1465275391652483
TEST_07222,1.3433023980964935,0.5094209063150891,-0.131043005161039
TEST_07223,3.9698486287852446,-0.32192431520832665,0.5748722974541183
TEST_07224,2.8016897386742667,0.4709992781455865,0.9853737446933659
TEST_07225,3.562412914275409,0.8208746675291,0.7367288502747958
TEST_07226,3.3797186822044396,0.7335451782621105,-0.10619471601934641
TEST_07227,4.43481843343651,-0.35203832261723467,-0.08655625139954094
TEST_07228,2.188312173065756,0.6427994288420694,0.12207796554259727
TEST_07229,2.9164413328608685,-1.261138357292384,-0.8549984238145172
TEST_07230,2.9168183343630987,0.18456640854044173,-0.6060179949964832
TEST_07231,1.9111991437623865,0.315977235799732,-0.06886696953708794
TEST_07232,3.3574541260719717,-1.0809889029758655,1.593769566048363
TEST_07233,2.7651191305593454,0.40862905143124356,1.0002508590545642
TEST_07234,1.9694610066232578,0.3830252682409988,0.27563686823136724
TEST_07235,2.0017352756026185,-0.715484959423253,0.3702744746034392
TEST_07236,2.82532131068886,-1.1395821157402397,-0.4689560235841969
TEST_07237,2.660077369460654,0.43399549225893086,0.5262017025177994
TEST_07238,3.6363123345273722,0.832875103893371,-0.2081390120646282
TEST_07239,4.32098563367403,1.5598449767142089,-0.9121628136412079
TEST_07240,2.496412183933245,-1.846394346704601,-0.9759879516086816
TEST_07241,4.20648171278579,1.508042928493361,0.7421910553595801
TEST_07242,2.8182188097876315,-1.033174390285673,-0.8408338161006701
TEST_07243,3.983619661636122,0.2895307664588497,0.2483607314100733
TEST_07244,3.2337992925806947,0.052122322671226934,0.6229044521499109
TEST_07245,2.365845722501708,-0.04708559459006158,-0.7380016505123453
TEST_07246,4.701247539667979,0.43555914934761414,-0.9251675674594857
TEST_07247,1.4635629078692285,-0.09952261960068612,-0.24193439281222376
TEST_07248,1.795106685820439,0.6554181341661619,0.11742446308708909
TEST_07249,3.5500040158821773,0.5434952657769596,0.1323993347927432
TEST_07250,1.821027896655779,0.43469144908105944,-0.14458115151706932
TEST_07251,1.544273156000644,-0.05524719589540874,0.26839974493730806
TEST_07252,2.476217454058528,-1.3306979820108809,-0.7318992579352395
TEST_07253,1.078682247352177,0.09513538651462752,0.1348823223592084
TEST_07254,3.7055420524192577,1.2303571748104143,-0.38623917266464636
TEST_07255,2.203346592281783,-0.9001879718464965,-0.059657512761792444
TEST_07256,3.236324309863468,0.6766158206292697,-0.5184341983797273
TEST_07257,3.8480812776921,0.8262305076594065,2.0233508562461244
TEST_07258,4.097238280129244,0.5899760374921353,-0.3591927262346338
TEST_07259,1.1745774381599265,-0.19338434122358428,-0.46142441973677595
TEST_07260,3.045132421058255,0.6009351637296418,0.5089229249043895
TEST_07261,2.8358791413923505,0.01790740656571569,0.2891204606352019
TEST_07262,1.8284960730430322,-0.13180947960146883,-0.32886990298464597
TEST_07263,3.0865901670028633,-1.0500110447831417,0.5614124532265182
TEST_07264,2.7154634343658177,0.045590031476189674,0.2645741194748557
TEST_07265,2.024246849314122,0.05185678074227995,-0.4468471427360192
TEST_07266,1.908646376226558,-0.05501900865444656,-0.44090390855997297
TEST_07267,2.0150896877785693,0.3584924303409154,-0.03160530636324022
TEST_07268,2.667666233507581,0.7507611612305932,0.5908000214651682
TEST_07269,4.80653407575268,0.2471648898188516,1.2277774251562545
TEST_07270,1.8020123526022849,-0.22252615330771897,-0.22303566911528036
TEST_07271,2.1287200734841134,-0.420449821936598,-0.14724826053792905
TEST_07272,1.1754458440903952,0.39654117950542916,-0.5092451936880871
TEST_07273,1.9283264057016904,-0.4845484293857013,-0.4406153312714378
TEST_07274,3.6090510692401137,0.3608347927744153,-0.49830433893505965
TEST_07275,1.955484080756493,-0.8573470128050152,0.33299092256411256
TEST_07276,1.3859388662252012,0.9110939874267949,0.45703858914673007
TEST_07277,2.1969667986841843,0.1203833950529292,0.6664558272009885
TEST_07278,2.8532001572047885,0.8680833668784281,1.1069427962657659
TEST_07279,5.280047354042718,-1.3989305562954288,-0.5283979060289903
TEST_07280,1.5298268008582296,0.3378647343605962,-0.004708611890538964
TEST_07281,4.859378311876265,-0.3621683890784742,0.5472963761653438
TEST_07282,2.1493388389675157,0.3137715538331997,-0.6624841496592194
TEST_07283,1.0472908689652256,0.7079944128659428,-0.12238275832666459
TEST_07284,2.6379243636595753,-0.36252876161883696,0.08196659624282084
TEST_07285,1.7754754303220655,0.3503343333224464,0.17158341436321498
TEST_07286,2.055504028239096,0.4547955426593239,-0.4140731178966058
TEST_07287,4.740183569762248,1.52085288668273,-0.8961055167714294
TEST_07288,5.987259856940636,-0.9618954677996249,1.682365434410986
TEST_07289,3.834012486578144,0.309140884338637,1.1595499582617748
TEST_07290,2.0303765191023273,0.1908309976896401,0.4213049017432281
TEST_07291,3.9158385757392398,0.3850848159675138,0.9561442193631988
TEST_07292,5.014564904406629,0.40792631333362295,-0.7693623680539041
TEST_07293,2.8227599542145114,0.11852141124592837,0.1669741180472796
TEST_07294,1.7801241970584387,1.150137265252386,0.34009248643212064
TEST_07295,2.7124647834716353,0.39139432951833664,-0.30882698358890925
TEST_07296,2.5489207608177864,0.5888512297037255,-0.6561637546338105
TEST_07297,3.674770183036422,-0.3380388321194961,0.3792932532895
TEST_07298,5.776875661110407,1.5313755393065664,1.7835366787184246
TEST_07299,1.3713548461106302,-0.2244039070486226,-0.17942840780338198
TEST_07300,1.9600473334663167,0.3335211057097439,0.504057219803447
TEST_07301,1.0950738426485793,-0.028514610563915417,0.3200887902101166
TEST_07302,1.5689044774151253,0.16251955293459286,-0.07481111902150679
TEST_07303,1.8538105238050997,-0.13828596756418057,0.563703026641637
TEST_07304,1.1585757805637584,-0.2275485335458828,0.2982182015068388
TEST_07305,3.2333336788319453,-1.4224590701469118,1.95847038400092
TEST_07306,2.002227042952567,0.2748739968072019,-0.17221950240736456
TEST_07307,3.053205689387126,-0.4439769095096681,-0.9367120423031419
TEST_07308,3.2136337903973597,0.3100459266348592,-0.030331971211985838
TEST_07309,4.478674059456185,-1.279165079717384,1.3006302542958212
TEST_07310,3.783635035285655,0.34511726059578857,-0.5421602322294744
TEST_07311,2.19904164857354,0.8207792058555,-0.5357568168688914
TEST_07312,2.9171036461937394,-0.7907242224241205,-0.9066102624859925
TEST_07313,2.214533046758698,-0.4247388854414089,0.22696992733910798
TEST_07314,1.5886273985108679,-0.3375232102470917,0.0899259649314196
TEST_07315,0.8892437217131944,0.13741055892989532,-0.1467838019918006
TEST_07316,2.1126696866801553,-0.6211521707149982,0.04552767842944309
TEST_07317,1.9127048159194044,-0.6757124317585568,0.4073950845234943
TEST_07318,1.9704985297556703,-0.8033371188364374,-0.3059627629408097
TEST_07319,5.705679592869036,0.5867800683998873,0.5323880118617752
TEST_07320,3.6619108806760687,-1.325305447055135,-0.6520973258839641
TEST_07321,3.10830236125359,0.22637045525160018,-0.31182894277765916
TEST_07322,3.540672422645325,-1.7997868137604482,0.6902241855793261
TEST_07323,2.5682987584084342,-0.9357882864814492,0.9541894318469067
TEST_07324,1.687803216342774,0.09748166536485475,0.1450341209078848
TEST_07325,1.3531795514539098,0.3305822347586958,0.2659203452553674
TEST_07326,3.156595029010233,0.40604723008895577,0.6068176467295937
TEST_07327,2.395643959515272,1.252274130231873,0.25863156445232094
TEST_07328,4.5096490881273645,-0.16252491654459608,-0.9262515750828186
TEST_07329,4.109081701048225,0.03226745602104433,-0.3047514068833754
TEST_07330,1.3656657750533552,0.12386327871669575,0.2986219160663541
TEST_07331,2.868417511765884,0.28957428290990056,0.2541281223808442
TEST_07332,2.660505216318541,1.6244827277995633,-0.7981463678715945
TEST_07333,1.9673471811123437,-0.2698382668077153,0.3148582970320339
TEST_07334,2.307704118232886,0.2380738856937757,0.8611582515263987
TEST_07335,3.6206938812417815,0.7968241681392416,0.39335057784255456
TEST_07336,2.126045724515197,-0.061743279037200144,-0.20469970822924619
TEST_07337,2.0737430184956542,0.24848318786465318,-0.2462526615065804
TEST_07338,1.745403511694863,1.2969305672595453,0.30537223937194996
TEST_07339,3.153746236338304,-0.8236476785318493,1.0082815823550941
TEST_07340,1.6643332145018843,0.24710919581657123,-0.16204633181785724
TEST_07341,1.122644823614181,-0.5341294311052679,0.08549928951888093
TEST_07342,2.011344232136717,-0.8421091843040224,-0.7624167890137293
TEST_07343,1.3464859526943171,0.07614071127842773,-0.35993435418263037
TEST_07344,3.294293844312626,0.1606827392414499,0.08975641183125262
TEST_07345,3.1444069323101176,0.016420728554817084,0.0186913750705129
TEST_07346,1.6932468911914613,-0.7425578889246304,0.4131544918116165
TEST_07347,3.032245989179187,0.21744606988227944,0.9141780619586101
TEST_07348,1.665182512588552,0.17986802700900295,0.12413928591014733
TEST_07349,2.4624471923706497,-1.4127035894269104,0.6106008938177894
TEST_07350,4.478179808685738,-0.2200975201384453,0.8000032472961257
TEST_07351,1.5622721942900597,0.545355458439637,0.24200496653657308
TEST_07352,1.193711420864147,-0.47700642997762005,-0.36585582688731555
TEST_07353,1.988551326171679,-0.08954705095096169,0.33455527204086655
TEST_07354,3.0076430697713312,-0.43788638122222795,0.07336594878577535
TEST_07355,1.7102491539811564,0.043956610173747745,0.13154530198253858
TEST_07356,1.918304754060752,-0.3637295707637519,0.0548445980643852
TEST_07357,2.485467607844068,-0.4977290635038104,0.3567482088347018
TEST_07358,1.8902958650980972,0.18721070855729527,0.343529162051469
TEST_07359,5.8063161272043455,-0.9460604615968162,0.7835034549418539
TEST_07360,2.719205159874611,1.2557576432607562,-0.15430439224065853
TEST_07361,2.359283009608984,1.4413174708385414,-0.7299787617153417
TEST_07362,0.854568074960022,0.5138797752560763,0.3201221864348017
TEST_07363,3.4562155677169306,0.7212930467712884,-0.09198046798033768
TEST_07364,2.3545806307535067,-0.34581479105199675,0.5035298716925891
TEST_07365,2.660659186699113,-0.8438293078166994,-0.4667061072021645
TEST_07366,4.428102514816282,-1.1643127824372552,1.1080572098218138
TEST_07367,3.2274617400649364,-1.5131484483243427,0.09645029909195896
TEST_07368,1.967283913175205,-0.34338932653552695,-0.25071476553880606
TEST_07369,1.703475390292494,-0.45966991894864184,-0.17208626541804384
TEST_07370,1.9897712920852053,0.28686594464172477,-0.05412130779936886
TEST_07371,2.3171414334350082,0.19127510602159034,0.18185027876038773
TEST_07372,3.5022189977213625,1.2865710142857363,-1.3055286280701053
TEST_07373,1.3931598394526998,-0.5819637319049755,0.3626515240973653
TEST_07374,2.751656017514185,1.490575945057233,-0.10022605548624343
TEST_07375,3.4311108977257065,0.8813431610924332,0.46476826049420533
TEST_07376,1.842250850764564,-0.05290352443931256,-0.6985274037066611
TEST_07377,1.4482921182309265,0.3720009167476691,0.8085151141644779
TEST_07378,1.2798448897354306,0.7213809553467317,-0.2120991530807722
TEST_07379,4.325673983949989,1.5222043655127693,1.3677906931062076
TEST_07380,1.8547560973115038,0.32721642844147975,-0.30524305649633804
TEST_07381,2.4087779071226523,0.27095841733029774,0.11452413721453364
TEST_07382,1.609032146256806,0.030110685332556442,0.10905607775489362
TEST_07383,2.0413904608186138,0.5456296277545823,0.090976374947795
TEST_07384,2.669215586293024,-0.3218808861321673,-0.8133761732707693
TEST_07385,3.3718021058355125,-0.29602131906209295,0.2829022680721232
TEST_07386,2.682035109486283,-0.15183118019240524,-0.9063977398891442
TEST_07387,2.2903925701261327,-0.07747859829434313,-0.6879101932691165
TEST_07388,1.8992393909831005,-0.02042400199944183,0.23056219506219963
TEST_07389,1.2914810249319042,-0.5918032864567778,-0.6722668678422205
TEST_07390,3.897021651367386,0.889775959460607,-0.7962651780529768
TEST_07391,2.184069851795244,-0.6122959067612833,-0.25146321920166603
TEST_07392,2.2345925432390965,0.32328048037734325,0.04025849637617708
TEST_07393,2.5277057668828125,0.0017482951160635676,-0.1963162619498648
TEST_07394,1.7175067554264647,-0.3580826726664421,-0.259646837834707
TEST_07395,1.5297055562837887,0.432431452800244,0.12658077552228933
TEST_07396,2.676787357921372,1.1137713908781917,0.7256426642507118
TEST_07397,3.0093866339378317,0.15706420243194102,0.5503281022273221
TEST_07398,3.5918578134385863,1.8027511582703377,0.5627347497690243
TEST_07399,5.4858965318033865,-0.7602371865349737,0.7913644695830411
TEST_07400,4.220964478810535,1.7453815292044275,0.9266777681345463
TEST_07401,1.3132950309992055,1.0034144833990948,-0.1951215728090268
TEST_07402,2.3710604525362564,1.149005354393993,-0.42664125348022375
TEST_07403,2.573285425129028,0.29049944667036565,0.9183867860259158
TEST_07404,1.1593072383292844,0.2543121281682268,-0.10453841465059059
TEST_07405,2.11805203598895,-0.08603403195263287,0.28589619330501975
TEST_07406,4.391696324282288,1.1894001246894277,1.190325259315257
TEST_07407,4.638431854725036,-0.904294984201448,0.8984989357468982
TEST_07408,5.6528072850647,0.9768388976676228,0.4092888770996869
TEST_07409,2.606437042861946,-0.1919722575254035,0.0697314008643878
TEST_07410,2.9423144326685073,-0.3044810423477429,-0.2538693218086351
TEST_07411,2.4270857700182513,-0.07169447604985162,0.5619845005024166
TEST_07412,2.8593395172422253,0.48028111822515873,-0.4188719492692273
TEST_07413,1.064135277928905,0.2205432633182422,0.18419772480234792
TEST_07414,1.2177497502010133,-0.6881458916972711,-0.253669039486681
TEST_07415,2.170505749132356,-0.701611549354323,-0.0800284554331622
TEST_07416,2.538109433537213,-1.1308750181071654,0.3324968103984692
TEST_07417,3.254345419541123,-0.3027927480897693,0.9914191431609232
TEST_07418,1.8800188713773014,1.1432445035054082,-0.9065704093071657
TEST_07419,3.4174232895963224,-1.516976708889039,0.9646224467037646
TEST_07420,2.3627544231843944,-0.8985138521048943,-0.12026204066985227
TEST_07421,3.1072926201268536,-0.05110921133169287,0.13027500411240422
TEST_07422,1.4807349081861907,-0.19968830339977986,0.10012829835938804
TEST_07423,1.378537790608769,-0.0017820820673635435,0.47323471725989263
TEST_07424,1.996855156490331,0.2831942125960099,0.877732550370565
TEST_07425,4.20050036388171,0.017090297804358917,1.509290569712593
TEST_07426,2.537767538190428,-0.2784136700306129,-0.1334667325598872
TEST_07427,2.248742963395127,-0.2505121336037967,0.0632031243059316
TEST_07428,2.9295939976162613,-0.047978815413373246,0.0347135299338393
TEST_07429,0.7925749049977661,0.2351836008293574,-0.014196517174913617
TEST_07430,2.6841972714064837,-0.5760689284051834,0.8874918000650476
TEST_07431,1.9108641283937076,-0.9584376299012481,0.021764652081109
TEST_07432,2.0102499661929185,-0.15270056421196998,-0.31859807974962256
TEST_07433,3.092174691222743,-0.06392969602752116,0.5714198886668117
TEST_07434,2.0346657292032417,-0.6470012746731604,0.29927670534910883
TEST_07435,2.025424508917668,0.1304259076276798,0.11382442481057226
TEST_07436,1.2592981654667916,0.25749928566633434,0.12643910618131593
TEST_07437,2.646093204986901,0.5709030519180768,0.16382199539068568
TEST_07438,3.4907684720495324,-1.7708335566923645,0.22970120741317826
TEST_07439,3.7906369095568855,-0.2914791026409749,-0.7412939237299475
TEST_07440,2.4303846342993745,-1.5542845320641232,-0.43067438521953383
TEST_07441,4.539943226170809,0.7977913639507179,-0.9857872074799718
TEST_07442,1.9470606328728042,-1.4738310469173646,0.6394868551988507
TEST_07443,3.460434880887263,1.517436233628386,-0.4244719459307671
TEST_07444,1.7952194329991105,-0.14312542368671244,0.5415871864071946
TEST_07445,1.3198634016018818,0.517767628807302,0.3268375752868201
TEST_07446,4.121142270269243,0.7739935600153486,0.8456399720348774
TEST_07447,4.393878087686055,-0.7468130106833114,-0.006771259201453808
TEST_07448,4.710323118096733,1.3395245178195674,1.0267047478762281
TEST_07449,4.112689621679531,0.25703035372379074,0.862827355280135
TEST_07450,1.6898258538969373,0.026957235512103266,-0.3271200711004555
TEST_07451,4.31632301486936,-0.35190735940877155,-0.9119382330661042
TEST_07452,4.397695709770887,1.180701827249416,1.3757361841464324
TEST_07453,3.0950602914580814,-0.4155294363532531,0.15948518776739823
TEST_07454,2.181244545257346,0.7746999399308206,0.18684581632272573
TEST_07455,3.0258742227615207,0.9312193016173717,-0.0327593019739372
TEST_07456,2.823652703776434,1.0295509222017123,1.5966258696002427
TEST_07457,1.4578145929530661,-0.4557161162284765,-0.05139820349097688
TEST_07458,2.9816463047920516,-0.2506946068341724,-0.9493802446808928
TEST_07459,2.9116049932705246,0.40266270182424035,0.048990034607253735
TEST_07460,1.5920653256957769,-0.3131461849265032,0.2818388836818969
TEST_07461,2.767861639214924,-0.47048095051985095,-0.8802134635334273
TEST_07462,1.8604610948261695,-0.4948322672235707,-0.32103136785974096
TEST_07463,2.373095262021989,-0.5849229698313827,-0.08570789882405967
TEST_07464,2.006673494483661,0.1110821956684723,-0.001147164624012821
TEST_07465,1.310380422350994,0.3156615922376845,-0.373004796607102
TEST_07466,1.9573187434122559,-0.1011389898911535,0.37992561217156406
TEST_07467,3.408018375657805,0.5007983449467021,0.5178857640950543
TEST_07468,2.1169986924563124,0.09991870254030591,0.5424558826553707
TEST_07469,4.393823170963438,-0.15156539517788653,0.9944187903774961
TEST_07470,1.5017169949637719,-0.04112650396930016,0.4211648208232278
TEST_07471,1.6538867389421303,-0.7068673123572046,0.012542978280254781
TEST_07472,2.744491576250938,-1.0203517010937022,-0.1806262985172504
TEST_07473,4.226282432350878,0.2685863520369655,-0.3898484723026312
TEST_07474,2.4806638977528412,0.28414570359367275,0.08429029185649078
TEST_07475,1.5113177615007776,0.43982631429643043,-0.024359813653854846
TEST_07476,2.513929072207997,0.7510533117294105,0.6927920065780918
TEST_07477,3.0422142652811575,0.33214488455794566,-0.09426629748340089
TEST_07478,2.2391693199859115,-1.1797987975936886,-0.2110814905538683
TEST_07479,5.607675649198705,-0.2799363224592071,-0.2940136310971302
TEST_07480,4.264550956456152,1.9188838388291274,-0.8939333542446978
TEST_07481,4.255995362325587,-1.2075807576336888,0.4105268767754544
TEST_07482,1.0149616941116986,0.02784574450363339,0.5199835587641363
TEST_07483,3.8698341547184945,-0.3689539639278544,1.1337478055699914
TEST_07484,3.024856599910114,0.049088077390532434,1.3739135692549718
TEST_07485,1.42040516938272,0.14581248143758135,-0.406713993829143
TEST_07486,3.4166151725393745,-0.461766284496096,0.6594545067915799
TEST_07487,4.394539993360815,0.8408631219124738,0.5377905695172144
TEST_07488,4.259093706713068,-2.1195657140089232,-0.16862498301310683
TEST_07489,3.6410346267629614,0.49234850008281394,0.8984859507189409
TEST_07490,1.3332797585179297,-0.5420647679833905,-0.27395060929236653
TEST_07491,2.752494455082942,-0.6194637658442643,-0.9899265229066898
TEST_07492,4.619891328689526,0.18287580603344394,-0.564486187783729
TEST_07493,2.1235274967142415,0.12428053986944533,-0.15745651157081633
TEST_07494,1.6141040886390743,0.5196467202266576,0.3893324107122784
TEST_07495,2.0105849150506168,-1.1355796345124638,-0.1307920835502856
TEST_07496,2.160244609424699,-0.41176107084785507,1.0155538594368358
TEST_07497,3.9676004367422797,-0.4854087426182334,-0.3880031120061017
TEST_07498,3.889494226168165,-1.3534961272289687,0.02098563264843375
TEST_07499,2.2624705989666314,-0.019479600079522756,-0.13496386889257303
TEST_07500,1.395340622336357,-0.43525105552709575,0.05528693111195132
TEST_07501,3.5994205912165667,-0.58564904123891,-0.8130947321496532
TEST_07502,1.2045763205102173,-0.3982474039015386,-0.3600917956221483
TEST_07503,1.567760814387912,0.3533488934451853,-0.5040589061986303
TEST_07504,4.344055476602458,-0.07150518762226164,1.2262494855832604
TEST_07505,5.121897779309679,-0.47292631771828764,-0.18554037693041947
TEST_07506,2.092587892985407,-0.36727014553744347,-0.9647447102327392
TEST_07507,3.7502760691582324,0.015700530617282032,-0.2179832759867242
TEST_07508,2.2363541894518946,-0.30849415968465366,0.3241015600166096
TEST_07509,4.026132136086892,-1.5809964338785218,1.082234671256347
TEST_07510,2.463033185946058,-0.47003847577582725,-0.7668884002281016
TEST_07511,2.7625199239524623,-0.5680600589547364,-0.4205648778353732
TEST_07512,3.802607353830338,0.8052057776821213,2.098381166570802
TEST_07513,2.4075120069646663,-0.8837702240145964,0.19515579155852278
TEST_07514,2.4643325617100844,0.2595780091180528,0.04638461209292264
TEST_07515,1.823037889688493,-0.07318697129753504,0.3187285256144574
TEST_07516,3.5660406568958796,-0.037247519516132976,-0.39194793633598046
TEST_07517,3.0104690100318585,-0.05157982190316376,0.7736183079665556
TEST_07518,2.6947380128853147,1.3739363005225027,-0.01339201840510644
TEST_07519,5.660014802301131,0.5378190000146372,0.06255014054857025
TEST_07520,4.159115637495589,0.20064059972927722,0.2415434468145816
TEST_07521,3.1697322310540583,2.0224178806249897,0.63587811296472
TEST_07522,3.6625359781801854,-0.028171733847530682,0.19097665218422386
TEST_07523,2.16791762127007,-1.1405271837036224,0.3619726729151832
TEST_07524,1.953340487787056,-0.46734497170590605,-0.5681352735744675
TEST_07525,2.0320156781625256,-0.02734387322620174,-0.6501846195989492
TEST_07526,2.6509409640246058,-0.7168704435268418,-0.455064854322131
TEST_07527,4.085803406056299,0.5021495167796314,0.16655746873489846
TEST_07528,4.946604967826672,0.9950032386128989,-0.875532890707404
TEST_07529,3.1220470782787144,0.21066095208066782,-0.15720686746929927
TEST_07530,2.622056145357423,0.40430866775122853,0.22267319637229696
TEST_07531,3.511636315782699,-0.659036342537006,-0.7747568716782043
TEST_07532,3.575862573885083,-0.06097276961605887,1.594552554768125
TEST_07533,1.0978355754001479,-0.15781907163964368,0.10158784518084288
TEST_07534,2.999181485708612,0.580504653812868,0.01818180355584079
TEST_07535,1.728244542750365,-0.9140398290128158,0.04285113187812403
TEST_07536,2.3954777580856903,-1.0074256566538469,0.9341078957930645
TEST_07537,2.236142612901047,0.6590832688100667,0.05812264541467442
TEST_07538,3.984027388591878,1.281568255486177,1.4412097656151641
TEST_07539,2.451500976408555,0.23355505284626532,-0.7808640406327483
TEST_07540,2.702521572979193,-0.5478215288250526,0.24647581852048672
TEST_07541,2.7239477655300703,-0.07240832500777679,0.2957361331035962
TEST_07542,1.4946074581231472,-0.20201541463796838,0.28980431064353857
TEST_07543,1.6029035356322685,-0.845551683760283,-0.001868356093690619
TEST_07544,3.20115040246418,-0.14197687693657915,0.09579988302826627
TEST_07545,3.3004891528102314,-0.1296395317354669,1.0353782561800107
TEST_07546,2.602373750909371,0.1742402879699113,0.010526630930179647
TEST_07547,2.9301786724476484,0.48917886377211783,-0.49726151732430063
TEST_07548,3.2394657082030367,0.07913377045000483,-0.13267392459819483
TEST_07549,4.154057262540964,-1.3306885074978003,0.2853463408069306
TEST_07550,2.504840923163837,-1.3661683013607455,-0.49312408287120163
TEST_07551,1.256747522293779,-0.12408591418454461,0.010184821727857618
TEST_07552,3.3840457663217047,1.6305632967909547,-0.4597092841469805
TEST_07553,3.6199857424091704,-1.9066984079376077,-1.0594077453811706
TEST_07554,1.8642479680974424,-0.4749177578268061,0.10648262144698144
TEST_07555,1.8314462666607398,-0.8680858981177239,-0.6675117925596457
TEST_07556,1.984059565493608,-0.3560611066457055,0.21385120218616957
TEST_07557,2.6469841070025546,-0.8990560680606416,0.04790725085494882
TEST_07558,2.1880755829082537,-0.0017824822376763523,-0.2085916544130661
TEST_07559,4.897282610533188,-0.3907460445243521,-0.10805608393976851
TEST_07560,4.380447215112459,-0.937881474812759,0.7792895106513077
TEST_07561,4.695658614650306,1.4935662317433045,1.0356371347108468
TEST_07562,2.291456114095756,-1.7172063672542863,-0.7480387752868374
TEST_07563,3.8859306336717077,0.9025332250332307,-1.3503000660646038
TEST_07564,2.457174640005302,0.06197242270917923,0.9373113096854742
TEST_07565,1.242156110113726,0.19275470685543206,0.01468343341261427
TEST_07566,4.841118766567438,0.5840094122646667,1.2102476284038421
TEST_07567,3.1506346114837145,-0.24227336598980134,-0.6303264943100326
TEST_07568,1.4405823594994835,-0.8015193496333988,0.3416446493257356
TEST_07569,3.8980638827109937,0.06919509815192738,-0.6900844407581292
TEST_07570,2.437133792019105,-0.7291221687505712,-1.0251796499051153
TEST_07571,3.2759090868444978,-0.2879514630599293,0.4077725792406202
TEST_07572,3.514687330578004,-0.8643025386677273,-0.6479800195879073
TEST_07573,2.276940384978267,0.08285851681857492,-0.16169610242227977
TEST_07574,2.1701439271725573,1.0719239162233483,-0.32130107204638514
TEST_07575,3.917548734556192,0.7646456416108923,-0.23018902487511564
TEST_07576,1.619747643036327,0.6798232515176367,0.4110372941925419
TEST_07577,3.7510598762186547,-0.7684694151296527,0.589491446789885
TEST_07578,1.4075026175591039,1.4036586890303913,0.5336902773029791
TEST_07579,3.8105245869312547,-0.09207997558968513,-0.7526499683654925
TEST_07580,3.2771417203993383,-0.4348294305673547,0.8522013776852289
TEST_07581,0.937952121449248,-0.2966673301339987,-0.060241338453352736
TEST_07582,1.3434511541734426,0.5921671030156389,-0.16872363205743626
TEST_07583,4.391923611973072,0.6251124316723408,0.9096763116687162
TEST_07584,0.9236983347784248,0.3678395923101138,0.015083631446570055
TEST_07585,2.927607940469303,1.221392723387035,0.8921269362171197
TEST_07586,2.317639970169445,0.1850095913706114,-0.46035787655822996
TEST_07587,1.4641099887631779,0.06174907112063095,0.07441775554424114
TEST_07588,3.0123454764460122,0.18362052359663877,-0.4010142169663776
TEST_07589,3.7227386769926687,-0.8603039342676169,1.0251375109542193
TEST_07590,3.006436182420434,0.9054358145320615,0.4867110032817223
TEST_07591,1.5416044537697597,-0.9665115098052162,-0.17463831536780217
TEST_07592,2.9952248812032503,1.4427176838036813,1.367709371549994
TEST_07593,3.346563720889585,-0.543075064263011,0.872826566603144
TEST_07594,2.2393829912310066,0.3495395677265754,-0.023965913830698782
TEST_07595,2.318282167320883,0.5499347985102142,0.6444103766930229
TEST_07596,3.612754384493442,-1.3479348714986845,-0.4690424041512501
TEST_07597,2.9786750092859013,-0.23381415209887704,0.5734836282852722
TEST_07598,2.8997200722478325,-1.1649263278787492,-0.481824796732615
TEST_07599,4.8165898881043026,0.6911358210198728,0.21802477938238743
TEST_07600,1.9667979134302753,0.2479264590548328,0.08419155297603426
TEST_07601,2.83221187012836,-0.5468255715572867,0.8793095160255029
TEST_07602,3.3274884089638417,-0.15046650124762895,0.4363722050374443
TEST_07603,2.809693428441763,-0.6023794612373231,-1.324834984439596
TEST_07604,1.4107413771421033,0.1585469617786373,-0.1796496763990572
TEST_07605,2.392727631054373,0.49059017077323563,-0.7258348094720628
TEST_07606,2.1359339943237226,0.13263462088500286,-0.319409612148362
TEST_07607,4.703527732778174,0.8646841383312366,1.197295367835197
TEST_07608,1.3878727057200209,0.7166382498749416,0.3379675708861327
TEST_07609,2.1497625354834136,0.7077116611076745,0.13447117909462877
TEST_07610,3.2037280669399566,-0.47631622690447345,0.6110236873985196
TEST_07611,1.340253044972205,0.1025654999997535,0.21807908646976662
TEST_07612,3.208278522262223,0.958169436728511,-1.1992925224725957
TEST_07613,1.4035759943176065,-0.392429432276283,-0.04313967898543454
TEST_07614,3.6389622291676025,0.8962115072753644,0.31348156175286324
TEST_07615,1.4984570352004107,0.15274077245432383,-0.016131910472595812
TEST_07616,1.7155255325238241,-0.5425961731916483,-0.6538064345880049
TEST_07617,3.0363819314963214,-0.5872274559370956,0.7984760694906904
TEST_07618,1.8630820673273294,-0.9442250174076129,-0.5411429833513284
TEST_07619,3.3987739354999733,-0.05087001311650063,-0.04416206595038703
TEST_07620,1.559100145981743,-0.11122646163654729,0.3841547372589849
TEST_07621,2.4215919884191623,0.05661266171611536,0.1598121495115822
TEST_07622,2.079332195808933,-0.774731705373406,0.742479859143585
TEST_07623,2.371364623759495,0.2649841120327475,-0.5660890605888254
TEST_07624,3.2179976856094283,-0.06587240032474,0.04288587899395135
TEST_07625,1.5909174443444343,0.8601961689075563,-0.2471102681897558
TEST_07626,3.5791330167858244,-0.6517957084202719,-1.1473205787289087
TEST_07627,2.1336318391786,-0.42387107011162717,0.290685738551151
TEST_07628,2.605368756159962,-0.3911260081345664,0.053766830033079
TEST_07629,4.526992236783852,-1.8667163826477287,1.7569565186132767
TEST_07630,4.370724878539315,0.4444740771776351,1.6567846412968432
TEST_07631,1.619636901880616,-0.12097884170303758,-0.0199482494694605
TEST_07632,1.9679374719930334,-0.9118697777582494,-0.12776843246300346
TEST_07633,3.424906786948972,1.4823735951025308,0.08157585812578949
TEST_07634,3.1306502553900617,0.5153853372629166,-0.13894852881502034
TEST_07635,1.301598493128087,-0.011201946217637945,0.42269080702947015
TEST_07636,4.699361527316758,-1.716309064176925,-0.4007875061372353
TEST_07637,1.63865941457242,0.4577433225829074,0.11393293183463818
TEST_07638,1.5404708338349784,-0.4095233082551425,0.565736467926416
TEST_07639,5.131949262427566,-0.9954189044467302,-0.30090587163219823
TEST_07640,1.3370432849351035,0.6591185504605798,-0.19046048262878887
TEST_07641,4.9439303392586655,2.056059533756967,0.7387031853703575
TEST_07642,2.5271108778141196,0.29570185191677756,-0.4432770393617644
TEST_07643,4.08331973540436,-0.9925460018136522,-1.2912583155809485
TEST_07644,2.0402765779406193,0.19011708248807713,0.06082895472725946
TEST_07645,0.828485836821675,-0.2523671813227792,-0.12761588631909704
TEST_07646,4.685233503737782,1.1442805640048608,-0.5668208431722795
TEST_07647,4.693008445612229,1.337078491771249,0.75448630215872
TEST_07648,1.9190095169672645,-0.8462489624139541,0.12120219468118991
TEST_07649,4.531505907516874,-0.45338369561893305,-0.5881026150886003
TEST_07650,0.8303520826321242,-0.14736350992590067,-0.0437308851080296
TEST_07651,1.751665043800777,0.37151535877247227,-0.2857640808524565
TEST_07652,3.39021798862183,1.1377500052111242,0.6241759568774891
TEST_07653,1.7059766733192685,-0.39205375167142437,-0.0417246172238046
TEST_07654,2.9685599971823216,0.17729967881385827,-0.65224293480747
TEST_07655,3.270537666089148,-0.17130160364397648,-0.44565515546596557
TEST_07656,1.412011079592948,0.22331786392946795,0.41315587931392456
TEST_07657,2.4684323649034527,0.7315278894025722,0.319151407556366
TEST_07658,3.7093014985740407,-0.456757797341252,-0.29809825141343865
TEST_07659,3.2066582143732547,-1.4832039227441915,-1.2643509654603144
TEST_07660,1.5866334611570034,-0.44934566622965566,0.258875901845802
TEST_07661,2.964108910710895,0.2923211473530382,0.9107184095449674
TEST_07662,1.9369402914084792,-0.37095491110823964,0.6528173371549552
TEST_07663,1.2774768009463258,-0.21032917922718847,0.014246396743060642
TEST_07664,2.724742241954721,0.2705427456500355,0.6395540880712693
TEST_07665,5.440780023145916,-0.4142919143185893,-0.6016458121942946
TEST_07666,2.7329786801460143,-0.10145412059076521,-0.8382070935756801
TEST_07667,2.2557610916172384,-0.220602378938095,0.7957969323503025
TEST_07668,1.6109762877033214,-0.5284480869700056,0.256489302058953
TEST_07669,2.280944333136436,-0.3705548460951134,1.3495007062991662
TEST_07670,4.518291460821382,0.6707085090757267,0.7937465941356815
TEST_07671,3.036760873390189,0.4250827521901487,-0.142609172397118
TEST_07672,1.8792096251104986,-0.9425426275931179,0.15045872392044604
TEST_07673,3.961957039661267,0.22958018109068604,0.8843616108003711
TEST_07674,2.776958621513109,0.32965278032502754,0.006806247393996089
TEST_07675,2.3666485335798364,-1.0807894706470644,1.1022837979497144
TEST_07676,3.9121214696153057,1.1231568497581865,0.608301218127445
TEST_07677,2.448523152085089,-0.3168426816141511,0.3021809748256209
TEST_07678,1.7489475876510916,-0.9210305149568632,-0.9224368763228218
TEST_07679,3.2469183050301735,-1.0772568070294402,-1.0541621208071599
TEST_07680,1.9362710772574756,1.7146548273866917,-0.8031123783763462
TEST_07681,2.785338639123207,1.365211547574102,-0.232592025303808
TEST_07682,3.0996545155793456,0.8882349585681382,1.2813122759933375
TEST_07683,2.2714026108627468,1.3141925204971179,0.3852694338500455
TEST_07684,2.7902366792971516,0.15785025050953205,-0.0028362942210022526
TEST_07685,2.7646673454897965,-0.6152998211706282,-0.7804255161064784
TEST_07686,1.4481076108875433,-0.3263013274709107,0.16326711599502833
TEST_07687,4.80059783413269,-0.6844126676686287,0.8610576110387262
TEST_07688,5.723154815610254,0.5749558579718905,-0.5516041612388133
TEST_07689,1.6954588173274556,0.367905149820255,0.004117050370961736
TEST_07690,1.8763936301242394,0.16877335307940008,-0.0957398457679701
TEST_07691,1.5262150466592599,-0.37562404128297217,0.2858235605862734
TEST_07692,2.5619751969646547,0.6721234885452145,0.39228843742669495
TEST_07693,2.02343239978985,0.16855291737783457,0.20554473859591343
TEST_07694,2.7843061875257225,0.7393464145104273,0.8221688519409558
TEST_07695,3.421172891633266,0.5003809679887986,-0.19658880052043387
TEST_07696,1.610858909002548,-0.06855061862947462,-0.6082360694940809
TEST_07697,3.603300620746606,-1.1361315188751093,1.9199702052128458
TEST_07698,5.685180651378528,1.2204386333567596,-0.058456580111772884
TEST_07699,4.435119878904309,-1.7271974206264273,0.1277639551202451
TEST_07700,0.9623908906255152,0.3470476340678244,0.11693718262011575
TEST_07701,3.4798767508353134,-0.09659203198649903,0.3668073985549299
TEST_07702,2.1394714528761765,-0.44394822249751253,0.9324055159724391
TEST_07703,3.4906926627159303,-0.17813164716077876,0.24954942054893187
TEST_07704,3.5605955908029085,-0.17044499812801456,0.42041971215721535
TEST_07705,1.1901006828077612,-0.11166067054533627,-0.1598509826578957
TEST_07706,3.056619414728228,-0.3478050095376683,-0.8906299518440874
TEST_07707,2.117005223188172,-0.0319940908339559,-0.5262267312304358
TEST_07708,3.228499668428459,-0.4418975936140859,-0.1392398285165162
TEST_07709,1.3030640587094962,-0.35101429753676405,-0.4388086952315491
TEST_07710,1.2704610761163757,-0.3028141112691307,-0.11609521458110472
TEST_07711,2.0830593528277475,-0.6366889001868561,-0.37055770968823837
TEST_07712,2.6711952737077396,1.5177394161201083,0.6806413944230385
TEST_07713,3.2304996157179615,0.13359731000781228,0.28905351747798746
TEST_07714,3.2668092676935028,-0.21027169260829692,-0.3326871812548436
TEST_07715,1.1083913798820861,-0.24665617180643848,-0.11418842958863391
TEST_07716,3.6443774291652353,0.16055910660834222,-0.5838353424139846
TEST_07717,3.5839034711275115,0.8899715147772115,0.6441731914960607
TEST_07718,1.4077873371695768,0.9334278605497698,0.5992645157076328
TEST_07719,5.21635514811418,0.5813183022581158,0.8512776764108829
TEST_07720,3.4032659051642398,-0.31390039177614903,0.744144555922945
TEST_07721,1.8172826866555738,0.41156593474394065,-0.3603710647478346
TEST_07722,3.6961381178377466,-0.08571689009257248,0.9702792517739522
TEST_07723,3.289397744436621,-0.217639874949972,-0.0018548426150678905
TEST_07724,2.2420756911588198,-0.4444715347766687,0.6902597055947648
TEST_07725,0.9925927887716358,0.27065163910960494,-0.04794872655952467
TEST_07726,2.5960794495951167,-0.05653227124530044,-0.2755813399423138
TEST_07727,1.3570606495431903,0.8275328989336158,0.40458577943195495
TEST_07728,1.0979824602118695,-0.4981692198579963,-0.20281768744214193
TEST_07729,2.436979421026657,-0.26718521746599805,0.3116518359803243
TEST_07730,2.607366086168238,0.6667394595424156,0.7473072150468916
TEST_07731,2.8839201752217183,0.38481816528011664,0.7464310624035703
TEST_07732,0.8779546525446612,0.019459787848920218,0.0029075873275834006
TEST_07733,1.964628504571624,-0.2098546833245677,0.11452579623817119
TEST_07734,1.4466269741967672,0.6449223108945921,0.6351390839044362
TEST_07735,2.7936773599922273,0.670055419711868,-0.5725244295227835
TEST_07736,3.182425271305952,-1.1243490398411236,0.9103703840189183
TEST_07737,1.554355547660506,0.7660325253844814,0.7418801064908863
TEST_07738,2.457932224592069,-1.2250881190882772,-0.7859993771076942
TEST_07739,2.959731312019561,-0.12372587967183482,-0.7314535481252301
TEST_07740,3.0555306245719547,0.28122241069481474,0.15203227568317623
TEST_07741,1.9765638963324832,-0.32193916565779823,-0.04034482667609133
TEST_07742,1.421737924780554,-0.6503686570904953,-0.5638132352719646
TEST_07743,3.826551455656554,0.5983377230568525,1.0329880328434815
TEST_07744,4.053737387622746,-0.6552847743507259,0.5651318150484355
TEST_07745,2.0691570428862276,1.4176891348935632,1.1319192575096828
TEST_07746,3.262729115592692,-0.5111983046610206,-0.6308729906344652
TEST_07747,3.4734441796573825,0.25019496190983875,-0.8115378860941105
TEST_07748,1.754966433738987,-0.38385444450274364,0.05477338152813736
TEST_07749,2.9525860067768828,1.1149958120201475,-0.8461127631514114
TEST_07750,1.1385485567872216,-0.20670359113109305,0.2262304701438609
TEST_07751,2.7802316859581495,-0.5346871886458654,-0.7244900325433281
TEST_07752,3.2909441510155886,0.4632237410469266,-0.41188252059213587
TEST_07753,3.4270087621953707,0.916448664941294,-0.9556230751624057
TEST_07754,1.4507452459994035,-0.12788590805544248,0.09325373719433631
TEST_07755,0.9611518167629798,0.12369489174692007,0.2648150131783823
TEST_07756,4.380923123251255,-0.29757723659174623,1.1014233548766463
TEST_07757,2.511089318095467,0.8838394362610367,-0.3085955951926843
TEST_07758,2.0221220443190036,-0.24961843298540876,0.4990890188696417
TEST_07759,4.2825556023922795,1.8465753133357954,1.2542724432365049
TEST_07760,4.627644092529466,-0.9322697838737597,0.4197921034566775
TEST_07761,2.76776756406952,2.1683677901225,-0.11204945474895345
TEST_07762,3.5361756247414107,-0.051933249875034115,-0.1552914140152278
TEST_07763,3.5691483704622162,1.2953509397708107,-1.0457930016564343
TEST_07764,1.5445205702696476,-0.07294770564067755,0.03832766529546758
TEST_07765,1.3790385377785548,0.6524478931366082,-0.16250492649548928
TEST_07766,4.3335378720618625,0.9265065084283106,0.30209352923772526
TEST_07767,2.336560024481055,1.5081294783215822,-0.752670315346562
TEST_07768,4.845103846996728,-1.695678103477145,-0.5711584508916688
TEST_07769,2.991319663145952,0.3364818735957773,0.3128272130758712
TEST_07770,2.455766931613209,0.10194359121701067,-0.1464227852498817
TEST_07771,2.9473649105184516,0.2654272750066564,-0.4363719312524636
TEST_07772,1.5558252395351315,-1.0166312648649265,0.5772745317322375
TEST_07773,2.8281305196522593,0.5646464850302233,0.061748901913387964
TEST_07774,1.0766833581269846,0.3580088680545593,0.26324642183768215
TEST_07775,3.058859648588632,0.7093027154604957,0.0046019174855124485
TEST_07776,3.0221840314794157,0.6899792783018088,1.3619000495628206
TEST_07777,1.688866379026593,0.8551649198802276,-0.3106270438847035
TEST_07778,3.459326768289396,-0.7983807385327187,0.7071593691816798
TEST_07779,3.514363292758399,-0.75083382876456,0.7067151078365658
TEST_07780,3.163605229862867,-0.6799185472533306,-0.6333939807304695
TEST_07781,3.6879882717607146,-0.1206239932361225,-0.33680103763112323
TEST_07782,1.4779183262491085,0.1800746576149081,-0.06531248284843127
TEST_07783,3.1680184690694078,-0.12591906316926604,0.12465407265231561
TEST_07784,4.13110515990242,-0.20619163262994922,-0.5734926773412476
TEST_07785,5.479770810585766,-1.6626555402313776,1.4763965473689027
TEST_07786,1.6845529678813913,-0.374420103715814,0.12565950738366521
TEST_07787,1.532677905222711,0.0027708967238423213,-0.20615816167921108
TEST_07788,1.5380127777379786,-0.6196858539728817,-0.13019110752287694
TEST_07789,1.9465218990658641,0.2407502701925612,-0.4081832379414639
TEST_07790,2.798166765015558,1.5753431252476948,0.033523153857135585
TEST_07791,2.00176224702624,0.5389077236595199,0.18332096733706787
TEST_07792,3.0722579560495102,-0.749328919181224,0.6533210151859622
TEST_07793,2.5015726499119637,0.024481088342802975,-0.27600062306614326
TEST_07794,1.9548173427673796,-0.16275119888437392,0.04862092234739735
TEST_07795,1.0004001355985606,0.47223972117608704,-0.3838597078199025
TEST_07796,1.5583205000383853,-0.18425722129982208,0.4221071353230767
TEST_07797,3.1748180530081753,0.4418617485234579,0.6850702227721888
TEST_07798,3.0440507559137435,0.41078916336388116,-0.1789639282311416
TEST_07799,3.36949345061525,1.1243903895251601,-1.4280500852942613
TEST_07800,4.92536201885044,-0.5045563859437701,-1.2404103499498653
TEST_07801,1.352472204018224,-0.0408966826757726,-0.0625935680602216
TEST_07802,0.9307779449575129,0.316365374325725,0.10821211190447959
TEST_07803,2.2958031118667677,-0.24128248968671412,-0.7617801649229963
TEST_07804,2.934404059226769,0.1860921150134982,-0.6039813348695684
TEST_07805,2.327680321198372,-0.005679579675641878,0.010384080967659965
TEST_07806,1.1671559686411188,-0.2231001036020341,0.2477254843168264
TEST_07807,4.23452352511163,0.4790258429680398,-0.8651278731704088
TEST_07808,0.7891289493609878,0.2164150015345586,-0.0015220350284797179
TEST_07809,1.6346600120220205,0.33305548844327715,0.10493422193764883
TEST_07810,3.039148583883014,0.0406670328142029,0.14204474335930328
TEST_07811,1.7904320779148362,-0.1407042695850225,-0.2355873576260105
TEST_07812,4.574613497521534,0.9972235878085602,-0.34834906361342655
TEST_07813,2.2391708262080856,0.06434980712368736,-0.051142148664633263
TEST_07814,2.6544137277518733,0.6518498943001156,-0.08404624873857
TEST_07815,1.2683436597473998,0.5041864669462411,-0.0943040174751776
TEST_07816,1.5967757459582064,0.937902433181558,0.0787478793928795
TEST_07817,3.2427674751403623,-0.6666528384752299,0.6400248476101013
TEST_07818,4.088911697123101,-1.1911202196350252,-0.01220528942367877
TEST_07819,1.4428311739060267,0.5303536311045092,-0.1968087746754566
TEST_07820,1.6223945108197824,-0.11803348017984769,-0.30285101675298787
TEST_07821,1.4232298228569003,-0.1101291618228686,-0.3606660463869561
TEST_07822,1.5902232333479007,-0.25497348290699784,0.00912880649663167
TEST_07823,2.349857780866122,-0.16954288993612143,0.6007823987688155
TEST_07824,1.994508400943468,0.38769624507315653,-0.4744037939419999
TEST_07825,2.675768123418566,-0.7351894553175937,0.01004143947061979
TEST_07826,3.1215821121789404,0.44128980066023066,-0.2690966707977163
TEST_07827,3.007824476975822,0.5017691162080689,0.10913682716764897
TEST_07828,2.7695649403705502,0.04934647071750237,-0.0020265883961845775
TEST_07829,1.4836755350972552,-0.11901676179125542,-0.21235519759882235
TEST_07830,2.4781469201044914,0.07878922042604473,0.8855227060093955
TEST_07831,1.5209353098415375,1.216589445548135,-0.03328668316257989
TEST_07832,1.0619841871258555,-0.24611057740552494,-0.005613672816436408
TEST_07833,3.8540542102601583,-1.0225854354080217,0.44787672337692114
TEST_07834,3.6448063432974513,0.6327298502628812,1.2941391825413915
TEST_07835,1.9431894327419457,-0.06437628213979989,0.31104296923142327
TEST_07836,3.1326933589209403,-1.4182945268114096,1.1319667350424578
TEST_07837,2.1909700526702878,0.2022264797474125,0.5979128409977812
TEST_07838,3.0401892456004576,0.7181769916945269,0.7728082438433489
TEST_07839,3.6041111146879827,-0.21630022289405246,0.6092243184608416
TEST_07840,3.57926171298605,-0.27134480675183614,1.4294517004509544
TEST_07841,4.766725122147832,2.1269119288704403,1.1948468782099415
TEST_07842,1.426136058909222,-1.4716388032831231,-0.5850143891407644
TEST_07843,1.3824078932505446,-0.1713698750774658,-0.7277139344726369
TEST_07844,1.5606965030522033,-0.7110323797882078,0.2566189472875993
TEST_07845,1.6956961535895354,-0.43363109181603676,-0.3489753297493045
TEST_07846,4.826820640169535,0.5991030485550554,0.7812814640063022
TEST_07847,3.611755721881174,0.2798960091783753,0.04743274310109135
TEST_07848,5.496971335465478,-2.2355204171971743,0.1035157728865993
TEST_07849,1.9247325948652998,0.6346106793007648,0.19017770516170857
TEST_07850,1.6848742359971216,0.3712063045857807,-0.30502151978239567
TEST_07851,1.3749151607591927,0.29904392877190555,0.18652777812179888
TEST_07852,2.0575151331347477,0.7542319562013761,-0.021110167210640796
TEST_07853,1.3656010573446773,0.1016858967852837,-0.15408247478241593
TEST_07854,2.4781736874076032,-1.2776157659775977,0.5803537486684528
TEST_07855,3.3027721204166314,-0.6940528872131663,0.8803753141616957
TEST_07856,2.793554212842657,0.021686313278968975,0.5043119053919864
TEST_07857,2.323568212669292,-0.007129249530924618,0.15316069356085363
TEST_07858,3.808703456864831,-1.5817920496290232,0.7338654815274939
TEST_07859,2.7832898269726294,1.15945063212694,-0.15208002334968443
TEST_07860,0.9022910990492069,-0.13334183749864703,0.43255890705297373
TEST_07861,1.198108098244292,0.5454838655422766,0.2916282217175101
TEST_07862,2.037969788431343,0.7038895709704034,0.5723480017726771
TEST_07863,1.3642102787305903,-0.3253586281695629,-0.07050110516258688
TEST_07864,3.223990332975462,-0.24998079242764076,-0.17169937300712607
TEST_07865,1.0972703818158054,0.5689929779915917,0.5672186850901069
TEST_07866,1.4140021574514472,0.018146515165615405,-0.007671141959035675
TEST_07867,1.108473689301982,0.10940322094951037,0.09266619914008074
TEST_07868,3.2272251822514186,-0.8291578688795862,-0.4888623722634508
TEST_07869,0.9859072762486183,0.6162245395051786,-0.11924293865385609
TEST_07870,3.1059043286604893,-1.0209035468579961,0.9113390765094859
TEST_07871,1.890451947328055,-1.1926905108506043,0.08235731305980865
TEST_07872,1.7405724391088266,-0.3487355606711054,0.5198184477868663
TEST_07873,3.753577270980392,-0.6641820571528437,-0.16751137378587636
TEST_07874,3.0991600819442393,0.34303391778940945,-0.35481358050165335
TEST_07875,1.0997642102839877,-0.18377387981022916,0.06011004527155636
TEST_07876,3.0576582540177673,-1.4123456570696957,1.178080867096085
TEST_07877,2.1879552831938356,-0.5072522351759565,0.2862674302390897
TEST_07878,1.2364998429948761,0.012016885653878578,0.35521185150937445
TEST_07879,4.491755527007792,-0.8460130215551936,1.7387831716383768
TEST_07880,4.366081082720746,1.4931888304320953,-1.0125594237900613
TEST_07881,2.7250076667273793,-2.37486672715413,0.5810224908696806
TEST_07882,3.1753564283975866,-0.3579027574731655,-0.009000339097945174
TEST_07883,2.6399502966019637,0.7518509694937449,-0.44803358692523093
TEST_07884,2.5241461768175975,0.5101212680988597,0.2882699043130474
TEST_07885,1.9787070404302407,-0.33875704107331145,-0.5234562381608455
TEST_07886,3.748349738802674,-0.43150039632137016,-0.6668162786014271
TEST_07887,3.0892854600625315,0.2341028617835107,-0.31282882352336316
TEST_07888,2.000753609244547,0.20753371004768614,0.7999298548492652
TEST_07889,2.914477720798643,-0.22557506644614536,-0.29084267674037717
TEST_07890,2.595003319054056,-0.2792540496754673,0.4715624737029308
TEST_07891,3.769455029156697,-0.47326673767152877,-0.4124773657874713
TEST_07892,3.0824102496937957,0.43317459746774833,1.2093779065170547
TEST_07893,2.972834724329502,0.08168928452113297,0.02609033701847706
TEST_07894,2.7594615284566437,1.4225488382441767,0.27283849471121097
TEST_07895,1.9008553424099106,0.6863236019766895,0.02400701591777965
TEST_07896,1.9735798029638663,0.10437698842096609,0.3991160902335836
TEST_07897,3.8608824770472174,0.381490741209748,1.4918860510297407
TEST_07898,2.879931599218196,-0.9311396234938134,-1.0072527715561572
TEST_07899,1.9040412409577976,-0.5365971077277534,0.6392850745986826
TEST_07900,2.6079323393689573,-0.21957476231989664,0.5341519615996279
TEST_07901,1.5427575998626328,-0.2787322037510534,-0.20347170153429198
TEST_07902,1.5481689425179879,0.005666180863384818,0.2871207184435528
TEST_07903,3.2825524958176007,0.5255981254462795,0.47505706685486254
TEST_07904,3.4912187451950345,-0.2364759895572424,0.922115943326071
TEST_07905,4.209153898345527,-0.9580539887108505,1.353345266338148
TEST_07906,3.0882402104250675,-0.12342935427249682,0.4812122251715334
TEST_07907,3.0005707159085455,0.8682666357892168,-0.694973281203085
TEST_07908,2.6034693100764197,-0.06990360983205106,-0.11816350150682965
TEST_07909,3.593107977280759,1.224913503022983,1.367274368531484
TEST_07910,4.275879912003655,-0.10165943016329443,1.9352376417128976
TEST_07911,2.9892020811733455,0.24268415671754145,-0.03565007075055002
TEST_07912,1.1551603733019753,0.4737925881132889,-0.3642364297885892
TEST_07913,1.5994341556342528,-0.5417360357310974,0.5712021727341147
TEST_07914,3.0081513656996703,0.375884771460036,-0.5932982370150293
TEST_07915,1.1093659871065082,0.048857848642824955,-0.30382340690638726
TEST_07916,1.6614732910612078,0.7538434802173736,0.1930087822982403
TEST_07917,3.0147484238099045,-1.6539564948296985,0.8314444758155484
TEST_07918,2.4758112399228,1.103446215584746,-0.8031407659571598
TEST_07919,3.6043333908240958,-0.249829951319906,-1.4198349673759167
TEST_07920,2.487384613691873,0.8906432279886264,0.13005190820131868
TEST_07921,3.6518806626803655,0.5564197886203756,0.002628481848489447
TEST_07922,4.082994695539617,-0.10604153606329572,-0.49213197923386626
TEST_07923,4.274034316129362,-2.0831415073281967,0.5947650109508281
TEST_07924,2.8408866175258587,0.45642141563730376,0.4780961299102049
TEST_07925,1.1857172799913027,-0.31401534540257525,0.15548764001888707
TEST_07926,4.660955216196406,-0.7383172698181503,0.4047564475351714
TEST_07927,2.1043802334389587,-0.842629485843985,-0.08329892069915197
TEST_07928,3.358604771959099,-2.147307459490934,-0.6000287880135299
TEST_07929,3.96557046570475,0.2548087909784713,-0.3048398317478267
TEST_07930,2.4862867513995046,0.2644931983499489,-0.3292535265205639
TEST_07931,2.7122046366455677,0.21386092040417104,0.15195603804938954
TEST_07932,3.4780862083761788,-0.7644962279323666,-0.7035714757105589
TEST_07933,0.8665567499497151,-0.2055548139980469,0.007409487436649816
TEST_07934,1.5645432531327468,-0.29015635644700366,0.2562910988532316
TEST_07935,2.662439944437032,-0.15273206766712852,0.08590652755754534
TEST_07936,1.708890728384426,-0.8085499493090985,0.10264952973487518
TEST_07937,2.422239420148728,1.0590994264403986,1.2617595580224497
TEST_07938,3.188598566707753,1.5099546765697058,-0.13461305459274456
TEST_07939,2.5666400716823317,0.46427282612687015,0.6168686502744708
TEST_07940,2.0925537568422397,-0.7445611284153325,-0.4055483562633064
TEST_07941,2.075066448114527,0.3273409853869076,0.13721421731575278
TEST_07942,1.4045733204543858,-0.2862296812546862,-0.450590940739263
TEST_07943,4.023331897854895,0.4700409231095619,-0.22504139197031103
TEST_07944,1.9447234234706594,0.4366100672008455,0.8807690483197023
TEST_07945,5.72758915577996,-0.2974116931782122,1.4263277665754688
TEST_07946,2.0375862955470407,0.16179081217832147,0.32386915889885226
TEST_07947,3.7147890097754797,-0.8374947576017853,0.598984494985576
TEST_07948,2.9534147397582857,-1.0545127568405444,-0.044974907368792595
TEST_07949,3.7870021187360057,0.6796237751347863,0.18377390234474456
TEST_07950,4.961341226946667,-1.579660543947379,-0.9310705905702698
TEST_07951,1.2154022658012198,-0.6303374630085116,-0.0976610684404159
TEST_07952,2.0467339374787192,0.8768413754082178,0.2522292416592807
TEST_07953,2.8914131761084687,1.5457868078941266,-0.6741076470559685
TEST_07954,3.149489537352907,0.17791954795256867,0.05274611408767571
TEST_07955,1.4065493012283972,0.2181894481237085,0.244260150676515
TEST_07956,3.1814495952441564,-2.019568710377916,0.3360510575162017
TEST_07957,1.712209853388381,0.011740611234804174,0.16032540494794545
TEST_07958,3.494327187721463,0.09437792566850514,0.020249502639600916
TEST_07959,6.082302468093137,-0.6091524515187037,1.5827092522175028
TEST_07960,4.3718083853030345,0.7263714599681342,0.9584160923882649
TEST_07961,3.096011939244525,1.7488040325153384,1.1400333949970556
TEST_07962,2.741803333893833,0.8452720432231322,-0.5600364067341173
TEST_07963,1.4157669750163209,-0.14273174502033883,-0.5629228928310257
TEST_07964,2.39155756626731,0.4931951384027031,0.6193685829185049
TEST_07965,0.758942947552248,-0.06110182048325796,-0.2858741851383967
TEST_07966,3.6605102782304413,1.0664604347463722,-0.9186605699170622
TEST_07967,0.884566772929941,-0.45736501397051865,0.3415752057064257
TEST_07968,3.958615200737447,-0.6936396823988273,0.21067479004639142
TEST_07969,2.2222493319366157,0.18547482760590742,0.12212165003396182
TEST_07970,2.208467325063258,0.00887440985756936,-0.3741139077041377
TEST_07971,4.530992376392031,0.25473548030080656,-0.4905187879241899
TEST_07972,3.1779664910011522,-1.616237382533791,-0.579448889060159
TEST_07973,2.960002257104682,-0.5151064861374404,0.21756544145746481
TEST_07974,2.3908231379635287,0.39156909525568423,-0.658529441805865
TEST_07975,3.0837893201584996,1.0695342492168858,0.8069852413829539
TEST_07976,2.6481759631773762,-1.1827516044428443,-0.016665467179409192
TEST_07977,4.087862386482109,0.423935602604132,-0.34875943226626344
TEST_07978,4.631084800259159,-0.7298900667168465,-0.6235475141853417
TEST_07979,3.0323320210925653,0.03518770032178735,0.4695340375795418
TEST_07980,2.2942415610734805,0.7411674572759803,0.4096904086877207
TEST_07981,1.4688228063340059,-0.006349800183766605,-0.5859421704173506
TEST_07982,1.947467789931658,0.5457402826036662,0.6754835953716072
TEST_07983,1.2665179418986465,-0.20088437792788758,-0.40373038474642525
TEST_07984,1.8779260773528244,-0.1798485404664955,-0.3120747687315438
TEST_07985,4.838397276604797,-0.9558893037812489,1.770606152250271
TEST_07986,1.788415851439461,0.24314190195898175,-0.6982147352245447
TEST_07987,4.438561494223429,0.9544504219633776,-0.021027010451778967
TEST_07988,2.273714424446891,0.5681996120582677,-0.3374532857521387
TEST_07989,1.2635937106323594,-0.14699947760344897,0.29860893961854973
TEST_07990,3.5107355443172135,1.7264721513230183,0.5258236403488505
TEST_07991,1.0961161049493526,0.12349751657010702,0.022666378006309197
TEST_07992,3.3923819097659385,1.463705481795899,1.3906868540801818
TEST_07993,3.2784104885561103,1.8888843266595896,0.2533058092091741
TEST_07994,3.4510481683212837,-0.13152857826968598,0.5113516202963758
TEST_07995,1.598167190935185,0.3775988838693595,-0.48078522597479684
TEST_07996,4.364503293867567,-0.1607117127130767,0.0732439956469766
TEST_07997,2.4245407466232787,0.25446975729835386,0.5536541805420764
TEST_07998,1.4622550671655083,0.7508244930412501,0.4300165935839517
TEST_07999,5.088025959761977,1.5831145793847914,2.0769079152278116
TEST_08000,4.211444138651289,1.8315486003934986,-1.4109418381847432
TEST_08001,2.11489619775053,-1.590145534402989,0.5397580877962747
TEST_08002,3.958463893073856,0.9864877970867978,0.6327944887610942
TEST_08003,3.4514643603628268,-0.6802668996865271,0.09777360990605359
TEST_08004,1.6409161301138302,0.2353201349763156,0.08490912689111955
TEST_08005,1.834728604124392,-0.6663034306603527,-0.5715285591742431
TEST_08006,4.901187822365045,0.191848237556946,-0.09958407959099017
TEST_08007,2.7950308786397087,1.4844071704969597,0.2262895375599273
TEST_08008,4.291690393436839,0.3522603040965367,0.6547064329553264
TEST_08009,3.4787837409377422,0.5726810955538523,0.46403677120752584
TEST_08010,2.104364210951113,-0.2516405811789485,-0.049782903929200636
TEST_08011,3.3477710568813976,0.0893856625481578,0.203544066271498
TEST_08012,2.514967222948325,1.532743098216684,-0.7728747464391786
TEST_08013,2.457792742755025,0.5343913527387324,-0.34752444381905667
TEST_08014,2.584168685382263,0.29538139190804946,1.4061304350602706
TEST_08015,2.680781930933838,-0.7386440092526264,0.2652013915187511
TEST_08016,1.7288116550671644,1.2550845823663983,-0.05876063115230898
TEST_08017,3.179700612063739,-0.06695156556409483,0.6498941914469624
TEST_08018,3.4314317736871662,-0.8319879002356623,0.34220364728220115
TEST_08019,4.639996503981029,0.5447162196192326,0.06650356529108993
TEST_08020,1.9273565666139765,0.042554256922567715,0.35645887551431915
TEST_08021,2.524741435798802,0.3492033272130236,-0.3706849431952321
TEST_08022,1.6868526641067856,0.13680862886459677,0.05346845337511254
TEST_08023,2.468307372512959,0.1238229903362859,-0.5530429310693219
TEST_08024,3.036116577980606,0.3660314099054528,0.7351414873674499
TEST_08025,3.6695570221040907,-0.0789731721293267,0.10425756446409329
TEST_08026,2.209805183252381,-0.17638149059631247,-0.48456798893003683
TEST_08027,3.264015870751502,-0.5205950392044363,-0.5680088054719522
TEST_08028,2.802628705848106,0.5160221732125182,0.2533591710137165
TEST_08029,2.849399365313846,-1.266433358801907,0.7082405876914138
TEST_08030,1.9619968884916106,0.04358593985870581,0.7901738495124377
TEST_08031,2.9905154362260213,0.9988072157568538,-0.6189695565340451
TEST_08032,1.8661134266457409,-0.6745250697648013,-0.4012991348061879
TEST_08033,3.0006802865177926,-1.0733711598094848,0.6465043777152887
TEST_08034,2.0443422098543738,0.3762530457557954,0.2922719885253483
TEST_08035,1.9416463310354557,-0.20562745109616146,-0.232193811975236
TEST_08036,1.442286380867438,0.46215681920522184,0.5108776866361902
TEST_08037,2.079709692900861,-0.25639092241366507,0.5537165516351703
TEST_08038,1.9748023382090605,-1.0926047806912538,0.587420925450296
TEST_08039,4.569995607776134,0.3158680592527373,1.7298396176523605
TEST_08040,2.592218039550862,-0.1114574739642596,0.271134784120782
TEST_08041,1.918525047855011,-0.7480913525535686,0.17406899194100608
TEST_08042,1.679392347700095,-0.14621496669371614,0.0043483625518218605
TEST_08043,1.767601475984189,0.9036907942696402,-0.8575341372673384
TEST_08044,2.973108718178819,-0.49257277924783366,0.9535192097051859
TEST_08045,1.021987541630754,-0.02836820546749531,0.12431489069926689
TEST_08046,1.9908157912853661,-0.016124346812609425,0.07695837067313588
TEST_08047,1.6216238822275075,-0.26936404551050136,-0.1088498595527714
TEST_08048,4.6921418865556355,-1.005311057362807,1.2310684880087783
TEST_08049,1.794283477706873,-0.10101796855916344,-0.26052610121776043
TEST_08050,2.1349742102279796,0.23167579951921458,0.004915226061414885
TEST_08051,1.4217689240616838,0.6659605688056276,-0.13096774618935997
TEST_08052,3.510817370333603,-0.1664444428468133,-0.37798180822218336
TEST_08053,2.091657388217605,0.6222503115367458,-0.32680269039231535
TEST_08054,1.258479405344763,-0.354283559440163,0.09742335062258484
TEST_08055,1.1960354944548788,-0.03578733998724556,0.0250816474556546
TEST_08056,3.135688994148531,0.3914793910851708,0.31913398397167564
TEST_08057,1.0849867262884247,0.27710080041735063,0.504067765799852
TEST_08058,1.87241961530189,-0.6659337429693798,0.6957431562380942
TEST_08059,1.822459755960161,0.29110496566735133,-0.23923008033139978
TEST_08060,1.4752751291881954,-0.1751723556291879,-0.42290198420563396
TEST_08061,3.116914985835929,0.30193217126490335,0.011097928384104939
TEST_08062,1.7998413223874763,-0.03027922066862493,-0.009313936520913658
TEST_08063,3.746636694976876,0.2168800050927503,0.2786543306541796
TEST_08064,3.213192381373817,-0.09382647808636276,0.12666724500355744
TEST_08065,4.342654510979742,-0.06293973447072697,-0.47864783756179097
TEST_08066,2.318361608374692,-0.2847758010385403,-0.7918271877599021
TEST_08067,2.7178161298800387,0.1191324105516957,-1.0200118554474649
TEST_08068,2.4957822791119653,-0.7867722404315642,-0.1209641046012774
TEST_08069,3.8984745147863706,-1.1296927132966958,-0.5831627270270198
TEST_08070,3.7736978438561524,-0.9541359485882783,0.9394685690456276
TEST_08071,1.5311163946719368,0.06576220691540874,-0.11499165783530452
TEST_08072,2.6916282718391074,0.5464337046712858,0.15258745652840996
TEST_08073,4.122473893511955,0.1954546591842865,-0.9716996700875804
TEST_08074,2.5615120560804896,-0.4033585685892431,0.3891634733876267
TEST_08075,1.1040493537346,0.12797860671378772,0.14366728591702274
TEST_08076,4.6711641158494785,-0.9076626723095572,-0.26724245500033655
TEST_08077,1.5138772675458205,-0.833185705335348,-0.5362366702724806
TEST_08078,2.7013300314745026,-1.3360587675324322,-0.10519283410068377
TEST_08079,5.742716942938388,0.792780964918801,0.12118841203607232
TEST_08080,2.2076564962267127,-1.6434918152946578,-0.33021733553241117
TEST_08081,4.819041512260712,2.2438865490918776,0.9286225364208008
TEST_08082,4.550902296722101,-1.4936387075051234,-0.6710558320677942
TEST_08083,3.1939835262391245,-0.7527921724494888,-0.8979174268062169
TEST_08084,3.404877317094082,1.2087490418390348,1.7124303953595468
TEST_08085,2.2035637392809253,0.8181475996433467,0.041054197004083554
TEST_08086,4.628949172815582,0.09526619955977532,0.7272173673906225
TEST_08087,1.1792102503533253,-0.199116114487914,0.3371180143545108
TEST_08088,3.4728150595427945,-0.9117092754036783,0.22323628363418835
TEST_08089,1.8048235481292882,0.1008415708761112,0.2015308584310405
TEST_08090,1.5209770255958677,-0.4122892091285937,-0.1666486463689946
TEST_08091,2.953777942732155,0.2556782565933578,-0.09174634668015424
TEST_08092,3.519324156787141,-1.2356267499601072,1.495512761176917
TEST_08093,2.0426448098222743,0.4299750090426736,-0.08996879266472683
TEST_08094,3.4499103783038536,-0.08280892065854252,-0.30279235371108465
TEST_08095,1.508260914882215,0.45878239971695867,-0.047632208939464224
TEST_08096,3.5231950193858528,-0.4125455772776712,0.6705085095607732
TEST_08097,3.1953897021514885,-0.17999936936615293,1.9071265364783683
TEST_08098,4.575634359773322,0.8590941454120842,-0.6883100070178381
TEST_08099,1.372888418355877,-0.26584746857308883,-0.12545464948376878
TEST_08100,2.4821041096995864,0.4834452041390925,0.21117354252866885
TEST_08101,1.7797576353987763,-0.16056524570881223,0.36863398923404656
TEST_08102,1.5230474350796435,-0.0191007496744277,-0.012251461945844333
TEST_08103,4.475161679008429,0.2439197866926557,0.6379056043366879
TEST_08104,4.2344890092155305,-0.3824695917662483,-0.234718133269654
TEST_08105,2.1426553842811464,-1.531168669942857,-0.6071894324531855
TEST_08106,3.1056796918606313,0.38006644384310134,-1.1530680366604893
TEST_08107,2.8852683446724563,-0.14690130349949068,0.19201727523913772
TEST_08108,3.3652508520950364,1.3812497354228919,-0.2392349551318676
TEST_08109,1.0653984055633843,0.17526200525176336,0.035992101615436575
TEST_08110,4.837773640017219,-1.3866372748448024,0.0027520472427487344
TEST_08111,1.85238700922225,-0.9783517411716275,-0.19672428535125952
TEST_08112,3.112808948529697,-0.2469473799086009,0.3214060272145596
TEST_08113,2.135603240309088,-0.2687504280245036,-0.6168001333943423
TEST_08114,2.019786672105882,-0.10842824177886436,-0.04753073549030224
TEST_08115,1.059047984882062,0.5686497347943668,0.5152732355312778
TEST_08116,2.308300010508378,0.9640864890723863,-0.8358579423323494
TEST_08117,1.6667798724233045,0.595560736796271,0.3250593803162062
TEST_08118,3.796881423106681,-0.9850658323044541,-0.894028175247261
TEST_08119,3.761541536109078,-1.7720414552312431,-0.910546562854847
TEST_08120,3.6243665377180805,1.8033176479684567,1.2072657476916653
TEST_08121,3.12541787886349,-1.4859752251780776,-0.8257041667841555
TEST_08122,4.1344133770295235,-0.5817116983649857,-0.31883361424310014
TEST_08123,2.2614082734463494,1.3295614196123997,-0.48311807940577595
TEST_08124,3.023981120242193,-0.13841024134785446,0.32869768158317453
TEST_08125,2.3526464534930103,0.5168965385948519,-0.40716928827284565
TEST_08126,1.031202269979562,0.0005986409124904724,0.3132143891775828
TEST_08127,2.2868773793917367,-0.013690689162163025,0.6892379947342026
TEST_08128,5.123163878488084,1.309657952796485,0.4703119525525015
TEST_08129,2.9098761701689986,-0.34088772890029406,0.4122963332997128
TEST_08130,1.5620650120744506,-0.7289935936188425,0.2688835680358015
TEST_08131,1.2925178677280615,0.24426570459655195,0.3647653398823563
TEST_08132,4.607254926724011,-0.9049281433394626,0.6625974628241318
TEST_08133,2.4750308729254793,-0.0457608739780546,0.23140051305500803
TEST_08134,3.4012076185973554,1.036385020098845,0.1503242629463529
TEST_08135,2.2141150766316127,0.1246563393054483,0.16993689693880548
TEST_08136,3.1037457868786382,-0.48722769490140927,1.3462583969569044
TEST_08137,3.5873594273496923,-1.271063119301858,0.1810889709141141
TEST_08138,1.6830728544560403,1.809485624090818,0.7970355084241408
TEST_08139,4.176944554039914,0.4219584446586069,-0.13817782876681858
TEST_08140,2.160069138083104,-0.19370185049731187,-0.0006793490899361555
TEST_08141,2.194854640967289,-0.4257600910996561,-0.2974560237577055
TEST_08142,2.16046824882573,0.5803218788756553,-0.595921054536509
TEST_08143,3.890315321872758,0.2771301361323277,-0.18375886926743087
TEST_08144,3.116949522258053,-0.3475389058482958,-0.3852938038073603
TEST_08145,2.32932119109546,0.05062403973492561,0.020872381490642057
TEST_08146,1.6472547941799438,0.6088236449516454,0.11879238752373826
TEST_08147,3.2201151082939696,0.15489029424049852,-0.4334491205675106
TEST_08148,2.4518137519427516,0.6011104805371245,0.32837598709628085
TEST_08149,1.4613066843146119,0.7915442930168142,-0.6087579662437176
TEST_08150,4.7870477776820755,-0.0223832996405932,0.7888562985216775
TEST_08151,2.8636535828780243,-0.5335784866875249,0.6415024953962405
TEST_08152,3.3192535908986427,1.1944454483151121,-0.4585658554658005
TEST_08153,3.575599535813699,-0.5755714681844284,0.060001643928033185
TEST_08154,2.686497218432486,0.01544569966852886,0.6523791453681059
TEST_08155,1.8983544979255933,0.7275324303415633,0.814836942776628
TEST_08156,3.0186188490293264,-1.1728209772433396,1.2427656677285788
TEST_08157,1.5776342849211675,-0.4479524721455208,0.24824002491159064
TEST_08158,1.3203973895929522,0.7828135019737441,0.19360276859863768
TEST_08159,4.906776314152031,0.330624741646623,-0.9694429273770573
TEST_08160,3.421529459292662,-0.4606334580140636,0.03188310482270155
TEST_08161,4.1035404246880764,1.0094740170330774,-0.008329806621394055
TEST_08162,3.0076274875263844,-0.5429997950861152,1.3974982045621676
TEST_08163,1.6200070043724262,0.007970206151713979,-0.15290013315096324
TEST_08164,2.0611704389810526,-0.42705203671692954,0.024793605322708245
TEST_08165,2.5698777002459963,1.0010434098411012,0.8257217839390577
TEST_08166,2.5326864535098514,1.0136496520813874,-0.5638931733743696
TEST_08167,2.5458037042882116,0.7240317670793529,0.0705460199787928
TEST_08168,5.7258318804316675,-0.39432449617750565,1.0972819016252287
TEST_08169,2.8085662031055043,0.39288706512558547,0.050778996356051535
TEST_08170,2.1332288989321406,-0.14168185344913217,-0.047347575892209684
TEST_08171,1.2493700214413748,-0.1726032631226167,0.14259723086208767
TEST_08172,3.7577090238232165,-0.04225433409511648,1.1325840843452504
TEST_08173,2.401160986638148,0.2245615515340171,0.29152759633440883
TEST_08174,2.500247606643597,0.2683069317961937,0.3420558137094498
TEST_08175,2.770630476512136,-0.9286172067303723,-0.6115908236994925
TEST_08176,1.1823200099201083,0.5032042454590973,-0.29070796735342935
TEST_08177,3.9770152915653547,0.3612613096279136,-0.4605320158456473
TEST_08178,1.849756541711936,0.7357304878152143,0.7362668622650569
TEST_08179,3.346345658697203,0.029028909442254048,0.25642703631189034
TEST_08180,2.434276198592877,0.7473950417727299,-0.4173443821046549
TEST_08181,1.352629637393456,-0.00011895555366793422,-0.20685897249419685
TEST_08182,2.0872369954122156,0.5059658967526801,-0.05140764485233654
TEST_08183,4.402946418600305,0.004731776448818683,0.3518208740625558
TEST_08184,3.780618967971236,-0.39682726684404396,-0.7494300373446422
TEST_08185,1.206956444208176,-0.5987463358071509,0.41665223942798624
TEST_08186,2.1929399631304975,-0.25260764743742514,-0.4223196140028777
TEST_08187,3.8252226661971425,-0.1663618551801946,0.4108646060548052
TEST_08188,2.8661936476943652,-0.6490664303650796,0.7073437227628688
TEST_08189,3.714823662252021,-0.13551129721325986,0.061906270078310774
TEST_08190,1.7833340469712544,1.069258398783648,-0.5193893099295945
TEST_08191,1.782211670694961,-0.39018605359687747,0.15948227483098928
TEST_08192,1.653251056723239,0.7323198100711755,0.45429165500461055
TEST_08193,2.745370943315222,-0.19726476407077728,0.6840002037534495
TEST_08194,2.8988983309887852,0.6067512176093639,-0.725931008791134
TEST_08195,1.2021188094036275,-0.03991645888657171,-0.00929304489671479
TEST_08196,2.9970538068098,0.7221050859331025,0.63217917143863
TEST_08197,3.5693619317405467,-1.928080170912365,-0.46027211332574214
TEST_08198,2.5984646055042284,1.2933250784108616,-0.7653628167606956
TEST_08199,4.3432556149421275,-1.3632793675361337,0.829874878851715
TEST_08200,3.714133179166585,-0.1332098170318548,0.04467412704033398
TEST_08201,2.6553057316916937,1.7308315620957726,-0.39608234060303005
TEST_08202,2.0217622368511243,0.007869996770988156,0.8986386531658019
TEST_08203,3.9738981623800513,0.6968363731108559,-0.5935980563137937
TEST_08204,3.1861059398483427,1.4152246229361556,0.6795113826739586
TEST_08205,1.1105589535000406,0.05884909972430445,0.23194656123201202
TEST_08206,2.6010019046218664,-0.60794268268245,0.4249743128022565
TEST_08207,2.560453412745287,0.9617879894726984,0.01684478982042574
TEST_08208,1.9355752960579333,1.2740766783253725,0.9771046782456234
TEST_08209,3.406459637567398,0.44205659425402816,0.6389528865288975
TEST_08210,1.907691463907285,0.39270954302571565,0.15300037466694724
TEST_08211,1.6385698037465815,0.21842658694246583,0.3113763428508889
TEST_08212,4.5775073081910955,0.30282225965031495,-0.9305775303535757
TEST_08213,1.045404189648186,-0.19343122707684904,0.146718259181837
TEST_08214,2.9909212906487355,1.2081922290098734,-0.26197345005707207
TEST_08215,1.9743709245550072,0.5922251869006021,0.1702723576770299
TEST_08216,0.8997778598082723,-0.5585600047267872,-0.2127472161140036
TEST_08217,2.118296050996989,0.23425738359946163,0.7017122885835189
TEST_08218,4.521876319393109,-0.39449871488881544,0.4643356258488266
TEST_08219,3.0255652371241624,0.48164159826393244,0.9962538136259634
TEST_08220,2.5926511934934546,-0.04526348754100013,-0.009631138038916388
TEST_08221,3.2536590910945415,-0.09483790811320823,-0.06525892131602981
TEST_08222,2.251850268940228,0.3520958750723741,0.08942707929835313
TEST_08223,4.395061403838436,-0.6491770668253618,0.6381293025618632
TEST_08224,3.1158272631786446,0.31342486925814383,0.42765872509767894
TEST_08225,4.712935519357437,-1.3556713585403397,0.9103197103027422
TEST_08226,1.492619280397939,0.06883708001964918,-0.4684997982706757
TEST_08227,2.0788104337586097,-0.3807330764842502,0.00894271860118498
TEST_08228,3.0180440768366306,0.10732900117237804,0.17773513646886382
TEST_08229,3.9153539300125995,0.1807842919379034,0.7381713929272947
TEST_08230,1.134542557892187,0.6238350664932583,-0.050914167665097446
TEST_08231,2.361264877385086,0.07631650499231978,-0.11070399423642291
TEST_08232,2.989341344912976,-0.46729331543322083,0.8415757092333551
TEST_08233,3.815820604127118,-0.9570926577319212,1.7770450542837688
TEST_08234,1.36432192281617,-0.11977686562435781,-0.2504203424881523
TEST_08235,2.0792883709549193,-0.285454864948836,0.5504581764234326
TEST_08236,3.8112218497695327,0.6544610878015148,0.8292728323636402
TEST_08237,2.660335477372352,-0.6329163143435875,0.6668075999021061
TEST_08238,1.4018604878333067,0.6453497162877084,0.6305640987572348
TEST_08239,3.366001426594882,-0.468514450609452,-1.1102890244602925
TEST_08240,4.016746450874126,2.348096303484495,-1.2763129992292153
TEST_08241,5.375964203446832,2.1847325123832473,0.7352698022582804
TEST_08242,2.820972899414888,1.147850356080226,-0.6666692240711812
TEST_08243,1.7134350401287264,-0.8412263506710201,0.3436965674295065
TEST_08244,1.934809216161067,-0.6687862491132949,0.40973847825691667
TEST_08245,1.6452132750037454,0.20003303580000992,0.3925810238727502
TEST_08246,3.0266050900772012,0.6991464573836983,0.13242250310221365
TEST_08247,1.5180740401116846,-0.5267377633587927,-0.3599454299583518
TEST_08248,4.821461916348353,1.8426613578326811,-0.470008666535822
TEST_08249,4.116698506529993,0.4196421860069337,-0.9162936235036376
TEST_08250,0.9869239925545015,0.2542552950544243,0.025362938691233537
TEST_08251,3.359288893825984,0.3377217735730851,-0.38655852435259525
TEST_08252,3.4752134178454503,1.3636981150952574,1.5513176831464195
TEST_08253,2.673033197452117,-0.18343391995246877,0.004688966270697992
TEST_08254,1.5611860533312354,-0.7041894764675183,0.7472204126462592
TEST_08255,2.730611112032884,0.09059484907824118,0.2137356522818657
TEST_08256,1.2143758673685798,-0.3137883018239539,0.02864530059502928
TEST_08257,3.1447577366616373,1.7358213362742456,-0.42637689592698497
TEST_08258,1.4436349742769343,0.6870448842407697,0.19674231514043514
TEST_08259,2.5391944764987007,-0.9934397073849405,0.5569964326473505
TEST_08260,1.2041576785683694,0.015513463073753377,0.3036086703424355
TEST_08261,1.782910633867306,-0.15439229863544499,-0.0833406343759913
TEST_08262,2.25708311356634,-0.2921312482026878,-0.13455884621231304
TEST_08263,1.003434507118851,0.33871946376232936,0.34380614914541396
TEST_08264,2.652744037087839,0.09656993511302792,0.007810299889526409
TEST_08265,5.519080453658056,1.4253865986666994,0.460560727180864
TEST_08266,1.5861370486753281,-0.1181473368556608,0.3395920861700639
TEST_08267,3.2499205961889293,-0.45108737753270844,0.14650290204039293
TEST_08268,2.347414831837586,1.0815672049608585,0.2677941085618879
TEST_08269,3.568207023457891,-0.3310743336380882,0.07739288679324521
TEST_08270,3.8607216053390716,-0.23120211930732182,1.7521240047910502
TEST_08271,2.6692986226909285,-0.955540908458901,-0.01713628607416798
TEST_08272,1.6013807831540796,-0.41450100747266144,-0.4889099886416144
TEST_08273,2.8579587842264638,-0.7113386728447993,0.6035008980898348
TEST_08274,2.228137359733359,-0.5006893932089752,0.6341787049446826
TEST_08275,0.7346115960369384,0.3777467130601695,-0.13468415417825497
TEST_08276,1.180527551828151,-0.45969426622287934,-0.2673362759752753
TEST_08277,1.2914143033910852,0.38329247356471935,0.13129576909106774
TEST_08278,2.7625646900502185,1.5555774623735676,0.39076746893999986
TEST_08279,5.117308446700944,-1.283778932279183,0.8575187633152471
TEST_08280,3.2225028852497855,1.3162033059654887,0.08652731453800129
TEST_08281,2.7198323806763818,0.28089500822774355,0.01295003478471702
TEST_08282,2.155621187200547,0.4312893039197618,1.4829262274894974
TEST_08283,3.568348070557655,-0.19386158113002583,0.9944022564527185
TEST_08284,1.9220762414005643,0.11531794221137687,-0.1680717781668157
TEST_08285,1.6680554767440432,0.29542482910201234,-0.18757732113056977
TEST_08286,4.979476624194663,-0.547789901960705,-0.1283591426052056
TEST_08287,4.797729476445359,0.9306517807458456,0.6439178232168785
TEST_08288,4.744487478853896,1.487511782648524,-0.7754857884771617
TEST_08289,3.443317339360033,0.22930594673232912,0.18151503563394647
TEST_08290,1.6640744577189854,-0.5531159628588018,-0.10312724412544005
TEST_08291,0.9777320491972171,0.19334191476739823,-0.1832853832063313
TEST_08292,2.349866797163295,1.263061396677006,-0.06832607064221712
TEST_08293,1.385926394256507,0.4099437649615821,0.02231390573817671
TEST_08294,3.4554638903066466,-1.2022337540636296,1.980078851347261
TEST_08295,1.567530224689287,0.5409096097723015,0.41051136656356035
TEST_08296,2.9258067371428087,0.7783324930490764,1.5727689978755999
TEST_08297,1.857277967635349,0.6954123473992698,-0.6070224829169101
TEST_08298,3.886627678009471,0.9598124328613721,0.27470206353602283
TEST_08299,4.053165323962724,1.225108237287923,0.9293111006132152
TEST_08300,2.652645767126227,-0.15821535370262796,-0.46214908355808687
TEST_08301,2.6348672060550147,-0.41367017114961924,-0.1178921081749818
TEST_08302,1.40021529750573,0.24703475001173542,0.2860758792113421
TEST_08303,1.4162741800745224,-0.759708217590589,-0.01962910173780076
TEST_08304,3.933534731561611,0.20376932711039314,0.46378732273004325
TEST_08305,1.5038504721348425,-0.44060604911356804,0.11624995032034878
TEST_08306,2.8700884349640745,0.09599410393398305,0.3646102902975421
TEST_08307,1.2745237834260588,-0.19617794479042444,-0.0012649077710458118
TEST_08308,3.4023035615218067,0.4774508156192182,-0.7066933867557041
TEST_08309,4.732123611578042,-1.0768620628188736,0.7788307752466459
TEST_08310,1.6574827446772473,1.078139032349726,-0.7598290015954284
TEST_08311,1.9284694178450148,-0.6875128255716981,-0.10182195429366302
TEST_08312,3.4997512572637586,0.7133219136284394,1.293370462476612
TEST_08313,2.9262854688901396,-0.6705697484058911,-0.49417363669444225
TEST_08314,2.2217618734240943,0.39742920132346393,-0.04588161561408999
TEST_08315,2.1558635487576256,-1.0419139716594263,0.9092986626741953
TEST_08316,3.3083123858023633,-0.25896140698857245,-0.3104907249319797
TEST_08317,3.2821415768127062,1.8025941113259736,-0.13112690335967886
TEST_08318,3.265105928495551,-1.454470408592275,-0.6253875999010529
TEST_08319,5.538773643537002,-0.8130925454883433,0.9547956731038627
TEST_08320,1.6773152066554615,-0.41542774399663296,0.1687617908234636
TEST_08321,5.004729213239667,0.5299478398702385,0.932324997258094
TEST_08322,1.0732033986354765,0.34751911350067693,0.6536717293231907
TEST_08323,3.103646055671189,0.4285823469017257,0.5720930903854332
TEST_08324,2.678379157963743,-0.03241465031190975,-0.9210882854440168
TEST_08325,1.874309020593802,0.2689656192667168,0.1416685224393305
TEST_08326,4.0375941449496375,0.16517221630528098,0.15094622851373524
TEST_08327,3.462675595050594,-0.4437238678299308,0.9236940630047716
TEST_08328,3.6858333920599713,-1.9361222208413775,-0.1379080391537549
TEST_08329,3.4358360437863342,0.42472383256099405,0.8020139686811385
TEST_08330,2.683178345792322,0.528701749651426,-0.6479878938977954
TEST_08331,3.3876551667556414,0.37750526766155273,-1.0521268275411024
TEST_08332,2.406022979668736,1.2443690939835388,0.3668760678738835
TEST_08333,2.1651979983531717,0.3516636633928889,-0.07770631794735348
TEST_08334,2.043812617231932,-0.24809947235985913,-0.1357410982049127
TEST_08335,2.9169764407278955,-0.003325080421679009,-0.16239771658891103
TEST_08336,3.0781619666654336,0.8753793345977298,-0.013243118488170886
TEST_08337,3.657404539993469,-0.6435891417379128,0.9370749834910532
TEST_08338,4.388678205657718,0.9383487903713253,-0.7725808782382941
TEST_08339,1.9425338460694743,0.6070420760478449,0.30690507499190134
TEST_08340,1.9916837129132465,-0.8681695156915163,-0.5444764250282089
TEST_08341,2.350049197209149,-0.49595472063706103,0.2514052804418392
TEST_08342,2.2419689858636827,0.6195145833037704,0.035475017883141995
TEST_08343,0.9499451934213246,-0.1852628314878792,0.24920881997005742
TEST_08344,1.204265983999071,-0.286202486185711,-0.041523855868160466
TEST_08345,1.9144123787480847,0.08313182714916555,-0.3753332697504718
TEST_08346,3.305841702987374,0.2648606006575128,0.4599145737118039
TEST_08347,4.198169454709349,-0.4341768402593016,1.027700556778372
TEST_08348,2.1107125900518677,0.517431940244898,0.10537919597835421
TEST_08349,4.674063931417609,1.0050725357698453,-0.8509870112865779
TEST_08350,5.129564547469432,-0.7439866647147696,-0.4027856725020953
TEST_08351,2.9484031341908272,0.25944237997819125,-0.11783254348009602
TEST_08352,3.1940062864821175,0.5213312252877053,1.2556851826831699
TEST_08353,2.560601444209305,-1.1810581902691804,0.2382400337088914
TEST_08354,2.6054949713776567,0.497935594179466,0.08861284605274597
TEST_08355,2.1525740314110577,-0.20333493399828897,-0.7379423574220514
TEST_08356,1.7541873650686102,-0.27331914076195435,0.4663574968549115
TEST_08357,2.182143797908307,-0.1666552428160718,0.6299255024623611
TEST_08358,1.7275045952889683,0.3534166340622841,-0.193284847423192
TEST_08359,5.527950389132129,-1.0783862244508917,-0.32066948561885655
TEST_08360,2.781088502354499,-1.1840504215927417,0.6280606422228714
TEST_08361,1.0675008201207752,0.20334426771628253,-0.312644815286933
TEST_08362,3.5993574601918463,-0.7284097894438964,0.5389084936778039
TEST_08363,3.3347031588307647,0.8856281017985518,-0.08196008774673878
TEST_08364,2.0046314219283046,0.5250214060320504,-0.42396790771032883
TEST_08365,1.6306051238374002,-0.11362152293126282,-0.32190653237492056
TEST_08366,4.163064173718317,-0.14752952293444946,-0.7865227954639784
TEST_08367,3.75041025564045,-1.3934681913683837,1.0580328598265922
TEST_08368,1.6083204578917694,0.2931603215198021,0.2243457065371538
TEST_08369,3.5501421601235577,-0.037422691424946496,-0.007258160865984128
TEST_08370,2.0073165521321696,-0.46422109930045435,-0.41586686863179784
TEST_08371,2.6684426627856834,-0.125609469238844,0.908204828407026
TEST_08372,1.5053937841707985,0.7747033944921919,-0.6351831556762726
TEST_08373,1.9563305428952402,0.49899935777527826,0.2593264370772559
TEST_08374,2.1850868570911093,0.33434865974560835,-0.07471318698445943
TEST_08375,2.3500769186656556,0.08517750722991659,0.42824117040132204
TEST_08376,2.6631906495644753,-0.4632141649589522,0.9655407546993469
TEST_08377,2.2913342599054136,-1.104180288992777,-0.06657649832924804
TEST_08378,3.990850555872792,-0.2667126425481332,0.22625739145290402
TEST_08379,2.721125259516927,0.607174662605969,0.6339871752476967
TEST_08380,2.5130472902282226,0.8803146099603498,0.5026355563821938
TEST_08381,3.7541005525278375,-0.2608203035310459,1.2373119801123307
TEST_08382,1.4988455161642802,0.511563004605969,0.21689093747020943
TEST_08383,1.660183248076765,-0.3760267401137576,0.029241277423396033
TEST_08384,1.1066145196362343,0.45862082149818595,-0.07322548806021406
TEST_08385,3.3997613140076424,-1.8842065994909405,-0.24449648728322795
TEST_08386,2.6835986868842614,-0.5776437375264536,-1.025909809864306
TEST_08387,2.2771443683331976,-0.6854792231618572,-0.21984317235535117
TEST_08388,2.310269968316905,-0.03560926933658656,-0.0007269750771644544
TEST_08389,3.340482074877078,-1.213718810049518,-0.14507327273548112
TEST_08390,4.653201637939531,-1.4092618888001833,0.6026948527601675
TEST_08391,1.157270953349654,-0.13739011908236368,-0.07241979001215251
TEST_08392,3.539725136847242,1.1805559210326653,-0.7632975049299762
TEST_08393,2.533106408942065,-0.011735872718917132,-0.4094113728585931
TEST_08394,2.3187389538215464,-0.39931409245384114,0.050952145777737795
TEST_08395,1.5067837621845857,-0.32280572177068445,-0.07763192011979415
TEST_08396,3.0767005733019475,0.17643840121581747,0.8107775319650986
TEST_08397,2.2712898321707438,-0.048000313135604045,0.12519507469222801
TEST_08398,1.6672484905648275,-0.08466583753074375,0.3925428198377273
TEST_08399,5.0853300433704876,-1.06305897921084,0.007071171704647825
TEST_08400,3.9267845668931756,-0.3047405670190032,-1.135013521962496
TEST_08401,2.203597246326299,1.3909626362054663,-0.10929030443179207
TEST_08402,3.7358114341087623,-0.9839856840952785,1.092284979591904
TEST_08403,3.9022494746042717,-0.5376659050733248,0.17793386644480616
TEST_08404,2.863736914405296,-0.41965381199973395,0.03952156086831478
TEST_08405,1.1886239728693073,0.2438788348507539,-0.09891894065687777
TEST_08406,4.700467172311936,-0.8862978157593491,0.13581198675338732
TEST_08407,2.0171228601339393,1.1034424423795473,0.4547245561594109
TEST_08408,3.3952354384451136,1.4737784943291419,-0.6636385133617552
TEST_08409,2.8647641918458957,0.19134049206915957,0.9372336113092162
TEST_08410,3.1813544290821287,0.486512279962862,-0.6813159772551785
TEST_08411,0.9550862080776276,0.07787119998207526,-0.18218468438145985
TEST_08412,4.335031120123855,0.28944396146882223,-0.18806753170028098
TEST_08413,1.4428223223634167,0.4470488280875732,-0.17486863277935166
TEST_08414,2.9417199797125524,0.23909545999780657,0.8157914672909634
TEST_08415,2.3126360519581164,0.5780317077461041,-0.2719073398465912
TEST_08416,1.9547210969666138,-1.2625495108878433,0.13561691566570983
TEST_08417,3.2770350941787996,0.13938050533126162,-0.13932238577766087
TEST_08418,2.130046097454266,1.0581534491930351,-0.5098728807589383
TEST_08419,2.7927460953691106,-0.6225162840405614,-0.5801669216919911
TEST_08420,2.2994167079167753,-0.22352635739605842,0.8931169739048948
TEST_08421,3.126159612928582,-0.08029139770085603,0.40931875538563756
TEST_08422,2.2289395300111123,0.5835158776305582,0.3949937615175677
TEST_08423,1.375049169931615,0.10895027191108742,-0.09272202148581853
TEST_08424,3.1355551754732,0.4485368532515307,0.42068786236992645
TEST_08425,4.218788801619963,0.7024439397445902,-0.6672279142084353
TEST_08426,1.907315237694598,0.23163648972701673,-0.08878239675367026
TEST_08427,3.550793988996505,-0.3575834393692663,0.35527575216485585
TEST_08428,2.6732476332222737,-0.6758448908887518,-0.3807385917296242
TEST_08429,3.916971150262518,-1.6130664903185012,0.06526333039071024
TEST_08430,3.270109777381574,1.0040385989091412,-0.32507417971423397
TEST_08431,2.463856503259071,-0.9767688789531632,-0.015265005712536913
TEST_08432,1.4071033372102348,0.31314517139193204,-0.4152769293695706
TEST_08433,2.2404004752573106,-0.25484291694535854,-0.45112943259240973
TEST_08434,2.6487301441113877,0.2955427818806478,0.10911191391178243
TEST_08435,2.236470968639557,-0.5607548818491801,-0.9985824624525489
TEST_08436,4.460223075271326,0.7167710994729444,0.2631459753159766
TEST_08437,3.315100136914447,0.8299946521116129,1.0374576225332346
TEST_08438,1.5038112307545823,0.3154210477811658,-0.22966426144723892
TEST_08439,4.239239566990984,0.3689968952461681,0.636343687731538
TEST_08440,3.8831748669137824,-0.4009727551240198,-0.2353731563762875
TEST_08441,4.129444158540619,0.43762132252157804,0.5771862952788847
TEST_08442,4.245366391981778,-0.9338394549346264,0.6663928912216911
TEST_08443,3.5556722769677496,0.2424358936354057,-1.0612028073219981
TEST_08444,3.290774426965089,1.2557408802134342,-0.03557468304724423
TEST_08445,1.4892976984094461,0.22749362507372115,-0.1725708976130309
TEST_08446,3.418647719264159,0.18242897058799967,-0.15710873930764438
TEST_08447,3.6150898067421418,-1.0784826645975942,-0.016781154017882303
TEST_08448,4.038768850230073,1.7692331438752336,0.08818169656894843
TEST_08449,2.9180227786601893,0.059143040510393693,-0.4108404237633806
TEST_08450,1.3186135607873524,0.4373441328477156,0.12476983256377601
TEST_08451,2.8683690150553702,-0.12109226991601083,0.3434374797713323
TEST_08452,2.300976309428768,1.3205106987173356,0.6127547771252753
TEST_08453,3.160408042811349,0.2912576906108765,-0.11955763567411927
TEST_08454,1.4216046190866167,-0.0466420065279267,0.03719281467897759
TEST_08455,1.3080452944145802,0.6604362936019224,-0.2241451589753546
TEST_08456,3.2408641605887882,-1.2635608253918709,-0.036454179558820174
TEST_08457,2.620476164543043,-0.18709762559780965,1.3580976878448605
TEST_08458,5.10225364014151,-0.12805957691367026,1.0623816500092715
TEST_08459,1.74780240861836,0.1862617096983404,-0.38779261042358804
TEST_08460,2.35376628336517,0.047998244879348305,-0.44440350784506855
TEST_08461,3.1776537110832472,-0.15353868180796584,0.3770476326722922
TEST_08462,1.7178986514126617,-0.6548780541288572,0.6009308351610936
TEST_08463,1.684432274080301,0.5452500593103852,-0.11510626471891186
TEST_08464,1.1529674523490263,0.014617288682267525,-0.2374188835481458
TEST_08465,2.559321089928268,-0.06322447568074026,1.0914582347112156
TEST_08466,2.661069740494535,-0.016996772474299468,-0.03741835425422916
TEST_08467,4.277220726836759,-0.458736372492057,-0.7540089481369624
TEST_08468,2.6599908715902174,-0.14435392459110244,-0.08111095806413715
TEST_08469,3.190488488505531,-0.83272887852704,1.2022941147127812
TEST_08470,3.5366593400128035,0.6913341673840916,0.7691690526551772
TEST_08471,1.8394071838357875,-0.6725308454515544,0.41044805781956595
TEST_08472,3.218490984707859,0.8438328758070872,0.4660789539063138
TEST_08473,3.2559270991727036,0.5887873400337018,1.1910002067975922
TEST_08474,1.7015358246101338,-0.0760701758039626,0.18311934208219138
TEST_08475,1.7901923650751788,-0.32627046330320414,0.16123407045122568
TEST_08476,1.8442374844734217,-1.0125152053727795,0.018340470465571978
TEST_08477,3.6932279206494574,-1.8113629306794312,-0.04053451312082119
TEST_08478,3.6259908493711652,-1.391059050068528,0.9835458524979636
TEST_08479,4.935672251578551,-1.0106498493521145,-0.5254906773098236
TEST_08480,1.546248083467696,0.9406742233465952,0.18813890453227294
TEST_08481,2.1533799184139792,1.1625035395289431,-0.25925614971700967
TEST_08482,4.2634727518165185,-0.1762399325340864,1.5167238999188202
TEST_08483,3.6738615929781693,0.07374710755210513,0.40668935326605554
TEST_08484,1.7102052926274582,0.3268740294734471,0.2949123109177245
TEST_08485,1.6741636216581977,-0.31434792350378227,0.42118132345096454
TEST_08486,4.203519361849021,-0.6015462847674962,-0.852941304480061
TEST_08487,3.3717181922518793,1.6920947404336153,1.1543004761832507
TEST_08488,4.4930230080328,2.2814693035808684,-0.32753299018134086
TEST_08489,4.210256885605629,-0.02918277514133989,-0.4702793625776973
TEST_08490,2.8021804403669957,0.2795633006716512,0.20417786991923711
TEST_08491,1.5842871875349573,0.016824882725155157,0.4119774670490093
TEST_08492,3.6460225693675454,0.8446917563383303,0.3247595082253941
TEST_08493,2.337310776380244,-0.1820602451497705,0.036832620333637135
TEST_08494,1.8327767519155453,1.0917483533195933,-0.5639849988755347
TEST_08495,2.6496092854524234,-0.1724034937488107,0.17926085369518266
TEST_08496,3.668592621023628,0.615682561294606,0.4314978930317296
TEST_08497,2.8579981283471634,-0.1390006754116318,0.032316969026188976
TEST_08498,1.099161128815482,0.0372957935086144,0.330801287002342
TEST_08499,2.2824789270653985,0.5641167517283623,-0.07955542755884754
TEST_08500,2.986446246748106,0.3846182441620544,-0.15795015219871267
TEST_08501,1.9987320153768264,-0.023681846987914045,-0.5610608350657598
TEST_08502,1.1283833666416128,-0.33846560602579046,-0.2903419848871841
TEST_08503,4.0489886723465665,0.22848693303902157,0.8248756654819558
TEST_08504,2.6340637909664104,-0.12474833404432521,0.12050229359239588
TEST_08505,5.44649304720664,1.718810503372982,2.016109250036284
TEST_08506,2.209902220812951,0.45943713907506273,0.8598319555660556
TEST_08507,3.1582350261849967,-0.19736958444523267,-0.8608576553359812
TEST_08508,2.236333198350123,-0.6312088524703166,0.19585697195152088
TEST_08509,1.1421997069715855,0.18362961310882947,-0.3180885346318218
TEST_08510,2.1059856738058973,0.14264918034155197,0.6740631730523304
TEST_08511,1.3318247405977721,-0.6440101925184373,0.0029718229438166787
TEST_08512,3.15444076452257,0.27418252595696496,0.6330848099631166
TEST_08513,1.9690816297530567,-0.589733174093608,-0.2126658709908565
TEST_08514,2.274767030958832,-0.23746333248476184,-0.013530704200658302
TEST_08515,1.545378007722299,0.6323179653634071,0.1520105554739931
TEST_08516,4.240716141173095,1.9698587337014535,0.7551784620083793
TEST_08517,3.489034871430596,-0.60149363471112,0.09675919599157454
TEST_08518,3.7588265264541696,1.4879426565639615,0.43657520490329815
TEST_08519,4.190612732411607,1.0903190890585541,-1.1710348187734057
TEST_08520,3.321755865597377,-0.25274150116229704,-0.3080467915978335
TEST_08521,3.320488289356972,0.21170966822621756,-0.4926821226440088
TEST_08522,3.8645962507406018,0.669367310685503,1.1064177259260575
TEST_08523,4.056166690585424,-1.7694423569665418,-0.5727682672571459
TEST_08524,2.509562587217113,-0.406824681649741,-0.6770428572244989
TEST_08525,1.4420992174494855,-0.05344224436571877,0.1253582528490866
TEST_08526,3.2166683966911656,0.14487742577946117,-0.7382633001098908
TEST_08527,3.941319262896596,-1.137584701915085,-0.996104379103706
TEST_08528,2.953739275820918,2.2088284127879807,0.4337622238291954
TEST_08529,3.488286314194824,0.3219694834149538,-0.5896671521608845
TEST_08530,2.844983347051036,-0.1820097891156648,-0.13948213776031868
TEST_08531,2.286721723552839,-0.3772717450257569,0.13973154803691668
TEST_08532,4.699137247101098,0.3496069685799777,-0.17891888338546147
TEST_08533,2.448270035796568,0.0814208554163476,0.17190005706844155
TEST_08534,1.529222070151394,0.05043541543719857,0.033434982760425995
TEST_08535,1.2472397911432598,-0.537372139707745,0.31132150114403623
TEST_08536,2.0555665810321666,-0.18887864363376292,0.4190537968361173
TEST_08537,2.5769342196646767,0.6021329347184813,0.08924175280598327
TEST_08538,3.8984874409490566,0.7287754941385096,-0.9913204615037441
TEST_08539,2.7819635187134475,-1.709820397987537,0.5819437188793004
TEST_08540,1.4230243046558935,-0.2100617369243407,-0.4555949400160024
TEST_08541,2.15629147330984,0.03943150939453229,0.11148053481624594
TEST_08542,1.4530488310430012,0.47981992924403993,0.14415593749431457
TEST_08543,1.0481657332714436,0.3925325733190452,-0.25911103244687544
TEST_08544,3.359364319521971,-0.06074938178771303,-0.048505118924577796
TEST_08545,3.009316109039394,0.3465534232543006,0.35709023911352494
TEST_08546,2.9088103607128484,0.20354690330486352,0.3831707430434006
TEST_08547,2.6054847569349486,0.3201485482711203,0.07852058867254089
TEST_08548,1.9677250953088012,0.04611875605665603,-0.3433483305468983
TEST_08549,2.760043789196232,1.5586330842812888,0.8187658906582288
TEST_08550,5.249471953409191,-0.21537701002508675,0.20498473474548112
TEST_08551,1.8455030667646788,0.6136640418183505,-0.13274285067826513
TEST_08552,2.69587076427966,1.854421399528512,-0.37497122285225826
TEST_08553,3.513987345416194,1.0912673108150517,-0.23635055875412647
TEST_08554,2.767909627650114,0.09972494482003592,0.6717260900938636
TEST_08555,1.7419052692599453,-0.051945573781144665,-0.42898191010023806
TEST_08556,2.590763631111099,0.7012595174438725,0.25339676651963094
TEST_08557,2.132605818742246,0.7160618800634314,-0.3127117907964682
TEST_08558,3.0257057554155784,1.6214885160504535,-0.4157678363414983
TEST_08559,5.016366523904783,1.6413365499244752,-0.22374720742801077
TEST_08560,2.8997719599208467,-0.270343991282643,0.8854838923259412
TEST_08561,2.1459967088945495,1.35459531796268,-0.1245822569206134
TEST_08562,1.260396441240512,-1.0108215549993447,0.24202838141423877
TEST_08563,1.0285926142837614,-0.09232495372531846,0.087787830523555
TEST_08564,2.2209416986478305,-0.015911592388437933,0.41740413182705083
TEST_08565,1.7187721796446167,-0.08458204801605627,-0.15470516883840557
TEST_08566,4.1437275078905556,-0.4579086241472971,0.2547506342082539
TEST_08567,4.612993418301168,-1.066734144340094,0.5534216354870184
TEST_08568,2.123542748596834,1.2971101438308337,0.5746417905567779
TEST_08569,1.0653412635747856,-0.3033664619624815,0.12804415230751087
TEST_08570,1.9769134462966618,-0.2725155936326755,-0.04637678329875849
TEST_08571,1.561857983408487,-0.03970339663969296,-0.07315257870379602
TEST_08572,4.098655770134051,0.08882003170696874,1.0287137632373675
TEST_08573,2.431763735443093,0.27733107506144994,0.5509561555676021
TEST_08574,3.445963156576784,1.3063657964513558,1.440346253061689
TEST_08575,2.2494255366351714,1.0573221339230177,0.20838904918144735
TEST_08576,2.4089276121585677,-0.7851693469587343,-0.023688588280601226
TEST_08577,3.2603020467286585,0.9207730626916789,0.5294298651512002
TEST_08578,3.6175489901054623,0.3787895774905761,1.0601737179104873
TEST_08579,3.734521873993633,-0.36080916381196604,0.727313585671474
TEST_08580,2.312759074714566,0.9241462766697623,-0.3762162551025921
TEST_08581,3.276022845090244,-0.1505257114229895,-0.278971424620207
TEST_08582,1.831870067515156,0.10120673460157302,0.2684806973672268
TEST_08583,4.237739917162576,-0.666714050237112,1.0986502937477352
TEST_08584,3.7514576704565905,-0.5423919325289837,0.30870528417434384
TEST_08585,2.6998524954598597,1.1372120140812527,0.21107083156507175
TEST_08586,1.071899864946944,0.21376106173732648,-0.38726536261014094
TEST_08587,4.506927462477658,0.4128133681574152,-0.26928353661746424
TEST_08588,3.615023052354694,0.860943737496725,-0.30385033693957125
TEST_08589,3.698549655827719,-1.52942819428943,-1.2997818325103836
TEST_08590,2.4312055298291457,-0.6674739218897565,-0.7791694768353791
TEST_08591,2.5810400912451796,-0.7127062419441684,0.6128695122427599
TEST_08592,1.5933382478592635,1.0790620885648663,-0.729253602861349
TEST_08593,2.7838430792075775,0.9686879330273127,0.9978599283162235
TEST_08594,2.2709962775040418,0.079750060089159,0.03756201188605474
TEST_08595,1.8714033049848824,-0.7311376004182071,0.43369662076973503
TEST_08596,3.360306177930929,-0.21150331490811836,0.8249389693874652
TEST_08597,2.4350618472266827,0.03146219424017958,-0.07120412470432035
TEST_08598,1.7283236881249133,0.8748576661176024,-0.5902683525277225
TEST_08599,1.3808239873542636,-0.6049686899405861,0.21657251772945094
TEST_08600,3.1603922722947395,-1.5107165348660143,1.198279083034549
TEST_08601,1.1237008607211485,-0.12068535514380377,0.2299631429521986
TEST_08602,2.9552329725740263,1.5372762994645626,1.4075887518899632
TEST_08603,1.9922160431878355,-0.11534387482673511,-0.40415465978357057
TEST_08604,2.21862606070981,-0.2514190544359157,-0.041327278606055624
TEST_08605,1.9760696993524975,-0.9526689565806178,-0.7494606087021425
TEST_08606,1.8451652979141902,0.16169879240883187,-0.5480851660496581
TEST_08607,1.3075348097958612,-0.3169059176755992,-0.35286619634976146
TEST_08608,4.384642479423448,1.9080697369877724,-0.9785275881684439
TEST_08609,4.013580780304617,-0.45724499442365923,0.45495903132151655
TEST_08610,1.8531539027358603,0.7774982689195592,-0.31445741263032984
TEST_08611,4.114161468207494,-0.3195380705329401,0.31862434504226195
TEST_08612,3.352513574176558,0.925563046640976,0.8433946983409131
TEST_08613,2.702921140042727,-0.2793782599182824,-0.006869527505020502
TEST_08614,1.3422334687474713,0.801045377492986,-0.19740985016210477
TEST_08615,2.049083054696869,-0.7422056609236999,0.47025452102872584
TEST_08616,2.960347909529251,0.6354837794919667,0.6572355550221516
TEST_08617,2.2617759230062977,0.4840475127714141,0.5149566025637172
TEST_08618,2.8886571031904595,1.3109442428497757,0.11053191630418874
TEST_08619,1.2232531203109833,0.08878833199730225,-0.16146420666236766
TEST_08620,1.8884514199599896,0.2088340041140282,-0.23145312432122256
TEST_08621,2.8734234905540292,-0.19126970805251148,0.32236912217178176
TEST_08622,1.762166590057857,-0.0017334345112037038,0.11119208960692586
TEST_08623,2.732851192637443,0.8107968275096863,-0.8591537984437428
TEST_08624,2.915158598855958,-0.22205520873665446,0.32637995591155705
TEST_08625,4.114543787231224,1.1978940726349037,-0.570027525631525
TEST_08626,2.1127626053113486,0.2890938207432683,0.046935166153255624
TEST_08627,1.1602932433178748,0.06253549130303189,0.3258324936867896
TEST_08628,2.993246271382657,-0.3629627698969405,-0.0877790899770458
TEST_08629,4.188692288558482,1.476142518092964,1.2858956884115786
TEST_08630,1.1105252827373888,-0.21207345022375382,0.1272056413296887
TEST_08631,2.871613290026695,0.8442201941019777,0.25577427180676904
TEST_08632,2.573400563869884,0.5901978015732258,0.10178235872179073
TEST_08633,3.2783604350223694,-1.7292295464923297,-0.48958453850637196
TEST_08634,1.2520940244710712,0.25025382813458813,-0.03608040059657898
TEST_08635,1.2065372156751903,0.40385127530215664,-0.35723645011594124
TEST_08636,3.9723006476601412,-1.050703724793117,-0.01844329457235167
TEST_08637,3.404308541903901,-1.335459663874537,0.8161411915917492
TEST_08638,2.4964321561009504,0.8948883006631548,1.2186684659422748
TEST_08639,5.584304741740205,-0.3110673129529412,0.3160103341727071
TEST_08640,2.588752813775458,0.45733898416218327,-0.3046062856801802
TEST_08641,3.4325587945928433,-0.9935586176392536,-0.8851665901169987
TEST_08642,4.4764873335879996,0.5861715542444438,0.39247555731869077
TEST_08643,2.136592976412266,-0.9180710624156123,-0.8804982576751818
TEST_08644,2.073314566408855,0.7075391879788359,0.37341929308596267
TEST_08645,1.7421717513799184,-0.27288709891418006,-0.4614346477903392
TEST_08646,3.8710941496074445,1.1262964583165926,-0.7191368639328529
TEST_08647,2.294037364422601,1.3343455211560822,0.06298600999425756
TEST_08648,5.191589909908027,0.8199455841937189,0.32889967721302277
TEST_08649,1.9464052346007465,-0.050755872973119204,0.2632576477363118
TEST_08650,1.8957939478809154,0.48162017913477106,0.0625439739255972
TEST_08651,3.357880636715793,0.4335218114218738,0.33837626299075574
TEST_08652,3.850777241884818,0.07999948787145633,0.6343830289446423
TEST_08653,3.1005255303840005,0.6721315915834242,-0.5403986970276113
TEST_08654,2.9696244950962214,-1.5945251133929266,-1.1212693182475653
TEST_08655,4.285074638432817,-0.5595413426475789,-0.2302583869939967
TEST_08656,1.7607638452247776,-0.2733922744526102,0.06648255925522932
TEST_08657,3.631235271919233,2.041496445428605,0.042574449611898005
TEST_08658,2.0293439297332556,0.36864521652025595,-0.2927330347863994
TEST_08659,2.937906651659325,-1.2559456364981,0.5010104922872968
TEST_08660,1.98956672048785,-1.0375790978084651,1.0311283013141093
TEST_08661,0.7638965583192615,-0.22203267280311179,-0.25189933069523684
TEST_08662,1.6146222300955642,0.3157461958558038,0.31572835493641727
TEST_08663,3.3894029558134453,0.14996651215421047,-0.9175740191214159
TEST_08664,1.9490803176722094,0.06150400927991833,-0.39486260131013057
TEST_08665,4.323087976679701,0.5156769768075963,-0.37131227891641155
TEST_08666,1.3660012531230552,0.15086107490443343,-0.5684433379882332
TEST_08667,2.5910503656370416,-0.46164862434363285,0.2693268592201215
TEST_08668,2.7585228676177906,-0.6248511354499221,0.31660803745933147
TEST_08669,2.466257845654009,1.437905376491883,0.5956179890038205
TEST_08670,1.0686718489428724,-0.6280862385413135,-0.163556211497174
TEST_08671,3.2420518793377813,0.10559962786919139,-0.12475341168767175
TEST_08672,2.6890390944088614,-0.21310097526176264,-0.19541799772424806
TEST_08673,2.5610041759222053,-0.0851186443562777,0.4985865110993944
TEST_08674,3.438271362956564,-0.4220252944593396,0.6503986765195434
TEST_08675,1.3458264835695009,0.4844478886295764,-0.19163778834801543
TEST_08676,3.9204110178519067,1.5816815221971507,0.7065321510775094
TEST_08677,2.119568283457474,0.9226675568112932,0.20754333169730352
TEST_08678,3.2923883280968673,-1.8258474337806503,-0.9126590010985408
TEST_08679,4.334091488802226,-1.3227304993125033,2.2238887791754607
TEST_08680,4.737303641637176,2.1073000456779525,-0.9138724813208747
TEST_08681,2.3435216811050763,0.7945230823794671,-0.28786451176432776
TEST_08682,1.375236577863797,-0.5664699194803674,-0.3433746811742115
TEST_08683,3.7660211567007145,2.0662583694515964,0.8932252551217403
TEST_08684,2.6804051684707377,-0.36845801298006137,-0.19783681537856368
TEST_08685,1.4213322972065108,-0.24036509047824312,0.01738483970891542
TEST_08686,3.2702325105814936,-0.4040583320659252,-0.08768350162990629
TEST_08687,2.9992425130213545,0.38791652439353075,-0.6417205941804747
TEST_08688,0.7848128205341459,0.4180536176176894,0.21425136549378407
TEST_08689,2.7360474042743546,0.3137557111943564,-0.08744379433889757
TEST_08690,3.1572197120818797,0.07590365679532121,1.2195177106238886
TEST_08691,2.798002057565731,0.15980639177480654,-0.13790041193800445
TEST_08692,2.413455933723087,0.9428582969969607,0.10471226632436391
TEST_08693,1.312367973792176,0.22513075583186765,-0.0706054428838213
TEST_08694,3.2001070064636266,0.06309834287613925,1.411244105179552
TEST_08695,3.5789369289835182,0.5766858015209099,-1.0043153603373167
TEST_08696,3.086875603677263,-0.4903877739287977,1.5458854827780901
TEST_08697,3.8324270255587964,-0.5968877874228906,0.7536617698029472
TEST_08698,3.409512168806793,0.4668850106452036,-0.9737452268153313
TEST_08699,2.397733641419643,1.2487417043092102,-0.37114099220126257
TEST_08700,3.4107654464199038,0.9816487080668155,0.8647809306193063
TEST_08701,3.633808747443509,0.34421453942109714,-0.68815385767761
TEST_08702,1.806364682026593,0.1382913098968069,-0.09534515740914651
TEST_08703,2.497053996651284,-0.172457843541537,0.1275222793147959
TEST_08704,1.6188861025781522,0.5972436933369604,-0.22294935761694112
TEST_08705,2.9181872154076753,-1.4704901981137886,-0.6139703263214898
TEST_08706,3.3042011583430146,-0.5071901587101614,0.48267869085096765
TEST_08707,2.147263123232697,-0.15269998853119385,0.45386909634188166
TEST_08708,2.985740193928069,0.6642517715268309,-0.6059457059949672
TEST_08709,4.418348805366244,-0.9886690611031952,0.9155795112291
TEST_08710,1.8390394847326477,0.10561261234657393,0.605532924913218
TEST_08711,2.475531374207411,-0.8800136728966708,0.2478122527751615
TEST_08712,1.8424116013693785,-1.1302414170323394,0.8296687673972112
TEST_08713,2.4497541456241705,0.13839981127891404,0.17094737167645935
TEST_08714,3.400916830663731,-0.488490706168369,-0.3367104100846961
TEST_08715,1.3322635170677517,-0.18385359197960996,0.1412022979732346
TEST_08716,2.9801458603547912,-0.389377646574584,0.7181895536781504
TEST_08717,3.083240134335757,-0.15417037603419786,-0.4520672036376743
TEST_08718,3.640076111573468,-0.10363259828283955,1.1684004090114943
TEST_08719,5.4424765111189854,0.8954560745413307,2.0460292292081945
TEST_08720,3.7850064550116795,0.4009834397593686,0.764369258021956
TEST_08721,3.986726391322541,0.09183402067895076,0.6346359841528708
TEST_08722,3.823480926165618,0.7647396247485325,1.604344182090625
TEST_08723,1.827234127990351,0.4703569245403299,0.6518469542266703
TEST_08724,2.8241045463805907,0.4376448830674503,0.23345039599224554
TEST_08725,1.0793937744480304,-0.3627534307490851,-0.02394613799459036
TEST_08726,1.5008558443994002,0.04933108038760558,0.14723864397284456
TEST_08727,2.977515953419558,0.2391264732663587,0.8214142010545262
TEST_08728,1.015253852494305,-0.8828012624351466,0.26167678638542646
TEST_08729,1.7182200632357914,0.43515664640934404,0.03825862932849176
TEST_08730,1.5677896624656396,-0.06395051105649524,0.31408584803929285
TEST_08731,3.7195004499845896,0.3848612070719471,0.24715770786066632
TEST_08732,2.905145951530032,0.6023472301132794,1.3677715436889086
TEST_08733,3.03304243407509,0.0033332719706759125,0.3089226419777346
TEST_08734,3.249698522803369,-0.4691426066864751,-0.43647609576382945
TEST_08735,1.6096106907764334,0.34008895768652997,0.40862244932028485
TEST_08736,1.5777740236117863,-0.18649259747905725,0.8271962089499453
TEST_08737,2.891998159268038,-0.24602901406285818,0.728497146384959
TEST_08738,3.211669685867008,1.4925693930303214,1.73156081741448
TEST_08739,2.388560015272402,0.3385255496923664,-0.22943388006460472
TEST_08740,1.561544616414127,0.23669343035768456,-0.4555535048818366
TEST_08741,3.5969570405862012,-0.09481920679462151,0.2470444320224089
TEST_08742,1.4970422252521347,0.43503457454851696,-0.01320962564816311
TEST_08743,1.6559766365944228,0.7556944351226594,0.3159562416780392
TEST_08744,3.8330665622179105,0.1868054323242912,-0.4905126108096608
TEST_08745,1.5047581264902996,-0.600360943687028,-0.5610658024196669
TEST_08746,2.6384975891561133,-0.15668970913776498,-0.8856804025341539
TEST_08747,2.9284887957906474,0.15800825152063713,-0.24164059369489796
TEST_08748,1.641358274770527,-0.16393205570445687,0.1860690612938373
TEST_08749,2.9704729856035175,-0.5701110239418473,-0.43336359161438076
TEST_08750,3.8260504038265903,1.5367219135280963,1.5413666244932398
TEST_08751,1.322638046904702,0.2136721652944505,0.08327092994513688
TEST_08752,2.193796946774893,-0.931952784238357,0.05658519893371937
TEST_08753,2.0934973156957235,-0.583421781110328,0.03912518635700708
TEST_08754,1.9033710947380127,-0.4004897774489958,0.29370130055379295
TEST_08755,1.630057718201936,-0.5909784740926981,-0.15580780470797775
TEST_08756,3.386346129309156,-0.160797436338337,1.0518422688860625
TEST_08757,3.517241176636918,0.566276735718521,0.7654961809670714
TEST_08758,0.9175648133632013,0.06884217693111837,0.013181355168587865
TEST_08759,0.9792277857204288,-0.11642335795652173,-0.2667938061593674
TEST_08760,1.849610980166426,0.1943303197146633,0.35624014253840175
TEST_08761,2.5479259795559486,1.5023910670085738,0.07729855861943824
TEST_08762,3.224692414480134,0.6924781451986088,0.4782312573491304
TEST_08763,3.1112037819079683,1.1246170779285674,0.013361843016628502
TEST_08764,2.233144118380034,-0.6849987597680353,-0.3484222904168789
TEST_08765,0.7984628425757654,-0.15657555364984188,-0.1808766318894742
TEST_08766,2.5253961403540064,0.10442042549524523,-0.37897435877855784
TEST_08767,2.215116418298957,1.0977584392681474,-0.7452911691852655
TEST_08768,3.938052396976186,-1.020582701328178,0.25014037296219743
TEST_08769,1.8626927138890732,0.6666101382432007,0.08621284369194165
TEST_08770,1.3430970092171948,0.07794371303613096,-0.09097650911377257
TEST_08771,1.534415616221302,-0.17827609283798082,-0.2307125628627745
TEST_08772,4.543439795637412,0.029351933946672067,-1.0003502996830187
TEST_08773,2.530110953340557,0.1629327038903919,0.15510998559498212
TEST_08774,2.312869608806496,-1.3793462953255242,-0.6564875200700317
TEST_08775,2.565979423456807,0.017680300053700696,0.662364075920849
TEST_08776,2.127094595561507,-0.16850537141098212,0.4011006939345371
TEST_08777,3.7856578006968804,0.7380950105981862,1.0559982735262374
TEST_08778,4.7724549774814,0.5625309574295335,-0.9430682653541992
TEST_08779,2.5589514156099056,-1.1717842951138342,-0.4565429909444428
TEST_08780,2.2634613067871237,-0.2519023436591019,0.6422106162963894
TEST_08781,2.339479094747398,0.1475335702380021,-0.5698432666455312
TEST_08782,1.447722455538777,-0.23536869426529317,-0.0800784927309696
TEST_08783,4.431349633689675,0.12598627835115217,-0.9248769919161451
TEST_08784,3.3800877590649763,0.04527103202987678,-0.5988836635853163
TEST_08785,4.7457023179180515,1.3096276894300045,-0.029295433334546244
TEST_08786,1.4161625797789765,-0.18189934388817672,-0.5054499701310453
TEST_08787,3.389883185447551,0.14860132376314925,0.7740956948867199
TEST_08788,2.371024358472748,-0.03478350264754799,-0.03317217232282689
TEST_08789,3.0624570864090295,-1.5330089702339493,1.0429401406238632
TEST_08790,1.4140439691820477,-0.43885774023914176,0.4979586258826591
TEST_08791,2.843787766117567,-0.018489552793672134,0.16878268896022725
TEST_08792,2.1394467328596307,0.718164637352084,-0.7566522446508557
TEST_08793,1.8669862555001353,0.14561314756862742,-0.29496015927273456
TEST_08794,1.3331107632979378,0.14343010111576132,0.03815625390714542
TEST_08795,0.9658674855774206,0.052587765186748306,-0.008565203733349055
TEST_08796,1.9415313939761631,0.0794384911816855,0.14477799735110858
TEST_08797,2.756159757509574,1.5405586804194578,0.296724777015558
TEST_08798,1.9851683699637548,0.44769255780753714,-0.1552829887892673
TEST_08799,5.405477765020869,-0.7914463226391544,0.3070924330692507
TEST_08800,2.3878768377799298,-1.10391649531654,0.3170958771586193
TEST_08801,4.559985672109779,-1.472510847956613,-0.7062431059322539
TEST_08802,3.016409164622622,1.333814987229525,0.2659431517290945
TEST_08803,2.7941750313272524,-0.08501333104166538,0.5770107512905612
TEST_08804,2.2960956675187005,-0.9482600243860387,0.7255706520174721
TEST_08805,2.858786277550221,0.8049284167866316,0.7307769810050662
TEST_08806,3.740549504114798,1.3349042406178877,-0.1477068372383136
TEST_08807,1.99262691628943,0.12625695882440843,-0.09444346711019366
TEST_08808,2.6416860546716285,0.17554007980729977,0.5520251828631222
TEST_08809,1.9919832345201782,0.037852485073376824,-0.12484233382916998
TEST_08810,2.1385095903921436,0.19060740323154066,0.27220471528537815
TEST_08811,2.408251458537763,-0.019197867065801094,-0.6636306293521125
TEST_08812,1.7657217551102422,-1.0638605033858581,-0.7266846337721181
TEST_08813,1.1305849024246653,-0.09359112974725392,-0.09139171392354874
TEST_08814,1.298100174817751,0.546479222173461,-0.45233644743529866
TEST_08815,1.4271907328977402,-0.4503725211293646,0.15134268217922162
TEST_08816,1.154536754586372,-0.20139446892014456,-0.37032626160760024
TEST_08817,2.475640105358458,0.23031185420649283,0.5812067436320534
TEST_08818,4.465852332772938,0.4009075152451841,-0.6090576752366246
TEST_08819,1.8489905663069908,-0.8175780637945419,0.5065752702261169
TEST_08820,2.312110776062247,0.05764005643774811,-0.525196396815569
TEST_08821,3.364864498156671,0.24964377208204439,0.026772618690363428
TEST_08822,1.9509796569852031,-0.40353631215293084,-0.29623829063368473
TEST_08823,1.5725556990418859,0.32543922807583275,0.14238681835578565
TEST_08824,2.679255881604225,-0.18686636314630722,0.1828083632026805
TEST_08825,1.684017193604703,-0.5161556742410445,0.9431321049107856
TEST_08826,3.4057783591595427,0.2600213220967572,-0.80189378016662
TEST_08827,1.4598533563749199,0.3391687012544805,0.13026845008536608
TEST_08828,2.353008453993541,-0.27909793921522563,0.13002993121538517
TEST_08829,0.8963244514763201,0.3559928421999875,0.47094798687056166
TEST_08830,2.6208925991175294,0.7068817613193417,-0.7581337096532491
TEST_08831,1.797565749315887,-0.3392289560172385,-0.06240883510571738
TEST_08832,2.640185927202923,0.5104597598297036,0.3397981028487916
TEST_08833,3.55658465464506,0.881926676199501,0.47900979994508636
TEST_08834,1.714830288439176,0.30374295808439494,-0.12936757779320818
TEST_08835,1.5878918682349854,0.4201487095797302,0.5057577060460084
TEST_08836,3.3183379927816885,-1.453469964455136,1.2061613945338976
TEST_08837,2.9747416867998244,-1.6246440436583576,-0.38033359933243194
TEST_08838,3.158606879207413,-0.11065464824315162,1.0513922402476388
TEST_08839,5.39037345452821,-0.48626485146666254,1.3415520632047166
TEST_08840,3.735479199492995,1.4473091529148785,0.5821293894923051
TEST_08841,1.012967860564067,0.20559194324862604,0.19726952548557844
TEST_08842,3.8651814622918943,1.4386264250055658,0.7135901265118145
TEST_08843,2.6627471669244436,-1.6857026770300176,-0.7334467191362063
TEST_08844,2.816622303702111,0.019843297572286575,0.1955431519170214
TEST_08845,2.610210319980876,0.6039181382054468,-0.15880089669259959
TEST_08846,3.2942063761840297,-0.3387803393246416,-0.6011000012541338
TEST_08847,1.9788263481108495,1.2684046234932962,-0.9296055835384072
TEST_08848,6.1952527776906665,1.80913793780579,-0.6974668642551172
TEST_08849,1.596877449340778,-0.37255272778809456,-0.08302331140798651
TEST_08850,2.904833142637289,-0.023879644143144856,-0.7215677704574271
TEST_08851,0.9420337402756149,0.20531229234897572,-0.23546095074323878
TEST_08852,1.1355399752892628,-0.8843885423657022,0.3377873295825853
TEST_08853,1.324953505081951,-0.1627846705175711,0.010986803128323673
TEST_08854,1.916904416207491,0.6204833684138145,-0.191001721456322
TEST_08855,3.723776420491548,-0.5861434665522484,0.5640871771637533
TEST_08856,1.5259989521220636,-0.4026297915856303,-0.1971066814996328
TEST_08857,3.987475151600473,-0.19047356399334806,1.9730606134716564
TEST_08858,2.629510698819704,0.7469687240208859,-0.7831659441511785
TEST_08859,1.9372454138485904,0.38276882536752027,-0.5114881877949323
TEST_08860,0.9195107769037435,0.275327409343909,-0.04119945946503275
TEST_08861,3.2944323991532403,-0.25393591712759334,0.8766016951927197
TEST_08862,1.414355968599356,-0.2474937850808241,0.16109460169935663
TEST_08863,2.1214867903613506,0.3809142940123832,0.06900883723621382
TEST_08864,3.3136728085944607,0.09759758370067842,0.14599388302745064
TEST_08865,3.603359205761618,0.958553775126,1.7558376684256167
TEST_08866,1.6841847208373262,-0.44546131114250226,-0.42743009666924525
TEST_08867,2.3274329154453754,0.49146881792390434,-0.2929131137996774
TEST_08868,2.3274265463699404,0.7349166098592544,-0.456849275757451
TEST_08869,3.1614247119902434,-0.7377140313150579,0.8782574179584827
TEST_08870,4.801113873624298,-0.7190440187476534,1.5037444736949748
TEST_08871,1.0724555486394038,0.09104604927563789,-0.014414049835150404
TEST_08872,0.9185943455562796,-0.18018336448187003,0.2599784161436542
TEST_08873,1.848623944215402,-0.3439148152347996,-0.17355416694957063
TEST_08874,2.376473599691983,0.19359386934155476,0.0998365395331898
TEST_08875,2.3403841167533295,0.39534438328161303,-0.022150107515057495
TEST_08876,1.4753530004498698,-0.29044727224502004,0.20426921250009264
TEST_08877,3.805777076721833,0.688994536391432,-0.2441898209452102
TEST_08878,2.311113042172092,0.8326223645835759,-0.4042647557191388
TEST_08879,5.407461235684398,0.09082569175738683,1.146976063072136
TEST_08880,3.7826609880516187,0.8789663135402679,0.9975828051575125
TEST_08881,3.725751091033189,-1.527580770479191,0.30141009831159554
TEST_08882,1.0232514932098986,0.07924247342875419,0.37183857682463606
TEST_08883,2.6854503161326413,1.7509205039977545,1.1375503350756682
TEST_08884,3.073331185298276,-0.1645901278480192,0.28637644898478737
TEST_08885,1.015758754897395,0.24272670047702066,0.02556520760671012
TEST_08886,1.7074402048428785,0.26515095782380393,-0.06401039949087434
TEST_08887,3.227855787568615,0.4982158011015786,-0.0004915854339626966
TEST_08888,2.5713942449847074,0.5099329224643019,-1.1843725621051409
TEST_08889,1.4755321690261511,0.2218640893855272,0.10331236113486034
TEST_08890,2.9873180235748356,0.33392654931108084,-0.3711864271081119
TEST_08891,1.5725274319611375,-0.04427584604490102,-0.2952131693639174
TEST_08892,1.0076072968101077,0.15281770564344407,0.328758648073409
TEST_08893,2.969157530278549,-0.19510383328831718,0.31993852167885395
TEST_08894,2.731100589068161,1.5278221471844493,1.110657690947182
TEST_08895,2.39613467658584,-0.4370347768005165,-0.01696086003559445
TEST_08896,1.9876013040778455,-0.61009749486236,1.2175627488965892
TEST_08897,4.120570612449344,-0.2476831851524379,-0.7403621246962426
TEST_08898,1.290554858271467,-1.165798347503294,-0.4852335644826423
TEST_08899,0.9560481345905819,0.320860359092247,-0.12493970196347255
TEST_08900,2.3746709562210766,-0.4009290849411326,0.4256613052138708
TEST_08901,1.8511515495667137,0.0828737925738142,-0.3134215795305871
TEST_08902,2.0500257146459737,0.390496680214849,-0.17821880873915943
TEST_08903,3.3703383308114363,-0.6771260973572951,0.9109904620430248
TEST_08904,2.4154744083405095,-0.41431672000066333,0.38684853062888963
TEST_08905,1.4406012837858484,0.15786470472669872,0.25352095341872644
TEST_08906,2.7453088803198553,0.2774861373579787,-0.13137906050763273
TEST_08907,2.4854551082006267,0.4323139835316834,-0.16550673945793035
TEST_08908,2.273970289401785,-0.9012890481997469,0.5444637319253929
TEST_08909,4.031864020159527,1.4380896171540867,0.7713771088469475
TEST_08910,3.019535002531495,-1.6291370313142715,0.8190279273367627
TEST_08911,1.273510146080977,-0.21597524469049123,-0.21260404792868726
TEST_08912,1.9944546442307192,-0.15318854307493143,0.5359535015116044
TEST_08913,2.852683704165766,0.37860803602495463,-0.9425048012764204
TEST_08914,2.9973546568787173,-0.3058722649728307,0.6119089266936324
TEST_08915,1.3644930981419843,0.053751289585780085,-0.1296690229911164
TEST_08916,2.952451445205612,-0.10176351348275706,0.34818369638041596
TEST_08917,3.5914446712042785,-2.1557499394450366,-0.5120810359201307
TEST_08918,3.811071678427871,-1.4286405719605628,-0.23856240676545526
TEST_08919,2.3176871957737957,-1.4370805412617955,0.6301190339158647
TEST_08920,4.859632427073643,-0.12142408425253351,0.36403649982143976
TEST_08921,4.94422272301506,1.9858266871980021,0.0007059912996373859
TEST_08922,3.7551931969828316,-0.2112651403189196,0.6104723672032303
TEST_08923,3.0049377078748885,0.01645372992518379,0.4274928028859644
TEST_08924,1.5064623159469555,-0.32795231968605976,0.6062537956686335
TEST_08925,2.1947769614120394,0.45790094260755454,0.3653003015337622
TEST_08926,2.725415106684959,-0.2822501564948092,-0.805358092544497
TEST_08927,2.9595371161768664,-0.14732371614570053,0.4883448345910828
TEST_08928,5.445786838722393,0.042017491740002376,0.6378683245840023
TEST_08929,4.306549198804409,-0.07685649523359053,-1.1111872137648469
TEST_08930,2.7183134152092383,0.4609983540412159,-0.7553615700778137
TEST_08931,3.7225290344105133,-0.5500316486111402,-0.7319862956239315
TEST_08932,4.130407335926395,0.9338730986726733,-1.235316387405715
TEST_08933,0.9105023557541501,0.41997624757833557,-0.10913581336263291
TEST_08934,2.244232220794044,1.6679370956991566,-0.4408363976975388
TEST_08935,1.2140493754588353,0.414358164825883,0.2571922179397282
TEST_08936,1.5312760602158553,0.2778061403759011,0.15007636695623586
TEST_08937,3.9508171831872083,-1.6523061058326152,0.7754824482531016
TEST_08938,5.760171507542977,0.3989365514803982,-1.1638443731353243
TEST_08939,1.1130243408353369,-0.07259671017863197,0.18564718537665048
TEST_08940,2.3275672141732358,0.6814726085579383,0.42945682301156796
TEST_08941,1.1504518427238815,0.13609634151377575,0.2358758055753429
TEST_08942,1.7078487389734363,0.7797589769496689,0.5386492826309064
TEST_08943,1.822948440994039,-0.10910184464851864,-0.2979392581893898
TEST_08944,2.8562651875662044,0.4682453671178051,-0.19017441729816104
TEST_08945,4.593233990303335,1.6890433055807454,0.02713351534029599
TEST_08946,3.388264628537843,-0.1996044318970561,0.12847941813423208
TEST_08947,1.3295733027194916,0.38609176935722966,-0.4598396190960324
TEST_08948,3.174687877225342,0.24382933217494823,-0.2973762702856736
TEST_08949,4.551346035712274,0.6090008013590426,0.9066435785214096
TEST_08950,2.6053211635943936,1.6342608255357687,0.5606306340474417
TEST_08951,2.6004549743024064,0.7839418873113567,0.43546600972911037
TEST_08952,3.18228452910165,1.7244936818521914,1.6950503529686667
TEST_08953,3.8464675611150225,0.4652554324451876,1.074611604286071
TEST_08954,1.7596480095790505,0.375724109752281,0.36756111398575475
TEST_08955,1.1188486979644983,0.2788830189623392,-0.19736907448684934
TEST_08956,3.787563813745011,-1.4944359232415343,0.4920215109420851
TEST_08957,1.815083467645697,0.4659723371400247,0.1377364105553596
TEST_08958,1.8067554535530546,-0.9677803486604567,0.040937063219493544
TEST_08959,2.663757937468418,-0.9071833887589971,0.8676000380199933
TEST_08960,1.4951782234706659,-0.11713007139745828,0.06660696587710606
TEST_08961,5.1839023976752125,0.9848810648452571,1.0853936707055454
TEST_08962,1.3982003631075293,-0.606809083309305,0.331946225510585
TEST_08963,1.5419374515200321,1.1056665602379432,-0.585710501808107
TEST_08964,2.7379277591852342,-0.0432947379183893,0.09487004300436812
TEST_08965,2.4431506850078843,0.03692510930500314,-0.3310564342626485
TEST_08966,5.190847464718373,0.5281178888910878,0.5502855572602781
TEST_08967,2.3663614551964613,1.2802920114573,0.1581705575006804
TEST_08968,4.980676419385954,-0.31354132390960254,1.0202986657793576
TEST_08969,4.035356257755659,0.17956799680524968,-0.8075374729449886
TEST_08970,1.5132327917280177,0.01643520421167882,-0.21305577992579713
TEST_08971,4.026485178473695,-0.4999432656656546,-0.6295353345933202
TEST_08972,4.5508679416297895,-1.2340647683085963,-1.004876383765223
TEST_08973,0.9089234460188254,-0.2762353695475254,0.27236956690965075
TEST_08974,3.1856638022421992,-1.3683156061086545,1.2642244384601389
TEST_08975,2.908790616915319,-0.6693189678673142,0.45564375006234215
TEST_08976,2.761037553338617,-0.5129919798788268,1.6605889889245522
TEST_08977,3.2126866370556413,-0.27423638490200863,0.9353128173500339
TEST_08978,2.289699909298338,-0.7389020520956164,1.3447092420237359
TEST_08979,2.9420684898546074,-1.3756509794083074,-0.8244913774963066
TEST_08980,2.049708361135996,-0.24556905729485243,0.41986838789473463
TEST_08981,3.4902441445072094,0.14284511283663293,0.45747776072499446
TEST_08982,2.045384421443847,0.03887242892662548,-0.2243340820630137
TEST_08983,2.8105677018057547,-0.1240634030620977,0.1062961276182179
TEST_08984,3.0575131351069653,-0.05667939573093048,0.8455351467486139
TEST_08985,2.0022023160348343,-0.2660992532745599,0.6134532984938216
TEST_08986,1.9008869697507047,0.7542192008402954,0.3759233116692537
TEST_08987,3.6092507878205824,-0.0779698108112782,-0.01739996517818703
TEST_08988,2.722536186759017,-0.18454199659460446,0.013112794324439514
TEST_08989,3.222724956344537,-1.0245383831785733,0.8433333621223129
TEST_08990,1.2626271028296112,0.23177899385424064,-0.23547330611372436
TEST_08991,2.4270846264723884,0.023557761976314782,0.031848287271874526
TEST_08992,2.139536069637038,-0.6980380958967124,-1.0823079583136435
TEST_08993,3.512228083702687,1.761545432513003,0.5406435606542253
TEST_08994,2.7786633052694674,-0.2749568607000445,0.1314640839910638
TEST_08995,0.8073785290359103,0.1357095902368415,0.17167464749310543
TEST_08996,2.4256708615750937,0.49510851741784606,0.33025647490171106
TEST_08997,0.9862935065585205,-0.42586804936925154,0.32161675841878007
TEST_08998,3.0988241733773796,-0.7975975838687983,0.6891841627780757
TEST_08999,3.949217599221201,-0.5804066823032544,-1.19181193828308
TEST_09000,4.407100293692265,-1.1388157279775546,0.4519656327963512
TEST_09001,2.5040628021432974,-0.18812421187426978,0.34273576146085233
TEST_09002,1.7333528160020335,0.2707250228984914,0.7960503752075444
TEST_09003,2.8041993868139086,-2.3819711705447935,-0.5400093565508116
TEST_09004,2.6492512701144504,0.036066345200646825,0.24994272475539933
TEST_09005,1.3094558454747105,0.6134656522299521,-0.17367689720511323
TEST_09006,4.442377558459036,-1.0430668142250323,0.8304478938993166
TEST_09007,4.057752569564551,0.4768812386471792,1.1865195443733423
TEST_09008,5.552079534758242,-0.6960451598440995,0.10906695926866672
TEST_09009,1.0144327282210268,0.3133162988092756,0.17146273171310839
TEST_09010,1.0730435829811995,-0.1811525843347063,0.11792506667683059
TEST_09011,1.6427102274148533,0.08834522928860578,-0.07735561416840746
TEST_09012,3.60619738423373,-0.010054388508294107,0.39641461356351376
TEST_09013,1.4522634932439304,0.04365238694523028,-0.17201909828084816
TEST_09014,1.6450211215715889,-0.05750350648105529,0.7180053361091386
TEST_09015,3.058511566361923,0.46693700946559225,0.4868057178766582
TEST_09016,2.136292241883864,0.14979584113837488,-0.8383601354008816
TEST_09017,1.3049443953608384,0.6904242688510212,0.6189830459644629
TEST_09018,3.206358461556732,0.9227747325901066,-0.6942855716126348
TEST_09019,2.244542945371983,-0.9820680391643587,0.6345032515445762
TEST_09020,2.1099492240394846,0.183765826633995,-0.9565018948278494
TEST_09021,3.3265339646634966,-0.3502769953957856,0.8199182053418951
TEST_09022,2.1867433788148767,-0.1437859783489883,0.06765163003729337
TEST_09023,3.2669293241806656,-0.05812368683848618,-0.33016881742956555
TEST_09024,1.9408160816956024,0.08442615905494662,-0.15025787540957156
TEST_09025,3.9813406486039673,1.2344613952781898,0.8956591091382766
TEST_09026,1.207525957957322,-0.06834792635838007,-0.433399439574891
TEST_09027,3.9630731980401825,-0.4938564889641788,-0.14773599548363717
TEST_09028,2.986875028976303,-0.025053204620738633,-0.08471567348476897
TEST_09029,4.609463830141449,0.7813231848005846,-0.5460759222963131
TEST_09030,5.261214924273709,-1.0729536738005256,1.7503886555433026
TEST_09031,2.0371617159339834,-1.0979724671186553,-0.12297382148726382
TEST_09032,2.1686546107414815,0.45708240868299765,0.25097241264312475
TEST_09033,2.1722869362851496,0.267537743569686,0.6013520917395301
TEST_09034,1.5469427862439098,0.2801347946739867,0.19899624783108286
TEST_09035,1.434418827381152,0.2880451846919226,0.20243250941975335
TEST_09036,1.62834775503378,-0.6693690336898043,-0.14936866009143443
TEST_09037,3.989076689462248,0.6939693112988212,-0.5684182560572495
TEST_09038,0.8935819436013808,-0.262743979027583,0.41359759211090763
TEST_09039,4.730804405752721,1.738307233772617,-0.930735267538268
TEST_09040,1.6428392143335464,-0.6040491777793783,-0.1188754165791837
TEST_09041,1.2464858165795591,0.25097466249024536,-0.29933868294844934
TEST_09042,3.3299396645820187,-1.597629076463668,0.8972936081763717
TEST_09043,1.2252564352861568,-0.502008392592419,-0.04880924518269615
TEST_09044,3.492681776008707,0.2593170847640999,-0.17819689875045522
TEST_09045,2.130063637242424,0.9889239152231311,0.7148374494088573
TEST_09046,1.5071368501416555,0.9822227377925484,0.07466923813255137
TEST_09047,2.237027090567374,0.5046183609684943,-0.0066187284168579405
TEST_09048,3.946255993731351,1.6434334007828824,0.3016119821752348
TEST_09049,2.8990229796247506,0.49487505125027464,-0.2063102343328935
TEST_09050,1.4375731241709648,0.178511974327458,0.11426024390395993
TEST_09051,1.708437194833009,-0.2190427418532576,0.17357030128089604
TEST_09052,2.0729822940500777,-0.1285644616138898,-0.239703781440239
TEST_09053,3.0699660893398057,0.2317454190835155,-0.31458708858765455
TEST_09054,3.4956409704817335,-1.7371988320555765,-1.1167962698767513
TEST_09055,1.204596055668613,-0.3539225296722794,-0.01184965400934972
TEST_09056,2.7122517592786815,-0.2672907935846562,0.7039395329019664
TEST_09057,3.1753573899242586,-1.1184804497582503,0.8757274057105393
TEST_09058,4.249318952690296,0.044144989973686,-0.6309173252962845
TEST_09059,1.4033393971479717,0.7086987542336147,-0.20604435848059174
TEST_09060,2.792168999442988,0.5236013932081481,-0.9564872578718705
TEST_09061,1.609150627752948,-0.5129174566795978,0.37367948338804857
TEST_09062,1.379436490354466,-0.42302175236721257,0.30727354176869265
TEST_09063,2.1361472734571714,-0.36063800528978585,0.45701681437730024
TEST_09064,2.021927397459351,-0.02434808233347069,0.3667988753251963
TEST_09065,2.73787496783497,-0.08498372744418183,-0.516550600986489
TEST_09066,2.7001466345243137,0.33246214880479025,0.030713426916224872
TEST_09067,3.536186421991996,0.5919834418814663,0.09212801976849502
TEST_09068,3.267612261805364,0.7105671162129482,0.6430448005767216
TEST_09069,3.0559791159704397,-1.3281209742195579,-0.7815793685192561
TEST_09070,2.2258034749467526,-0.3630356192592531,-0.6167361255700763
TEST_09071,2.0998166532205493,0.11915874064409947,0.33305393101645164
TEST_09072,3.4900868099187736,0.5162682515527213,0.4180541928303078
TEST_09073,2.2183129488056257,-1.3474620709916145,0.23802269729548833
TEST_09074,2.6287314510511615,-0.5690284059852584,0.3705476524515757
TEST_09075,1.3036165153926722,0.08661661957960028,-0.04408520364736404
TEST_09076,4.26229244342197,0.7274193228741451,-0.8429594760288874
TEST_09077,2.255402601156362,-0.02958318009537937,0.34763632533212335
TEST_09078,2.7540127032318154,-0.7531015205651895,0.26669694758408125
TEST_09079,1.9336960293072947,-0.7771313607520837,0.2566593828988381
TEST_09080,4.468548352399661,1.0366905635025352,-0.1625640461497812
TEST_09081,5.112559418986119,-2.0652977960307686,-0.6242476878065168
TEST_09082,1.450121528094924,-0.9828462278016268,0.5933946534512411
TEST_09083,1.115692909941776,-0.22632634003793756,-0.02537879051915708
TEST_09084,3.2846584935934646,-0.32819144090579455,0.5455111956247702
TEST_09085,2.149873638852401,0.7413563301000672,-0.21671346348670212
TEST_09086,3.9146644975505898,-0.2567853900970522,1.0640789193685452
TEST_09087,2.014495215635619,1.4136986322435687,0.6026180971856383
TEST_09088,4.149483608686095,2.236726501540613,0.32656807763260787
TEST_09089,3.1299743518528262,0.5524969704721249,-0.2663512028535963
TEST_09090,2.3888764024921354,0.4429752501477852,0.2529307720012229
TEST_09091,2.563060130400558,-0.1375983646920641,-0.20763033452720725
TEST_09092,4.321386982727133,0.018386311841855955,0.3770712171057104
TEST_09093,2.5648353816174145,0.07772374196672313,0.12688763796192878
TEST_09094,2.9252015518754586,-0.8408453717732022,0.8751881165372438
TEST_09095,2.290812167773913,0.9625370588460058,0.8580175238238935
TEST_09096,3.320684380209303,0.5732222551800646,0.7399289910395797
TEST_09097,1.7429037946992108,0.1591605419857342,-0.37039366427604775
TEST_09098,5.0951862883079855,-1.464520567757027,0.07074977679032532
TEST_09099,3.3505113787728646,0.9670310072950774,-1.1671310841003828
TEST_09100,1.550601322873475,-0.2657686913794419,-0.08966936393630827
TEST_09101,1.8616322348353873,0.2742918197447174,-0.5140089398851433
TEST_09102,2.164798752086958,0.16121934339654523,0.6290340120243003
TEST_09103,3.427145384494616,0.2936935105026998,-0.15267155471438115
TEST_09104,1.4268402465091807,0.11924980031559966,0.40794680579929393
TEST_09105,3.957520658728277,-0.5129648340096691,0.3583281071706527
TEST_09106,2.5353568428810367,0.7293621596653522,-0.5382081960716568
TEST_09107,1.2539248837109374,0.04626369299517482,-0.20880765659816244
TEST_09108,2.8277982642300317,-0.42025790000216967,0.18486040111493776
TEST_09109,1.5661418376758358,-0.2905813781230953,0.5917357945874787
TEST_09110,5.307432879068861,-0.5803224116879617,-0.7542210382626617
TEST_09111,2.6623832673663963,0.942320500116949,-0.6596175945211491
TEST_09112,1.9485939896727889,0.5977011122644698,0.6171857600911861
TEST_09113,3.6277803063735337,0.8774861866415925,0.9725229791418644
TEST_09114,1.8633590012164514,-0.6571693380621996,-0.19842173552674872
TEST_09115,2.092745197307447,0.46363278552890763,-0.45416162459037485
TEST_09116,4.462160035756893,0.5356160856673339,-0.1872430297011765
TEST_09117,2.6625273836604735,1.0350263835668865,-0.6090086635904012
TEST_09118,1.5394361471324847,-0.0770553163735358,-0.25925746645558273
TEST_09119,4.716926965321973,-1.0581313089583604,-0.7374476957712629
TEST_09120,4.1879909391774035,2.46227031134838,0.2570846134628911
TEST_09121,4.073433099784876,-0.9195611991461848,0.9450418449076841
TEST_09122,1.930883775325115,0.9855006552693433,0.3018965737580249
TEST_09123,2.735838387018435,-2.234769414797474,-0.12214766980462692
TEST_09124,1.4039076667977861,-0.0022867764053863308,-0.25401599811723224
TEST_09125,2.438907027216299,0.4732109133353147,0.3314381683987691
TEST_09126,4.965645731422173,-0.593861105313296,-0.2774590709215017
TEST_09127,1.6917247045027735,0.11682921451271577,-0.44831700831869187
TEST_09128,2.0012532619087526,0.14822993837971174,0.5850592120544371
TEST_09129,1.9530532592559071,0.7436897496790659,-0.16135419188624447
TEST_09130,1.0687868614271332,-0.05507300790591583,0.27704351278520345
TEST_09131,2.15977225793366,0.47935357161823156,-0.2839156189554703
TEST_09132,1.2204529530555421,-0.528358477655009,-0.36140157850332827
TEST_09133,1.677650302410548,-0.3037536615534136,0.34440314484641243
TEST_09134,2.4284513092852933,-1.6163468480892489,1.2082312260629033
TEST_09135,1.456395053576526,-0.6438857786751924,-0.08496742962323738
TEST_09136,2.172573764143741,0.33488859865891263,0.9351164463580749
TEST_09137,3.6287430782161305,1.7028489950249017,0.8654611659273986
TEST_09138,3.085838757401175,0.04583721097299174,0.5510109790715858
TEST_09139,4.379324580092754,-0.6762722289899059,-1.0989825875214383
TEST_09140,2.2080255783225144,0.7082850679681294,-0.8434741675136989
TEST_09141,3.1400604466665545,0.26797944448216593,-0.4223780670607791
TEST_09142,1.5656311947982111,0.0435018302340618,0.4293966868961199
TEST_09143,3.264279130771456,0.17413386459113087,0.17396740016570217
TEST_09144,3.645099184565707,0.2967999649197473,0.504201415947901
TEST_09145,4.40802972535819,-0.1391935833327897,-0.7103256897301652
TEST_09146,2.617378814549823,0.35424302221281473,0.19930412194942415
TEST_09147,1.8331917945786278,-0.6663206230356892,0.016369036857616193
TEST_09148,2.8321260012425826,-0.31281358347211546,-0.5424990761909337
TEST_09149,3.538877522592607,0.6622863800307064,0.10159329204336709
TEST_09150,3.0011881556927604,0.4095887733226827,0.8650228463436114
TEST_09151,2.7933300064758333,-0.39485021697231903,0.013402013797070062
TEST_09152,2.928832242455667,-1.3300627055391185,-0.4123263055437585
TEST_09153,2.750112472232708,0.9307300078262118,-0.705388444310624
TEST_09154,2.243192163105715,0.2010541740579185,-0.17367325535120257
TEST_09155,1.0656259648772746,0.002512481221843936,-0.11572835598217185
TEST_09156,1.5455104907500843,0.3170424096121352,0.49788685528136856
TEST_09157,3.2793030371898593,-0.5817039442426589,-0.5632077144818828
TEST_09158,2.82504957785326,-0.15200131359922517,0.1940538203832943
TEST_09159,5.651811391684153,0.760300186944701,1.3930555444889046
TEST_09160,4.523974568569818,-1.3464299745774804,-0.10323876936155252
TEST_09161,1.974410831295693,0.23784465267627097,0.2561016306650992
TEST_09162,1.7373476742982437,-0.03215822417756418,-0.49482651061949406
TEST_09163,2.097959041420997,0.16965713637395446,0.44918260642362556
TEST_09164,2.3533953102980187,0.426870131045659,0.1666111583414499
TEST_09165,2.532365315746584,0.7585275684033083,-0.10644214001992028
TEST_09166,1.4546529380267619,-0.458424607441065,0.2054096335474378
TEST_09167,4.5552179107441155,-1.3842443038554089,1.0765921968458272
TEST_09168,1.6818487257640045,-0.8392374777300118,0.2198475840612031
TEST_09169,1.1849138601205815,0.3343205166005706,0.2525895833168652
TEST_09170,2.5067622384659365,0.4016806216008526,0.8926927162379158
TEST_09171,2.319125072360576,-0.29023212397167786,0.07845948338821299
TEST_09172,2.1005762069107914,0.16927675071610016,-0.013767813220547976
TEST_09173,2.5081109805245094,0.027404908520996744,0.1137644225419084
TEST_09174,3.520268836399819,0.05288319253642963,-0.7155553603956984
TEST_09175,1.2863301000465637,0.08761835856275894,-0.3251446645592831
TEST_09176,1.0277861802617814,0.0060433972188603914,0.02736094402731104
TEST_09177,4.1641250542025094,0.11859473429189231,1.5973023432669724
TEST_09178,1.6851171063826333,-0.019513604521742535,0.4507315273404986
TEST_09179,3.7330868267425266,0.05809919408217043,0.6970927681446434
TEST_09180,2.5799553634830197,-0.2618653590293989,0.7718455323635344
TEST_09181,0.840272312176071,0.25297819052026976,-0.010538263176785405
TEST_09182,2.0963244641546295,0.6487613982354286,-0.051268317447624376
TEST_09183,1.2348275794322374,-0.5145919170764347,0.14082797048712908
TEST_09184,3.230866273509098,0.17701813019538762,-0.20324866571151157
TEST_09185,2.0962023295775367,0.8893899577809136,0.7452866305819208
TEST_09186,3.2617365073462126,0.4405957395534986,0.0943357746952753
TEST_09187,3.9845577582547227,-0.1738073800317557,-1.2489746132701331
TEST_09188,3.3720654177134586,1.1216860235496895,-1.1620419454980087
TEST_09189,3.9795974892007266,0.2582297042669796,0.7706688737831987
TEST_09190,4.032780224518015,-1.2628366982398758,0.9468475266009959
TEST_09191,2.965755793059467,0.05381339648048273,0.36632217976754083
TEST_09192,3.0439272780080495,0.08477843129612264,-0.5050178871961853
TEST_09193,3.017636557556026,0.6777799266805017,-0.3142490121645076
TEST_09194,1.7608027151835484,0.32904432662223065,0.06311032154714012
TEST_09195,1.85676970689063,-1.0254838813170406,-0.7201632995911135
TEST_09196,4.271441552464633,-1.3567104561407681,-0.45107759040131623
TEST_09197,1.636719142654229,-0.4202431907747093,0.09468488631890812
TEST_09198,2.096123614633486,0.5945690595189055,0.7736411852545656
TEST_09199,2.1070260515217614,-0.23782612115599142,1.122962230469226
TEST_09200,2.794213124809192,-0.9795424210202937,0.5256264979188183
TEST_09201,4.079670541698708,-0.22441299280800442,1.0990936118368215
TEST_09202,1.9295748858812019,1.680969573054961,0.1636005774311044
TEST_09203,1.7427193861682402,-1.8756417942307382,-0.6386359423423287
TEST_09204,1.7704531623977946,0.5746086100509117,-0.4947462182440548
TEST_09205,1.6838528560478172,-0.44705779086080333,0.5662111935562392
TEST_09206,4.217304326571891,-0.14114929495596795,0.3746786249727145
TEST_09207,3.652740475418152,-0.27004539318294685,0.35430585937557296
TEST_09208,2.921073368538401,2.2926692229233874,-0.36956966841801203
TEST_09209,3.1322044834446587,0.14974165418023438,0.3878206025745967
TEST_09210,2.832822817260795,-0.2890677729175306,0.0016635938396950332
TEST_09211,1.428611453390459,0.17355662913961153,-0.21215945215253218
TEST_09212,4.390584736713294,1.191313637179352,0.4309916222458927
TEST_09213,3.093044109959444,-0.368938676990306,-0.6789097961137003
TEST_09214,1.5172255201808442,0.3788213498687438,-0.1814110246049729
TEST_09215,3.3624811758977264,0.7224734785778275,-0.44369705635517065
TEST_09216,1.2711917303228364,0.08753353802914929,-0.3032201127099357
TEST_09217,2.5896301974960565,-0.013882946982330393,0.6941998027673851
TEST_09218,2.203826807690686,-1.724258034526111,0.19149601016776313
TEST_09219,3.398296533459354,0.339278417916033,0.021774408753693093
TEST_09220,2.3783997552431884,-0.18386611657986737,0.27155702935866577
TEST_09221,3.0644794866312033,0.09332975449230327,-0.16110981936241703
TEST_09222,1.5429360636846723,-0.37094515905364245,-0.2615443934892378
TEST_09223,4.446209146398466,-0.4756849660560819,1.101207340859706
TEST_09224,3.0620236002725214,0.2604653105759768,1.1706233564898287
TEST_09225,2.891784000413155,0.14997886126481935,-0.8902564899069363
TEST_09226,3.1374570264710604,0.27650898953650177,-0.021037771774763406
TEST_09227,2.313908751118001,-0.6390136706807232,-0.1800951865890476
TEST_09228,2.7239294912788194,0.0387413239332891,-0.6343777152496162
TEST_09229,2.756576966288396,1.48156296989061,0.6957774674154595
TEST_09230,4.111240073950669,1.1887600961468245,1.6780951055838333
TEST_09231,2.245014880569372,0.6081182177988044,-0.00039089092243057384
TEST_09232,1.2125198501594585,0.32086331162190074,0.36813348473765933
TEST_09233,3.7562653610424834,1.9141054610547579,1.168374389984898
TEST_09234,2.5435245193484524,-0.02981778578155359,-0.030514331337180824
TEST_09235,1.553787659643868,-0.06861512820989571,0.3360222513587172
TEST_09236,2.160696896454061,0.008369489029015579,-0.7839151769652175
TEST_09237,1.5984624570973642,0.2659210409675175,-0.12291517062027651
TEST_09238,1.1774869545428448,0.13919643021470557,-0.23394611467182114
TEST_09239,4.938814003183376,0.7827652594785336,1.3777061111732092
TEST_09240,2.1840660101308917,0.4121717026430927,0.37702553630728847
TEST_09241,2.6369587183478056,-1.575275106623724,-0.33340387623044493
TEST_09242,2.332212309189974,-0.9450641071548167,0.4176498701518935
TEST_09243,2.9099065664801986,-1.1942166928524618,0.6586661153583114
TEST_09244,2.675110364686485,0.06068101448748744,0.30273015686401505
TEST_09245,1.8863579429255912,-0.6373755286526541,0.05947159244839488
TEST_09246,5.06365183661409,1.3181420520915346,-0.9461029542432619
TEST_09247,3.3901160162219384,0.01795526807992905,0.5014098754400318
TEST_09248,3.716894806888615,-0.623747445131468,0.5294588887642748
TEST_09249,4.618499235411152,0.7361210398994131,-0.2121463231423116
TEST_09250,1.3180473513876085,-0.01962222548746216,0.17523335490855427
TEST_09251,3.0534112524733805,0.19291072493843794,-0.1460631644566341
TEST_09252,3.9582716918369587,1.1089647286812074,-0.11218181087396213
TEST_09253,2.707305208977298,-0.02873278575777738,0.1728449163686759
TEST_09254,3.510876245865195,-1.5389931791417717,-0.29436142442669483
TEST_09255,2.455945812223468,-0.39545151041444,-0.6024370414824083
TEST_09256,3.0570730910964095,-1.4827609805870354,-0.7483277293907166
TEST_09257,1.5829093122265123,0.47054389783843253,0.5872586410273619
TEST_09258,4.096526616290856,-0.5731797131310268,0.5413060319171707
TEST_09259,1.6439253837990015,-0.9922884412735647,0.46829801326756487
TEST_09260,1.2434561779833013,-0.07196234193161143,-0.2558085519844603
TEST_09261,1.0101807653997488,-0.02177520247333206,0.1510524785046446
TEST_09262,2.0609559891930456,0.30777267501008265,0.03874917057683302
TEST_09263,2.2102200151173563,0.16003212564746266,0.5250476440746944
TEST_09264,3.3821077591085515,-0.5633614647228679,0.8830881683290355
TEST_09265,2.0412799521236464,-1.0999883994913116,-0.8589750962899093
TEST_09266,2.802171460740666,-0.4696431327299996,0.6188636511159241
TEST_09267,3.0266719563168416,-0.22832752187731603,-0.10408348305168472
TEST_09268,2.105230206010842,-0.3026439924282373,-0.004888066077778125
TEST_09269,1.9150817794322235,0.341257020446248,-1.3129220312410093
TEST_09270,2.275105624282319,0.4659398129931245,-0.3634201202018332
TEST_09271,1.7528120342633218,-0.43445764550382604,0.10133364336142214
TEST_09272,2.0812162478649254,-0.4818228223730467,-0.5536427874174809
TEST_09273,2.2243589599241775,0.521026643647857,-0.15905919076154046
TEST_09274,3.495648507622741,-0.7823741856370003,0.8178116685537404
TEST_09275,1.9354027407939278,-0.38360902574620137,0.1010029530805592
TEST_09276,2.0102962384789564,0.1430215550633506,-0.07052907211460094
TEST_09277,3.520879008907474,0.7063686680645083,0.29698529170013804
TEST_09278,3.14923378755474,-0.4083661695099747,0.1878662899538121
TEST_09279,4.771336249904541,-0.04438334293091217,0.3928159325987084
TEST_09280,3.0245529351385874,0.6887050276111478,0.7698028096452499
TEST_09281,1.8086594418938735,1.2324014794106641,-0.13395147951844139
TEST_09282,2.2625728652409505,-0.34260065137332646,0.4245658675190817
TEST_09283,2.65630452920264,1.2248634468762492,0.3850333800959714
TEST_09284,2.428227914729555,0.21410147117548467,-0.12886190113761728
TEST_09285,1.5899816308068635,-0.012226522777920835,0.24520603789277148
TEST_09286,5.107912503623973,0.8123237335253093,0.7004213464910718
TEST_09287,2.6511433179325463,-1.3655223880446798,-0.3823715286046566
TEST_09288,3.3498452376368166,0.9440316357035271,-0.7011419657482416
TEST_09289,4.227103452054888,0.041472564178490545,0.8320033856599991
TEST_09290,1.8255240640079182,0.12449294292505346,0.2882999854114389
TEST_09291,1.5487259391952866,-0.29789085262600457,-0.40654978722028423
TEST_09292,1.2442698706811846,-0.08469522095719491,-0.08072243345493946
TEST_09293,1.1135631791084912,0.14259354669051919,0.1211374361299434
TEST_09294,2.2577245809505797,0.4978512456648086,-0.6700517626899377
TEST_09295,3.0672823402116833,-1.1256480675393365,-0.41186266385077197
TEST_09296,1.0053227378851646,0.582761774343701,-0.3707949496067837
TEST_09297,1.963607730565138,-0.15100370307421257,-0.2962104386142674
TEST_09298,4.3936215867849855,-0.98872602514055,-0.61083339292628
TEST_09299,1.7256058363160474,-0.3304854922864058,-0.33150730150702296
TEST_09300,2.884603406056058,-0.4381066037516157,-0.12434259312201727
TEST_09301,2.10738755942657,-0.44083559992499105,-0.45135473621525335
TEST_09302,1.3956665350594664,0.30833494527892985,0.36558420289860794
TEST_09303,3.238312243381015,-0.2129059077487039,0.11506642842074252
TEST_09304,2.6202621796025665,0.05593655315742514,-0.1327055776817296
TEST_09305,3.3873572547866426,-0.23386799473797437,0.030607482639990972
TEST_09306,1.6199824023418512,0.4456158200500027,0.18154744164122055
TEST_09307,4.243738257132124,0.14457732820277597,-0.7057966473059395
TEST_09308,1.9429733009788728,0.5066155391833129,0.04740400692839448
TEST_09309,3.006987989531595,0.8171363606144916,0.08315542162659953
TEST_09310,4.448363270852683,1.4845269005933721,0.6256586277404771
TEST_09311,3.0364483375208224,-0.637656325051664,-0.4970147919052571
TEST_09312,1.4445320495128264,-0.050435021533035605,-0.002091654137676675
TEST_09313,2.1953128611248807,-0.9862285122301048,0.574700446633018
TEST_09314,3.3529839339149676,0.5325979483308584,-0.6384823858143033
TEST_09315,1.369552562549941,0.6903240453691799,0.3387414759707022
TEST_09316,4.523044628675497,-1.8748230528350733,0.4250578994452992
TEST_09317,1.643384533297436,0.09692247085798414,0.4493917642440983
TEST_09318,2.2319427706836055,0.17543585593253333,-0.8018443036972749
TEST_09319,4.283030941701313,-1.2903697324097407,2.307443071251538
TEST_09320,3.9379733083643873,0.3298896562438889,1.1042691234432873
TEST_09321,4.768338774184988,-2.4842953596017288,1.585296848528738
TEST_09322,3.5012743427276716,-1.7204397810374035,-0.6895676904462743
TEST_09323,1.3085966795782562,1.041862390739122,0.3349774742477968
TEST_09324,2.2400658381205636,-0.25248734348274626,0.5557293350923121
TEST_09325,2.5104547423611843,0.4689432256453282,0.322717403873762
TEST_09326,1.388921677149794,0.3469760009219655,-0.1784821619862094
TEST_09327,4.653751036828263,0.014665028482935279,0.07305603220578953
TEST_09328,4.721475786762635,0.4959685286057557,0.2806892709414804
TEST_09329,2.0972482890602335,0.3172071335383509,0.0949791983625085
TEST_09330,2.7543838345877782,0.045490556983080244,0.6459032335916758
TEST_09331,3.1226771966399824,0.26225584144786207,-0.5180612349582446
TEST_09332,4.467510673744382,-0.7367608966401276,0.24058616915274972
TEST_09333,3.0176421174255927,0.08544576801819845,-0.028670433998593436
TEST_09334,2.9762532248082874,0.40491625904781453,-0.11935900002046758
TEST_09335,4.179701173866574,0.5650040898689581,0.040376097957408166
TEST_09336,2.6048044708503966,-1.1001708159467103,-0.38024487550347214
TEST_09337,1.8647391894896976,-0.22782497665009455,0.8830662052182705
TEST_09338,3.1714479510736653,-0.116841903080436,-1.0704354463205281
TEST_09339,1.1302766207927448,-0.15478244988744203,-0.2866092587509118
TEST_09340,1.0438932981466733,-0.23676609510757746,-0.10678591645409616
TEST_09341,3.565838926116869,-0.21776254238864887,-0.2646715489257496
TEST_09342,1.6846191516034617,-0.6054886399388028,-0.16046859550541934
TEST_09343,4.355726518566991,0.18960505159264113,1.3633462882854577
TEST_09344,2.042654220738835,-0.6724028438006893,0.39721315352169584
TEST_09345,4.058455746186209,1.6373911532772187,0.4578711861810758
TEST_09346,1.9889228724315824,-0.32434267498826613,-0.5133874974550536
TEST_09347,3.6759623485913626,0.3606632028249063,0.4626881443257482
TEST_09348,2.745707196763636,-0.6715985349524399,0.3202130922948278
TEST_09349,4.170727121227943,1.568288696917379,-0.8877746999007691
TEST_09350,2.339530105594302,-0.7348152897356653,-0.3938957338602526
TEST_09351,1.7423309924936665,-0.24375274378310527,0.20551003139624194
TEST_09352,2.9408731861145485,0.8907792822442676,-0.6794715086485824
TEST_09353,2.833631691333884,0.20449088259843703,0.7733023398198454
TEST_09354,1.095281078601647,0.11663488215503565,0.11781579359834485
TEST_09355,1.84509667412214,-0.9420138538982998,0.36759969490733463
TEST_09356,3.934259971403773,-1.6074171139386462,0.309275279422898
TEST_09357,3.0465188157205447,-0.5614686304736226,0.36145226917731565
TEST_09358,1.4605284164244665,0.1937324967036826,0.4519441134598618
TEST_09359,3.7453534606939236,-1.6918605607468655,0.7648858356780787
TEST_09360,4.477647360543976,-1.6247974430095207,0.19614196247799343
TEST_09361,1.4854343229728908,-1.251661002616779,-0.012261500723701677
TEST_09362,2.582082712971103,0.12997195720412488,-0.3998658578897084
TEST_09363,3.9449271408557864,-1.352221934769665,-0.5910957814676794
TEST_09364,2.2512688586909597,0.21793836592119617,0.4783558366136284
TEST_09365,1.129528486752081,-0.16098343217881098,-0.3559920474177591
TEST_09366,3.5457958326748242,0.05641980112065649,0.03309709717756919
TEST_09367,1.2633737617677259,-0.055578031959438244,0.24776242387406724
TEST_09368,2.926198281779174,0.9379460743606591,0.17050913098463083
TEST_09369,2.39778112155693,0.43287528909045486,0.34977577892390155
TEST_09370,0.8124354118267116,0.27271391802261363,0.21320206549742063
TEST_09371,1.6102028646580109,0.07710675051176812,0.383981912199691
TEST_09372,2.145164603527909,-0.5678612349396265,-0.5744910366727782
TEST_09373,2.4346290790032867,-0.44432183873005066,0.2334900678175359
TEST_09374,3.4129223956300927,-1.2402147200596298,-0.6234385545973734
TEST_09375,1.0529781353046672,-0.28825912710645124,0.17264744834795684
TEST_09376,2.486357951434331,-1.042106159127938,0.6595115895161135
TEST_09377,3.8255228951448133,-2.0705211394302863,1.4884446404280027
TEST_09378,3.1216336702517418,-0.8073567988203426,-0.16468469407235664
TEST_09379,3.042952459497537,-1.005098736868705,0.7209903555728288
TEST_09380,2.3292934312323847,0.20417586683865155,0.10073415859300172
TEST_09381,2.3563949291600776,-0.4330367595331985,0.18640845342658605
TEST_09382,1.9036201654053648,-0.2912714216864679,0.4894681780870467
TEST_09383,3.7141169440122166,-0.5495045922762726,-0.694277873951648
TEST_09384,2.4578032929470877,0.13939068237575372,-0.043849213522342695
TEST_09385,3.561013848577096,-0.14695557796194728,0.8498181682427052
TEST_09386,2.8209401919886905,0.5097796980613557,0.5031301017645099
TEST_09387,3.0261961322408872,0.24401490761952,0.5969669846474825
TEST_09388,2.849920077365499,0.39905348007417085,-0.6419919759154972
TEST_09389,3.284448305302788,-0.5063710675178956,-0.7274746003728557
TEST_09390,3.998048292101312,-1.4366876494222047,-0.7351755175265975
TEST_09391,2.69557455828719,0.41877587125953086,0.5787264467114154
TEST_09392,1.0463408331253092,-0.1904546170651916,-0.2783465631560524
TEST_09393,2.405411547170802,-0.9050062899698554,-0.48484401341708094
TEST_09394,3.3606352321176964,-0.44631995368360294,0.0898692918817703
TEST_09395,1.2678579088913968,-0.3997254294156702,-0.2637932630166384
TEST_09396,2.6990621186741475,-0.08568509396740014,0.2676925685116441
TEST_09397,1.3729691412802032,-0.031721856613034685,0.0014335639643941172
TEST_09398,2.3656984218230455,0.723556222647877,-0.020350065225392906
TEST_09399,3.561800121218813,1.7779522866631006,-0.4181376374723745
TEST_09400,1.667847932820209,0.28236211378560666,0.47032442741652736
TEST_09401,3.3749716261403457,0.5292533885565583,-0.7604394484066416
TEST_09402,3.1979808385859387,-0.9471118463724773,0.27177519042912995
TEST_09403,1.6938608073212715,0.45333621756644116,0.2305457926307139
TEST_09404,3.239034830489175,-0.41304519259777545,-0.1323587125808919
TEST_09405,1.264548845043971,0.6475280370985312,-0.154811140324842
TEST_09406,4.922110332889588,0.5715507990310378,-0.8175038484322895
TEST_09407,3.5767900639967363,1.1577295216920793,-0.21913247187899118
TEST_09408,1.8172239514490487,-0.626176932901233,-0.5734024080159202
TEST_09409,1.46645037388532,0.651397733358685,-0.09400229773310165
TEST_09410,2.2769833385676335,0.7063332593329688,0.4491469186139351
TEST_09411,2.4070646958663917,-0.09208456732221008,0.22998967281266033
TEST_09412,4.954292936836204,-1.112936659522148,-0.2894565394960734
TEST_09413,3.0429084503662858,0.6500049107507277,0.08184698120638687
TEST_09414,1.7245089477373576,-0.8325973094680419,-0.3605909113761865
TEST_09415,2.6803590964552524,0.18301763201629556,-0.16021300716875947
TEST_09416,2.6121652839975007,0.05452924271194983,0.9504136460530616
TEST_09417,3.8385671378913013,2.321122173489713,0.6021110781428611
TEST_09418,4.423813761255515,-0.05081653858738849,1.4512359147957854
TEST_09419,3.1365697494653264,-1.3658915706958115,-0.17773220689098512
TEST_09420,1.7596792845834848,-0.7096397722391634,0.3682970979611885
TEST_09421,2.0919090207822286,-0.4449907771959066,-0.32927563821126826
TEST_09422,1.4553694387747578,-0.5257585418152241,0.42528533887390374
TEST_09423,3.9020011200323297,-0.30205672644066855,0.4703215463853889
TEST_09424,1.3554409187695322,0.07745840283961382,0.3478606255191956
TEST_09425,3.6051740083239197,0.8066640850705634,0.5491981479215458
TEST_09426,1.8950193280271777,0.2184120467483741,-0.7993923503175837
TEST_09427,3.323442867733333,-0.6013614142714561,0.18920319338220018
TEST_09428,2.5919055734408327,-0.3277948925176951,0.023760669060851412
TEST_09429,4.126992792783267,-1.0791169053836789,0.21999691161751286
TEST_09430,3.3755546376321286,0.7414057746995872,0.6744938938343017
TEST_09431,1.7272026503060887,0.6394989460780381,0.1847383468809562
TEST_09432,2.663097304718846,-0.9230236619635189,1.1703682041294932
TEST_09433,2.5827856866739554,0.05096591893263072,-0.004839282399780048
TEST_09434,1.9136178773521146,-0.4144482538541784,0.18262235996570012
TEST_09435,1.3967145666546452,0.2584004048913023,-0.43444719893147116
TEST_09436,4.502011454746008,1.9034632205648114,-0.004779998314095859
TEST_09437,3.4178260475091307,-1.4884436171238538,-0.7019157561901668
TEST_09438,1.3003050610463445,0.013835624866296907,-0.45005850317324925
TEST_09439,5.91984821344192,-1.6977180969017085,-0.1103336494861032
TEST_09440,2.4878004341336397,-0.6723349710096599,0.04033910040394052
TEST_09441,3.1728358809731407,-1.181396493424797,-1.0314406277563801
TEST_09442,0.46449059263914333,0.3595493425754056,-0.20467025241762982
TEST_09443,2.523107538122727,-1.5902579358264626,0.9133587280709142
TEST_09444,2.0024621483699594,0.040956226124544366,-0.09134301529710932
TEST_09445,2.777098155392811,-0.30366844148434163,-0.07536289249675934
TEST_09446,4.35789309288964,-1.2710834288131747,-0.43532757930873756
TEST_09447,4.952211829276138,-0.6656751458337821,0.8174642594746617
TEST_09448,2.655763920733412,-1.3498704293219255,-0.09905347181033046
TEST_09449,2.4353699294195494,0.06806560077616633,0.24811314044060748
TEST_09450,3.134956806221371,0.6447098011404738,0.8231496577490163
TEST_09451,1.4209683845497465,-0.22406772255700125,-0.26633253588912154
TEST_09452,3.2118697180481734,0.989997563946019,-0.2307140999824183
TEST_09453,1.0946917947787138,-0.04079648604917425,0.29662618965742554
TEST_09454,1.518298977743722,0.5199534819303283,-0.09789214583348756
TEST_09455,2.302508836930645,0.6640756341004306,-0.5666555252366038
TEST_09456,3.1888034427879512,0.21501114068229715,-0.06332426745926706
TEST_09457,3.182001977296129,-0.1490367701556383,0.5958829249583201
TEST_09458,5.539106051064852,0.3337946777041475,-1.1471926097341458
TEST_09459,1.3423608501649413,0.5791128852569739,-0.41215099804715616
TEST_09460,2.717970532471683,0.5093191453883054,0.25272166417447045
TEST_09461,2.426846333296299,-0.4805346903744589,-0.3837859786581254
TEST_09462,1.9259678997963008,-0.23534988491093536,-0.19357546177719623
TEST_09463,1.936401893738112,0.549643220826449,-0.2588628918170045
TEST_09464,2.834149017546695,0.13252726610277882,0.18362514843389613
TEST_09465,3.0768131815082325,-0.54293961466997,1.6299932885262607
TEST_09466,2.52457242033473,0.44170814490516214,-0.12483949718809312
TEST_09467,1.1610630773043342,0.22747502951533244,0.1254382908188305
TEST_09468,3.4298087310455463,1.3357243309634705,-1.1439956566326812
TEST_09469,3.67018991006573,0.5462319651434563,0.5039926000501695
TEST_09470,2.775722137710823,1.5320136583598816,0.12311168057423652
TEST_09471,1.0677656595737006,-0.370356045506667,0.026542161703611775
TEST_09472,3.352324244649897,1.439404335744079,0.16916641585025982
TEST_09473,2.6133647085477376,-1.4289072810019543,-0.3244978067805233
TEST_09474,3.61271994503744,-0.48689450210786694,-0.14129408202560098
TEST_09475,1.714054189661778,-0.0523949472137962,0.2957287840576331
TEST_09476,1.836474557007964,0.6771758498515179,0.04402330283688133
TEST_09477,3.756769296014367,-0.38462087153931174,0.4501031721433237
TEST_09478,2.7857981501710745,-0.0352248309475095,-0.5067453864933945
TEST_09479,5.156648801708805,-0.5044890538583214,1.428994378154674
TEST_09480,4.000597993395722,0.22163222023315862,-1.4149529543195491
TEST_09481,4.776912703659055,1.7723038671236038,-0.5726993800298031
TEST_09482,1.3183694458739674,0.07206957931043549,-0.3335332228110357
TEST_09483,3.9803353403575765,-2.2456416106011776,0.6022297464896729
TEST_09484,3.3224331505118427,-0.1558643786632371,1.0798054348916601
TEST_09485,2.082615819037728,0.16167113242164793,0.3730908449035492
TEST_09486,4.766916233357548,-0.4485578493537846,-0.3985819054453924
TEST_09487,2.8155012858020676,0.8557640330362634,-0.43917643499114556
TEST_09488,4.9605145337268,-1.2836456421038307,0.559418902172895
TEST_09489,3.4628173079545204,0.028168825993123668,-0.1660609870538471
TEST_09490,2.3843245434674043,0.16264197330593708,-0.2214994948499183
TEST_09491,3.356681787380357,-0.2266007047453451,-0.13955473196142923
TEST_09492,1.301231702130777,0.3955366534562762,-0.0015198738403016717
TEST_09493,1.1025203305724338,-0.1262271160264031,-0.06585074952929415
TEST_09494,1.6538816861206869,0.9684234053422941,0.6727971692459287
TEST_09495,1.7098221843768644,-0.5151225831183126,0.021652562726908194
TEST_09496,2.36988610169993,0.9373148539323994,0.40914070117649237
TEST_09497,4.056653746193472,1.518538182005785,1.293022986047756
TEST_09498,3.819639886065575,-1.224012075308153,0.7138923199693535
TEST_09499,2.9794264654029208,-0.04318534568064728,-0.8841664256344742
TEST_09500,1.7031983150806638,-0.033311775566065974,0.20457561130820906
TEST_09501,3.088242453986752,-0.5399568050237413,-0.15436127680717182
TEST_09502,1.7924886235714943,0.2696792451523134,-0.32829969272671333
TEST_09503,3.8729482271928446,0.32049551659828174,0.47697023462879734
TEST_09504,3.0402737481336417,-0.6878569484952077,-0.6552000758885996
TEST_09505,4.157931305627075,-1.1247590882335186,1.9773333218772189
TEST_09506,3.169593996907955,0.3983595627314102,-0.8447118296588075
TEST_09507,2.2269982339861634,0.485348480754967,0.4384555535537862
TEST_09508,3.068215389371087,-0.1645465184597102,0.4914761425572688
TEST_09509,2.1354778379627133,-0.2519757806012563,-0.32091024489292297
TEST_09510,2.7340532378315796,-0.8624414349008497,-0.43433273183563886
TEST_09511,2.038146781070721,-0.4373702980081758,0.13504561586653283
TEST_09512,2.1054676977054623,-0.7939892968395735,0.8038071107459028
TEST_09513,2.2503297214808566,0.06961562552978928,0.3168096234025643
TEST_09514,2.4229714680427934,-0.10534370165068056,0.10290642262567139
TEST_09515,0.9546774892896798,0.08675668626293115,0.2277419983758771
TEST_09516,4.779360190683111,-0.7235346939499094,0.7692861527855304
TEST_09517,2.1040146959742447,0.5945808429194541,0.5948862205247104
TEST_09518,2.205671683343506,-0.33774828280847147,-0.5361052760124462
TEST_09519,4.464611358265245,-0.4316206479396767,0.8481053696788755
TEST_09520,1.4453677604410435,-0.8622601771540291,-0.35158197761322224
TEST_09521,3.3917064885597292,1.4364277868996698,-0.8762868116689078
TEST_09522,3.9786437949163207,-1.4266860086622906,-0.01893635429235511
TEST_09523,1.8398780333463647,-2.1430353022666915,-0.28695112921913857
TEST_09524,3.1402971115011997,-0.5199262473506585,-0.9930526472501845
TEST_09525,1.8989933812348962,-0.007618305617184627,-0.38024995388542243
TEST_09526,3.3347860188421907,-0.5788001319746674,0.2956347578740933
TEST_09527,4.819603858391544,1.6454953517184214,-1.017083711177979
TEST_09528,2.0259838883880223,-0.47659485247521416,0.6171552182267801
TEST_09529,3.0802067765383945,0.04773730421550212,0.23819048952861702
TEST_09530,2.9859772151213027,-0.23079306191915816,0.1728134599753345
TEST_09531,1.0498677447146132,0.012325350219169886,0.16928068713939923
TEST_09532,2.2332273927535478,-1.1293424763319377,-0.6408978385343346
TEST_09533,2.2736732221656037,-0.12902052072930392,-0.08093555060125279
TEST_09534,3.0462501609127006,1.1595138238874654,1.2009249523927703
TEST_09535,2.065170429134404,-0.024423165977035217,0.2074559694829509
TEST_09536,1.7859870658438555,-0.9950532433661358,-1.0092747020893134
TEST_09537,3.183626915539238,0.9111009293604662,-0.35353822753257785
TEST_09538,4.7318468440465224,-0.6924358873158833,1.0984300221404064
TEST_09539,2.9176800458393206,0.1879669506513331,-0.04689010413435267
TEST_09540,2.705368449562003,0.2590827636985689,-0.00557358493240381
TEST_09541,3.3739316217161535,-0.6140876457399146,1.037807883306562
TEST_09542,1.1330013802318093,0.2887074251223536,-0.2448661297242023
TEST_09543,2.120028426531222,-0.3395604382415927,0.341408134745525
TEST_09544,2.204248413876424,-0.1709171910993513,0.34794012222641885
TEST_09545,4.69395840045357,1.3037681808114856,1.511350751908692
TEST_09546,3.208780620243189,-0.439479114861144,-0.5052014904133254
TEST_09547,1.3272131493242825,0.12969019014584937,-0.23586097107111345
TEST_09548,3.022963402614195,-1.3618581809699994,0.5596626953744609
TEST_09549,1.690270106526231,-0.24540180777939666,-0.5857799954141301
TEST_09550,2.7331121431327783,-0.6015842543055077,-0.6969606531213257
TEST_09551,3.011304256649636,-0.43404801334369464,0.34988197571721186
TEST_09552,1.9845778946455577,0.6554571240748196,0.8042006765835759
TEST_09553,2.83816150059806,-0.8335828187650663,0.5808566278165582
TEST_09554,1.300508059123779,0.18225296496217228,0.09522102852346621
TEST_09555,2.0149393672737075,0.16262796696108037,0.008262807730595142
TEST_09556,3.808803958652435,0.08793052767818554,0.4853231427057508
TEST_09557,1.1646995589470812,-0.4599095374556989,0.07097889240165642
TEST_09558,1.720336244508982,0.7770608440080444,-0.15371506488692396
TEST_09559,3.6183313723856347,-1.3494052693025707,2.084273265780213
TEST_09560,2.984439998077437,-1.520320850501142,0.7159033534415392
TEST_09561,2.217974549466366,-0.2733696060244931,0.6225482149560263
TEST_09562,1.5903018630702404,-1.1289602458200625,0.5896947819488473
TEST_09563,2.374204754866774,0.09379363614081504,-0.28538866811550456
TEST_09564,1.6606950256351982,-0.041312432988719096,0.31503544633824754
TEST_09565,2.1710394583693917,-0.10924545526223689,-0.12173705073583461
TEST_09566,1.5116893577153498,-0.27920126979742815,0.29061086265752994
TEST_09567,4.800254237113102,0.3211837153084442,0.14814042794397336
TEST_09568,2.7517272794735734,1.7764190304720124,-0.5111807576965056
TEST_09569,1.8383571976317696,-0.4119519931646294,0.2882210496914315
TEST_09570,1.7951214850674113,-0.23422199344384687,0.10070672394004333
TEST_09571,2.0070398117503947,-0.5274449172651844,-0.24595161475065536
TEST_09572,2.414230604278989,1.0017720077797332,0.28841270187709356
TEST_09573,1.8221866850585848,0.258139256403001,0.42501327511558756
TEST_09574,2.7217609826809204,1.192975845437061,0.8465182154643034
TEST_09575,3.117977164984293,-0.16690189081546422,-0.8300568365397021
TEST_09576,2.429906548495685,-1.2569112378080587,0.15898037178312993
TEST_09577,1.9050597230535862,-0.09796901532534466,0.0681762295767491
TEST_09578,3.898869196753196,0.5080693478392975,-0.8193228690722411
TEST_09579,1.3782350856046284,0.9082641078605316,-0.33678842362404066
TEST_09580,2.062958265831269,0.09730017165079416,-0.5147052839322838
TEST_09581,2.0380127275959343,-0.6173216638202339,-0.7195003816044201
TEST_09582,1.6169423457537908,0.02504327271768088,-0.31160659578136884
TEST_09583,3.0899094568646217,-0.934590202240067,0.8492831542044136
TEST_09584,2.8748759224003138,0.40806197594743476,-0.46208999825886393
TEST_09585,4.428334855235136,0.9236655839362662,0.4835210355077315
TEST_09586,1.6962587371465228,0.48214757043795176,-0.14223136916227808
TEST_09587,3.060634023711607,0.5416195527235448,0.5959989197749875
TEST_09588,2.5643242234688843,-0.6130438105201212,0.41365224143209234
TEST_09589,4.038108638390813,1.4873534061887976,0.29619915376811196
TEST_09590,3.0587243690227703,0.17959215334138517,0.8143514354176118
TEST_09591,2.7897963172333142,0.2983401765046343,-0.3572052689472944
TEST_09592,3.6631320952441735,1.6683904745609444,1.912976811170288
TEST_09593,3.2530753677846294,0.3390931873332605,0.7134645759613545
TEST_09594,3.592371661849964,-0.7601486250720313,0.56493046934433
TEST_09595,2.1374491616127105,-0.2327018319652214,-0.8411871300864003
TEST_09596,3.7603573058753925,-0.44299993458069614,-0.4534209272937587
TEST_09597,3.2215600185265605,2.3023323826058517,0.6275067607142008
TEST_09598,2.154664435066758,1.0303413984481968,-0.05979633192143407
TEST_09599,3.574473481771913,0.8104043106585147,2.0041177462313993
TEST_09600,3.5677114020591105,0.10081275462494452,1.2679875043396702
TEST_09601,1.0061152165186749,0.2965564125338599,-0.19980888946189546
TEST_09602,1.7275827286546088,0.6416555289227971,0.4439584243612598
TEST_09603,2.2915676569061807,2.0085265561408034,-0.11885226287803048
TEST_09604,2.9128297201348707,0.09019354703818125,-0.1433474358267048
TEST_09605,1.5091070741770822,0.2092251693368849,-0.339397496544099
TEST_09606,2.1501863713816736,-0.15715638338769153,0.198078751394251
TEST_09607,4.0181276035926095,-0.11371483492757749,0.9374193095900761
TEST_09608,4.858533877361099,-0.5487701923270509,0.1298212205214461
TEST_09609,3.6593639421337962,0.10538369062815776,0.1677316805520902
TEST_09610,2.6201561562479863,0.017509541883923962,0.7085832619059758
TEST_09611,2.2829978167725207,-0.14305424735401454,-0.4624798776075244
TEST_09612,3.5168543631307045,-0.7733454848831705,0.37078907703385977
TEST_09613,1.0167952257706114,-0.40881319908001557,0.19959366873575696
TEST_09614,2.9335900768400167,-0.8588509579580533,0.1276420582598304
TEST_09615,3.65673651752521,0.08819297980772789,0.6072990442172448
TEST_09616,2.6818582657704564,-0.35029357680953105,-0.3041592548004868
TEST_09617,3.948764641518612,1.22661966503508,1.2540736294085582
TEST_09618,1.3713323610867771,0.32096137421232157,0.3704232356047017
TEST_09619,1.6053857873851995,-0.4619873845050868,-0.5440626417351242
TEST_09620,2.01861542601649,-0.19997522582819469,-0.020076913452281887
TEST_09621,3.536866257546708,-6.2391276134405455e-06,0.017145435448641364
TEST_09622,1.7809497259257108,0.092744681411243,0.4162218287625928
TEST_09623,2.119614186099682,-0.33969725432907527,0.6559525021590102
TEST_09624,3.456694078671127,-0.24007528442710752,-0.17250464585580313
TEST_09625,4.808606144770897,1.0206537763948929,0.6002000715168417
TEST_09626,2.669378453881163,-0.3284206751164864,-0.6248169659716644
TEST_09627,1.9767299867721557,0.3297283939696703,0.6066481425289941
TEST_09628,1.8032467696676424,-0.10278948560094245,0.25385756999257225
TEST_09629,2.0388251696582844,-0.37566742469638065,-0.758360780914221
TEST_09630,3.825264680564109,0.8173211209829404,-0.11640162350948532
TEST_09631,2.630103178773272,0.16693627243526749,-0.06978389800184173
TEST_09632,3.2057296686437846,-1.1875576775400198,-0.5813774342902304
TEST_09633,1.6867438493534022,-0.11747852303376548,-0.4767457394661863
TEST_09634,1.9305048750713483,0.15714755673898567,-0.3593328475773905
TEST_09635,0.8151212904992203,0.2763564819280052,-0.12821075182545955
TEST_09636,2.3757419822392074,1.098449775675402,-0.6635169517847639
TEST_09637,3.3734711769170147,0.39364070565667725,0.7063687275706606
TEST_09638,3.623049520174382,-0.12768847941731168,0.39141612780780827
TEST_09639,1.9880930854677725,0.8600029724871288,0.5886257344694847
TEST_09640,1.971494233303725,-1.2598976278989455,0.03441947511895397
TEST_09641,4.224919542609233,1.0804983175939769,0.8903310501584538
TEST_09642,1.8153334188532042,-0.38639065667693534,-0.739853734816089
TEST_09643,0.9863109209794534,-1.010790932100581,-0.1627262176883824
TEST_09644,2.303615320631119,0.949655255003594,0.5218100651846487
TEST_09645,1.7690052068096356,-0.9374984547920931,0.3309040170896501
TEST_09646,3.6452053809346205,0.00965915567388118,-0.26429163552658563
TEST_09647,3.605861268956723,1.1829659896050047,-0.39758326056369026
TEST_09648,1.2897080721612142,-0.9128370941215114,0.38506526340729613
TEST_09649,3.771415436854107,0.0058703345125624565,-0.06425720367545747
TEST_09650,2.147403870073738,0.056281393934895695,0.5066156594649045
TEST_09651,2.225932608994141,-0.05259458367022458,0.06167760244171265
TEST_09652,5.109869865293302,-0.43217751518849795,1.1632743789905977
TEST_09653,2.3183541923049487,0.2806391918703689,-0.40028581047958484
TEST_09654,3.3919329045813917,1.7871091815765163,0.18682686822583974
TEST_09655,3.026263941794619,-0.2224208416424332,0.4099285555932302
TEST_09656,2.1225777967720716,-0.31909309920726003,-0.8062050820670261
TEST_09657,1.8598471233586122,0.3962861986667268,-0.3391795066770434
TEST_09658,2.423347196251906,-1.56858055850452,-0.7843338642243635
TEST_09659,3.60642100219224,0.47089931654827993,0.31584810608474706
TEST_09660,2.428194758028101,-0.2058233374498386,0.01750326830608052
TEST_09661,3.3176603098404613,-0.3042037015440396,-0.0346459024442489
TEST_09662,2.0604691525808434,0.14322817225755252,0.2960660069915677
TEST_09663,3.0150096915093543,-0.5213719286234981,0.299894964900206
TEST_09664,3.820746001617193,0.0037300699624283223,0.19187139235990258
TEST_09665,1.7092806512577914,0.3944635430810129,1.039540831488263
TEST_09666,2.490529429293225,0.18478733322817287,-1.2617580114836564
TEST_09667,4.28835793483013,-0.42778586932741103,0.15803811014303001
TEST_09668,2.759364798991846,-0.6425915677318493,0.47176587535027825
TEST_09669,5.061269444603706,0.9339168725656406,0.015426965878081181
TEST_09670,1.0391804873660875,-0.37727103736144757,-0.0468498116387681
TEST_09671,1.3635876145849744,-0.1408345749795098,-0.028641919314975457
TEST_09672,2.514715791718445,1.5064130386039045,1.2088327551464129
TEST_09673,3.4050824195820306,-0.42532980230612993,-1.1676977798519255
TEST_09674,1.8338642820935744,0.1718300179039969,-0.2658185487854909
TEST_09675,2.3787051584348915,-0.6591291049056509,-0.633303961190345
TEST_09676,1.555834388596377,-0.7878546287754893,-0.15062103265340285
TEST_09677,1.350260283591348,0.2969477944082753,0.1711172893533114
TEST_09678,3.44931732041704,0.7945334587111487,-0.9199497827797743
TEST_09679,2.370001315892676,0.648153332552437,-0.2306753792795867
TEST_09680,4.447213073926596,-1.8945935367415314,-0.2283033497096912
TEST_09681,4.60915686102837,0.37430720159161035,-0.18928944519536264
TEST_09682,2.595631323080611,0.738924887567634,1.3228017760174373
TEST_09683,1.4008556181879772,0.4042256389018375,-0.43143170911464696
TEST_09684,3.7156720116409065,0.9687612592705516,0.24075898718778718
TEST_09685,0.876281203796049,0.1200667869833226,-0.17809836124014533
TEST_09686,3.4025599549396817,0.9498185790520735,0.36098578016813077
TEST_09687,3.500946890398341,1.0922495100511949,0.4774938298764161
TEST_09688,5.344698599523219,-1.1954804756400996,0.6489195247311526
TEST_09689,3.809419544526237,-0.14399460685804152,0.3463461480951463
TEST_09690,2.1081941069763586,0.5095610019811445,-0.3327308738908121
TEST_09691,3.3581377142827176,-0.3495567751443149,-0.37835966995613823
TEST_09692,1.2407061952937672,-0.18330910388642685,0.14732229610408007
TEST_09693,3.25311410061778,0.6236549087124329,-0.5512157691646321
TEST_09694,1.123740871111734,-0.5636753533434533,-0.2735184526126399
TEST_09695,1.996949480897529,-0.08186209690467076,0.48753100369891406
TEST_09696,3.03107995360497,1.1313248913645018,1.9015203509759524
TEST_09697,2.9988379614850134,0.36241316489391,0.06450385054825594
TEST_09698,1.7892995829367233,1.4171580166007112,-0.35738114746984356
TEST_09699,4.6940256863708285,1.4397850566870158,0.5863098656310857
TEST_09700,1.95727571782877,0.5230378270929682,0.5208564225179605
TEST_09701,3.0174869517297918,-0.07347442125254981,-0.18216993990622488
TEST_09702,1.7130849277879507,-0.5035268394498384,-0.12629648113180333
TEST_09703,3.009714786561674,0.7659868814911176,-0.22259056058837956
TEST_09704,3.487338787545564,0.3221248190151017,1.048492404761663
TEST_09705,5.648948998480215,1.0119587959770877,-0.37489135834259524
TEST_09706,2.87481649617003,-0.6058265635347746,0.48010016760528373
TEST_09707,3.6087227474591983,0.07377635248892392,0.40127785029629714
TEST_09708,1.5250425043290994,0.6595452234637588,-0.4472946504043906
TEST_09709,2.458591386770007,-1.2772479680777116,0.06848626990289805
TEST_09710,2.94942525417758,0.04706155985931733,0.9286971382915422
TEST_09711,3.0756697709453906,-1.0080998634904998,-0.7080198776717382
TEST_09712,1.820693383837325,0.39719445426917305,0.16647700823563322
TEST_09713,1.7699823600832456,0.18129915608070826,0.24329600873429855
TEST_09714,2.601022433528057,-0.16278712421516553,0.10569421847524663
TEST_09715,2.2864428290940704,-1.1666139967098688,-1.0070485486406306
TEST_09716,3.4441710820981024,1.5952574643297852,0.05370952271332441
TEST_09717,3.2435209771141835,-0.7125493928752284,-0.36317374819428283
TEST_09718,1.5919159374554301,0.9084254214602544,-0.16346527056702015
TEST_09719,2.8195430888441155,-1.3573796268665081,1.1821851169971667
TEST_09720,2.823868318768786,-1.7965639819329986,-0.855866887771821
TEST_09721,4.1251490518097365,1.090422157390972,0.525200810167623
TEST_09722,2.6983435252681396,-0.4973508197726153,1.5389804951138344
TEST_09723,4.248201325111949,-1.3048439982964983,0.5640843588507739
TEST_09724,2.429698493607305,-0.02278358801580696,-0.17180342219161607
TEST_09725,1.3318919271876515,-0.31104766328700634,0.18132688178339593
TEST_09726,1.811921166528089,-0.8710868835837048,-0.3419578500642267
TEST_09727,1.9277955495948003,-0.4365921071776006,0.2537987963389088
TEST_09728,6.241156681759013,1.8696144344258288,-0.9016508546401157
TEST_09729,1.5270901862420683,0.2747694706503311,0.15825203729923426
TEST_09730,3.14013704367686,-0.3392602382970908,-0.7255375220775642
TEST_09731,4.267948860294757,-0.21596016553969363,-0.6269184558959857
TEST_09732,2.312201756744299,0.8333854799492895,-0.4778325236095661
TEST_09733,0.8503665463995872,-0.053829888083611686,0.02336235032955233
TEST_09734,2.6300141520695304,0.37978386080049753,1.5379209583797457
TEST_09735,2.0372761529087815,0.6430094774974284,0.43623524872206276
TEST_09736,2.137491511176503,0.007601850584105151,1.2936881466131478
TEST_09737,3.37924947084921,-0.9669853388547108,0.04199235485871985
TEST_09738,3.2515010534820723,0.5438756609709833,1.3451590233953716
TEST_09739,1.9354975474320018,0.6007954127119529,-0.022826689818081395
TEST_09740,1.471962042978047,0.0693213873170921,0.2603709233977069
TEST_09741,2.350191037149198,0.113551481094785,0.30731949496535227
TEST_09742,1.3011718333357194,-0.42121430279090083,0.2467871133377213
TEST_09743,1.7900476417947098,0.6675129468616978,-0.24567906395270148
TEST_09744,3.9294953686308776,0.05200067127294641,0.34459062328219514
TEST_09745,2.862732240769356,-1.6425802680512849,-0.8035912999805142
TEST_09746,3.374878255989203,0.5635833868346374,-0.7437920323436897
TEST_09747,3.4935664075893786,0.32622499474634303,0.031073501288991563
TEST_09748,2.691365985428867,0.13579407777830715,0.7154484192704302
TEST_09749,4.5033943905866565,0.3875046844220914,0.7166749907744431
TEST_09750,4.8615366460538825,-0.2561610197598669,-0.3936470203121939
TEST_09751,1.5233565195448497,-0.14358205737398216,0.024005057202299306
TEST_09752,3.232541608387949,-0.8387421277343535,-1.1096115474931028
TEST_09753,2.3246140558051067,-0.28266112526100284,0.197392931778245
TEST_09754,1.9683544603393712,-0.30031476908612514,0.3049952636204155
TEST_09755,1.0728141388829606,0.16022950559203644,-0.0479814491274654
TEST_09756,2.4680634215745894,-0.048556018534167314,0.21111740255712677
TEST_09757,1.5164007116063032,0.7016479920340154,0.42192242308944344
TEST_09758,1.9629290830202695,-0.7685177534937456,0.8983344151106102
TEST_09759,3.108544723991831,1.8460718263750036,-0.27787075747348156
TEST_09760,4.249840084495901,-1.8409123599856732,0.2857162481012898
TEST_09761,4.792156906781499,-0.2227526368005814,0.5190936328722692
TEST_09762,1.7762677438917356,0.11737929243004312,0.6686955423074494
TEST_09763,1.339438927938552,1.0783693473704496,0.5932513445933107
TEST_09764,1.5164939010446363,-0.005152653564917505,0.2412461899768336
TEST_09765,1.9903991811240807,-0.2959009785722683,-0.20968164531514782
TEST_09766,1.4857935509415376,0.3030589851707364,-0.07347370746676937
TEST_09767,4.423062409237614,1.04554846602129,-0.8306578130293414
TEST_09768,1.4977968994795772,-0.362382097989931,0.34694682242318725
TEST_09769,2.997495835718074,0.14143817732496772,0.33160576703450206
TEST_09770,1.9819835793473342,0.2609864538364206,-0.5868354404517132
TEST_09771,3.5939344711598507,-0.41056701949249075,-0.05823808097689728
TEST_09772,2.991843040921753,0.48544683178132514,1.1516389713977164
TEST_09773,1.3006473743785076,0.031953897868001804,0.13734075530318332
TEST_09774,1.632487452763,-0.07425299769158619,0.5136218913710477
TEST_09775,3.1408070147791767,0.3103454057268579,0.678804522939439
TEST_09776,2.1954985503416986,0.5331842930476612,1.1167775230976227
TEST_09777,2.0153737569850687,0.5644806902400273,-0.2596318295284885
TEST_09778,4.847330473181377,-0.857289740692061,0.2967446095682321
TEST_09779,2.6221981528955913,-0.6410976978846239,-0.6168007814310207
TEST_09780,2.4621546876336593,0.409133118521785,-0.2924651284971407
TEST_09781,3.231401648074667,-0.2842837050095971,0.43165581231487116
TEST_09782,1.4864308519730094,0.3317036404691221,0.36627352728836277
TEST_09783,3.0759695066724833,-0.5159883677396562,-0.8279047623367162
TEST_09784,3.8578206127212664,-0.0655177797471357,0.9134502348533098
TEST_09785,4.2826586107292615,0.5457724813584588,0.5954043635211952
TEST_09786,2.3720023834683683,-0.45296056172132426,0.9124344292780352
TEST_09787,4.248877174958789,0.554247103850736,0.0708001290943603
TEST_09788,2.023202198251332,-0.20401588910227902,-0.27666078222861407
TEST_09789,4.392739880201453,-0.7754339356397528,-0.01992539254404711
TEST_09790,1.1392083372025588,-0.06768479028002765,0.3493795366550911
TEST_09791,2.353907977821568,-0.04794790910633297,-0.050012661786085905
TEST_09792,2.3787175395525892,-1.4679019182228317,-0.2715696816228061
TEST_09793,3.052128088307974,-1.5498310950736476,1.1261939573238515
TEST_09794,2.9678306923794078,0.19868996592618654,0.620997973212184
TEST_09795,1.915075630551475,-1.1201980006725962,0.2519940877715273
TEST_09796,1.8770097124046785,0.26893202533351857,-0.2669865430691949
TEST_09797,2.1106780664642857,-0.30510359622978195,0.495642837972951
TEST_09798,2.2465008075097535,0.280400880727657,0.7880191873444888
TEST_09799,5.471439100864267,1.1455617624915246,2.077776202033481
TEST_09800,4.347769600107522,0.6075620437403618,0.5300488512649176
TEST_09801,2.0186862277264273,-0.9425328892450537,-0.3641547972590987
TEST_09802,3.99411629516314,0.04708171849052205,0.408776499501144
TEST_09803,1.2594812883623197,-1.49435851374959,0.17262855431486648
TEST_09804,2.2267481650682517,0.17185347063315845,-0.02138516142992501
TEST_09805,2.8133408949258434,0.7753989277760183,-0.533953939550474
TEST_09806,3.4731535809974727,0.9596822545262751,0.8905926300357715
TEST_09807,3.3011458927565247,-1.0288880650700372,0.5741145645731595
TEST_09808,5.409089352469588,0.10680724410998568,0.8219534422308723
TEST_09809,2.1580040115989854,0.6478753588560107,0.1626458334231513
TEST_09810,3.2411121974810246,0.18527691478588054,0.9011330968822135
TEST_09811,1.1052118814817797,0.4619899614943085,0.03822189575797948
TEST_09812,3.3280122584281964,-1.6591159668343265,-0.21365424265840807
TEST_09813,2.816641128824079,-0.3334716041518283,-0.16460654232026117
TEST_09814,2.6655207133028087,0.9662896262544326,1.368990008278291
TEST_09815,2.2780077862811856,-0.19011868671646542,0.12922166695984963
TEST_09816,2.5660538638749046,0.17165756127872697,0.878305354233486
TEST_09817,3.1442595685689776,-1.6635731028522098,0.46640849507951904
TEST_09818,3.738806610585783,-0.14675405920514384,-0.8941171111606675
TEST_09819,4.048498364019435,-0.11776822183986667,-0.11056137287681375
TEST_09820,2.4054123536249525,-0.27480929661489906,-0.34445498291887144
TEST_09821,2.2047594678590205,0.31594141407750514,0.7085415634659223
TEST_09822,1.4615437441197208,0.4520366932888742,0.5063221937067058
TEST_09823,1.8938413663257774,-0.5066773799512049,0.7255938181605531
TEST_09824,3.928420697726754,-0.47317730604999403,0.38601323242011043
TEST_09825,5.28820773726046,-0.8368477446555889,-0.05115964870811011
TEST_09826,3.4767673215574364,0.32483999549470133,0.6389967520050311
TEST_09827,2.666234529692695,-0.6666865981004617,-0.31775152643970933
TEST_09828,3.71081391953797,-0.2282699353857287,-0.505686329000515
TEST_09829,1.0119702018059027,0.2544397941131976,0.6639540742911775
TEST_09830,2.8220966083514014,1.2947785439314528,1.143115581481107
TEST_09831,2.9084200166041256,0.7711672391547196,-0.5287482417536069
TEST_09832,2.850675160605161,1.2169619636361333,0.8247383918142602
TEST_09833,3.5601499670516903,-2.1132906829459563,-0.35319635842609287
TEST_09834,2.8539361903888145,-0.11222048405309512,0.6585239297165241
TEST_09835,1.732175447177764,-0.6345443477243614,0.45158827394705076
TEST_09836,4.01414837516386,-0.6078813153022705,1.2001085999894292
TEST_09837,2.6362754642065394,-1.2753984273216885,-0.18803243009383966
TEST_09838,2.8922958546393156,0.34032327571109006,1.2183553234235214
TEST_09839,4.024676419261865,-0.7574816570149014,-0.8960048876300125
TEST_09840,4.122296448565886,0.34186534389009443,1.602659713759476
TEST_09841,1.901122759200514,0.5854935849047996,0.1708359525076994
TEST_09842,3.7498295000209616,-1.1473023705534116,-0.36726115337767795
TEST_09843,1.494341761066517,-0.39798038808770814,-0.06898463595522539
TEST_09844,3.0250446768967483,-0.5406404521653407,0.8684392019637905
TEST_09845,2.3775236840682945,-0.1035096060981553,0.2011617187024784
TEST_09846,4.296567554845642,-0.7231830601861846,0.07084637361828915
TEST_09847,2.686344512407234,-0.8889268209943523,-0.4442295880501701
TEST_09848,4.460517048154833,1.4073325289651504,0.12289652815468691
TEST_09849,2.1120091925354894,0.5449690602451382,-0.12726594446998052
TEST_09850,3.183943032891005,-0.48901450213693787,-0.5187710923784848
TEST_09851,2.5949109719133046,-0.035137454875829525,-0.19555669014447374
TEST_09852,4.849080452941725,0.926869941482024,1.2535809091954535
TEST_09853,1.5042403387318264,0.08021101848491044,0.13610421344987508
TEST_09854,3.0408458283825306,1.044199925661198,-0.8438979440349074
TEST_09855,1.9523854810446533,0.863610267962825,-0.40217862402149246
TEST_09856,2.428824954976265,-1.0489638758672815,1.259376567316631
TEST_09857,3.8665782060085863,-0.8909112359283141,-0.5661908969992774
TEST_09858,1.6865778332286527,0.7279579238295087,-0.1689513107000446
TEST_09859,1.9924509266641162,-1.0039040303358986,0.44157203263464306
TEST_09860,2.6018040634147463,-0.6568581204255484,-0.28523554924194844
TEST_09861,3.374249144113462,-0.2372494497011783,-0.5999600153074838
TEST_09862,1.4759365650587233,0.2713202698917617,0.28419389345705
TEST_09863,3.6185948055770245,-0.49297069152399303,-0.06586578715966833
TEST_09864,1.6806751731140537,0.39662472332122517,-0.6353218629024613
TEST_09865,2.968849895984186,1.5772611951518665,0.5942708413949097
TEST_09866,1.6320089709563228,-0.7215301289370153,-0.35764184781108316
TEST_09867,1.8412779682087055,-0.4909492733009619,0.05140093805305228
TEST_09868,3.3790825362907233,1.0325518491387167,0.0530751870133794
TEST_09869,3.0261748681978156,1.103285553563141,0.8765691126398395
TEST_09870,1.7923101379855166,0.8517845781484359,-0.1512686412767884
TEST_09871,1.3912286201512842,0.5709279793617132,-0.10472991156961149
TEST_09872,2.986343345958491,1.0163974637534534,0.8037087840541488
TEST_09873,2.5010162888108347,-1.4644927873733216,-1.1221112484329812
TEST_09874,3.3104897468474928,-0.043193486474568304,-0.048656863712137816
TEST_09875,2.0874671161533707,-0.14405902679532834,0.22905872486146586
TEST_09876,2.807995674652433,-0.8439335798274519,-0.07024265858808236
TEST_09877,3.414569744495942,-1.0511089997568972,-0.6533952393647194
TEST_09878,1.9304549600717757,0.6632148056637672,0.3896670478509704
TEST_09879,4.352125640139418,-1.064113255789434,2.039872260611897
TEST_09880,3.130583801513246,-0.057608442754901214,0.8539241601988149
TEST_09881,1.9131488065139965,-0.9690198341824153,0.27791817032087107
TEST_09882,1.3748546463078615,0.8096661359113884,-0.033364924886913255
TEST_09883,2.5397802848909863,-0.31526782764978273,0.04814432335472595
TEST_09884,2.9548949167551557,0.5215065052474891,1.5215908288839888
TEST_09885,2.888482566398663,-0.8506019603029821,0.4296509354810526
TEST_09886,3.0916694787514127,0.35071372143760193,0.9260435512670698
TEST_09887,1.5074954354426662,-0.41355966763657287,-0.28629515410641637
TEST_09888,4.807988262720764,-1.4644947984673917,-0.1328870301703722
TEST_09889,3.4561580277564197,0.024828652438846785,0.06919570626726174
TEST_09890,1.0431641893136867,0.03605663149708029,0.3734820049751995
TEST_09891,2.0410893053791614,-0.3958963611474715,0.1981140043310981
TEST_09892,2.3504330760238537,-0.8033900051478898,-0.08686048995160046
TEST_09893,1.791031133910194,-0.5138811865450383,0.22872713741590453
TEST_09894,1.823870537527408,1.3990567360470365,0.6672052609646453
TEST_09895,1.8712803435924183,0.7748011787002476,0.43869370388750495
TEST_09896,2.6742075497297284,0.49882059384087063,0.07686523129535623
TEST_09897,2.2922912679679404,-0.28328176996729526,0.4597296077151648
TEST_09898,2.39329488671508,1.400938428473279,-0.6697880749140941
TEST_09899,1.7352469400977322,-0.795584916043745,-0.2997611849303993
TEST_09900,1.558239049771406,0.3153392344414952,0.06444151345690907
TEST_09901,2.0045127624919057,0.306512801705976,-0.12667361363070342
TEST_09902,1.691729344868309,-0.6295502793703466,0.44622238546266074
TEST_09903,3.827011156230994,-0.16100907018270044,0.6135702891160731
TEST_09904,4.244099874031963,-0.7089840963731896,0.19889003397976382
TEST_09905,1.7898284814677767,-1.4179667997316734,0.4791736539488156
TEST_09906,1.3745439394272243,-0.4941277431298682,0.201311951369648
TEST_09907,2.0105382335012667,0.7010562640848311,0.18144954860697832
TEST_09908,1.80380560619827,-0.596280304156764,-0.22278325105299324
TEST_09909,3.7668268999039216,0.273811235281138,-0.3839316900080077
TEST_09910,5.023533158713547,1.3352938159357912,-0.5285340504792054
TEST_09911,2.872725197368986,-0.5457995198045669,-0.23179400856419075
TEST_09912,2.5401328990958194,1.634772577625013,0.10412372825348819
TEST_09913,3.679922558031494,-1.1708009159068675,0.11864265857568818
TEST_09914,1.5468803371454978,-0.0224498068617106,0.07332701328044602
TEST_09915,0.7618003458022997,0.23976474666144976,-0.09619780993789805
TEST_09916,2.412476188265209,0.08506077377129456,-0.7013665737142526
TEST_09917,2.3313059472704274,-1.6805358769259757,-0.22333435012468253
TEST_09918,2.348210439461062,-1.4040127066980421,0.9727695712843555
TEST_09919,3.930910184924151,-0.7808007898783452,1.8933477730636623
TEST_09920,2.9519358966081866,-0.3967516847084498,0.23154215376239398
TEST_09921,2.13673753412815,1.1124732331420617,0.23436703230140796
TEST_09922,1.353235556830837,-0.41485819742745633,-0.38611324379528317
TEST_09923,3.2578632375665797,-1.0663124102924841,0.65113242443351
TEST_09924,1.685986012151008,0.11094112425406767,0.4946134929948307
TEST_09925,2.0408673605597616,0.7090829254667618,-0.49153089845339454
TEST_09926,4.575053402549229,-0.7489334572529754,-0.15709230293300525
TEST_09927,5.102146587336402,-1.0082641771270946,0.8913090697049465
TEST_09928,0.9512611519532721,-0.3442142695871171,0.20764265652777966
TEST_09929,1.5756099940443258,-0.1709177766316566,0.10729481412903849
TEST_09930,1.8831135113186042,0.40294781113117656,0.2488584042343189
TEST_09931,2.5215086250536127,-0.07536684059691884,-0.21837559945746285
TEST_09932,1.4082393014481414,-0.17915014965260864,-0.565115180576368
TEST_09933,3.173997514866992,0.03459938509503538,0.43377053359791085
TEST_09934,1.6599125246079662,0.6929330162284781,0.7078523671325111
TEST_09935,1.6149961400961663,0.734460056092318,-0.3133034831730736
TEST_09936,2.76797083290505,-1.4095502366700547,1.6060525375042876
TEST_09937,1.1458794276366726,-0.15810074857225936,0.5328046031443076
TEST_09938,4.907531238295261,1.4427700918783313,0.38508241910164576
TEST_09939,4.092583160705829,-0.6029659775963332,1.2508502029422583
TEST_09940,3.2546052665151612,0.27264530092042194,-0.7018216046635335
TEST_09941,2.2092974834844514,-0.5792164894232485,-0.5499251720410957
TEST_09942,1.6651572719098096,0.06550306347954016,-0.23398369399736074
TEST_09943,4.1343793517538385,-0.9563833835601867,-1.022052288900804
TEST_09944,1.8065575335211632,0.4341162815287245,0.44959982085108235
TEST_09945,3.7809392839789195,0.6128454519859404,1.1967282743146808
TEST_09946,2.064470764269712,0.20795313364157875,-0.4734665972154749
TEST_09947,3.9690817025331406,0.010174618613600958,-0.10068536553288769
TEST_09948,2.8401413037103067,-0.560862445565883,0.728254027835673
TEST_09949,4.472976635527177,-0.029310844246661354,1.330372070713445
TEST_09950,1.9803306543326076,-0.48618129167213986,-0.3845812532812435
TEST_09951,1.6847055881067678,-0.6724332340817256,-0.13532647544871773
TEST_09952,1.1851223106559847,0.2827970791442403,0.48029394681161364
TEST_09953,2.512222097886242,1.041776721244558,-0.8312623958991379
TEST_09954,2.828077102714898,0.1394067601571051,0.27759047919174934
TEST_09955,1.3068734734765188,-0.5027984849423529,-0.15604237953151812
TEST_09956,1.9630756402616674,-0.778287636260625,0.03129234361677166
TEST_09957,3.42142256197497,-1.22980744231844,-0.4030085714438572
TEST_09958,2.930274383932964,-0.4564253702583845,-0.5968444530435432
TEST_09959,4.719508655287431,1.199911727346647,0.003338819822839855
TEST_09960,3.0106741755887185,0.8313645116156071,-0.1085904582132098
TEST_09961,3.2524906579224035,-1.072688468467431,0.8727933325466243
TEST_09962,2.864079773555152,-0.8168545974445691,1.1253745643771114
TEST_09963,3.6352136238704267,-0.2867460925489576,-0.24107306039808668
TEST_09964,2.8405441533012104,-0.08129104338000306,-0.4592152491906136
TEST_09965,0.9400730229275068,0.35432545700284107,0.22582601414290365
TEST_09966,5.048060185212423,-0.8876561838808997,0.5905278213179038
TEST_09967,4.052465644903657,-1.092154068899724,1.294564271720323
TEST_09968,5.163093061673661,-1.6715366490598278,0.8134722986224185
TEST_09969,1.912207106620467,0.6489619104227792,0.14079072341410395
TEST_09970,2.215112504413844,0.23035040147349026,0.4641426739498178
TEST_09971,0.7304323479957378,0.11317920671960639,0.04495758022771789
TEST_09972,2.2834339979990554,0.02074426250471389,0.5897000396169151
TEST_09973,2.9588148698804417,0.23578119101724582,-0.14102226691792963
TEST_09974,2.8204680141356655,0.9327378605170196,0.8756148448580158
TEST_09975,2.0564081142917057,-0.5828658217716751,0.30543671207464423
TEST_09976,0.9099130277085294,0.07985532109619567,-0.18459219771049754
TEST_09977,1.1156200060271775,-0.2447949752409524,-0.15763353818802667
TEST_09978,3.1227403576876087,-0.5675780497536747,1.0985815994102897
TEST_09979,3.6089158746992758,-0.4595160971511295,-0.2133906701405875
TEST_09980,3.197071789059137,1.022667961439151,0.629213764773112
TEST_09981,1.102170469216859,0.24662476135438777,0.16901815648176813
TEST_09982,1.3921601998385413,0.2732863272117295,0.34782861058547204
TEST_09983,1.0008692633865235,-0.08952669003018038,0.11885129904459003
TEST_09984,0.7802108630600053,0.20134080852092584,0.03965585097165027
TEST_09985,4.134690919211239,-0.35749875503201084,0.97557992103629
TEST_09986,2.326936050152438,0.41779038259158746,-0.8498391375182056
TEST_09987,1.5502673709293384,0.511487003101097,0.6039020136716885
TEST_09988,2.010344301476151,-0.06621261386124733,0.19424497610656924
TEST_09989,3.2829367290936133,1.6143326766994905,-0.6026352225199065
TEST_09990,2.706097446963999,0.6103779186056292,0.6308947565060332
TEST_09991,2.7465147193406754,0.4251971339650146,0.54677140626368
TEST_09992,1.65608014207487,-0.609532907197068,-0.8175338333826011
TEST_09993,2.7867935851069308,0.9908221271542494,0.872324541013818
TEST_09994,1.5038309878736713,-0.24329355775325556,0.3879848175626956
TEST_09995,1.0998430479467647,0.4556173515748148,0.37564574868492695
TEST_09996,4.498225904512792,-1.4872208280133956,0.7645546066765406
TEST_09997,3.090201126349997,0.6334319730899736,0.6970793911402193
TEST_09998,1.4091812002247361,0.5993088553027052,-0.3920976909926059
TEST_09999,4.235467907055934,-0.23017259153346062,1.6536175562891573
TEST_10000,1.0423727086635484,-0.26600531144700656,-0.07145408467168018
