id,x,y,z
TEST_00001,3.988120027494161,-1.0519434355278579,0.045475732779796156
TEST_00002,1.9264379906322044,0.6174997795928348,0.7987330522122241
TEST_00003,0.8067041619493573,-0.19028233766764385,0.1498547634542379
TEST_00004,3.5209078097995463,-1.6466235293542957,-0.9436004255600471
TEST_00005,2.3044124265176693,0.017946461114818794,-0.03902935547820379
TEST_00006,4.997277935322797,-0.7904022798117228,0.4946433932141158
TEST_00007,2.898024944608775,1.000964339875084,0.834536444331866
TEST_00008,1.4451728084861248,-0.46146265732167313,0.4174712670837556
TEST_00009,1.4527073664644397,0.4911009978213276,0.14606421347918153
TEST_00010,2.2544876091086024,-0.41191976648254414,0.17129056790195893
TEST_00011,2.3337861822142316,-0.46469334562169995,0.019985694678355526
TEST_00012,4.014155098166815,1.5041131661479366,0.8960310662982338
TEST_00013,2.552438950170641,0.5810780509076356,-0.31202029507871737
TEST_00014,2.157814421112977,1.4906549471197106,-0.21074763883393355
TEST_00015,3.001004534790836,-0.6907376404624378,0.8679201420711727
TEST_00016,3.2870067253655217,0.5072366281531487,-0.5365318182375864
TEST_00017,4.005710750057254,0.853005611532581,1.1583385403290423
TEST_00018,3.0719740044831667,0.2611922192243273,-0.4858516900656187
TEST_00019,1.41174159515332,0.08650668793749046,0.2912700513346236
TEST_00020,1.8781954327533157,0.06616820199691228,0.03183292275468692
TEST_00021,3.511522913702947,-0.3694129034239187,-0.14500914895060962
TEST_00022,1.400812000510638,0.2983562038183111,-0.2804483439072842
TEST_00023,2.1393582297733205,0.4018044953901449,0.6770163110525662
TEST_00024,3.7616669721251506,-0.5862004528326838,0.816403886392992
TEST_00025,4.925500872246957,1.6160186375124375,1.2166813547278355
TEST_00026,1.7906680990183925,-0.5954774622718578,-0.5093192871470947
TEST_00027,3.460792971755956,0.18503832000395465,-0.33548200452385996
TEST_00028,3.427104366539615,0.48546926730167395,-0.058737783839231957
TEST_00029,2.179880833085081,-1.1442004306196898,1.3362450532122165
TEST_00030,3.539157336911448,-0.19336679631547907,1.2242407901404067
TEST_00031,1.3514998224072676,-0.930872625329663,-0.09711958517683877
TEST_00032,2.5009623264015564,-0.8094131881449087,-0.022339282753097003
TEST_00033,2.159801827453027,-0.59199757760778,0.47423353898016407
TEST_00034,1.9911852304171223,-0.15177528646266855,0.39701421350123806
TEST_00035,2.0594620939520585,-0.1676385539277775,-0.21516408819305796
TEST_00036,3.5249112523314072,-1.4046488764553158,-0.5442978721204422
TEST_00037,2.836884955398115,-1.5773396374551913,0.18373355772551542
TEST_00038,0.9653794293498541,0.3973224430046109,-0.3242330205057477
TEST_00039,5.15839993798936,0.7745825970775538,-1.127050210115988
TEST_00040,2.3704764922891064,0.3167559858570408,-0.26593372577200697
TEST_00041,3.223275550331943,-0.41187402844342436,0.6945729160771394
TEST_00042,3.3485399103977818,-1.50650755149726,-0.5079544200721363
TEST_00043,4.088477148893578,1.676408853496375,0.8951182998700188
TEST_00044,2.4158299329539163,-0.7601796904534139,-0.2282873966194317
TEST_00045,1.5637469601571152,0.4106284550381864,-0.12040933763671663
TEST_00046,4.4454286434251085,-0.17160580993697186,0.6046945155169248
TEST_00047,1.4842528511775746,-0.26101769813321096,-0.2234803053901849
TEST_00048,4.149963363198366,-0.940036173343616,0.4917675218622737
TEST_00049,2.2291410343387383,0.30598066570330534,0.2953698971748283
TEST_00050,1.0686584150318417,0.5502804132747967,-0.24360074541964732
TEST_00051,3.2191664799388304,-0.3621064852285273,-1.0501434329357258
TEST_00052,4.391477432728009,0.575684957327095,1.505059510337876
TEST_00053,2.788541988493411,0.06601989831250098,0.16036150028127005
TEST_00054,2.545425036957677,0.22356890910178007,0.9931576447219358
TEST_00055,1.547509685475676,0.08800631171439088,0.3622056269568204
TEST_00056,3.3760428751990217,-0.7679654074420876,-1.1107570525770656
TEST_00057,1.3371172811422791,0.21197030571726921,-0.18366971480135097
TEST_00058,3.532172130846277,-0.6170149357426752,-0.27150218274223453
TEST_00059,3.190265834032212,-0.45128488420306667,-0.13740537691511456
TEST_00060,2.0212844065718385,-0.9377084444800143,-0.6430231928118222
TEST_00061,1.9348325790498648,0.010171991460051892,0.34224889414887355
TEST_00062,2.177923120837456,0.04151837780468446,0.7904577070697956
TEST_00063,2.710234326416516,-0.011754742635893623,-0.7429105789298388
TEST_00064,1.8529940820691526,-0.23845694555185257,0.5417167844402695
TEST_00065,2.861565272348299,-1.3774208140176587,-0.7429479547661688
TEST_00066,2.3025515076287104,0.525535261094112,-0.33059907109744996
TEST_00067,3.6588296215623726,0.1311554204746774,0.19230866383605816
TEST_00068,3.1271191345939813,-0.21656902699853012,0.04295002170708282
TEST_00069,3.060349276930789,-0.4225855697694081,-0.27432701741438037
TEST_00070,1.35730840101006,0.5186748237681559,0.5217668272356533
TEST_00071,2.68422248920156,-0.7857725538797843,0.665325785367122
TEST_00072,2.2492060722823624,1.0295838822383123,0.7770835896104631
TEST_00073,3.125417705972996,-1.1806679355952734,0.9214031392268393
TEST_00074,1.346440052066405,0.5336881129806328,0.22105848313021384
TEST_00075,0.9303062319254275,0.33054425284113836,-0.2641757588831151
TEST_00076,3.9651493276467065,0.1958177245733826,1.039970549923355
TEST_00077,3.3514120684654123,-1.3222491345932332,-1.0854079915866082
TEST_00078,1.2718214156333942,-0.46802442701083863,0.19024968359699326
TEST_00079,4.74176745904494,-1.3934428763858593,1.3067592803193313
TEST_00080,1.4350478470938242,0.4886583654559791,0.41173760876715526
TEST_00081,3.6248694755739996,-1.1661270424001617,1.2454168246170234
TEST_00082,2.213838207016689,0.204917502036605,0.3997343297373663
TEST_00083,2.994700991685808,0.653456413943854,0.5678133564428895
TEST_00084,2.6024288988455857,0.3049008811745973,-0.18657903241893867
TEST_00085,1.9727922242722136,-0.43352967094195216,0.028219918170261704
TEST_00086,2.1077743699740297,1.2886471780265947,0.20228189066169122
TEST_00087,3.9230859445866986,-0.8859813878868874,0.6147190205677254
TEST_00088,5.237140421910645,-2.189011917254954,1.31336562321097
TEST_00089,3.3162244283350124,-0.004948339040800007,0.14465233198188981
TEST_00090,3.0271415100631867,0.6163510723016294,0.47104984465972516
TEST_00091,1.2353501778684683,-0.3161729635190962,0.21271360218524532
TEST_00092,2.0055366277079956,-0.46830106373432934,-0.5241363313286852
TEST_00093,2.4464191497688845,0.49839505387930066,-0.3671182066646819
TEST_00094,1.7758779886348657,0.5773273683947986,0.2699653696833214
TEST_00095,3.843804827323752,-0.21435848759686144,-0.8733663981153749
TEST_00096,2.0952554583914913,0.8207474446182267,-0.43192507778445804
TEST_00097,2.8153990632063723,-0.09022533346313054,0.24496252971995439
TEST_00098,4.80725643475711,-1.0772631861350022,-0.11910686479140781
TEST_00099,3.660218589744152,0.8177231377530918,0.7256277268830258
TEST_00100,1.0391107388783196,0.29234119261611574,0.3669360672635189
TEST_00101,1.5978178386308646,-0.3426631308900735,-0.1057821510354705
TEST_00102,1.8430005966545309,0.498210314115207,0.4188527482297286
TEST_00103,3.7239533424772104,0.08179961123953124,0.7957784060536811
TEST_00104,2.0068043538439446,0.07577146405009186,-0.26664549317853387
TEST_00105,1.2660263259425404,0.5198693523659789,0.3890640011514444
TEST_00106,3.162405482816511,-0.08062537771116333,-1.101109305199433
TEST_00107,4.176345296845923,-0.38351673362211014,1.0718162493987449
TEST_00108,3.0007416238814097,-1.0593174212465348,-0.495734998294404
TEST_00109,1.0270159535084065,-0.17327861423716906,-0.12111367434128176
TEST_00110,2.5510910557590227,-1.6532446696039793,0.4315582596880227
TEST_00111,2.9980479284220456,-0.4270679460815877,-0.6458090304598555
TEST_00112,3.5267312169763763,0.4800216913910874,-0.578647724384336
TEST_00113,3.0612184948736587,-0.16445287562235275,0.47390497403591875
TEST_00114,2.8359764268284744,-0.4406539685991834,1.1919647122894785
TEST_00115,1.2112826795355414,-0.18005710098893096,0.38926842362964753
TEST_00116,3.693789790479615,-0.8521870293601708,-0.7145131622965827
TEST_00117,3.133454893867218,0.45683899886432355,0.7452757043899093
TEST_00118,1.6788687481199394,0.6125088249501902,0.4962779007659284
TEST_00119,4.852393504561053,-0.026964877113242414,-0.3588520038137691
TEST_00120,2.718605315062801,-0.997693149163111,0.501388142785347
TEST_00121,4.851415215512565,-1.0330195540534255,1.3179661811184333
TEST_00122,4.26848095739789,0.5122946869821379,0.5586536585397167
TEST_00123,1.7079804207930593,0.9269642368352108,-0.10226200172823184
TEST_00124,1.7411032058137907,0.19221622313998413,-0.18916585790111135
TEST_00125,2.125783576594602,-0.7785499546087238,0.7394238101479813
TEST_00126,1.532277416827675,-0.3498181256093611,-0.3076267983647274
TEST_00127,1.919655043069512,0.33544044930515476,0.13620129155602861
TEST_00128,3.3284789968686415,1.955263313437701,0.5251235147036739
TEST_00129,3.5470859465063707,0.45012127948229885,0.4680041547892901
TEST_00130,2.710506668695557,-0.13195950769707895,-0.012701602784537509
TEST_00131,1.5868373924492356,0.10972575731844868,0.2974294099956491
TEST_00132,4.509107702050133,0.5984622307322994,0.605679152340692
TEST_00133,2.3396925923799574,0.638677834158422,0.49407992753228364
TEST_00134,1.4291853438460864,0.788058196069601,0.40796766568755666
TEST_00135,2.045943192387948,0.9251048852108344,0.3432669034551324
TEST_00136,3.36330511371276,-0.11900212567822945,-1.0049377948202975
TEST_00137,1.8337664825292115,0.8533541685204965,-0.7185346116450602
TEST_00138,3.164167955571859,0.5574298896947383,-0.8093333500778503
TEST_00139,1.788011697243174,-0.7753728141191066,-0.5033199340921294
TEST_00140,0.8931554788077727,0.5122326636720139,0.28530556145284763
TEST_00141,1.967248050547957,-0.5585929828793922,0.13903466939652584
TEST_00142,1.1603513890532255,-0.0566997160259633,0.22536492614147788
TEST_00143,4.203870925927432,0.17039230981694573,0.9575498156392073
TEST_00144,2.138133904446523,-0.19425131335539864,-0.07883241223466582
TEST_00145,5.17392002249552,0.011935218925248639,-0.5505477552393531
TEST_00146,3.066690768884974,-0.2202746733758683,-1.2819619926623878
TEST_00147,2.1980990112739596,-0.08629859541016033,0.7350250561350363
TEST_00148,2.799214038350442,1.0017987918170044,-0.5772875980123219
TEST_00149,3.362362095758101,1.187342375567189,0.5397293121156024
TEST_00150,4.7356467604487555,1.0730004472368844,0.8027361375583643
TEST_00151,2.30266041887133,0.09962947858220554,-0.1317356233724155
TEST_00152,2.454876756328673,0.8135080957183005,0.42250201650984803
TEST_00153,3.7424431792310147,-0.37666337529322863,-0.5762286349682447
TEST_00154,2.942679336332107,0.2361936657222873,-0.204958652674547
TEST_00155,1.9798508600006897,0.1805672149093246,-0.5885003572579108
TEST_00156,1.9498287190333157,-0.47266043727928075,0.39928039779966323
TEST_00157,2.3912601982816906,-0.5609084687584323,0.6115831487083067
TEST_00158,2.667393801500417,-1.4292925718206584,1.0756446668672686
TEST_00159,3.842682205732634,-1.2363056367088194,2.1106573901183663
TEST_00160,1.515723788878618,-0.02410449073904082,-0.07713077207516146
TEST_00161,1.1291264757925938,0.5985356379878767,0.02714400697098607
TEST_00162,1.323465793233028,0.933375459374441,-0.0816413017159864
TEST_00163,3.7265086622856454,0.21509119037599567,0.05064603896914798
TEST_00164,2.5082731867603134,0.07790710456492625,1.0401799948906212
TEST_00165,1.9014391438806375,0.45660888305155206,0.5039973168094207
TEST_00166,2.9376983990222287,-0.5667134068970188,-0.1768271497870584
TEST_00167,3.7838657221166594,-0.05529610580431039,0.268418475893738
TEST_00168,5.491727430841756,0.3105122607449076,0.09749844255781169
TEST_00169,2.6290711308721475,-0.46922093550845373,-0.18650825175600672
TEST_00170,0.9032510091770894,0.3976493052084051,0.2789080964987406
TEST_00171,3.4663566222837563,-0.15169179919370865,-0.06252114664397948
TEST_00172,4.974485430066159,0.7853084282655425,-0.8783858573282329
TEST_00173,1.2966174562199626,0.17590786598137942,-0.07952261959449725
TEST_00174,3.130885955333928,1.9341572015677484,-0.18268872173507536
TEST_00175,3.400177671344136,0.5757065123242263,0.5164678121684462
TEST_00176,0.9817199916221192,-0.6077293661176174,-0.17590400597114242
TEST_00177,1.5429292266002674,0.7629011921315029,-0.21720213255036305
TEST_00178,5.216952172772572,0.5600318513125908,-0.12975515351571348
TEST_00179,3.8285211733945372,1.4266028229796501,0.12723638928057607
TEST_00180,3.1455771741405085,0.38826359349976375,0.2706803526739816
TEST_00181,2.894842063191701,0.16757357144477092,0.019720076526667726
TEST_00182,1.476201912034262,-0.41968740615439504,-0.3186278023703823
TEST_00183,2.0696772856795755,-0.18585662459809932,0.36573786614049547
TEST_00184,3.090134870273449,-0.09889883358700542,-0.25840257346723094
TEST_00185,3.0264997148989874,0.841577782504646,-0.438756971630669
TEST_00186,2.4546837005483293,-0.10677717310862282,-0.3842122993378301
TEST_00187,3.6155134535610256,-0.653445780940586,0.3393212600914169
TEST_00188,2.5166274390115775,-0.3571429087406444,-0.00917285423725286
TEST_00189,1.4288671531364185,0.7416680218172303,0.30144406928985984
TEST_00190,3.019691458369781,-1.8782710760911852,1.1482169170105885
TEST_00191,2.783165567458887,0.41846052411812446,0.3536313936466383
TEST_00192,2.356696402373418,-0.6926837678824219,1.100566529009227
TEST_00193,2.9047264191380426,-1.1166478134434503,1.0989257904325709
TEST_00194,1.3748034966146156,0.17079156855989233,0.09539317202096785
TEST_00195,2.216607287404973,0.6468236732047736,0.5347762873761218
TEST_00196,3.311186759541742,-0.27611702013751815,0.5288638666928602
TEST_00197,1.9926163496264155,-0.03445043455224816,0.08765231629486409
TEST_00198,3.724343025738391,-0.19664935378937756,0.736388154334273
TEST_00199,3.2930601742247996,-0.5804371102499281,-1.1045772431648901
TEST_00200,4.748725880657501,0.2837285175441406,-0.19624119085631422
TEST_00201,1.8171586694453006,1.094454185843663,-0.19611519509086026
TEST_00202,1.7774644007649094,0.421887321014986,-0.4733362181809151
TEST_00203,3.106790042288721,-0.407804749921912,0.07105751726874457
TEST_00204,3.216055371144029,0.9857215900417745,-0.013345028774399964
TEST_00205,1.2851838124176314,0.489003042821759,0.24515805480100525
TEST_00206,4.152935254595574,0.4166664582827569,0.5434770242000077
TEST_00207,3.8174112027702196,0.7549110605429263,-0.15154187611658482
TEST_00208,4.5928129842983445,-0.34261287580817457,0.8258241460412282
TEST_00209,2.239880509947235,0.661321709857275,0.17240761271677166
TEST_00210,2.4700622737527804,-0.1699799844651763,0.2137733978859373
TEST_00211,4.084746290320112,0.26748625429081874,0.18045949485653787
TEST_00212,4.076708871765125,1.0437657145373969,0.042701961733139955
TEST_00213,2.2641966956397406,0.6952686603349468,-0.25725760005821474
TEST_00214,3.07114661765355,0.0724642539420337,0.41047266212453276
TEST_00215,2.814404292549903,0.2933293039201578,0.27885013141306947
TEST_00216,2.8020977648905507,-0.5206322349051358,1.5582432827626518
TEST_00217,1.5065763053315484,0.17326069222324078,0.7228636761655078
TEST_00218,5.291231204815525,0.22189734043128306,-1.223932023553719
TEST_00219,1.381039986251074,-0.2878125845040738,-0.22303842857512038
TEST_00220,3.223459829298805,-0.2055748385780023,-0.7825590952863724
TEST_00221,2.9912880815246754,0.2671196775513394,-0.1019623228231111
TEST_00222,1.386657687927671,0.4787352535662633,0.2839125093901326
TEST_00223,3.7472086300258436,-0.4075307378436365,0.26990761113570877
TEST_00224,1.3075306014940742,0.5849767531341977,0.08828615869261366
TEST_00225,4.935584959910494,-1.7281342646219018,-0.41687718738268664
TEST_00226,3.0233530410463763,-0.26807541620356334,-1.1130267241668181
TEST_00227,4.505193947961059,0.0419034781492503,0.6182132211193399
TEST_00228,2.267637554214642,-0.42521607915094156,0.2118072193971927
TEST_00229,3.9497017529467904,1.7071925684649527,-0.5695989599704699
TEST_00230,2.3065793427774826,0.19619513754885307,0.5836637382139911
TEST_00231,2.726123551138624,0.7942973168112167,0.11992010835897693
TEST_00232,3.4299787234144326,1.7379020652511807,0.06268015655165213
TEST_00233,3.3200449475031655,1.0409654145316745,-0.8431736842966098
TEST_00234,1.9595781208814524,0.6693132167338548,-0.0470023591119023
TEST_00235,1.994365716242116,0.06166221122341105,0.20272231602677232
TEST_00236,3.4566846571098697,-1.725749597333551,1.3453926823633005
TEST_00237,2.0999793685588015,0.9371561147969226,0.19732920382582647
TEST_00238,1.7474167745954388,-0.24210061351001952,-0.6548241218976956
TEST_00239,6.319997379321306,-0.5685441941957287,-0.8358321886568326
TEST_00240,2.5701583700486306,1.622487959459121,0.5939606345525738
TEST_00241,4.7118938116345666,0.8774600888491384,1.3272109368084066
TEST_00242,1.310688633612945,0.4106302352605146,-0.3935563016193002
TEST_00243,2.0260223974759866,0.8332356372050247,-0.880378158557312
TEST_00244,3.3549698664180765,0.21991313876423507,0.05722721528042942
TEST_00245,2.2520008245896586,0.9626995815957028,-0.2703216060479946
TEST_00246,4.024110070270881,-0.26907912367798303,0.1600407942922753
TEST_00247,4.484795027419768,-1.035738626217367,0.312459956317245
TEST_00248,1.2282401797795728,0.578018800480452,-0.10834574542447908
TEST_00249,3.788112864983505,0.26379966784265085,-0.4447129805311108
TEST_00250,2.0475229438873885,-0.012647124180664174,-0.0064463524470172485
TEST_00251,3.672242143547557,-0.06703088353857181,-0.09366144705599927
TEST_00252,3.0744005794099003,0.2232346221307882,-0.5756705150700461
TEST_00253,2.774572367802185,-0.31037532437749105,-0.2283322670954198
TEST_00254,1.6028532793325083,-0.6517009456686633,-0.02138336879163428
TEST_00255,1.882815299077981,0.01801808701452521,0.026288171969733425
TEST_00256,1.0768140340977024,0.3596209564548445,0.6347440241590755
TEST_00257,1.7933317845877321,0.15149061877050146,0.08970285679164562
TEST_00258,2.523053067705871,0.7746119020658511,0.4541068627190085
TEST_00259,3.2542338760214222,0.29959588184128816,0.9946487446550822
TEST_00260,2.4092330860448086,0.8757961046229968,0.20310322311803558
TEST_00261,1.65554541079102,0.11876830993633908,0.44972207336144576
TEST_00262,1.0568199488927381,-0.026030262360687933,0.22114357831647405
TEST_00263,2.130101076450604,0.33775949709029424,0.6618921962694994
TEST_00264,3.4674274230700557,-0.05710950000315041,-0.4090690234404683
TEST_00265,1.2043508972442853,0.49035734075472653,0.5765987966444988
TEST_00266,2.7926524245184168,0.4114721797160784,-0.01580720788009661
TEST_00267,1.279152094272116,0.5443134817973154,-0.304504811947159
TEST_00268,3.256100680544808,0.3017821847645782,-1.0228577850693676
TEST_00269,2.777355197001995,-1.303923524793531,0.405086337015228
TEST_00270,2.790710192296137,-0.49513549043630445,-0.4330982600248744
TEST_00271,3.034462403918568,0.9063777776759384,0.2817708415900845
TEST_00272,2.685871105282813,0.2714821127736902,-0.30131158701261307
TEST_00273,1.7919860020973537,0.12352620662892917,-0.35465797977852526
TEST_00274,1.5692621147343981,0.7051723071144026,0.13162226901299012
TEST_00275,2.112533197750512,-0.3035853024429154,0.3498951509655943
TEST_00276,3.9423078271654863,-0.5053239040222764,0.6742338988520965
TEST_00277,3.305023646235522,-1.2467402174660722,0.949337325184194
TEST_00278,3.925944747580049,-1.1183192254363974,-0.5890979354029524
TEST_00279,5.389891877893204,-1.4723600937104175,-1.000918441442346
TEST_00280,3.114190175893535,1.5751065264093151,-0.9148072629221478
TEST_00281,2.081707751937076,1.5652584651564334,-0.5623716367784628
TEST_00282,1.464974683919078,-0.7195192234825931,0.8912812923273387
TEST_00283,1.319054336481897,0.5842733871320844,0.469685709060139
TEST_00284,2.7159439154484173,0.009619300392943802,0.26813542249743755
TEST_00285,1.5474004936217525,0.33512684250238145,-0.35112304486280044
TEST_00286,2.026619874357785,0.24329583160679522,0.25480283138054033
TEST_00287,2.4167133196174295,-1.0681749060371348,-0.5113184731785435
TEST_00288,5.43911203891015,2.3265705191402963,0.6073427330686276
TEST_00289,4.3468600755284275,0.3785157611801325,0.832546129913884
TEST_00290,1.9797886472007138,-0.3228732046679563,-0.004420442735897272
TEST_00291,0.8947694004470235,0.2890431393025186,-0.07339229491419015
TEST_00292,4.117603166879751,0.9847635515133106,1.8944878141075627
TEST_00293,1.6555117587898067,0.20979046261981923,0.25278717065398726
TEST_00294,1.8252104112697534,-1.1548454960626233,0.2407893437658048
TEST_00295,3.4558995634819567,-0.13596700100640266,0.5283629185608084
TEST_00296,3.013972015926821,-0.7924596460376798,-0.5803569169492889
TEST_00297,1.5921755130969628,-0.7010383727228121,-0.3428108691837808
TEST_00298,3.5055960032511333,0.94364144334825,-1.3286362865083399
TEST_00299,4.363128741966667,0.7959558548343534,-0.5864142580513629
TEST_00300,2.1111800703933032,0.8740657514872993,-0.5692779888321898
TEST_00301,1.660873939105466,0.18217754176939419,-0.2770962750149481
TEST_00302,1.6614643978308636,-0.0769011386162633,0.2852446760333741
TEST_00303,3.1923477427707154,0.5132534229774633,-0.03452616135327796
TEST_00304,1.869371747246074,-0.1611368149819514,-0.4579102721705895
TEST_00305,4.011763963409359,0.6000162236142372,0.821898957860533
TEST_00306,1.032899432990668,-0.36741261948222653,0.05232958687709083
TEST_00307,4.162305221098939,0.016345853364498206,-0.810072387344781
TEST_00308,2.8539426020825482,-0.5197122519659323,0.07286200637896224
TEST_00309,3.6932188822818715,-0.8159661213018199,0.6123359003664046
TEST_00310,5.13116808823054,-1.3382859253859578,1.6016950940465098
TEST_00311,2.9481218038969934,-0.8496343703199473,-0.07436423212416121
TEST_00312,1.2120050078008129,0.30306534529389606,-0.1770587334107263
TEST_00313,1.751271210797408,-0.06112444012420802,0.3456689309803922
TEST_00314,2.2444360401255428,0.2136224985293132,0.04288221806507815
TEST_00315,1.646196931878395,-0.38725789114888154,-0.4497954251796772
TEST_00316,3.5784072131310762,-0.3272194418399164,1.2646026485844288
TEST_00317,3.4100535443120035,1.8543827733530143,0.18372016746519362
TEST_00318,1.473377662179225,0.2570702883351179,-0.07491929820950471
TEST_00319,5.315172679439809,-0.06944493821737377,-0.38319587548387113
TEST_00320,1.298259398174131,-0.19492025791775822,-0.17085989147832573
TEST_00321,5.3592510132251645,0.5333961154711147,0.6437853224774337
TEST_00322,3.9573136791471972,0.3309563361988754,-0.4774702653294516
TEST_00323,3.8485459314766906,0.9164680114962288,0.8128521074079457
TEST_00324,2.7241848008432066,-0.6419210002055793,-0.26803538200329163
TEST_00325,0.8914629416392322,0.20410093677925314,0.25435980796860463
TEST_00326,4.800287594910748,0.4356313770815341,-0.22420788710527273
TEST_00327,2.0473590101837127,0.18203203029461038,0.17982835119033214
TEST_00328,3.3691646728228095,-0.24417902130089922,-0.3023068007153543
TEST_00329,2.9165234381920397,0.45238811164763537,0.05550713379954894
TEST_00330,1.553907370294644,0.6143193795532861,0.03485503385521454
TEST_00331,0.8143051867552494,0.16926534351603992,-0.05526904404659771
TEST_00332,2.7977153150187375,0.41346488162666933,1.07426240191483
TEST_00333,2.6759635411679454,-0.781080204165231,-0.36255709976315087
TEST_00334,1.379590808839404,0.9530727245360133,-0.1687772062261501
TEST_00335,3.701958299583624,0.12753471031327168,-0.05166552291691808
TEST_00336,2.9569781227440775,-0.34503246947500776,0.2218205234396001
TEST_00337,1.812562262797731,0.24532296479316681,0.1816912049396444
TEST_00338,5.475906132669874,0.00635849773779706,-0.8511215859594181
TEST_00339,3.6928964238264914,0.09146571840756881,-0.021800573989348804
TEST_00340,2.2969560650440157,0.9594800716887857,0.5232170053434407
TEST_00341,3.608957651010613,0.13793981061134641,0.07176988225158244
TEST_00342,1.8578389613922426,-0.5586141903231402,-0.7783700045065924
TEST_00343,1.5905826474661688,-0.6668745728763951,-0.3156825476091483
TEST_00344,1.5366466330271422,-0.14512955387738677,-0.044585991003685786
TEST_00345,1.6651554017334045,-0.10684427880847523,-0.1569846465017636
TEST_00346,2.5733207455404132,0.43691403873363527,0.5575447699892848
TEST_00347,3.876391160966115,0.34739106548515036,-0.6940522906392633
TEST_00348,1.9765110731778646,0.5370454151016316,0.0020455281208774405
TEST_00349,2.079630155289239,-0.9920132953253985,0.10369513441898223
TEST_00350,3.3635464736824874,-1.5533417358743684,-0.3121107191780439
TEST_00351,2.347039081472253,-0.7678955365548547,-0.5667737035424073
TEST_00352,3.389343183078495,-1.1003465551060567,1.2143005000945475
TEST_00353,3.533744650401513,1.2008412636899444,-0.6009053543204103
TEST_00354,2.7701421415101266,0.28655976741091804,-0.06084390344832901
TEST_00355,1.895906321865185,-0.06374624821572644,0.08517849753653671
TEST_00356,2.3060983570613915,0.46627324346350324,0.1199913323215398
TEST_00357,2.8590872694776763,-0.7393830014420438,0.19273994309628295
TEST_00358,1.37999341282951,0.11672910992310664,0.10037143215760884
TEST_00359,2.9065912589298493,1.387993676801192,0.21062114333104645
TEST_00360,3.131714514346165,1.9552828648454161,1.3658634297577126
TEST_00361,4.651865313958119,0.2513425007794605,0.44248671195753886
TEST_00362,2.564487715785374,-0.5248208062218611,0.17411730549019855
TEST_00363,3.001909052859372,0.10410725635559186,-1.2551883672720818
TEST_00364,3.737068174927273,-1.5113342771131775,0.10454356530256917
TEST_00365,2.916048171677237,0.6735532815592133,0.8732487566179072
TEST_00366,5.17282080447136,-0.43782079758791914,-0.18533717322151336
TEST_00367,1.8831973792614636,-0.4646644049845208,-0.46257348721039804
TEST_00368,1.0583659924623567,0.18656217813768386,-0.3282405436250641
TEST_00369,4.313372595567762,0.4276915774773916,-0.4996746452669683
TEST_00370,1.443292107818965,0.7695969913053565,0.1670631747096341
TEST_00371,1.8779042350084927,0.37204204189899154,0.22372373824154848
TEST_00372,1.6625187718912513,0.4717809254479203,0.6519762974237222
TEST_00373,2.9798814444509207,0.37603076533629953,0.20547662854695753
TEST_00374,1.085545311998732,-0.3087930705152294,-0.26127377518614503
TEST_00375,3.446065296359107,0.954645389107325,-0.23326288707842457
TEST_00376,1.1006808920491538,-0.6965326683665171,-0.12762552981303196
TEST_00377,2.2370741049046377,-0.15744696893390547,0.39786548288409657
TEST_00378,1.628819055361147,-0.6642333980213785,-0.09735610125218132
TEST_00379,1.804023722809743,-0.9146673740873532,-0.46917638497284764
TEST_00380,2.7921282423813336,-0.6613474906130281,0.3188040722496325
TEST_00381,3.4868546490347962,0.019721120652110565,0.32271981214952244
TEST_00382,2.1692642436074068,0.323607576111144,0.48173251059846534
TEST_00383,4.041173191577891,-0.4169362651772462,-0.41065155493337024
TEST_00384,2.162361735169447,-0.4531613269522006,-0.5278476462834976
TEST_00385,3.5638979606721137,-1.4719728720343983,-0.09023996910211997
TEST_00386,3.022191660248721,-0.03191172337810971,-0.17280700525544088
TEST_00387,2.183163978650103,0.024566478383380688,-0.03743620638092805
TEST_00388,1.6665538398016577,-0.10966078707026043,0.18829733860728018
TEST_00389,2.417129838941575,0.46566333107010555,1.442164406020771
TEST_00390,4.430667929407787,0.2858886947378468,-0.6505502005053541
TEST_00391,1.616477285954376,-0.5421450400240944,-0.06216041602965454
TEST_00392,3.0634885616170657,1.5980384865518467,1.5344766254878495
TEST_00393,1.9266946107643492,-0.18309221363736444,0.5558948415976298
TEST_00394,2.8767864183375633,-0.6038304821982836,0.5726661274442164
TEST_00395,1.02642417055123,0.11327189293824297,-0.22539267184498835
TEST_00396,3.8297499665538894,0.7614733499998858,0.3234944779342613
TEST_00397,3.356314094827305,0.8260124847358433,-0.8421077400721528
TEST_00398,1.1776712259076143,-0.12067636145620493,0.2829649992769644
TEST_00399,5.764683244000799,1.0347783317194257,0.2736692827913812
TEST_00400,3.911930149238442,-0.12702850503847418,0.24013732009321292
TEST_00401,1.8428300932149773,-1.180600370869832,-0.18372322731350865
TEST_00402,3.7238648527733353,1.2785057595058789,0.3300528675177537
TEST_00403,3.0208948103509377,-2.3559922738884205,0.40500648049638655
TEST_00404,3.131836649860473,-0.24895771237510575,-0.4867240595978262
TEST_00405,2.199021028787954,1.0698806063319368,0.7366287657806945
TEST_00406,2.9652863041539543,-0.3670272754871993,0.8380561834157921
TEST_00407,1.3137795268819947,0.8449538623356856,-0.13522123339618763
TEST_00408,4.531837419512091,1.4813032969226374,1.0816778101449924
TEST_00409,3.1879407804370143,0.34317902982033577,0.25038403440019924
TEST_00410,1.6053344829731024,0.44956138534574414,0.40051648705452614
TEST_00411,3.592212327197523,0.24088694841874367,-0.3293545665847886
TEST_00412,2.0959892574451473,-0.44727579853371396,0.5517026696996402
TEST_00413,2.325187983501225,-0.3501594938513924,-0.09008600341413964
TEST_00414,1.7178339525103319,0.4023771750060253,-0.11772867870749944
TEST_00415,3.964543609123337,1.0065214509066507,-0.5876418203440918
TEST_00416,1.6184149878132643,0.2756820486481838,-0.21144412681978098
TEST_00417,3.616221512789439,-1.4292536636155875,1.1980670426580051
TEST_00418,1.8531634068834466,0.2580294956690535,0.23706052294454139
TEST_00419,4.0094984384291665,0.4116885730033327,0.4839548182000974
TEST_00420,1.3556322391864977,0.13353309999002355,0.04569663535409811
TEST_00421,2.9434971241677426,-0.4485466488527345,-1.0066672718713925
TEST_00422,1.6407968686313303,-0.10545845952568726,-0.6650235680239048
TEST_00423,2.6134799809644496,-0.7296090762041636,-0.8544789601768549
TEST_00424,1.1226466824897754,-0.5251186303874139,0.34179903944568824
TEST_00425,2.572878176117215,0.8168105315124348,0.29749961215765
TEST_00426,3.106713531871455,0.24952982705118681,-0.7456446719591174
TEST_00427,2.956352067453393,-0.2866860280076933,-0.5296411845279906
TEST_00428,1.776575733757909,0.008130799438253731,0.22032804935072944
TEST_00429,4.148390088038387,0.03997011740025403,0.0793241654635388
TEST_00430,1.1424144602381623,0.23536710814858544,-0.3232446000004278
TEST_00431,2.1867654808035435,0.41782617901181474,-0.05542231442010016
TEST_00432,2.7714964852541017,0.4601863892381713,0.5217653407342389
TEST_00433,2.614431816368627,1.1265149844779274,-0.06475481445120142
TEST_00434,1.2334514645762904,-0.3602077522942634,0.03953971462903404
TEST_00435,1.873209516874768,0.7558639331076191,-0.34400843424941996
TEST_00436,2.166788737815478,0.5176454374970676,-0.01945755056998486
TEST_00437,3.058845217925011,-1.0203290760237307,0.4341841550549431
TEST_00438,2.8031651704839122,1.5648421215933848,0.051584708858456806
TEST_00439,2.4754546039400385,1.4299696717095225,1.540138672113573
TEST_00440,2.9517961791676477,0.4462204886542196,0.6323607773964988
TEST_00441,2.266355871311386,1.0777087462031434,-0.9028878833214123
TEST_00442,2.7738296241688163,0.3867377372826213,-0.2386141038410034
TEST_00443,3.549165302225533,1.008958902865586,0.07131856830889771
TEST_00444,2.6672863215946316,0.6069789542434317,0.453386106637351
TEST_00445,2.475682761694135,0.44509040660636334,0.628628738132946
TEST_00446,1.91524697937406,0.4496199071170044,0.027316158616878593
TEST_00447,2.5096705625945326,-0.3843132991278277,-0.6026556566241106
TEST_00448,5.053685988353055,-0.36366931947178305,-0.5589618414851384
TEST_00449,4.806338633761292,0.746466418693104,0.15953412545923246
TEST_00450,3.2548833923577454,0.4306502436678335,1.0906086204846916
TEST_00451,3.2897931026014593,0.10819898809373638,0.3392681595290882
TEST_00452,4.265075627659305,-0.37237563422198205,-1.0936805941417715
TEST_00453,2.877060159295401,0.06098610932304712,-0.2781612501436229
TEST_00454,2.7777059750581428,-0.35012971499611,0.6601282047634696
TEST_00455,3.257396447479027,0.24861901830761599,-0.42362868971290274
TEST_00456,1.9531198187356185,0.42465744323176996,0.7267495000931823
TEST_00457,3.792161841216599,1.1028239141581948,-0.6964132355872789
TEST_00458,4.39881205823911,0.059401675263371694,-0.2865635523538457
TEST_00459,4.4776958638392585,1.4961141561135056,-0.9958264322169842
TEST_00460,1.881588157802354,0.4710155669484381,0.3384112729774248
TEST_00461,3.5741715655274002,0.4152743705018554,1.233776116834891
TEST_00462,2.340234667178173,-0.07171396760823284,0.8962385704768107
TEST_00463,1.2665397757082169,0.4231365903330695,-0.19341020427095007
TEST_00464,4.006200783342317,0.6151963302185492,-0.5285500222379961
TEST_00465,2.856294738422592,0.08737139820968792,0.050324539941324097
TEST_00466,1.3139108933646813,-0.6571003863123638,0.2148775613927642
TEST_00467,4.176558915692659,-0.12601171271745681,0.5324621867635165
TEST_00468,2.0785818798860847,0.1175110214520537,-0.024841954595238122
TEST_00469,2.353322330146823,-0.33054762327564385,-1.5415220277738362
TEST_00470,2.6913052665816504,-0.15626553332083437,-0.41340425990764507
TEST_00471,1.3216365104063061,-0.5831820715650186,0.13898519777660567
TEST_00472,1.2900188649759152,-0.7131050263382199,0.5417372874887687
TEST_00473,3.0460385236175376,0.8545834192956988,0.6846962029240441
TEST_00474,2.8074629350647275,0.38171444759314577,-0.28466027794621335
TEST_00475,1.5849120918064106,0.02145333004225962,0.7104429151942288
TEST_00476,4.448642167823585,1.358469018760273,0.5727907437090201
TEST_00477,1.7836090710436907,0.3077202968675797,0.2217591718004625
TEST_00478,1.348167722976825,0.6937552445104138,0.570394334676145
TEST_00479,3.619326952026411,-0.2951653932711008,1.6312744402552795
TEST_00480,3.830285547717122,-0.5524063553471773,0.05691599708736239
TEST_00481,4.036927033635328,0.008426177517970432,1.0260075090688918
TEST_00482,2.462948833816629,-0.32299749000319156,0.20729846555541281
TEST_00483,0.9751951728182353,-0.4692363095438083,-0.15763202475108845
TEST_00484,2.146367342380341,0.05505607750268088,0.5176866120927516
TEST_00485,1.6300597982679887,0.5891367403346158,0.04704378161875798
TEST_00486,1.1855690202537732,-0.42387681637034086,0.28328399028987195
TEST_00487,1.0891071502178864,-0.02762263687398684,0.3672397179421351
TEST_00488,2.3043216398427604,1.1050208800602042,-0.2451021197340037
TEST_00489,3.2038590064038983,0.2812279615917163,-0.22776404897652894
TEST_00490,2.007934591085356,0.8531139453670078,0.37648437182209427
TEST_00491,3.600055092421989,0.1903978661900977,1.1413351236089424
TEST_00492,4.195857801833225,0.8826958343190554,1.545453287554305
TEST_00493,2.5391214622404448,-0.11693073471715865,0.3211601488052698
TEST_00494,1.9119548369755575,1.0542225660381301,0.0033158835900940326
TEST_00495,1.7790915557640241,-0.3655591430027426,-0.0609292792574873
TEST_00496,2.1800636954724397,0.7073648246818816,0.3716441544989158
TEST_00497,1.9838181067539913,-0.6792787811324577,0.040651147473538644
TEST_00498,5.376078938139959,-0.8289316550884748,1.8001534291610206
TEST_00499,4.119630340637051,0.30103011540838626,0.2467624623813999
TEST_00500,1.9684445615870967,0.672045548326983,0.4662818466398106
TEST_00501,2.9579901335630376,0.23274788356616105,1.321543383180035
TEST_00502,1.8951473857652161,0.43607238527287356,0.1507030776300225
TEST_00503,1.7909986253676913,0.34968361054589997,0.0591693753104954
TEST_00504,1.9841864844284047,0.09741500957221592,-0.4940971317229722
TEST_00505,3.5420168771108265,1.5469658857416573,-0.2484863579223643
TEST_00506,1.8940154385935293,0.3240281958238033,0.47986659931817505
TEST_00507,1.3848691232750643,-0.007425662135512889,-0.24956618137811643
TEST_00508,2.229143566462491,-1.0063520450002794,0.3840403552387967
TEST_00509,1.316421796679662,-0.4335911498845397,0.6727425146413087
TEST_00510,2.0278213879265574,-1.5526088052953169,0.5983963554847477
TEST_00511,2.6774189259703935,-1.0048834741407622,-0.46050698096636067
TEST_00512,2.6226777237598813,1.1475659058375294,-0.5333277025293793
TEST_00513,2.53967154330022,0.638288104377178,-0.5996442186532188
TEST_00514,1.9095143411512003,0.4949727011395903,-0.22753703596242353
TEST_00515,1.3286639142595282,0.32062754629615936,-0.10630211874157308
TEST_00516,4.027635902057258,-0.37485718958064135,1.0280563106048757
TEST_00517,1.6389382304481517,-0.3818166316380964,-0.17506617408784023
TEST_00518,3.8356135596224687,0.4936342385540689,-0.045088479036960775
TEST_00519,3.59196231394196,-0.8185584335296099,-0.9637276204801891
TEST_00520,5.058243903071448,-0.5785274886999772,0.4820428782555611
TEST_00521,2.18801913186182,-0.841550750679321,-0.0870388499825498
TEST_00522,3.6264251251601127,1.310134372201535,-0.09186644834287123
TEST_00523,2.1707573616606304,-1.3518046531944126,-0.2716183379250118
TEST_00524,3.0822614917591076,0.29420588893114663,-0.38514678666788377
TEST_00525,1.5831217096626795,0.7099627891607032,-0.20635921025704448
TEST_00526,2.80462966826199,-0.7973218493136341,-0.7554579863252142
TEST_00527,1.780485229454513,1.0403261139325033,0.2329128603939632
TEST_00528,5.805788693860335,-0.631880994066663,-0.6368853370544196
TEST_00529,3.4853479208158022,0.23793422184394034,-0.12543821387253026
TEST_00530,2.9338841338874433,-0.0663266037947433,-0.8045415720484959
TEST_00531,3.8677465903936956,-0.2721109529620127,-1.048039718087534
TEST_00532,2.4887219683103683,-0.9505365058977167,0.26015153654442363
TEST_00533,2.677669521945578,0.23008249000241976,-0.23547719432060607
TEST_00534,1.6698782479176366,0.9807410193565741,0.7506860175249127
TEST_00535,1.890194975710136,-0.6761282121296234,-0.07882320510376846
TEST_00536,3.0201708592566083,0.260484604493799,1.6391073524766606
TEST_00537,4.033226641126354,-0.6967357727720984,-0.6254885189372003
TEST_00538,3.5140385418630067,-0.06441755333640607,-0.5721290684009561
TEST_00539,2.4138416613820515,0.9357844538209193,-0.32154809534609885
TEST_00540,1.0802955218637984,-0.04687313909978099,-0.16772464777836238
TEST_00541,3.825808064918636,-0.40145293725923115,0.3384976619104146
TEST_00542,1.7727526551822073,0.7803422856017538,-0.10906127348901394
TEST_00543,1.5216307633951949,0.4695698104809683,0.16432953696601485
TEST_00544,3.7273618906331007,-0.39708956980234067,-0.5512982215794917
TEST_00545,2.8276306814890773,0.0865775704649366,1.5205501442232199
TEST_00546,1.179323845518975,-0.31982494489654234,-0.18785026321951612
TEST_00547,3.1209983181325556,0.3752035945948848,-0.46831618528979757
TEST_00548,2.924957346626086,1.1880341504884404,-0.39511621698091653
TEST_00549,3.2640689914712855,0.10312089601451604,-1.0446557962479732
TEST_00550,3.8821364506044613,1.214693232679745,-0.001608810171902507
TEST_00551,2.8222426833167007,-0.3068477241380475,-0.25764637930416695
TEST_00552,2.294540256915847,-1.2566348844152138,0.4490931402710143
TEST_00553,3.2246183339331096,-0.21976638286979966,0.5486565572111588
TEST_00554,1.7246835258981488,0.13299445651296166,0.13158541585385564
TEST_00555,2.072611330073748,-0.7854991657948234,0.12313097997336431
TEST_00556,3.026972208905854,-1.2320878089971725,0.8289758876040906
TEST_00557,2.5092228235088823,-0.34528845684139514,-0.13121101072190583
TEST_00558,2.9584831957936024,-0.40229937773011076,-0.4479864990553759
TEST_00559,3.8068186464642393,-0.7268228453241101,1.437023838703524
TEST_00560,3.4421160057333413,-0.4334164802293928,0.9705190406137042
TEST_00561,5.016598492849821,-1.924928595269004,1.238759679155411
TEST_00562,1.9275914956303892,-1.5775003864415806,0.9784400795018883
TEST_00563,1.076276801621896,-0.9242366447254319,-0.11306971715495415
TEST_00564,1.8334731211263486,-0.11932021883612487,0.22498535817527682
TEST_00565,2.1735412267200167,0.23385406101033107,0.6089878609145436
TEST_00566,3.098892340474875,-0.49851770288999564,0.46422305469341224
TEST_00567,3.2655827047644426,-0.5953081494169965,0.3375565296922212
TEST_00568,3.305977833043433,0.8799890765422494,-0.8342539516905069
TEST_00569,3.5641835299378966,-0.09366763237323834,0.7601047003932939
TEST_00570,2.2168926625375796,0.213586242585643,0.381323213066704
TEST_00571,3.0929254335801803,-0.391163113327371,0.01234607108592316
TEST_00572,1.542175953602798,0.16214474907514784,-0.3020312849326488
TEST_00573,0.9661934877806593,-0.36143274875936027,-0.10293767268483142
TEST_00574,1.6148547643770659,0.2923872677832435,0.5914006708151045
TEST_00575,3.1426060000399527,0.15103676440918845,0.15499904157872532
TEST_00576,2.033183012919468,0.7494909291134529,0.6289013445176089
TEST_00577,2.357233588858446,0.9960418489779445,0.33849736429026867
TEST_00578,3.8948698931491217,0.2328515137499668,0.6196774314671045
TEST_00579,2.586090979546074,0.07408324743277149,-0.1517256110315047
TEST_00580,1.6692005164970167,-0.5903533315695859,0.6314407950988439
TEST_00581,2.8615806220805813,0.41001976969073534,0.6803686828481913
TEST_00582,1.3720066554797112,-0.1254152681193125,-0.34521003439297643
TEST_00583,3.7291167097046483,0.05201474303597089,-0.6811178681966893
TEST_00584,4.07507019489205,-0.309363591443331,0.08564194250531743
TEST_00585,4.492193022458965,-0.3951212675249582,-0.4724885520061043
TEST_00586,1.3482740874119807,-0.14994054018135675,-0.336926931857457
TEST_00587,2.016109902495663,-0.053281544789503386,-0.12096450189444344
TEST_00588,2.61095616740866,-0.7824017351185166,0.47282983364244335
TEST_00589,1.019797772526753,-0.01250885574268895,0.452877025566656
TEST_00590,4.02360285411901,-0.7068168334085885,0.7104151961382563
TEST_00591,3.0445640549566053,0.06387085565178795,-0.060675418857970204
TEST_00592,1.7939776269083425,-0.6812044364204424,-0.13902922676109214
TEST_00593,3.33677694303109,0.7852534453027235,1.1730521731395542
TEST_00594,2.3848440090968683,0.42632904263625343,0.4474762443594004
TEST_00595,1.1245910171259703,0.12014447884719837,-0.16697376358021912
TEST_00596,4.558690158893462,1.138117280030086,-0.7843072085459908
TEST_00597,2.8512261410845703,-0.3534753765435172,0.5709717397075119
TEST_00598,2.3097134216342523,0.11469425614106334,0.7318931950368219
TEST_00599,4.476905520448059,-1.8828247810126133,2.2225030827485557
TEST_00600,2.9241386613070044,1.1606199717563845,1.0512324714430457
TEST_00601,2.7679485321326323,1.119287420439935,-0.47572667504290556
TEST_00602,1.1668020127224097,0.638226034874363,-0.10747335313441463
TEST_00603,1.343993921116021,0.3722847502409749,0.016997549912422968
TEST_00604,3.5051915100885545,-0.0008847183003893519,0.1930632110547354
TEST_00605,1.1345680830469924,0.5539672464663677,-0.018953597794797432
TEST_00606,4.731990815617431,0.7412163177148496,0.988071144450413
TEST_00607,1.6788476589062309,1.1976118696749745,0.5329809839557846
TEST_00608,2.003880718417466,1.5525290814072077,0.350471526841183
TEST_00609,2.5375578344038687,0.07626061463829527,-0.5851722423017663
TEST_00610,2.0778168970725526,0.5919808263897084,-0.1338180883331982
TEST_00611,3.7464532956722367,0.023514138105250902,0.8838523173247719
TEST_00612,3.494002753669805,-0.9832411955054035,0.02928761860957024
TEST_00613,2.719423239446871,-0.04574148818213037,-0.38372564034748946
TEST_00614,1.5439463138603853,-0.2733211653843472,0.3406906753956313
TEST_00615,1.1964447859019163,0.02592352693294261,-0.14686340257698993
TEST_00616,2.1129700327283305,-0.4459701394778277,-0.5816780157148503
TEST_00617,2.9318788130341824,-0.26673212301173765,0.9471764727309009
TEST_00618,2.381408366759066,0.7846991302628027,0.6375366884766291
TEST_00619,3.3125181917156734,1.0606249294461212,0.8744845050851314
TEST_00620,2.2226460315737335,0.02898613065929785,0.4858576191585115
TEST_00621,3.032940855315198,-0.4646671328953089,0.42874147194205775
TEST_00622,1.8773235257805103,0.18215791233233214,0.18318396157748026
TEST_00623,3.9967332227899166,0.5101983880410129,-0.047346865464349054
TEST_00624,3.107368216245048,-0.09458936385750784,-0.2507549591682727
TEST_00625,2.9620169563908467,1.0261946603542826,-0.0951001602556238
TEST_00626,3.1999337456295116,-0.5662396928618373,-0.8344437505051122
TEST_00627,2.7274140444427846,-0.18591018954574767,0.1536385589242202
TEST_00628,2.155781103260298,0.04673969110788844,-0.16216963497985878
TEST_00629,3.9780623859189466,-1.0611806406671134,-0.24554207173668607
TEST_00630,3.3813549033765358,-0.8659827163100857,-0.7588554376919425
TEST_00631,3.0588650593739373,-0.7328778032970991,-0.1050019789893804
TEST_00632,2.970240407566174,0.6016560676093852,0.565810166059772
TEST_00633,2.7019385162953107,-0.8180758477749631,0.7753278637135751
TEST_00634,1.6713237872623714,-0.24718296221343924,0.2051004777827983
TEST_00635,2.637766149935395,0.9148877281916563,0.8401539616361992
TEST_00636,1.40729183119646,-0.4971561859670117,-0.34082570900309256
TEST_00637,3.108191756973832,0.15974467678952647,1.0243796466446717
TEST_00638,2.7540462103234855,0.1444656884034412,-0.0625232690606451
TEST_00639,4.8103039899001665,0.7435197193299412,-1.1941428253954482
TEST_00640,4.616197146006048,0.4567870757433682,-1.053030249547935
TEST_00641,4.673931650066446,-2.206622797972127,1.2085942395200469
TEST_00642,1.6830308969989807,1.055025619854397,0.8373632047891253
TEST_00643,1.937013388298095,1.124152693245115,0.29093535243751983
TEST_00644,1.7033905613383262,0.3604094131269597,-0.2921342617705294
TEST_00645,1.2944649748560262,0.008343111913134027,0.021270485259949044
TEST_00646,2.402405566297359,-0.8870782921568026,0.5496794469071447
TEST_00647,2.4003044670361704,-0.7279722337316528,0.4712384384484533
TEST_00648,3.4069981888006624,-0.2917982534176596,0.39854313397886154
TEST_00649,1.742310089942544,0.6835936643901445,0.2951755695916475
TEST_00650,2.213990168197271,-0.11503319837911967,-0.15650828269664702
TEST_00651,2.1028423366223827,0.6253348565023623,0.23216188111510677
TEST_00652,1.2944026018851158,-0.8472759236568553,0.09149139458561213
TEST_00653,2.5129114877369254,-0.5757301220567406,0.19981476043730056
TEST_00654,2.181580830778242,-0.47515166884113125,0.3216522364161946
TEST_00655,2.7977235641472755,-0.32028349963059854,0.023240550343010532
TEST_00656,1.4309433415159838,0.7126378618743439,0.22907968546056964
TEST_00657,2.029579178846088,0.5476237259576076,-0.5497123850692754
TEST_00658,1.7639333219043078,1.0344782190510275,-0.56009195054805
TEST_00659,2.72681095850276,-1.6287004586910268,0.39282241889635716
TEST_00660,2.89794415501855,0.41572925806152383,-0.02748962759443027
TEST_00661,1.4138417283704514,-0.6360453323648824,-0.21926471279125695
TEST_00662,1.351905480645928,0.04993021424768351,0.08549699247521597
TEST_00663,3.2122818281900902,0.5555546622420454,0.21795496008368495
TEST_00664,3.447120235244099,-0.25601931486404333,-0.21092164104214298
TEST_00665,3.5631477932773246,0.08668210759057725,0.8018803411761107
TEST_00666,2.8326955138690666,0.21502666955910357,-0.12652469526487647
TEST_00667,4.17710339897611,-0.5309776827509551,0.4448619339023384
TEST_00668,2.8927849653328988,-0.8822979780005636,0.05344846752600336
TEST_00669,2.6454914903849223,0.9477652006571882,1.190621561549117
TEST_00670,3.03340599258802,-0.2322668669258253,-0.5904269400109847
TEST_00671,2.399330300831883,0.23800025733452,-0.0081011418044221
TEST_00672,2.916983407496163,1.0036689866684791,0.9711852722002696
TEST_00673,2.8714059401919516,-0.7618427190787845,0.4530016783586198
TEST_00674,2.095404398703462,-0.4349590261036443,0.5869933211651283
TEST_00675,1.8040045409383312,-0.04617068893644792,-0.507204889953956
TEST_00676,1.9709734566834318,0.6849535513652073,0.029437693767454493
TEST_00677,3.2065016800897745,2.118794395167104,0.5494048647889144
TEST_00678,2.2246133550997444,0.5475045606921796,0.5949168915145517
TEST_00679,5.856843809601245,0.6808074000917268,-0.7229823319289482
TEST_00680,3.025149046102469,1.5977310304833339,0.2178927104977923
TEST_00681,3.2371636428355886,-1.3853037524264733,1.087136410911903
TEST_00682,3.6566589905313305,0.17726404914716962,0.2751789178059714
TEST_00683,2.5275058068006215,0.26505591058463496,0.915433060383298
TEST_00684,2.339579336958201,-0.16731948449118955,0.6357811505495832
TEST_00685,2.3528554491355544,0.6711389902302349,0.1097234566663957
TEST_00686,1.5218785918982614,-0.06219658054038211,0.18821943158166393
TEST_00687,5.021800450949911,1.3251187693310218,-0.9210155522615243
TEST_00688,4.074665759552044,-2.0936449046452403,1.4565038027274837
TEST_00689,3.339490038333832,0.019363959922392177,0.7076690467296126
TEST_00690,2.728395410696173,0.4271529874337862,-0.6705474105124584
TEST_00691,2.255118453561552,-0.05259852652228464,0.6970861171311648
TEST_00692,1.9655894976833599,-0.4281691005883196,0.6058798511025384
TEST_00693,2.3137661575844235,0.5528768306700723,0.10468241765323358
TEST_00694,2.8859426631617517,1.6675848706552951,0.797353594024731
TEST_00695,0.947141374732087,0.5552077750038539,-0.03367005317842248
TEST_00696,2.6918150438617414,0.4346405647862725,-0.5899900744656301
TEST_00697,2.4668405339075625,-0.3768404655230338,0.3954680913833267
TEST_00698,5.291150455217874,-1.637807295780289,-0.6307573959699017
TEST_00699,1.2024678767933055,-0.020924518067241715,0.055771385430612164
TEST_00700,1.098673256699634,0.05941757885213963,0.3749079280025549
TEST_00701,2.724117967061286,0.3556612929450925,0.2594241624646743
TEST_00702,1.4325413179457653,-0.5640487191228941,-0.27239218107762175
TEST_00703,2.2407715589186616,0.15848336778113062,-0.02830575173183678
TEST_00704,2.21452973974684,-0.6949763592996118,-0.3800471595299415
TEST_00705,2.6190408259205595,1.3515476134253213,-0.3091468271434507
TEST_00706,2.7005788477804016,-0.23148287668662906,-0.11261665791077559
TEST_00707,4.406439626927646,-0.20423279927289295,-0.34148379105306653
TEST_00708,2.0931104026383798,0.14171664868419104,-0.15550201389814264
TEST_00709,4.204193089960167,-1.7252210343251384,1.5145742538550409
TEST_00710,2.496650445890369,-1.7056655888147514,0.7678351979668899
TEST_00711,1.486955185225945,0.2005591437651209,0.08285995520510485
TEST_00712,2.622060269858511,0.16073987570103992,0.9326280406537492
TEST_00713,2.2092740471756294,0.8136998141262645,-0.6209136659609381
TEST_00714,2.9331435918585136,-0.15299141687216314,0.050449568232388636
TEST_00715,1.0678386849814512,0.07206361745504233,-0.07297407279888823
TEST_00716,2.2012018858011304,0.06186245756737587,-0.6681283655617933
TEST_00717,2.2219085583591496,0.22822523359739397,0.2881160006514434
TEST_00718,3.1297177088657944,-0.6375583727805021,0.9338281274429532
TEST_00719,3.1515106568590423,-1.2637101752046742,-1.4964767248412814
TEST_00720,3.0003791884155393,2.3397887424224924,0.4435084714557417
TEST_00721,1.7846448538860815,-0.7121103312743632,-0.05442807489338426
TEST_00722,4.1131152270389535,0.3326010481436019,0.43388114565098995
TEST_00723,2.2113852013836994,-0.3111821050669185,0.7549140259303446
TEST_00724,2.0601519765561864,-0.2946113374307461,-0.36005844827518346
TEST_00725,0.8472297960267676,-0.02911530730676931,-0.18723398047529757
TEST_00726,3.2418896888537763,-1.0275405141085234,-0.06124503198315878
TEST_00727,3.448436239685638,-0.8945936296051171,-0.6036944776272493
TEST_00728,5.793638006404625,-0.48325327135967094,-0.40274061071251976
TEST_00729,3.9406138873940795,0.45867664757895565,0.438035118921029
TEST_00730,2.8739324268331434,0.632778254076316,-0.012542045093308784
TEST_00731,2.2432481564902864,0.5102634414947358,0.15138537309948472
TEST_00732,1.4367013351096978,0.10675456365270126,0.02880805765798148
TEST_00733,2.8345659778897647,0.3499851453456857,0.14049027717698054
TEST_00734,1.4365186400408012,-0.6187564956369886,-0.11025437865273262
TEST_00735,1.209848789572551,-0.015969103326542552,0.36178802155461365
TEST_00736,2.2287679737379817,0.6218068305211072,-0.3121248563983545
TEST_00737,3.0449714751543815,-1.4065561860383615,0.7016050537784846
TEST_00738,4.872438117826598,0.8950469280499179,-1.2769629661043183
TEST_00739,4.071530977782246,1.5093800520627034,1.2743123891819463
TEST_00740,2.6074780824603434,-0.4704302951382239,-0.07298123375243193
TEST_00741,1.1924900744177047,-0.4259936931696529,0.4188619370014989
TEST_00742,1.9436261293636774,0.039426391353568443,0.6023339309535576
TEST_00743,3.642131718351449,-0.46476079819491023,0.23203544169560725
TEST_00744,2.258753321046659,-0.41547721438729984,0.45999005051512915
TEST_00745,2.600206280957489,0.3773204120071727,1.0788195062912098
TEST_00746,1.6442116266086775,0.30247454641772986,0.028646887348541594
TEST_00747,3.596141640824597,-0.5819834210691183,-0.7613945898676403
TEST_00748,1.7390750166494815,0.02535484686656096,0.1127509782211627
TEST_00749,3.717071582643764,-0.3066069753801357,1.1768404242551147
TEST_00750,1.3593367641001228,0.7226277951863036,-0.31110374958232345
TEST_00751,2.855258958566512,-0.2972510239085941,-0.31135507678251745
TEST_00752,3.4109531228267356,0.2856650709576132,0.6634038828072918
TEST_00753,3.1520558508656755,-1.3749343435457526,0.8451411565188671
TEST_00754,2.809383921550503,0.04792559883772664,0.41334356907178493
TEST_00755,1.819967120506521,0.09084549333781884,-0.2114965142741046
TEST_00756,4.068514008591505,-0.802501102583283,0.3174860604523262
TEST_00757,1.6626415541882356,0.39227219996282964,-0.09164129000139558
TEST_00758,2.53966616913171,1.0657181414578487,-0.39821879912105307
TEST_00759,4.939393396901983,1.2252745351914986,0.10712881491373419
TEST_00760,4.750161241389623,-0.08151655243083436,-1.4659084351793616
TEST_00761,1.0078406693938395,0.022630282410007453,-0.05655334729370617
TEST_00762,2.707799600906354,0.10144738141824906,-0.07364406937540431
TEST_00763,3.3218228406496486,0.8548303266780036,0.31151036692544276
TEST_00764,2.4366269857072984,0.2522882611572861,-0.02970052524143451
TEST_00765,1.5882579606623197,0.4271788717825227,-0.011698762081319267
TEST_00766,2.117593390610573,-0.7663266121052255,-0.35473237685320924
TEST_00767,2.880309212763082,0.8399172481794732,0.942956556523997
TEST_00768,2.51541481373536,0.29814146169206784,-1.0987319360878367
TEST_00769,2.105043672804553,0.8503975272208538,0.03696779628861237
TEST_00770,3.381146056212156,0.3427586789985944,1.0977853103552733
TEST_00771,1.6462617752782172,-0.35673428678032537,0.3331241991971619
TEST_00772,1.390019967487242,-0.19634555181948626,-0.15855278843025447
TEST_00773,1.9477229007628791,-0.11391753896344736,0.24095431802588113
TEST_00774,2.189322588380529,1.279818634565793,-0.7953734734761089
TEST_00775,4.126389937643478,1.066804326437997,-1.0982555502469722
TEST_00776,2.8791313559949345,0.22363297971197674,0.76950475006571
TEST_00777,3.191256001413857,-0.8896751758289512,0.18100872887843752
TEST_00778,4.8903306914926015,0.42312054468716587,-0.32024994789673794
TEST_00779,4.778592423688524,-1.3893802995381037,-1.4000147513613104
TEST_00780,1.9635114924306798,0.6693286480928482,0.4807089229981029
TEST_00781,3.1918699634476906,-0.08635579143490535,-0.18404848363226617
TEST_00782,1.9147754423864487,-0.4651988100773754,0.5002357956977276
TEST_00783,3.919426603424373,0.790215079553585,-0.004300792116243092
TEST_00784,2.319831763515043,-0.1790790386331728,0.46720694273742397
TEST_00785,2.812480786256607,0.4436729242687018,1.5246640683285932
TEST_00786,2.793135773689805,-0.27802406099803145,0.0894550155506292
TEST_00787,2.5236394261898574,0.6808803504964559,0.8889433696052972
TEST_00788,2.279204354878655,-0.49075756368300866,0.3853524890159987
TEST_00789,2.7316242446441024,-0.9574678889720086,-1.286121116856478
TEST_00790,4.08832203838429,0.056080256925995,0.5866419967532314
TEST_00791,2.3814246709523625,-0.3099697301710855,0.29820621489527044
TEST_00792,2.2179177415617914,0.9881540474950568,-0.1455716206605962
TEST_00793,2.9509420117830314,0.5471966437472245,-0.03903932153491189
TEST_00794,2.487713460973727,-0.5833343775280221,0.41445383959010407
TEST_00795,1.788200031128336,0.3446944031412532,0.42533610683851053
TEST_00796,4.596778671954392,-0.4994240584543511,0.13264698825689986
TEST_00797,2.855073922857436,-1.4998606819702534,0.9953333061126017
TEST_00798,3.332918376829007,1.435967380541048,1.005635292026579
TEST_00799,3.65602199326962,-0.642083403087765,-1.2770217297522382
TEST_00800,3.500052823373717,1.590596738935103,0.29065711620063456
TEST_00801,3.6349145632966606,1.3972867999190888,-0.24394760324600367
TEST_00802,4.497812405442804,-1.4323332238844677,-0.11866515401764141
TEST_00803,3.2316959456078402,-0.10650452754794304,0.06496954998588678
TEST_00804,2.0898062051780966,-0.5299968131636431,-0.7567114658167506
TEST_00805,2.083207015000576,1.068256842222886,-0.6331555167420516
TEST_00806,4.2235798287778925,-0.20008706616705965,0.3339230799079058
TEST_00807,1.136064336719132,0.4105804675105741,0.1643381890192551
TEST_00808,5.608858196967342,0.3712279393364239,0.14515546107091765
TEST_00809,2.4188694901094263,0.6986170918051142,-0.06516172537228773
TEST_00810,1.5721024912649795,0.2589680546296648,-0.22545764608125018
TEST_00811,0.7878790222811498,0.414750697369065,-0.03304214240316171
TEST_00812,2.482737359052345,0.5737208743579579,-0.3134400855867419
TEST_00813,2.381606465091605,-0.1113987841193936,0.040149784087198846
TEST_00814,3.708016082578613,1.6830752129874633,-0.8079792792742206
TEST_00815,2.364576500974663,0.8855996299518708,-0.20896901511445
TEST_00816,2.5927956523622204,-1.1370416174325797,-0.20566024806319352
TEST_00817,3.7248740022078137,-1.9370001383713689,1.7375172928614362
TEST_00818,5.437211882964587,0.4587629596658258,-1.1575323045443195
TEST_00819,1.665701016431039,0.49973313513447754,0.3081239746726606
TEST_00820,1.4582209139339108,0.29594315458999537,-0.020307017391269458
TEST_00821,2.659489501163733,-0.4016982881709837,0.6473406982858337
TEST_00822,2.085306233139565,0.6702006612951896,0.1613035649953577
TEST_00823,2.403046374765674,-0.5690873054626693,-0.456625331926839
TEST_00824,1.6759659203219424,-0.3326186500469659,-0.25990149948042335
TEST_00825,1.4089671931901038,0.4933186838124757,-0.6845427464551676
TEST_00826,1.6083819862119584,0.4535040374677474,-0.3114746223571663
TEST_00827,1.1148790818052559,0.39440788274882427,0.06199105482990865
TEST_00828,2.3910802380621514,0.9313010822407509,-0.6498950798236063
TEST_00829,1.275340111086561,-0.08646672851412245,-0.29553391695556275
TEST_00830,4.747842626936655,-1.3126546205738492,1.8368814339503816
TEST_00831,2.201392607891999,-0.4145471854660354,0.16441600827628172
TEST_00832,1.4456168611459888,0.6187837614088918,0.2849319825216386
TEST_00833,3.2036619378474973,-0.954608547825406,1.498470224694145
TEST_00834,2.0577845756197988,0.16054836721866914,0.23373867381802313
TEST_00835,1.9086605227893145,0.6793314568861879,0.10716374710171231
TEST_00836,1.4109769624495951,-0.9187293270386966,0.0024202722862420255
TEST_00837,1.3689913592048883,-0.17998481677062247,0.0021868526280344244
TEST_00838,2.4136146116327843,-0.34347629339656066,-0.15206493826538928
TEST_00839,5.79426057010596,0.44671673309403304,-0.07633291026321722
TEST_00840,1.501418441064601,-0.0840980482650222,-0.24475506708652575
TEST_00841,3.992768022061887,1.497679699606804,1.469707869657108
TEST_00842,3.061019425548113,0.5698764101247978,1.5578906792413816
TEST_00843,2.432465264103751,0.6713870842698796,0.06201961623125403
TEST_00844,3.4889878358614923,0.31376363946399966,0.7070555314194319
TEST_00845,2.5030042077726704,0.13023696408178517,-0.04481320284937216
TEST_00846,4.595385065894459,-0.4080425233157456,0.7736906048406665
TEST_00847,3.656031624764318,0.3494771440179694,0.13439225712990643
TEST_00848,3.8747292012327095,1.0687978308100579,0.0025169995684494687
TEST_00849,3.580500128937021,-0.07482564513186657,-0.054343713528553016
TEST_00850,3.1077145168773104,-0.31707900485684215,-0.313177283544495
TEST_00851,4.260251047662796,0.14331128486044134,-0.13926844395097188
TEST_00852,3.2208357516391874,-0.7037934703635526,0.4832116666425342
TEST_00853,1.653434946271487,-0.6937458161321617,-0.15332661964695193
TEST_00854,3.1179341816863353,1.3382224477865,-1.0886440308481005
TEST_00855,1.0760607697966038,0.08561793633582077,-0.2735890950616213
TEST_00856,3.2657708811438555,-0.22794123439009173,1.503904931091458
TEST_00857,3.7426443466021655,-1.9451116818610805,0.32703814154548055
TEST_00858,4.27316611121543,-0.16702106583735987,-0.5663672804588694
TEST_00859,1.2953118208298893,0.28539175742277834,-0.3930530690566776
TEST_00860,2.156335429148563,0.3044473097355883,-0.13748634528141476
TEST_00861,3.3645530774846746,0.03684415566873305,0.22550814271020844
TEST_00862,1.5944441308296113,0.29805980300993873,-0.2015024768904894
TEST_00863,3.4538549619225307,-0.02095705282036228,1.0356735011311011
TEST_00864,4.064032310433284,0.12975920464610255,0.8419095942666549
TEST_00865,4.906603501686177,0.34517370607467257,0.131175161474409
TEST_00866,1.3935573807677304,0.44664391769158274,-0.04232150391690789
TEST_00867,1.8392937783491052,0.49335289032357715,0.185357589271861
TEST_00868,2.429346908138894,-0.7723015638424822,0.23323178064566216
TEST_00869,4.3782890074874565,-0.5518625248184929,-0.10972401069156792
TEST_00870,0.9796753643424245,0.42399941552918,0.00034105769421833784
TEST_00871,1.4804082320987666,-0.374811664209464,-0.08643161383164771
TEST_00872,3.367806955460306,0.9854923243406435,0.1337104058028303
TEST_00873,3.5370182418140708,0.2529418988998302,0.572492290811401
TEST_00874,1.6581739657847918,0.15157902206635523,-0.04715772072234669
TEST_00875,1.0656065218215873,0.30532107146530973,0.09536875221350116
TEST_00876,3.457372736617825,-0.296025549232884,0.35732265487437165
TEST_00877,2.6148668329732168,0.8237957170907817,0.19189804347891704
TEST_00878,2.281888128197366,0.7112203508732109,-0.2924988470939596
TEST_00879,3.610538821526876,-1.036213247415714,1.9646823401510007
TEST_00880,4.231422534177506,-1.5192118138881552,0.32058359105736134
TEST_00881,4.644240918234106,1.3750812770381167,0.8994698409922625
TEST_00882,2.0333487047556877,-1.0391312994082174,1.267331984335771
TEST_00883,4.161136535831876,0.13219160860789822,-1.1253029768973173
TEST_00884,1.880829303155258,-0.20221322171050687,0.21164798523836692
TEST_00885,2.6935385470139694,0.337896199591245,0.597118687016441
TEST_00886,2.0772651317831037,-0.3345275064239366,0.26131551318745533
TEST_00887,3.870363433141868,-0.08161288775222159,0.13627674088188663
TEST_00888,4.2950447444343975,-2.204116014785669,0.9321536511980181
TEST_00889,3.5163601484364295,0.05323371376920111,0.07323898828266658
TEST_00890,1.5871800021988547,0.30419198760611366,0.17210574983866636
TEST_00891,4.084443135648098,0.3134450715751357,-1.1437914215330292
TEST_00892,4.4424924762551115,-1.1018480895537646,0.7313261908035935
TEST_00893,1.2811783040319402,-0.03156979733905375,-0.03214339398458594
TEST_00894,1.6781492010508265,0.6361096712667269,0.7480515537360121
TEST_00895,2.8502820670337448,0.3273097725414883,0.308728803567392
TEST_00896,2.3826872049903693,-0.17939818295970014,0.5200586946168394
TEST_00897,3.6813039215248176,-1.0785203237081953,1.7023657529222924
TEST_00898,1.95229166164647,-0.4834670668363074,0.5529012495175806
TEST_00899,3.2177637377712394,-0.9436871689434781,-0.33677867842191006
TEST_00900,3.096825733019726,0.4673633012276114,0.9018806951455464
TEST_00901,3.2439245138834645,0.43070159342954667,-1.133868353785334
TEST_00902,2.4974403827556158,-0.22062751616910112,0.1683276227031862
TEST_00903,2.767849051104554,-0.3401666389093774,-0.40909848202777777
TEST_00904,3.829688476393901,-0.017550358835738453,0.8185475961719271
TEST_00905,4.107511905815608,-0.3593933034772755,0.7436457828632782
TEST_00906,1.9796230967154311,-0.06160219417276942,-0.06555317564531538
TEST_00907,4.135826609409473,0.4010289786811505,-0.48198822488111315
TEST_00908,3.092032146349368,-0.8147119289049551,-0.571240877270613
TEST_00909,4.2235136706577014,0.019192651385249417,0.4449954352103804
TEST_00910,1.995648605051205,-0.8850203387614021,0.5547204768860611
TEST_00911,1.8013943701611832,0.04498873503157604,0.2623267871765482
TEST_00912,3.1847582417664837,-0.700416684159021,0.5889963836378055
TEST_00913,3.2804397929630342,0.8980009108952667,0.49083090439838434
TEST_00914,2.4088451376429494,-0.28898703553461036,0.2456640952011585
TEST_00915,1.5982330242738632,-0.8289832787862299,-0.30689467725765807
TEST_00916,4.362288948384191,-0.018978444176737188,0.15742131748669325
TEST_00917,3.054824123474955,-2.2740478486107887,-0.8476653543656281
TEST_00918,1.6007509584619937,-0.46448438614882415,-0.4986680104201304
TEST_00919,1.1753563004580923,0.0952373778885108,-0.13156774633506624
TEST_00920,2.8099519727928493,-1.6652658364070696,-0.7016638444013998
TEST_00921,2.0204522695336182,1.2352542028713673,-0.31450301875696557
TEST_00922,4.288339138526109,-0.7787997351865419,0.4987096374006293
TEST_00923,2.3479210857726827,0.534872870276258,0.6284736847480616
TEST_00924,3.2981000416074284,1.0800154088314151,-0.044700174980126364
TEST_00925,0.8817718522579602,-0.1274509542949989,-0.3162473453532284
TEST_00926,4.592317302009856,-0.8200921765795645,-0.6006374314165017
TEST_00927,5.061496294311923,-0.46212093854639247,1.190704064774011
TEST_00928,4.42649766195105,1.49264616781898,-0.11004904857291822
TEST_00929,2.10848198511096,0.2740264594124542,0.25729408732231707
TEST_00930,2.725412782562877,-0.04248048758465377,-0.634751467795762
TEST_00931,3.157944170804851,-0.42478736993417326,-1.2109047377856572
TEST_00932,3.417384569779836,-0.9733422217251313,0.4379866147329714
TEST_00933,1.2316313004731985,-0.3627732106986896,0.040874110242396476
TEST_00934,2.4873952464573645,-0.6449893445517971,-0.4233840044724108
TEST_00935,1.2606262318972143,0.48942649879862316,0.23308142692337033
TEST_00936,1.79709888691645,-1.103149679622652,-0.6076313260581516
TEST_00937,2.107772561210387,0.7923034767888344,0.3905509548968114
TEST_00938,2.441444576595944,-0.7023188355428802,-0.7782211483665473
TEST_00939,2.3813318996922135,0.6010830746865453,-0.093179705207629
TEST_00940,2.915506012875262,-0.27254357579287525,-0.13936498187383087
TEST_00941,3.6168359156855856,-0.445751312707443,-0.6896003862424103
TEST_00942,1.7990131528428142,-0.41571736473992127,0.05605779438657672
TEST_00943,3.993817198123077,0.47522591844871015,0.9428846187519103
TEST_00944,3.7047183464146562,-0.28808390242270154,-0.5841869996472504
TEST_00945,2.194773345166275,1.7461332946116561,1.0720086825131807
TEST_00946,2.0505037786782685,0.08052655071511083,-0.1809918610498891
TEST_00947,2.289459331067497,-0.14878678307344007,0.08296186888932058
TEST_00948,2.0253478568948418,0.42903567112549074,-0.2005102583148781
TEST_00949,1.234304997551254,0.18533032918013162,0.5549018045699708
TEST_00950,2.2951849777776956,-0.1471357566310146,0.266032308941202
TEST_00951,1.7823102923676788,0.8068626618303378,0.31285330811101114
TEST_00952,2.1305406235150506,0.18102374607349903,-0.47534679321029355
TEST_00953,3.109230153268247,-1.5657696097319806,0.8489799859494918
TEST_00954,2.796350983151184,0.061336362913873586,-0.6367443544674981
TEST_00955,2.085864499173523,-0.05179547445230604,-0.4733304057824481
TEST_00956,1.3993783514998697,0.04719994200846829,-0.5790630186598958
TEST_00957,2.0619452319202156,0.2014311079886229,0.020446068753002367
TEST_00958,3.2937523587412594,-1.6203014538974843,-0.4557828212145829
TEST_00959,5.494355191241011,1.7154808743597754,0.2973291386577921
TEST_00960,3.937832517916757,-0.33450815216522606,0.26939123778753743
TEST_00961,4.132983915116694,1.0391127376321132,0.7659574952025892
TEST_00962,3.372334524454859,0.6056197702176253,-0.547138908936315
TEST_00963,3.3292024477602538,1.6830898872717057,0.08678973129074484
TEST_00964,2.586953078801994,-0.1312716163073221,-0.5930596618030133
TEST_00965,2.3277849688207635,-0.5914160236434889,0.6111354383196632
TEST_00966,4.849500039291672,1.07420437529687,0.4902501793711039
TEST_00967,4.799366982389696,-1.2688377579081696,0.5855634886830148
TEST_00968,1.6988653014702673,0.17682382234616198,-0.02292025513779666
TEST_00969,2.034527481563103,-0.13632376246798186,0.027455831521229337
TEST_00970,2.269449892725646,0.258642626382973,-0.11488110388210059
TEST_00971,3.2900520669348943,0.10005013526876023,-0.3523097385081066
TEST_00972,2.949442006215019,-0.07978349090880661,-0.3621167070132291
TEST_00973,1.0267168777693756,-0.018887774594216523,0.06741784306987951
TEST_00974,2.871698147195234,1.315841130772001,-0.44243941037725076
TEST_00975,2.3032454444932333,-0.752479011743372,-0.09638058437588048
TEST_00976,1.8493017077663443,1.0229523226073902,1.107296105596218
TEST_00977,3.343063520621077,0.15815034558676358,-0.30293338227845984
TEST_00978,2.01567041565128,-1.6108989337701989,0.3576760719255104
TEST_00979,4.466298361188956,-0.6700336907050444,-1.2969755505720195
TEST_00980,1.1713593719276194,-0.34693628553754957,-0.09624249252972651
TEST_00981,2.958675195265705,-0.09318852572001413,0.07032399074498041
TEST_00982,1.681705573453827,0.4156523185678417,0.025156971842616935
TEST_00983,1.278144850475972,0.30408142335869526,-0.1297008627578787
TEST_00984,1.8094778166048895,-0.10131715148238313,-0.17650108080384266
TEST_00985,1.5057512617702806,0.5286074984940222,0.6421787806410366
TEST_00986,3.2144512635054037,-0.10937618975704531,-1.3686630784254938
TEST_00987,2.9485438541285456,-0.2924296233355848,0.0940338522880668
TEST_00988,2.5735219643795477,-0.03883872497922677,-0.07602497423952125
TEST_00989,1.871762101580108,-0.11740639186110878,0.7767517137050188
TEST_00990,2.4813351289560495,1.6087806890136505,0.6100695176685735
TEST_00991,1.7187582809711939,-0.8774395635066584,0.09246253852867578
TEST_00992,1.5876579202757766,0.9165353251587993,0.45749692370119094
TEST_00993,4.000657115021639,0.13831508156056735,1.074806424087609
TEST_00994,1.3473636948780705,0.1442604364864032,-0.0965252253853181
TEST_00995,0.7647734441857775,0.022923550637335543,-0.011607791622075914
TEST_00996,2.785916183301828,-1.605190887319821,-0.26470067606683373
TEST_00997,2.252042980696148,-0.19429597735985954,0.17576771657693924
TEST_00998,1.4209113431152416,0.5830558333337144,0.07421733935934476
TEST_00999,1.3722145702789974,-0.6244318361263643,-0.6931047921503745
TEST_01000,2.7728331745069523,0.8736315214871048,-0.8317078475996181
TEST_01001,3.355316947103736,-0.9523646787964831,1.0764686096216138
TEST_01002,3.555282587353416,0.9430368404838594,-0.4275704123169391
TEST_01003,3.67100604540187,-0.9534583631064716,-0.5110934311955029
TEST_01004,2.196212194559026,0.8376693869038723,-0.09082037063199618
TEST_01005,1.3187130177181337,0.7158360922879818,-0.08011822583936955
TEST_01006,3.780627759240402,0.796200712292174,1.2532890384162045
TEST_01007,3.285800470925369,-1.4127010984601525,-0.6380707510106914
TEST_01008,4.980589804000943,-0.12999241981015675,1.4663961770645
TEST_01009,2.4427392704801534,0.1667429100590846,0.18550033923827283
TEST_01010,2.262536885103591,-0.10027725739800859,-0.3946115263203938
TEST_01011,2.505272273876182,-0.01626634372745636,0.09909324323327919
TEST_01012,4.83308845818799,0.5874857388503519,0.39394858279286765
TEST_01013,2.662265135216096,0.16339767664132215,0.3945619770420684
TEST_01014,2.5480679238844473,1.2952084835338868,1.0013275539288593
TEST_01015,3.0980479650628747,-0.26515591817776873,-0.1465702039665663
TEST_01016,1.9247527156160975,-0.8357215063997894,1.0681897146055874
TEST_01017,3.3011677280665523,-1.0891804405243555,-0.7884499255846618
TEST_01018,3.057738459470846,1.414672182922634,-1.192561733102561
TEST_01019,3.827449645972696,0.7021647130895908,-0.19695739405303664
TEST_01020,1.5577680968564984,0.2774516993415269,0.6410219638334913
TEST_01021,1.6939644752304406,0.4355874222412583,0.4471958418427952
TEST_01022,1.7889334717291385,0.08430786534383884,0.09701970158074873
TEST_01023,3.698467482551647,-1.0287560788033017,0.5849346515693513
TEST_01024,2.6216768110272572,0.37644359150140505,-0.2369939024678227
TEST_01025,2.480750580185604,-0.46452088030509053,-0.5403574696264475
TEST_01026,1.5230130696391386,0.3880470013263756,0.3359396742077254
TEST_01027,2.948833057697191,-0.04059407904850508,-0.47520383838044195
TEST_01028,2.588994595329544,-0.5031330536859387,0.3309842998008005
TEST_01029,1.072384789425294,-0.48978498405359183,-0.6135585387219487
TEST_01030,1.146609120762254,-0.212889004867027,0.1438560817227447
TEST_01031,1.870896486668858,-0.23052209184633768,0.18847311308429315
TEST_01032,1.6483933508343085,0.5270958359383366,0.6607372095739247
TEST_01033,2.2493796342716226,0.2735774237703285,0.59089915084093
TEST_01034,2.8227515682921633,-0.020943085901152687,-0.5882002406406163
TEST_01035,1.356027699879672,0.3562931343424614,0.626865722851386
TEST_01036,0.9791925479430325,-0.30276524259109144,-0.41851361926290115
TEST_01037,3.2525060444452776,-1.9456451450936476,0.9419794558568325
TEST_01038,2.4558247460207796,0.7914620146213535,-0.7312011591248421
TEST_01039,5.341420231028599,-1.5917086123816273,1.8475380132213763
TEST_01040,3.568558507536121,0.029601958397631162,0.22974204747218596
TEST_01041,3.4614100936838,0.20233256177728204,-0.31718073817805353
TEST_01042,1.5206646903258898,-0.3296547813197115,-0.14984218919451503
TEST_01043,3.838620925390604,-1.9466098035690573,0.958838393085266
TEST_01044,2.442978567979567,-0.8613621811144098,0.19205204617207164
TEST_01045,1.3809296047708668,-0.048079645729113954,0.0675131403127164
TEST_01046,2.0394749353423967,0.19297310479051008,0.21569947578648146
TEST_01047,1.5949212424996244,0.7365605290782703,0.6027418291051264
TEST_01048,3.4069291286096495,-2.2776086645258005,-0.370694479790824
TEST_01049,3.712755605824112,0.20833466279063975,0.38484722129626087
TEST_01050,1.387729338693226,0.028661073922668756,0.3734376528114022
TEST_01051,1.4272548121806041,-0.15637669616930006,-0.03642342090020962
TEST_01052,1.4079727002169258,-0.04907447632676283,0.12529453089092615
TEST_01053,2.265353577374809,-0.7305733185122524,0.5162001019913254
TEST_01054,3.6735177757759296,-1.0775295771205444,-0.29671227203929057
TEST_01055,1.9142986580851105,-0.1604021917171696,0.3659852363948706
TEST_01056,2.1731799647287176,-0.010204134123171765,0.9692315053558148
TEST_01057,3.4544978350343873,-0.8212111266511849,1.1686192676619236
TEST_01058,4.690497257059284,-0.9850235102992739,-0.4114176515031931
TEST_01059,4.0699762312586225,-0.5590781387506903,-1.07471376738527
TEST_01060,1.7411217016012195,0.5242589156399694,-0.16940160939096102
TEST_01061,3.030371905548283,-0.33223238881331024,0.747212852405898
TEST_01062,1.9502847703717208,0.7243374265906453,0.17873731729460823
TEST_01063,3.31886018111,-0.4723942292692605,-0.4255220933055189
TEST_01064,2.2374693528622895,-0.3186179671881822,0.939417302539154
TEST_01065,3.522778252899057,1.1058247946484712,1.6690949896312528
TEST_01066,2.561622257174343,0.14211826874228442,-0.004092576344365374
TEST_01067,4.625684963068174,-0.15009706455959554,0.3655577237914905
TEST_01068,3.141181972232251,1.2226628915749522,-1.064708558861875
TEST_01069,3.4851781425775803,0.8518044139795174,0.46103864224696983
TEST_01070,4.558477153409418,-0.5486718857702402,1.0421534088893507
TEST_01071,1.3669864561085683,0.22090286412584687,-0.15755256599347944
TEST_01072,1.5153245917987777,-0.057825763183589764,0.7153731239627403
TEST_01073,3.1698364347632166,0.5627059991794423,0.4711418755951879
TEST_01074,2.7998974823475193,0.04145939352284031,0.1734268399546505
TEST_01075,1.5637174733500936,-0.7818038100973407,0.5684684731741299
TEST_01076,2.9526447918134755,0.4978944326155947,1.111599679156498
TEST_01077,3.4978198776963074,1.4847181323950014,-0.5093601562476181
TEST_01078,2.419280501351193,-1.0221233178233722,-0.3906230626196715
TEST_01079,5.372474004901697,-0.8331871988346194,0.7487556869979659
TEST_01080,3.604769990099714,1.5626294032904646,0.2872956080147166
TEST_01081,2.2751980223379875,0.8033947400493998,0.5772387932117702
TEST_01082,1.565267728114694,0.4691532121874172,0.03372249848760598
TEST_01083,2.1283569045266817,-2.0053842516064817,-0.5481605683415386
TEST_01084,2.244252107172849,0.6186135708612224,-0.2138581258384686
TEST_01085,2.2451787919454493,-0.17681263823765284,-0.03849567362735943
TEST_01086,2.2235061512395102,0.8731652477288945,-0.31133386219068065
TEST_01087,4.8417411684695875,-0.17487637845081436,-0.4219892107233387
TEST_01088,4.990671494560073,-2.0536571347610777,0.1509895804005594
TEST_01089,3.5023198585682915,-0.11645310583505482,0.10105157893801961
TEST_01090,2.729579980549339,0.2696413952343249,0.11779804662058971
TEST_01091,4.1444680303882535,0.28509644194831146,0.30805319301289
TEST_01092,5.042742899606026,-0.9663387067800558,1.2163335008363614
TEST_01093,2.123566565759917,0.4983912780960979,-0.18627201209702693
TEST_01094,2.0497669387840864,1.2577734920532742,0.8404142267745017
TEST_01095,3.3847647392848828,0.9238856087659115,-0.6158619928597662
TEST_01096,2.008706239401648,0.49430182770927555,-0.23329976197704844
TEST_01097,3.8991768798742297,1.5672320863153246,0.8827274401214273
TEST_01098,1.7873039330157496,-1.166357799410844,-0.7647224519876482
TEST_01099,1.2507436249575365,-0.5696309502859439,-0.2741491712113438
TEST_01100,2.530306069421074,0.47622012362267196,-0.7592053700951016
TEST_01101,1.0546213935428654,0.2710568814180529,-0.4043169990291463
TEST_01102,1.469979141958131,0.2029340687319499,0.2522928407498094
TEST_01103,3.3978565564765963,0.021427089301387585,0.5683085104616992
TEST_01104,1.2637201621265137,-0.4894444293632716,-0.19593349716019776
TEST_01105,1.7293131007234488,-0.7597483133805674,0.042135429605657096
TEST_01106,3.506654146843533,0.14957550309167836,-0.4020710341598935
TEST_01107,1.6721730251925646,-0.1948212082010026,0.5105193013632074
TEST_01108,2.6844278999927873,-0.0522742698162067,-0.11539692032432858
TEST_01109,3.4525742775563035,-1.4022669535310512,-1.0449253327813084
TEST_01110,1.079475102191336,-0.3082251460856717,0.010637388859152675
TEST_01111,3.160898764812103,0.11379749109402863,-0.313320818397514
TEST_01112,1.5303397730634327,0.14700674835415348,-0.05542667251568897
TEST_01113,3.5934937014564903,-0.7811370171710402,-0.16844148366533845
TEST_01114,3.1264279724536115,-0.1033412738497641,0.7609325591713556
TEST_01115,2.1166776089787636,-0.22632091603502547,-0.5466711826401351
TEST_01116,1.820333984285272,-1.0539965346564617,-0.36345657646272617
TEST_01117,2.38145016025843,-1.2215120830210975,-0.314769523281029
TEST_01118,3.7494246421090547,-1.5342125019770867,-1.1186680523564163
TEST_01119,1.8779679888106793,0.08722123234313287,-0.3665667572781491
TEST_01120,4.65271540360795,-1.1161951732531699,0.24725154587863596
TEST_01121,3.086599299916552,1.5060969185038051,0.8153753157399399
TEST_01122,2.105440319094971,-1.033888382512945,-0.19402995766421471
TEST_01123,2.8202839054554873,-0.7898200655503594,-0.46860208132885484
TEST_01124,1.108917557322117,-0.17245991254070947,0.40198637647033925
TEST_01125,1.4977010003817386,0.5760827409327478,0.05589031741881665
TEST_01126,4.381663497420058,0.34812361824173477,1.0853903764194828
TEST_01127,2.971432124206381,0.04557375200370789,0.8812740399852843
TEST_01128,3.7792314832842773,0.597632565617107,0.9642398042152286
TEST_01129,3.1922126061733533,0.004345541498889244,0.6403278489316653
TEST_01130,2.599095188226536,0.015531968984908032,-0.532613590562259
TEST_01131,2.2685042235275774,-0.18443762239885228,-0.040496921759439385
TEST_01132,3.2177815937566576,-0.2834743725554801,0.658016355090972
TEST_01133,1.402304834781099,0.2611166265711995,0.09259047567110178
TEST_01134,3.0583161470294837,0.5504562818373404,-0.9407978243154461
TEST_01135,1.8673634984037997,0.7559678232980862,0.34436278358944156
TEST_01136,2.76496552869053,-0.021084612512582465,-0.467043466478907
TEST_01137,0.8066085851103926,0.05299021793076902,0.26069585074249396
TEST_01138,3.2892412304052967,1.474686008981536,0.8810858206633232
TEST_01139,2.223828366156382,-1.2676880714811989,-0.3365961717406829
TEST_01140,2.527024612973209,-1.0039203930653957,-0.9332912157467069
TEST_01141,2.803076282336886,0.037000822329296766,-1.0985120323563642
TEST_01142,1.7875529687015486,-0.5114588751212559,0.06256718719019062
TEST_01143,2.1121575072147847,-0.4394735421641655,-0.21012850058954302
TEST_01144,3.16366531228346,0.1567157417278724,0.08795765261720251
TEST_01145,1.095451531010568,-0.12820926749624117,-0.08087986164023156
TEST_01146,2.9168450639604306,0.5925313945260301,-0.015095108381452888
TEST_01147,4.382887078025339,-0.11349141732648571,-1.053765181787797
TEST_01148,2.104103306389105,0.17944636858052523,-0.07878896466129251
TEST_01149,3.3106170702343487,0.4032325228468027,-0.5985939226771858
TEST_01150,0.9036633737300389,-0.4524942712905163,0.026969158304937457
TEST_01151,2.8917210087887817,-0.41725461944845993,-0.38495821896169174
TEST_01152,1.4743811263949318,0.03006066873267922,0.5489370584227442
TEST_01153,3.702394417049973,-1.7518213164070913,-0.5939166287956925
TEST_01154,1.526843759848637,0.1072648773660378,-0.13213981937612088
TEST_01155,2.226874399883066,0.07806569629350525,0.7204640522420576
TEST_01156,4.785926391436912,0.16578732406213073,0.3983517064397563
TEST_01157,1.9842014625226432,-0.3023389956030431,0.28770916043628525
TEST_01158,3.514910324413246,0.7797190517815783,-0.3131768810980824
TEST_01159,4.700510295858331,-0.5618025855363381,1.8504509654259818
TEST_01160,4.402664967619224,1.846410639269887,0.05924993432818706
TEST_01161,2.015342986210995,1.3607588358921738,-0.3076535588228596
TEST_01162,2.299323283413365,-1.2659119896841327,0.47852660763650356
TEST_01163,3.4996663112951443,0.9010215785020312,-0.8138578321788632
TEST_01164,2.060930765859332,-0.09168825552683568,0.4800532947825061
TEST_01165,1.474296511604256,0.01773399352511906,-0.3350672703310184
TEST_01166,2.7839907804381125,0.4222142010843893,-0.08514405756421227
TEST_01167,2.4203366385517886,-0.22433620290506504,0.9886994734853014
TEST_01168,1.0965615497484513,0.6302461247512511,0.02573910283853799
TEST_01169,3.53259695098287,-0.11999330615250875,0.08968805026197584
TEST_01170,1.9373775327385112,0.31817755176415263,-0.574628599264537
TEST_01171,1.8964398812753909,-0.045856139595029696,0.22292823375859833
TEST_01172,4.851247274883978,-0.2832512221962656,0.9326590533957717
TEST_01173,2.8257928347064176,0.46822333114042536,0.521299159027796
TEST_01174,3.4351550513439966,0.34402230207573925,1.0811481642477498
TEST_01175,1.926455821660672,-0.22193996188221612,0.24255541598371783
TEST_01176,1.6715188994004906,0.6502823843455221,0.8217632342302961
TEST_01177,3.396402945841401,0.4915232690739269,-0.504069117052312
TEST_01178,5.172753431860377,0.26330863523192355,0.4427856805308152
TEST_01179,3.417633120368426,0.38825647732478613,-0.8395321414513606
TEST_01180,1.3117176459542987,0.36847123960503253,0.053786087481621954
TEST_01181,1.6365602036421776,-0.14257775739184744,0.5668604115817328
TEST_01182,1.5669987288317442,0.7061623270916724,0.4898573790154822
TEST_01183,1.995299953166668,0.06788150792961992,-0.19025349464043395
TEST_01184,2.5666759685612965,-0.19239384416788122,-0.7920511851411909
TEST_01185,3.0892570218594426,-0.578826659230105,1.1754411363123585
TEST_01186,2.7068765726885315,-0.288350651792579,-0.0677688644008884
TEST_01187,4.053737668189707,0.5837677213269946,-0.9840543076457599
TEST_01188,2.275636741484793,-0.060175121724755185,-0.21293808551802984
TEST_01189,2.466057057299879,1.3809314981840575,-1.0158908642370883
TEST_01190,1.6679663878450752,0.8248373357064468,0.5712974749415448
TEST_01191,1.3975708160393228,0.5143931294757139,0.1979417346139676
TEST_01192,2.6254981062507983,-1.7969790086428112,-0.8799343046080011
TEST_01193,3.602563403968496,0.8988084000975769,0.6457741179934042
TEST_01194,2.394682369702938,0.6057680607423758,0.39555318313736454
TEST_01195,2.1929576534694784,-0.42547928109003263,0.18338917253597595
TEST_01196,3.1876928730798686,-1.5916662822522885,0.7011841483745815
TEST_01197,2.936888009057566,-1.782809549059609,0.3385180332359915
TEST_01198,3.1570358042260542,1.314102359157787,0.582368857440409
TEST_01199,5.418764655627857,-1.4980046913778031,1.9975114914429046
TEST_01200,1.835266338628889,0.8590429892578486,0.08979106981262135
TEST_01201,2.620749372930822,-0.14207674768483697,-0.46701693979585357
TEST_01202,1.859274894525245,-1.037269539682665,0.8704952235860799
TEST_01203,1.418191965255954,0.27743752833626417,0.4065945347955994
TEST_01204,3.343683040853735,-0.651797480250826,0.06695233577283786
TEST_01205,2.4158806070622125,0.05174223574453962,0.13680935551766316
TEST_01206,4.1440018627825355,-0.16420735444404475,-0.016014460529107637
TEST_01207,4.6916730907378446,-0.44237193780144846,-0.5920484585930954
TEST_01208,3.121279639275357,-1.1033262652505889,-1.1054862129672791
TEST_01209,3.559088782164533,-0.09227285587604712,-0.7986351089078326
TEST_01210,2.1860711715204673,0.3380481859634877,0.09721234655349476
TEST_01211,4.329033195492822,0.5324478965147765,0.46578272405550325
TEST_01212,2.689771474208596,-0.7031364370497494,1.12228894743861
TEST_01213,1.6513166888665536,0.41433374611127366,0.31351924125327024
TEST_01214,3.187532147807508,0.6578220281126361,1.5828727743015905
TEST_01215,2.7054318795786028,-0.59828013383375,-0.1223694710853087
TEST_01216,2.354688026878669,0.4488120989515197,-0.07819315616969211
TEST_01217,1.9325827117690868,-0.12360605228575303,0.5489978161745475
TEST_01218,1.2347887052348134,0.6234417208851754,0.08874797192791967
TEST_01219,3.751356484051023,0.41951197464714485,0.25988769699236264
TEST_01220,2.706683244916717,0.7587748052367966,-0.018688002492302003
TEST_01221,3.6325342086870323,-0.5133967750283186,-0.24119161509921447
TEST_01222,2.177976739052901,0.2876810142043692,-0.7948245246898213
TEST_01223,2.58379225447756,-0.7556448321017367,0.21892399466465873
TEST_01224,4.183169602311497,0.11249792938758603,1.0754639550756047
TEST_01225,1.9353890613388336,-0.8747337283885546,0.5968465968970587
TEST_01226,2.2416543295971008,0.01427961949837428,-0.00347668394017245
TEST_01227,1.3272991666681235,-0.18777052423922205,-0.39660172888787193
TEST_01228,2.301495148965151,0.20909476082630107,-0.045562051953283444
TEST_01229,3.6793150127534573,-0.6748397586554394,0.6298796525881808
TEST_01230,1.1113964566485142,-0.6512872102740694,0.16767514606445807
TEST_01231,3.0071909962258077,0.39304608183096523,0.06905175989460782
TEST_01232,2.0766990625503032,0.29704032624260696,-0.12701563831412324
TEST_01233,2.642104227715637,0.19853909182483387,0.2893809558217788
TEST_01234,2.2444140390130465,-0.03767493375644411,0.3735354855186681
TEST_01235,1.2976411853633674,-0.43610857892161525,-0.05869912980116689
TEST_01236,3.474456539005926,-0.1426074080824793,-0.25935814575321037
TEST_01237,3.0841660730409544,-0.8303820874317839,0.17136609845673617
TEST_01238,2.3226395663975468,0.5887521290155826,0.05429129866953044
TEST_01239,4.906773713517667,-1.518198270143639,0.9191328513269291
TEST_01240,3.0178189681006073,-2.1505485926445185,-1.0709732137573769
TEST_01241,4.1269601803556615,-0.6912547806134635,1.0509620913008277
TEST_01242,2.9043612766921925,-0.05512272820065081,-0.629518124012309
TEST_01243,3.0751849881838376,0.7935005484012356,-0.46771890853208503
TEST_01244,3.798227276517118,-0.8641667978704811,1.3586825751147196
TEST_01245,2.4482213481962463,-0.8493920609557124,0.4011784237550792
TEST_01246,2.641160435571445,0.1024995508536995,-0.16249742161125708
TEST_01247,2.958386221800819,-0.3363159415387619,1.0179336532363543
TEST_01248,3.1911811873303146,0.6102460194071136,0.9577511011200982
TEST_01249,2.766288988455581,0.5371759681785739,0.42182742171086074
TEST_01250,2.161245737010668,0.3493262652449354,0.46032323271324904
TEST_01251,3.0512566723873866,0.254994008280804,0.09720746138954837
TEST_01252,3.601275156720191,0.39089968603780867,-0.8772977435709736
TEST_01253,2.3093838264906577,0.22037316253779934,-0.39338519458339205
TEST_01254,2.5191929530018773,-0.4999502752549842,0.2909822525050739
TEST_01255,1.88553350447023,1.2108258845287154,0.1737782998882232
TEST_01256,3.262439588948873,-0.3613414616591232,0.7772104453216491
TEST_01257,3.3863455315910436,-1.894359056862601,1.5829600722400257
TEST_01258,1.900320048650571,1.4326877700220821,-0.024576532483276316
TEST_01259,3.1632321281801272,1.4496756068173313,-0.36088426924175143
TEST_01260,1.2421468195184167,-0.01596215155588677,-0.49376360468965974
TEST_01261,1.951382449711604,-0.43663100722883125,-0.2886367750578376
TEST_01262,2.005704886654451,-0.49175766001864385,0.5166443185965665
TEST_01263,4.131203106904804,-0.6761090176547957,1.2968532512847084
TEST_01264,3.7499911555478245,-0.17676755512194936,-0.07822820581801554
TEST_01265,1.1906556646702895,0.4456707245485773,0.31222635204451044
TEST_01266,3.009160347379418,0.09844035760455444,-0.15923428319726077
TEST_01267,3.4783649454174537,-0.36752950542099005,-0.2269362037460069
TEST_01268,2.4848294510297007,-0.0928296567754115,0.22082612287625283
TEST_01269,4.3896031705912435,1.7811386031942138,0.8187804178985613
TEST_01270,4.146823701192565,-0.6120055976237522,1.0670831871181046
TEST_01271,2.8438285029281105,0.4955245260959557,0.0744336123412171
TEST_01272,2.016448877791406,-0.8484810132757614,0.833547630195991
TEST_01273,2.0249536720565193,-0.14676809563113363,0.24239604117590471
TEST_01274,2.724129526567682,0.183201312016228,0.08434261168911872
TEST_01275,1.234164004274778,-0.3212074803422045,-0.12021313515957252
TEST_01276,3.865959555724998,0.09317333574703443,0.06671844134826448
TEST_01277,1.4845131662458713,0.01767547002257042,-0.16526443438168947
TEST_01278,3.164373785483348,-1.2138985694480933,-0.9887316008917401
TEST_01279,4.888697088005021,0.07894459140208762,0.3019238413668526
TEST_01280,3.5400931636023105,-0.6842238415137678,-0.5107747888393612
TEST_01281,4.256562193601426,0.579910159488136,0.07011553057290884
TEST_01282,3.6820306839852535,-1.4116656884112304,0.3012905170515179
TEST_01283,2.7481436000684507,-1.6012117893564803,-1.1198088194883715
TEST_01284,1.68463661839392,0.2514859773925794,-0.23623961614775366
TEST_01285,1.5235279228999385,-0.03182707831406628,0.5653657298806326
TEST_01286,2.0914646319689028,0.19051683416875642,0.2654884539096304
TEST_01287,1.962215968887311,0.7769710426574531,-0.021541931521495368
TEST_01288,5.212709105180796,-2.1096280217436747,0.8504180609976745
TEST_01289,3.6676713571414887,-0.057625812468747685,0.3497255143891539
TEST_01290,1.6685082837072192,0.6375516123127526,-0.23095859051463938
TEST_01291,1.7883356934122248,0.08866114818935437,0.11774982949495759
TEST_01292,4.379181420034752,1.277097000652104,1.41180513944783
TEST_01293,3.0376560473276077,0.27255480325903064,0.2047336705862483
TEST_01294,1.690211721805906,-0.5238516143572849,-0.6544071690517038
TEST_01295,3.7766881591682693,1.1633072286753616,0.38224620934485365
TEST_01296,1.245364156554544,-0.2617363219766923,0.0823990078634922
TEST_01297,3.3049726237142796,1.3354598754655629,1.3894004591726972
TEST_01298,1.90447698580392,0.09275175053230211,-0.46034419035147084
TEST_01299,3.0770679475509697,-0.18970455665276562,-0.2757571833676736
TEST_01300,2.644799149367232,-0.4237501308455037,-0.2746637185953015
TEST_01301,2.3917716890427494,-0.16445623251346717,-0.23631502674510832
TEST_01302,1.505404778632681,-0.4434212271041682,0.24504914503329223
TEST_01303,2.9763141908452,0.07097083192080689,0.07578070978138489
TEST_01304,1.8363933154400114,-0.03951551846751194,-0.4960328959027393
TEST_01305,5.489039206878746,0.8666195731184385,1.1430575950451303
TEST_01306,2.933446595802871,0.509259593138347,-0.39674017566199477
TEST_01307,2.034564942846098,-0.6573572463673456,0.2525292321625819
TEST_01308,2.2118606703563466,0.3446378441172658,0.48168736918058047
TEST_01309,2.849791315268677,-1.4094484868746817,0.6143382940736117
TEST_01310,4.143202945105893,0.3415012517402352,0.5966944059916823
TEST_01311,2.6466166237383577,1.0059208759386562,-0.15990809152378457
TEST_01312,1.5097884635889653,-0.3140667436839511,0.039823783923096906
TEST_01313,3.238329091983075,-1.4748467239893626,-0.37209129061420604
TEST_01314,2.1566605382799047,-0.6884582374192719,0.11409851353857553
TEST_01315,0.855831735092012,-0.06744694498295847,-0.18039743865249475
TEST_01316,1.8632040946079529,-0.5129460525914202,-0.06687274333324321
TEST_01317,3.5088440280968656,-2.2139853063609083,1.1374252713330064
TEST_01318,3.0439330503666393,-0.607266266498563,0.46215250345521436
TEST_01319,5.491066644307342,-0.24786294640529785,0.3476765013812484
TEST_01320,1.4260990461655731,0.5997159084591458,-0.44485476949402514
TEST_01321,4.8558908090708295,0.5664674933929755,0.126846101064155
TEST_01322,4.721852935818564,-1.523525211540468,-0.80483843911814
TEST_01323,4.211344543897398,-1.6600657294808459,-0.17487366927369677
TEST_01324,1.0101144437980805,-0.15564116252176832,-0.20933445085504812
TEST_01325,1.9814712681074231,0.29415570349759634,0.35736819360682515
TEST_01326,4.175864831988708,-0.8001504129492445,-0.030642339483163195
TEST_01327,1.949869878507063,0.9509344640818408,0.44614116606258347
TEST_01328,5.386235846725394,-1.3457234398531972,1.5144170677899444
TEST_01329,3.3933594269856893,0.2913231805750997,0.21799646008598292
TEST_01330,2.8172616005808897,0.6281628788704864,-0.7327779535392558
TEST_01331,3.1069090807892508,0.10666442918451345,-0.0727579611959492
TEST_01332,3.090652952503959,-0.08294086242862514,-0.14481194101235903
TEST_01333,2.4645667263664945,0.09638505221604662,-0.14607039887281031
TEST_01334,3.1874811454753686,0.23392022438711754,0.20479710434856485
TEST_01335,3.7731944283228707,-0.2669155692014159,-0.10593564778024747
TEST_01336,1.6489221332926602,0.371173684685266,0.3489931289944258
TEST_01337,3.0802149812187296,1.9965718896826559,1.9275773104873932
TEST_01338,1.2889676499907488,0.7519030383806189,-0.1909975913269173
TEST_01339,1.3043214838095598,-0.19427836193374712,-0.0309985533076389
TEST_01340,1.9233431767691633,-0.25090365063848546,-0.34163272585875804
TEST_01341,3.443490095417559,-0.2777500836339105,1.119304046298404
TEST_01342,1.689615217046507,-0.9662712041471464,0.2890769578693269
TEST_01343,3.4396236204557593,0.23715888686592293,0.8401158271481202
TEST_01344,3.86004033105193,-0.703195549403948,0.9957813527442277
TEST_01345,1.3892014471394551,-0.47882392600033624,0.026225319034153864
TEST_01346,2.2767561405984535,-0.5926941798915635,0.22637035050055399
TEST_01347,2.2635381433523944,-0.6769475952711647,0.4590923482332435
TEST_01348,2.7063055618692675,0.0010070507405257189,-0.18682440680373186
TEST_01349,1.90068989309871,0.4380359402118164,-0.3779730308901262
TEST_01350,3.342706193858431,-1.1990481630473406,0.9831663515924759
TEST_01351,2.2846604674513737,1.0473086641650413,0.15735080371815557
TEST_01352,3.3056085056025015,-0.04411114230795036,1.6769707281542012
TEST_01353,1.639414183978233,0.05318793894897489,-0.0008048963010901391
TEST_01354,1.8624269169297145,0.6205418332403602,0.3004937479739935
TEST_01355,2.2794975072548254,0.1412846250021042,-0.06113363972535302
TEST_01356,3.4691383953188666,1.7593499996077298,-0.31716117267520805
TEST_01357,3.205704662946734,0.07012317225529913,0.8249867193212206
TEST_01358,3.6845186642527668,0.07869747502827963,0.7781894599384745
TEST_01359,5.570623831566347,1.652739779060596,0.22363990507602483
TEST_01360,4.4290429840192305,0.9766295630087065,0.9107573134828902
TEST_01361,2.7008298935152495,1.5365688885406434,-0.16379646421228827
TEST_01362,2.420367066514451,0.43648143921795396,0.676428044342399
TEST_01363,3.0854027184644752,-2.0810982883618547,-1.1501129927287224
TEST_01364,3.6848557111851687,0.6746147602555509,1.0709304697888435
TEST_01365,1.5103162738004148,0.475605742044323,-0.07289692702202909
TEST_01366,2.4135675211993517,-0.4149401789302333,0.392833540720933
TEST_01367,2.5063098509732606,-0.19893915601499157,-0.22476464909251045
TEST_01368,2.8134307855393828,-1.0059714151382206,1.2038977259832502
TEST_01369,2.198140872757798,0.3184720016261882,0.26155904930099416
TEST_01370,1.5775924259747067,0.774396178367608,0.0036500444729397397
TEST_01371,2.169787124158637,0.043799407243547576,-0.4465352535889187
TEST_01372,3.870718671938576,0.5799546554895664,-0.9984283186188367
TEST_01373,2.3861495007427953,-0.6238720091793861,-0.0935501083620378
TEST_01374,1.2628073583311956,-0.2862692195873357,0.28043973858745436
TEST_01375,3.1579557113013133,-0.5097739958789109,-0.010663235272053507
TEST_01376,2.6782968102912874,0.41468433579288694,1.0194870340792377
TEST_01377,1.558012037552903,0.6852579619778427,0.03624448886253896
TEST_01378,2.669589154389588,0.6878704695640517,-0.7222203935885076
TEST_01379,4.371157788181908,1.160636171550414,-1.3174230665485935
TEST_01380,2.2090812109520415,-0.6899338566180409,-0.27100378312662915
TEST_01381,2.7112921302681268,-0.5410643510119761,-0.32428006822581307
TEST_01382,1.5661129503493805,0.1816859558201435,0.08852878611130417
TEST_01383,2.3438484723290594,0.5814626715565643,-0.014135751445725465
TEST_01384,2.4659993137398155,-0.0638203845918065,0.0598494450916364
TEST_01385,2.5644512504751416,0.2823500845204735,0.41062946049715615
TEST_01386,2.4682665896306326,-0.2052407627751719,0.35688708769549365
TEST_01387,3.550540689272046,-0.09896458991143113,0.05106858346017873
TEST_01388,2.357755483601391,0.16567010755688988,0.2871794917878618
TEST_01389,3.8773625791685435,0.2959225583198688,-0.31227907630828233
TEST_01390,0.9868727024694343,-0.12273001294345012,0.07493786962128109
TEST_01391,1.2378465263026794,-0.06319490163171182,-0.05137439347564579
TEST_01392,2.6786531739691215,0.6183607312569377,-0.4829327694598306
TEST_01393,2.1957259060766536,-0.1731288375165622,0.5411251352471381
TEST_01394,2.7883287169187096,0.003549047406505906,0.061035695917602786
TEST_01395,2.0301989746463467,-0.44203532833889364,-0.1384949006195879
TEST_01396,2.622787650046804,1.167324342251584,-0.6430478070324048
TEST_01397,2.198365215019187,0.5849028383887116,0.6482153902135427
TEST_01398,1.7074693849492626,-0.2777309536975716,-0.04960223446611524
TEST_01399,5.872174709310501,1.4053270112931795,-0.4281456059582757
TEST_01400,4.681875547524588,2.22331716449536,-0.4945967276728315
TEST_01401,4.361858715113355,1.497903955372811,0.7342345961489566
TEST_01402,2.495600041137233,-1.2744996019306776,1.1283343985437906
TEST_01403,1.815772815531211,-1.7052296957066588,-0.6035107186312885
TEST_01404,1.777951482857266,0.9350034802490399,0.28483958994570235
TEST_01405,2.858980332646272,0.43402209635179384,-0.31492319382500505
TEST_01406,3.811785995521184,-0.3205105517648361,-0.21888647940416212
TEST_01407,1.3822872089312066,-0.8841379630089935,-0.07942508472509333
TEST_01408,4.382242615697825,-0.7136161366749395,0.9099184398908862
TEST_01409,2.454446296255235,-0.35087939266614526,-0.4649669444662673
TEST_01410,2.1290735965035434,0.2823315831124469,0.2217845632077489
TEST_01411,0.8156920262630414,0.33296699845742367,-0.047072969057109254
TEST_01412,2.5727628002236558,-0.37658922130237193,-0.19007434240015011
TEST_01413,1.1925256650381602,-0.11301097998137648,0.3181044055739891
TEST_01414,1.6848801268458544,-0.32500084221296754,0.0160005309317278
TEST_01415,4.036523356915842,0.8406833098194777,-0.8294622184653526
TEST_01416,3.220231807267421,1.0662576394813428,-0.5828259547737012
TEST_01417,2.8565156384522177,1.224545044319639,0.34358042306824665
TEST_01418,5.287957554496116,-0.7023874296792966,0.5967691679337732
TEST_01419,1.8540557353470573,0.6179315131004701,-0.20967329092776413
TEST_01420,2.4667454190227103,0.9064590440255449,-0.7984395328959679
TEST_01421,2.548135955657415,-0.3511899918650379,0.21105027896573433
TEST_01422,2.0896030525363205,-0.07632725096742274,-0.21501129055353324
TEST_01423,2.901891150110704,-0.4667935009782112,0.12110443254256104
TEST_01424,2.6509043406372332,0.1423378508768769,-0.04609815460787372
TEST_01425,2.212987176917356,0.6600916459018558,-0.5670732291434317
TEST_01426,1.0747072554576962,0.20290551683026264,0.2650628647842954
TEST_01427,3.9069714406173897,0.7680685955090849,0.9081757973652745
TEST_01428,2.153619565125697,-0.121725335257064,-0.15300289587442084
TEST_01429,3.6539366484126434,1.033537387954334,0.4277067981542851
TEST_01430,3.0098853626756665,-0.5844880641399676,0.748368895336917
TEST_01431,1.5258048674291882,-0.9314577314747642,-0.35815210341447096
TEST_01432,2.846818800004004,1.3487427292772542,0.3708335307709585
TEST_01433,1.951122056911741,-0.35897468802178073,-0.2286059477274717
TEST_01434,1.8164887379604928,0.011713185674573266,-0.10882799558540024
TEST_01435,2.049297650880102,-0.7206911497033713,-0.6904921371033057
TEST_01436,1.7837125180432922,-0.05014605697181574,-0.13873088153562538
TEST_01437,1.6653486834048288,-0.539900812486014,0.15063731311885722
TEST_01438,3.4281559056374,1.666231787527703,-0.5639086997253023
TEST_01439,5.64153437913753,1.0296814531406553,0.3720615892533448
TEST_01440,4.399310443455492,-0.7760499570534317,-0.8063631998163691
TEST_01441,3.1019252870198217,2.140733712108575,-0.18936261527962964
TEST_01442,1.6453110263401536,-1.5975827207522935,-0.6796819431221611
TEST_01443,3.430743806406014,0.4212069892813883,0.5533158194643627
TEST_01444,1.8154815740982477,0.3235327216412429,0.5209999887632046
TEST_01445,1.0285940256732102,-0.132512200469064,0.1931512243491728
TEST_01446,1.705469939052694,0.14596746644959502,0.05631367022238373
TEST_01447,5.118000118574879,-1.0238073535356877,1.2870843486474164
TEST_01448,4.060694517536806,1.1383891696642343,1.2123902893184026
TEST_01449,3.864787879284754,-0.28640230561252866,0.8581716607984206
TEST_01450,1.9556557809533694,0.6568285374037541,-0.11520614926619877
TEST_01451,2.48759136451925,-0.32016947832235054,0.37795251402670166
TEST_01452,3.8590057686051695,0.5850633257963429,1.6451309146753406
TEST_01453,1.0969944462426504,0.12481657001422888,0.12290433715279425
TEST_01454,1.7078821680973724,0.9887669448128357,-0.597696419195203
TEST_01455,0.8820434703477119,0.3749507108394764,0.12778957885407083
TEST_01456,2.064466454280723,0.5006805922524123,0.04114163265423867
TEST_01457,3.7751036618677385,-1.7827580566041263,-0.4382842341818166
TEST_01458,2.583081601247,0.937006059285679,-0.7689543225429071
TEST_01459,3.459365791366069,0.273706040874308,0.24779953475978872
TEST_01460,1.7604132730267787,-0.13491007985948916,-0.3130052923993741
TEST_01461,3.2403016511074734,-0.022572582784825594,0.5958901101738375
TEST_01462,1.9420238109691461,-0.4584487076190472,0.2111252199017404
TEST_01463,1.9790603767416937,0.5646660164060378,-0.6682844519491563
TEST_01464,1.679206372799781,-0.6055307315314323,0.1130612785637806
TEST_01465,3.603041689535397,-0.2369024323807383,0.5590700404825942
TEST_01466,3.193154482602776,-0.0458464132631603,0.2112685222302448
TEST_01467,4.026343977956633,0.7912510919399425,-0.8214639370582181
TEST_01468,2.542991279641408,-0.4570073494558693,0.10402764141899772
TEST_01469,3.2618960877990997,-1.2309702565959932,-0.39920772890352163
TEST_01470,3.65770961498521,-1.3767735560167818,-0.31212430268259406
TEST_01471,2.0258854506510016,0.05923425813311317,-0.04694958192529837
TEST_01472,3.718838290106039,0.7374712256196555,1.225412252813675
TEST_01473,3.6146434638439455,-1.0640407382905417,-0.1409201154639593
TEST_01474,1.8366905559055182,0.1292283499051714,0.46290560505050177
TEST_01475,1.7672596248390198,0.4321410785920699,-0.11747457789971373
TEST_01476,2.2277197210035102,0.25511828176074547,-0.5497505446505339
TEST_01477,2.4251188322918757,-0.03653096478483868,-0.34961770558372546
TEST_01478,1.2927685429677114,-0.38359754567465504,0.5201452085749049
TEST_01479,5.614714823484898,0.772339347006374,0.7696466853421637
TEST_01480,3.4045316049307566,-0.5949670536682371,-0.5932284744015296
TEST_01481,2.7133497964147435,-1.9582689558331772,-0.45164245466991165
TEST_01482,1.3103364272435931,-0.8036659224135081,-0.6745063810281957
TEST_01483,2.6705575590333646,-2.1051108619128946,-0.044464746759058864
TEST_01484,1.85973413240747,0.35230704296213167,0.41162519388849056
TEST_01485,2.0861750118247704,1.0057785331994558,-0.4723255824444634
TEST_01486,2.489681699215924,-0.43428370606322475,-0.39878187805277093
TEST_01487,3.912488778340218,0.7031690619003208,-0.45105389297374937
TEST_01488,2.9283145845249123,1.5581183047703218,1.1072564743226967
TEST_01489,3.3622339415721267,0.1465637585662215,-0.39604352127289233
TEST_01490,2.89232994576003,0.0720893777991144,-0.1299267343443336
TEST_01491,2.7241360849161924,-0.04975573350465655,-0.9044669786718991
TEST_01492,2.562867447979839,-1.5655011055235424,-1.1388128142052287
TEST_01493,2.2737172968814856,0.29607122264063096,-0.25516736192653355
TEST_01494,2.8461374858699156,-0.03179220958513673,0.6197764568980055
TEST_01495,3.360739065248392,0.18527735462369674,-0.26797272329463734
TEST_01496,2.6002630650323453,0.5870839539454502,1.2920150951841483
TEST_01497,2.1748461943434334,1.0648431075485447,-0.2426306228843189
TEST_01498,3.3519646733562083,-0.774036050651432,1.3819474609126396
TEST_01499,3.6903398841554123,-1.0996976868569124,0.2005648085843708
TEST_01500,2.1879970026229496,0.5818582545776493,0.2065140671939593
TEST_01501,2.048208833336309,-0.18635709701399938,-0.6429619892285018
TEST_01502,1.7573318434871903,-0.9167844983944032,0.6544376149768749
TEST_01503,4.325960370250707,0.722979655483622,0.254349220751778
TEST_01504,3.4760762480610623,0.12502144261126466,0.44511837226295
TEST_01505,3.426694055731981,-1.1423806923363409,1.754842873503524
TEST_01506,1.449961118282628,0.1279564908154389,-0.0940072077914998
TEST_01507,2.745659464533651,-0.29725898753273317,0.28997796505087603
TEST_01508,2.9982957709550226,-0.541743035844515,-0.21101687908035327
TEST_01509,2.26068375483329,-0.021290340146240372,-0.4364686787165034
TEST_01510,3.391572799177798,-1.3001676383947978,0.8034696590703214
TEST_01511,1.9195206495800436,-0.38245215816583156,0.09263143931627128
TEST_01512,1.2669729741565483,0.47786586339580783,0.19424968816840407
TEST_01513,2.9824747867688677,-0.5591954681123765,0.591513259228418
TEST_01514,1.4877466532389725,-0.14348892329539548,0.26255250614886677
TEST_01515,1.0163946297637527,-0.4843951581916887,0.2549732802186158
TEST_01516,2.3343107278827864,-0.08274300481593011,0.7460984729535967
TEST_01517,3.0535481841469467,0.13157392957015152,-0.8285673498998918
TEST_01518,2.384432637024173,-1.0355816710206411,-0.8237016069944416
TEST_01519,4.913412846174484,1.0803636379382122,2.327057145022782
TEST_01520,4.09613437625253,-0.3346327364753274,0.35726068226027835
TEST_01521,1.1646528686281556,0.4706659450907158,0.34921486481085684
TEST_01522,4.241376377710269,0.19117672775863895,0.06366572247150447
TEST_01523,1.5350773385454968,0.5843046415968326,-0.45673534410055405
TEST_01524,3.3045648083966306,0.03374587800758823,1.1336261153475073
TEST_01525,1.8617843773130234,0.32821090776478085,-0.21408187876326454
TEST_01526,4.784711990406001,0.8153438299517421,0.8390969654302015
TEST_01527,2.343550851618463,0.3284625561887954,0.5249198000468998
TEST_01528,1.3746749115386598,-0.16294349743642533,-0.17057447665732897
TEST_01529,1.7715434830151204,-0.014968120982820835,0.05777622493483635
TEST_01530,2.2433279109109767,0.10718472846529721,0.5435762210414881
TEST_01531,2.363704802760306,0.0029762368230460173,-0.35964590917565153
TEST_01532,4.878513316172816,1.0174128662803459,1.8292592449044165
TEST_01533,2.243051836692213,0.008130999121366105,-0.21218806984041486
TEST_01534,3.143251649368839,0.5705520572262106,0.6740427350574141
TEST_01535,3.0581687918460703,0.467678694178267,0.7139620685178663
TEST_01536,2.639335487165911,-0.9604491924165318,1.3336661944239188
TEST_01537,1.7132953298976252,0.6363654529112648,0.7585149232549179
TEST_01538,3.9012147361019966,-0.6572997668301971,1.5519288334060422
TEST_01539,2.8550473694778793,-0.4804035164094441,-0.07832859319153339
TEST_01540,2.179766415835323,0.7649364968811837,-0.43714463983199126
TEST_01541,1.325796085026107,-0.6107505249175871,0.05767044290175756
TEST_01542,1.29408185690259,0.20673165656989687,0.21062380344456882
TEST_01543,1.29322046265263,0.03961150730033268,-0.320054226575185
TEST_01544,4.15176143542187,-0.08947424424151726,-0.435869909765693
TEST_01545,2.866824123101253,0.26213244643059697,-0.7271461492124884
TEST_01546,2.888159976053441,0.22089753903380263,0.12515461778228115
TEST_01547,1.663997369811174,0.14433971669730983,0.09978665100617234
TEST_01548,2.88230210916633,1.295125203596886,-0.8872699154194509
TEST_01549,3.9866460208125067,-0.6237826857959143,0.8157833154369322
TEST_01550,1.6275509867219633,1.0933734068895156,0.007759217069159059
TEST_01551,1.8094180319200959,-0.5183178477617436,0.0907232625376472
TEST_01552,2.4677755046267285,-1.1111912731561253,0.4678640113757075
TEST_01553,2.674613808507302,0.6613166442085381,-0.27225886480722117
TEST_01554,2.1797348095335094,-0.3514063381610144,-0.3564519469286667
TEST_01555,1.670238085384919,-0.2227712578668785,0.12246357395664131
TEST_01556,3.7482063255979,0.03501143343731284,0.6662438079266403
TEST_01557,3.6432761221033236,1.1891683776254307,1.054853584282153
TEST_01558,3.5219351502693783,1.115202428339416,0.6268337291821235
TEST_01559,5.141035703774328,1.464885208491841,-0.844880117298281
TEST_01560,4.496344514493693,0.3043934756164001,1.156375744217117
TEST_01561,4.091647860522456,-0.8667796572436437,1.1974707379793648
TEST_01562,1.7410982766639533,1.2411677343987089,-0.7982370719993014
TEST_01563,3.8916270743914514,1.5006111556333528,1.2911711895362887
TEST_01564,3.258192560046934,0.1500161914982099,-0.32147831471254457
TEST_01565,2.003191829604378,-0.5318428571528042,0.46781573834666945
TEST_01566,2.5768929751055953,-0.5039863367289956,0.14259586959877604
TEST_01567,3.2302713661221474,0.5735896719143407,0.3261372618976951
TEST_01568,3.245053683163969,-1.8584115168027382,-0.263971647135134
TEST_01569,3.4467821830748573,-0.17903503406795052,-0.3578728652432407
TEST_01570,2.645409924954005,0.2223016067559907,-0.4899312070237848
TEST_01571,3.920118883661529,0.314822750905154,-0.41273301389454203
TEST_01572,3.856381161393414,-1.4535843396182768,-0.8270907446700384
TEST_01573,2.6318493969788728,0.15412494471182697,0.07421177233997822
TEST_01574,2.0486723283196455,1.1516918610821185,0.022635775633870602
TEST_01575,2.065077872309125,-0.5641201681901793,0.5822551428182189
TEST_01576,1.312995008678266,0.4516589861992072,0.7322633690076864
TEST_01577,2.7332824358625714,0.7722717192214043,0.7138257939412294
TEST_01578,4.570453402960934,0.2379300892053728,0.33684785746956525
TEST_01579,1.61856072395497,-0.5795315228554981,0.3539044295332946
TEST_01580,1.6926200327768237,0.5116183736635351,0.6218019730015788
TEST_01581,1.9601623803624362,0.13133676917874246,-0.9117483764556717
TEST_01582,1.5360459065515017,-0.5420158006995589,-0.2595017870955124
TEST_01583,4.317236997954973,-0.7897566654370619,0.9210035312718698
TEST_01584,2.4565315910626406,-0.1318142303450745,-0.03686783872963826
TEST_01585,0.9332622111376205,-0.5287368704934847,0.3114515722313782
TEST_01586,2.812217401039483,0.3149365162593931,-0.5019315561245181
TEST_01587,2.727453710324037,0.6075447407681324,-0.4744360194638034
TEST_01588,2.6352681055701024,0.5368556688392954,-0.06683609058426268
TEST_01589,4.569574774557425,1.2130486276253252,0.9348192842020389
TEST_01590,1.3687062958430982,0.9500734809918915,0.035278627662230576
TEST_01591,2.421224847060674,-0.41518402704055773,0.1709164169579965
TEST_01592,1.368784112116904,0.13327074867149794,0.27034153198805083
TEST_01593,2.721821419597487,0.7710926277067249,-0.7626842118191406
TEST_01594,1.583707221175354,-0.17307036020048144,-0.0680277199631918
TEST_01595,1.068025464574306,-0.331691054754156,0.128383139846932
TEST_01596,3.2880499631789575,-0.2663267697466698,0.890103991757899
TEST_01597,0.9582429127878136,-0.16934822035932762,-0.0810700892493261
TEST_01598,2.564342974995535,1.1901142839544196,1.04502862479974
TEST_01599,5.282449984954949,-0.5484359807970899,0.2766711687684194
TEST_01600,4.635542587985405,2.0369730560616213,1.1755651595840295
TEST_01601,4.328113230954802,0.1307513264334008,-0.7618988665960849
TEST_01602,3.4494900748978443,-1.2194712596705586,0.21404094338765722
TEST_01603,4.021159091581255,-1.480449012059713,-0.6105159383429642
TEST_01604,2.517770694740285,0.6836942931194849,-0.07269078647860751
TEST_01605,1.9211419528609626,-0.2649631263014164,-0.071362011285495
TEST_01606,4.057388613856105,-0.27935562579445816,0.15957838580955233
TEST_01607,4.501539325967686,-1.1851147106772097,-0.3324769037863115
TEST_01608,3.568297891839386,-0.9462565624154667,1.2842968748546943
TEST_01609,2.970850364269504,0.4717523129256866,-0.11644195712593329
TEST_01610,1.9769681905874035,-0.4609876764465122,0.3874472230695995
TEST_01611,3.5585669027367572,-0.2606114462602526,-0.03245453165402698
TEST_01612,2.9989829633114224,0.9544209672337903,0.18938643003453198
TEST_01613,1.805683684272382,0.050244140612245705,0.16401528479039162
TEST_01614,1.69525668333146,-0.8583740734440473,0.857861956149088
TEST_01615,2.5774151486550143,-0.22888810599124906,-0.6069935028742118
TEST_01616,2.784900851666642,-1.2710963553996766,-0.31736476201566105
TEST_01617,1.953959335892145,-0.7102422701988723,-0.2093305442557944
TEST_01618,1.3044310450105072,0.06820124995475862,0.40274463892529166
TEST_01619,2.0148640949036727,0.443014643896535,0.2506061992584891
TEST_01620,2.3148949074069765,-0.8855911229947914,0.11944405096200146
TEST_01621,3.2702757430417195,0.10883961974820976,0.135802229802797
TEST_01622,1.8909707871075192,-0.4123969171880872,0.2999655027946217
TEST_01623,2.4615575294038754,-0.6636902714171965,-0.5672261074554563
TEST_01624,4.138498035476441,0.22342326812881982,-0.8106056512267008
TEST_01625,4.612540739140413,-1.6939118734536558,1.0337051177638443
TEST_01626,1.8023557906515473,0.10386032569406072,0.4422024437748183
TEST_01627,3.565440074071244,-0.243872388173905,-0.27088911708815244
TEST_01628,2.867674764237586,-1.1511545764450166,-0.3279986580985822
TEST_01629,3.6251780857210902,-0.26977997214989635,0.8585846842722407
TEST_01630,1.2096042378912673,0.4788092977981858,0.32578514587381563
TEST_01631,3.134752790072485,-0.7856035701727365,-0.5596432045316567
TEST_01632,3.4946492907235416,1.4494293058500642,-1.0373016363978163
TEST_01633,3.439603768012866,0.866000717923955,0.7707154842255723
TEST_01634,3.7156796762050783,-0.4423898972994908,-0.6495598972855592
TEST_01635,1.5553995353268424,-0.2736443923691791,-0.18528642494432523
TEST_01636,2.5581438751058743,-1.4938523490131446,1.0632108816550343
TEST_01637,3.011753166569862,-0.2917427351608113,-0.10811018412089524
TEST_01638,2.848208048384194,0.5025940297842499,0.17028303894912705
TEST_01639,4.10879178400091,0.9968927064932583,1.8089818402405036
TEST_01640,3.602726499880314,1.1046516853552573,-0.6485853307978462
TEST_01641,3.420380614290087,-0.0759177292725919,1.1052482708165288
TEST_01642,2.9204827992156166,1.5966721496506386,-0.6401506591847266
TEST_01643,2.876459754648708,-1.1742102858853625,0.3363695186326844
TEST_01644,1.812454640502782,-0.19915939032915325,-0.19358921149604363
TEST_01645,2.151001943736045,0.5625710970509493,-0.15415638122938105
TEST_01646,4.707715107454294,-0.15851140777770495,1.2341928411945664
TEST_01647,4.946470893235938,-0.9017340047637831,0.2667687072139983
TEST_01648,5.1399548165966955,1.2467795660445498,-0.3404525431520547
TEST_01649,2.7780365190176832,-0.20747904463065026,-0.27699146606725467
TEST_01650,1.742253956622685,0.14594236404842367,-0.11178361467445054
TEST_01651,1.7650283284862531,-0.0023945104761514935,0.20603724576880014
TEST_01652,3.563553857869137,1.382259514781054,-0.32391085431133854
TEST_01653,1.522708085047912,-0.2393836920992096,0.3440331351255739
TEST_01654,3.2470174006437893,0.7303011699796421,-0.6131288634480696
TEST_01655,1.3015295445601558,-0.8282068037374141,-0.21423658588730823
TEST_01656,2.6636947153512067,-1.27090184535669,1.0655628117148865
TEST_01657,3.886058570568725,0.5287293580186979,0.5813445433066937
TEST_01658,1.48799578510354,-0.3323067123557741,0.2108770931487374
TEST_01659,3.7523273959456667,-1.478298777859387,-0.6171408253166275
TEST_01660,2.1163957802077147,0.883327625699005,0.778093650320017
TEST_01661,2.1337292868028883,0.25573109150641404,-0.4974370730464948
TEST_01662,1.5668760077972717,0.17240840247750036,0.18875696448765802
TEST_01663,1.6638127149127484,0.6645233023549921,-0.5710660791952001
TEST_01664,2.870813659777572,-0.48105566862553395,0.28108105785464466
TEST_01665,4.595406519506299,1.32834937831654,-0.9338336954127768
TEST_01666,1.798939257921613,0.14706275364245078,-0.4842084455176638
TEST_01667,1.17862250855054,-0.24963393126526193,-0.2751877346717715
TEST_01668,2.662941578367768,-0.4559468931488817,0.6582317687856727
TEST_01669,4.644320403974826,-1.215749469959816,1.2831208164675378
TEST_01670,2.5294253378014218,0.3370488350583776,0.6854538955656087
TEST_01671,1.1362939914330188,-0.2603300849698251,0.04857851328825603
TEST_01672,1.7402872168662322,-0.5914324569030698,0.46455485865116036
TEST_01673,2.603655566714176,-0.6972248745913785,0.5931313511546398
TEST_01674,3.172375778374841,-0.5338608729277731,0.07970265052881101
TEST_01675,1.9091625311637272,0.5478092708567082,-0.26357333735044675
TEST_01676,3.7482834642911516,-1.949398984916395,1.022524875282224
TEST_01677,2.623634369480464,-0.6558911895888694,0.41009705822799364
TEST_01678,1.789902045100383,-0.04583798831056268,-0.4463997434899676
TEST_01679,5.416739073688212,-1.9385946821890554,1.3317649501147721
TEST_01680,3.2868074133438854,1.4217645754297343,-0.31218711763897533
TEST_01681,4.14795633507965,-0.023740757647902302,-0.6595438650783447
TEST_01682,2.292370548700616,-0.2623187970982905,0.8301920074170656
TEST_01683,3.3332093722376506,0.4825015456245281,0.4690509852179189
TEST_01684,2.026568178147042,-0.3324547351026405,0.22833625630916982
TEST_01685,1.640106868880106,-0.8262182756507223,0.5821035514928066
TEST_01686,4.390538034460306,0.7762601306793642,-0.08813682442833201
TEST_01687,2.0814986515264233,-1.0692596748396446,-0.2294304084262664
TEST_01688,0.9591673382332427,-0.7883099707835887,0.310850470188263
TEST_01689,2.9734824129958217,0.24661892392791632,0.33816766933441145
TEST_01690,1.9143162525064772,-0.08838545767953367,-0.03622143954136563
TEST_01691,3.416003455924136,0.016256852155046877,0.13368211286221002
TEST_01692,4.682338719532948,-0.11689243769002776,1.430100964267853
TEST_01693,2.9548012107373682,0.2373492826060493,0.5864503363778985
TEST_01694,3.820273223771729,-0.16282046773110498,-0.22394964212066612
TEST_01695,2.562904122178564,-0.3413407827994537,0.029594113392541706
TEST_01696,2.714666187427541,0.12011739423795972,-0.4260610078907506
TEST_01697,2.7280833176489896,-1.452613877420417,0.5156832499496801
TEST_01698,1.2265345975176423,1.0263807708028039,0.44787842720405324
TEST_01699,4.646764184465307,-1.1092472943645177,-0.6231178590369338
TEST_01700,1.0502777491305748,-0.3698235560941977,-0.12060108588746751
TEST_01701,1.4780310570399162,-0.27273402322826434,-0.4821080714416341
TEST_01702,1.8810765622201358,0.8307523475933957,-0.4780353134377862
TEST_01703,1.374895823023506,0.6790150068758474,0.3470036811680229
TEST_01704,1.8037197536840626,-0.050738066160290064,0.08376050116362928
TEST_01705,5.004825595676101,1.392506099210883,1.1726535065649841
TEST_01706,1.0925617280101259,0.4491905558151508,0.5891890065446471
TEST_01707,1.3345217189563008,-0.033119195532504205,-0.23343929499690427
TEST_01708,2.728610806080131,-0.05264517541988245,0.04300959117369961
TEST_01709,3.3878623784429527,0.15873921339341548,-0.13107632825052348
TEST_01710,4.521575879051231,1.031025646366898,1.5346381235115283
TEST_01711,2.085835974102644,0.2665044563861113,0.13313601519470464
TEST_01712,2.0130847960721443,-0.8059877098065837,-0.22321724045380953
TEST_01713,2.2773595553122825,-1.1321430438315538,0.31966851848586236
TEST_01714,1.5863320536706507,0.13974736707835295,-0.021513916227135575
TEST_01715,1.8859808505016327,-1.184554205421477,-0.6239205544483393
TEST_01716,3.2662243090317435,1.415384221400823,0.9171974565343393
TEST_01717,3.7421400838405963,0.5985402963229807,0.6855253083811385
TEST_01718,1.4686817939316543,-0.24664289082921442,0.3572976179655509
TEST_01719,2.314371882216086,-1.1652529111552934,-0.1332179580360138
TEST_01720,3.2771183079574255,2.337308052868028,0.981052620526194
TEST_01721,3.7195973856686972,-2.378153115771244,-0.7558911889365463
TEST_01722,4.224504585025308,0.1484593292152413,1.5236837232192304
TEST_01723,1.1554553112274415,0.6083030704631888,-0.33740597876570555
TEST_01724,2.28049637831515,0.9820122657043545,-0.2064322893096525
TEST_01725,2.4697103835840037,-0.023707042017895506,-0.07260112125173936
TEST_01726,4.649193034490672,1.2293767252972034,0.08082246751903577
TEST_01727,3.025957988424671,1.031488207025238,-0.17412696243824854
TEST_01728,4.688132818184242,0.15656896288176964,-0.3692176949919712
TEST_01729,3.0508429671194865,-0.006119908032720997,0.37717702660139846
TEST_01730,1.4677327509203824,0.5827611289229147,0.05579210138400059
TEST_01731,1.0130052438102204,0.29093153018963736,-0.307402060649538
TEST_01732,3.5621793710486473,-1.0370958806342694,0.1717226353665897
TEST_01733,1.1549903551858687,-0.447351213774007,0.1721213910605452
TEST_01734,1.812785038917808,-1.0461911260622485,1.1855183152930528
TEST_01735,1.410952943512558,-0.523212794594047,0.5210034954166853
TEST_01736,2.6341382240380287,-0.21497606069798897,-0.5273579745306368
TEST_01737,3.7220480945514405,2.171878957863951,2.0279271303616446
TEST_01738,5.4291972448238,-1.1204099703263526,1.6815809311553738
TEST_01739,1.3097039944129814,0.2751698353908084,0.055275373953095695
TEST_01740,2.152450284092226,-0.6975089257074993,-0.13854172258886688
TEST_01741,1.1762744998806272,-0.4413706182314033,-0.2116338000169416
TEST_01742,1.9888820548819535,0.9001454951179252,0.6198005611288435
TEST_01743,3.281913030272691,0.6071713776709117,1.1382620538738877
TEST_01744,2.8549744308487583,-0.3547812976782364,0.21598274299934866
TEST_01745,1.4861644758258656,-0.49484531819359806,-0.17540572922778783
TEST_01746,1.294296373835142,-0.8107952926163294,-0.5505517333854181
TEST_01747,4.116777149227433,0.34141867349978944,-0.8301605061633825
TEST_01748,1.760620946468151,-0.2361123523656911,0.10138240219990598
TEST_01749,4.454970993600505,-0.7722887871560474,0.741766224525905
TEST_01750,2.394956551058109,1.4428100939269657,0.012970186231681441
TEST_01751,1.5659170271843146,0.11299349828555316,0.12125240996572051
TEST_01752,2.7682982387993467,1.601451519929864,0.38625479107622634
TEST_01753,3.0680242223849636,-0.6850360525498469,0.6237196042381008
TEST_01754,1.6049618221125332,-0.16475594226812607,0.19309174771791673
TEST_01755,1.784973007794457,0.1853223681306643,-0.5223100073871588
TEST_01756,3.3828977695680136,1.3855503169513985,0.554744293128454
TEST_01757,2.7040680962831796,-0.01995233467589623,0.5887711018301692
TEST_01758,1.6542668969728258,-0.4913252593563754,0.033409733280395475
TEST_01759,5.899996205266344,0.2649757437724291,0.38507517500464056
TEST_01760,4.7396317652914535,-1.1193621436751255,-1.4984656948866744
TEST_01761,4.349375327526073,-1.8446675997867619,1.14349919546256
TEST_01762,1.8777833392055958,1.6577515100587534,-0.5564947036694037
TEST_01763,1.2756105515703224,-0.17057596062318078,-0.49988778071970064
TEST_01764,3.1952731760353195,1.176213188891942,-0.03559277948607143
TEST_01765,1.1037788456600055,0.24500396941698693,-0.11163219564720152
TEST_01766,3.3346859785145546,0.13960492436514496,-0.7426529539736252
TEST_01767,3.524550139862912,0.02692504551325281,-0.6056367159555688
TEST_01768,0.8468848381483721,-0.14446321938847584,0.27396130946939967
TEST_01769,3.493973563903802,-0.06237518914920261,-0.3229667195804217
TEST_01770,3.6043199934238097,0.36205343801511564,0.25542804656442797
TEST_01771,2.6349764303232655,-0.22684839175000276,-0.06881524664585806
TEST_01772,1.9955293546657742,-0.0962214347905627,0.4349449427650687
TEST_01773,2.7730390192739147,-0.3204703647188865,0.23059145498151967
TEST_01774,2.763470680891632,0.23690643905263273,-0.4517977383634991
TEST_01775,1.0689300454492898,0.4178655199798063,-0.3100149306589756
TEST_01776,2.9538643856989646,0.2702444968001388,1.3142099890530698
TEST_01777,2.222312798205388,0.11315542647124048,-0.582945327762748
TEST_01778,1.6193303011415863,0.03689631938059278,0.17887250385368356
TEST_01779,3.654634761311095,1.2040041410098952,-0.43742609145169076
TEST_01780,1.8863582522147475,-0.47933997139495654,-0.6124893706790683
TEST_01781,3.3144197308620673,-0.17174051972624205,0.5609102421833605
TEST_01782,1.9118526893219905,-0.3879689746254292,0.4170286939414398
TEST_01783,2.380665791829337,-0.3076588237918993,0.538527757959154
TEST_01784,3.1391724911410086,-0.5331497187402832,0.7953824509805367
TEST_01785,1.9260190503381416,0.07735002636310569,-1.0057947302704546
TEST_01786,2.8524215745365273,-0.024460195742528848,-0.017845030374239665
TEST_01787,2.3237928714628837,-0.19151218545309062,-0.4000002715539239
TEST_01788,1.932593094711871,-0.3487688560455374,0.23859186680225966
TEST_01789,4.975365738850832,0.8676048169202413,0.10906552394430247
TEST_01790,5.346680550869873,-1.1835905666484157,1.2919713397045558
TEST_01791,1.9512110359032464,-0.26867948439428563,0.08763441500392245
TEST_01792,1.517030235530192,0.27171731388454384,0.37308339872294943
TEST_01793,3.2785132787665283,1.2297596981351007,1.6573180707750323
TEST_01794,1.8919926013144315,0.532105935865091,-0.009018113664217684
TEST_01795,1.6536125151881083,0.3012704504126298,0.35230736725007017
TEST_01796,1.2562422683615115,0.3511972879445821,0.4872340068741601
TEST_01797,2.9937870937670845,-0.5298412616579249,0.037928476055326295
TEST_01798,2.522654980779654,0.2557444165837976,0.37562350397853445
TEST_01799,1.7902347129650487,-0.8830339935864943,0.4459894696974086
TEST_01800,1.4230269840622332,0.9982296532821401,0.29353682028162237
TEST_01801,3.1141816335643506,-0.20582521171943702,0.6198274110709643
TEST_01802,1.5163087711935768,0.5958724798471386,0.7315704417572165
TEST_01803,1.171490264136523,-0.5542921635403888,-0.005504219573991342
TEST_01804,1.9433900767899202,0.7527126079099985,-0.1180548765463854
TEST_01805,1.6734327591694313,0.3563142669335536,-0.3534791782318503
TEST_01806,4.209848609673568,0.3281291350920755,0.7150590339598699
TEST_01807,3.4206684584094647,-1.3102210749170033,0.6120397216071644
TEST_01808,3.830003976090533,1.4783815527110018,-0.3558654864226036
TEST_01809,2.0383677069678034,-0.11130461994060217,-0.16901140258893232
TEST_01810,1.6849409798558816,0.2428442264193853,0.4370781013634642
TEST_01811,2.2110711425473926,0.07021500725119453,-0.16469465930108113
TEST_01812,1.6071569872304743,-1.1752598023592236,0.09208875317261896
TEST_01813,2.632860645273346,-0.3835243775711848,-0.6139657847005855
TEST_01814,1.5105232717136616,0.45349577125387214,0.12156389794682101
TEST_01815,1.0246982987460689,0.024961559992530653,-0.18655089978683065
TEST_01816,2.045085671388365,0.8434225952374131,-0.8990102551579244
TEST_01817,3.7576771282907107,-0.18800538446236256,0.5444604258482536
TEST_01818,1.0431142790905568,-0.11139088342866243,0.013851338615624341
TEST_01819,1.8026502435322056,-0.9727080569723905,-0.03656508980533065
TEST_01820,2.132727370838293,0.06832693723141331,0.5648030372914393
TEST_01821,3.222560472082093,0.21844223640006558,-0.21199628751063498
TEST_01822,1.9362897377156107,0.7378250448531134,0.38997875657854636
TEST_01823,4.091314463166073,0.2885549246163747,0.6776943844662601
TEST_01824,3.7310147145188735,-0.6849006285803589,-0.22876174162657484
TEST_01825,3.2279817641337516,1.4757433474281436,0.5400664704471984
TEST_01826,2.494489746474187,-0.11714620583922757,-0.16963681596364702
TEST_01827,4.254533029153049,0.1598322062032327,0.8612050614872218
TEST_01828,3.123248136967579,1.052346165942084,-0.6426150223562189
TEST_01829,2.706195102365409,1.7890447918451227,-0.46795949874400306
TEST_01830,3.6308106341393525,1.689472929311903,0.4829470211196963
TEST_01831,1.951115609929167,-0.04279088251941811,-0.17528374946023656
TEST_01832,3.4159996493189304,-0.963909864751588,0.998757003271076
TEST_01833,3.030820534503196,0.7656823711683894,-0.0995090210156527
TEST_01834,2.021654871086943,-0.29663688975538943,-0.061653116555786626
TEST_01835,2.0948916194846827,-0.3890531094759007,-0.5569111568966164
TEST_01836,1.7203358333260454,0.5625285018492001,-0.5171835261069183
TEST_01837,1.9722674422569226,-0.29670892857578024,0.2741940175460793
TEST_01838,2.958317163825345,-1.6048284710846874,-0.2821727359664758
TEST_01839,3.278710535029227,-0.4597927471580452,1.1290734646042655
TEST_01840,4.849778072095745,-0.1369974086812819,-0.8342931864877788
TEST_01841,4.529602747287521,-0.22729450181391125,-0.5414678263400735
TEST_01842,2.0949027446525337,-1.2189959263869916,-0.718236305157811
TEST_01843,2.389838093858001,-1.1871153586281629,-0.048625766854613235
TEST_01844,2.1140860735583917,0.29212851336252066,-0.5612048493481269
TEST_01845,2.1727321477764523,-0.15310083671861732,-0.4494860242563237
TEST_01846,2.2721636046080578,0.33613543119475126,-0.5550866867810407
TEST_01847,4.840963698137746,-1.279127883544941,0.6384826018814733
TEST_01848,5.691451420860257,-0.9934253882430237,0.38413679617611085
TEST_01849,4.399271275632611,0.5625896554343213,0.022365947704514208
TEST_01850,2.4362739733215726,-0.13478462207143366,0.6537055303973239
TEST_01851,2.7651116590822564,0.0371961246049952,-0.48250520137951036
TEST_01852,1.7568031579408194,-0.30058898387411853,-0.615846758387485
TEST_01853,2.0489031483898588,-0.20900327421627846,-0.008338133114383483
TEST_01854,2.956400654225333,0.0057724054649989694,0.5405656746046946
TEST_01855,3.05875513539094,0.7582576559708157,0.22301089397650728
TEST_01856,1.2531976249721322,0.5080445997365174,0.3207412730593023
TEST_01857,2.4964863792978043,-0.7892366440635432,1.1528990499129863
TEST_01858,2.9096923620768,0.81485406850511,0.35167425249711864
TEST_01859,1.9365839903619029,-0.917005035180893,0.2062143646642183
TEST_01860,2.3918043097018944,-0.45998129271587973,-0.8521221059955828
TEST_01861,1.680957576037517,0.5322781457787966,0.4884707763417399
TEST_01862,1.897409019078082,0.6821369998798714,-0.16131598693494834
TEST_01863,2.4312660373731814,-0.08300834513177498,0.32352836394036705
TEST_01864,2.426811472905568,0.007441224794085206,0.1213938567249891
TEST_01865,3.805517731855891,0.08202963481383073,0.8549800063652125
TEST_01866,3.092876412216819,0.6616321621584387,0.33751722890367614
TEST_01867,2.448237518173599,-0.559260734651883,0.25045750918869525
TEST_01868,3.102136339769863,-0.3922928708274591,-0.05396879119470677
TEST_01869,4.355967481466092,-0.7562110625793336,0.2750806652382529
TEST_01870,3.7450189032156307,0.7151176509373741,0.6523243039112049
TEST_01871,1.327627057679642,0.27440816033006776,0.12811916713005703
TEST_01872,2.4350303309663857,0.6395597830050309,0.7287198982695378
TEST_01873,1.819909334220859,0.2728616742993639,-0.27944427405272226
TEST_01874,2.1544561103719913,0.6037243088109593,0.31503098666720525
TEST_01875,1.871564986619316,0.060413210600389414,0.5255572448563861
TEST_01876,4.093727278926113,-1.3864866910807239,0.3799765817417295
TEST_01877,3.109467749039647,1.2401730008826708,-0.5587603262040688
TEST_01878,2.8122435382103355,-1.2339687686906342,0.29605854561757633
TEST_01879,5.1460455102212705,-0.3894234120395983,0.9544643708622287
TEST_01880,4.700358549688635,-0.20132155543863958,-0.5162865733040902
TEST_01881,5.294886986498853,-0.9891277067804211,1.266799186500455
TEST_01882,3.929533696777562,0.5763764541907229,0.8371669865359521
TEST_01883,2.3186386362198808,-1.527258895655239,0.2826176879512598
TEST_01884,2.1030875565598577,0.7824005050438171,0.2543826235380419
TEST_01885,1.1202698445255694,-0.14473032640346128,-0.26068659585005355
TEST_01886,1.543494506244437,0.9800787837920896,-0.45331411286878226
TEST_01887,3.8003973339640726,-1.331937312197976,-0.8730200513970411
TEST_01888,4.452266019786651,1.9368264601618734,0.16363298049596597
TEST_01889,1.2752852052764252,-0.38342942725035156,-0.16786952098945296
TEST_01890,1.4012931886088407,0.09300966004832661,-0.12993149469282808
TEST_01891,2.10240787527661,-0.08069634257564257,-0.8164043669346819
TEST_01892,5.131006841720967,-1.1905275753240678,-0.8502154897576265
TEST_01893,1.4472027493348498,-0.2666240107116731,0.19977464869549244
TEST_01894,3.0932019820415184,0.24935160295360553,-1.2054467004428355
TEST_01895,2.5039660308726495,0.633032905807526,0.09928841598612412
TEST_01896,2.6944175125428047,-0.2321119980438385,0.7744940858214956
TEST_01897,1.6465738030998442,0.503275348636745,-0.3910938589119224
TEST_01898,5.1458036364611,-0.9822472775543581,0.005145215417162668
TEST_01899,2.0046251116025773,1.3084858633485146,0.32573435221004415
TEST_01900,2.7676541615064707,-0.24088976023828704,0.3594423752170304
TEST_01901,1.8469422894286058,0.0884835602218081,0.08724433626050722
TEST_01902,2.2609247253447946,0.26671868956377714,-0.8490256415767737
TEST_01903,1.3341729910463067,0.3655541048507834,0.36123499497743533
TEST_01904,3.5337098883047875,-0.32223051261432195,-0.07797773626910941
TEST_01905,1.2946498100581476,-0.28495720497960836,-0.3732504679472339
TEST_01906,2.49171688683393,0.386005012365348,0.44577826884193905
TEST_01907,3.6167219631996494,-0.47403004081927763,-0.10930142028482312
TEST_01908,2.861509984612456,-0.07296166444245654,0.07083147464903966
TEST_01909,3.7227926728144927,-0.10810823558807965,1.0692401166671757
TEST_01910,2.3106823317697036,-0.6661374899068695,0.31198986034715404
TEST_01911,3.021097126855046,-0.7133338878737874,-0.003633068375991287
TEST_01912,1.1852635178547228,0.033229226116106826,-0.20287132359339716
TEST_01913,1.843564123613435,0.7129927970869062,-0.7414472527841727
TEST_01914,3.3757999034745416,0.537845675911121,0.8627956629841205
TEST_01915,1.7310834536652804,-0.8345409610438954,0.4438537675772458
TEST_01916,2.3771575290186022,0.22301019869069116,-0.07721885227735283
TEST_01917,3.03991535948274,-0.5673444830236343,0.32757549099806776
TEST_01918,2.602754824681683,0.37545395065440723,0.031044035361267208
TEST_01919,4.900271660115244,1.0393120122810686,-1.061663147266536
TEST_01920,4.358754786047487,-0.8807088160702295,0.5088367573367569
TEST_01921,2.80170340246871,0.24782643452160938,0.6368465475039389
TEST_01922,3.4384532352189736,0.6418260579783457,0.8843517436829862
TEST_01923,2.479346715207912,-0.969665185044251,-0.9808522848967457
TEST_01924,2.9038033542397,-0.501971228807115,0.1496226489685067
TEST_01925,2.336755259810418,0.3566368438886073,0.17768383466967888
TEST_01926,4.275347472291253,-0.1402212768500218,0.16171760201479515
TEST_01927,3.1058579918215914,-1.3656229455272852,0.06786548527838848
TEST_01928,1.3445670922859132,0.4732810847182754,0.5878726830860995
TEST_01929,3.6626867822848888,-0.004673098752569666,0.37298547695716444
TEST_01930,1.1790973896003998,-0.16525739939526263,-0.14340931899724654
TEST_01931,4.300677779408634,0.4656647003541231,-0.2031636218734923
TEST_01932,3.640781871648745,-0.2891871999446464,-0.24896017642189808
TEST_01933,1.6611927877220378,-0.2688115073317519,-0.27222373800585825
TEST_01934,1.74269667877202,0.12447559138977095,-0.5235646690105188
TEST_01935,2.913978774264255,0.5943091276129927,-0.8113730221695322
TEST_01936,1.1386096822285152,0.19334549969841375,-0.061755898964342214
TEST_01937,2.6875092367119584,0.3395988620426433,0.29536961397247097
TEST_01938,5.312566313482941,0.5388865653896662,0.376590846589098
TEST_01939,3.384213876016349,-1.0115449758686692,0.2575993971530578
TEST_01940,2.7325930909875438,0.7930397207487423,-0.08725336334684318
TEST_01941,2.127026139239631,0.4554177378854762,-0.7006037487116236
TEST_01942,1.6890372401974998,0.32376248245701594,0.28757151618858035
TEST_01943,1.422953437663342,0.23223269591760048,-0.1926873441631114
TEST_01944,1.3108875013648411,0.2462336589687557,0.26789424500241826
TEST_01945,2.044572641227873,0.16560788813130578,1.1023780890039758
TEST_01946,1.9165233713323717,-0.010630986813282712,0.43420491265282257
TEST_01947,3.9453287492609594,0.13561636302824154,0.0037469261401872375
TEST_01948,1.95935442484349,-0.5798135001726461,0.32530455692725746
TEST_01949,3.233181981434859,-0.8234028865413799,0.2518676495657612
TEST_01950,4.005384113676694,-0.21403559316465745,-0.7633933197072597
TEST_01951,2.8096112920262892,0.5546015578156527,-0.5679057532674987
TEST_01952,2.6897515278486344,1.4273965526857983,-0.4742351506985919
TEST_01953,1.6944942290186291,-0.31132320327345014,0.19466100513268172
TEST_01954,2.6604284492027577,-0.19025185019854757,0.10880262878011582
TEST_01955,1.9476295503937677,-0.21170691180005916,0.21879146587898224
TEST_01956,1.6324978972490256,0.6489976782142232,0.4308230527886087
TEST_01957,2.084205487556029,-0.03977460788977383,0.4240373013981281
TEST_01958,2.6652655365443274,-0.550922078979166,-0.4020698110180534
TEST_01959,3.9582679641452074,-1.355110290709087,2.3952562548718856
TEST_01960,4.589122019626079,0.46733637269039524,0.9599322133729193
TEST_01961,3.636650606864451,1.9841883002554621,-0.6164184733447458
TEST_01962,2.2615985112584243,0.3424791658753941,1.0358494424252194
TEST_01963,1.7732968609376796,0.40060165377508916,-0.5422898987324294
TEST_01964,3.314326356014636,0.6469325962140884,-0.8454623647221241
TEST_01965,2.0216955166459343,1.1104814621798338,-0.674895143518389
TEST_01966,1.3070038449501695,0.7713992973428918,-0.1759479641025336
TEST_01967,4.101837590858052,-0.3085007027977287,0.16290902846547542
TEST_01968,3.9381125121771046,-0.39647575642302074,0.7208877611459282
TEST_01969,4.366422226171996,-0.07978093619926825,-0.9859588913538456
TEST_01970,2.3825758454088803,0.4434642909510296,0.6282904252928982
TEST_01971,3.2007699198256296,-0.04465746115786765,0.6252208240198669
TEST_01972,4.880577116367166,-0.00823035935957331,-0.9871214880433059
TEST_01973,1.0378538449047123,0.1629528946360146,0.21377627981872538
TEST_01974,3.2924184579495717,-0.6218223707386938,1.045567107091935
TEST_01975,1.1989092508113894,-0.18367107006668054,0.41211507388408974
TEST_01976,2.673503828109559,-0.8043164618303997,-0.6538187886664927
TEST_01977,3.6821279091945724,2.2380837018526334,-0.13985657175075025
TEST_01978,5.651856495979592,0.5227471996490622,0.721927835006882
TEST_01979,4.644447988711915,1.3845141419145126,0.035429398235656336
TEST_01980,2.084067895857296,-0.8110245977553563,-0.2650430847177633
TEST_01981,3.121884768797913,-0.20804927778535032,0.07432976880417477
TEST_01982,1.984034409297542,-0.7668527904322291,0.6948053150198941
TEST_01983,2.6016061074857997,0.40853995881684213,0.5069740941113934
TEST_01984,1.5763373874073334,-0.41041761387232434,-0.32298988614209717
TEST_01985,4.862248254057124,-0.16952698385272774,-0.045184530964201566
TEST_01986,2.7210361562926484,-0.33644088455686955,0.4557455015598616
TEST_01987,4.670241684613118,0.3908877692638345,0.335882094200293
TEST_01988,2.390544424620059,0.532948119421443,-0.32956277635627773
TEST_01989,3.0968882409506646,1.3909199359107516,-0.7655580630008239
TEST_01990,4.910393415943908,0.7590937042647481,1.5784793344535282
TEST_01991,3.1849770164213327,0.47512442709126035,0.4572369993211577
TEST_01992,2.017544260252541,0.641252484649863,0.47175909374677333
TEST_01993,2.7860315166143894,0.10941261183820844,0.1908884456698706
TEST_01994,2.338048986615334,0.4352977281141274,0.11807177411024082
TEST_01995,1.7350991452305249,-0.6043013525042172,-0.09884170305179224
TEST_01996,1.8824313742000491,0.20084381428185355,0.4643890404978201
TEST_01997,2.078385023222873,0.23172392102792885,-0.17664992833969442
TEST_01998,2.714057087415706,1.528462308200158,1.0239123902814224
TEST_01999,3.1640113092502418,1.894916654451891,-0.8143032485952951
TEST_02000,3.932368420992683,-0.11193338805459978,-0.605851764848192
TEST_02001,3.504064872350458,0.2971254523780615,0.007870986141245723
TEST_02002,1.7858831702550937,-1.4484263017349464,0.4908730111935332
TEST_02003,3.457652727333125,-0.7102238303777184,0.00612157110456448
TEST_02004,4.052402692155662,-0.6596118271025229,-0.18394641764000974
TEST_02005,2.2302807449383555,-0.0826872184214851,-0.39892258155839866
TEST_02006,4.305965538852396,1.117410025592665,0.5985685195800509
TEST_02007,3.0466097738907156,-0.965775746084911,-0.022550739460921856
TEST_02008,5.075401594555315,1.6733873144997482,0.0095772213748932
TEST_02009,2.794175154620874,0.3667400252653216,0.46755379690232773
TEST_02010,2.0197535184368225,0.06361305897015541,0.08978789330110087
TEST_02011,2.4515874167448337,-0.3480262076962714,-0.18647769559121782
TEST_02012,3.0365079046691568,-0.803618528487636,0.11423957286546262
TEST_02013,2.8112558322339867,0.20636717964750992,-0.01164844646920789
TEST_02014,3.3396190169058997,0.06351929548214978,1.2646671962527778
TEST_02015,2.722640527908673,0.47909999413906745,-0.19924436354188393
TEST_02016,3.023134221052549,0.38308031554462946,-0.5175971700836137
TEST_02017,3.6415823463506873,-1.7679269606571244,-0.4447371826257095
TEST_02018,3.415172354945219,-0.18914091666994198,-1.0405203227208433
TEST_02019,3.6226536512655674,0.9259191529080812,0.9860725456429129
TEST_02020,2.6925814622372215,0.9368052376846044,0.8791751930789885
TEST_02021,1.5029934470239121,-0.22503902979421794,-0.1516263904228733
TEST_02022,1.1485051803727293,-0.2686901952736039,0.4475859819324624
TEST_02023,3.5491736822944397,-0.22264588363299595,0.14705794049129398
TEST_02024,2.4614550528812567,-0.22895408066200484,-0.347084396978155
TEST_02025,1.3055469958184134,0.3595382801128688,-0.09613879934756615
TEST_02026,1.670254977199189,-0.48395123139298246,-0.37176578417335837
TEST_02027,2.945901485394655,-0.2419618729269259,0.9243589793803542
TEST_02028,1.980154611130361,-0.14114880765529403,0.21372604119111152
TEST_02029,4.6812436723833795,1.0956746908572106,0.49424779005351555
TEST_02030,1.9617715926180241,-0.7864629678151621,0.7502870858551535
TEST_02031,2.353727265634554,-0.13919854937824874,-0.4306115480923777
TEST_02032,3.8033576516840757,-0.33487293104996213,1.9645286000390239
TEST_02033,3.3318006860206766,0.18885056936814787,0.31583540234735397
TEST_02034,2.148294761271617,-0.059705708864275786,-0.10440553548363421
TEST_02035,2.3542659065578047,0.6471470952883395,0.5522718388124955
TEST_02036,4.158707306289086,1.770436640715482,0.3257810980037282
TEST_02037,1.5901216365084312,0.3428642349059371,0.22392904254730675
TEST_02038,2.3558615131246166,0.9734649923464559,0.9617415864554916
TEST_02039,2.6588545476350394,0.6075152304918673,1.4017207203391597
TEST_02040,4.247183780991238,1.0127948565769467,1.5770110555385048
TEST_02041,3.2229296613583718,-2.557612997513541,-0.01653103601900152
TEST_02042,4.7315655650956785,0.4321459753633894,-0.5924149743012881
TEST_02043,3.752554163055844,0.3798536293635806,0.12044054674412051
TEST_02044,3.398140378912851,-1.6804708039606486,1.3645600083904896
TEST_02045,1.4454866849592392,-0.47501016277261987,-0.01036396981060907
TEST_02046,4.502496244593949,-0.7889786664910143,1.174660244764965
TEST_02047,4.986927740307961,-1.1526703882453917,-0.08410491124938509
TEST_02048,2.84157723553943,-0.8971681928492454,-0.9219066146900791
TEST_02049,2.837709323835601,0.28626274518047323,0.468589721905486
TEST_02050,2.974397389401785,0.39937969965082365,0.15310198690938817
TEST_02051,3.3754379246419757,-0.06655246410036386,0.09383063597407101
TEST_02052,2.133420926347086,1.1014636112796958,-0.7248067683030436
TEST_02053,3.119353246431436,0.31570819113292686,0.22479226108884903
TEST_02054,2.8644886472945914,-0.17942212542380281,0.7947598414215752
TEST_02055,1.881066902492742,-0.6088180259260403,0.305193922853033
TEST_02056,3.574350916603966,0.6307744698425101,-0.43630308765671527
TEST_02057,3.6968043611402193,0.493273231583377,1.1612947462128664
TEST_02058,2.9381493944543573,1.5325650580468602,1.108813667747621
TEST_02059,2.7325565529074693,-1.549967450332903,-0.8285506956587667
TEST_02060,1.1088765157728566,-0.3008529049862528,0.11467758741855053
TEST_02061,3.0664572860179504,0.4641769858477567,0.8922903735568785
TEST_02062,1.6213376632131502,0.1318626465507027,-0.09477176402242356
TEST_02063,2.827238480274623,-0.6639879075169072,0.46213364682462693
TEST_02064,1.5143696746828799,-0.0500785718994618,0.24049090471946633
TEST_02065,2.620182817058394,-0.1716016471993453,0.2645931959741479
TEST_02066,2.4092949696830326,0.3831226591749967,0.21223682353068093
TEST_02067,3.95525567490656,0.4570362795209667,0.5059088322047278
TEST_02068,2.7917842604313843,0.12774812569436522,0.1449694420955449
TEST_02069,3.215522990996642,1.204528427590821,0.5148432222207305
TEST_02070,1.8253884575277486,-0.6826032042657493,-0.35754322921226805
TEST_02071,2.5385269840833518,0.9948310089495096,-0.6678749750194595
TEST_02072,2.803944629107447,1.5658727088802047,0.11923199776204406
TEST_02073,2.9467615380378422,-1.2739438598361068,0.7518107515840268
TEST_02074,2.786545803932508,0.06884228694539402,0.14465862055425907
TEST_02075,1.8188375963476735,0.36087201112743933,0.3206406250859386
TEST_02076,2.21535338290395,0.9015878161562169,-0.4740885197017872
TEST_02077,3.0946946589157127,-1.184540934923746,0.01478310204584025
TEST_02078,3.4457349006915323,1.7297067420874768,0.8485759653009093
TEST_02079,5.144402160866454,1.403005948185358,1.8711323379541258
TEST_02080,2.721044897454198,1.424377367681068,0.5999298023937278
TEST_02081,2.06754703225067,0.3552817296149136,-0.6130540358259967
TEST_02082,4.472065190824988,0.3797387071211276,-0.5320319957471631
TEST_02083,2.2266161783649303,-0.22759794505748013,0.6318442669962481
TEST_02084,1.452498778305391,-0.0800314089044247,0.19245240766784524
TEST_02085,2.7446446897006918,0.42732466265298624,-0.12656130655984552
TEST_02086,3.358060696434599,-0.000181914945973692,0.9626070366326447
TEST_02087,4.445668910222341,-0.5881143611698452,-0.16293352541840272
TEST_02088,1.2716122148045577,-0.04635228408994581,-0.2839844841910952
TEST_02089,2.4431444824886928,-0.06427056112847297,0.07771071751204751
TEST_02090,2.632298941538806,0.5540437216692408,0.08851325069356088
TEST_02091,3.1989219379550717,-0.14840518501739444,0.5567546333351228
TEST_02092,2.1645139415318035,-0.9777108916837877,-0.2414824772897284
TEST_02093,2.4246553317144786,-0.166982889452462,-0.06945323000293818
TEST_02094,2.7161962164401285,1.0494738707237905,-1.0214028856944304
TEST_02095,2.832845225969819,0.017695476146026127,0.03622868462389273
TEST_02096,1.6375537558142674,0.6759541083421398,0.8818425815013164
TEST_02097,4.285508166518615,1.0369743099036333,2.216913204759229
TEST_02098,4.863685036010294,-0.558718156762431,-0.176267886903667
TEST_02099,3.872909677778079,-0.565212119240758,-0.43440478468571725
TEST_02100,2.7333546049437323,0.007695792705344639,-0.7756437256561077
TEST_02101,3.4408122012257825,0.009612632705219093,-0.6288341180062116
TEST_02102,1.8547737833713671,0.32823211962935817,-0.34496631614066686
TEST_02103,4.345277122054459,0.17730925114724227,0.625072739558264
TEST_02104,2.631345412439932,-0.17925768814945062,0.38094890617864546
TEST_02105,3.7296435921760858,-0.9475600599673971,1.3188152587554958
TEST_02106,1.7424739907170843,-0.659586562611107,-0.4805071159503667
TEST_02107,2.331339564204991,-0.35341370869435673,-0.4229564087561685
TEST_02108,2.774896047664245,1.2824673233484625,0.8697762389258044
TEST_02109,1.7458932040872115,-0.7067458648937236,-0.31579015924061304
TEST_02110,4.918237558699812,-1.1026936736375237,0.9813074552315558
TEST_02111,3.456417711444496,-0.5639956333276266,-0.2740460612768508
TEST_02112,3.376712064940285,0.596431040667218,0.44538652511050275
TEST_02113,2.7899227523461207,-1.0193025157589126,0.6641918132197268
TEST_02114,1.9580182155474655,-0.39268850672502875,-0.027226958383722404
TEST_02115,1.8006593912742015,0.244490224722413,-0.20171349051223306
TEST_02116,1.5037010723403055,-0.3335062011621505,-0.12162535068696025
TEST_02117,1.9003812614718492,0.05513936147987915,-0.1778859080442176
TEST_02118,2.9498374997137957,-0.7696353031822891,0.7824294928282898
TEST_02119,4.063300603698111,1.1059386989934572,0.6384326651858495
TEST_02120,3.174167852458123,1.6496810256691765,1.041514680384627
TEST_02121,1.3329625906311466,0.8853579721393473,0.07720629454263359
TEST_02122,2.9347954605748288,-0.7573023347623012,1.3746050440440973
TEST_02123,1.7549127356040426,0.47941565816587095,-0.28014195030569716
TEST_02124,2.655206791643174,0.11255690771418908,0.20321222465113
TEST_02125,2.204746142727417,-0.5352732774481284,0.7537808609083324
TEST_02126,1.750432567132397,0.9017081401399856,0.2591525083586522
TEST_02127,3.458957218273771,-0.12971587017836522,1.266773107031794
TEST_02128,5.657624536042244,-1.5178865102589212,-0.6890445360031647
TEST_02129,2.7832946903825655,0.690983938003071,-0.1668302305277189
TEST_02130,1.9273785205002922,0.38948629330732715,-0.3325870458045677
TEST_02131,2.6188452645753473,-0.3280703609494744,0.28767196552947955
TEST_02132,3.6208619875579307,1.391412284209208,1.183579555907495
TEST_02133,3.1452467984400045,0.2769959437582858,-0.11131899049186188
TEST_02134,3.0686276047370584,-1.2143360473839857,0.05361562135131157
TEST_02135,2.060416146385571,-0.09848761736836635,0.062282732731306675
TEST_02136,2.2541865464679796,-0.16521881519836648,-0.30396792109579507
TEST_02137,3.493171147014108,0.12014914601966663,1.9526067054402811
TEST_02138,4.094653051404593,0.9797541017115553,-0.7737538711915467
TEST_02139,1.1812167149313566,-0.6590409142616303,-0.16943965793371332
TEST_02140,2.4453473975747384,0.010121771827221994,-0.012921476579277618
TEST_02141,1.9517285371311694,-0.17436204430871596,-0.6137160156486143
TEST_02142,1.7508296441531097,0.01185962470519766,0.46965102808940756
TEST_02143,2.6541087128107157,0.28437060002607967,-0.0214196404936851
TEST_02144,2.6923538442192263,-0.29160599185193264,0.8437522278793606
TEST_02145,1.6427710786378276,0.09355245543460443,0.013033381949825094
TEST_02146,1.1454557814785682,0.11067381877835672,0.3331006978471711
TEST_02147,2.553009180572547,-0.6449859331808033,0.9632844171991105
TEST_02148,2.4693807722716095,-0.04045103401027402,-0.08019670983793178
TEST_02149,1.7789116549172297,-0.21582493226691912,-0.7458209885501937
TEST_02150,1.1865133121607079,-0.17756342972460742,0.2427394692964516
TEST_02151,1.8520944446216814,0.2459633509231426,0.4097831736583594
TEST_02152,3.375317217683157,1.542645859471701,0.5467960043838977
TEST_02153,2.9908659361642527,1.3767487537070071,-0.47255380538498926
TEST_02154,2.7508609874147694,0.16760887771659871,-0.256055621914743
TEST_02155,1.83154042472749,-0.03469110070220991,-0.5373131793664145
TEST_02156,4.204827288766848,0.5436466150637601,-0.24797011579329048
TEST_02157,2.5672896748388156,0.561697867833155,-0.46336390896695473
TEST_02158,3.6633066900348674,-1.3428550735799587,0.3672906360028461
TEST_02159,4.1213888952337765,1.6869264769122254,-1.3390409471036613
TEST_02160,3.1127364127001966,1.3370770707875543,-0.5242554909122829
TEST_02161,4.922908905680417,2.3168740992808488,0.0017410093353653231
TEST_02162,2.8216151829166405,1.4805679807046086,0.01113670724326437
TEST_02163,3.4914196313960595,-1.3503407983400115,0.0006221627294188316
TEST_02164,3.059687478019822,1.3240263080213004,-0.11395406502205903
TEST_02165,2.6633967226099267,0.8178441994895169,0.43095066702150137
TEST_02166,4.5922235530580675,-0.5677731143503554,1.0597129473734694
TEST_02167,1.7202299622952832,0.01152052227025369,-0.4812587900926795
TEST_02168,5.267002532838904,0.7623990474867752,1.3275911415093906
TEST_02169,4.05534470980412,0.009516307019079781,-0.21322937723077973
TEST_02170,3.1364506819452265,-0.01419290396224161,0.6492548312593723
TEST_02171,2.1000053641676946,-0.37805446713861995,-0.43906231627182807
TEST_02172,3.5039288404295363,1.2050702947382084,-1.085491397860035
TEST_02173,1.671932936074132,-0.5164508352296497,0.08701330892098214
TEST_02174,3.526357304079846,1.2820474581925652,1.305329968041873
TEST_02175,2.413914620232291,0.09831506932720277,0.43977066636347834
TEST_02176,0.9192511649466301,-0.25775724283653373,0.17821105281242616
TEST_02177,2.4509951496720057,-0.8221674382309241,1.4347300966739074
TEST_02178,4.539616678844903,1.549122413947146,1.1177518405948872
TEST_02179,3.9137639644993167,0.8426252761904127,0.9486432194712453
TEST_02180,1.621282987212261,-0.3099057335508945,0.7445038906946181
TEST_02181,2.6299087148259734,-0.17577055585630597,-0.81912087350502
TEST_02182,1.8739613996144404,0.3461789317935375,0.0757250391553845
TEST_02183,4.34213172714192,-0.3622150312254674,-0.6233577270845438
TEST_02184,1.9544348950581278,-0.17540818523026624,0.4759751111620852
TEST_02185,1.1817600460361852,-0.6322050696899751,0.2431523615303158
TEST_02186,1.169615380374446,-0.06396626098223816,0.39197691992599504
TEST_02187,3.5993870508694177,-0.42909347623904187,-0.03359735639084062
TEST_02188,3.1557677966961877,-0.5978692547740093,0.852545896056907
TEST_02189,3.781650727589472,-1.5032293368418659,0.25331320082033887
TEST_02190,2.7963810109935285,-0.1437892990763141,0.2535585037046164
TEST_02191,2.0598755427245585,-0.7729784742867255,-0.22239867416920675
TEST_02192,1.3548058479749612,-0.2057048144658624,0.2772557605257767
TEST_02193,2.1862542269362355,-0.6121957077659109,-0.16727077618337283
TEST_02194,2.0416434497819815,-0.14557761790562085,-0.008991100380761494
TEST_02195,1.116531249958683,0.25125141602797135,-0.15404891905552143
TEST_02196,1.3721653338203423,-0.3967738949673342,0.22162219845890507
TEST_02197,2.057607031967758,-0.8193177886706821,-0.06282976625770444
TEST_02198,3.5644721788706413,0.5501711522461844,1.2726465313980477
TEST_02199,5.863440524345219,-1.2003627433323356,0.5280171201520069
TEST_02200,4.109520206930706,-0.10154589621696873,0.13197349668248715
TEST_02201,3.4491441182302744,-0.5689438052494098,0.5449364188499675
TEST_02202,1.3136216230091642,0.8305388881945305,0.09389401636881894
TEST_02203,3.553255571657432,0.9624031886514482,-1.1567058222739088
TEST_02204,1.3794122937961792,-0.5123862619642451,0.13692642753991607
TEST_02205,2.7693413759535006,-0.9690792636941756,-0.8604645707062512
TEST_02206,3.512530922868815,0.25080569323456586,0.12192735081780658
TEST_02207,1.9621641741181965,-0.2854962858250986,0.13262443997697287
TEST_02208,5.306051366077429,0.9348361051975068,0.07709060033206244
TEST_02209,2.6891667492052322,0.3007659477849669,0.12541657870536904
TEST_02210,2.6548393919018736,0.3345799959946447,-0.7635998822184052
TEST_02211,4.383845394520263,0.28468480530184587,0.09232041837252197
TEST_02212,1.3710083986289765,0.02384786911012119,0.39056105694974974
TEST_02213,2.5381794183752704,-0.20419585785745845,0.2008044536201338
TEST_02214,2.798979970302077,0.009991894080053318,0.9653024667053133
TEST_02215,2.000344123448759,0.1099018597241763,0.5587975446092465
TEST_02216,2.6011453677496745,0.15383514174227128,0.839193041215063
TEST_02217,2.2096342735481977,-0.037390659399375976,0.8581546280037992
TEST_02218,3.0155073906419703,1.0688340991763026,1.5624357874760002
TEST_02219,3.9929576064343344,1.039249812425454,-0.654698869883271
TEST_02220,2.4851194237433645,-0.8857060783786329,-0.6121319197947321
TEST_02221,1.2284844899945642,0.37766495970258857,0.5110351613759405
TEST_02222,1.9606374066036656,-0.38062975264818916,0.3603806011245063
TEST_02223,3.812170925971869,0.61017021427779,0.9266204928757167
TEST_02224,3.0803381931767,-0.0273318108501635,-0.1225096072899373
TEST_02225,1.6828390196581848,0.9890091246605583,0.24252641065494387
TEST_02226,1.3935041335257683,0.3963326668562366,0.24913659675834787
TEST_02227,3.334578917297909,0.47007656235144235,0.3820040268546397
TEST_02228,2.9365304306659223,0.800826589925961,-0.39226038386032813
TEST_02229,1.5204969050036297,-0.5909246906479393,0.9855499596921933
TEST_02230,4.015792047393021,-1.4737548909357063,0.22742792349756588
TEST_02231,2.094698697615907,-0.35475945440884915,0.1256290819433859
TEST_02232,3.1189610165249326,0.5624813689279551,-0.08717621815417531
TEST_02233,3.7799021247458917,1.3539964449721558,1.0199969635845378
TEST_02234,3.509446902812579,0.32112654655769785,1.335650446254499
TEST_02235,2.2360210022864266,-0.38593502091374793,-0.0470296567118014
TEST_02236,1.5126619364336733,0.094985887443782,0.20553430537068818
TEST_02237,3.413030683427129,-0.6159706785819572,-1.1055715552798846
TEST_02238,1.0905410818911743,0.1770229882721498,-0.2136147276366137
TEST_02239,3.2828750076940563,1.4856577598945793,-0.7397973166462206
TEST_02240,4.270009277939412,-1.8690002282327574,0.868178093470121
TEST_02241,5.134173747239212,-1.0054341238513658,0.6860793845842197
TEST_02242,1.137961784823067,-0.4578106644125091,-0.5500962066733408
TEST_02243,2.5808427246370753,0.6316284230940387,-0.039978526419084816
TEST_02244,2.150936785936723,0.791516952438195,-0.02890785302033205
TEST_02245,1.48025249118772,-0.20727110269517376,-0.5476227932207314
TEST_02246,2.393529117973989,-0.2012523157768872,-0.13527482941876506
TEST_02247,4.66977359388097,0.33505654514686484,-0.1887678148941116
TEST_02248,1.8549148591510347,1.183731088490829,-0.6839509689656771
TEST_02249,2.0174410793006454,0.12475496617256371,-0.3630311046506796
TEST_02250,2.899772585051462,0.3043352507226817,-0.725982856554819
TEST_02251,2.38236921310497,-0.29265437480031053,0.298890187661024
TEST_02252,4.1530190176971455,-1.4466451541760448,1.235205457191014
TEST_02253,1.5210964993307345,0.032965641214564224,0.14109036551041984
TEST_02254,2.7758176540335495,0.7819352652900143,0.3752468232534188
TEST_02255,3.426930000289495,0.3415597525308619,0.2704331965354539
TEST_02256,3.422693290470169,0.3696047495155299,0.9948501058732813
TEST_02257,3.1540251616544928,0.8545005249897749,-0.22749824123004703
TEST_02258,2.340116735483141,0.2922872078765055,0.004815985674824789
TEST_02259,4.117557355136256,1.0226902972258891,0.159709682495091
TEST_02260,2.8717038946459206,-0.025839890692525933,0.07477888713773945
TEST_02261,3.1132125744874455,-0.1416387932522241,0.10262536664676561
TEST_02262,2.3266354017299284,0.06957476865016915,-0.30763018071940007
TEST_02263,3.9813229087323516,0.40827893968620554,-0.06794276596956424
TEST_02264,3.9432963758787745,0.0332491667055288,0.15420286214300435
TEST_02265,3.6537451731020645,0.4144208805818782,1.6737913480446263
TEST_02266,1.3096152366993867,0.0873861353367353,0.31358671931285903
TEST_02267,3.247823928520046,-0.14073037384018855,-0.37681905421143774
TEST_02268,2.056064403664232,0.39701451176247377,0.3007627593017275
TEST_02269,4.840288152957881,-1.4112092309797653,0.8084348412706277
TEST_02270,3.207551774478297,-1.4056546021330887,0.46752970974601904
TEST_02271,2.998518233776409,0.9490889719029842,-0.6457660848227952
TEST_02272,2.7050322119712704,0.4819215854154261,0.576595839906609
TEST_02273,1.629412830682585,-0.8182206620446115,0.18581471650408002
TEST_02274,3.4914829657057775,0.019815358454128927,-0.672759319137682
TEST_02275,0.9790129057254016,-0.31154130016841053,0.2714425600731235
TEST_02276,3.7273607225237404,-1.1088626790150182,1.0099937451885825
TEST_02277,3.80898990082959,1.0377655983027843,-0.19587948955104292
TEST_02278,1.3143497910302722,-0.19315507207683316,0.5122827537611334
TEST_02279,4.521468691814301,1.1334235792963017,-1.166442566185223
TEST_02280,3.9680782287961818,0.7661491177602225,-0.4537452005884501
TEST_02281,3.204243805803656,-0.26532303840315546,0.8836449341709927
TEST_02282,4.217249788877,-0.5025744108439313,-0.537655545692435
TEST_02283,2.2474200975446292,0.41381755753485183,0.09268541282536474
TEST_02284,1.7353480610094756,-0.4137322458254102,0.2925650417780652
TEST_02285,2.657888153741256,-1.0283184812857404,0.2896706149005937
TEST_02286,4.614145965283908,0.19344805341645063,0.2836321244921645
TEST_02287,3.841069040868415,0.8763706520253505,-0.41764841148496284
TEST_02288,1.1698443190388856,-0.34210022284936104,-0.10440240690802068
TEST_02289,3.576363021402682,-0.12926074460427586,-0.34645874057417153
TEST_02290,2.199664990458605,-0.14436643974097202,-0.24667439836141974
TEST_02291,2.199982785767942,0.41617674182034353,0.7260344962820029
TEST_02292,1.330832030802315,-0.5566290918516561,-0.1594625858306548
TEST_02293,2.676390084700087,0.4905202542086249,-0.289051608697268
TEST_02294,1.3239647697255814,-0.7962928424372028,-0.5298864925075548
TEST_02295,2.6858409968223125,0.5236823256030344,-0.030392231067686765
TEST_02296,2.4867576869006753,-1.7925527359876738,-0.1804802397063102
TEST_02297,1.7879882076968217,0.4216454562379513,0.6190428514465663
TEST_02298,2.232578535602137,-0.9572457457234058,0.4221355724423895
TEST_02299,2.8166362883616545,1.1823521449317131,0.16201136765409815
TEST_02300,2.301636542114602,-0.6938043799859355,0.24185858602912202
TEST_02301,2.141772916742716,-0.177820791156602,-0.30299409486851225
TEST_02302,2.0297286971695816,-0.33281283952004215,-0.03605424759360444
TEST_02303,1.5785090595301836,0.08348514418117196,0.10657189669817621
TEST_02304,1.9991268476134558,0.2707701386484596,0.10243150059043041
TEST_02305,2.577666307232612,-0.7222892802027225,0.5757124525196177
TEST_02306,2.7719531315078845,0.4508976259274441,0.13215200709647168
TEST_02307,2.611235826064032,-0.5661741526655456,0.4713991554041063
TEST_02308,2.1239027507281243,-0.5497545062521808,0.45721387667443275
TEST_02309,2.833509294905447,-0.1474003107300604,-0.36895353508583084
TEST_02310,3.2794712421936247,0.6468924658735006,-0.36791215194784466
TEST_02311,1.7878418743901185,-0.9669130440625762,-0.18659429657904547
TEST_02312,2.2550018508724525,-0.19603540577968775,-0.11830397184625528
TEST_02313,3.0796616428429244,0.6552325741494002,0.019593600909068833
TEST_02314,2.729887296692442,-0.0013638453290551497,0.13070755746610666
TEST_02315,2.3709054195524564,-0.7775382733672923,-0.9436904425477536
TEST_02316,4.076433452670285,0.6527906555131854,0.382841811942781
TEST_02317,2.3576452478162504,1.1787618402686477,0.5801589206196706
TEST_02318,3.098735715262604,-1.472696728239864,0.15180958632933017
TEST_02319,5.742002886799506,-1.033665531815391,0.3631254613475654
TEST_02320,4.708934992967808,-0.4892088819483366,1.142558658462663
TEST_02321,2.750950411801588,0.5543914148417787,-0.12180331779925702
TEST_02322,4.5898291968615474,-0.14766027288219136,-0.6338866231980412
TEST_02323,2.4712014879634645,-0.41004541503179115,0.3094468816985765
TEST_02324,2.534576444459375,-0.9956959859696624,-0.8483021903511938
TEST_02325,2.529395454565794,-0.16318100198714364,0.34157607667879436
TEST_02326,4.781963228476029,-0.39043065601543014,-0.1432234103219055
TEST_02327,3.995070724420871,0.9914977569424808,-0.5245123233084649
TEST_02328,5.23315259085286,-0.39696611021066347,0.35163159595980203
TEST_02329,4.236092471176048,-0.595118278363076,-0.22758815967754878
TEST_02330,1.1704855168385158,-0.15619398652903418,0.09608260562356868
TEST_02331,1.5101473777692322,-0.19775684468282684,-0.21183407193644008
TEST_02332,4.289501185869074,-1.4768396712427958,1.9526232559457375
TEST_02333,0.7099801834356679,0.24229961786449403,-0.1942397696297273
TEST_02334,2.8679426240243333,-0.8058405708711341,0.6979515504979402
TEST_02335,3.122927085474241,-0.7749490083771259,-0.4593906891498717
TEST_02336,2.6703624976196365,-1.424302912008849,-1.01707788287853
TEST_02337,3.043639203501101,0.24372735200829523,0.7366888779076152
TEST_02338,3.3910510105140923,-1.128896773873032,-0.7256082425234415
TEST_02339,2.9866946940230963,0.75897993216714,0.5788693642166955
TEST_02340,1.348560751559617,0.23769678324350155,0.4174974987129707
TEST_02341,1.6678150853444755,-0.35983020601904825,0.6799946918709278
TEST_02342,1.83673733141482,0.13463205837964523,-0.16350799062013227
TEST_02343,4.298557045467108,-0.49129462811852703,0.2745831061220792
TEST_02344,3.4448959182459085,0.26835440550986855,0.21903438025868896
TEST_02345,4.941903903707617,1.5672169535075116,1.8229973485936577
TEST_02346,1.544647097959641,0.7340105253179514,-0.12989495814530527
TEST_02347,2.855771868374711,0.41867287537254033,0.25511933887266786
TEST_02348,2.8740259631610914,-1.124210784616599,-0.9989597158570551
TEST_02349,2.6401954373200645,1.8282510538527479,1.404493648474138
TEST_02350,2.6049608432608564,-0.6306616872134804,0.7412568934245235
TEST_02351,2.1708919886253395,-0.78314086706088,-0.2296588310169786
TEST_02352,2.427280489155197,-1.562894568858088,0.3833453827997833
TEST_02353,2.0951391498157825,-0.6545005591905809,-0.3034756864145138
TEST_02354,2.2588302614216853,-0.4048631955289676,0.41916453991179936
TEST_02355,1.1399356605048496,-0.031969541471105443,0.23167761677221832
TEST_02356,3.8044631742510813,1.7935880468086665,1.4726134182757507
TEST_02357,2.178429215983318,-0.4347419968375563,0.5504300082647564
TEST_02358,3.4219691010415727,-1.0224301311467108,-0.7688021553054737
TEST_02359,5.019403988207995,-0.9386923144184459,-0.17447834407769203
TEST_02360,2.1231680394915577,0.6630926108391676,-0.21467973022271455
TEST_02361,1.9274955292526121,1.323275978684049,-0.01521735739333763
TEST_02362,3.946513460130711,0.7211966961429561,0.030388463092061262
TEST_02363,2.166565822363738,-0.08780367319288632,-0.6813708701007918
TEST_02364,1.5687961176424305,-0.10664704317343376,0.2032940099931828
TEST_02365,1.9310514824668645,0.20282227609180012,-0.07542458863130187
TEST_02366,4.0767152077369575,0.11226951486451231,-0.3977842995718867
TEST_02367,3.2317858847253635,0.6889138467432049,-0.22324401143129022
TEST_02368,3.4648509585187344,0.38703878904510935,-0.8948531259368154
TEST_02369,3.3820693628773233,-0.2067028078277015,-0.30211323190114564
TEST_02370,1.8610244816249422,-0.22376833696219708,0.39531411333448463
TEST_02371,2.6051980543583646,0.011493417604333651,-0.3130629277452722
TEST_02372,2.4195633538658754,-0.39457685563658246,-0.11759154334889342
TEST_02373,2.874274243474758,-0.3057300456149317,-0.5186485031426697
TEST_02374,2.5460415166319357,-0.9353272249827035,1.1185123216333424
TEST_02375,3.6087777360753015,0.27548051732409595,-0.0776953071978442
TEST_02376,2.6213167299343936,0.11161004573092206,0.8478116203507888
TEST_02377,2.890649056440123,-0.2489493876179307,1.1540605708155969
TEST_02378,2.08999885706299,0.3388471501312504,-0.3695275543387873
TEST_02379,1.716111248163461,-0.9983214196398287,0.5878779791298775
TEST_02380,1.9258806924836285,0.657032763557086,0.10696111874247338
TEST_02381,1.616132306770694,-0.41554592293704673,-0.4069168861527433
TEST_02382,1.6140672601603943,0.348867779555937,0.31079550975086834
TEST_02383,1.4548137214850514,-0.198604940377129,0.31948461325510336
TEST_02384,3.6865031085047733,-0.29337158940607366,0.8156254817339548
TEST_02385,2.348272756443882,-1.8980418745128431,-0.17677656169125014
TEST_02386,1.759988780286591,0.041785993753688744,0.1673452317962032
TEST_02387,2.610616216026153,0.26645637274430317,0.30365955114376814
TEST_02388,2.8628513112306235,0.6848841533864022,-0.7260632035969815
TEST_02389,4.621898957042113,0.02489120931880792,0.9832122022512817
TEST_02390,5.259009874961354,-0.17648579545924253,1.0733601985082237
TEST_02391,2.7178034968174467,0.3329149608200669,0.6155309741334135
TEST_02392,2.0994534040203074,0.6196561142416923,0.27083418640018864
TEST_02393,2.7263695293673926,1.4875263627950577,0.8019062003648613
TEST_02394,3.0783850886572153,-0.0694636776670998,0.45074257860850964
TEST_02395,1.4638792563331124,0.6364591555015983,0.35038418377369174
TEST_02396,2.2296019886413494,0.7197568288295176,0.006106867908723515
TEST_02397,3.988483877030002,-1.0026636450571795,0.43687697764125233
TEST_02398,1.8310206891798542,-0.34266508774082827,-0.5373631382698733
TEST_02399,3.3594414907302528,1.0897487441507212,1.4776685015667455
TEST_02400,3.1238512472809234,1.192409102736967,0.3075379089300946
TEST_02401,3.5194787478039897,-0.2671160295046427,-0.8213643868024936
TEST_02402,3.983628881431616,-0.8464699250118081,-0.7634505912703472
TEST_02403,1.909336165884313,0.5452817192734744,0.48221078598810724
TEST_02404,3.098775747318314,0.9109348166201872,-0.7582121777070271
TEST_02405,1.6311025069453529,0.06565709010521018,-0.012679523435728628
TEST_02406,2.7056542848722787,0.6361503068030442,0.14442760564941562
TEST_02407,2.0109104549141184,-0.8678351432852114,0.07214652648622963
TEST_02408,2.1651475818975108,1.6474991226653497,-0.5141328645935228
TEST_02409,2.8557687488343664,0.38563311710508447,-0.5128395119786021
TEST_02410,2.4153786606749184,-0.10247436945946405,0.012009270456073402
TEST_02411,1.6564646055112766,0.31292126213168875,-0.4276613144997315
TEST_02412,1.5798171018552185,-0.5280871620421803,-0.3879610219137631
TEST_02413,1.7921966323704477,-0.42329055918402386,0.2878065509238109
TEST_02414,3.5019884447907446,0.5304284791350048,1.861595471898983
TEST_02415,2.0508012225574883,-0.08270886342458267,0.19353493902354466
TEST_02416,1.5138409686427416,-1.2538387624278502,-0.2230815101603846
TEST_02417,2.547214225981419,-1.2887039030200305,0.22055169682426592
TEST_02418,5.123091232731324,0.37113521029467456,1.4014352981582536
TEST_02419,3.0320333935826067,1.5853059071563511,-0.09119888854854753
TEST_02420,2.7193008505768477,0.29364669623970996,0.34805757690169287
TEST_02421,3.458596696601005,-0.11278401873636562,0.3591731959979442
TEST_02422,1.7567639453887856,0.183164475781351,0.23083163915609597
TEST_02423,2.1872588229348113,0.8531632733391814,-0.31870682705436243
TEST_02424,3.243442317901071,-0.09210562561721378,0.12160845408062725
TEST_02425,2.1976223249307387,0.020818149319574496,1.1438886629681655
TEST_02426,3.367450158330745,-0.7515775986565113,-0.41939576036279586
TEST_02427,1.9364461060165519,0.013768093454584426,0.6470566693896272
TEST_02428,2.1398475904126344,0.462242904193208,0.18349756122519909
TEST_02429,3.5050307852374014,0.5276363058811941,0.08599607397039909
TEST_02430,2.051531613410424,0.3618486421000509,0.10687356749229752
TEST_02431,2.5420360678741973,0.5724669095140029,0.03508197208114504
TEST_02432,2.2730049379473627,0.1402957396330203,-0.4173180861594533
TEST_02433,3.6851932105876233,-0.13284610021435483,0.5663270654079022
TEST_02434,1.5529073556526944,-0.0438404403598944,0.03665353791487782
TEST_02435,1.2485752595929753,0.43938851720575883,0.20445341010831067
TEST_02436,2.0079024495893423,-0.2384061250171353,0.604922338601125
TEST_02437,2.127235099213542,-1.1971158765543792,0.08091595621628642
TEST_02438,2.780120929789738,0.9990643082507846,-0.21894441631709508
TEST_02439,2.067784966455291,1.4734851958818003,-0.6277036665640717
TEST_02440,2.849609312648664,1.8121145516507888,-0.6623863853872605
TEST_02441,2.372605906639681,1.8339941272870404,-0.8578049071012314
TEST_02442,1.2213436577784897,-0.5825365718255469,0.4006460516969331
TEST_02443,2.0213612269238173,1.9870188578374657,0.8616371805955831
TEST_02444,3.1711289592710865,0.011773199122409013,0.22582868964119895
TEST_02445,1.925798149035048,0.4152692718774189,-0.1737406266779989
TEST_02446,1.1731887621806818,-0.29146251736335493,-0.1638919881611432
TEST_02447,1.743386471707126,0.1235069590474095,-0.3830900316671271
TEST_02448,3.515708340939022,-1.1816951112211365,0.054003668660209024
TEST_02449,2.153184314243643,0.4759266716494457,0.1339432928301599
TEST_02450,2.1482870726277556,0.3527087787159434,-0.06373358558336885
TEST_02451,3.27127999253022,-0.0638630071959656,-0.06757961804439924
TEST_02452,4.68175169402051,1.430902613225752,0.6584559650865626
TEST_02453,3.107410489095367,-0.21831932219903444,0.35620548157850246
TEST_02454,3.5684929061148183,1.2548745605604357,-1.181948167545344
TEST_02455,3.5355477815396603,-1.1655239330690776,1.1072447099377347
TEST_02456,2.9547334086874457,1.15672670847442,0.28561956555610274
TEST_02457,2.2324349876923613,0.08183557265876534,0.06092581115469908
TEST_02458,4.485779994801917,-1.3902879479018975,-0.5206768118443766
TEST_02459,3.024274438510722,0.3237237400679697,-0.6687865802267895
TEST_02460,2.257464520634994,-0.059350199726237375,0.6446886396542528
TEST_02461,3.4434662419375597,-0.2591698882676254,1.0449410259767706
TEST_02462,2.3974551783048685,-0.3312401968582115,0.3515241304020677
TEST_02463,2.874794789565684,0.14826680741128417,0.5676080104884073
TEST_02464,3.736838021335219,-0.080805705469794,0.2956443809615918
TEST_02465,3.66156151710121,-0.39784531825167724,0.47616153102970504
TEST_02466,1.880983297195421,-0.5625963590722511,0.667110352947848
TEST_02467,2.911639250927538,0.20653255292299674,-0.6286814092268204
TEST_02468,2.4802736920407096,-0.9104337828260958,-0.5562902643466333
TEST_02469,2.8163132799420616,0.7474283271720437,-1.1191707495589984
TEST_02470,2.468992040387406,-0.30170816562709013,0.5757649166334059
TEST_02471,3.111937990868543,-1.176284235528355,0.5613508657482337
TEST_02472,2.0860870799354463,-0.8331217881576787,0.018232113500610894
TEST_02473,3.3876299015571933,-0.27459346045731203,0.278420160628527
TEST_02474,2.04790532035102,-0.10040941975750661,-0.007926520468834582
TEST_02475,2.4176352552704707,0.6227654728897815,-0.37547559808037617
TEST_02476,4.645786252993515,-1.5494144307325912,-0.7637892142002451
TEST_02477,3.155370950125726,-1.179242202897703,0.06344372787042003
TEST_02478,3.657822004570323,-0.10463958549964712,0.9342630283805243
TEST_02479,4.798918413072423,0.3964582577474028,-0.16225099633674933
TEST_02480,4.022439374325667,-0.7258165598904744,-1.129217408124
TEST_02481,4.642163445887976,0.04481519954860394,-0.5243046327731037
TEST_02482,2.318866200093134,0.4694744959197736,-0.3490251295206099
TEST_02483,2.040427261485189,1.0720902642677592,0.32874788363816615
TEST_02484,3.42958155384718,-0.050756853253025216,-0.5050744222867541
TEST_02485,1.8692397832709793,0.7669316027147182,-0.476051052459552
TEST_02486,2.710870914298456,-0.4678327482352178,-0.8974774447828031
TEST_02487,2.7476883572623634,-0.8413717285419945,-0.26913313792256605
TEST_02488,5.436852824161031,-0.3034244052801434,1.2049490430242624
TEST_02489,2.0735688052024988,-0.10432554650773337,-0.06868171329454309
TEST_02490,1.095562616614729,-0.1706916891109446,0.09101174253922104
TEST_02491,3.4967795615592325,0.3875100675715417,-0.6421952934129415
TEST_02492,3.048650250939657,1.073679393334265,0.2624040974368555
TEST_02493,2.5320219810480147,0.3415966624830352,0.24724532558488313
TEST_02494,1.672773580944607,1.0324786028008746,0.46980455242934366
TEST_02495,3.4396560887591368,-1.2726756630644394,1.1801231468117117
TEST_02496,2.7835717495104637,-0.838122231884676,1.3363211214640345
TEST_02497,3.228496231770211,1.5402980409633873,-0.4854111862416245
TEST_02498,1.418613049518732,0.5059048808393962,-0.4491767885482235
TEST_02499,2.529383780067864,-1.173752338253894,-0.18114902225477658
TEST_02500,2.5254066091005827,-0.6348730234227496,0.08467039316258038
TEST_02501,3.1067732197847904,0.3478950489709825,-0.4628512786761454
TEST_02502,1.4672961510366203,0.43035756697719696,0.2385026851937219
TEST_02503,2.1135192283389146,0.2974188339985615,-0.5888687965345448
TEST_02504,2.1064192703516147,-0.6058723266685889,1.0250081670761537
TEST_02505,1.9889702669794211,0.8989491512659827,0.3351510652705239
TEST_02506,2.48104613350729,-0.35220436513006276,0.46063369055090553
TEST_02507,1.17561230802381,0.4589896519293309,-0.15985022681414135
TEST_02508,2.185059091064305,-0.5133574575465588,0.10176060657372547
TEST_02509,4.314213217397414,0.84196823189178,-0.40181762351958605
TEST_02510,5.205655015413492,-1.6336768732198734,1.8155502610500953
TEST_02511,1.3778012996822897,-0.31423836322249155,-0.036265025665399145
TEST_02512,3.03382758923449,0.1678704888906294,0.13963603325363183
TEST_02513,3.754983548397732,-1.635926412794654,-0.5064588877602926
TEST_02514,2.0582809942979448,0.4423323153198844,0.016206408959656637
TEST_02515,1.6694996403891202,-0.09510875040128342,-0.2598605317934391
TEST_02516,3.1065877260339088,-1.0442659479186915,1.1338393323679936
TEST_02517,3.276206589097513,0.21326795147871963,0.3895069104868154
TEST_02518,0.998264533155757,0.31635215378727494,0.3335819385023491
TEST_02519,3.3143580493079217,-0.3536903107065383,0.9193329541968139
TEST_02520,1.6731480623621653,0.9020815907925481,0.20606841079007973
TEST_02521,1.2532046604986857,-0.40153097079974687,-0.27958561238421353
TEST_02522,3.0511468900032748,-1.1993154691160546,1.1309756365406043
TEST_02523,4.155038826841381,0.3695069656798858,-1.0692678648820888
TEST_02524,2.3513640961474214,-0.9456722449986279,-0.5363765477389283
TEST_02525,2.604868711976006,-0.03864145206341888,-0.633346976147316
TEST_02526,3.9279558235894694,-0.8964686638194423,-0.9003120163188559
TEST_02527,1.3313679109064798,0.6258515824948399,-0.16231402599745998
TEST_02528,2.022810006956151,0.9860574809417658,0.4106243070600911
TEST_02529,2.1290628174967803,0.055912594725638205,0.3280731189710664
TEST_02530,3.164617275921883,-0.5135617330122206,-0.6438710738348705
TEST_02531,3.1691824843444274,-0.06054177521436129,0.019109476379726043
TEST_02532,1.7603923292949633,0.3638032286970502,0.1046776206845933
TEST_02533,2.1065296747715414,0.22292335927778165,0.37442796796910227
TEST_02534,1.9127655569629438,1.349573758283957,-0.16485805009650187
TEST_02535,2.315201984898746,-1.0771923427051682,0.277731971189727
TEST_02536,2.3906173115905305,0.7415765169230655,0.6183855668549527
TEST_02537,3.3309757031160583,1.6879471122523104,1.4005946250070536
TEST_02538,4.323475994939087,0.43614099909858023,1.3919233101913235
TEST_02539,0.9135128963512085,0.34216595375287173,-0.08974705320684774
TEST_02540,3.4041997918815685,0.0340384523617244,0.9210860378672949
TEST_02541,2.8374348485305894,0.20468832416554772,0.2684433911635601
TEST_02542,1.427327548535375,0.08143366949191712,0.1193811332663834
TEST_02543,3.7178277700247833,0.24598552893788098,-0.26721090862029373
TEST_02544,2.7381430709206005,-0.28605963844636667,1.1379914965240463
TEST_02545,4.546206993700004,0.9532712961223281,1.032430455099612
TEST_02546,1.667886299066823,-0.20332485742351555,0.36728201117755743
TEST_02547,2.931662641690375,-0.03277502314758436,0.6206617296343901
TEST_02548,3.0976435551527337,-0.06461481741508517,0.5951747078728791
TEST_02549,4.456029996266537,-0.004622985909185629,-0.8250382145449028
TEST_02550,1.714378527567072,-0.9458309964416993,-0.6951028077405383
TEST_02551,2.9450623204743938,0.028313348352628536,-0.11512881741825434
TEST_02552,2.391176858879971,-0.8061208865168366,0.38189332236714757
TEST_02553,3.0472648924994177,-0.0868099094588103,0.4045384085769713
TEST_02554,2.1871823487301927,0.12687754739140455,0.27342080172753286
TEST_02555,2.3754516224782583,0.39475596330429613,-0.0579588147982667
TEST_02556,1.83181781296517,0.780660078789646,-0.2939985700657242
TEST_02557,1.8669524571430256,0.10085480887661728,0.494704784562171
TEST_02558,2.254138709809968,-0.51612578001731,-0.8433505890149752
TEST_02559,4.968910448876034,-0.389988150890175,0.7744051612130962
TEST_02560,4.104151411546029,1.0757512074502356,0.15790167685660886
TEST_02561,4.36832987510156,0.8623681090967437,-0.7289061976683263
TEST_02562,3.406873782392195,0.32267243998712075,0.12367992453156969
TEST_02563,3.7559770194116866,-0.3564338234127481,0.6274317030421734
TEST_02564,2.805976830396323,0.5695663667931965,0.1513209141729517
TEST_02565,2.3412094406299038,0.23235703582629283,-0.9474147866358641
TEST_02566,1.0957362626954286,-0.6854166376178995,-0.38719491234902426
TEST_02567,4.787958078939171,0.12025470526132212,0.5719047235942719
TEST_02568,4.399131141659637,1.0427054747306286,-0.7133175595260282
TEST_02569,3.4457102439032554,-0.41446965965921434,-0.5969426276191886
TEST_02570,2.4364010779707215,-0.03317572707231972,0.12961486080725676
TEST_02571,1.3839762785399028,-0.1616640961322455,0.057298702812529675
TEST_02572,2.6672448691383916,0.746560378710904,-0.9282072064030797
TEST_02573,3.0030115270640376,-0.37858689110795285,0.5541849443063313
TEST_02574,2.5750430192572495,-0.7139175040557676,1.0865055228232605
TEST_02575,0.9970215671090433,0.15646875487511042,-0.07260333315081074
TEST_02576,2.4418045196663094,-0.3310174250237925,0.6155824718048557
TEST_02577,3.605913017542281,2.115716279282816,0.06720529107226424
TEST_02578,5.6243868991411805,0.12246054738479442,1.1609188964192039
TEST_02579,2.7420247294435276,0.7362094882688774,-0.2233156195787994
TEST_02580,2.594977165233089,-0.5764570481664609,-0.23790015892356603
TEST_02581,1.0482064389064742,-0.34375045566614554,-0.2805497304336408
TEST_02582,1.5621649039532717,0.48789295394275034,0.12174441673895643
TEST_02583,4.479371087546102,-0.5158524763319203,-0.7067918877625523
TEST_02584,3.8138478337294135,0.08413415937963811,0.17209355433890772
TEST_02585,4.868138117841643,-1.773059423749552,0.08212550658745815
TEST_02586,2.3975023434240414,-0.4598440524712337,0.3523656114148754
TEST_02587,2.840155093704536,-0.4430937118423416,0.4059757830113462
TEST_02588,2.623423753874227,-0.2243955853036555,0.193728779182608
TEST_02589,2.111480906171174,-1.4107694321584265,1.0602087502362536
TEST_02590,2.696029680356713,-1.3642315219121843,-0.06934173772083442
TEST_02591,2.8495737364528697,0.04066640162026592,-0.6093550184369101
TEST_02592,2.13491528633233,0.7114798304287607,0.6183322364967843
TEST_02593,1.5231015472802163,-0.4457019901595099,0.523940335624026
TEST_02594,2.0824113968129074,0.36459091378669567,0.03681142430950565
TEST_02595,1.6250924531645934,-0.14158809051526913,-0.10534938159100256
TEST_02596,1.9007657265907998,-0.000552349824685223,-0.015541953349844076
TEST_02597,1.6490881653041032,-0.06915619875158394,0.27198152209833615
TEST_02598,2.7362201132425623,-0.32317426022091267,0.22605063878000678
TEST_02599,5.926506575442459,1.3740206242536332,0.8217161216202666
TEST_02600,1.9590591224249878,0.6686075737560023,0.24962243236575166
TEST_02601,4.865313172077247,1.4311051032024946,0.2299675415241301
TEST_02602,2.9734638377923264,0.823798404921746,0.4830977819937776
TEST_02603,3.116596751456065,1.2404326351617154,0.8294054185946739
TEST_02604,2.580224503707437,-0.32408279598225187,0.1055471371902441
TEST_02605,1.0643655863648467,-0.07126758318943431,-0.257788688689508
TEST_02606,4.654400148528619,0.18485413899664352,0.45500043721071703
TEST_02607,1.1336687719383272,0.5560442601165383,-0.3603645757703132
TEST_02608,3.060316675375525,-1.0477563533080403,0.31634990417011577
TEST_02609,4.287817167924689,-0.00934473185960721,1.0139603674707311
TEST_02610,1.3414978523696044,-0.03617924503105509,-0.008477332950107568
TEST_02611,2.6134876731990193,-0.20512956923383296,-0.22726736749445883
TEST_02612,2.2146494918437862,0.35551753220934507,-0.22224902926775555
TEST_02613,1.256012638722713,0.33580544030444603,0.16238785665129812
TEST_02614,2.647224546675553,0.0375281187549235,-0.5839986064983775
TEST_02615,0.9657011338465213,0.451896232806626,-0.05605691751811601
TEST_02616,2.3326866879657606,-0.3998206222418313,-1.0061461962199885
TEST_02617,3.5022312473202315,-1.8774881995381114,0.9806988105120615
TEST_02618,4.241681511542681,1.2020462677313193,0.9864526890187978
TEST_02619,1.600674501340631,-0.1850462126377424,-0.5158825436107727
TEST_02620,2.093125963705309,-0.7685723220962555,0.0783112893821314
TEST_02621,2.9020369699935387,-0.05420502411092575,-0.36561841988471516
TEST_02622,1.916714809375813,0.7209962569264267,-0.05140088845269589
TEST_02623,3.731601551840019,-0.32877769230443443,-0.29306003073912157
TEST_02624,4.060264322378287,0.23839750336470908,0.40771097120664906
TEST_02625,3.18899317300377,-1.1569511120212128,-0.49817645711577707
TEST_02626,0.8858538457372784,0.06527007072482312,-0.30389028646333915
TEST_02627,4.177246017708299,0.13949180513203022,0.24066247267963742
TEST_02628,1.6171970190697198,-0.7471900344041469,0.37565583889467397
TEST_02629,3.9148783042547466,0.6643974067187602,-0.08919785209952338
TEST_02630,4.059953328178623,-0.9059998691683206,-0.40320086729335786
TEST_02631,3.2652883873936487,-0.441182585219617,0.7179638159137849
TEST_02632,1.5707597966696514,0.5818688514475072,0.43885752996722877
TEST_02633,2.015660444886571,0.15334448409816578,0.5394029704747063
TEST_02634,2.7362049565959814,0.1453561429314896,-0.4186504210757975
TEST_02635,1.141094614570547,0.3658788808468806,-0.06534595626765544
TEST_02636,4.621109224441948,-1.1302917239644508,1.0033623405487704
TEST_02637,1.176576766552585,-0.2928642283268988,0.28373376528283306
TEST_02638,3.4171652836059767,-1.5634344095461719,-0.8359758812213458
TEST_02639,5.307058849331482,-0.5574045147349392,0.15509708841797884
TEST_02640,2.9830805489697134,0.2482374041431304,1.1112430976987187
TEST_02641,1.122268638306541,-0.8812268083116226,0.16389193716769007
TEST_02642,2.2663038250180714,-0.5685386957873485,0.2777944904610265
TEST_02643,1.3263236233521885,0.5220506021151144,0.13868073095323327
TEST_02644,3.1231120479106615,-0.8144691444935744,-0.8558297345195024
TEST_02645,2.240215672141228,-1.0725756903306634,-0.7798989375223767
TEST_02646,4.50745983763199,0.7204168902580241,0.1940874740952093
TEST_02647,1.9547609037611031,0.6529669986512018,0.8216143970559581
TEST_02648,3.8808542169563722,2.0407242626752957,0.007956819667163495
TEST_02649,2.514770552899614,0.12214399656933057,-0.036143868712285615
TEST_02650,1.9496794536727609,0.08228854586941307,0.53133279480605
TEST_02651,2.7759805319039756,0.0981708637031123,-0.024668372930816827
TEST_02652,1.6270475889786005,-0.9281399352741384,-0.6103418220780694
TEST_02653,3.1084210149177616,-0.05379939700731799,-0.4122490002574039
TEST_02654,1.1151817357585565,-0.3790511259970579,-0.2733912129292785
TEST_02655,1.3727096502515044,0.4209965853150808,0.19117634784122947
TEST_02656,2.9246640511380884,-1.0386242932986196,0.7143179657123159
TEST_02657,2.7642607166987827,-0.8801714283044897,0.27939414404020885
TEST_02658,4.582591291565421,-0.1355033859128643,1.0022630728284285
TEST_02659,2.1753827442826905,0.761151018799586,0.24930886409367814
TEST_02660,1.6434211920700943,0.04076088375258915,-0.6161749889103048
TEST_02661,3.473484693662678,0.12404063699938103,0.8323786458966229
TEST_02662,1.9260482577961342,0.20873525305610682,0.03191753054750339
TEST_02663,3.0971742944377745,-1.0254321272801765,1.104488389326304
TEST_02664,1.925146279208125,-0.3642556451034013,-0.346435447377923
TEST_02665,5.3599086361000685,1.294423583150235,0.4617296279828842
TEST_02666,2.9011809293459665,-0.2923477191719399,-0.34594703195749715
TEST_02667,3.337202524479248,0.3893082603697998,0.1929110913134227
TEST_02668,3.3330016498074344,0.04454271236691687,-0.2694824679221766
TEST_02669,3.739879430167122,0.29109161546634504,0.5228099813601289
TEST_02670,4.291712995353121,0.7072074098870454,-0.8377412265756099
TEST_02671,2.689950914388295,-0.10838513991156873,0.0015354594529777361
TEST_02672,2.328874765361964,-0.1387958566657097,0.5297765940663184
TEST_02673,1.936706161569844,-0.6902445283558984,0.05018384820410919
TEST_02674,1.7811268163204281,-0.11838429604248113,0.28423889568552574
TEST_02675,2.504813114120609,-0.5168119647358743,0.46523206506694387
TEST_02676,3.0229381979220675,1.0303475290654769,0.32787792917993375
TEST_02677,2.132166229617831,-0.2255840133804815,0.3230083341260639
TEST_02678,1.254469003234523,0.13754073724870122,-0.0863279205633581
TEST_02679,3.101760930509085,1.7303647594656182,0.9659351520055265
TEST_02680,2.278882837729363,-0.9936626746567937,0.16744877918484832
TEST_02681,1.5405591723719736,-1.4573055887002098,-0.3509982969643
TEST_02682,1.4709130040295433,0.6200826090773114,-0.666163441488295
TEST_02683,1.1700655077816613,0.06165342181004263,0.15326700823383574
TEST_02684,2.4591990376273825,1.3634916801932302,-0.6039033170227782
TEST_02685,2.180628144276393,0.3479395776790658,-0.45132221925709426
TEST_02686,1.966801052019221,0.7661078779586035,0.38085454649401174
TEST_02687,4.21737972600023,-0.4897017957370569,0.18206877858736387
TEST_02688,4.820908242344215,-0.6268726005315691,1.1601624656521055
TEST_02689,3.786110076585538,-0.16191474801911837,-0.6680379283754294
TEST_02690,1.4077215776781633,0.33042857687429616,-0.416388039445293
TEST_02691,2.0275967277008418,0.320668496606263,0.40667327077550725
TEST_02692,2.1865266158862076,-0.6817463519415178,0.7037333319409247
TEST_02693,2.4146246580191515,-0.18344824782398114,0.28847135075372676
TEST_02694,2.386531529808743,0.8580866041846356,0.7054521932534916
TEST_02695,2.962585105337238,0.004088078627717237,-0.04188512996746367
TEST_02696,2.8670641062413678,0.768321076827797,1.1033587063023789
TEST_02697,2.314607810113934,-0.4408100990276416,1.0366165200886548
TEST_02698,1.3300174272604282,1.0361361002805392,-0.6944456215480198
TEST_02699,3.766488959528859,-1.3828208642717261,1.2052054312700555
TEST_02700,2.188207427348925,-0.28270209257846873,0.8141303939240623
TEST_02701,2.128319146331421,0.186320616691471,0.6370054583060808
TEST_02702,1.327040361731379,0.23118609718766012,0.10137232735586663
TEST_02703,3.23081145888907,-0.6955224640418874,-0.032421538982001986
TEST_02704,2.577500292353629,-0.2079732343389442,-0.27941786598145507
TEST_02705,3.3456906885943787,-1.0857767410270445,-0.8511133469823258
TEST_02706,1.2846928991373328,0.1773467896702914,-0.3019602034964262
TEST_02707,2.111567021268909,-0.18019306556517925,-0.6096708149895622
TEST_02708,2.2568413224763884,0.9887700322826124,0.3021544835915757
TEST_02709,3.240791657242784,1.8522571187157109,0.8270431440841852
TEST_02710,1.5392359854954178,-0.5153926128224484,-0.4340296339628313
TEST_02711,1.9309131779582474,0.97935379251644,-0.41203753482065886
TEST_02712,1.2336862396996469,-0.1969177150480594,0.07283633614259227
TEST_02713,3.77867162929902,1.2369618758172258,-1.0422881907179675
TEST_02714,1.2254834787986308,0.12931800201422133,-0.0016156662742444997
TEST_02715,1.7528617881362132,-0.15507337421414147,-0.03954755987374922
TEST_02716,4.093583066504459,1.297520852398889,0.4079217793030327
TEST_02717,3.185591094842239,-0.8116475930788257,-0.5146126914226563
TEST_02718,3.5002518882094535,-1.785217279675035,-0.2663823102677183
TEST_02719,3.57486727299003,-0.30272336521411136,-1.4940649540789739
TEST_02720,2.4891650194964576,-0.8721370921572367,-0.49402390032140714
TEST_02721,5.302089398752735,0.6759989298523048,0.7034712498022135
TEST_02722,2.241498754071118,1.1675243915363467,1.0620938901724768
TEST_02723,3.1969600396259312,-0.7144587436664244,0.5297641506547572
TEST_02724,2.6958306420414364,0.42525623790638856,-0.27606166532671744
TEST_02725,1.5898158760951655,-0.538112455452096,-0.013435198756716825
TEST_02726,2.066830454893433,0.33158081041153364,0.5288702341184521
TEST_02727,1.4652529948017106,-0.5121879494836327,0.38484364380703456
TEST_02728,5.647095853451181,0.6961197656944729,-0.2059827099391829
TEST_02729,2.354500893193846,-0.2284755114358713,0.5309662523794418
TEST_02730,2.895178296117823,-0.4553388491006218,0.40755030335441
TEST_02731,0.9654960252810989,-0.2228192637979492,-0.10489103409886608
TEST_02732,4.8452427293872065,-1.1789583090207998,0.9389843561591137
TEST_02733,2.5172581472509283,0.17577936880676148,-0.014220755103984862
TEST_02734,3.088186824551818,-0.35605838570314446,-1.0447371959506573
TEST_02735,2.476393789772226,-0.2012332552409954,-0.014587451639469876
TEST_02736,1.304675332424935,-0.17349619234029257,0.4538594705125278
TEST_02737,2.662407551934404,-0.700296939536424,-0.10196877476516583
TEST_02738,1.2943238470540503,-0.7299652002436264,0.2478803558233577
TEST_02739,1.71555772300697,-0.9025727203570169,0.10091169420719782
TEST_02740,1.39872172721568,-0.34892740530899347,-0.5883743699376572
TEST_02741,1.2173631359570307,-0.1228734885899885,-0.28130339913228114
TEST_02742,1.2707439518694414,0.4486154320816281,-0.19001880681635652
TEST_02743,3.867146689082261,0.11963816334504271,-0.46528454038673
TEST_02744,1.34046637546016,-0.3779373170377676,-0.3579326241026357
TEST_02745,4.213400195254257,0.8056407809709003,0.10284097283551365
TEST_02746,2.0623530158331618,0.44368615386478166,0.5118304681461276
TEST_02747,3.6897292518688167,-0.4173316774532429,0.684718002455757
TEST_02748,1.8898197710172604,-0.008366419722218433,0.08446633366993009
TEST_02749,4.532339623485971,0.702323900466404,0.8743590870490675
TEST_02750,3.1275303542598563,1.183827361744478,-0.37344516775967357
TEST_02751,1.4703974309825492,-0.7288614356403765,-0.09659288547992782
TEST_02752,0.8000522393783959,0.03160364772843426,-0.12537314917220396
TEST_02753,1.9085857471314447,-0.4356924895570715,-0.008035652688149007
TEST_02754,3.5737149071847885,0.43168675066371803,-0.9857260595108663
TEST_02755,1.9699513890948233,-0.8294750465744678,-0.21185988179720522
TEST_02756,3.9985309847613633,-1.2418675855738477,-0.3401323399272465
TEST_02757,1.5231091110533708,-0.20790216213129398,0.08266831357150782
TEST_02758,2.122231346777782,0.4315784248604549,-0.6623846195331715
TEST_02759,2.4698658724003644,-1.1664597532482723,-0.882058305952704
TEST_02760,2.5968187910541336,1.43967206669775,0.5556317124504293
TEST_02761,3.7670418429111425,1.709277830664375,0.8656118142701501
TEST_02762,1.5445462811940425,-0.8620478904597748,0.7325629473960318
TEST_02763,2.033577961837054,-0.06988272966616278,0.5621207613811791
TEST_02764,2.938025813069239,0.9344649568053727,0.11098592372064649
TEST_02765,1.8021935775166105,0.19316824857089296,-0.5378611780046257
TEST_02766,4.095888492416528,0.7677656152931829,0.16727848702033185
TEST_02767,1.6933365336633748,0.19083836010783772,0.26067652179474016
TEST_02768,2.770541648407747,-0.07812003718664479,-0.1696080190580325
TEST_02769,2.567561311024583,-0.032148419158910604,0.012215518844304033
TEST_02770,2.016862439539623,-0.5484349676017256,0.2839358130547333
TEST_02771,1.9900921878655962,0.10627448284181101,0.26482318923049636
TEST_02772,4.956127893258401,0.00987828903785969,0.9752166476021329
TEST_02773,2.5923600770574717,-0.19269347914691962,0.20579537474567172
TEST_02774,3.161543432742081,-0.9194401604672402,-0.7636611466197212
TEST_02775,1.8227139349205246,-0.2626502526993921,0.0553381836607005
TEST_02776,1.5023367292670713,-0.257193836814813,0.38229360473127716
TEST_02777,3.733397142517481,1.9012716461713237,1.826516499371267
TEST_02778,1.7308657241396088,-0.12888994465659595,0.5651040741313283
TEST_02779,4.337480022393959,-0.3963452101961398,-0.20308695949741198
TEST_02780,2.6482912017554128,0.5584946843123441,-0.8967587415055779
TEST_02781,2.8168800219840553,-0.3625898683063415,-0.5923079474899942
TEST_02782,1.2667099808295021,0.2100675440697224,-0.042993335085745266
TEST_02783,3.2423906435352885,-0.5975427908161776,-0.29751536374676074
TEST_02784,4.2019652870273045,-0.8044540669288238,-0.5695446148121275
TEST_02785,5.386429505520633,-0.14455396082395294,0.633881798498604
TEST_02786,2.740794665509739,-0.07842762065627082,-0.054372128143120355
TEST_02787,1.1636096984262714,0.02416131847461456,0.22160429161620995
TEST_02788,2.2007704853636914,0.4622643875437243,-0.08970851261529568
TEST_02789,4.40519402044825,1.5837205408662276,-0.3307112965741525
TEST_02790,5.048005271034438,-0.48562526992306104,0.6071984336289601
TEST_02791,1.9181664397314253,0.12996229029681272,0.19711420190211693
TEST_02792,1.3415124249991257,0.2257706362602936,0.33935387250682486
TEST_02793,2.116795581993331,-0.187510286604517,0.25856038940578513
TEST_02794,2.537426790482211,-0.32218072802761955,0.39685106430912437
TEST_02795,2.000351629767001,0.3377176805169493,0.3090440399620256
TEST_02796,3.2722459922588993,-0.5358418387349099,0.07298455716339565
TEST_02797,1.8014836021145737,-0.8481423434412512,0.06220694938570909
TEST_02798,1.8253884347873104,-1.0860468484760246,-0.8501559251878006
TEST_02799,3.3165497675599105,1.0009064277841275,-0.7899356194605487
TEST_02800,3.3076884890500775,0.5018768566111469,0.033683987017916785
TEST_02801,1.5601079027173017,-0.13434609964808283,-0.15140527571787898
TEST_02802,3.2720013854336933,-1.732674781236618,1.2457066578786917
TEST_02803,1.0970244894403542,-0.6125962583836319,0.37664639396539706
TEST_02804,2.930118169543506,-0.8218141285406263,0.1353830663300636
TEST_02805,2.7137662548810098,0.07853962299059658,-0.1972594146430031
TEST_02806,5.022494184428324,-0.1354366025831993,0.34121597729233616
TEST_02807,3.567597872904934,0.013502771045464169,-0.779073733905318
TEST_02808,4.913491530845594,0.27619726314654297,-0.05957293553815322
TEST_02809,2.488104834378667,0.2514703241673364,-0.2308665841286216
TEST_02810,3.4685503154210724,0.5537214764433247,1.160350386259801
TEST_02811,1.9546305246856013,0.4272947518308654,0.3982620876163417
TEST_02812,2.4104445036532844,-0.15243604100366848,-0.38647317372463574
TEST_02813,1.9520688243839426,0.1104693424457005,0.1368455648715546
TEST_02814,2.197008340880981,-0.4004025105303776,-0.4110491052436139
TEST_02815,3.049614380060201,0.16074101271818053,0.36366293723760235
TEST_02816,2.6872522195924047,0.10046970425569436,1.359630633246673
TEST_02817,3.653563286987335,-1.869892249420562,0.1288264710586473
TEST_02818,3.483909978249225,-0.2997703753155739,0.8938602839921189
TEST_02819,1.7741180014831066,-0.5520714831319409,-0.07772697616928245
TEST_02820,2.8520267243283692,0.5801736979912857,-0.1188363848737496
TEST_02821,2.5805083449736284,0.13214687427152608,-0.48387317404605856
TEST_02822,1.574803894244177,0.371333034577997,-0.4569872332739418
TEST_02823,1.9910366794785646,-0.566509007517454,0.7445017132133468
TEST_02824,1.8371328091190005,0.03931378320709043,-0.7483566470197076
TEST_02825,3.702344352139488,-0.10348617618347002,0.4668235471239108
TEST_02826,2.6515596682772835,0.23797195761803444,-0.10632157626687959
TEST_02827,2.234428610747408,-0.40153945749300723,0.39286154104172455
TEST_02828,2.899419165591956,-0.17831450718812702,0.4499329605409324
TEST_02829,4.58759411214954,1.1308642745695874,0.913799968633507
TEST_02830,1.832371644459561,1.2476661746569795,0.5598350715517884
TEST_02831,3.1020301023391643,0.8809470270943616,-0.45759924100124044
TEST_02832,1.2492236034551663,-0.3392850605693794,-0.17269743527019776
TEST_02833,3.543540782800417,1.2511515542112097,1.2783724789533308
TEST_02834,2.9541719897214156,0.1826265647984469,-0.1634000967181654
TEST_02835,2.441514339045344,0.45468560353652304,-0.0005000913336320295
TEST_02836,2.225189506573931,-0.17485709204399388,-0.44405461804412516
TEST_02837,2.194558615061427,0.2763907393144563,0.7493987586894971
TEST_02838,1.386060207727319,0.2273514385778497,-0.4045453633584552
TEST_02839,3.6658274583407304,1.290370744103869,-1.0478141193683068
TEST_02840,3.425286546451401,-0.918602954927467,-0.013180616734113339
TEST_02841,4.52010075241289,1.2684676838261955,1.470702570387404
TEST_02842,3.5067221771567727,-0.7003908132277411,0.8711783911865131
TEST_02843,3.397497644599656,1.8577753968172022,-0.7809415724592883
TEST_02844,3.3954061135530713,-0.17459568900426534,-0.29762176558910575
TEST_02845,1.677535295527663,0.77147637616147,-0.3600913947180198
TEST_02846,4.561581464054196,0.9518583099467361,-0.5729436941445842
TEST_02847,2.6200031030105735,-0.16498335971766354,0.009257033648855117
TEST_02848,1.4178668867101585,-1.2865874082194715,0.02721188052826671
TEST_02849,3.7253474608461614,0.18530791067040822,0.7022949638558866
TEST_02850,2.1762339123903365,0.31877412974048164,0.3362967985790107
TEST_02851,4.132621111548323,0.1928013114029491,0.9733582046968822
TEST_02852,3.860750328232506,-0.6872305754509084,1.0214673598808621
TEST_02853,1.0285822916437541,-0.3219400555553514,0.22771388861741243
TEST_02854,0.9841600909549125,-0.7637616574639368,0.14240085520370688
TEST_02855,1.800358786411405,0.0803579287987602,-0.34302595423376675
TEST_02856,1.6301047909104314,-0.0545414780773479,0.45439014771281555
TEST_02857,2.303680201585766,0.4561405359972502,0.48089397181670585
TEST_02858,2.0688484554034696,-1.0319227754061175,0.5284385470140472
TEST_02859,3.9355713259807463,0.8840373352244923,-0.5538206104507126
TEST_02860,0.7060629778430826,-0.3956970478767529,0.3616042913102364
TEST_02861,2.8995914809763605,0.14359487290523731,0.4146191912866669
TEST_02862,1.935910426208096,-0.15582662615952178,0.1605618334416281
TEST_02863,3.5452579329178673,-0.5256811559216112,0.9246781866929811
TEST_02864,4.075514074343708,0.6085228333947382,0.8305118965703362
TEST_02865,3.437433051665877,-0.2138789248882448,-0.34406430400912097
TEST_02866,2.663527900417232,-0.2538883386276512,0.4702675118824879
TEST_02867,3.169300142584361,0.03195197945604698,-0.9766299513274601
TEST_02868,3.0529281199147222,-0.15586955808019057,0.07087333017167763
TEST_02869,1.6717208049550722,-0.23682756293946525,0.8552011342773796
TEST_02870,4.591144577522452,-0.05489781199433914,0.7490744363617429
TEST_02871,0.9799605293547945,-0.6884779829656437,-0.21535769152391096
TEST_02872,2.971934652553099,1.1928658653268849,-0.7731634760385999
TEST_02873,2.4069612840043453,0.4396031421930657,0.23162739592429743
TEST_02874,2.4043504059544327,-0.24198022868276686,-0.025281226972795962
TEST_02875,0.8821443890686861,0.11205440164795558,0.2746564166056943
TEST_02876,1.5037288692005777,0.43620758722589453,0.4414384382245519
TEST_02877,3.097509471352049,-1.3930639567754044,0.584910731400917
TEST_02878,1.846895251972734,0.029077479353588884,-0.497191719036335
TEST_02879,2.4610654444725384,1.2424620307845153,0.4110707005349973
TEST_02880,2.8104801785756752,1.4848248714688923,-0.7398356443415675
TEST_02881,4.898689551606213,-1.828762798387402,0.39106614258934685
TEST_02882,4.041388606077416,0.0944020035873764,-0.7069994255063097
TEST_02883,2.3103257590706243,0.2420545949560041,0.1322869005747215
TEST_02884,2.6066826327125288,0.12266677931510235,0.29649345823323914
TEST_02885,2.0827892759099362,0.23218693283470085,0.35062014744506925
TEST_02886,2.9082993885629684,-1.0424580954307743,-0.6905641114010548
TEST_02887,4.283056472585655,-0.02979095015576983,-0.6779388528919795
TEST_02888,5.851071916123719,-0.0998928927479816,0.9247159692366341
TEST_02889,3.8590547851473387,0.449967353052181,0.09426803283024267
TEST_02890,3.2275879634201114,0.24016419933254493,-0.0913089485954658
TEST_02891,1.4928118839247375,-0.014280708400339567,0.026873394553935535
TEST_02892,2.4162279413639705,0.8775267698887138,0.8701311303684512
TEST_02893,2.8476191655759187,-0.24869273734386388,0.0951814381457018
TEST_02894,1.9872072788297972,0.014651509797741331,0.06446790617330288
TEST_02895,1.7297252948150215,-0.3288945967993236,-0.19484682015499827
TEST_02896,2.458573311438915,-0.546282164147897,1.0504483056696485
TEST_02897,3.0520091308570896,0.742834340603759,-0.1764143295658195
TEST_02898,4.446852608788,-0.5433796087178117,-0.17638729527110655
TEST_02899,3.328114193400102,-0.44629439785098063,-0.055330286003731605
TEST_02900,2.851855840312454,0.5225720682537129,0.30505449797055745
TEST_02901,3.661704221484617,-0.42604809347935774,0.03837836695131553
TEST_02902,1.4725045924453328,-0.37080525476275855,0.2914891967137926
TEST_02903,1.074490666258919,-0.3001885527644456,0.23692913891395623
TEST_02904,1.882879271337879,-0.3151569241499651,-0.2696065573870896
TEST_02905,1.5729016467824666,-0.04043750764371613,0.9157422930676188
TEST_02906,2.4311506605745654,-0.18061421173246703,0.33926347834430204
TEST_02907,4.499373908201064,-0.03776317806943858,0.6444467465257071
TEST_02908,2.6037634926976945,-0.15994240907625382,0.10431593398483886
TEST_02909,4.049669836643164,0.3445633971284444,0.45891659782787436
TEST_02910,3.583459055238958,1.7977947728045407,-0.1518424442528915
TEST_02911,1.6593071593464674,0.46659811321375194,-0.21203967655500125
TEST_02912,3.811698031808179,-1.577121830628622,1.8302781544952906
TEST_02913,2.839332949257154,0.2510865520284177,0.5930713858721351
TEST_02914,2.4518488928174778,0.1559821606388255,0.03622381576522578
TEST_02915,1.895482862004808,-0.10984093317262965,-0.4093647638316437
TEST_02916,3.722379114015839,-1.0933709291357547,-0.04451355674760891
TEST_02917,2.7411569792556834,-1.475131730756854,0.6070256329720062
TEST_02918,2.906463326800534,-0.5576147047670205,-0.7515968065715767
TEST_02919,4.37259299287647,1.4156255195956284,1.8128935418122998
TEST_02920,4.238511500946496,-1.4319883356292291,0.8100288200660027
TEST_02921,4.611727233631093,0.21035065547590517,0.3189566992962548
TEST_02922,2.3527946539547115,1.7121874011279965,0.328592204917922
TEST_02923,3.590432551760983,0.310620408928686,0.10426007866103726
TEST_02924,1.4362084006222509,-0.03541044200814262,0.49024192278083967
TEST_02925,1.1128987961036754,0.23766010076754795,0.07304279236156538
TEST_02926,2.253455837457733,-0.8422402488735423,-0.303011601107838
TEST_02927,4.913936249960028,-1.1533413853633252,0.22458093398642898
TEST_02928,1.5307004630369003,0.25974075591191803,-0.2928912014515759
TEST_02929,3.7182570097122674,-0.1336238786659405,-0.4462978758571386
TEST_02930,2.1854363172415554,-0.00907848708677498,0.14936919945814583
TEST_02931,1.8320548591202217,-0.33601156259148096,-0.1474669146717199
TEST_02932,1.601476789860413,-0.12403292189529525,-0.024090104677107177
TEST_02933,2.6956157961969676,-0.18125823085172454,0.25992020627626816
TEST_02934,3.4153394096215277,1.5340081653435,1.2922154991354584
TEST_02935,0.8001507287946942,0.02725599230578607,-0.27189324312113416
TEST_02936,2.0122920416385726,0.9933900616848087,0.2461025457865911
TEST_02937,1.473655215290984,-0.544886170496081,0.1140270398698612
TEST_02938,4.034353111049794,-0.20297778967326588,1.0943723506249645
TEST_02939,3.129280096127906,-1.441875501970814,1.0787918238675636
TEST_02940,2.470717509646537,0.19449358896046529,-0.04864958826532392
TEST_02941,2.29015773387806,-0.26208000729713726,0.11314019816508619
TEST_02942,2.2528797148612902,-0.7598693990671683,-0.791465414746246
TEST_02943,3.987576106862549,0.6441143909182776,-0.9315056471181105
TEST_02944,0.9678841994813994,0.3263205366694673,-0.20506551678799276
TEST_02945,4.9506680751218655,1.4404577820367364,-0.8635608337179599
TEST_02946,2.546322308270225,0.1938091886299065,-0.039505790554709604
TEST_02947,1.9963464655462775,0.3239619154461405,0.3611883258278264
TEST_02948,1.7066454645619356,-0.6108957690517264,0.23966684433900223
TEST_02949,3.529306849113519,-0.6349445213429673,0.8302546265010131
TEST_02950,0.964967089642716,0.37978020680472563,0.2695470644281505
TEST_02951,2.32322405553788,0.4421248568076521,-0.24767309786627162
TEST_02952,2.568406956606825,0.35425309760467943,-0.06484542616452138
TEST_02953,4.062470624668118,1.4054284446438385,0.7632966109896497
TEST_02954,1.5412031232377337,0.2388272886886487,-0.05629997551944752
TEST_02955,2.388077712334115,-1.033489061914275,0.07599872701515768
TEST_02956,3.7016549248664963,1.1750678308004625,0.8610440531730638
TEST_02957,2.7532164638143346,0.9339181775433771,0.27021216188519603
TEST_02958,1.2809534487101437,0.4902612008198167,0.20090559909180367
TEST_02959,5.331554929662894,-0.5050822045562442,-0.3852339604208127
TEST_02960,3.967995679274904,1.4559779648224236,-1.1520473394728878
TEST_02961,2.8657389680769607,1.10630159444796,0.20819375819331953
TEST_02962,1.9429307558522662,-1.0962402503485802,-0.6572285673227644
TEST_02963,3.680437653487812,1.2506224611329404,0.8706011982765781
TEST_02964,3.395182066802959,1.0067639263073989,-0.05904730184071298
TEST_02965,2.6413825166516616,-0.7135212799624443,0.5780082405340797
TEST_02966,4.32380715495909,0.40397230004259294,0.003379976894355644
TEST_02967,2.287213618389565,-1.0749601615778734,0.5321966024400907
TEST_02968,3.50900363363331,-2.068101615393669,0.524979626328399
TEST_02969,1.890148624125854,-0.4665567370501104,0.09442926986572149
TEST_02970,2.996424413296204,-0.10380858667219683,1.0721029988513637
TEST_02971,0.9202090537983322,0.15833059821847104,-0.28620868455458254
TEST_02972,1.6850945185987334,-0.5844114239509798,-0.810610752038771
TEST_02973,1.5428687727690822,0.22542900355641282,-0.033175360233513314
TEST_02974,2.883957573812375,0.10224384002228518,0.27414518016429107
TEST_02975,2.6938420677860377,-0.4342066168635875,-0.5638413391466655
TEST_02976,1.0024074303039965,-0.7966061162460559,0.3529231038401179
TEST_02977,3.2006834917614073,0.5775255266360375,-0.6231455582861524
TEST_02978,2.313221152772519,-1.0588379912083914,0.11373695341964175
TEST_02979,1.6234126846669672,0.27578395516669374,0.01321387988928615
TEST_02980,1.5386141868252303,0.3623337166113635,0.03216138633040466
TEST_02981,2.4649880933095876,0.12333400897952254,0.4472659823567554
TEST_02982,1.5214127777748578,0.5301886248567368,-0.012135762619915171
TEST_02983,3.105461762913596,0.5530106498487509,-0.1235648333850021
TEST_02984,3.403967947396802,-0.11498669910677328,0.23435073510263654
TEST_02985,3.7322428261176865,-0.583652740952838,-0.3972284649442175
TEST_02986,2.9364674154220136,0.5582481836366806,-0.18687455504091233
TEST_02987,3.9106949137969464,-0.38537388959425195,-1.135779426317661
TEST_02988,1.5968522141156098,0.33885809036018316,0.2217398292774734
TEST_02989,4.463523327125314,0.07606200850865803,-0.923656557171713
TEST_02990,2.3954153928087885,-0.6569829392220208,1.0262061783690895
TEST_02991,2.639073800459841,-0.3019483099023592,0.02819761981663674
TEST_02992,2.938623695439405,0.9088020399116895,0.4275306784060542
TEST_02993,2.311660376682163,-0.5920052595814396,0.4976262069724932
TEST_02994,1.5839038116497004,-0.5414136244891992,0.28786523385996876
TEST_02995,2.07341994753992,-0.3409190626517186,-0.399692810488685
TEST_02996,4.405984141707381,-1.332714100814802,-0.7748560108022662
TEST_02997,3.0408947116316356,1.9626842954616817,1.0368933553173547
TEST_02998,1.5483718909168942,-0.9056418603462081,0.14253055571242523
TEST_02999,3.399823161971383,-0.34575229303003285,-1.4197657661403067
TEST_03000,3.9361566047958214,0.3271542454983803,0.46647480697016386
TEST_03001,3.1882410725382027,1.3585550070099641,0.2842287752120143
TEST_03002,1.8280384214163106,-1.2553126714386476,-0.7376333760191647
TEST_03003,4.191224134630611,-0.5444271899571642,1.346279710321487
TEST_03004,3.17947198372823,0.9005537959431859,-0.7681410980350163
TEST_03005,1.3409743225811073,0.4729945521537689,-0.051190213494001276
TEST_03006,4.920578164621652,0.4242518735792662,-0.3183374243745075
TEST_03007,4.3555003225929845,-1.4901245979938746,1.1994418672188847
TEST_03008,4.0417901022414835,1.4702137137105415,-0.46558020644692777
TEST_03009,4.3223655123966696,0.18441171602347398,-1.0069161410153602
TEST_03010,2.6722885466624886,0.01745453480290254,0.19843112013771239
TEST_03011,1.6980614163907324,-0.4234850094454523,0.2913740711902144
TEST_03012,2.8991312626869483,-0.001839190270985279,-1.204890801556194
TEST_03013,1.2288506239397912,-0.0507547712612518,0.0556313368465017
TEST_03014,3.1035216742163816,-0.055906828740549516,0.19291864677977208
TEST_03015,1.4281479011626868,-0.020205758812959843,0.038570531068062526
TEST_03016,2.513314755626517,-0.04509887945389247,-0.8835173563591106
TEST_03017,3.6628123234933248,-0.5664104924762909,1.1303006916339735
TEST_03018,2.354875481921237,-0.4208457659982559,1.2232164554516392
TEST_03019,2.367293446877986,-0.06728000479797769,0.7372867388715333
TEST_03020,1.1129874723341964,-0.5656336963087006,0.07777343528979799
TEST_03021,2.1475597311920906,-0.6250390967897972,-0.2562474455578503
TEST_03022,1.3094532805332142,-0.32411956058839464,0.11498938953691917
TEST_03023,1.3605231595492988,-0.22070055580990375,0.44847465524715124
TEST_03024,3.348381843239586,-0.39514031820382806,1.2363656901933977
TEST_03025,3.6738061020002624,-1.2559745549743178,0.7896861560113415
TEST_03026,3.169918002267441,0.09198856545271292,0.37670772742752495
TEST_03027,2.712023090445351,0.04458390995477341,-0.07206259736675037
TEST_03028,1.9507410470415916,-0.27270696824374224,0.19063625496991216
TEST_03029,3.3536393372316895,-0.7476154422273327,0.9764340102329222
TEST_03030,0.9084668367293919,-0.4829508192935031,0.25086598139802696
TEST_03031,2.6740581685681617,0.7740770799715169,0.5519624319535044
TEST_03032,1.9698766509693322,0.12108339595871279,-0.03214518204107951
TEST_03033,2.7441515649674844,0.20875602631780088,0.07763068914646315
TEST_03034,1.5612225687562777,0.07085019805911737,-0.05227219738042895
TEST_03035,2.0441866551723,0.6851711310538232,0.03810048367259742
TEST_03036,2.1518273055133457,-0.2621287998248653,0.6272605303412708
TEST_03037,3.5754993917332247,1.0012205519282955,-0.23386428744877155
TEST_03038,1.3683313783953186,-0.00501262840338346,-0.27756143115539744
TEST_03039,5.2290886570787105,-0.9189808521377594,1.7431173109950329
TEST_03040,4.628050344033403,0.30534017312081896,0.1330896492013348
TEST_03041,4.432217195428508,-0.7085659256243506,-0.007554897061966366
TEST_03042,3.86208169341898,0.10834173353326808,0.20010150332503304
TEST_03043,2.8270018603824796,-0.7187025100801132,1.0720417071735748
TEST_03044,2.7085678937593354,-0.5545107456311198,0.8154749031798042
TEST_03045,1.1246665942607674,0.5943023332881071,-0.18383036231175298
TEST_03046,1.3667227878484745,0.4220847211482263,0.26414711512509476
TEST_03047,1.8500182576461173,-0.7442198423045804,0.11585493631161632
TEST_03048,4.946378306897543,2.1054865873991635,1.0326622530407905
TEST_03049,1.7478774722627433,-0.5182933955953059,-0.025284994346835225
TEST_03050,2.65620317483254,-0.4368928881590263,-0.9379903237715415
TEST_03051,1.9427373687098903,0.3669112763537557,-0.3291433399034875
TEST_03052,3.541906453604718,0.015571095372853096,0.9754963915709662
TEST_03053,2.626865842207037,-0.6498819584855962,0.6518199607455072
TEST_03054,2.0433621675063782,1.059846128158158,0.40805866258458623
TEST_03055,1.6748912147577741,-0.24000182166822479,0.11840308735296565
TEST_03056,2.3096529961535,0.8406497324363182,-0.7841906195034846
TEST_03057,2.5963923436901033,0.5190277286641969,0.6582074891714981
TEST_03058,2.955939778843057,-0.7441624861949848,-1.0013907054795597
TEST_03059,4.294823336887594,0.7051699716940442,-0.054106760797225394
TEST_03060,2.5441362628603077,-0.35471525087458106,0.6455494127348854
TEST_03061,0.7853697202011675,0.10649243903861663,0.26660770292453695
TEST_03062,1.7943887415906665,0.9565565973919041,-0.32270092457417465
TEST_03063,3.233682282481739,0.3642151752457222,1.1440012200414496
TEST_03064,3.153126004525826,-0.3418630334107435,-0.23292077236239808
TEST_03065,4.324532287154607,0.4156277150084442,1.7314495384911268
TEST_03066,3.261291057992016,-0.3692332698639276,-0.10477706772391371
TEST_03067,2.634577777813113,0.7025515914984409,-0.5676983514215329
TEST_03068,1.531334653712779,-0.507028938553926,0.4326578901026466
TEST_03069,3.3453442780209244,0.9425553050164504,1.1029344578931055
TEST_03070,2.31874066359869,1.6937151691356962,-0.6093027314631411
TEST_03071,1.2421745012797099,-0.23157431735766337,0.33143053041859427
TEST_03072,2.1836083973689693,1.3080879202832738,0.7127294524072978
TEST_03073,3.0880528851942115,-1.2323533426604938,1.2441477650344377
TEST_03074,3.047589401729004,0.08787661475859,0.8707361956208163
TEST_03075,1.3418931088766388,-0.15192270489273865,-0.2178465646418869
TEST_03076,1.521785251001803,-0.12276346295705115,0.042703330036423605
TEST_03077,2.1479293274455724,-0.26919823936913595,0.43112952795563914
TEST_03078,3.632070874309682,-1.0956836764287952,0.5889802593614161
TEST_03079,4.98067063565591,-1.640071664770724,-0.618083516950079
TEST_03080,4.824383933307146,1.0383654503764566,-0.6332094644910733
TEST_03081,3.944890560993705,1.6690162961549786,1.368570900622835
TEST_03082,1.2580973669848536,0.1651126581024309,-0.03610639546869569
TEST_03083,3.773655188225978,-1.6611677641056095,0.32963737831253087
TEST_03084,2.3096076516080095,0.71735762605865,-0.20478960447013153
TEST_03085,1.0116707017044437,0.1873504705499363,-0.33701650513185727
TEST_03086,3.011029680559642,0.6472331379902453,0.24778123767923105
TEST_03087,3.579975183153204,-0.5117869599682173,0.6645084689169535
TEST_03088,1.1332688908060349,-0.7747219821297251,-0.30170045896402814
TEST_03089,4.1672601915299685,-0.13675245937872915,-0.2038033039323326
TEST_03090,1.78371555011191,0.4395688166600111,-0.5488051761482368
TEST_03091,4.322870748342837,-0.2990149485809742,0.3350913650658054
TEST_03092,4.803129084539376,1.3265406682684282,-0.5643936196850062
TEST_03093,2.1621859886409474,0.3965913636433139,-0.13338871360455584
TEST_03094,1.8320957042038202,-0.6322959778272474,-0.30288936150145335
TEST_03095,2.5000657863300146,-0.28642098534871646,0.15343690066820043
TEST_03096,0.9974950108510637,-0.2753967361394506,0.32492164473095364
TEST_03097,2.985449873274376,-1.1298061268128525,0.7490634223812623
TEST_03098,3.8532825814950926,-0.16333651668490473,0.236168909825105
TEST_03099,3.7575158584670696,0.2562474497747244,0.6708303330335091
TEST_03100,2.1655975989185294,0.43360100273630026,1.02195180637763
TEST_03101,1.4762760115323323,0.3155035967584049,0.3411460055350083
TEST_03102,1.9049351916572572,-0.0725330663712028,0.21131254914044825
TEST_03103,1.9938271170710737,-0.040107788476843764,0.3832354205661927
TEST_03104,2.490552591702981,-0.11275118215453543,0.5616889867641006
TEST_03105,1.6176657402772112,0.08844917958743076,0.22181179369459164
TEST_03106,1.8564121884401812,-0.08855679906308782,-0.4480366449731225
TEST_03107,3.6039240244506807,0.04255890252802471,0.5594758208644492
TEST_03108,2.872658848608473,0.050404470690277786,-0.4874437286284923
TEST_03109,1.644169460868422,-0.2359504871424944,-0.16389396053579608
TEST_03110,4.518089801322424,-0.39110605707499324,-0.24648284930541528
TEST_03111,1.646051207409701,-0.6893147575193149,0.25480794826428216
TEST_03112,1.4610516065648314,0.7816255660911602,0.23422533539764925
TEST_03113,2.4890172847497514,-0.9421090302688262,0.08324306916559787
TEST_03114,1.7880080001492222,0.10036409716073916,0.10294059564445196
TEST_03115,0.8694170987115413,-0.20086376508271667,0.2710957517100898
TEST_03116,2.182934744361319,0.9928363371328234,-0.47159287636322617
TEST_03117,2.929853217224065,-0.23908938198104387,0.03118460672396542
TEST_03118,3.200262391512932,0.3625200800857251,1.298632117136232
TEST_03119,4.727584324207332,0.9925810389131632,2.0463060769343344
TEST_03120,1.452045685213892,-0.05306044289243166,-0.23783512213439684
TEST_03121,2.7066212779960415,0.9803603552373452,0.4566756641469569
TEST_03122,1.5129466429126877,-0.47805492543205047,-0.7400629342317128
TEST_03123,2.4647036243209492,-2.2393753313726656,-1.165103059408383
TEST_03124,1.526395721861579,-0.11225630416830987,-0.03466061582475385
TEST_03125,2.7310232930521074,1.0284951961917153,0.5855870847095938
TEST_03126,4.303570157129102,0.0959573153359728,-0.5845224888231056
TEST_03127,3.0200892060818987,-0.47942889825213014,-0.8431340446991876
TEST_03128,4.611055511627461,-1.041520725615411,1.0565860650073111
TEST_03129,2.792020003980864,0.518463318728501,-0.3457823656214592
TEST_03130,1.7891504715073192,-0.45224369960492083,0.3521921519870827
TEST_03131,4.3531085943128645,-0.5858308108698549,-1.0509149014620576
TEST_03132,1.2840012004684542,0.5694463794339745,-0.27555612652358963
TEST_03133,3.3888657624168355,0.3480908233769864,-0.47287820671105674
TEST_03134,2.5762743048606023,1.3069504747373404,1.1394992960805177
TEST_03135,2.1608856086963133,1.0298644556126435,0.4445956203352355
TEST_03136,1.9822960876269775,-0.5563151182132849,-1.0052319306373385
TEST_03137,1.6256953617306729,-0.10847790937157781,0.217655125741648
TEST_03138,2.2620303051595574,0.6964532822698516,1.2522862549293605
TEST_03139,1.4463358507624633,0.14145507046556713,0.15568383244989306
TEST_03140,2.9991932555202725,-0.20713413510766823,-0.5031099553195773
TEST_03141,3.278267200998157,-0.11196387360242664,0.41370824125359384
TEST_03142,1.3436129468626619,0.3941488228382233,0.012542730949177322
TEST_03143,3.078126196731006,-0.9936955102839307,0.5300839906638057
TEST_03144,3.6213197737559777,-0.0071493949550184765,0.5782568590068555
TEST_03145,5.207429060562766,0.7385213405746898,0.30357245317809683
TEST_03146,2.7196924271578453,0.18167867613821578,0.7083018946756381
TEST_03147,4.3711546595889725,-0.5682266854743883,0.9626319907911612
TEST_03148,3.2902591865028534,-0.7273820200094723,0.7464225992617846
TEST_03149,4.3565654923548776,-0.8333265462603833,1.242448989785806
TEST_03150,4.205130880808702,-0.07828878324814306,0.5941993258930096
TEST_03151,1.2422607851375709,-0.15845291889451413,0.18694969296997677
TEST_03152,3.319563856699041,0.009793571026278796,-0.3142775031720137
TEST_03153,2.581100704056516,-1.48953258169123,-0.4611557317042831
TEST_03154,3.0580767004873426,0.4198953376608999,0.3208233428348879
TEST_03155,2.68733258885666,-1.0213498732284827,0.6957365993529372
TEST_03156,2.79449638406239,1.2653625600114604,0.3172969305237647
TEST_03157,1.7588881581065368,-0.2911969081046172,0.38980512249959354
TEST_03158,1.394423034086861,0.8757651421409446,-0.44301000667372314
TEST_03159,4.662225154178737,-1.6123369379521144,-0.9404093420034234
TEST_03160,2.6600795457585193,0.2620026667975749,0.35418728797976406
TEST_03161,4.597682323699122,1.2569419618796047,1.1188163985473856
TEST_03162,3.632776454739742,-0.31361280361264726,0.06271491831495124
TEST_03163,2.7772436021194404,-1.6029202899412767,1.2419693031951866
TEST_03164,2.1199355522930725,0.07652076169945506,0.9752309395026136
TEST_03165,1.8283533094988562,0.990019795291514,-0.12105107401886223
TEST_03166,1.9762256133508913,0.07935003172386478,-0.4366434113643935
TEST_03167,2.4929806681151545,0.37871150971901923,-0.610905753317437
TEST_03168,0.7964309853506376,0.32463283849573116,0.06870072804625044
TEST_03169,4.491498946610835,0.401550022222452,-0.0835166436622352
TEST_03170,2.845302084510914,-0.5660892680893573,-0.4709789738524659
TEST_03171,2.859452505004545,0.5030208764311684,0.7229384705077997
TEST_03172,3.785474961780037,0.4114893276527055,1.2405725102881109
TEST_03173,1.2044783982755276,0.38181459593896416,0.004066377881510423
TEST_03174,1.7951965061674675,0.9698075294301642,-0.4119646096132353
TEST_03175,2.5015690150118046,-0.22807727031068364,-0.506043373654462
TEST_03176,2.502070579689909,0.6800577827037546,0.05387490431914168
TEST_03177,3.8799209177792977,0.9029122131759152,0.472282945782033
TEST_03178,4.41317635091463,-1.0797416205335313,-1.0738744640286835
TEST_03179,3.78745703063305,0.5680711687607584,-0.3988613202775049
TEST_03180,2.467174956782722,-0.5041232352947155,-0.3773359871048208
TEST_03181,3.094610732761227,0.04674471201609218,0.5153115380646391
TEST_03182,2.250424484692901,0.5211334947813618,0.5255688348349028
TEST_03183,1.5120061329220322,-0.8230593265174393,0.29658701496743384
TEST_03184,3.433311552270171,0.3606590083732808,-0.36538758138418537
TEST_03185,1.8158241549413023,0.3147994585455183,-0.0757728653228599
TEST_03186,2.4893949445538213,-0.5354455750886717,-0.492020431003762
TEST_03187,3.3289406291815107,0.4139047768629415,-1.1041204471721324
TEST_03188,2.60071716246181,-0.8111650206248832,-0.10748132935218713
TEST_03189,3.821172224850211,-1.1932074307962965,-0.6938447096139716
TEST_03190,2.724592836816355,0.9391646387605094,-0.30910533337257784
TEST_03191,2.9156481518443047,-0.9033326647500909,-0.3272250363117246
TEST_03192,2.358360550744541,1.2209595493868715,-0.47340231914114683
TEST_03193,1.3793806632908796,-0.4218234707040475,0.26146576259737475
TEST_03194,3.2533616686347613,-0.2878096399525675,0.961819908364288
TEST_03195,2.248814975910361,0.4300849886408028,0.4071046954713114
TEST_03196,3.263521158503401,1.00664895525182,-0.33694858843496234
TEST_03197,2.600556919016635,-1.0911991411701722,-0.5231002997495335
TEST_03198,1.7065664456568068,0.3385741156265749,-0.5622152527864237
TEST_03199,4.608059164888435,-1.7381341427882415,2.0905783674587055
TEST_03200,1.2787184227861212,-0.19050755597188657,-0.3709428877845658
TEST_03201,4.973907021680834,-0.6416489379185165,0.7569441296341614
TEST_03202,4.68248503909116,-0.8963503679676944,-0.573159539403527
TEST_03203,3.7317475923306116,-1.6269382046694798,0.30204808517494536
TEST_03204,2.6789408835310526,-0.21601504863787782,0.0611029737045069
TEST_03205,1.3039667812657654,0.04451578868812868,0.07137251900442321
TEST_03206,4.264301866234419,-0.905612209283692,0.06258368023187912
TEST_03207,3.0504189178195733,1.0503842718075342,-0.15838692739747395
TEST_03208,6.404430621815542,-1.4377709829110774,1.6101956338080468
TEST_03209,2.9082696838899977,0.02716251487677871,0.25318001374338744
TEST_03210,1.6981841766057375,-0.46406211199615455,-0.016037158883955554
TEST_03211,4.0924161594046,-0.34284815371909566,0.7372571425412439
TEST_03212,4.193095828793658,0.5112614318375067,1.1323379044488033
TEST_03213,1.482206649322103,0.15767924215490933,0.2656239774078547
TEST_03214,2.147907707125157,0.1435181691056708,1.116020521734701
TEST_03215,0.9296190371854225,0.09493438054368128,0.16794723577480639
TEST_03216,2.42325577949839,0.6763996092097387,1.0268312181257995
TEST_03217,1.4354539044640637,-0.09134547107793815,-0.013396878997403251
TEST_03218,3.450255780749409,-1.0329957790977826,0.46478054063193885
TEST_03219,2.0633532264940464,0.9645965991870533,0.25685007207619176
TEST_03220,1.2060385890276961,-0.12879900102107258,-0.14145241909781783
TEST_03221,3.14150602722772,-0.19353487840949476,-0.10074383264680264
TEST_03222,1.433570768005228,0.28965224810973955,0.26543416614194454
TEST_03223,2.74845206031219,-0.5792128805802655,-0.005188566377599813
TEST_03224,1.977768423837191,0.6199047286858518,-0.32837393075886273
TEST_03225,3.5951393319141065,1.498638451759084,1.581130475595559
TEST_03226,2.112729897255041,-0.0649271624725195,0.05793847271847772
TEST_03227,4.161606990783713,-0.6863016463927207,0.643062785876787
TEST_03228,2.975412432068772,-0.5237575970309272,0.046734470824097325
TEST_03229,3.632337567206756,0.38833897858750543,0.512244719286798
TEST_03230,2.693204984739726,0.532948607287398,-0.06914687706180647
TEST_03231,3.261753835349756,-0.3411624244815887,-0.13571062770554843
TEST_03232,3.2211499641100634,-1.4336804975800166,-0.12877426394577735
TEST_03233,2.3347327828876634,0.03409472598831227,0.4880689047304993
TEST_03234,2.4827532586607433,0.29663184538157455,0.08714440836475185
TEST_03235,1.0922778714054404,0.3447628894997274,0.004456313321524715
TEST_03236,2.632397574344701,-0.5126416524561027,0.6376519787711517
TEST_03237,2.431790358181083,-0.23716334875856537,0.5321936516012555
TEST_03238,3.2720974985492197,-0.7547099104722492,0.8628845784484379
TEST_03239,4.548098133238916,0.6104170127551952,0.46684490831675385
TEST_03240,1.662012719173228,0.7139044104179374,0.18967041774468907
TEST_03241,4.987903206582176,-0.6624177301757451,0.8965496427753119
TEST_03242,3.620848804040963,0.6071191941734398,1.1139474408994752
TEST_03243,1.5416600097514703,-0.30864809387078396,0.01223023219387714
TEST_03244,2.8714253461461197,-0.8058102458309896,-0.24178434667480417
TEST_03245,2.6137477663180495,1.1689154597326488,0.9502668199846671
TEST_03246,4.4688745241229855,1.3744378477953645,0.050412210213995015
TEST_03247,2.343233536736288,-0.25186613911905287,0.4961955165733072
TEST_03248,0.8780282755363291,-0.8978520604402186,0.20816331113702832
TEST_03249,2.8730490251176914,-0.11834135856542147,-0.37132221867920334
TEST_03250,2.3339905407273225,0.6118496957239592,0.0553354907565069
TEST_03251,3.0638108498353565,-0.06971323123455292,0.1991640841738142
TEST_03252,4.22109912367542,0.8764930333144932,-0.9620868029635756
TEST_03253,1.610292349258943,-0.311805264753117,-0.19148590077021496
TEST_03254,1.756102445138935,0.9883305511578279,-0.5560193476846507
TEST_03255,1.8287863703365719,0.6443101655286666,0.24645047915423057
TEST_03256,2.7558147083449134,-1.0190970519008917,-0.8172976074889455
TEST_03257,2.879283390575591,0.49370901407361556,0.735276416541352
TEST_03258,2.4337661328187155,0.17983537763094418,0.8979124797740334
TEST_03259,2.63323480262603,-0.748559566824433,0.18346424774340359
TEST_03260,2.4151568494192825,0.1395352721462065,0.8215142484275925
TEST_03261,1.7005909274781232,-0.1212743370789441,-0.03817668424623144
TEST_03262,2.12088249846913,-0.40028445122352324,-0.582879996952744
TEST_03263,3.8321393302497073,0.18974205905792882,-0.7755535871551009
TEST_03264,2.6625727441270515,-0.18811395841529008,1.0055468439740485
TEST_03265,4.921239168096958,-0.8199126696517691,1.626835535943914
TEST_03266,3.3558845989427373,-0.49033137117029396,0.6628173662536396
TEST_03267,3.452334077399593,-0.22105670610626987,0.10846224773766065
TEST_03268,2.7101972718056775,1.0852938577939557,0.7466257430472949
TEST_03269,3.216401721142577,0.005327784728107201,0.09569699834660697
TEST_03270,2.673844044736577,1.0734215355298249,0.32611623525474426
TEST_03271,1.331484888981605,-0.2913364605997135,-0.06352605668013292
TEST_03272,2.830085429061418,-1.031876667388072,0.13241879952741875
TEST_03273,2.869390401129595,-1.0462345100454038,0.5915575908850607
TEST_03274,2.4559109223373126,-0.0037647013559449537,-0.19639339280836934
TEST_03275,2.563846335188197,0.8078042987726958,0.1931106374590331
TEST_03276,2.4401147013174347,-0.24165988388251394,0.5699281161720189
TEST_03277,1.6216265480048462,-0.7054680771622112,0.19729454129176047
TEST_03278,1.4582843455155752,-0.3108501428761925,0.1105582711204556
TEST_03279,3.989677949772272,0.4077676213360911,1.6666234117792929
TEST_03280,4.956911942031406,1.3980091788285625,0.6688887578798159
TEST_03281,1.8936750747106046,0.9547988351156035,-0.49191812450840866
TEST_03282,3.0245762586498834,0.8160123239447599,1.0951841795946748
TEST_03283,2.907211424405468,0.5863807123033316,0.4063794227822146
TEST_03284,3.1942892942732426,0.6279369727157758,-0.434984784605398
TEST_03285,2.0605442503935505,0.9347733672849675,-0.11344936577749008
TEST_03286,4.193299375280693,-0.752711376885755,-0.26235342513160065
TEST_03287,2.502913765506443,-1.2998812564345197,1.1727199433211999
TEST_03288,1.8791391956339187,0.6209186350959243,0.2578918877366991
TEST_03289,4.402424217953752,0.24055305387461506,-0.19313602230699872
TEST_03290,2.0861599117968352,0.23646451027350518,0.21916672583734226
TEST_03291,3.3275456368011342,0.16405362770528012,0.7623202170069957
TEST_03292,1.5827453435887453,-0.274604281022223,-0.017012273526329197
TEST_03293,1.5652110730008097,-0.5238022743116045,0.19006728335250012
TEST_03294,1.3265834140444666,0.916756571750034,0.30067691809922376
TEST_03295,0.9214517720087727,-0.2762653930559737,0.1934495905705191
TEST_03296,2.7729369515649154,-1.1551408250294286,-0.0625861580821963
TEST_03297,1.9277686128698588,0.4339174988002106,0.42357311700773387
TEST_03298,4.075202037405366,-0.49665151622081555,0.8504480131544684
TEST_03299,1.8942114557137795,-0.6800049227917757,0.33526861671496694
TEST_03300,2.73522570140961,0.23464048882964944,0.7049661426162529
TEST_03301,1.8551918049594134,-0.4588177232410336,-0.260696849267553
TEST_03302,1.6872533556415361,-0.19852687942728822,0.2184991966659386
TEST_03303,2.5906763603923806,-0.7397812763022598,0.5525040052839997
TEST_03304,1.8937420171506334,0.18428774386503305,-0.34891108668296683
TEST_03305,4.888142914122104,-1.7201444645498811,0.4080533261098543
TEST_03306,2.384477854767743,0.31933139927449045,0.7282417521192546
TEST_03307,3.0277075702740777,-0.09531915178437532,0.6004479240976289
TEST_03308,3.131898493432528,0.1504716492952555,0.16500030385023007
TEST_03309,1.8713707887259856,0.4802263274658527,0.10448780556080545
TEST_03310,3.6445810984403124,1.0551449074939057,0.5342289739411066
TEST_03311,2.6150550497314686,0.15308608576818925,-0.09026794565384359
TEST_03312,3.496254285628916,0.4064399557699852,0.707185171843261
TEST_03313,3.2012586694393503,1.348708840405986,0.22822216875966128
TEST_03314,1.3258982904533356,0.11953263785324189,0.12398313651735568
TEST_03315,2.009734185114274,-0.6580660377489501,-0.6919119758856231
TEST_03316,1.8919959153244106,-0.4725036222633259,0.23762007790778364
TEST_03317,3.5713087434491286,0.036759833892043764,0.27835344524600514
TEST_03318,1.4748114512383776,-0.36536264341918345,-0.19419003813753324
TEST_03319,4.539004945667975,0.6706924022545268,-0.22921828408809208
TEST_03320,2.340117686301766,0.7274502450891306,-0.10106819187422497
TEST_03321,3.4483155192058614,1.9334538130946788,1.211584334190596
TEST_03322,4.493228933940752,1.4259305439482428,-0.29005226715763194
TEST_03323,1.4532320579451703,-0.7398720514575933,-0.23549913680137594
TEST_03324,1.4170531702934077,-0.15667691838100503,0.15879596622930708
TEST_03325,2.349702898320627,-0.6741877015530308,-0.29543783775225
TEST_03326,2.8606407952437425,-0.7035992947677033,0.21972319457477987
TEST_03327,4.433502912096459,0.7121314366118041,-0.4456069824253105
TEST_03328,4.987241484183478,-1.8693474925282927,-0.6536665367405097
TEST_03329,2.5002949975900126,-0.06170744268844724,-0.668988952755139
TEST_03330,2.2857459116621683,-0.20389303306920994,-0.5640572616524768
TEST_03331,1.6426689663107965,-0.32087717174583597,-0.21114899756650526
TEST_03332,2.2259243865610423,0.11562540742605762,-0.29268636585467345
TEST_03333,1.2119079823967063,0.41353269721294733,-0.004358452623983788
TEST_03334,2.8992136028518143,-1.7616261248151088,-0.8948478273161281
TEST_03335,3.894329479577911,0.27280573360732374,1.2496128946800942
TEST_03336,1.159538329902491,0.3356908081507757,0.0934605690399724
TEST_03337,2.0296132457950575,0.24717933032092657,-0.04223837676105681
TEST_03338,3.8842544172230804,1.2731643630789156,-1.1846507667793587
TEST_03339,3.881096263994161,-1.0868440338596315,0.2910569279374779
TEST_03340,1.8001626332516392,-0.0304328763612753,-0.32965617450089674
TEST_03341,2.465473190917444,-0.39906128328890716,0.8242721894559332
TEST_03342,2.0851374817678083,-0.2850290762091816,0.13069109434085024
TEST_03343,3.196662890324959,0.4501624930133434,-0.5693159058588204
TEST_03344,1.390513945308794,0.43216371378410107,0.6197198062433786
TEST_03345,1.7521197465179394,1.2351908470327528,0.6488108347539974
TEST_03346,1.5161083865059055,-0.2989780612148436,0.48370820160971617
TEST_03347,1.3274915981536837,-0.2036821336064765,0.12688406062056182
TEST_03348,2.772853373793482,-0.6534525176117678,0.5767002506015465
TEST_03349,1.4167387116668495,0.471597380192885,0.22121947013318816
TEST_03350,2.6290602337797564,0.8373757733807591,0.5662944855112397
TEST_03351,1.9693829195337726,1.1294850319519494,-0.3511285928628599
TEST_03352,2.8165801696102712,-1.2853172768516599,-0.7901912415703414
TEST_03353,1.5826192960473968,-0.36017107547038907,0.012898358594310308
TEST_03354,2.500824774870147,0.3998495945817326,0.24310405772729685
TEST_03355,1.8021982316198972,0.21632274349013522,-0.3231154397597111
TEST_03356,2.751316493070767,1.7558050640817664,-0.597153089543375
TEST_03357,3.2411728514720055,1.0478842660991117,0.4171835212307371
TEST_03358,1.3226492098015978,-0.6213147398208246,-0.5105246157580844
TEST_03359,2.4912958540572308,-1.5470436569825872,-1.4750293760546105
TEST_03360,1.2789782082154078,0.8863337214981214,-0.07790307042835391
TEST_03361,4.23718771295001,1.4433071623165232,1.0059740581638341
TEST_03362,1.4812775024660614,-0.5161060476683157,0.13091036134832854
TEST_03363,2.9083193623388444,1.4827826194239535,-0.316745517248495
TEST_03364,2.538573034228218,0.5586215214482265,0.8607071005401862
TEST_03365,2.107487289099791,0.08469261220296738,0.08918117718379714
TEST_03366,1.8790650843199557,-0.16120279241553648,-0.30880499572350056
TEST_03367,4.105122442836289,0.08224762930009111,0.1505883985254014
TEST_03368,1.4054237769863018,-0.09201654039818315,0.7020345613662041
TEST_03369,2.358568979853551,-0.13254569907969607,-0.0873349598709314
TEST_03370,2.0316797323944256,-0.2662312138857242,-0.0564042057384329
TEST_03371,3.0706388006681844,0.2618938452307564,0.05081193734481179
TEST_03372,4.013079935377906,0.48315834430198135,-0.21606255014014175
TEST_03373,2.3854427111543943,0.14008232288239417,-0.27544925426922295
TEST_03374,3.2051631164184347,-0.44853661162173286,0.6966607644020656
TEST_03375,1.2278788536631824,0.08045953578178373,-0.11617793775987457
TEST_03376,3.114807212378695,-0.7125343268683616,1.6975978878964297
TEST_03377,4.000720367329489,-0.8640218895374886,-0.06787980863147212
TEST_03378,2.898533436171565,0.7436796049981539,-1.3201423609471141
TEST_03379,4.1621627419178555,1.8309144902741779,1.3507328214315926
TEST_03380,1.3158589044230995,0.07171147161898349,-0.1894003178853588
TEST_03381,2.644547230550239,-0.3159180040531714,0.1934898038265293
TEST_03382,2.097171809742872,-0.12025931139738867,-0.3197171962242021
TEST_03383,1.686801000422252,0.07497294256239313,0.5868383729642592
TEST_03384,4.026779445796128,-0.20703029058259828,0.14379070812951708
TEST_03385,5.612271616267429,-0.9955389956355557,1.8104847903872343
TEST_03386,2.2399405561424213,0.19741044454848955,0.8945522316094929
TEST_03387,4.082498480799003,-0.6041878810162954,-0.5618517443798615
TEST_03388,2.4595935805011733,1.3420534379604123,0.24860200054095444
TEST_03389,3.2018914107625505,-1.7850639690473655,1.1811167785005467
TEST_03390,5.266971870031504,-1.746609027473545,1.1303473906769181
TEST_03391,2.4512916794679387,0.38249541583097196,-0.1897116624825057
TEST_03392,2.5479476994120054,0.9986232404394314,0.8049939074785485
TEST_03393,3.293606592494009,-1.8407349543671727,1.1070357109209583
TEST_03394,2.3230863393120345,-0.6531684236160578,0.40683245682443064
TEST_03395,2.328883268326665,-0.7589301042117009,0.6488893573418256
TEST_03396,4.005439786251718,1.4459358986575843,0.07496214003882598
TEST_03397,2.4550162413357306,-0.856554461296209,0.1407699554496066
TEST_03398,2.9773975303368014,0.019659381382658738,0.7746998515890992
TEST_03399,4.813025027958483,-1.0718267705611897,1.6756926270294645
TEST_03400,4.529290899522282,-0.5620288490166583,0.5851690451717607
TEST_03401,3.2728624154496164,-0.6303590664594598,0.5195511647078531
TEST_03402,3.0755811817685315,-0.1938640742676245,-0.6441906044592502
TEST_03403,2.315546030587395,0.7031567440244594,0.9900188073188563
TEST_03404,3.214856310281411,0.8892094690236748,0.057136243835782044
TEST_03405,2.4740977628766037,-0.7927316497334472,-0.34165494012432757
TEST_03406,3.3596349260360903,-0.1559811816104195,0.8554673401889166
TEST_03407,2.418423816493605,-0.36331299469373607,0.2749159954157884
TEST_03408,5.6382332839069464,-2.3582993176560203,0.7191186687626542
TEST_03409,3.3724094836458685,0.22442748628387252,-0.19231809946282213
TEST_03410,1.8398130975650506,-0.21072011896609605,-0.2353492741803525
TEST_03411,1.0254578502753335,-0.011107544162145199,-0.17600896657176743
TEST_03412,3.7179925070306616,0.6254635643191608,0.3884924853556082
TEST_03413,1.062761127126111,-0.3378235164327107,0.1400838886606881
TEST_03414,3.66644580579237,-0.4853026121814492,1.7979625909741088
TEST_03415,1.018384731106954,-0.4163459898005199,0.07293382815670987
TEST_03416,1.3649187585427793,0.3382789943869195,-0.16472042774129145
TEST_03417,2.8255941405167313,1.2690729485922072,-0.2439654412353138
TEST_03418,1.092297297840368,-0.19952939480169837,-0.26942033724041653
TEST_03419,3.0255243798160447,1.3984444808410672,0.16589096674513937
TEST_03420,2.4648331730692012,-0.5830653497231169,-0.20753438303761884
TEST_03421,3.3112988377919708,0.17598690735621808,-0.27518555903152714
TEST_03422,2.354700683800573,-0.1056207655155896,0.20561291887707148
TEST_03423,1.821569825310575,0.7855747664679896,0.5410341613862405
TEST_03424,3.1205573941617293,-0.06740608783046614,-0.4508799300074585
TEST_03425,3.856039382686185,1.1308514617218661,-0.26562394790920296
TEST_03426,2.8953917580148993,-0.22085759976459748,0.513217428403675
TEST_03427,1.9490629912810082,0.26771374772926754,-0.3665252386802636
TEST_03428,3.217652592606733,-0.327694392778093,-0.25437199436088087
TEST_03429,4.1998528102391965,-0.0780553243217392,0.09716795010830778
TEST_03430,1.9019776586140593,1.0026132554556608,0.0496292279984518
TEST_03431,2.8139640249657574,-0.9116595445502313,0.558109364645321
TEST_03432,1.699881005769413,0.7190236955948326,-0.07606698701905162
TEST_03433,2.8881515182451523,0.45815484816725904,-0.6010380735079414
TEST_03434,1.2665201453027046,-0.39922715669002684,0.02768274672839939
TEST_03435,2.2640158543782345,0.07006668178203981,-0.1963151476882607
TEST_03436,4.433067648323877,-0.18507321854262443,-0.033522832249985035
TEST_03437,1.2180196162681016,0.3211555194619896,0.3233125790045786
TEST_03438,2.7185895292942264,1.3283433780983054,-0.3256931986724533
TEST_03439,5.853634736767229,0.8705012184046447,1.2379339522960098
TEST_03440,3.693950645696792,-2.002095323599145,-0.8930400943614122
TEST_03441,4.214507723316953,0.2457975625141556,1.330905498350881
TEST_03442,4.413554531559513,0.02885686112602243,0.5627133980465406
TEST_03443,0.9787027418314965,0.4210016993277171,0.3514457269766234
TEST_03444,1.9462167307195515,0.3198313034642376,-0.29019226176253315
TEST_03445,2.1641146498174093,-0.48525065668937156,-0.27348549785630516
TEST_03446,4.807731608979624,-0.6020848606957827,0.9470276221077077
TEST_03447,1.8731923541782431,-0.9721027653294373,-0.24564471655396408
TEST_03448,5.303629728758171,-2.5086172036987966,-0.9380734694835333
TEST_03449,2.184993288695111,0.48716864762123796,0.06678510630940254
TEST_03450,1.0172725757891494,0.4474725446865921,0.2635466679587395
TEST_03451,4.22461624360117,0.5120228127834264,0.25123866351329516
TEST_03452,3.2090437328000636,1.2640559809816425,0.3832631165326362
TEST_03453,2.2000566834160424,0.5365859175940828,0.08006303971452551
TEST_03454,2.921380008613309,-0.2162159022631702,-0.28133844458312574
TEST_03455,3.6687632592566763,0.7940706521113978,-0.4505388291668083
TEST_03456,2.078769238833708,1.2305519558373557,-0.9371985189949328
TEST_03457,3.338015590616903,1.0686130711400574,0.1647722087096639
TEST_03458,5.4544663923705885,-0.36770286936051727,0.1390347854010423
TEST_03459,1.6661772014964193,0.20377474098274,-0.15206830439279315
TEST_03460,2.9261062944084673,0.7380859663300108,-0.07433477144509287
TEST_03461,1.4512494728247354,0.04259405096902522,0.02651975386877773
TEST_03462,1.9641037548849494,-0.13783606731192652,-0.436925293864824
TEST_03463,3.2779506686492264,-0.24270184451391683,0.09784082473473638
TEST_03464,1.4065870691728952,0.4470512012998325,0.5867319081853573
TEST_03465,5.936526219383332,-1.7892837679768738,1.7333428729303568
TEST_03466,2.7878524876253628,-0.37513598798893255,0.7932144789851495
TEST_03467,1.799056963825558,0.42357692656002743,-0.30542386645096353
TEST_03468,2.964159414549099,-1.1440631775600816,0.8888121436795234
TEST_03469,2.2284917178685366,-0.2571049512881901,0.5874612678201951
TEST_03470,4.734482509671888,0.6204836595688349,1.6552692565384086
TEST_03471,2.081110666122422,0.4675797493678149,0.03048787467471498
TEST_03472,2.2451066382219023,-0.18220211696627342,-0.620272736305693
TEST_03473,2.7279916609194483,-0.7145063609905161,0.06824268160400053
TEST_03474,2.699607767968477,-0.09320791398199021,0.06190765659376864
TEST_03475,0.9178425654879196,0.1693802352670122,0.09246958377012737
TEST_03476,3.420733986193633,-0.7555101386421509,0.43121400245120634
TEST_03477,1.9633482363939316,-0.4622416756668826,0.13794142711078844
TEST_03478,2.9406467881453824,-0.502415074396147,-0.35786289467661797
TEST_03479,4.859715379439036,-0.6242595588600729,-0.26973806277834017
TEST_03480,1.660353839922091,-0.18352753894497192,-0.18238790383613107
TEST_03481,1.2088706694334044,-0.9426262500340619,0.06655584445276162
TEST_03482,4.545863179090797,-1.5884981481453215,-0.32296934266687166
TEST_03483,4.173927233903085,-0.3845557784663936,0.010562946747094298
TEST_03484,1.7093222701151514,0.3074742149822986,0.3128127719534278
TEST_03485,1.0994714520010442,-0.1846534331997041,0.24065731968997728
TEST_03486,3.6483649869050527,-0.8441569396376227,-0.6157301533936246
TEST_03487,1.5959007948012283,0.17569142445651145,0.7304071487004499
TEST_03488,5.15707589825104,0.9106246240893784,-0.18719347704820263
TEST_03489,2.121704525221259,-0.10578364814279155,0.19187368820511486
TEST_03490,2.7021079952964135,0.12487316714048319,0.11498473485954443
TEST_03491,2.5361194662898945,0.2117497324974645,-0.42518984169123014
TEST_03492,5.051199181436356,-0.9946258128711548,-0.5574066891463907
TEST_03493,0.9853567889158639,-0.3247610608456713,0.05994776492222803
TEST_03494,1.456594432071646,-0.48428026697472487,0.2283361463614511
TEST_03495,1.5072642982555158,0.29351105126438937,0.09494119275756574
TEST_03496,3.091958857564087,-1.2236489604661656,0.3117689261796798
TEST_03497,3.751865192906881,-0.3612546404425074,0.11511129827217782
TEST_03498,1.0738730183904837,-0.6609763430558938,0.48618895268581264
TEST_03499,4.014833337225106,0.418760577928056,0.33947052187770116
TEST_03500,2.5227620557843204,-0.5553022281996408,-0.7887947756309547
TEST_03501,3.5418081338625016,-0.46358967175059373,-0.6127566900606674
TEST_03502,1.8716501371450014,0.5811437537458978,-0.42917536947979074
TEST_03503,3.0783255865691515,-0.43852879256090843,-0.23111919851363746
TEST_03504,2.704108561928789,0.23443449308177422,0.19629527895664362
TEST_03505,6.065131302363368,0.595774189925368,0.9658458296282739
TEST_03506,2.3604396715766764,0.18129003070690997,0.6222566131758788
TEST_03507,2.5314824849620328,-0.11506826316548022,-1.0360307652983327
TEST_03508,1.7414684222167618,-0.5746356459882579,0.26176656223651673
TEST_03509,4.483078440958667,0.7816113853732181,1.0782555400948852
TEST_03510,5.182534175345951,1.133906518615724,-0.8886022830643073
TEST_03511,3.532325600179207,-0.7766168879065579,0.2742471213203698
TEST_03512,2.3047717681824387,0.3372237028100147,-0.3134638703003147
TEST_03513,3.2060609964113223,0.18344852445256593,-0.5724526850359603
TEST_03514,2.9688300882010283,0.23770343492543125,-0.749864566386166
TEST_03515,2.103099305240435,0.40694810965963624,-0.7474890005558423
TEST_03516,4.458706291457998,-1.0611569321079402,1.1762021942812748
TEST_03517,2.7724709270843158,1.386992328386096,0.2019057744105342
TEST_03518,2.5583912278712337,-0.59245996433789,-0.41026511244012925
TEST_03519,3.0503339169720762,0.022770908966556615,-0.7089314234808564
TEST_03520,2.328328260178004,-0.06787001798699997,0.4596540599233158
TEST_03521,3.340279051274402,-1.736253346226394,0.5002461122734823
TEST_03522,2.83640257188671,1.0220687588830046,0.6440328405578271
TEST_03523,1.8566253583261345,-0.9505963194471325,0.21457143984595198
TEST_03524,2.8439461755707582,-0.9409941934275731,1.091269259990479
TEST_03525,1.0511895047976998,0.037200009073018,0.03145250737242564
TEST_03526,3.4940780626407606,-1.0330789793086284,0.5494909497131342
TEST_03527,1.0808303374993629,-0.1913679095496753,0.3176296779947098
TEST_03528,4.778170783887377,-0.834880351002004,-0.9178455947872768
TEST_03529,2.8170486065727025,0.45852013151649446,-0.27544116961808807
TEST_03530,2.8411290392701534,0.12027301253067665,0.4008836087541589
TEST_03531,2.7849091668810155,0.27289994249114474,0.7178123968670109
TEST_03532,2.7517620658873874,-1.1194970641239024,0.9152519758288168
TEST_03533,2.6393015798353416,0.014161336883661066,0.15433380779996547
TEST_03534,1.3521009276163938,0.14344304730234997,0.3415352950540847
TEST_03535,1.641735466318038,0.10866839580896785,0.12919788245602198
TEST_03536,1.9124143192583032,-0.2707335893660467,0.25968538281225306
TEST_03537,2.2702000091782333,1.0027013405010912,1.2106921097165788
TEST_03538,3.7869041535661467,1.5974877859590635,-1.3581887471258638
TEST_03539,1.7587067497837863,-0.7274412338875346,0.17229569653744944
TEST_03540,2.291330394694306,-0.05207705474008129,0.20023776151535932
TEST_03541,1.519362764821507,-0.6725555568168491,0.09444912882047095
TEST_03542,1.5352831940825722,0.24704061668946758,0.21728481875611158
TEST_03543,1.7845628820698511,-0.07550575212670432,-0.5888949109845473
TEST_03544,4.023967185396128,-0.9432429440062492,0.19661767055771062
TEST_03545,1.2348670263004424,0.22052837164744152,-0.2163810051483346
TEST_03546,3.010510814488029,-0.7003176755723427,1.0895702367952194
TEST_03547,2.6823093367360697,0.4633411142130023,-0.616213742018113
TEST_03548,3.470940353618352,0.334732025171919,0.2538019840385364
TEST_03549,2.9809441107175645,-1.532454598375756,-1.0943250591584877
TEST_03550,4.838821855987684,0.22767660708113935,1.4101768884684291
TEST_03551,1.8418288781936074,0.1176581729961887,0.3456078854563883
TEST_03552,3.42747292083619,-0.49095718454008896,-0.15494328106152094
TEST_03553,2.3554174028514034,-0.7109573819154305,0.3718876080251886
TEST_03554,2.382582290241626,0.3062677614912852,-0.003891897293893832
TEST_03555,1.1692727556280138,-0.43890421675159186,-0.12447049896341549
TEST_03556,4.509965559266041,-0.9589004633132583,-0.034393973430113946
TEST_03557,3.4252343511036263,0.29263922295104766,1.009093858192761
TEST_03558,3.6102764452527234,-0.0909125726008759,0.6927045503965207
TEST_03559,3.643166349243099,-0.07913163233468982,0.15899829883264452
TEST_03560,2.352418256760623,1.496609399186014,-0.6608204997998829
TEST_03561,5.000935206424938,-1.8507678446573974,-0.23886899944305862
TEST_03562,4.548033427539374,-0.4286178121511449,-0.16249425623584748
TEST_03563,1.243614327276079,-0.49879452687687237,-0.2743177930562962
TEST_03564,2.632943185575988,-0.02788332861056454,-0.3694388345301061
TEST_03565,1.3197922313911117,-0.10604974255933679,-0.25828995780476727
TEST_03566,1.3265324589757583,-0.048218322986169106,0.24050392475259735
TEST_03567,2.2968974831158597,-0.0451411320570403,0.28447564418074245
TEST_03568,2.211759234896258,-0.4922622148221998,0.16478017965298103
TEST_03569,1.1994477346318588,-0.041860709541681924,0.12085161370208661
TEST_03570,2.0335954755169907,0.4194795314420215,0.05803085860803193
TEST_03571,2.2214335923163526,-0.14972875592120924,0.2967141079054112
TEST_03572,2.6928726109193515,-1.3733420872676156,-0.566551163097645
TEST_03573,2.615982049624193,0.6027920854375933,0.43705201392949916
TEST_03574,3.046296043749298,-0.8576793093763164,-0.2548512546916399
TEST_03575,2.3631909133284816,0.6604204739811872,0.43226270639771813
TEST_03576,1.178562760924082,0.46493795594199594,0.1612289472726018
TEST_03577,3.2875546255929486,-1.947122292777773,2.137338378639406
TEST_03578,3.9938297176710007,1.2120418632524281,1.6006168592577508
TEST_03579,2.2144639705483757,1.0909762106931784,-0.34776352165298685
TEST_03580,2.9983703623513667,0.033497155321466146,-0.950897403653909
TEST_03581,1.1773679043546588,-0.5887955452159729,0.2764887048498147
TEST_03582,1.269877840011541,0.2358628933386452,-0.14933695185476725
TEST_03583,1.888365094637096,-1.0605748886654034,-0.4344287754746926
TEST_03584,3.8384985416323074,-0.5888131401790313,-0.11866607108200468
TEST_03585,4.176940761205961,1.5760729236498496,1.3175940972734632
TEST_03586,1.9201574636207033,-0.40433804543104307,0.1288919398451447
TEST_03587,3.2376809237635626,-0.549384090359897,-0.40618639517644567
TEST_03588,1.8125091618718625,0.11398826726682715,0.20835700055651385
TEST_03589,2.9582091553780554,1.7130587448890122,-0.7842141245065387
TEST_03590,1.7128262116136619,-0.38101133370624407,0.0013065889799422654
TEST_03591,3.0949314473579506,1.024917069188599,-0.5672919360175186
TEST_03592,3.20706488627457,-0.8910626089883839,1.7748439499591624
TEST_03593,2.6269075959257155,-0.8687667309721528,-0.28040407747193047
TEST_03594,1.4804128902348757,-0.13075593958482212,0.18181620581438515
TEST_03595,1.4561531500707403,-0.45352166101997105,0.4190409556682857
TEST_03596,3.590194085738197,0.9457318112870071,0.755980393496113
TEST_03597,3.2028619220334855,1.1324964312659256,0.3006744009905377
TEST_03598,1.851919977829565,-0.46416703470839626,-0.6933850805194954
TEST_03599,4.278502855856487,-1.636229698276801,0.7398187221421502
TEST_03600,4.0642472433233765,-1.0853325581723643,1.120820468814169
TEST_03601,2.3862285896893387,-0.1191228952585376,-0.701812845121737
TEST_03602,4.060367223923897,1.7217977999864862,-0.8931207203164703
TEST_03603,3.52370125910954,1.010364205650433,0.8143893499874922
TEST_03604,1.7949822229729113,0.013694545806782275,0.23153721009921435
TEST_03605,2.448330252909763,-0.8210224109604898,0.47956253072674554
TEST_03606,3.2159148451188626,0.033848105708519774,0.3173801298912521
TEST_03607,0.8075896680110477,-0.34976428384729,-0.1874413067953487
TEST_03608,6.288099446536535,1.0490450583769255,-1.1508252763990279
TEST_03609,3.6442386765386696,0.5184443449108297,0.22129207097586123
TEST_03610,3.005843645402521,0.56581455909502,1.1819910816436145
TEST_03611,3.4637805288568067,-0.07101409762085632,-0.029249552493799888
TEST_03612,4.788857271881227,0.5022822526898564,-0.056801638657382705
TEST_03613,2.44691207022972,-0.24325445383173688,0.08197292534164008
TEST_03614,1.642173653809648,1.2054480167839468,0.8083632986602189
TEST_03615,2.588153134522188,0.8166957116698822,0.4968353939920518
TEST_03616,2.744393534267125,0.24310497489011448,-0.1876517901101717
TEST_03617,3.9106998528149237,-1.6352086328881572,0.4553462412943051
TEST_03618,1.0653197600706088,-0.2717531566696959,-0.39090913378980535
TEST_03619,2.748424278141819,-0.2925924346748364,0.06869987513707362
TEST_03620,1.6231536758648786,-0.7430459410714512,0.2744207452084341
TEST_03621,1.746719569065445,-0.6909599287611091,0.3586537545244407
TEST_03622,1.6683830326673348,0.2180579826077972,0.31063522651360126
TEST_03623,1.196233085145614,-0.4296718007226694,-0.45821794512346004
TEST_03624,1.8826575129382817,-0.25152604230728637,0.6206261213054011
TEST_03625,4.880906151455363,0.14286270436191031,0.23179092703955206
TEST_03626,1.648430069637874,-0.3003073859248467,-0.25980039997168886
TEST_03627,4.5641257193482,0.3238191163743378,-1.2648589890283706
TEST_03628,2.8077614793375685,0.6916344518198281,0.36939598139559987
TEST_03629,4.504968866396139,0.6380613559602949,0.47362016034337817
TEST_03630,4.711054961727997,-1.8206849466835378,-0.9869717842730905
TEST_03631,2.3896480266073747,0.022088736455515852,-0.19981816534874067
TEST_03632,1.7444089914003154,-0.06982577106567625,-0.6885442325289972
TEST_03633,2.4460008598178087,-1.0056648000730344,0.6850941790821634
TEST_03634,3.0450875284564107,0.6096498787628758,-0.9281179149789093
TEST_03635,2.437410266276173,-0.9992802434644176,-0.5374472532381808
TEST_03636,1.117754505481302,0.6673085834198671,-0.41199437724827964
TEST_03637,2.0904669191317513,1.3503815746521233,0.2859289869986139
TEST_03638,3.4468649619409044,-1.6083086293287192,0.5778490709707623
TEST_03639,4.874259440434017,-0.20617346691997052,-0.9011649473258566
TEST_03640,4.840890950782392,-0.8087540531047973,-0.8674658069372095
TEST_03641,1.9470720388599945,-0.49399838142415686,0.10180851916177443
TEST_03642,4.695825971595767,0.05111825202217952,1.6094024333819974
TEST_03643,1.3293454151016089,-0.1703417413362444,0.287144577274558
TEST_03644,1.4866047183068514,0.469235530273465,-0.24023258030227684
TEST_03645,2.7248003424231286,0.6958080498180457,0.9138355759192319
TEST_03646,4.869422892031947,-0.37617555814550657,-0.6006120771902516
TEST_03647,4.11533960148909,-0.268243794108086,0.43210157624017953
TEST_03648,3.0131472718181205,0.7212705971321453,0.12415310540937279
TEST_03649,1.9115708054520502,-0.3523022654318564,0.24331782511985597
TEST_03650,2.367045950471153,-0.14134493945366908,-0.03438488734780999
TEST_03651,3.6666553648466578,-0.30032698981135403,-0.41235608720272254
TEST_03652,2.4916423209890253,-0.32011045148057327,0.5172104063451329
TEST_03653,0.7893980962603077,0.1947026116825074,0.17838118896138144
TEST_03654,2.5077085466918256,0.5283329722256129,0.924488262373886
TEST_03655,1.475781411955934,-0.41535361863463627,0.382901411992429
TEST_03656,2.817662978898195,0.3891294701706786,1.1222849129063273
TEST_03657,3.0803521486050807,-0.6987545364843357,1.5445658837202256
TEST_03658,4.674026442663438,-1.0423440483798136,-1.2074016502816258
TEST_03659,1.8374682491824061,-1.091287109693959,-0.5027630192429504
TEST_03660,1.193044723138342,-0.07521051994741332,0.2313104815992942
TEST_03661,2.646120852817212,-0.3156168886929965,-0.0598202991978545
TEST_03662,2.102023041826124,0.3222517918490357,-0.5809635227335068
TEST_03663,4.256071508963694,0.36410425369559857,0.4848957983253805
TEST_03664,3.577756744814432,0.032548081451573195,0.9048709676268281
TEST_03665,2.3856130280884846,-0.15221383284923173,0.6880510942053097
TEST_03666,1.6198199022608228,0.03952126357746926,-0.023951134371596655
TEST_03667,3.869736580082023,0.48910724226440255,-0.3208464010677892
TEST_03668,1.6107634681623202,-0.16561589373560923,-0.02130383767128528
TEST_03669,4.054594026083163,0.21970071948512337,0.20423430918367436
TEST_03670,4.326506722366867,0.5759820797169899,1.4032089905398069
TEST_03671,2.483598182508651,-0.12272480153288205,-0.04548881268812909
TEST_03672,2.0392984779691417,0.6457036613970594,0.9535054127000215
TEST_03673,3.5621557651156053,-1.6064785027705706,-0.18157351534195984
TEST_03674,2.51919916959122,0.38330846165834226,0.033244041081348104
TEST_03675,1.2645752164327424,-0.25821689074494364,0.43487632601360254
TEST_03676,1.4091378532062986,0.16630715410424313,-0.11693597694994387
TEST_03677,1.9281285174543163,0.19540895691272164,0.523646561212048
TEST_03678,3.1856193619257906,-1.8926810735383433,-0.742313228375272
TEST_03679,4.8254166907142135,-0.04638310880488369,-0.14833309703301822
TEST_03680,2.0960590488194324,-0.4697232935894535,0.4301957135847123
TEST_03681,5.151845190615694,-1.621444357341186,-0.5535449872831646
TEST_03682,3.626142465429676,-0.27986896281218926,0.553921286258729
TEST_03683,1.97377235127307,1.7446013544207266,0.6320981397482831
TEST_03684,1.004113337473105,0.06531856994952735,-0.1555471015994274
TEST_03685,2.49442283485193,0.15466451713322477,-0.5566053642203187
TEST_03686,2.8299419465757185,0.32735588327880283,0.35237459389689635
TEST_03687,3.8931157160553207,1.3487481666878014,0.9552497508721615
TEST_03688,4.5478429793525565,0.2549442616402946,-0.6397301324697288
TEST_03689,2.698324286649831,0.3656764938259338,0.49421305780865676
TEST_03690,2.4538416291523903,0.156731802608351,0.7769774193482339
TEST_03691,1.8600262484416756,-0.4041459427035815,0.6145995944783669
TEST_03692,2.6320129575215985,0.0029136013782936373,0.09795013396827297
TEST_03693,1.0730004720923618,0.4558188593111922,0.08040708500650925
TEST_03694,2.1287281714382758,-0.8045258303152663,0.6459665971647063
TEST_03695,3.3080212501043813,-0.24278221053019083,-0.708298798005319
TEST_03696,3.0287859859745523,1.0273457310042498,0.05238617985352936
TEST_03697,2.7936557720019217,0.6432986478594571,0.08191070983462724
TEST_03698,3.578611488602042,0.3864801194768192,-0.607126531002285
TEST_03699,2.6569683742107366,-0.8144221472497825,0.09439499912776994
TEST_03700,2.4871243475875353,-0.28611646014167585,-0.14796199904858892
TEST_03701,3.0917492886962528,0.0235693058339146,0.18860420970548356
TEST_03702,1.7298839255743081,-0.0039457108329300486,-0.185459102635598
TEST_03703,1.6836761850190838,-0.014697540029489028,-0.037435225950750606
TEST_03704,4.011359401400834,-0.2133630676901389,0.523763634665396
TEST_03705,2.149432578662965,0.462527966596883,0.6362592229359619
TEST_03706,2.683531440421794,-0.14686516235828906,-0.5391172250546923
TEST_03707,2.974446120481888,0.13966321638239132,0.1321225820091577
TEST_03708,3.079373114193342,-0.14402444264004263,-0.1702770067543869
TEST_03709,0.9571961199340576,-0.5803151806483015,0.5164660462176857
TEST_03710,4.5015677561693455,0.7643041834124387,-0.7270454669726726
TEST_03711,1.115501209434961,0.19225353254210523,0.10309197509142197
TEST_03712,2.859634279795959,1.590266796761555,1.191507574508653
TEST_03713,1.3405177735556086,-0.5443008605522989,-0.07288154901186249
TEST_03714,1.4016637578422106,0.07833686133683064,-0.05386936689111541
TEST_03715,2.6181842153701793,-0.23243761826102025,-0.46609697594455174
TEST_03716,2.713614570582242,-0.9211377458030001,-0.3632944408083204
TEST_03717,3.1645353260097115,-1.8412921231457084,1.0460284958632078
TEST_03718,1.3279872391067622,0.2549473826915684,0.014848759397545099
TEST_03719,4.0981465634537795,-0.2702654556239123,-1.1156209482999353
TEST_03720,1.8046278566064826,0.08992317213993857,0.22009319616891068
TEST_03721,3.4348725995412654,0.639830802618132,-0.10348138845408708
TEST_03722,2.571983706179546,-1.1671374076845376,0.994436679434052
TEST_03723,2.5808206118299366,1.7946177055257166,-0.7358979051002418
TEST_03724,2.3753877352148285,1.0747392633636828,-0.2904594323262292
TEST_03725,2.417817976524878,-0.16955634347750156,0.018979273482743246
TEST_03726,1.1151174432823703,-0.09566109243817159,0.10307529220554829
TEST_03727,2.5935879016153573,-0.8928205303342865,0.6600060383521208
TEST_03728,5.838465613260615,-1.7232652782022522,-0.7587837564098424
TEST_03729,2.9913882703725636,0.6845410118230569,0.012465417261092319
TEST_03730,2.549638508484248,0.1257291095112333,0.20250052462373067
TEST_03731,3.886998749365238,-0.5237716944960576,0.0037174763416783028
TEST_03732,2.5627228128311654,0.013869719045782592,-0.11353291461388516
TEST_03733,1.6531719820229644,0.5702304965084232,-0.024074296149202597
TEST_03734,1.7423537401786133,0.14966015620315926,0.31388241532858
TEST_03735,1.714071102021247,-0.4394713442421053,0.4899794925373628
TEST_03736,3.006088148529685,0.5747326033613777,0.49585028452456653
TEST_03737,2.4891487846906633,-1.0864925184961276,0.670299728901903
TEST_03738,5.169569512103612,1.231466458083895,-0.3048762344422582
TEST_03739,1.382108251125201,0.6500015235294393,0.09051027099315025
TEST_03740,2.753055542933332,0.13046426875177777,-0.01576289224869165
TEST_03741,2.117964093571716,0.2336623387406066,0.22997187873051603
TEST_03742,1.9225488608944634,-0.07646654411923912,-0.3276711401704843
TEST_03743,2.7179947125924553,0.3986863995731142,0.47214607768031697
TEST_03744,1.1744350248253057,-0.005870002703781756,-0.11068599588989216
TEST_03745,3.185043306651082,0.12784042061994536,0.14297790177630615
TEST_03746,1.1610857747429773,0.440917795537285,0.043953499455924055
TEST_03747,4.302840221184758,-0.8628785099036446,0.4693359538990848
TEST_03748,2.885386102623974,-0.5705542822664169,0.3676522268040959
TEST_03749,4.151145806188556,0.06303673272944695,-0.34017294579099877
TEST_03750,5.631809541277668,0.7291984124009797,1.3137722015161233
TEST_03751,3.1848454733632936,-0.6397277518960425,-0.5760204484686007
TEST_03752,1.5498812632253176,0.6866524804223336,0.4821168098177273
TEST_03753,2.710171419981356,-0.4936677566936405,0.6318390162582402
TEST_03754,2.810691752864156,0.262602940759443,0.3102314521220423
TEST_03755,1.8553124368594045,0.7915536385193107,0.576124266573663
TEST_03756,3.7352414336282376,1.1133604187151318,-0.09012451867515128
TEST_03757,2.331636900521956,-0.009992042624268425,-0.02034332815696922
TEST_03758,2.6475452270648314,1.09202073788786,0.9835400790202087
TEST_03759,3.4468995508129945,1.3146716845919695,1.8407491339630468
TEST_03760,4.378270838204647,1.3235901254880238,1.2809631140018887
TEST_03761,3.306606088933315,-1.8690986774885447,0.5983862072410108
TEST_03762,3.7373767632895847,0.5088788539088193,0.28288298377137955
TEST_03763,3.0240823288478653,0.6376765379476572,-1.0247176310675292
TEST_03764,3.2738504068332723,0.19659548139610533,0.1018214711717453
TEST_03765,2.59423312646404,0.41612688984289425,0.5894215263888359
TEST_03766,3.812961691213686,0.2329603083714196,1.1668398873928356
TEST_03767,2.2973198423273518,-0.15512228532536917,1.0579676493600514
TEST_03768,1.616289137359354,-0.15160139629216995,0.014398498153495016
TEST_03769,3.1282137266628762,0.31961210514628907,0.24888330891294586
TEST_03770,3.1346145532867444,0.0619552059749568,0.04012337265962103
TEST_03771,0.8319096642045136,0.007284359719138873,-0.28862210285667755
TEST_03772,1.738242334762282,0.862241538608038,0.3761355715384644
TEST_03773,3.172955346169022,0.6329543542554426,-0.47462500577160477
TEST_03774,3.4125401549079974,-0.9699790563058504,-0.6151150060341793
TEST_03775,3.6874165191026123,-0.12517590898547104,-0.5034160502408699
TEST_03776,2.362056907137098,-0.021277386140611386,1.3232149457748938
TEST_03777,3.2746991083883774,-0.5848258380880837,0.9543434355488156
TEST_03778,3.0982900029397267,1.4275095179158943,-1.0376516652606202
TEST_03779,3.0516502246578994,0.5059350934410493,0.4428835879603178
TEST_03780,2.017356943799865,1.1690051533620611,-1.0229741674744723
TEST_03781,3.322318263405501,-0.3922877211337763,-0.18717805719649194
TEST_03782,1.199167370434587,-0.1265047343853635,-0.23047398252742748
TEST_03783,2.783525820716571,0.4043611007515181,0.12504979114763695
TEST_03784,2.343234189135669,0.07345191703959941,-0.08217253770622894
TEST_03785,3.7133751771142705,1.2011677733209483,1.5499243507501663
TEST_03786,2.3397342850440426,0.02263293932250922,-0.37770926379397207
TEST_03787,4.3594064582764815,0.6174075513960735,0.23116952879064387
TEST_03788,2.537804899711971,0.004628745807247586,-0.11275679963999398
TEST_03789,4.597440492755608,0.5530184398827879,-0.39517648307981684
TEST_03790,1.6328961912242017,-0.6689167354098944,0.37349248735051477
TEST_03791,1.5386866019045233,0.3507808446859997,0.0023302183320727094
TEST_03792,1.405803825336287,0.4300267358443086,0.12838280946817776
TEST_03793,2.8965418945041757,-0.31211688941197063,0.6285524680704861
TEST_03794,1.713739595077278,-0.2216209505004004,0.09457202972330234
TEST_03795,1.56114403047662,-0.39389290492098505,0.32540064854684353
TEST_03796,2.561819790636576,0.4224005006252771,-0.241760382002864
TEST_03797,2.8066750829098663,1.8171807630288417,-0.24806739669949085
TEST_03798,2.529562967449437,-0.5554693935346626,0.17876067214324776
TEST_03799,3.3157994534207784,1.661952725213522,0.3447494316181482
TEST_03800,3.9354441416738526,-0.15215616460042605,0.10322788001635659
TEST_03801,4.604881462008817,1.7699516145194436,0.4629352743271663
TEST_03802,2.4250438578652584,1.8331430486080238,1.5122594788494068
TEST_03803,1.0073646573666806,-0.6922928103058081,-0.23310626462229914
TEST_03804,1.9525939939671888,0.6927085870935105,0.5084214937535518
TEST_03805,2.5068363361415456,-0.49637250841549196,-0.24680628479610484
TEST_03806,2.4357031888124094,-0.6719947625081802,0.5879023072434152
TEST_03807,2.7661296497775845,0.25888810806263896,-0.7216810574079231
TEST_03808,5.510849826760639,0.20443271762083012,-0.5208543171865527
TEST_03809,3.7802703140935425,0.06591947706856562,0.0793030967584579
TEST_03810,2.6865026544525623,0.08374895092588878,0.4582368902445699
TEST_03811,3.3774556879340705,-0.26574304338588833,0.015312230754257276
TEST_03812,4.841954652861391,1.485250499282316,1.7224104141702063
TEST_03813,1.543853113950556,0.3339966459516645,-0.2480755187026167
TEST_03814,1.455660694445911,-0.7355699218811708,0.30750085306658814
TEST_03815,2.1345976932871134,-0.05746503701960963,-0.2308832462397209
TEST_03816,3.1510890139334613,1.0454008854989996,-0.018223807628902366
TEST_03817,1.474024616296877,-0.11450965098815523,0.37853949349333327
TEST_03818,5.431553327334537,1.539859084832515,1.0764270109051468
TEST_03819,2.6926828920950725,-0.8233532460104759,-0.23546498806650112
TEST_03820,1.2470124066698138,0.1561860785565032,-0.044472874459479034
TEST_03821,3.1703403725948265,0.0763834661312945,1.1254298448387818
TEST_03822,2.1553432220253215,-0.22152826717151683,-0.17843781343954446
TEST_03823,3.1386937062950437,-0.9957190865635359,-0.26830838871965773
TEST_03824,2.8541576053044393,-0.31748416832259707,-0.31626531997116697
TEST_03825,1.3498402302458996,-0.356459758138286,-0.5463547691075832
TEST_03826,1.3665678920713098,0.23212955505381433,-0.08486098889329587
TEST_03827,1.313586783560086,-0.1044676560512589,-0.24079158176514093
TEST_03828,2.538710000904725,-0.5467295810035189,0.37170409900478046
TEST_03829,3.5994842285503297,1.424934547404561,-0.19962469429516252
TEST_03830,2.847741895674275,1.6427401495013196,-0.5435426941765573
TEST_03831,2.2889777280554586,0.20595967427827339,-0.14316716528190518
TEST_03832,3.16600049503227,0.22640531949175557,0.240738663766945
TEST_03833,3.7791887132601105,-2.5164399835309235,1.0512219013230488
TEST_03834,2.018166481514741,-0.11506970138324377,0.5126676253117723
TEST_03835,1.1016758906203794,0.008195133611075229,0.014023647446359627
TEST_03836,2.937976283152143,0.43743626264901736,0.8386131462404828
TEST_03837,2.782504108995955,0.33073376851847,0.42814309184549787
TEST_03838,1.1635476013341892,-0.19838724490035672,-0.24684728695702027
TEST_03839,1.7235585570507292,0.3941189026984164,-0.4581013823614212
TEST_03840,2.4161737541059267,-0.745512055387931,0.825948223883531
TEST_03841,4.696565431583676,0.07494563825986296,0.3756539496307117
TEST_03842,3.8161769363345184,-1.091112665220658,0.5349643669601852
TEST_03843,1.513500471522467,0.4643984299494191,-0.6172766287677539
TEST_03844,1.7224506008076383,0.054413899295495914,0.20259736202453427
TEST_03845,1.9857493212426731,-0.6837035517228628,0.5663263327532276
TEST_03846,4.5929553663847384,-0.58267488422931,-0.6811296630564556
TEST_03847,3.657254493427273,-1.1910416968844202,-0.1338441843971073
TEST_03848,2.528396436021029,-0.6766518124973337,0.4073651829351888
TEST_03849,3.459776776993537,-0.14500580058334187,-0.030877069514744754
TEST_03850,1.7878689123881166,0.4579607369422623,0.16415868405206097
TEST_03851,3.0846741874030106,0.17283916411164751,-0.2709550949743448
TEST_03852,1.1900928858897348,-0.4482731931711702,0.1319996013410313
TEST_03853,1.8900050853580805,-0.0737103572918623,0.11152601465640423
TEST_03854,1.784817012530672,1.5526729287863752,-0.7383782184013193
TEST_03855,1.7137037865849856,0.727168893079377,0.3983340512173002
TEST_03856,1.5702956867383897,0.934845418483104,-0.36977530093928734
TEST_03857,2.32149918499384,-0.3356005223060263,0.7997759784724583
TEST_03858,3.666749897804445,-0.8720499856861752,-1.0999930446234891
TEST_03859,2.791876142439589,-0.83041202084446,0.5989056801756
TEST_03860,2.8318447032458613,-0.032871112459471906,-0.30104571030964034
TEST_03861,2.6924261223768142,0.09681632750326989,-0.4309720952545951
TEST_03862,1.9135435006646118,-0.3180539998073385,0.026683924391481054
TEST_03863,3.689704710995846,-0.5235464347403704,0.7155475350253757
TEST_03864,2.580206835160706,-0.1963727656556415,0.7815872389466749
TEST_03865,4.229931915671651,1.2748276915331187,0.15425645032227778
TEST_03866,3.3351036794086597,0.17123634397830598,0.9057694566644394
TEST_03867,3.263232710986604,0.5992037990203329,0.4309983867598966
TEST_03868,2.9870236187768646,-0.4909274334732991,-0.17336982076294066
TEST_03869,3.094061910751567,-1.413748739668457,0.1644401501967215
TEST_03870,2.0614362310456986,-0.012332135260011326,0.4574411552393325
TEST_03871,2.8081079758908016,0.7603339658789278,0.06076225954072014
TEST_03872,3.747878491161377,0.9635087469107564,0.8796017044874709
TEST_03873,2.595551712488449,-1.3314664454943756,0.6804215425190567
TEST_03874,2.0450166734329978,-0.3173142000004748,0.32847695824626677
TEST_03875,2.0233046352648993,0.004867486595190394,-0.2145309978727004
TEST_03876,3.155418621330953,-1.0814765239543038,-0.2898669133292635
TEST_03877,1.5859766631812033,-0.08667042527467993,0.38247817126975414
TEST_03878,3.72386347029841,0.043889047096364785,-0.451597992993127
TEST_03879,5.395483558385382,-1.6409177287918428,-0.5698158524158271
TEST_03880,3.6320932388827627,-1.8242173474563022,0.6869314721550789
TEST_03881,4.882111565822117,-1.6687857730441893,-0.7828102347667791
TEST_03882,3.149124169631773,1.1361468960206398,0.8708437234786015
TEST_03883,1.1968833035683322,0.4978529910950017,0.22156183937916724
TEST_03884,3.2243364783852195,0.9605546484456088,-0.7285863487961072
TEST_03885,2.539578123882485,0.9547636118884688,-0.4903598455898413
TEST_03886,2.2490654928900744,0.6600175583686321,0.26826316738761197
TEST_03887,3.9994106015576927,-0.09867379475329806,-0.7089364985840813
TEST_03888,4.4236127724740175,-0.866387098513884,0.8802686604908722
TEST_03889,2.8974532108284965,0.023916625799552223,-0.07974585643768176
TEST_03890,1.4703957513277985,0.04931489700163082,-0.14912889286397252
TEST_03891,1.8060389494436544,0.2572343757609294,-0.04579807257508511
TEST_03892,1.9771642257841682,-0.1809465191946665,0.40404616304603674
TEST_03893,1.3297934378313852,0.03429174534320639,0.29981624821641867
TEST_03894,2.710468861458185,0.20337244056017892,1.3429343693625992
TEST_03895,1.973260545478429,0.8638359958843073,-0.2708772844614571
TEST_03896,1.9699540268528115,0.12561453847275558,-0.6002546849397573
TEST_03897,1.7945759550312976,-0.6676201071309023,0.1996693401359898
TEST_03898,1.081229264522192,-0.4683279199858706,-0.20122319846835598
TEST_03899,4.5230484755000715,-0.5240941041000502,-0.15981061510386904
TEST_03900,1.9508007863299826,-0.2920980536914543,-0.390743123640372
TEST_03901,1.7942553278580755,-0.15210730579854417,0.27860377812786574
TEST_03902,1.868869897916797,-0.1650495507010204,-0.39129477553768555
TEST_03903,3.275918638701323,-0.7107337900086129,-0.8852708901348716
TEST_03904,1.5797034323820045,0.29912671493524606,0.3420241579600173
TEST_03905,4.155608527852097,-1.0746878387570689,1.129024894854426
TEST_03906,2.601542441298623,0.06934260312600891,-0.7436643846403589
TEST_03907,4.316036210656418,-0.15181962846901353,0.3444653746702923
TEST_03908,2.711164686605677,-0.17611701732366603,0.26187405188765733
TEST_03909,2.2615809349550315,-0.11651559054269497,-1.0941653793335053
TEST_03910,4.593757329781072,1.505014137499285,0.4898202286555196
TEST_03911,1.3053962408756639,-0.3187286049797935,0.1458982103639806
TEST_03912,2.7009859646648264,-1.1361046843335167,1.302709208397176
TEST_03913,3.3608003124605723,-0.7430966036586992,0.8474170888841261
TEST_03914,3.3391379286354606,0.183390087713256,-0.06092410743026186
TEST_03915,1.8464312856358818,-0.518426669742246,-0.5288075068210688
TEST_03916,3.475143703113139,1.9028093793379504,0.3728246637562157
TEST_03917,1.9344656856772242,-0.00033008134714409263,0.31402589336371756
TEST_03918,2.5600477858916464,-1.2227581436616441,1.0629740965469001
TEST_03919,3.065412438093441,1.299626447964001,-0.5857020452254706
TEST_03920,3.676699560274127,1.1659427051929072,0.6542978960193725
TEST_03921,2.3416006102615414,-0.22036022770284233,-0.7212224574564807
TEST_03922,2.9289680839128174,-0.8635596358517387,0.9109011012270377
TEST_03923,2.4398239718629515,-1.9481333031901331,0.5147916362484324
TEST_03924,2.0202109521294696,-0.7445821913595192,-0.18644518809849803
TEST_03925,1.3897165047479854,-0.1276158060287083,-0.03289060536763581
TEST_03926,4.275025768435439,-1.1175405496374882,-0.689231705481574
TEST_03927,4.456715113695869,-0.5690422777704407,0.647021984207448
TEST_03928,0.766350051012395,0.15094760408559268,-0.11135206330790685
TEST_03929,2.899424799246684,-0.29490144549852265,-0.1366772385171518
TEST_03930,2.0819852864238637,-0.2156322395974462,-0.1840995900473745
TEST_03931,1.766406375000817,-0.31195501858599417,0.11695445084248872
TEST_03932,4.793084541398454,0.3512383247281036,0.38758984152717607
TEST_03933,2.690962166465909,-0.5129996015173232,0.2951341940257416
TEST_03934,3.1445249578574357,0.6711873514410817,0.27659063172120224
TEST_03935,2.2000707724386594,-0.272743254053248,-0.5893205096763635
TEST_03936,2.849943088400491,0.5430611026953722,1.0550520659840215
TEST_03937,2.1862392125777697,-0.339999245841598,0.8730459141717511
TEST_03938,2.4809372505353275,-0.8960129513929366,0.3067712096401179
TEST_03939,1.430101010331046,0.49584158691135277,0.03166426253932185
TEST_03940,1.534311851242863,0.5482901673401895,0.12453370295209414
TEST_03941,3.197325275928699,-0.2743180001705143,0.0602664972958808
TEST_03942,1.7832629765642982,0.2241458363174539,0.20285592611838069
TEST_03943,1.205786229241123,-0.5357700445206827,-0.4272567670779579
TEST_03944,2.4697355837835087,0.16328716085721762,-0.06990087175080839
TEST_03945,2.4173561638749597,-0.8187082533712245,0.1847318754065587
TEST_03946,1.4367827577236263,-0.31345138281751195,0.30967235114030434
TEST_03947,3.2010489340142874,-0.010658322375148027,-0.5580146282564772
TEST_03948,2.8599987128050524,-0.6721178709740305,-0.6598767824554266
TEST_03949,2.862419295822534,1.5993649500660556,-0.054164715092048975
TEST_03950,1.0467541989815519,0.7774476204412943,0.2525418063825985
TEST_03951,2.731358713679401,0.4654705478519951,-0.15202935412811133
TEST_03952,3.6426750774082457,-0.21869171446110294,1.6473493575168423
TEST_03953,2.398864023844823,1.0531204203293163,-0.6027157900590413
TEST_03954,2.4999290233724003,-0.11547586296083562,-0.4436766007348056
TEST_03955,1.8044074101051681,-0.6203609094981839,0.22592647341708305
TEST_03956,3.0552857738454375,-1.0447140551312757,-0.7175269931689416
TEST_03957,1.6820619754902826,0.3758786871178433,-0.04175399938889363
TEST_03958,2.762563260658011,1.2871092388629437,0.9430072394631569
TEST_03959,2.9745136502076073,0.6334348220886932,1.306313018780929
TEST_03960,1.9789487404643848,-0.6405901757886442,0.3238353344546194
TEST_03961,2.64788126214484,0.12239567404062399,-0.42043504455347963
TEST_03962,0.8752622255627948,0.3802117543417302,-0.3551861696570184
TEST_03963,2.5913630461834156,1.3864593265281626,-0.7888294732767285
TEST_03964,3.0006851483015535,-0.03822082398988703,0.46345129422106657
TEST_03965,1.0028483449105252,0.3479204495729958,-0.32407220483969007
TEST_03966,1.551682621607697,0.36127992145312965,0.3137070456234621
TEST_03967,2.5278526996185247,-0.050112947873419834,-0.1483671793937321
TEST_03968,2.1266599166965725,-0.8431375088183514,-0.17281841491288702
TEST_03969,2.1143323060706853,-0.32000784413170613,-0.2879190072424182
TEST_03970,1.8901117265198388,0.31877166805284696,-0.6713472521751861
TEST_03971,3.698831407651942,-0.7868106675837532,0.33528892004613725
TEST_03972,2.583934598847598,0.5105771287795883,-0.795251442383664
TEST_03973,2.5507054011389507,-0.012456934596537501,0.4935371733091692
TEST_03974,3.6745765523980842,-1.1496516052968517,-0.7777297041457616
TEST_03975,3.5295484974056666,-0.5735320394457204,-0.10310794536191017
TEST_03976,1.715811814158551,-0.9405849531756953,-0.30102558715799416
TEST_03977,1.5844719133984477,0.298744181074007,0.025392264220796892
TEST_03978,3.9696230982241247,-0.2838323944517913,0.10571830890994571
TEST_03979,2.0978520722949443,-0.7671095647449767,-0.17172596626789852
TEST_03980,3.1217278539511355,-0.8389517371216186,0.14521221024534112
TEST_03981,1.584479299569474,0.3507400247211867,0.5448827314394411
TEST_03982,1.73450288773216,0.6855727766359323,0.006795589906837131
TEST_03983,3.1675798200567797,0.6407787547133507,-0.3387261484223863
TEST_03984,1.6872365399439484,0.31605906280560686,0.6375082797172424
TEST_03985,3.173621140446751,1.134445542126121,-0.6973148274641204
TEST_03986,2.185837121418529,0.3356687585528376,-0.3468582284191029
TEST_03987,4.48648295391243,-0.07226365961195648,0.5338260156020787
TEST_03988,1.4595456869883456,0.46069700645379674,-0.3519124434608601
TEST_03989,3.668025807366799,1.2267056103834362,-0.6679707727711376
TEST_03990,4.807081699419244,-0.5134435496944146,0.46638652511606143
TEST_03991,1.5672812111531949,0.14808648728397417,0.024186389838411947
TEST_03992,2.116289917550226,1.4095145630360673,-0.8690974084080669
TEST_03993,2.4248258128784674,-0.19183177366707552,-0.14990579605649024
TEST_03994,2.8163416284769918,0.3109589985417353,0.9353174283030486
TEST_03995,2.1160336912016104,-0.33540951253987705,-0.010959432347690059
TEST_03996,3.008473061716837,-0.20730153100647888,0.6662530335080044
TEST_03997,2.1990480242018786,-0.35172709042219436,0.07879957548724356
TEST_03998,3.3889360903490933,0.7118935314160295,-0.4527118235347179
TEST_03999,5.401774472015849,1.3106255611479831,0.8400779280297116
TEST_04000,2.3782816586327473,0.11320270044152803,0.2677007736905292
TEST_04001,4.696188061201179,-0.1655456178611641,0.7614744547002249
TEST_04002,3.5799796288151757,0.9515510163069474,1.374871649134034
TEST_04003,3.1691335725918006,1.821545425688592,-0.7964012160452429
TEST_04004,3.2718756870603882,-0.09750416274153194,0.25692775410644486
TEST_04005,1.4732091183015135,-0.31949599216530333,0.06146001157965952
TEST_04006,1.176722661314282,-0.3396515639180745,0.39781882802397445
TEST_04007,3.577517002399936,1.2314773192511868,-0.4786265588115894
TEST_04008,2.008676349800239,0.9052418693290851,0.5156668293010217
TEST_04009,1.2464560994701444,0.1377873054244859,0.3097435466604416
TEST_04010,3.0861409583231154,0.02458846576518092,-0.8226656066758639
TEST_04011,1.4992238309076595,-0.04708539960727946,0.16023631444652248
TEST_04012,3.3725059656519947,1.1837681245415699,-0.645970657355018
TEST_04013,2.5105834594580076,0.7021523549542719,-0.2685094278490548
TEST_04014,2.015715521971937,-0.9202095563833662,-0.1239043540499943
TEST_04015,1.9052814081460512,-0.30729443557537583,-0.2154316721025895
TEST_04016,1.1636969563314425,0.24745155545396683,-0.3652579881663511
TEST_04017,1.4739304886056814,0.4728830801705754,0.48006458092247545
TEST_04018,4.963052031137085,-1.0336083746089175,1.6309999649495315
TEST_04019,1.8502481230700616,0.2376382785239036,0.3797739618347786
TEST_04020,1.9199609343347654,0.11465578114833097,-0.12562365872498615
TEST_04021,2.40762796358412,-0.45243206873187125,-0.7629882364782241
TEST_04022,1.609998680672694,-0.285279321654698,0.2310852024056978
TEST_04023,3.5188932193065483,-0.16718796258645438,0.315267687085051
TEST_04024,1.498021918720269,-0.24374447752396367,-0.4071008003656247
TEST_04025,2.663511488611811,1.3046658924674703,0.4568873293937281
TEST_04026,1.8352343579091457,-0.07052334818662617,-0.26273166862666686
TEST_04027,2.6364379945230754,0.247836287478174,-0.744073540159447
TEST_04028,2.8111058424735265,0.11654236059959953,0.3812586255995373
TEST_04029,4.124370346894005,1.347663771519292,-1.0550982621968432
TEST_04030,3.1056421051397782,1.4488657965528344,-0.7635951274367957
TEST_04031,2.845699999454164,-0.21371682422233026,0.3596523760148589
TEST_04032,2.6881941980301276,-1.3235872827769743,-0.5347008922482651
TEST_04033,2.7506187730290246,-1.5133758578908358,0.8076645606773145
TEST_04034,3.757661616063542,-0.24374476970931502,-0.1429988434125743
TEST_04035,2.177434780964195,-0.8785968440213404,-0.8854861647507279
TEST_04036,2.8379893657209343,-1.2845796011838704,0.663283827522227
TEST_04037,1.2833370590988722,0.3896530642796867,-0.15541281415685648
TEST_04038,3.243593057295518,-0.046944672542474426,-0.25197970949251547
TEST_04039,4.8801532268036505,-0.8724831369795784,-0.06698178844371114
TEST_04040,2.1731050010194424,-0.2202157867231461,0.40066892790591696
TEST_04041,5.099214091214444,1.229476282626362,0.8075323231770106
TEST_04042,2.9469723543313937,1.0932687706754065,-0.5650374267726505
TEST_04043,4.250542713961419,-2.2316765189943077,-0.4215850424020716
TEST_04044,3.20540271969338,-0.18967679936869972,1.1080778100080508
TEST_04045,2.2567944361087346,-0.935310514551879,0.7872878796452537
TEST_04046,2.631688825990716,0.6930056093038387,-0.5432914686767193
TEST_04047,1.4581517950962768,0.6376006155006825,-0.31424650072241717
TEST_04048,3.3923927211153626,-1.9336370377156313,-0.12362058295818029
TEST_04049,1.6581344917968062,0.4372838063914082,0.18946957312656568
TEST_04050,3.2233851650085326,-0.14309053607905545,0.2341491919800805
TEST_04051,1.4952652550517087,-0.3360467930456464,0.34240472808154354
TEST_04052,4.5299730601472215,-0.9829466042183137,1.3970133255109185
TEST_04053,2.329073591935257,0.4592634598714027,-0.1732913527296035
TEST_04054,0.77696327052811,-0.5485413349566807,0.44163559067707825
TEST_04055,3.035859487680288,0.9506546002548828,0.7411985771296322
TEST_04056,2.931736100410324,-0.10874603216676369,0.23797518048876198
TEST_04057,1.575928511292596,0.29685044359468327,0.32053385261374134
TEST_04058,4.594689958718492,0.4546460100828922,0.815884586335558
TEST_04059,4.693890529725377,-0.918277832669709,-0.799013023922728
TEST_04060,2.1031410248879787,0.15581585267866638,-0.5401147900802729
TEST_04061,2.5783683069256544,0.03041906997387447,0.9588311828695539
TEST_04062,1.3887306174393823,0.191072160751674,0.256521446313711
TEST_04063,1.2058366663390305,-0.07908367962978481,-0.21586804830008774
TEST_04064,2.635393528509761,-0.2162432019830154,0.6426424550838566
TEST_04065,5.560045615015054,-0.07252134972677579,0.6857360896615791
TEST_04066,2.784759779932848,0.5107902410835041,-0.7718706913480144
TEST_04067,2.570483260715826,-0.022903663464104707,-0.07583745026582951
TEST_04068,1.7248802786393853,0.4740905114852508,-0.2837265670528431
TEST_04069,2.0715891191165086,-1.0441793399342847,0.8210778006081558
TEST_04070,2.265655821410185,-0.7911268249454112,-0.7581893853240503
TEST_04071,3.2086736859653446,0.4822487163318048,0.38594535265357216
TEST_04072,2.8681728234063915,-1.7559755541122222,-0.1912431733045694
TEST_04073,3.3830236718588114,-0.6383253554225646,-0.10265707562524036
TEST_04074,2.7827418570020006,-0.34360192089764086,0.11426404385915467
TEST_04075,1.3084418535914206,-0.49139106839421814,-0.1925542823141199
TEST_04076,3.894485563752372,1.045481891940554,-0.05771244897419733
TEST_04077,1.9048897748180469,-0.8259210502644908,0.1152312548425875
TEST_04078,1.310019800149729,-0.21351045263187143,0.4544892045495632
TEST_04079,4.91655456134103,-1.3079810961344205,-0.15850106488673427
TEST_04080,3.0886174736021825,-0.7789995662196313,1.0638772166269534
TEST_04081,3.163513411272074,1.0960441055833616,-0.3497319264947732
TEST_04082,3.449151405026009,1.0963816858320383,0.357851535861039
TEST_04083,1.9799052985237107,0.6045538595123715,0.4321325757112421
TEST_04084,3.032253276314993,1.0116263995456367,0.9815862183811052
TEST_04085,1.4443017183330131,-0.21577963630853236,0.21915788929528165
TEST_04086,1.7550127261588293,0.07684457826485094,0.3675989960866899
TEST_04087,4.553388671318372,0.557290061626422,-0.39888167025379034
TEST_04088,1.6141295738575723,0.8132449232263557,-0.3646272349327359
TEST_04089,3.7005805502829747,0.048860342071374595,-0.3063946194795493
TEST_04090,2.5952829173666982,0.302958391159038,-0.7188516223578267
TEST_04091,2.2162823974086376,0.24869738140836925,0.0941328806947861
TEST_04092,1.2850230569536434,-0.17451597032743232,0.45267338473580154
TEST_04093,1.1173434029227638,0.07179655149022166,0.17387760051469178
TEST_04094,2.1379431232002726,0.7723342053242638,0.4533526850721323
TEST_04095,2.6149866090975435,0.6000312626065079,-0.3569544901482989
TEST_04096,2.3658490871501265,-0.635111316090336,0.3089129994112409
TEST_04097,3.1283168622751187,-0.7171186819664237,0.050830912213328444
TEST_04098,3.612602075927287,-1.0711716064911043,-0.616346423478868
TEST_04099,3.240671924884498,0.060471277461161065,-1.0463500252287121
TEST_04100,2.095225771333587,-0.35527780677790705,-0.39814836388615854
TEST_04101,3.169906075955625,0.04943856413922192,-0.07825352255292517
TEST_04102,1.806072117593337,0.030784982414872902,-0.1467187781942454
TEST_04103,3.1389541833006662,0.8194975432009359,-0.6826156765346714
TEST_04104,2.1289023553369897,0.04176830022388148,0.5007984524107012
TEST_04105,5.262626997574988,1.4272309050012713,1.8778514899785144
TEST_04106,2.24071429270486,-0.535362595523629,-1.06482100612787
TEST_04107,3.450496302987232,0.7027026089678066,0.7033705743921865
TEST_04108,3.2577549188447175,0.4032191763670512,-0.9300197872140905
TEST_04109,3.3362089292350334,1.082926106928061,0.6939393178409579
TEST_04110,5.267409290567587,1.1162183211199221,1.991099099420308
TEST_04111,2.688926041575176,0.6582149626788245,0.3616555512257416
TEST_04112,2.2826709087154797,-0.3784887794694664,0.737600985834892
TEST_04113,2.5087730926835503,-0.5565862825873922,0.18209890520365013
TEST_04114,2.5927015109128666,-0.24508484545214543,-0.594989363974191
TEST_04115,2.2487477175545574,0.908699818175133,0.8561896967015429
TEST_04116,4.642689771128476,1.4385258829931569,0.08661380167560247
TEST_04117,2.0283336908189677,-0.7650675069116815,0.0951795845699958
TEST_04118,1.377868525356395,0.13336805190969508,0.20042809802665823
TEST_04119,4.492859133701069,-1.213453206803958,0.5934652592398733
TEST_04120,3.8958590305339227,0.7651253234097054,-1.3280698379981746
TEST_04121,4.846374566562803,0.2466599386529134,1.1341825541168498
TEST_04122,2.2555540451415057,0.7233580199993552,0.9136694806089762
TEST_04123,2.5450254018768224,1.5239282416092077,0.060549559690977896
TEST_04124,1.751797257072372,-0.3283882644851651,-0.17580364065538306
TEST_04125,2.176550385248107,0.984388709400112,0.12422721929606574
TEST_04126,3.6523969266951246,-0.6793515415925391,-0.18335240362408722
TEST_04127,1.2380126050395575,0.30206704076510454,0.24897753432350223
TEST_04128,2.9815695183297275,2.4907639545445264,-0.06153238362710072
TEST_04129,4.115307387153335,0.3170070581835798,0.7506668310970153
TEST_04130,3.5062961031238906,-0.1453732422372119,1.0155605295235064
TEST_04131,4.152413992634825,0.2624292503637465,0.1522794372333616
TEST_04132,2.4011164606413393,0.7116594988730958,0.7468937791028213
TEST_04133,1.5051240428560055,0.357786487463082,0.2639393993278261
TEST_04134,3.4376130827684563,0.5941605302504692,-1.0277956384253237
TEST_04135,1.5238876603716622,0.6474683649649198,0.08363959280374644
TEST_04136,2.569499338462917,0.15319604836968137,-0.5462376724056838
TEST_04137,3.159951553149182,-1.7953694290876292,0.39128231851718726
TEST_04138,4.802544605091082,1.3001894920966683,0.13167330449396036
TEST_04139,1.8679018071032074,-0.3365312568663871,-0.5238743966599417
TEST_04140,2.5005875407106553,-0.12294581170287246,-0.029006575279122787
TEST_04141,3.0839806349826873,-0.5277288769906672,-0.6927513033470706
TEST_04142,1.9190688789927148,0.0877283052763362,-0.3482758340013573
TEST_04143,2.5743916466362915,-0.12572629005935043,0.6833800454858389
TEST_04144,3.3407823789471385,-0.3930253818539735,0.3201928963314228
TEST_04145,4.649077595436956,1.5741760574260024,0.6536555040345265
TEST_04146,1.849815275504152,0.5816822296006484,-0.7224109535527143
TEST_04147,2.7543643950025993,0.15519730501618034,1.0031251537702035
TEST_04148,2.533162627972229,0.052960474912584155,-0.10075971278218922
TEST_04149,4.221524931766177,1.5735580205791924,-0.42187841975068063
TEST_04150,1.5556459365845772,-0.5161487308074341,0.42549753428230824
TEST_04151,3.119131882261583,-0.7911844169619204,-0.5782788102371953
TEST_04152,1.870593354045378,-0.7719552889520532,0.7480681751652711
TEST_04153,1.8811047561937446,0.988368936571113,0.5786949607840663
TEST_04154,2.744448218975066,0.017515728116277243,0.02506634573216279
TEST_04155,2.475095383926651,-0.1091049501396966,-0.39714051180887405
TEST_04156,2.775901026981479,-0.1999277563774969,-0.14775344067769924
TEST_04157,2.263569388733105,-0.33998394509687563,-0.6150082521489265
TEST_04158,3.5335059059714897,1.0674808282623462,0.2624327541744753
TEST_04159,5.0646842762163535,-1.519980810724337,2.039470488579898
TEST_04160,2.692231105516881,0.2992417650363963,0.1521510944880339
TEST_04161,4.860861034214985,2.2648055938963436,1.19910811282624
TEST_04162,4.1588810710271975,0.7438053449616948,-0.5646937572201618
TEST_04163,1.159726281078441,-0.8159299565039951,0.24829149299891948
TEST_04164,2.2488176825672554,-0.18313498175734,0.1676307038338128
TEST_04165,2.589909452385608,1.013323695474124,-0.658273921741696
TEST_04166,4.684553999039167,0.9457392757631242,0.5352285327551933
TEST_04167,0.8992864963601837,0.2115669295499206,-0.12527097687804567
TEST_04168,3.884887605342997,1.6566395416700097,-0.06642931132082688
TEST_04169,2.0593492344232978,-0.45436439745103124,-0.26511265710482845
TEST_04170,2.87602146487132,-0.040836448408105526,0.035628112115301515
TEST_04171,2.110724817876401,-0.3471347962933127,0.4758860461305554
TEST_04172,4.321301299216704,0.41608657261280974,-0.22645213395729405
TEST_04173,1.265851048286884,-0.40799848908732195,-0.010728720339621647
TEST_04174,1.3069961865805853,0.08829338978051685,0.5932442466203924
TEST_04175,3.966073303960516,0.9553295116069117,0.3398921910131499
TEST_04176,2.074623716461044,0.10749104838127813,-0.2893234459049888
TEST_04177,1.5986463143115648,-0.3576356717179321,-0.37006840684858294
TEST_04178,2.086964562911478,-1.4084261322880613,0.9010046933369382
TEST_04179,2.6764092019433505,0.7096159764560099,-0.7766856750008306
TEST_04180,2.78126298630679,0.49158476479334756,0.7614726722439829
TEST_04181,1.5594280272487588,-0.36181031741437325,0.0829614578368512
TEST_04182,1.3173505994644499,0.6391532290791115,-0.18015335013994596
TEST_04183,3.736908986069252,-0.16520326930833898,-0.3010373205342575
TEST_04184,4.020010476743363,-0.14209231008013917,0.2879441261041846
TEST_04185,3.230373418549923,-0.5721617379461247,-0.5647261913797108
TEST_04186,2.659290603316214,-0.11094163195583967,-0.09527182688127467
TEST_04187,3.989779545287069,0.505152074648007,0.35476417277865885
TEST_04188,2.134751414473894,0.9208518671588324,0.4031958071866957
TEST_04189,3.9770164559241845,-0.5067948278773421,0.9280088576963637
TEST_04190,1.8298177332257521,1.1583211205777435,-0.5038493352654984
TEST_04191,2.55470383149955,0.6699396584064965,-0.22381130180112468
TEST_04192,3.570430968125102,1.4447807414327747,1.185675479077877
TEST_04193,2.715710132990728,-0.09446865566962136,0.3960501373774164
TEST_04194,3.1107415694195404,0.2811953677233783,0.3440253379700183
TEST_04195,1.4618771449005032,-0.6062867911606159,0.46787243114056243
TEST_04196,2.0598401617682054,-0.31648005541357044,0.024745752883880184
TEST_04197,1.7172524385447427,0.7587907983813817,0.29783606060730466
TEST_04198,2.176114330987292,-0.2780944915879088,-0.02017045826926812
TEST_04199,3.8277907884165234,-1.6042988199116424,-0.18347249004965058
TEST_04200,3.1425229603048925,0.09136321179887542,0.3513157007525354
TEST_04201,4.259802711567217,-0.3078858645475601,0.8970475656830887
TEST_04202,1.2407097189685565,-0.44226686026189205,-0.580280838010347
TEST_04203,2.0331119871220906,1.3181646017354638,-0.6800091959353183
TEST_04204,2.6332608470233008,-0.47604854233184973,-0.3931185281634229
TEST_04205,1.9542667929001667,-0.831048973029323,0.1686608426357779
TEST_04206,3.4171961623671203,0.8052361003033401,-0.5424828405689314
TEST_04207,3.7505038130149075,0.6691519941568821,0.3208265750160444
TEST_04208,2.6647211169729017,-2.051103608249519,-0.4452773492218595
TEST_04209,3.7533153602528944,-0.021651026713952123,-0.07748692290583387
TEST_04210,2.18206779126374,-0.06543410505735095,0.4553916344513789
TEST_04211,2.320820262064942,0.0992442920930507,0.0019252749048083422
TEST_04212,2.4029173168780202,0.6513983919509085,0.4289833308689398
TEST_04213,1.0865302889912913,-0.09775200399130879,0.29837736921159397
TEST_04214,1.3999977036835944,0.6041360318292459,0.4608131338627999
TEST_04215,1.110798820228727,0.42297504493179383,-0.13126203032987932
TEST_04216,3.242424387573023,0.9655902965964784,-0.9642678677169787
TEST_04217,1.6771699459607494,0.48356031308229197,0.3318615985288087
TEST_04218,4.034329762135259,-0.17941430892631222,1.2473516700163874
TEST_04219,2.406986789800514,0.8086755138025362,0.9430860568220703
TEST_04220,2.4580197284251093,-0.7003773990495086,0.644942795967198
TEST_04221,3.212569576198963,0.3437600180205004,0.38738575880876475
TEST_04222,1.3268022192875861,0.33938187927094265,0.3204158774546406
TEST_04223,3.9709344511952955,-0.30689047920055934,1.195837948838347
TEST_04224,4.060896224327753,0.0989510166158672,-0.6502057092988308
TEST_04225,2.59204757783382,1.6960631239462358,0.5417864080372498
TEST_04226,3.340647915080314,-0.036695607311544934,0.7648380789942133
TEST_04227,2.9504520123149978,0.6487519770022475,0.7258727165619467
TEST_04228,1.9601033943107045,-0.06816028939761355,0.277427713572855
TEST_04229,2.5691491993617803,1.6807662145387177,1.2343406239285184
TEST_04230,3.286879103069282,1.1186199594994048,0.1037108236852361
TEST_04231,2.4445005063100775,-0.2082894730326648,-0.08909942318656805
TEST_04232,1.5172311930428897,-0.23073469277895103,0.5552083775200377
TEST_04233,3.3841057838684288,2.0949471996114575,1.0098585958966269
TEST_04234,3.1599076001192814,0.7692282822147193,-0.8907597518381024
TEST_04235,1.452872747215797,0.4750469849731171,0.03376397426031278
TEST_04236,1.3772518687194522,-0.6561337583814792,0.21792572746079764
TEST_04237,2.164939802265245,0.7355010883706011,-0.3012164450197521
TEST_04238,1.2036403792079235,0.20488011994557676,0.15006296353032547
TEST_04239,3.2731040830109417,-0.8684959435800583,0.978643336971411
TEST_04240,4.677163085517346,-0.4547199324182748,-0.12377608288557954
TEST_04241,2.522533811248424,0.7628305459408903,-0.36043998419708584
TEST_04242,1.9570723763137654,-1.1991318634337276,-0.4403906807271316
TEST_04243,2.7870296869146536,-0.725417741752791,-0.09758820288155395
TEST_04244,2.49940104093399,-1.1189391042608314,1.0256258366912108
TEST_04245,2.620175771326255,0.9792840480950152,-0.5966646485725339
TEST_04246,3.5191719336994125,0.4990176305146651,-0.3426231052427836
TEST_04247,2.300181143407374,0.4342206980038166,-0.5626396807475141
TEST_04248,4.808406173000626,1.9833989636081928,0.2144250446811898
TEST_04249,2.097386063687366,0.0531620740037557,0.3140362232803301
TEST_04250,2.580839515216894,-0.026599646436058295,0.15731707634927536
TEST_04251,4.126028349006084,0.4126727115666081,-0.17379109501607243
TEST_04252,3.11828432846484,1.5906632050475082,0.29745210279022705
TEST_04253,0.7410314115116027,-0.04559774627078799,0.10169717086065214
TEST_04254,2.717464222336048,-0.48521557850314434,1.2014174798404396
TEST_04255,1.044078807898448,-0.28379811660559306,0.22497480218963223
TEST_04256,2.705383610689518,-0.5679941040939068,0.8641692649338704
TEST_04257,2.2612981572428663,1.3410251453920223,-0.5966689290598
TEST_04258,1.8250117920287408,-1.2662231156375925,-0.42627304567537705
TEST_04259,4.09562575839427,-0.6799221226845809,-1.1001184521235967
TEST_04260,1.613526972469217,0.17806634004103084,-0.41576519449715704
TEST_04261,1.136082386544955,-0.5008602488762777,0.12183551235628096
TEST_04262,1.6978367487061408,0.020849879682968423,0.07500145819478282
TEST_04263,4.026490181698335,-0.6490488489990662,1.1904694079223324
TEST_04264,3.364898613610694,0.29346726500474984,0.026551128610462785
TEST_04265,1.7600033199412037,0.5203915711927113,1.0340407261756286
TEST_04266,1.1067194452485392,0.2560976585098405,0.46036757406495116
TEST_04267,3.5428972358330264,-0.0835598417408094,0.01861177856163889
TEST_04268,2.636181062324571,-1.088765991982205,0.625893830509872
TEST_04269,3.227581190506613,0.8204161754408781,0.19693475877869862
TEST_04270,3.424135696949501,0.7666349118878245,-0.38327591589751225
TEST_04271,2.4354480435102563,0.4936689966501721,-0.08875739204157365
TEST_04272,2.9475034026456877,-1.357159630411194,0.26716313659281327
TEST_04273,2.331343014072766,-0.9213663717524331,0.503205988872295
TEST_04274,1.4325990696784296,-0.4751544986447874,0.10903190600350043
TEST_04275,1.440757467665416,0.059011566663216095,-0.04130872603365819
TEST_04276,2.8267194448192376,-1.9980375987224124,0.7008474800240633
TEST_04277,3.322305574036933,2.1835382005557555,-0.23492387824901134
TEST_04278,3.176647896228663,-1.6498174444911342,1.0027724807708356
TEST_04279,3.182140374886218,-1.9243998778984184,-0.6877275231209763
TEST_04280,4.376472463556682,2.4369628430994035,-0.16528442809862565
TEST_04281,2.623722728294205,-0.4857417156152323,-0.5886797328842233
TEST_04282,3.1303441196288393,-0.7916771295518781,0.8740541433037001
TEST_04283,1.6699734074594323,-1.5127092665877713,-0.4514553234556385
TEST_04284,1.0739643888400934,-0.3951027202959303,0.42571055036832905
TEST_04285,2.289813589791061,0.20795373741011303,0.06932482495707747
TEST_04286,2.5381200210418218,0.2608639851929582,-0.2805496415089247
TEST_04287,2.4028636475862086,1.4512977999637253,-0.8654006207320055
TEST_04288,3.3013272009286365,0.2652850123740682,-0.9735125338993226
TEST_04289,2.7004346809567847,0.48731295277368913,0.1904110571821074
TEST_04290,3.2774854231225814,-0.4483052917149727,-0.701047959497873
TEST_04291,2.5092812771274424,-0.14961093750522095,-0.4013064483925115
TEST_04292,3.566549968597573,1.2344884844112751,0.2646472339371189
TEST_04293,1.4260276804970569,0.020952976310897573,-0.008365177182108541
TEST_04294,1.1327603077975077,0.7474455644827344,0.4695221140378819
TEST_04295,1.3728196521291387,-0.46531688577768754,0.13702157459929862
TEST_04296,1.5347692539429179,0.3814278325456426,0.5010126481373053
TEST_04297,2.906797961879369,-1.868202037668651,0.26374795986678506
TEST_04298,5.391858192796397,-1.0059946777286506,0.8816263145192341
TEST_04299,2.194214526228463,-0.07737055485567854,0.7273078679927725
TEST_04300,1.6929614152725105,-0.29335571759207096,0.45519333481545177
TEST_04301,2.076664092563875,0.28492615584219116,-0.28968685382643394
TEST_04302,1.7937347805702029,0.15197095176921055,-0.5189628591229225
TEST_04303,4.416538558609339,-0.535556777870991,0.8331847643104453
TEST_04304,3.717952139882987,-0.03368941961408245,-0.5454826284868737
TEST_04305,2.2105428835086482,-1.465964518596798,-0.712610059565932
TEST_04306,0.8690226537057023,0.48500723939927654,-0.10779811448750319
TEST_04307,3.8674505769646106,-0.3325002022294751,0.10182972284783232
TEST_04308,2.734504112687417,-0.06553293652430611,-0.44998527687802053
TEST_04309,1.9046277740791409,0.46710856668693546,0.13928753916964956
TEST_04310,1.907069008012315,-1.3874509670095094,0.6425952076657346
TEST_04311,1.935944922744523,0.20327590757064803,0.0947187477966387
TEST_04312,2.6339365854067482,0.8022785424646515,0.5704688134560523
TEST_04313,2.0438565860183053,-0.09831061748759498,0.06814629803478943
TEST_04314,2.2507545639310482,0.19131496428402256,-0.17014361743336828
TEST_04315,2.285359946025613,-0.0904254070536861,0.009809255560223728
TEST_04316,4.270649299599981,-2.060490316895001,0.7318791794264539
TEST_04317,1.504002190154125,-0.2994045769376977,0.1506667276566335
TEST_04318,1.5323906968659158,0.6289538567769013,0.18267374768817726
TEST_04319,4.1401531660114355,-0.27448216015017596,2.21879532092557
TEST_04320,4.457454283168247,0.4447616881007113,0.48755195087023256
TEST_04321,3.286773147609882,0.9758054807241072,-0.05081922728187769
TEST_04322,2.810355517653198,1.614033212078126,0.2499954647743302
TEST_04323,1.253328734083577,0.17207183228697637,0.1617606544253971
TEST_04324,1.6988416079994868,0.22168235936941913,0.17740012749209289
TEST_04325,0.8731525742047924,-0.29893581396182,-0.17465711846568516
TEST_04326,1.2675258114341437,-0.34333752433045694,0.030442530004204632
TEST_04327,5.141309218364214,1.5739972134566238,0.6292618512324273
TEST_04328,4.6850779091438515,1.404180832116323,-0.9557445222955369
TEST_04329,3.3235116119106567,-0.07274976168425983,0.16627565278431788
TEST_04330,1.6772626948553777,0.24999362578928377,-0.25030361542513524
TEST_04331,1.0767462733615412,-0.2730890370144092,0.1087798731864577
TEST_04332,4.213005311376341,1.3661793712743542,0.7436635075536779
TEST_04333,2.156061446606325,0.40116638692661183,-0.06395160181658205
TEST_04334,1.4144444411088366,-0.4137500841974106,0.31865117758564104
TEST_04335,1.2084231418376719,0.4498896186023041,0.20794254906830723
TEST_04336,1.5204579268862006,0.4095869359069732,-0.2118196779106161
TEST_04337,1.3254553491151242,0.25609767009892104,-0.32887585532024066
TEST_04338,4.375126728860155,0.006007607242721423,-0.8484868902727619
TEST_04339,1.2680961132840352,0.5894191566146203,0.2545571899380572
TEST_04340,1.3084086597642173,0.56497101929809,0.0017413640729587448
TEST_04341,3.008919569353645,-0.47634289590643397,0.41081671785176105
TEST_04342,1.8679531806274086,0.631497556965775,0.1886430831435676
TEST_04343,1.2489459322998462,-0.2201726391855453,0.2901164051270661
TEST_04344,1.8950494959167086,0.1297977201610884,-0.3926269203665151
TEST_04345,4.9295243589674795,-0.44615204323368624,0.8719928125347911
TEST_04346,3.1808114732438324,0.045151764522327206,0.014893349821220125
TEST_04347,1.9261244966762598,0.7069373384244992,-0.38630427670471124
TEST_04348,1.6937194536570441,0.43986520898504794,0.39881170729719634
TEST_04349,0.9164958359262491,-0.15312165760012242,-0.16962273320784618
TEST_04350,1.9941824292315837,0.5698266175414585,0.08272008941044431
TEST_04351,2.4107008120405116,-0.7427158109307846,0.5061260627944795
TEST_04352,3.8088273792382834,0.9461903096209474,1.6328862159334163
TEST_04353,3.8643464666243137,0.6770791553743282,1.9538032787009392
TEST_04354,1.9149489027402746,0.5153412404095183,0.11511574398188346
TEST_04355,1.5628701868961712,0.4043954761649271,0.22807999706217005
TEST_04356,1.911933317387652,0.7981915728107049,-0.4805669584870237
TEST_04357,1.9609744536597398,0.6241441118514969,0.13199015992187538
TEST_04358,1.1776752271680182,0.5653695904701332,0.27692406136624464
TEST_04359,4.659551661697668,-0.01847125609927386,0.5355327618381198
TEST_04360,3.743701965914117,-1.9207480862581268,1.0764981205431137
TEST_04361,3.6211390049579744,2.2311938752374516,1.2970044228274178
TEST_04362,2.948515102302294,1.0793907095100421,0.7106087321049025
TEST_04363,3.3849306107291732,-0.5307968390023635,0.8262510711979333
TEST_04364,1.781499069164966,-0.018767561074629617,-0.4085888137346359
TEST_04365,2.0243302812802213,-0.49925171358185555,-0.20067550439265006
TEST_04366,1.7637709385764806,0.018084377080287515,0.06956798640302915
TEST_04367,2.7587563429699804,0.13176857205303522,0.6122888211809752
TEST_04368,2.5772960198333648,0.5254467082128719,0.950491106062202
TEST_04369,2.5393934441359605,0.03895514425664466,-0.2221913384632222
TEST_04370,1.4234350037430443,0.3731548757015725,0.2614109504811952
TEST_04371,3.071015495352042,0.17894884510627504,-0.083451981779148
TEST_04372,4.069703205920652,1.6291509898789944,-0.6603413128604693
TEST_04373,1.2704719860619096,-0.022309359207949724,-0.09346032147693555
TEST_04374,1.9265216904532232,1.5286563401482427,-0.40526908515804394
TEST_04375,1.7337260141296378,0.19725893250023444,0.1877262086700479
TEST_04376,2.652729258316898,0.644119080467817,1.5860581827904894
TEST_04377,2.948086453071903,0.5349159653608307,0.5887497789845507
TEST_04378,1.4849145327341895,1.1841118073583297,0.3714846493651464
TEST_04379,3.7623854864509974,0.8310405029405376,0.058640516328746756
TEST_04380,0.986062223145348,-0.30797738160972826,0.10993344810939935
TEST_04381,3.3522042674162686,0.07656345018360801,-0.16227767465074275
TEST_04382,1.8155447394335642,0.2031178422239764,-0.1677103884360887
TEST_04383,2.607439984938713,-0.5869944954302211,0.652450566491557
TEST_04384,2.169467885870709,-0.011086187602380488,0.38516742338470994
TEST_04385,4.465157939085927,0.4279421115670874,0.31445042596409045
TEST_04386,2.6387412543743722,0.6695691426949171,-0.8321619532935837
TEST_04387,2.0948176069568265,0.3089496323936378,-0.5975923446644219
TEST_04388,2.242745783175656,-0.6187381324275599,-0.35660640662688
TEST_04389,3.0586059439126703,-1.7532353228137105,1.3581530523383245
TEST_04390,2.4294436144607805,0.6750200868582362,0.8693872283338212
TEST_04391,1.8433064854965175,0.42993455374779566,0.03602867123571445
TEST_04392,3.144403750273375,0.7370276227026235,0.9696228040364626
TEST_04393,2.7029927145604553,0.3093985995562099,0.07179733960843844
TEST_04394,3.6591901752418634,-0.7551469061251547,0.5791217155009453
TEST_04395,2.383798274051984,1.0875944140344007,-0.9038119381414605
TEST_04396,1.550087829055135,0.6926709112851425,0.5032802796809059
TEST_04397,1.8457786727698724,0.015974737506848007,0.5026606023721704
TEST_04398,2.623132199445445,-0.1316607325693496,0.18834605054182324
TEST_04399,5.298694271287356,0.6089034256952637,1.4079552957907921
TEST_04400,4.119709880101477,1.2158690836412291,-0.08232662942670083
TEST_04401,4.531991721177128,-0.6257313855540446,-0.28204026849537395
TEST_04402,4.30722787721415,-0.8166383927561335,0.409757650960948
TEST_04403,3.0371508871421455,0.06359538712579206,0.42306812519842124
TEST_04404,2.233867627638061,0.33589865770513944,-1.0045926928346223
TEST_04405,1.8702414193936643,-0.39430837660427387,-0.41800711587176537
TEST_04406,2.1190200824325984,0.6807382734771847,-0.24506132637878209
TEST_04407,4.9683708593668685,0.0375970766511425,0.24199716175299535
TEST_04408,1.286082111321356,0.5478604186247927,-0.5822081703288053
TEST_04409,3.476813680532913,-0.1273019295218737,-0.13992774674641253
TEST_04410,1.1378748866233785,-0.12394924724445351,0.06027400068970986
TEST_04411,1.9496617454237797,-0.4179838380313528,-0.32487580719764086
TEST_04412,3.711759419946552,0.9496933213577168,-1.1811172962837837
TEST_04413,2.7668053418456418,-0.24338744448459118,-0.16817047899655319
TEST_04414,1.4826795496154448,0.2450825359872203,0.08252824173502236
TEST_04415,3.7944976372731665,0.13430349294674235,-0.6410930425729493
TEST_04416,2.128561773387539,-0.7208749991952562,0.2547591663454097
TEST_04417,4.1088954140080975,-1.6828817996676977,1.918984660047734
TEST_04418,4.636693624112717,-1.3623887182163417,0.6773451628747628
TEST_04419,2.5921785234261367,0.7090470107382634,-1.0397815966357375
TEST_04420,1.7029491672509889,-0.31281557087632705,0.15973825040112805
TEST_04421,3.250737608421843,-0.3999293806876116,0.3628824921538306
TEST_04422,1.1714779714167896,-0.2261396564872921,-0.101840781131593
TEST_04423,3.7190781255755354,0.5144197814450419,0.665533445568787
TEST_04424,2.53714200958239,-0.3395683750704601,-0.3579869211005565
TEST_04425,2.0737865807238545,-0.7081092775308786,0.5884906404101798
TEST_04426,2.2627793925211663,0.06597712468230493,0.401370886876185
TEST_04427,4.230442314850094,-0.18628002013001627,0.984341171497026
TEST_04428,3.19053894014795,0.17379793508289343,0.15609419961981824
TEST_04429,4.998233257205175,1.3699912171491988,-0.2004619137039598
TEST_04430,5.312777591581567,-1.7352497378276812,-0.9360233746733961
TEST_04431,1.9862763096708171,-1.2203743161382357,-0.5402844888659284
TEST_04432,3.34027931303669,-0.60901998510837,1.565170472913859
TEST_04433,3.8138951381412007,0.13143959698496596,0.7701794871989648
TEST_04434,2.9572431808132102,-0.4086977496214031,1.002149612625649
TEST_04435,1.4037726330002136,-0.11475127291208746,-0.05051501707671372
TEST_04436,1.9168147308936754,-0.12438806424380401,0.6879398202456385
TEST_04437,1.6376648142782346,-1.0769022162175308,0.2797594721429359
TEST_04438,1.999273086269788,0.14407228271318162,0.46013874058652937
TEST_04439,3.9884571517565006,-1.5605852583498168,1.441325955999634
TEST_04440,2.4548367348293487,-0.9532753096415217,0.5600916112485432
TEST_04441,1.3994501183116148,0.47673248500926246,0.14160882974220557
TEST_04442,3.8531734209838353,0.2809634569849622,-0.8710237923995313
TEST_04443,3.6975540542769463,-1.3028527172334623,-0.32499382257019793
TEST_04444,2.3955636135706033,0.582591693376877,0.4019943036545626
TEST_04445,2.36383944384543,-0.029198981560501554,0.0777397764412572
TEST_04446,1.6506976515158343,0.4299366951574925,-0.191861975870729
TEST_04447,4.23482924038366,1.410730845411671,1.0016117794542367
TEST_04448,4.293012700586335,1.6252408346686353,1.502215733219834
TEST_04449,3.2786259180323567,-0.35086239464106456,-0.50503428407416
TEST_04450,1.268792057324088,-0.051491893252801596,0.19228622930547987
TEST_04451,3.0341205474926136,0.5404100239316334,0.15276081097585292
TEST_04452,4.7324103061262655,-0.2092622122985082,1.6150403565916716
TEST_04453,2.318161751567867,0.08360140021768524,0.38774872418730816
TEST_04454,2.3086689361287895,-1.5278325881414094,1.4159560498835122
TEST_04455,1.8597397494815748,1.0435999529085667,0.13772566268347236
TEST_04456,3.3866523895259752,-0.3710408299327836,1.030296676661508
TEST_04457,2.2910685300797478,0.07639625933594302,0.10559062719338333
TEST_04458,2.717437633022515,0.22164824799558253,-0.11646174609801903
TEST_04459,4.607451198259574,-1.4431923667046083,1.0406088087042908
TEST_04460,2.45301815986815,-0.18400835051125908,-0.695852175152692
TEST_04461,3.186257410686991,-0.47069962590354886,0.7693167875782726
TEST_04462,2.026562180064591,-0.2252541964720432,0.14233700960767062
TEST_04463,1.8580532136787646,0.02545407043318743,0.588242891931147
TEST_04464,4.289267256218411,0.29375471926262026,0.6946712958962505
TEST_04465,4.285174129666242,-1.6610227711897123,-0.3137471018909599
TEST_04466,2.1002082980566263,-0.06378709731772815,0.30057690444754154
TEST_04467,3.6623433055087453,-0.7948452156088343,-0.592338255678464
TEST_04468,2.567334288494092,-0.8129804423402939,0.4727160331326719
TEST_04469,2.636822546516749,0.08946284859786728,0.80515772290245
TEST_04470,2.3029574911292747,-0.10372885165546732,0.6278218195701352
TEST_04471,1.265177837907102,-0.6008081357309508,0.21423203482375477
TEST_04472,1.2090581584609856,0.4864678539156304,0.023522488516901596
TEST_04473,2.223331182384848,-1.0326265030178374,0.8706320172939931
TEST_04474,1.520255230768028,-0.20590323242160904,0.10764664611788541
TEST_04475,2.3483525651798773,0.7334127858111656,0.532421506257025
TEST_04476,2.879589325451201,0.4368026297054584,0.8292277090104742
TEST_04477,3.0678522360926324,-0.24078243040407546,0.9745522034017877
TEST_04478,2.9428008095053473,-0.878917428994364,0.7702376067517814
TEST_04479,4.217769128065359,-0.18047934160937082,-0.08797840567360696
TEST_04480,4.36331697272199,0.5112463974935195,1.4731937592966182
TEST_04481,1.392767639842109,-0.2050988988804078,-0.11212102453114704
TEST_04482,2.485060157780639,1.457698231222773,1.615673263206369
TEST_04483,2.423547350177179,-0.9804293416828841,-0.8691675227730545
TEST_04484,2.1180513191605086,-0.29792856262257683,0.07505173252489654
TEST_04485,0.944780231388127,-0.0023566106461840484,0.3035398623588309
TEST_04486,3.7990302306039077,0.49137248876951994,-0.6634899851649317
TEST_04487,4.2345950884758325,-0.6890940592406207,0.2171095582067001
TEST_04488,4.597820153575264,0.4462402120347886,0.24210567726051502
TEST_04489,3.1642491724850657,-0.08821572091733673,-0.08392324616432711
TEST_04490,2.5940367726684195,0.26719232552505684,0.5935981397763825
TEST_04491,2.8623285328612798,0.1919925301237816,0.5159842046040537
TEST_04492,4.635505407664676,-0.7929188105354698,0.7609940194608246
TEST_04493,2.5538939513407795,0.029764660485142997,0.01277772328370962
TEST_04494,2.205532200686666,-0.18056525982729318,0.013981441211633727
TEST_04495,1.454521663139975,0.832640628727372,-0.2013080348876907
TEST_04496,2.959349713281741,-0.0511478713995846,1.328881528875556
TEST_04497,3.5409942892313797,-1.8463014666836264,1.8273827222345302
TEST_04498,5.081968848174059,0.6368706659566739,1.6276576204598552
TEST_04499,1.9904567194674307,1.2289025643189975,-0.42931586535749694
TEST_04500,3.0406847563705988,0.35634960803665516,0.5125136177735121
TEST_04501,1.1691608163849538,0.07612707293624879,-0.12549211413605763
TEST_04502,1.9472598699406376,-0.2831599107460389,0.4983027466042594
TEST_04503,2.2032644304390856,0.11068417673148953,0.5913899133089949
TEST_04504,2.715068222268147,-0.13849846447982786,-0.6026242618913622
TEST_04505,2.763833647875924,0.9499697784197726,1.0437521579870186
TEST_04506,1.5485346212100233,0.5103275216143806,0.3111223027330794
TEST_04507,2.0732607577822013,0.5158059468990084,-0.14649254180657487
TEST_04508,2.800881019488965,0.3329276016274989,0.6338084377115886
TEST_04509,3.317099872894117,0.4897525914484241,-1.1699845650805867
TEST_04510,2.6860197791105227,-1.1638119713174686,0.7190432917290774
TEST_04511,1.145456030457738,-0.40897709478570593,-0.11108281539118167
TEST_04512,2.208668532869175,0.7420981824110041,-0.3081631730738053
TEST_04513,2.084053201266507,0.058421743164832014,0.3039353047534953
TEST_04514,3.065147094085788,0.1465995928252033,0.010631036680631294
TEST_04515,0.9804211309315475,0.4957563224420556,0.07240142815762084
TEST_04516,2.906640305611498,0.7141001707863718,0.4479501891744596
TEST_04517,1.4653565904635688,0.3976143046650538,0.4025324698287696
TEST_04518,3.512913360725835,0.44040792513300214,0.8801993549769279
TEST_04519,5.468435334641167,-1.0201733131818822,-0.9376525129926989
TEST_04520,1.935428010526724,0.9502327694994211,-0.16942330591381238
TEST_04521,1.659009363608965,-0.6768495172482616,-0.19425226566322634
TEST_04522,2.601169211122704,-1.4333477748885233,1.3573256326634082
TEST_04523,3.3048708412515846,1.92954371948488,0.1444913102940581
TEST_04524,3.6462358133808515,1.1579180476116528,-0.5271377642958033
TEST_04525,1.823877762877771,-0.09008453376795401,-0.03417418963835575
TEST_04526,2.9546071143747743,0.2940402807323228,-0.31234523808051845
TEST_04527,2.8874402161637276,-0.5976042841603031,1.3235203710284358
TEST_04528,2.755820825782748,1.1244287677809377,-0.4831181283122513
TEST_04529,1.9716083343899968,0.44073755310381857,0.06534468073399646
TEST_04530,2.5695444236474563,0.47258512796731034,-0.3128516456790036
TEST_04531,1.1541663117588383,-0.12285882154082559,-0.3126010012217944
TEST_04532,2.6680490926193303,-0.5986746257116663,-0.9621169104578623
TEST_04533,0.9307479615221763,-0.05475738630163823,0.19235076511254703
TEST_04534,1.6030921214637364,0.23647682166081715,0.21678428839869224
TEST_04535,4.144541628337171,0.36640127744345324,-0.12934356299523572
TEST_04536,3.215183887927301,-0.8691086922123059,-0.6551087873713808
TEST_04537,3.5560015869337165,-0.36598512295352986,0.7466684851405638
TEST_04538,2.979055816462721,-0.9046653918618033,-0.3344390563112273
TEST_04539,2.1421923310621978,0.13146273647121856,-0.729865191986518
TEST_04540,1.5826611238091524,-0.6851911258367053,-0.13447358184092248
TEST_04541,2.2992175712317238,-0.00868625484619054,-0.3338199338502535
TEST_04542,1.546223534275751,-0.3802322070993385,0.4363659731464567
TEST_04543,2.302163506201964,-0.41206485849461333,-0.626587881125485
TEST_04544,3.7752646789213062,0.5418363021682566,-0.22625715235920874
TEST_04545,4.438670095122975,1.589443059180707,1.684461707746361
TEST_04546,1.2508387990260026,0.19887622790498824,0.040538319978333785
TEST_04547,3.9422963936466213,-0.5086472721649846,0.6778803994012417
TEST_04548,2.818882185900435,0.5935541432237121,0.20513057948871527
TEST_04549,2.6351158056491366,-1.2481192508677432,0.2095739196612032
TEST_04550,1.9547599784869647,-0.4905144026935138,0.6173631271049569
TEST_04551,1.3779942281834354,0.19028157549724745,0.02935719602306794
TEST_04552,1.7260559715912265,-0.6571815234904362,0.046902844892730215
TEST_04553,3.6624577674139576,2.0752453456205413,0.7061282761865919
TEST_04554,3.6909669308090405,0.30924772463016015,0.3275866562565843
TEST_04555,0.7424252854232266,0.37297053712381867,-0.22854696493082055
TEST_04556,2.7567006914317105,1.1192453207896862,-0.7797518639918863
TEST_04557,2.8788632109555845,0.9740070809274103,-0.6276863683641017
TEST_04558,2.3057677541395494,0.8131574867606479,0.3307442987908819
TEST_04559,5.628102210709755,1.5712757498095427,-0.5310966345004924
TEST_04560,2.878640220014684,2.383449893278266,-0.10397969121083252
TEST_04561,1.5355972532472792,0.29170430344003406,-0.4735826649104933
TEST_04562,3.710443571381224,-0.49969239270124854,0.6460520571207926
TEST_04563,2.402683210001168,-1.6535569512344235,1.2257802978146572
TEST_04564,3.0979285574386752,0.22769848137283152,1.4598589424432022
TEST_04565,1.0995155664022076,-0.2036583420911634,0.3315721139623656
TEST_04566,2.7597142352451005,-0.08330087618671049,0.8445534040384874
TEST_04567,2.8970467545433713,0.6239553605694362,0.7029051924339853
TEST_04568,4.717508348304318,-1.6966583357488374,0.9579434592662144
TEST_04569,2.5211146409509917,0.7025401863032339,-0.13627324705223273
TEST_04570,2.0136343278563125,0.5844038179441118,-0.31365757278972295
TEST_04571,2.818227673726957,-0.2669117486751836,0.7940795301099846
TEST_04572,2.4105557873334544,0.18488141511823059,-0.7586811757481342
TEST_04573,1.5438542296792146,0.18186165478593969,0.022686187743608525
TEST_04574,2.2552692149742506,0.10985358716465313,0.40509385033420053
TEST_04575,1.4449020965322026,0.506129639879922,0.2847115616893038
TEST_04576,3.105847939461657,-0.18197622830743063,1.0450609206991488
TEST_04577,3.2806481572176547,-0.06697333655786258,0.6487255230972012
TEST_04578,4.866609393419716,-0.635721599970659,-1.1585415384013058
TEST_04579,1.7313304895136448,0.33832717313654453,0.532001515861387
TEST_04580,2.424327268769256,0.09179812075998475,0.005097243599135079
TEST_04581,3.482082839478548,0.29995666938306736,-0.6967424163628203
TEST_04582,1.6195603074801657,-0.5563952735338821,-0.49744234771483875
TEST_04583,2.057374818337247,0.6410293800132644,-0.36716063235582785
TEST_04584,3.0849533757947714,-0.5348396944661356,-0.512792508783513
TEST_04585,2.1408439960153665,-1.7402880251586514,-0.47482496137882807
TEST_04586,1.9254677802048268,0.14310183751435485,0.20803373497061134
TEST_04587,2.5275803094894633,-0.3188271374462975,-0.38425579364306656
TEST_04588,2.3561882757818404,-0.8305879163283986,0.0970889288784331
TEST_04589,2.825882450491835,1.1748832277998158,0.5283710604869718
TEST_04590,5.098143825592779,1.4938950404561597,-0.022058487214466807
TEST_04591,2.1591926387040656,0.2376890634650573,-0.09814382489214472
TEST_04592,2.276391470411322,-1.263566528605775,0.03863406941488801
TEST_04593,3.5359253077499977,0.7279812847225582,-0.307556621893912
TEST_04594,1.785974635463146,-0.05429370546712772,0.2531017767993854
TEST_04595,1.0684170771708374,-0.3262852652580293,0.42103713822911515
TEST_04596,2.2159067230042586,0.6589291661308161,-0.12277257434512219
TEST_04597,3.48736540935431,-0.8985993932745505,0.7795890479946794
TEST_04598,1.2972300220923363,0.3462245061004642,-0.056450723551266055
TEST_04599,5.497570444111226,-0.20318041571711368,-0.24957729632688555
TEST_04600,3.8856121551211293,0.361972219122154,-1.0308764869478675
TEST_04601,4.537917853520705,-2.143938508271757,-0.3215633420426823
TEST_04602,1.8869263991285645,1.1021781988373904,0.1785413024655093
TEST_04603,3.484462224542024,-0.87490980885218,-0.07490167346890939
TEST_04604,1.4325306633181958,-0.13132210389935375,0.5085726439666333
TEST_04605,2.6154552607523414,-0.027088206393491524,-0.6597038981170146
TEST_04606,2.9366657387439057,-0.6869397421087854,-0.6734080433147616
TEST_04607,3.1869924225288044,0.9237544280250259,-0.6960193322378567
TEST_04608,4.220164942693275,-0.6703857787391299,0.5358493026971938
TEST_04609,3.4049284685455024,0.17312133821642023,0.46750580160550387
TEST_04610,2.9360164922288283,0.3197235691844906,-0.29146963634264156
TEST_04611,2.628753819632471,-0.009309464507864188,-0.21465857775734207
TEST_04612,4.6222151298517415,0.1441919344328436,1.2380336911662944
TEST_04613,1.3771999851638048,0.09399211702527838,-0.039478390695600274
TEST_04614,1.7953297592480095,1.1380769139919495,0.3364052267994571
TEST_04615,4.061906582295115,-0.8425030826127976,-0.6392536627248192
TEST_04616,1.7398189876010275,0.249307461517637,-0.2427434675439878
TEST_04617,2.8911501946835028,0.06422751576472661,0.9350054223852637
TEST_04618,4.732503497361432,-0.7691488690396493,0.4980399058511962
TEST_04619,2.250131356867602,-0.41222967114183406,0.11084077591030984
TEST_04620,2.8319457204852325,0.2013722712281594,-0.00926201185485399
TEST_04621,0.7714346145716733,0.14525113656575295,0.0845285885431215
TEST_04622,1.722770160449847,0.4900014219383675,0.5255901034000064
TEST_04623,3.323116104890087,-0.2609248500901067,1.0972399470309573
TEST_04624,3.2799261559471957,-0.04217771654729753,-0.14366445621057566
TEST_04625,2.697992392972021,-0.6943311861836404,1.5171972216496405
TEST_04626,2.6411767989483423,-0.288175132207549,-0.39444459280460176
TEST_04627,3.962288391117101,-0.13338592184990541,-0.13786358082147546
TEST_04628,1.753022320191467,-0.22879102399381418,-0.02497133295471573
TEST_04629,2.011141503665,-1.0857821152928342,0.3655778680455015
TEST_04630,1.1492525288095665,0.09011336347700843,0.2962378721285605
TEST_04631,1.5199840959481743,-0.7304562180782606,0.4534395344886502
TEST_04632,3.3318799065161455,0.4759251422742716,0.16211039438835181
TEST_04633,1.701157678553586,0.5308958265902131,-0.2436963047622418
TEST_04634,1.724579061027106,-0.38521335376576504,0.19909386292239659
TEST_04635,1.0548178058124769,0.6057422577336021,-0.35738890729531614
TEST_04636,3.9151713971386877,1.8674095002486393,-0.7838487778210101
TEST_04637,2.3716964588356806,-0.4585594472576172,0.04901186280816615
TEST_04638,1.324459959439975,0.7266822767997453,0.17933303750181182
TEST_04639,3.4337359576705455,-1.1121955761688143,-1.2218168576527684
TEST_04640,4.780877874892718,2.306934424544001,1.0634458056338316
TEST_04641,2.7927892496437825,0.2717723956501058,0.5571056762966364
TEST_04642,2.7462505465467792,-1.3864851751970293,0.16840132329953314
TEST_04643,3.7066657122529234,-2.255254015378657,0.16466761236825228
TEST_04644,3.404220884075163,-0.7092289753513199,-0.8602035266207707
TEST_04645,2.811454671310292,-0.668799193551907,0.1890496197367542
TEST_04646,1.5371214337425827,0.2694004574024425,-0.23533535123050764
TEST_04647,1.9188170004794762,-0.2371441708339526,-0.11328493129014083
TEST_04648,2.8559419070947776,0.521850500370334,-0.4751961720690558
TEST_04649,4.051093470504859,0.6189424670431376,-0.5337458601327499
TEST_04650,2.7803553649429045,0.6341462176027745,0.2623124767932185
TEST_04651,2.499239896877736,0.1943405806706393,-0.5312415673620158
TEST_04652,4.297162781270926,0.7114390367755312,-0.3356426065005682
TEST_04653,2.3444699064823653,-0.044729090031819276,0.2087722453694998
TEST_04654,2.0129173447968065,1.6276580791823736,-0.15934858765131743
TEST_04655,3.207645026977113,-0.5870029344414577,-0.7419221608904139
TEST_04656,1.9764722024334418,-0.04704089290700321,-0.350839933862597
TEST_04657,3.2935949615239783,0.5025501984836147,-0.26358010836999923
TEST_04658,3.8474150427295566,0.5493457610616251,-0.8389113156427362
TEST_04659,1.5471652545553698,-0.5166232607528591,-0.16165645049801705
TEST_04660,0.9808304132826758,-0.18216897818819638,-0.10703048178589009
TEST_04661,2.054567298236755,-0.03735604478229984,0.5481532004713827
TEST_04662,2.0844124393923797,-0.6708125569560203,0.025195864064626847
TEST_04663,3.8268367761109996,0.20205860576320048,-0.10176296394806028
TEST_04664,3.9970394408503656,-0.5384796291604746,0.7130480023953476
TEST_04665,4.102884100742844,1.1966520411373165,0.08697701723724109
TEST_04666,1.785119674261194,-0.5657659323676493,-0.7922800815037323
TEST_04667,3.3897978471766086,-0.1837157889689584,-0.07393294905070687
TEST_04668,2.7997079888824086,0.19465500816593637,-0.1426089869829256
TEST_04669,2.8748563385372994,0.23630267353582707,-0.5671137983381772
TEST_04670,5.03636646102062,-1.1735836027131694,1.1795567084779925
TEST_04671,1.3028795412162877,0.33128984199531347,0.16969493247045997
TEST_04672,3.0949556373563567,-1.3552805741426555,1.516214098371844
TEST_04673,2.5625451139284285,0.47831130719051185,0.366348975687116
TEST_04674,2.934669313547146,0.14186122438708226,-0.04925779220526221
TEST_04675,2.4161255887202917,0.9726347322297888,0.5790410306723872
TEST_04676,2.233448972178982,0.1849355794103376,-0.058435931068977105
TEST_04677,2.213473623299924,0.5102167431835595,0.03208645784902333
TEST_04678,2.1794012013759256,-1.1373063919825934,-0.5280534721636678
TEST_04679,4.972998608656307,-1.5936556801735162,2.1572530307972793
TEST_04680,2.263644127069034,1.8027176344708307,-0.37777861082632713
TEST_04681,5.055903478789155,0.9391990811967436,0.956469842745492
TEST_04682,4.908705836799437,-0.03827587363654743,-0.8160522820587914
TEST_04683,2.611601251032138,0.7140149184418338,0.21113200851005498
TEST_04684,1.8038068994893939,-0.3224781990740039,0.703312693857005
TEST_04685,3.0588653939720105,-0.04732627039892591,0.06609569572574389
TEST_04686,3.904450747146818,0.36584760489688084,-0.21837801886191624
TEST_04687,1.3216015213063788,0.2643923620661379,-0.45768504490663137
TEST_04688,2.496042258878441,1.3213654062882492,-0.9721347764986037
TEST_04689,2.37782879308896,0.3208883728495513,0.09555640535105754
TEST_04690,2.559369582567286,0.7522498454016301,0.47004584109652914
TEST_04691,2.933823882333862,-0.1506531874201224,0.6505838302432464
TEST_04692,4.034486224585327,-1.1835989991420275,0.5135169732084659
TEST_04693,1.3153006032556458,-0.4514926778746505,0.4248387508740623
TEST_04694,3.216207386716484,0.06307340776647173,0.5443194838861737
TEST_04695,2.719147447548021,0.19333471784861686,0.21021854291594175
TEST_04696,2.707936371050885,0.5498492328175136,0.009050723072329389
TEST_04697,1.4723665578534613,0.0489892138810647,0.21561087950162783
TEST_04698,4.362589107632709,0.06293056474832429,0.8315183703103242
TEST_04699,4.626059950095693,-1.4958376581384623,1.4161700608653618
TEST_04700,2.8580244563751713,-0.5063253977150564,0.48913121475446175
TEST_04701,1.5001212014572516,-0.38572963755893114,-0.11007517898283731
TEST_04702,1.3608320463181467,0.3304864398336773,0.3688862381820113
TEST_04703,1.516407153334248,0.09247724846325704,-0.19421173546419387
TEST_04704,1.238160555226051,-0.5544420728534472,-0.2744272686752219
TEST_04705,1.9818544044473048,-1.5758728434024531,0.9912528657322832
TEST_04706,0.9784873786417152,0.030780093782929528,0.3303911880059856
TEST_04707,1.728856942493209,-0.7121145613071524,0.02102224878879522
TEST_04708,2.5254771980478723,0.004592565245235312,-0.20253842290549864
TEST_04709,3.3405120959034966,-0.0624889168404371,1.4363452748710148
TEST_04710,4.239127169389008,-1.1378737574201143,0.06158169499844054
TEST_04711,1.703923063551154,-0.31135506117872835,0.17910637379636163
TEST_04712,1.8408313438952266,0.4045693460916634,0.5286661214908362
TEST_04713,2.346855200384626,0.4636018156610336,0.024455291239925108
TEST_04714,1.230747508528617,0.11329449163593552,-0.10151803586338076
TEST_04715,1.5346794652325668,0.376212553173458,0.33473669355267893
TEST_04716,3.7901758505664356,-0.29314760868687006,0.08139495657710998
TEST_04717,1.7392283885420923,0.013906803350677668,0.17206536451287793
TEST_04718,1.9959016770591087,0.3892401116345882,0.912891498961401
TEST_04719,4.160842550522454,-0.55739145820707,0.6001699799486272
TEST_04720,4.0473634604140045,-1.2693049713138205,-0.5736226204748214
TEST_04721,3.4955121932155637,2.289813021490147,-0.5033032039905133
TEST_04722,1.7149724898572707,-0.7705200447622522,-0.5709643931109691
TEST_04723,1.4746606677018284,1.0810662021351962,0.4241695103241287
TEST_04724,2.7577327533052025,0.6632204611985106,-0.35341700876696325
TEST_04725,2.7900054989469463,0.23156367982963566,0.5669650656349478
TEST_04726,3.4915384480010654,-0.009691183121771963,0.16488595381595542
TEST_04727,2.4755337223559577,0.5380600750971215,0.872331001521593
TEST_04728,2.533711042194251,-1.6283063832238969,0.5698910862521581
TEST_04729,2.8626627809825003,0.41182175479231203,0.09914371038102984
TEST_04730,1.0570812739077802,0.07575016480713155,-0.2286061925264607
TEST_04731,3.8236322650797403,0.08837193783971321,0.35905254548859283
TEST_04732,2.853143442417075,-0.7957093708936814,0.7129774780569771
TEST_04733,2.2396966083034573,-0.3048289327841141,0.622271567054319
TEST_04734,1.919057097825841,1.5489579177412545,-0.31936139106845735
TEST_04735,3.9902858904655316,1.3448369262311202,-0.470911069682641
TEST_04736,2.8668488858259193,0.019336032249195032,0.9330968716419554
TEST_04737,2.998605500487867,0.025232042922504437,0.15760403039566087
TEST_04738,2.3700151567528547,0.09740510236735306,0.4076045558589201
TEST_04739,1.2472499736114047,-0.4243006275576797,0.15647720389769204
TEST_04740,1.426092046518091,0.26056727410679725,-0.14781653236665365
TEST_04741,1.0501015060235916,0.133767855332406,-0.34922292273586214
TEST_04742,1.9901778775635672,-0.2102230952407988,0.32112480618712025
TEST_04743,2.1540661142512354,-0.7366804985797298,-0.8238487390256897
TEST_04744,2.894493678191974,-0.3429685044359579,-0.03643613935705647
TEST_04745,1.4973063307811276,-0.08672013373381901,0.47205781717132594
TEST_04746,1.2366716152965929,-0.020315807160803095,-0.16193775142585554
TEST_04747,2.3399880479075406,-0.08393507365661317,0.0755582907693028
TEST_04748,2.7852771251924837,1.016223448653588,0.31098190405385234
TEST_04749,3.3768597389075987,-0.44167955162345535,-0.32852310431775444
TEST_04750,4.1515792897192485,-0.10971776348584909,0.7637231247841164
TEST_04751,1.277595099830566,-0.7085119852469529,0.06552276572634316
TEST_04752,2.155519443190366,-1.3307714558413886,-0.8024380425904979
TEST_04753,2.523194150941935,0.8030241406996802,1.074920221826835
TEST_04754,2.2408988353567323,0.30164692627086526,-0.00923347855012234
TEST_04755,1.4658000123564277,0.4436906602738082,0.2434794295208126
TEST_04756,3.469342457924323,-1.2509276558991547,1.4890338514112758
TEST_04757,1.8273516682506186,-0.22998377338146572,0.32325782338679376
TEST_04758,3.0161779596476435,-0.3881417209173798,1.1567304414273052
TEST_04759,3.855650524928649,0.3719708824992419,2.141449698086018
TEST_04760,2.0324140500546473,-0.8324123107274032,0.2625594327163516
TEST_04761,2.522162940039424,2.2628891256514847,-0.6216221978975902
TEST_04762,1.7285653898576996,0.468269659800876,-0.7165701971311078
TEST_04763,3.1371980752904323,1.4892450019627117,-1.2451572936762687
TEST_04764,2.541134209689632,0.08605613076204796,-0.5105477177019958
TEST_04765,1.0421935278645464,0.10995546426497117,-0.20263725956736015
TEST_04766,4.4455181891243924,-1.0200339500064188,0.5222347583810291
TEST_04767,1.3127594210918605,0.7029075432041567,0.48205694452647585
TEST_04768,3.2429263438649167,2.2382993123235577,1.6087496035907272
TEST_04769,1.8747338404777385,0.10299914099684711,-0.08045244722353345
TEST_04770,2.2544071547422475,0.1842166523710537,0.29903307592859435
TEST_04771,1.0699858656097185,-0.41833269882441537,0.11533755920006908
TEST_04772,1.1521983711639125,0.5357896784728982,-0.5785112178031396
TEST_04773,2.3087257264158083,-0.8211286266893779,0.13821035947027294
TEST_04774,1.8945036203227137,0.6672869435721871,-0.18645693633902968
TEST_04775,2.761798509746658,0.5058408717680385,-0.10016776225423096
TEST_04776,1.8391612413020009,-0.07081514833631049,0.8259351788233422
TEST_04777,1.9798888055000177,-0.889201100453607,-0.01435497015681886
TEST_04778,1.7631266560671202,0.35515545598124654,0.57857094646124
TEST_04779,2.239666195874372,-0.4250920374266817,0.24429982787734084
TEST_04780,1.486350887336461,-0.6876242755421201,0.4752720650576237
TEST_04781,3.363740862614896,-0.5454887896682954,-0.10022669045801175
TEST_04782,1.8526133278095565,-0.2791973496502582,-0.5679722290567141
TEST_04783,3.0994337634736295,-0.4101068504397816,1.2391349727228806
TEST_04784,3.2643704805083673,0.2006930851982159,0.21582781383640423
TEST_04785,2.8241318367199697,1.7693967494519949,-0.584060755266807
TEST_04786,2.820763246136134,-0.5765543055241582,0.2831653272180078
TEST_04787,1.652470640343786,0.3207288623685419,0.37193674455200904
TEST_04788,3.4438663096754607,0.18367954638458348,-0.09442503387199805
TEST_04789,4.698887712459266,-0.41702384640781304,0.4034473651277705
TEST_04790,3.5793153023473563,1.1848009472656098,-0.25507821699898753
TEST_04791,2.1720946995011903,0.05568771580591281,0.6087879732763734
TEST_04792,3.3243681643119465,-1.3083183185938363,0.5667389178347545
TEST_04793,2.9589681816830424,-0.011019689381943788,0.9729957310935559
TEST_04794,2.131064956369715,-0.22122617374061787,0.02741757531245265
TEST_04795,0.834348237916489,0.0038129143227777235,-0.040123850285439334
TEST_04796,3.547210634240735,-0.8599560021744284,0.5169069675193992
TEST_04797,1.874594626505562,0.26552613281301424,0.5127839020933309
TEST_04798,2.1585692507166834,-1.183963245913437,0.6433766514517738
TEST_04799,5.024377943529889,0.059482582493032794,1.6828807972401756
TEST_04800,5.010604916660111,-0.2107857868062937,0.6160439119215996
TEST_04801,4.85159772223351,-2.432393608929414,-0.957872182398865
TEST_04802,1.36305292955122,0.8909076878250458,-0.19145963716996264
TEST_04803,2.387587737800829,-0.9813251713285941,-0.2507553177923964
TEST_04804,2.1333470394699194,0.18306001939502697,-0.14461752720031532
TEST_04805,1.1230634547199483,-0.18079640672008523,0.1912757535778335
TEST_04806,2.4485564133589115,0.02828403203381527,0.15571733868463752
TEST_04807,4.06133673023753,-1.0029467021121368,-0.6283970834097854
TEST_04808,5.874020089680889,-2.2676286489704784,0.5989896541089069
TEST_04809,1.7970621331249856,0.4541003939548413,-0.3085975123114187
TEST_04810,2.0588662585163404,-0.43124603599606426,-0.5453143056775624
TEST_04811,2.0893719476771393,0.10823927555806552,-0.47365263069140295
TEST_04812,3.0072497235741475,1.3202909349846446,0.4583083907518548
TEST_04813,1.0053775664662616,0.1049045661576959,-0.22668880769465638
TEST_04814,3.8915671956621067,-0.1670477023901454,1.172833839035978
TEST_04815,3.9168067132618907,0.34855457327965533,0.41326424991635285
TEST_04816,1.3950394456291455,-0.7292958271043862,0.4071841916999865
TEST_04817,1.6454092969568483,-0.3874544428271268,0.602416967290762
TEST_04818,4.764628421005295,0.6783711281399105,1.5720128142733143
TEST_04819,0.8068936757665099,-0.04934309530943498,0.17755283060821378
TEST_04820,1.3231265266157717,0.621699171346653,-0.03759062642833544
TEST_04821,1.1568926859751538,-0.22907862888738278,-0.07401599904840829
TEST_04822,1.494470913525776,-0.013680586190606693,-0.20571524670294758
TEST_04823,3.7501265148434766,0.06518131154469134,0.21421468643562613
TEST_04824,1.6072036086567645,0.4558039425243186,0.5445874049332133
TEST_04825,1.783333074202082,-1.1002919894517111,0.2250746737340841
TEST_04826,2.5636537656354976,0.33784261587589,0.12817095361007863
TEST_04827,1.7538019832748108,-0.2942084225420158,-0.5808038438332765
TEST_04828,2.753797100884129,0.9144115352544531,-0.8255456605381054
TEST_04829,3.458427244738399,-0.6587639329285273,-0.9072389266082189
TEST_04830,4.5652778516541535,-0.0676905967609788,-0.7619437084275555
TEST_04831,1.378519178087254,0.08014732939841615,0.04206819677665387
TEST_04832,3.200306690309441,0.5383642449098069,-0.42544001791466474
TEST_04833,3.6992483867161976,0.6079311280200154,0.6752289218550033
TEST_04834,2.360228779949465,0.16498967734523848,-0.012578842302434732
TEST_04835,2.413602252099194,0.1680707370566744,0.38638750252203546
TEST_04836,3.614185370136153,-0.37457062937754654,0.8506806170575182
TEST_04837,1.7623406635971155,-0.17234359134309293,-0.13150500055373823
TEST_04838,2.1133895693417433,-0.9491983557554106,0.08392804180422583
TEST_04839,5.352141535265786,0.9620059770295379,1.2824063867588995
TEST_04840,2.1045704323612533,-0.6944591498953488,-0.18786540539372587
TEST_04841,2.9362286252946688,-1.3330638875295073,-0.07933439933707152
TEST_04842,1.8298848445819627,0.17486539212890226,0.11168295117816743
TEST_04843,1.9493887616777912,-0.324922226204308,-0.7681724414468714
TEST_04844,2.546880309577716,0.3117578372299803,0.26377703495809807
TEST_04845,2.2661471671596467,-0.32546414618469943,-0.24410838212359462
TEST_04846,2.2289624272334634,0.350264617484612,-0.3012200339761381
TEST_04847,4.079438694390096,-0.7305376830889246,0.4507949925384407
TEST_04848,4.070258174410886,-0.3188227642248312,-0.666573258961257
TEST_04849,1.8760386843336547,0.0961808614494373,-0.03987536724601873
TEST_04850,2.097764109906999,0.2384804245462375,-0.2684037693263079
TEST_04851,1.7976604037601203,0.08206855923677658,-0.027671756427284137
TEST_04852,1.6284924428452685,-0.22024534744306765,0.20126123035336474
TEST_04853,1.036147954072346,0.19850268632780163,0.033629065002643066
TEST_04854,1.0237411995311159,0.33381348023033286,0.1765561278941318
TEST_04855,1.1765478616905387,0.62445049378055,-0.1969322569387414
TEST_04856,3.3909240119470523,0.6564271445239829,1.5325141717250572
TEST_04857,4.272526009845797,1.5041324178079352,0.15631286179245715
TEST_04858,2.1836656441093396,0.1327559930788393,-0.001602902539235284
TEST_04859,4.364964310860578,0.9450344205770065,1.0483776456244773
TEST_04860,2.8690871939507314,-0.8828011234659859,0.6652578969270951
TEST_04861,1.7025670112903433,0.013649588867489536,-0.34885558427169105
TEST_04862,1.3129443918362882,0.36684334294446996,-0.041554935964829814
TEST_04863,3.2067758258769716,-0.6236460950046057,0.7997859596592315
TEST_04864,1.7834493897618546,0.6403921757864875,-0.0027249448930594966
TEST_04865,3.065195829338093,0.7227757923965443,0.3518945416378218
TEST_04866,3.180190685422922,0.022520721448402437,-0.07730266081402076
TEST_04867,1.4780652940676398,0.636743001262363,-0.05804419372124746
TEST_04868,2.9816654218893195,0.05020861227957431,-0.05586687580497055
TEST_04869,4.592704200371241,0.24428279492518815,-0.6909893918573559
TEST_04870,2.4999414440664802,-0.4589095732296075,-0.21035134802913488
TEST_04871,2.3012103578085426,0.5276221112173599,-0.4607289806582634
TEST_04872,3.201586423044515,-0.20000132002983648,-0.9099951271958966
TEST_04873,2.8514274215297606,-1.0036327087561212,-0.20429468824647293
TEST_04874,0.9861354473729511,0.029428883358572775,-0.1452058796393967
TEST_04875,1.440931171220392,-0.3319889182343339,-0.21582354591295533
TEST_04876,3.7470861602659924,-1.381106599691131,1.065223942888973
TEST_04877,2.357242190212208,0.30470935865472776,0.2563392726842568
TEST_04878,3.1730252326241692,-1.1825668384901058,0.13248051925294924
TEST_04879,5.551052707624383,0.9470280105987268,-1.2735840305355137
TEST_04880,2.4947606907402466,1.566310534976033,0.059887410786356565
TEST_04881,1.6364838339330938,-0.049509438724475885,-0.04984401391818086
TEST_04882,3.1855669254829704,0.9272021680928562,1.3974823993771563
TEST_04883,2.511698242869728,-0.25964572623205834,-0.7087339122826679
TEST_04884,3.348074329872434,-0.2454479193044432,-0.5697173716388647
TEST_04885,2.466792417854689,0.14229630870988544,0.1785167351243691
TEST_04886,2.5432020585177364,0.2571247849585974,0.009847420085412029
TEST_04887,1.1970672944732264,-0.17933677759144073,0.4497807011964073
TEST_04888,2.2419867709008376,-1.7676196755236808,-0.6464415462659328
TEST_04889,2.900817420561039,0.46430589450592014,0.19918949978968373
TEST_04890,3.0905662354457903,-0.172665476215087,0.1642720055681102
TEST_04891,2.446608646001888,0.003370253517591308,-0.13936083627457552
TEST_04892,1.5242200033623834,-0.3864730786053295,0.29164714355873234
TEST_04893,1.7080829902121242,0.029984592629555877,0.019169225880341003
TEST_04894,1.9364746869547045,-0.5819462265196953,0.5913058257993077
TEST_04895,4.010748078923679,0.6791011322355355,-1.4993126407699906
TEST_04896,1.1696590098174098,-0.8174151370070892,-0.6081519927027804
TEST_04897,1.5500367244537214,0.09655554800308566,0.33756708342631414
TEST_04898,2.932508360700297,0.4976470393432661,1.319216839684171
TEST_04899,2.7360857389194635,-0.8284079769098165,0.22124119150462487
TEST_04900,2.4917142812615904,-0.49617778950064856,0.2519462189551013
TEST_04901,3.101244574755724,-0.12521919663750733,-1.0972967122057578
TEST_04902,1.6221344602111296,0.34990970587244674,-0.20222198774215863
TEST_04903,2.0063339843148467,-0.6873523312669537,0.7139093515013138
TEST_04904,1.8129301539673652,0.4480248303462155,-0.4337850163456712
TEST_04905,3.9686206359081693,0.6537821894761129,0.6371150385444404
TEST_04906,2.541729960615907,-0.1690290377385668,0.28083346546710036
TEST_04907,2.1285878752615797,-0.218184051780708,-0.7329495359280267
TEST_04908,2.088090800594941,-0.4597461691424832,0.0192851197685412
TEST_04909,3.5642366289121683,-0.7695660515559182,-0.3039461915651914
TEST_04910,2.2636196408859055,-1.7329473051541187,-0.03640495153252125
TEST_04911,1.812476617020248,-0.7421125772260392,-0.050902915437729145
TEST_04912,1.865002022530688,0.1590123114873464,-0.3925936335921678
TEST_04913,2.977331128762025,-0.2594743965831568,-0.0034333627561607587
TEST_04914,1.9877040425632002,0.37184677382222,-0.2730964461290499
TEST_04915,2.257029991445288,-0.42062336327476435,0.25073688446742487
TEST_04916,4.309698993150052,0.4860345655381119,-0.11550082309271424
TEST_04917,2.3271713504845013,-1.6148829409741452,0.7914594262528138
TEST_04918,2.4690382238504403,-0.6886325823049456,0.40115037499529643
TEST_04919,3.6748839269580493,1.2608739005948448,-0.22611828294334232
TEST_04920,2.5555729906275575,0.5886513894210391,0.767971841891512
TEST_04921,2.1252694995691503,0.07659744594308288,0.4923599488374604
TEST_04922,2.4812922461765288,-1.0214701906682908,0.010312633176248427
TEST_04923,2.024477431668656,1.5630912290422234,0.6859831746124351
TEST_04924,2.636912001808703,0.09898427906849573,0.05799878950100512
TEST_04925,2.5949233246272203,-0.4556339817917636,0.16545923103749904
TEST_04926,2.24382584519809,-0.5103142215072716,0.33697224498566913
TEST_04927,2.1069423472070308,0.13220269877221014,-0.479925645814434
TEST_04928,3.021645048141148,0.30795914473563757,1.25910758079622
TEST_04929,2.345685585538409,0.6201543526544978,0.05588950913187593
TEST_04930,2.2186517496015843,-0.33730746615797175,0.4095850782791363
TEST_04931,2.178733966916287,-0.021307225395764365,0.11794572239905136
TEST_04932,2.1618876419354196,-0.9417477172393792,0.3062835040711358
TEST_04933,2.4068651080180765,-0.20864854106401867,0.3426658075821075
TEST_04934,2.189157517992167,-0.278821680105452,0.7088603046714094
TEST_04935,1.8164244845737123,-0.039697074450309296,-0.18147145162682132
TEST_04936,2.486333838934958,0.9562826337571722,-0.0811060520398438
TEST_04937,3.212808029043605,-0.7613904957123089,0.02422577390916321
TEST_04938,3.4971499296739457,-0.010908062843208298,-0.8062280300395572
TEST_04939,4.464248286771556,0.9727885945480343,-0.953128133832427
TEST_04940,2.032114670040222,-0.8044212240043547,0.8818975785928033
TEST_04941,2.771369766524373,0.42578539749326105,0.7158080224051154
TEST_04942,2.476060412728473,-0.1027159298704264,0.5579287968601349
TEST_04943,2.7047135527719846,-0.25114424546389724,0.10353958846434615
TEST_04944,1.4163577149519209,-0.6759604302732252,-0.5237474636704067
TEST_04945,5.3400305918090085,-0.4958199486952038,0.10728894608219332
TEST_04946,2.484314063200305,0.3631909492295581,-0.3354632316778918
TEST_04947,3.9351453626846062,0.22532131230980104,-0.17080108780345823
TEST_04948,2.7940126853874507,-0.5135314808970345,0.24155698223301145
TEST_04949,4.126429122390017,-0.3204364869793099,0.06975792225978113
TEST_04950,2.7599900334045815,1.0056538362360488,-0.5658147936168593
TEST_04951,1.233920193775026,0.21536808084550157,-0.23476757605191986
TEST_04952,2.609582830560699,1.592466778265765,0.11033124515658768
TEST_04953,2.2707208729662045,0.7608037390182429,0.5690621960073123
TEST_04954,1.8274141031918336,-0.045095152082294976,0.2645812568279102
TEST_04955,1.250810656023606,0.02987100155071325,-0.06609962270382669
TEST_04956,4.376657470578388,0.533379831541428,-0.17252418130101943
TEST_04957,3.5162295933038403,1.7277875344906115,0.01141435791393484
TEST_04958,1.9960825883682691,-0.4894516610441133,-0.27668198101789415
TEST_04959,5.697705016169448,1.516106028690437,-0.5794697447373072
TEST_04960,2.5224814019488138,2.0301657789260323,-0.5676337796781725
TEST_04961,4.767475324685864,-1.5686113240204012,0.9421896090710444
TEST_04962,2.008309853746057,0.8760009146870711,-0.391337384676338
TEST_04963,2.8159669358886044,-1.6544499295188768,-0.8286344685512879
TEST_04964,2.065130496341545,-0.3643972597588116,0.5192594579386964
TEST_04965,2.572185012781769,-0.5344093034428884,0.4572835841524643
TEST_04966,1.6858128171895634,-0.2201042584345899,0.3717348162065717
TEST_04967,4.9585748483156395,1.2005362973076328,-0.506958865015232
TEST_04968,1.4126927260989397,-0.6392093478558855,-0.06871262141053802
TEST_04969,2.544112489033277,0.08738284576588287,-0.5681102981741902
TEST_04970,1.7176892782620519,0.5668553488712986,0.5491526439347842
TEST_04971,1.702333006083738,0.12247209752339203,-0.3766748906467619
TEST_04972,4.741871217834124,0.819766042515669,-0.2058498240192621
TEST_04973,3.0382646587641324,0.489621290833624,-0.511308244203633
TEST_04974,3.3759443699558647,-0.7981780727586836,0.7993442057712523
TEST_04975,3.3322318259110686,1.1637268238355805,-1.0561660779108344
TEST_04976,2.350740687298163,0.4391680409446436,1.1512329337864966
TEST_04977,1.9554483177528013,-0.0649924103146214,0.8505710879737192
TEST_04978,4.135855374482835,-0.17183120615188469,0.3548550083755968
TEST_04979,2.0777030029695194,-0.3805107747052333,0.2774021677934945
TEST_04980,2.6492093189753123,0.11140237424769887,0.0002446137269429524
TEST_04981,0.9184256053807798,0.5750031744281351,0.047502145004793925
TEST_04982,1.920675308368827,-0.7525397567751223,0.5970015758878167
TEST_04983,1.3791436291290724,-0.29786101900023476,0.3081253413669512
TEST_04984,1.2466612363252154,0.5063283123893925,0.4490582871002359
TEST_04985,1.3413346780666409,0.5199143536283931,0.1256607210377185
TEST_04986,2.007127358759563,0.48972583707599754,0.567056880929308
TEST_04987,2.2793739371588,0.5843401195690465,-0.405675139504901
TEST_04988,2.5845522952806452,-0.17971696446746258,0.6867074668189509
TEST_04989,3.9234253010675157,-0.0044832911653890535,0.3202319111644247
TEST_04990,4.560196405495337,-1.0268707487635709,0.4865331254332314
TEST_04991,2.894888397089439,0.6410695683582558,0.26273946329575215
TEST_04992,2.427264811499913,1.0905549823798395,0.6030713093274668
TEST_04993,2.9731745549215938,0.7860207462718068,0.10372136146727427
TEST_04994,1.2394677724571996,0.2896757199740083,0.21241558476525974
TEST_04995,1.9931072825394165,0.5927489995579976,0.2577688039869406
TEST_04996,4.114564880433829,0.47274384241305895,0.883767270129433
TEST_04997,1.6903112801247975,0.41668637567163663,0.011785285578791325
TEST_04998,1.3661774705689007,-0.4363685837952391,-0.4640007206142034
TEST_04999,3.1804349738270488,0.2874300344760445,-0.1628324004622968
TEST_05000,2.0286306794253863,-0.11364345432924772,0.35220995391997145
TEST_05001,2.7574666001665022,-1.7796822187953485,0.8077697618470634
TEST_05002,3.998229541186665,-0.160467457854868,0.5725878882136065
TEST_05003,3.944466685406201,1.7907590223044445,-0.6339253978831816
TEST_05004,2.8076780438534583,-0.16020693938991618,-0.3016702792897746
TEST_05005,1.7985925554650486,-0.8278823219077383,-0.6573646631997744
TEST_05006,1.5836987196435746,0.31465164614827135,-0.33104381600504956
TEST_05007,3.999894677581619,-0.9039907450704575,0.7275989779457285
TEST_05008,5.405222280878139,-1.114825858312057,0.13038220736185957
TEST_05009,2.0147303990406136,-0.6409586368958218,0.30090151828051587
TEST_05010,1.5562885110513285,-0.5574180731043605,0.4709228521533009
TEST_05011,3.079532386599766,0.1978364551957884,-0.4950115142064401
TEST_05012,1.703969413384608,0.12237053835532999,-0.5969983233084546
TEST_05013,2.5287207502580107,-0.06975097382972408,0.17651939466089142
TEST_05014,2.053494766605657,-0.10714528839051617,-0.9935419813071896
TEST_05015,1.9875195021046463,-1.1463023328299358,-0.41845604371072925
TEST_05016,3.367251352718581,0.7161772230136372,-0.45270792059847637
TEST_05017,2.435189568639267,-0.6139617102322921,0.036550423184062084
TEST_05018,4.220472616241952,-0.8851773970583847,1.6675421182020953
TEST_05019,2.197180460406231,-0.6100185687082361,0.5977142312715403
TEST_05020,0.9704145253692092,0.13417468319793588,-0.4578028761724178
TEST_05021,3.3333204782081394,-0.0761404801041346,0.13766791720930754
TEST_05022,1.9883393841468335,-0.26325150785620716,0.34926499579867787
TEST_05023,4.372254118423169,-0.6681051742109129,0.23616861766649272
TEST_05024,1.701746417640176,-0.3469253587590796,0.11733630919914356
TEST_05025,2.747895342889269,-1.4422804284999273,-0.5083861833172592
TEST_05026,1.6697953737973168,0.19673701432402171,-0.2802098850990009
TEST_05027,3.133389715978485,0.5383321788708595,-0.04163602606117793
TEST_05028,1.5886666056859138,0.15655015120741686,-0.3450059507179369
TEST_05029,2.2452377636147847,-1.4615825677372116,-0.35333238647951376
TEST_05030,4.622068803978704,0.31538473115433246,1.6613862423702153
TEST_05031,2.7105514100409276,0.2661856083981826,0.2813562326649905
TEST_05032,3.1231165247312562,1.0639445007864226,-0.14101427461724964
TEST_05033,4.232177446763839,-0.5991083747949194,0.6272459130557202
TEST_05034,3.436379647932054,-0.11958867595241801,0.5286951415159958
TEST_05035,1.0323942488241031,0.3364222562086515,0.26024658175503723
TEST_05036,4.462472925904022,-0.7778036420189023,0.26345599194244856
TEST_05037,3.7560102573706415,-1.5753549482405664,0.09661486425973642
TEST_05038,3.0569278064959953,0.026375561669955538,0.23838905165730048
TEST_05039,4.54922553994127,-0.31806242845145327,-0.16666361105488306
TEST_05040,4.680243348334036,-1.6560389431779012,1.3930099658898987
TEST_05041,1.2952320099472399,-0.23314994299715444,-0.11693360158687226
TEST_05042,3.0379069550756963,-0.3842410410389575,0.7618679670221523
TEST_05043,3.4642745781562474,-0.15016724155781894,0.19266204795995068
TEST_05044,2.9042877445725135,0.919244260034807,-0.5895543710280704
TEST_05045,1.8032499259406067,-0.4535616356617618,-0.29809085978559274
TEST_05046,1.3649560959281708,-0.2545862954729229,0.4615142345389472
TEST_05047,1.153936084798868,-0.3193681525551822,0.012025227794371263
TEST_05048,5.299530436921754,-2.087029352973239,-0.47791537282365815
TEST_05049,3.5102612628091814,0.010453347219843376,-0.5196382998592738
TEST_05050,1.1967391514235557,-0.4538072888151656,0.08900842937321791
TEST_05051,2.757203184726458,-0.33627448711351954,0.0025906684603776847
TEST_05052,3.1356594503533803,0.5285725945005418,0.5774584749562709
TEST_05053,2.3647585125748667,0.3234073190366869,-0.35922893337802053
TEST_05054,3.244337536304517,-1.1247949525233565,-0.5901633633509815
TEST_05055,1.5173350251513953,0.7650271789603638,0.19165973509824422
TEST_05056,1.7156112630833924,0.8768024112321172,0.9560423439992719
TEST_05057,1.6406877343953026,0.6590116244541813,1.059118994919552
TEST_05058,2.4308280623253267,-1.2752115502847918,0.5785689797630886
TEST_05059,2.3101796062593043,0.4371363619331789,-0.2822319666888655
TEST_05060,2.917864582055028,0.33417925717796115,0.6224575082944523
TEST_05061,2.2418480955140945,-0.13180369690813756,-0.21054822255989486
TEST_05062,1.563188218493335,0.15563880023849133,0.11857442415941122
TEST_05063,3.5638106972525803,0.9691389459502775,-0.882833688149949
TEST_05064,1.1195829418722916,-0.47519709628985174,0.05625390127750946
TEST_05065,5.062830388583025,1.4128797082697977,0.6175207321473196
TEST_05066,2.901673093587448,0.0809756279265188,-0.982384898949254
TEST_05067,2.446920678471416,0.08001894756928445,0.4858657347207799
TEST_05068,2.8194972652381445,0.42767325030919856,-0.3823129242184653
TEST_05069,4.496919352193993,-0.5220014966632738,-0.9028240950121733
TEST_05070,2.448363602170675,-0.414433029178882,0.5416185471988585
TEST_05071,2.337744410902473,0.4371205682765587,0.24314735975568677
TEST_05072,1.1514037949151037,0.3845559587304405,-0.25393953528585883
TEST_05073,2.0400012997874035,0.3839392207733165,0.14794265901231976
TEST_05074,3.000448881913536,0.1585906606449647,0.14596739646464565
TEST_05075,1.6179266175778322,0.41473628510693444,0.6608945469715743
TEST_05076,3.1641654873887215,-0.33981655001310457,-0.20255018950959502
TEST_05077,1.566658572068141,-0.5861422482308491,0.11881491246307035
TEST_05078,2.693585435075578,0.6277380038136077,-0.8854827645843246
TEST_05079,1.9582229409248888,-0.1494395528325912,-0.9619203785834674
TEST_05080,2.9088837865530675,-2.112958330958623,0.8173472978850044
TEST_05081,4.253941717053418,0.5804105612839482,0.3513286397119984
TEST_05082,1.8931605072375557,-1.1358777568197604,-0.24679915418132203
TEST_05083,1.1294894970392646,0.8155420145950827,0.3450367626960658
TEST_05084,1.9136227750889112,-0.04476390700935674,-0.13340968894887054
TEST_05085,1.9238358273784806,-0.6635628226072986,0.26063408133949567
TEST_05086,1.2952899838658245,-0.45113153418466123,-0.3526290005920345
TEST_05087,3.516686080214551,-0.8238386697922438,-0.8729964950313558
TEST_05088,4.612130436049447,-1.0164858400446832,-0.5649152990681544
TEST_05089,3.5293906209597035,0.24650434029334164,0.03337274513074263
TEST_05090,1.2292902905460898,0.2564187806946225,0.18490636237004798
TEST_05091,3.3268168495848345,0.29159538774836835,0.6674584222636681
TEST_05092,2.650378408821635,0.18457297011693907,0.6649488013686587
TEST_05093,2.0622759614535706,0.5683562585390912,-0.13458055506408062
TEST_05094,2.7715084985127096,-0.5985331346631056,0.7776988893861059
TEST_05095,3.94040438730782,-0.33203653300033426,-0.2604042888886944
TEST_05096,1.2587792984375508,-0.7278052722174979,0.03234400106886878
TEST_05097,3.827476505147449,0.017812874477727694,1.6579353352838297
TEST_05098,2.989032396858796,1.3192382735626438,-0.8196591656017775
TEST_05099,2.492897609585665,1.4459230289846023,0.3717988139755344
TEST_05100,1.541284144246482,-0.46186762062017866,-0.154813737925326
TEST_05101,0.9442147056729828,-0.04222200959721557,-0.19905347541514581
TEST_05102,1.9656244842877713,0.05910452619083842,-0.027804085257518284
TEST_05103,2.5513125198603466,0.18512807641706477,0.3033104854312565
TEST_05104,1.3997517232719616,0.0467086853375044,0.03029709807150608
TEST_05105,3.795774231613111,-1.5239946691052768,-0.024321568860103573
TEST_05106,2.1751095328530927,-0.34353092667371465,-0.9517472030439509
TEST_05107,4.134368382912555,-0.311409797502808,0.9813917956843086
TEST_05108,2.470241545636328,-0.7926180226888055,0.3415308709824215
TEST_05109,4.867897511034482,1.5679421360815868,1.555581085057391
TEST_05110,4.207091498061767,-0.31224655008723634,-0.29300092881473866
TEST_05111,1.8096199689304653,-0.8635478385157354,0.14658355169605264
TEST_05112,3.375458331833007,-0.3790989421739821,-0.9096833163884522
TEST_05113,3.64472704266209,-0.29207892812993813,1.131018950475012
TEST_05114,1.4703137366014707,-0.35190280059964507,0.5013114447529445
TEST_05115,1.0736888274220338,-0.044221314512998273,-0.25469158984745144
TEST_05116,3.415247091166197,-1.8976371706605932,1.533303247489127
TEST_05117,3.067227138661431,0.39510175671428915,-0.8516437655211873
TEST_05118,3.1475403413197465,-0.4808918804861425,0.4752477600728966
TEST_05119,3.6644584907954156,0.7687747433537852,1.2227406062864277
TEST_05120,4.074126409882737,-2.021875460181431,1.3626887042652012
TEST_05121,2.209457508225941,0.6019399800334484,-0.10098274683830162
TEST_05122,3.045471670599306,-0.8701910049895406,-0.6064551724631758
TEST_05123,3.8022982683876543,0.5832555147032684,-0.23545957193358655
TEST_05124,1.8093771592186678,0.5424950054922008,0.12891574004685785
TEST_05125,0.9167174884473026,0.16807882636313576,-0.0769698603085517
TEST_05126,5.233437695189566,-0.8550447978780101,-0.4730902097667667
TEST_05127,3.6011256556937012,0.4818344321881285,-0.8497796459297017
TEST_05128,2.977099481326604,2.4843645222109734,-0.9498125917312523
TEST_05129,2.8073327577341827,-0.270231265927099,0.4201282565288784
TEST_05130,2.1815715684913637,-0.510260698896269,-0.26315514131729084
TEST_05131,3.7915697108397945,0.47499623986830486,-0.028143433291787687
TEST_05132,1.4802709448636497,0.09727706930661942,0.6286816696031929
TEST_05133,1.5692568020683788,0.0672738271519993,0.06750700633280764
TEST_05134,2.674310773274664,0.061366114893414786,1.3835414553800998
TEST_05135,1.9928023119701894,-0.15614654651675589,-0.3515967142491448
TEST_05136,1.0413316998680227,-0.6147787329338721,-0.5303761311812774
TEST_05137,2.133276414729455,0.1340247226964939,0.7800017622615175
TEST_05138,1.191447546734097,0.4341903866880515,-0.03899199892881231
TEST_05139,3.031308636681524,-0.42815926635732066,0.055350127552038435
TEST_05140,1.0838821718254263,0.09469404592984118,-0.09558276456024088
TEST_05141,3.4861299003798343,-0.21121345158447638,0.7812494648575415
TEST_05142,1.612779406696549,-0.5799411422282433,0.22079311848503516
TEST_05143,2.8202133374939646,-0.62583141480747,1.1481580209768734
TEST_05144,1.6574122668300164,0.46442723084763615,0.3248802967040693
TEST_05145,4.0935012416120085,-0.6638838484267526,0.4396558739522886
TEST_05146,2.5137026951840866,0.31927837760914035,-0.5228025809697462
TEST_05147,2.8418301460270605,0.036641105794231466,0.2757497320069207
TEST_05148,2.2089758265870283,-0.19585768019823332,-0.10896158442361265
TEST_05149,3.3174532898289306,1.9482275723528648,0.5174170007398986
TEST_05150,4.450347862334911,-0.4894519320237361,0.7442020450801704
TEST_05151,2.2648638778253476,-0.19322256146609337,-0.17429661198510704
TEST_05152,1.6585940246076225,-0.4787606634571055,-0.31881930540798853
TEST_05153,3.0106133885652593,-0.8279055674028264,-0.3502802560872666
TEST_05154,1.7822788995426622,0.4100951439103597,-0.1570542198103703
TEST_05155,1.6366244730836141,-0.7379409213821546,-0.5533109445048433
TEST_05156,4.03623849650245,-0.4916964212145892,-0.388816798214507
TEST_05157,1.8047629934494216,0.4650406223693975,0.007346271967564101
TEST_05158,2.655628636214946,-1.2259872470457365,-0.1353914060552778
TEST_05159,6.112997263656207,1.6772671470187044,-1.2296793968828665
TEST_05160,1.6609129563772835,0.2535734409336883,-0.29796056797080395
TEST_05161,1.3519511883267228,0.21127961292544004,0.03203891370053825
TEST_05162,1.7378034636965394,1.1301307497992121,1.0179100956198552
TEST_05163,1.8737608562134653,-0.5997159739034487,-0.3745402690164339
TEST_05164,1.6194033935121952,-0.018784144874340127,0.4334666649172913
TEST_05165,2.9252876205654195,0.6158880200891268,-0.4117705515124173
TEST_05166,1.9881533484056386,0.4971258417270011,0.1199834141352763
TEST_05167,4.806090812819033,-0.7914438452259308,0.22678219627538868
TEST_05168,2.6331983337522344,-0.7346784871482042,-0.3768160515842624
TEST_05169,3.5328445723070963,0.18732872660758496,-0.19081665590430075
TEST_05170,2.2557822457279206,-0.388527066861139,-0.24147487054554923
TEST_05171,3.537827157728945,0.10198703883037055,0.06279307691527776
TEST_05172,3.209281400971832,1.2030616205569553,-0.6682901859143072
TEST_05173,1.9847437878975684,-0.39147648586762823,0.37095948280263347
TEST_05174,1.6541940533122865,0.46785351307554485,-0.05117535084861013
TEST_05175,1.9583726890787885,-0.8295462401245194,-0.22500400745994512
TEST_05176,2.955268336029648,-0.5758447116993454,1.1687497985140554
TEST_05177,1.6596224702171318,-0.5195555730984677,0.7018395901872821
TEST_05178,4.928895071729675,0.1849003760147737,1.5021467658704328
TEST_05179,1.9717723766710615,0.06149766126836739,-0.5286545293428438
TEST_05180,2.224504633852314,-0.15903461582734452,0.10640105446531699
TEST_05181,0.9620528371642507,-0.4529449473748118,0.07724962138409971
TEST_05182,1.8722931321324097,0.6566104545560658,-0.4538166142759388
TEST_05183,2.9585446732821308,0.40753648339363036,0.4374345873395116
TEST_05184,1.8566472719106255,0.4343730115821537,0.621510017381305
TEST_05185,5.355023360137881,-1.1975409768284215,-0.7639036419363942
TEST_05186,2.554277560041047,-0.11990809077417632,0.7765115953864031
TEST_05187,1.6228862576405187,0.5149244845732734,0.5359978198733313
TEST_05188,2.6533363009403628,-0.7140903761630455,0.4604013053394962
TEST_05189,4.805905617000387,-1.470015698127911,0.7783757214540057
TEST_05190,2.5649234678336374,1.5901799157955854,0.09388790071239339
TEST_05191,2.6261811758201,-0.25531488713722134,0.6136858000252003
TEST_05192,3.5599193895073338,0.6483940948484368,0.6365823859605354
TEST_05193,1.889022696873607,0.485515915557132,0.041364675048898306
TEST_05194,2.439328008033858,0.13304555038861168,-0.24688858134823224
TEST_05195,1.7388839408642938,0.11481010821748623,-0.5614646405410649
TEST_05196,3.594356882081981,-0.09388674293291183,1.2582970165538607
TEST_05197,3.1251498665065602,1.096609491213636,-0.5362094438581911
TEST_05198,3.3173539342767477,0.9649870765260935,-0.19239918736488484
TEST_05199,5.352975871284195,0.9573478076918931,-0.5593620285954629
TEST_05200,2.580884392196396,-1.0661451514941842,0.23452225982201474
TEST_05201,4.352867474173485,-0.9092775403953507,-0.4901961986450718
TEST_05202,1.5582728740731462,0.3930079420174433,0.7611496757566668
TEST_05203,3.5692338818489966,-2.0631059895449018,-0.3454476983269827
TEST_05204,3.2928227195857667,0.8420403537066585,-0.4939045250969553
TEST_05205,2.193367637209628,-0.5018932971844966,0.13941565555271337
TEST_05206,2.5606047419502342,-0.18364002915850416,0.5462672632267144
TEST_05207,2.8086859038674854,-0.20150706656723827,0.9962116646667265
TEST_05208,1.6683935206487772,0.3915657295909309,0.7220940374524836
TEST_05209,1.7336717086205862,-0.34889373532871604,-0.18019435886213025
TEST_05210,3.105850731164189,0.4722652118260994,0.4027524153301044
TEST_05211,3.157512741119706,0.003361798118706137,-0.010708672593202531
TEST_05212,2.365434171025099,1.284962406672655,0.3114583498724001
TEST_05213,1.2623531284788223,-0.4746951339807993,-0.06462949112158269
TEST_05214,2.975748254868744,0.1225224584025366,0.2209462751214151
TEST_05215,2.4854235552988597,-0.596880997779514,0.2078124619247816
TEST_05216,3.1417140449026735,0.9940284860496872,0.26828657111041526
TEST_05217,3.223933622359536,-1.3100348944937734,1.4621523764307447
TEST_05218,1.1726637563695113,0.7912012035639114,-0.4046638696067193
TEST_05219,4.409467178737172,1.0335128807258507,1.1466030728671233
TEST_05220,1.9899771541866877,-0.8977816679406319,0.14214267372652672
TEST_05221,2.285121558045994,-0.14021751014460576,-0.8123644361472518
TEST_05222,1.2366590932082666,-0.4048022757986922,0.1771912572930168
TEST_05223,3.530380706006165,-0.4025406036459339,0.027460501388984416
TEST_05224,3.0996170854981755,0.0994441298628842,-0.5025337644072824
TEST_05225,3.3518983410043037,1.8505214333465274,2.0024998481280556
TEST_05226,1.467971957403234,-0.361787784125318,-0.36999202131416076
TEST_05227,2.79372909143155,0.22232419586444913,-0.9630163515313886
TEST_05228,2.9053383908373185,-0.3715769693829086,0.4454960184310901
TEST_05229,4.87118150621338,1.3352161775718228,0.6818332167634463
TEST_05230,3.577672174847633,-1.0607942383634894,0.9640966028006008
TEST_05231,2.6198103312446785,-0.07646113989550311,-0.10610714949114522
TEST_05232,2.733707202783653,-0.1458866889697334,0.2447331393832681
TEST_05233,3.134667994616739,0.221502044140859,0.5265660670749531
TEST_05234,2.7653079470589192,0.025151396042295108,0.08789233507123667
TEST_05235,1.3897724273215404,-0.3018456933097962,-0.2014582583567203
TEST_05236,2.7855444033474783,1.1428914970153323,0.010584034845612125
TEST_05237,2.435740898094598,0.8384848778459727,-1.072619379662875
TEST_05238,2.5649993633656174,-0.5229489317445201,-0.4071716220802951
TEST_05239,4.246343280990296,-1.4938826429574723,-0.3922877314233587
TEST_05240,3.473500285815605,1.1395642149272651,1.3273755140353662
TEST_05241,5.2746960842894,1.9713004234831673,-0.27276282959326387
TEST_05242,4.444770565322141,0.029885621248085786,0.92737118502023
TEST_05243,2.603537212125429,1.4550491960180472,0.8465265418904797
TEST_05244,1.7820411428054996,-0.23135305523397715,-0.2172237363971643
TEST_05245,1.8895367979190167,0.5123523104092528,-0.3333378825519195
TEST_05246,1.644961713021103,-0.5705783493853825,0.1377286836611595
TEST_05247,2.22875426893633,-0.9181258556665578,0.7861168444512511
TEST_05248,5.649612419915828,0.00143103325676867,-0.6641140311550986
TEST_05249,3.5156732885762776,0.0718551346738739,0.18225852170273474
TEST_05250,2.639732626191744,0.6147182739831165,0.03580495540409058
TEST_05251,3.9930611889639582,-0.16593786919620282,-0.2624899191436557
TEST_05252,1.45360558703558,-0.17505657381450804,0.04629355681198894
TEST_05253,2.783455097428425,-0.06144684090798255,0.23314150091395328
TEST_05254,1.1412304751631186,0.8130663068126008,0.43034416601120656
TEST_05255,2.599716868253047,0.010056949425373165,-0.1140605986235182
TEST_05256,1.1363994230245489,0.36024352689475897,0.08720394489519125
TEST_05257,3.1545503070030443,-0.2553430612987176,0.5515955646469003
TEST_05258,1.7016333757838522,-0.8827613660360316,-0.7668288913661581
TEST_05259,1.8482693621863453,0.7959452718693457,-0.46921609667764924
TEST_05260,1.657053145567344,0.03914435891939399,0.3566442888512576
TEST_05261,2.7499456143268692,0.06809093117767648,-0.011229285936891858
TEST_05262,1.3317821796708902,-0.35964433214343866,0.28486837971872697
TEST_05263,1.9573623548200947,-0.6979743659727312,0.287656681490361
TEST_05264,2.2894005609388572,-0.06696379616141802,0.5126964436306573
TEST_05265,4.0807738966951055,-0.7329903155309166,0.709238751862927
TEST_05266,3.2988360505619094,0.40807473170646114,0.2546514577419337
TEST_05267,3.795830204369871,0.7627779232697273,0.3274415244375135
TEST_05268,3.0229178043032094,-0.5878003228706739,-0.13080517115717116
TEST_05269,4.090106092927086,-1.0039959422539497,-1.1984627769284253
TEST_05270,4.920885725911468,-1.3223572103580998,1.7570933758649303
TEST_05271,3.0356801585540127,-0.06561791166891008,-0.1481201591628831
TEST_05272,2.7640489400109183,-0.7646880385112915,1.3862884016124448
TEST_05273,2.470464867534559,-0.12556174439384646,-0.1467441917982984
TEST_05274,1.4109791963369054,-0.034229839486025836,0.5161217106848709
TEST_05275,0.8154451694270085,-0.2832274094019791,0.14025267244963793
TEST_05276,3.507085959583782,-0.7664198293190182,0.24518258913364446
TEST_05277,3.0134959487103146,0.45040410485682475,0.825068843925519
TEST_05278,1.631748518284265,-0.4442078673343748,-0.5655147514226293
TEST_05279,2.4903368767898866,-0.0114921528385195,0.7964228491021763
TEST_05280,3.9302383648977868,0.42188135794383713,0.527061158093061
TEST_05281,2.967137325645838,-0.2244358194507743,-0.8849089733754613
TEST_05282,3.992801669798287,0.4916741214790002,1.3882246115086077
TEST_05283,1.6840296895044018,1.2719740752589375,-0.4281567276177921
TEST_05284,2.085135474703282,-0.8063914530100436,-0.12291414059326101
TEST_05285,2.5509175146578347,-0.8957580556736118,-1.0102503138065184
TEST_05286,3.378709382015366,-0.17492917838815053,-0.21966553830215282
TEST_05287,2.246679547644115,0.02142132544073275,0.8040483299241712
TEST_05288,3.8572109504362673,0.8085165349546116,0.49454829560090885
TEST_05289,3.004128927082844,-0.21036314311646323,0.31308111807737365
TEST_05290,1.823138557208299,0.24677859821669443,0.3655084037491974
TEST_05291,2.579605522578028,-0.04608404535163821,0.41420431089562154
TEST_05292,1.298764609470947,0.15087972680897133,0.17628350340859839
TEST_05293,2.079305544552,-0.05934977793997223,-0.04240626027797911
TEST_05294,1.2544085655772852,-0.3269224535113024,-0.09196682644645116
TEST_05295,3.456819558252092,0.5704299065325119,-0.6225226148534067
TEST_05296,2.4466198338726315,-1.2067599862982277,-0.7246273442309268
TEST_05297,2.9621244582215445,1.0120036893727091,-0.6260961380748036
TEST_05298,2.011509594196043,0.38124367278444204,0.048361351906132506
TEST_05299,3.3524339045215537,0.5985433959695654,-0.5749704630990914
TEST_05300,2.780405056738228,0.3282566396219053,-0.8440434110387777
TEST_05301,2.0383413755743134,-0.602408967337039,-0.0990820337417381
TEST_05302,1.7045582207568941,-0.2315727778251057,0.07311898505791163
TEST_05303,3.190332912961918,-0.6102036444379039,-0.8616024258366265
TEST_05304,2.8309815277411836,-0.5456814863798445,0.26632206280893417
TEST_05305,5.031742975566603,0.24852787283003797,-0.7719204428726174
TEST_05306,1.6611893269635325,-0.06115190252461409,0.12133867652592671
TEST_05307,4.003646768700965,-0.6974092278961831,-0.4564236613188015
TEST_05308,2.0158794519268635,-0.5689894572737535,0.3818203003346931
TEST_05309,1.8190796761204495,-0.8189406191206936,-0.5189552661242472
TEST_05310,3.324648311397244,0.025604499710977016,-0.23863949222880693
TEST_05311,2.552109317284534,0.9125986562020265,0.6282801673813464
TEST_05312,3.914609344293144,-0.7668323106146866,-0.7851333972684198
TEST_05313,2.5886221980161968,-1.5698835577290788,-0.5470221695977598
TEST_05314,1.5824685054720362,-0.3753513931818128,-0.11774059391381277
TEST_05315,1.879810642628909,-0.1394930593972482,0.059850806791128704
TEST_05316,2.3721691042651876,-1.2143504874554196,-0.7060041022670405
TEST_05317,2.9500904769224956,1.226968083751425,0.6974258195043788
TEST_05318,2.4394885040150642,0.3403372099006183,0.37740803856710525
TEST_05319,5.504655262952702,-0.08074122101004093,1.5946757258728725
TEST_05320,2.950278083285102,-1.0332941123560588,-1.0697725025148972
TEST_05321,2.0800212146335286,-1.109527294971292,-0.6385348300675778
TEST_05322,4.002066024785124,-0.09627803671528465,0.13738780642914108
TEST_05323,4.441176592313475,1.549500672514029,0.043733840224049955
TEST_05324,2.4015194784372853,0.9756139353275579,0.01017927497961732
TEST_05325,2.0422295278478986,0.29332467189092204,0.639995878023858
TEST_05326,2.782167760046041,-0.5439428210719054,0.5424474301013945
TEST_05327,3.5297739052990575,-0.4539385071659342,0.6576364748723532
TEST_05328,2.27500122155842,-0.6016458278442085,-0.7986606965670693
TEST_05329,2.5737352980950985,0.33939100272083145,-0.20360948425869352
TEST_05330,2.3071081526401374,-0.46949805297391123,0.14531625714955512
TEST_05331,0.786618265228967,0.33894310259669985,-0.05503857910751245
TEST_05332,1.155997560777493,0.25094554841914485,0.06145587851121703
TEST_05333,2.0214765732452893,-0.7354418799634657,0.20730123364756084
TEST_05334,0.9856169164738382,0.3639002607669225,0.024157602649897827
TEST_05335,1.2293440159650382,-0.05088433773910169,-0.1498877717421295
TEST_05336,2.759479732838187,-0.3980563697970546,-0.04682212916147988
TEST_05337,2.8954833311212465,-0.9319076761228884,0.7628798385843978
TEST_05338,3.3912668224485065,0.12671093230500174,-0.2407545793611856
TEST_05339,2.3958157550541035,1.154515851937179,0.448239077346594
TEST_05340,1.7022731604063375,0.0658450850852814,-0.10814216691991936
TEST_05341,2.759166443465946,-0.44860723345843356,0.6240952031804855
TEST_05342,1.6093656624061687,-0.035442445021013944,0.11288333669248649
TEST_05343,1.7431176611736587,-0.6739769244632657,0.34460185260407605
TEST_05344,1.1030973673436022,-0.21967945941380515,-0.08452676187478175
TEST_05345,2.0633473989709206,-0.4854436750249472,-0.35765062302220385
TEST_05346,1.870854614769475,-0.5643398347580864,0.5040138353300273
TEST_05347,3.475048047047232,-0.24529943258209685,0.11915706836401885
TEST_05348,2.3279240612960246,-0.4390506191054483,0.3510403527536445
TEST_05349,2.7884137849965995,-0.5429181059737672,-0.18961481768782368
TEST_05350,4.380047639110417,-0.7312642042426415,0.5530288253486657
TEST_05351,2.440044081584909,-0.5255143651890412,-0.7035565743357031
TEST_05352,3.0553063034795205,-0.7670157524464242,-0.962797634256665
TEST_05353,3.445883184824285,1.778542041236095,0.8484905960778795
TEST_05354,1.1465356004639018,-0.23685461254350304,0.22800830862341762
TEST_05355,1.8112528952380587,0.09072675683332042,0.07943689484917785
TEST_05356,2.8472136584311403,0.22725509529164759,-0.432845729727943
TEST_05357,2.1084550861723796,-0.26573339186170886,0.38898062243435894
TEST_05358,3.97783471144388,-1.0764558613842234,0.8817555266377227
TEST_05359,4.255724020804858,-1.3450020091071375,1.7179961639017716
TEST_05360,3.623284816188021,2.2701721012046936,-0.575928626461078
TEST_05361,3.9656046971173566,-1.9081083120581634,1.5416654296451568
TEST_05362,3.2564404390207398,1.210211311090504,1.1671261755510818
TEST_05363,3.609366544562157,1.9786359128044646,1.0231059027309326
TEST_05364,1.9878715422710334,-0.2904965135917577,0.3466827901743456
TEST_05365,2.036499288105562,0.41929476104399405,-0.4191724315695804
TEST_05366,4.028740763784981,0.0550496692085565,0.19982565309209882
TEST_05367,5.216412180435625,-0.29564731498503927,-0.2501533650102482
TEST_05368,4.100921417920846,-0.7643391334789049,0.6417032924612863
TEST_05369,3.5081976534566226,0.2655548496371098,0.49632342729550644
TEST_05370,2.833123275120951,-0.13022876212874096,-0.17492599816726723
TEST_05371,4.005127885124278,-0.5475826019219775,-0.10263959833220351
TEST_05372,2.5388512676563595,0.29438853206316085,-0.08909078485592388
TEST_05373,1.6399707637320529,0.46546492939646844,0.15488053278010785
TEST_05374,3.2800369411553914,1.2263507389770647,-1.1953853099934533
TEST_05375,2.26447390809946,0.11984059250870806,-0.17474208504667263
TEST_05376,1.9051892671800412,-0.44495327734043794,-0.48948770593993696
TEST_05377,3.825967645770848,-1.887076739655343,0.5011273552484504
TEST_05378,5.611761008047587,-1.3557225859129198,0.5171031388247088
TEST_05379,2.8486386796606817,-1.1984165611362154,0.5311197013608207
TEST_05380,2.2359749674512504,0.516386322661009,0.4541837651102102
TEST_05381,3.71732900092679,0.2945611711008663,0.4933741983226481
TEST_05382,2.100195871363269,0.352127593478945,-0.3954636282189194
TEST_05383,3.886507298629574,-0.5685978393350344,0.23783860510908802
TEST_05384,3.8303436948553116,-0.6602681942162042,0.19727129801170595
TEST_05385,1.73377972530723,1.2914753960300351,-0.9613934826165738
TEST_05386,2.373478170087403,0.2702140753404579,-0.4015123429023418
TEST_05387,3.7501511663084424,0.7927789040908204,0.33603528560575874
TEST_05388,1.9501050438503187,-0.6790643213081207,0.06208712611143969
TEST_05389,4.147957453166488,-0.5179867594468811,1.0056083840362438
TEST_05390,1.0949932701720504,0.06440300863233744,-0.12299192010167807
TEST_05391,2.0580671789393525,0.15697114100432263,-0.3024886935903989
TEST_05392,1.6307835091129839,0.8009299564718009,0.06995360601033546
TEST_05393,2.288654441135267,-0.7373432944415975,0.06413267815167083
TEST_05394,2.669094097286553,-0.2775275445770079,0.1666668498933687
TEST_05395,2.255758233516947,0.2986031721148284,0.8016289365530291
TEST_05396,2.3029436772701324,-1.0314795776421188,-0.17310892181489332
TEST_05397,1.3901937437035858,-0.18939274549646656,-0.12893041675710887
TEST_05398,1.1114588396868839,0.011493446621410277,-0.23726907312518322
TEST_05399,2.7237591688529403,1.2201503592571854,-0.5269215396395588
TEST_05400,2.4463366688208716,-0.4561814566545091,0.6047030093858458
TEST_05401,2.2235354440842907,0.6514845742333909,0.22860220638580073
TEST_05402,2.039325144182907,0.44679639711404506,-0.1185684751374321
TEST_05403,1.300179212044116,0.6820423053590978,0.20828886331075488
TEST_05404,1.874449327065409,-0.3725024947531764,0.21930899765478526
TEST_05405,1.0272758396340933,-0.027319209321389138,0.13090733897523735
TEST_05406,4.228053315277705,0.6244793445861916,1.1458332406869065
TEST_05407,3.828439298332148,0.6337491631659558,0.46751704869443694
TEST_05408,3.166269206334741,1.2243195096501576,1.3297810575593605
TEST_05409,2.98662004127371,0.4635017217421992,0.17067577616226393
TEST_05410,2.6378191405006604,-0.26343900631928596,-0.21255003487875743
TEST_05411,3.212231371342238,0.26566461784527234,0.12391304885466677
TEST_05412,1.9502633611763962,1.1743897041531308,-0.7417661191891748
TEST_05413,2.399290722181173,-0.21590537338292812,-0.04018342024636484
TEST_05414,2.2425930462852808,0.730015116360948,-0.893406917000663
TEST_05415,3.0178514438492305,-0.12800710628723566,0.03531002300148161
TEST_05416,2.128195087663136,0.19011144280408868,0.894599764385401
TEST_05417,2.7211744481511015,-1.4470430827580638,0.5586393651821964
TEST_05418,1.944721845527354,-1.5480841542718495,-0.8535675787771457
TEST_05419,1.5252593055245045,-0.5423183581246004,0.09980587949251478
TEST_05420,1.69255563755175,0.03921205408060591,0.038194968666124936
TEST_05421,2.2897225213617074,0.14794614153235594,-0.8841408193798268
TEST_05422,1.1677386088491066,-0.08904628480070309,0.11393662804151458
TEST_05423,3.0748872345898497,-0.528772495816919,-0.7033469513942534
TEST_05424,3.1506118797466267,-0.0624965915334073,0.10703170622924527
TEST_05425,4.892547565184689,-0.38746917602019315,1.131421319976829
TEST_05426,2.689409923828674,0.3227074388189423,0.09832518938748808
TEST_05427,2.5837019437369024,0.10813601058783852,0.7228102828634537
TEST_05428,1.7840127153302432,0.5342524660555961,0.056781424745041574
TEST_05429,3.437077981880234,-1.3032739042918096,0.8480367370476811
TEST_05430,2.2393251992676704,0.1977707356651318,-0.5123884591664437
TEST_05431,1.1640814291920856,0.024505101262392227,0.08577866147833538
TEST_05432,2.375223074973553,-0.7956364514037491,1.2359739942359595
TEST_05433,2.5871360840767963,0.21559191112498205,0.5560730289702263
TEST_05434,2.996257891631286,-0.3054397900590211,0.09010023054058523
TEST_05435,1.9151032404977835,-0.5908777340617535,-0.11453139008997246
TEST_05436,4.591581066589792,0.3826468726019466,0.7831762569202936
TEST_05437,3.436127091303272,0.1387535199980917,1.0224206328015286
TEST_05438,3.9642109082384103,-1.3746563689371063,-0.15245117478744588
TEST_05439,4.664280252789129,-1.2794125279456818,2.4341527755259724
TEST_05440,1.8067076642626227,-0.661072842705704,-0.24651469040080057
TEST_05441,2.6566137017668594,0.9512895309055279,0.6120837994386156
TEST_05442,3.028872567571696,-0.7109670209831975,0.32595497560579184
TEST_05443,2.889257585530309,1.1461658869641191,-1.3696489014977797
TEST_05444,3.296723246527667,-0.7686984533329082,0.7482225716992252
TEST_05445,2.68191166385963,0.5050419480250906,-0.010752465906362762
TEST_05446,1.8248754734748949,0.6153161013410631,0.3726949793469128
TEST_05447,4.296076998549975,1.2358892925799054,1.2074824232376575
TEST_05448,3.0260030866242156,0.48471021703141737,1.167762303750147
TEST_05449,3.2038184003689953,0.14943473608967112,0.5325064201161674
TEST_05450,3.236315000876222,0.20179497542905914,-0.11754053651181764
TEST_05451,1.843965863150989,-0.39806318661906165,0.5571992094643116
TEST_05452,4.575517751684286,-0.733374869828414,0.9775092216697479
TEST_05453,1.532053789476722,-0.2257027484497351,0.19540852204471362
TEST_05454,3.443499318982817,-1.1082381804357022,1.139300068593721
TEST_05455,2.8706631727132685,0.46372164213499606,0.48465508326660356
TEST_05456,3.037392209389905,-0.1775441218970978,0.5651881908824555
TEST_05457,3.557062751539276,-1.503267795983697,0.818182202918201
TEST_05458,3.1617626002489585,-0.713531411080871,0.4989430557276619
TEST_05459,3.5475387827957334,-0.9070340364196012,-1.1117164794870853
TEST_05460,3.2022335205951236,-0.5021205955445495,-0.38134329403561423
TEST_05461,1.2359677115133574,-0.4987024200342682,-0.42133712943631585
TEST_05462,1.7220013657976547,0.536369990699295,-0.5773327325124866
TEST_05463,2.059998401312536,-0.2247430191607207,0.6942537324022069
TEST_05464,3.1248201042879584,0.0120098815690334,-0.4964682591556414
TEST_05465,2.2800476602857844,-0.7432378619606513,0.18049719561036723
TEST_05466,2.7600347529102343,-0.0038647033876611316,-0.11761611457273304
TEST_05467,2.5518773315560743,-0.6057477640078013,0.9663905618175079
TEST_05468,3.1587944773704875,0.3570166197410324,-0.028987932309962987
TEST_05469,3.6056286401123736,-0.29630024364033086,0.12743075828150974
TEST_05470,0.9172086855272209,-0.2977838204105843,0.1867262210688647
TEST_05471,2.669087188360999,-0.6142803592844563,0.10611980980244087
TEST_05472,1.983364677849198,-0.8479348422498107,0.07345995143568353
TEST_05473,2.801711084714393,-0.36637563270603846,0.1454296800936848
TEST_05474,2.883232940810219,0.5454617905621267,-0.48336330319491105
TEST_05475,1.3928755611906645,0.29707579146915525,0.3381100183229942
TEST_05476,4.42162198467889,-1.1117819830734605,0.6665267119230602
TEST_05477,3.039861077767362,-1.7218812459373916,0.42911327975610547
TEST_05478,3.4436163964517874,-1.2796976860015759,0.015530480620144158
TEST_05479,6.11622166354451,-0.13624348865101882,0.3638417745837815
TEST_05480,1.2416529434752182,0.23390026961614385,0.12124170638500706
TEST_05481,4.304468252741487,0.17996550810512868,0.4203687663339939
TEST_05482,4.191551203233346,1.2528834451461681,0.5950494997888562
TEST_05483,1.995540637944136,1.2924558626440887,-0.6023521236321189
TEST_05484,2.48493506827679,0.06831088634053747,0.3585054051829319
TEST_05485,3.052413765418444,0.6078154650712329,-0.03721271764329231
TEST_05486,4.429882716149406,0.0332811499352003,0.26968455324846696
TEST_05487,4.9067816131321935,1.3343682982631413,0.3137713669986771
TEST_05488,2.237486348276864,1.0490233833071536,0.8502012656746176
TEST_05489,1.9674760306353118,-0.11172037309622262,0.23219303672792319
TEST_05490,2.176847387838861,0.10841125387715458,0.3665172534317891
TEST_05491,3.4662563206916115,0.029424915509472717,-0.2555859078103006
TEST_05492,3.79255499089553,0.9150033156506928,-0.06369446215514296
TEST_05493,1.5077973551641248,-0.6426107538524333,-0.39475952517893337
TEST_05494,2.1423638831821314,1.5805301756802417,-0.3289822379561805
TEST_05495,2.9642290294208067,0.06095935175414857,0.20338421380374364
TEST_05496,1.6187744415092462,0.12639232053978927,0.8841996553619148
TEST_05497,1.7023685215873234,-0.11657989408936364,0.6650692863876685
TEST_05498,2.9687514878306485,0.3530761787140529,0.2626471378524157
TEST_05499,3.495401873218811,0.42595579161209696,0.7276732855997796
TEST_05500,1.390009435987363,-0.4426631285468371,0.05898668479024592
TEST_05501,2.955847216517097,0.47230559284494866,0.2989155719454118
TEST_05502,2.2795822824484007,0.4789057140412613,0.6558256279988022
TEST_05503,3.3889036617806028,-0.8086296949241114,0.4100492225005786
TEST_05504,3.548470705490478,-0.5471991430376321,0.16650118455276747
TEST_05505,4.520175694842961,-0.4220528427425793,0.5359305518607264
TEST_05506,3.186049489010337,-0.5082804129333468,0.08583197897785197
TEST_05507,1.5698173178972679,0.1505197910001774,0.3704621821811198
TEST_05508,2.5714471635232874,0.38695707526766443,-0.38725039257299276
TEST_05509,3.4372122367424427,-0.8697446398805222,-0.024991458912348132
TEST_05510,3.977726030928093,-0.1022973257954493,0.8244928415239706
TEST_05511,1.3880892798155748,-0.5067371015876418,0.347198639186544
TEST_05512,1.2388455721115907,0.25622037382323176,0.00893111352175109
TEST_05513,2.6594709460099146,-0.6107054606854478,0.6240998453744984
TEST_05514,2.297650169355639,0.4080834195674744,-0.08413911378611247
TEST_05515,2.1542398915773484,0.13412453995615545,0.03918047944954654
TEST_05516,4.841732849971598,0.9861381689593093,0.7284792668192497
TEST_05517,2.364423551065745,0.891844523928062,-0.1934089896446527
TEST_05518,2.5768218554671276,0.1673899630359002,0.7017829705759552
TEST_05519,2.778822984788884,1.5785874294844215,0.13308997286579125
TEST_05520,1.4993149561230685,-0.6242914860856442,-0.29436612275919166
TEST_05521,3.0773073006410185,2.1619517334697256,0.1285566632860914
TEST_05522,1.2346657981322378,0.042973411863239136,-0.544688721077804
TEST_05523,3.6957009111177044,-1.106453614754959,-0.734441102432178
TEST_05524,1.4340017379431271,0.3407365180816265,0.2721567276165016
TEST_05525,3.072987046287802,-0.22098843570291601,0.4983937470803022
TEST_05526,1.5463972942744462,0.2157563922340996,-0.39727868815023876
TEST_05527,4.194723912602242,-0.15840586973498422,0.6889409631394481
TEST_05528,2.218751710752753,0.5403553716212797,-0.0914487031516801
TEST_05529,3.27718809106084,-0.16380069236864883,0.2637140736920372
TEST_05530,1.6369932072363118,0.10226178577738954,0.24234023117443182
TEST_05531,3.1050050618816334,0.38554120793578134,-0.855693689960921
TEST_05532,1.2536948217298673,0.31645532160381074,0.4538891591430139
TEST_05533,2.2511506300612925,-0.13686811310623134,0.3063734394696024
TEST_05534,2.0710286114069207,-1.0629645556392167,-0.01118167486435831
TEST_05535,3.2805692900374614,-1.03942078855362,0.6030253188264092
TEST_05536,2.7282244991861697,-1.533657841934485,-0.6501899991168617
TEST_05537,1.5605531098661813,-0.2751735482537925,0.2761651132891483
TEST_05538,4.83877556082584,0.5351749502696401,1.731312557616416
TEST_05539,2.7388156230157303,1.3528831903567433,-0.7713451597463202
TEST_05540,1.966569402019283,-0.10892830578137368,-0.2762789929230942
TEST_05541,3.665252954106463,0.29933584635686505,0.9782733116515346
TEST_05542,1.781769454704193,0.45034897852857586,-0.008105933025017963
TEST_05543,3.069918751648264,-0.005454635481894173,0.3612992756872186
TEST_05544,1.05574150492949,0.2219379381506745,-0.046542058944379995
TEST_05545,5.826693990696937,-1.6160798139698347,0.3607974860895378
TEST_05546,1.5672609206776014,0.7684081109156905,0.036746092766816646
TEST_05547,3.808737702240798,0.038530203148107726,-0.019822391636375968
TEST_05548,2.7052097367744006,-0.00961833014315661,0.06273990114899275
TEST_05549,2.5159910931353666,1.0451372530133378,0.1976791522898228
TEST_05550,1.9718180745822942,0.7561813193859737,0.46396682506004977
TEST_05551,1.8000626143260872,0.14838121594681605,-0.34576779649216416
TEST_05552,2.2256917602213266,-1.1469428774072383,-0.49527249531653206
TEST_05553,3.0707479230379686,1.1818615690532404,0.11916992028620679
TEST_05554,3.534908276267278,0.5287421195737694,0.013049612262530964
TEST_05555,1.6802503312155845,-0.4422457440114129,-0.21746681448227342
TEST_05556,3.8817044198375394,0.6885780844715611,1.1987382050357418
TEST_05557,2.494496379660249,1.3813238525897134,-0.18920047407680676
TEST_05558,3.301218854426595,0.6924147224805998,-0.5955848070263294
TEST_05559,5.038325416974563,-1.434214248898742,1.6508173805606368
TEST_05560,2.2037932209530813,-0.7494783157056096,0.07804262437456076
TEST_05561,4.343458046548364,1.7026967289423012,1.1660704933387311
TEST_05562,3.8608446278940796,-0.08732033797604935,-0.04784380148479044
TEST_05563,3.3224832139451115,2.110693996434099,-1.3176077146267788
TEST_05564,2.49990978517787,-0.6295203519067679,0.024341216684149868
TEST_05565,2.232016519794377,0.7862581599641083,-0.7279014386426375
TEST_05566,2.9840955813896546,0.2539531528438418,0.15356120012944746
TEST_05567,4.481883646352248,0.6292056242469304,1.1973795539217766
TEST_05568,5.333703466275751,-1.5036750055605392,0.0063340104086037725
TEST_05569,2.217753597713241,0.532781790180159,0.23760267003664517
TEST_05570,2.4699494805458024,-0.20077224658971027,-0.7174352723615629
TEST_05571,3.620511762297029,-0.2635861635378957,-0.4361367825389231
TEST_05572,4.357623090512978,-0.9332411931924631,0.7906679777399402
TEST_05573,1.246322420277158,-0.22196865968578164,0.13580145186228101
TEST_05574,2.968914307771609,-0.050077180794512004,0.6449316665558125
TEST_05575,2.0862989159270957,-0.766346655158719,0.3101614708204864
TEST_05576,1.7622570479719544,-0.6683173536652843,-0.618642111242884
TEST_05577,2.5092633075084954,0.7461587036009338,1.0515626031172982
TEST_05578,4.67150991141197,-0.8367063145642502,-0.8021300695579272
TEST_05579,2.5017843599874947,0.6549331187746315,0.1999521389928507
TEST_05580,3.2169437793925817,-0.25041472609857507,0.3939971944302814
TEST_05581,3.0314228091328173,-0.06286676307449969,0.1263491026046242
TEST_05582,2.1983606698191744,-0.7369396179356594,0.7716890305390832
TEST_05583,2.167338333936595,0.039877542222882284,-0.2997361801184198
TEST_05584,1.620912799868201,-0.18875524517577005,-0.3906242360795779
TEST_05585,3.505425884129622,0.09869361685731598,1.3350027015724626
TEST_05586,1.5287693138739111,0.514421937469731,-0.28213450947530366
TEST_05587,1.8224278052917244,0.6332912370434265,-0.3227388033280086
TEST_05588,2.5452256691588713,0.0002655181210744547,-0.13433216969331113
TEST_05589,2.9175453458625475,-0.833965793850301,0.1564762344609383
TEST_05590,3.5686593582288566,0.6191541164711777,0.4101729544533639
TEST_05591,2.418245436910953,0.6028109987979037,0.4249779000485125
TEST_05592,1.7184518213753903,1.1485848780987613,-0.03478280452055206
TEST_05593,2.6719209760602323,0.4436315222929491,0.07063690234009874
TEST_05594,2.318304573742938,0.3496626999499117,0.01742024032182981
TEST_05595,1.756733122436667,0.6031235434779166,-0.3286148908203864
TEST_05596,1.7505283407428973,-0.9937544188831188,0.5190821671850097
TEST_05597,2.0114505340146556,-0.8661972978544346,0.2877905427509959
TEST_05598,1.684957592676825,-0.11423485824393394,0.522517784347747
TEST_05599,4.644640804914918,-0.8305522139971394,0.2771287689778319
TEST_05600,4.595024979010238,0.6706809045862052,-0.617392347029559
TEST_05601,4.630917373706357,1.7684630884735952,-0.6890390874306292
TEST_05602,3.7484715971560694,0.3640115720300327,-0.4643513524331156
TEST_05603,1.4504596011261106,0.8262805115847536,0.09059525353231017
TEST_05604,2.3721768130504968,-0.41633315512924235,0.8814584955982379
TEST_05605,2.1097891949089225,0.6308666441451073,0.06400317513288113
TEST_05606,4.368339657312116,0.6982630514958448,1.047978394737928
TEST_05607,1.8831341173527054,-0.26144460246109386,0.35391877085219864
TEST_05608,1.1553234603169862,0.5032456776053171,0.2340214549032186
TEST_05609,3.3554318438016266,0.3151040697921533,0.22045035251490713
TEST_05610,1.4346853760926892,0.2049321500741264,-0.4054740237388096
TEST_05611,3.372829537951265,-0.49744048013407505,0.1528879505089767
TEST_05612,2.234980675773897,-1.2945641754463253,0.8871100550228246
TEST_05613,3.236991002042472,0.2765283885025671,0.4432175428964343
TEST_05614,1.1313046223701269,0.7866962559211196,-0.5659939094814678
TEST_05615,2.206974975328668,-0.6894105283443911,0.42309845208555064
TEST_05616,1.38252792183678,-0.4738011146631862,0.4529338624003059
TEST_05617,4.356605734441764,2.084786741433273,-0.5763549496965716
TEST_05618,3.7914185486265035,0.5818460651714135,-0.4335665134762933
TEST_05619,1.190351614022299,-0.6688082275117585,0.11985487760540721
TEST_05620,3.33737337292848,-0.3427142103407283,0.832563037953839
TEST_05621,2.1268661768039627,-0.0559424187542475,0.6880071560001774
TEST_05622,1.9654857357043234,0.055964270697403284,0.44132265347082167
TEST_05623,1.5694924156638177,0.5937102794502234,0.12972069947812706
TEST_05624,3.955368538469274,0.20970317775622335,-0.10768136909484192
TEST_05625,4.468169916824,0.007795152673108906,0.5158999543592816
TEST_05626,2.3797609025534214,-0.4433871166830249,0.4150151319807374
TEST_05627,1.5815496570658283,0.4372446499500685,0.1474405210680811
TEST_05628,2.7425545122359916,-0.5436144987333248,0.24266507741542767
TEST_05629,3.906283720537808,-1.1095021309280146,-0.7022070893163747
TEST_05630,2.8109395042374135,0.2865979023246546,0.07315344145411269
TEST_05631,2.2432288676890457,-0.7780780359662537,0.42479214718014435
TEST_05632,2.369280800543379,1.5983759300332425,0.009557882441516428
TEST_05633,3.6604464489267747,1.0158504822495344,1.4818175031491563
TEST_05634,1.4204892847506356,-0.05070248022738874,-0.02605233163286232
TEST_05635,1.6663900377545129,0.1733328920219913,0.11922114087008279
TEST_05636,3.412816262455905,1.4130036163251802,0.9511228887267814
TEST_05637,3.313634617701766,-1.3233770308886041,-0.7615502619603663
TEST_05638,1.0705143955860268,-0.26586384221423504,0.33674335341865935
TEST_05639,3.2177613031325665,1.6268997585386105,0.5035835998370597
TEST_05640,3.4412142153052927,-0.4751566197726475,0.9264910609796462
TEST_05641,3.385648747783608,1.138533292133909,0.5139679716142599
TEST_05642,1.3150436420295684,-0.16610064266779606,-0.17531141711306764
TEST_05643,4.175541836564704,-1.2109156576631435,0.6178952096403043
TEST_05644,2.354996358438491,0.8094279766489321,0.3921336382582649
TEST_05645,1.5455671835514455,-0.01051477740313517,0.006183354015545171
TEST_05646,4.241944736948246,1.4180352773602989,-0.5432965134345801
TEST_05647,2.68067612711068,1.002436410625063,-0.03831624880276893
TEST_05648,1.1573704713286848,0.659364562232779,0.5164641632756035
TEST_05649,1.932547743968245,0.7216044655493443,-0.09615239435083818
TEST_05650,2.200478775945962,0.007860096525467253,-0.3624486547963254
TEST_05651,1.1063059471313232,0.15585983833951564,-0.16709666916927501
TEST_05652,2.578126300217307,-0.028904638900801916,0.14637090497354355
TEST_05653,2.9249784977785662,-0.2693612137961281,0.28811099748813207
TEST_05654,2.5152142352026656,0.7542221220247991,0.9851581965179913
TEST_05655,1.7419736472028413,0.4767883243646183,-0.42812478864785114
TEST_05656,1.9722390086011297,0.6173515710930018,0.7854636215741109
TEST_05657,3.011650947144174,-0.10929752623311824,0.7960233337079278
TEST_05658,4.648554211759466,0.8618957849451551,0.9295764024094348
TEST_05659,3.6902305693010518,1.1209411678420198,0.595563431700159
TEST_05660,2.161285354699608,0.20267648990108272,-0.3769825149800565
TEST_05661,3.033500634980699,-0.3086469581540838,1.5250642081320527
TEST_05662,1.6336373033149387,0.19049474419096468,0.2909266379105025
TEST_05663,3.4879789003140718,0.5785522457829225,-0.37238917898907614
TEST_05664,3.109064017408516,-0.22982047843887768,0.2729423305052229
TEST_05665,5.554384574868499,-1.8890803347429193,-0.6486161076905326
TEST_05666,2.9501159999725535,-0.543556814222187,0.671758495443269
TEST_05667,3.611442261983807,0.31166163315198836,-0.24330625284653895
TEST_05668,1.8327222284808893,0.3766284236587384,-0.40076674541386226
TEST_05669,3.1354380862738167,-1.8689803057681857,-1.1086768036986119
TEST_05670,3.5717769307079315,1.2999014083726945,0.7820754989275736
TEST_05671,1.1761972360524344,0.17845040032131834,0.10933930698338518
TEST_05672,2.636911544345686,0.5752866915185516,0.4579753130584896
TEST_05673,1.6078153982328316,-0.1316281727181259,-0.006620905996745474
TEST_05674,3.5566379224461775,0.7290849426027063,0.09757707445251569
TEST_05675,1.9673287210839225,0.9296851900316311,-0.6113908912648097
TEST_05676,4.483107835373065,-2.243158602936647,1.4729268315729729
TEST_05677,3.27985630045092,0.5901670411226388,0.6600504894309576
TEST_05678,0.9645815019257633,0.35277348580837264,0.3566741526545741
TEST_05679,4.878545418743069,0.43251997654921676,1.50181062665044
TEST_05680,3.015383916427717,-0.18097212551622324,-0.25522791448519655
TEST_05681,4.025727880515319,1.6666788533526404,-0.5511014420741728
TEST_05682,2.19498675697573,-0.5928891615076809,-0.5109069107691967
TEST_05683,2.489699769083831,-0.477307044109096,-0.004221732096015648
TEST_05684,2.7898085082442345,0.20006877468546824,0.7562112735542211
TEST_05685,2.2450479301416286,-0.12232031404830732,0.7964535771855786
TEST_05686,3.09993099656089,-0.6642680901783999,-0.46867900226394765
TEST_05687,3.642986383267897,0.7784130039636642,-0.5668756953496542
TEST_05688,1.1038198790119782,-0.5109184983110266,0.04734604680629793
TEST_05689,3.360321604278148,0.2135798156773357,0.18716734526711254
TEST_05690,3.219257077808298,0.5531910473937024,0.3008663465023409
TEST_05691,2.352743439865233,0.07962196007876009,-0.8254664138405163
TEST_05692,1.343687064160609,0.682739856184708,-0.01448160719289206
TEST_05693,2.5503029682027636,0.10699412560696563,-0.21991931685550298
TEST_05694,1.9012673721713007,0.6387433250849173,0.20020116113318126
TEST_05695,2.3638921632119594,-0.2500714749461395,-0.5637846960139674
TEST_05696,3.229298016285686,-0.44767133655974656,0.442782082462681
TEST_05697,3.017571667882953,-1.195295781902861,0.43931034854453455
TEST_05698,2.888462776354394,0.3229492072771284,-1.109584358064876
TEST_05699,3.997550466049481,1.5445749502788724,-1.2541773803747045
TEST_05700,2.7353421278809718,-0.20936220171178369,0.20117326846306935
TEST_05701,2.900663253861476,0.09096075496883343,-0.9701373214764334
TEST_05702,1.6578718097802334,-0.11615612140976626,0.36378127501801766
TEST_05703,3.6666661675395718,-0.0751346532970341,0.41464163422989914
TEST_05704,2.709690101353343,0.2981223188877943,0.048392116578985844
TEST_05705,1.3952093294413326,0.2839243097995832,0.6165851847060752
TEST_05706,2.0553813455566106,0.554630429430216,0.5246452479454555
TEST_05707,1.295047238851703,0.05841704820719791,0.44382638195569407
TEST_05708,2.987398245829412,-0.23005051925501088,0.5692696914600229
TEST_05709,1.9532712942207464,1.096948360146239,-0.2776194929329403
TEST_05710,2.087807250511158,-0.836719538701393,-0.7689736357196348
TEST_05711,2.28718250002007,0.5820217035996315,0.4281697458806246
TEST_05712,1.3883398913414087,0.397526930442171,-0.4126056416565569
TEST_05713,1.8553064397889623,-0.005882784182435732,-0.4589496984717222
TEST_05714,3.4143319395201908,-0.573247207883517,1.2447321923619064
TEST_05715,1.4622005601050454,-0.346728900095807,0.23302316491192754
TEST_05716,1.7526311510588042,0.19958273795919548,0.08658914867412197
TEST_05717,1.8494379517590114,0.7204296202771838,-0.48351138131889854
TEST_05718,2.0049021549399058,-0.08846962426840775,0.83660279694138
TEST_05719,4.876507763884473,0.7282199419242086,0.6508825308936669
TEST_05720,1.4875356201895817,-0.5127244635417962,-0.13800559264573137
TEST_05721,1.7593732446313495,0.28015256174623276,-0.44688423714884856
TEST_05722,4.081367470044961,0.38815112237101174,-0.6927393568623309
TEST_05723,3.2909548490874556,-1.625309582979757,0.4501906232376987
TEST_05724,1.8235585961336203,-0.27983868618610397,0.2962726552760394
TEST_05725,1.8820126184291872,-0.49012544640707906,0.1624275939391366
TEST_05726,1.6836619686904695,-0.2916059690337838,0.09673224962913395
TEST_05727,2.0848570206068597,-0.8067693675247045,-0.02299308688608045
TEST_05728,6.123518344036948,1.7119953443657603,-0.3844867728345549
TEST_05729,1.089050428853863,-0.34172549573180866,0.04944726080574686
TEST_05730,1.4103656779785456,0.33168494280073096,0.10940459053417657
TEST_05731,2.217632367520237,0.2677198199322386,0.03365361000617939
TEST_05732,4.510174738680263,-0.6691060118024705,0.9425468249245833
TEST_05733,1.492379425635527,0.2978278529863528,0.10449623222966406
TEST_05734,1.433802141595449,-0.29225658448299696,0.3151447014392879
TEST_05735,2.002292519777773,-0.988977444758748,0.010140610803486686
TEST_05736,2.5013896503887825,0.7880532405531682,0.06407456256929545
TEST_05737,2.163981373912103,0.20850903859954148,0.0480717647530497
TEST_05738,2.3282394211822015,1.1811988585929343,-1.062840859926391
TEST_05739,0.7826110198111635,-0.3922965512078688,-0.0725497515159163
TEST_05740,2.218669720155194,0.4315390351986984,-0.8350859473886721
TEST_05741,3.196314751534534,-0.2672656781211254,0.06355188187350974
TEST_05742,1.3054270344319032,0.1872177649383447,-0.19037651707464773
TEST_05743,1.6856023867808845,-1.0161083991105782,0.6858357613479152
TEST_05744,2.024184430075962,0.0625243583285576,-0.16243096846647387
TEST_05745,2.0174073490598357,0.5215194791155026,-0.8457480934425646
TEST_05746,2.554800446754546,0.07145543670127208,0.028033538006453244
TEST_05747,1.9707347135098645,-0.5571037583467416,0.5965663029917011
TEST_05748,1.9595878077799493,0.7096069192017037,-0.09914411761701243
TEST_05749,3.9449575950472826,-0.6879350373249091,-0.9697572286226809
TEST_05750,1.1664829323265065,0.6508159794008763,0.13589096559564573
TEST_05751,1.7061995998815862,-0.12232800929720042,0.03777722184691952
TEST_05752,1.9654638429739943,0.8558726034776253,-0.4225397005276057
TEST_05753,2.1411368913973754,-0.14570569294993388,0.5611934473035921
TEST_05754,0.9409132579277227,-0.3456862460305236,-0.00014373185637348428
TEST_05755,1.3709730691127524,-0.3114010979723844,-0.11587403388247897
TEST_05756,2.058852845650972,-0.443770715445727,0.6173572943878033
TEST_05757,1.5494001525229837,-0.051686920401414795,0.137848064646227
TEST_05758,3.230750385798232,-1.2502434003431897,0.3142812493514737
TEST_05759,3.2963938396825343,-0.6634107328793324,0.801526008057865
TEST_05760,2.203660430918331,0.961791487146044,0.21461125468426748
TEST_05761,2.8780899974643814,-0.14643001956709153,0.14666939516840222
TEST_05762,3.6742571626549227,-1.5359054005447559,1.314842050722422
TEST_05763,3.77013336143555,-1.4004241760519782,1.050228386665726
TEST_05764,2.14711988855488,0.1772006864918729,-0.46460669697754226
TEST_05765,1.4907933320175377,0.300969814741411,-0.33018856329065055
TEST_05766,1.5542457162818983,0.010889261033068295,-0.2646518434969216
TEST_05767,4.481323315460453,-0.7064840442315304,-0.5986360792731076
TEST_05768,2.369066115554836,1.0293617661549175,0.05583337729965397
TEST_05769,3.0220202064125496,0.13728210465432028,0.2465219598409453
TEST_05770,2.69056190839452,-0.3229060784945155,0.06547584049229437
TEST_05771,3.6622954279841395,0.05100644475642633,-0.011004912686348137
TEST_05772,2.401811226098862,0.8292067278573385,0.47594986181881743
TEST_05773,1.566030601791908,0.27276956276437314,-0.264309522519413
TEST_05774,1.1641260771674973,0.32891127597649533,-0.10218500556053996
TEST_05775,2.1362661192674017,0.41182719694698094,0.06694482668231748
TEST_05776,1.0140307139198257,0.37620145196479565,0.5410252546033748
TEST_05777,1.1224263546972821,0.16748113333124712,0.09248516301854427
TEST_05778,4.565383558110842,1.5670883878436308,1.3809001129390115
TEST_05779,1.0659753505541478,-0.5756357911263408,0.14897467743714085
TEST_05780,2.0445181503985084,0.22579635211410293,-0.4324171424478641
TEST_05781,2.3806170053578257,-0.3554145448903567,-0.9702457534158605
TEST_05782,1.344482165315252,0.015768846279595353,0.05111511518264867
TEST_05783,3.9278728694069986,-0.00941522298928459,-0.4370416350355485
TEST_05784,1.3914973928222278,-0.2827367955652176,0.2619642076017453
TEST_05785,4.22291437198715,1.604539041263901,1.190774846991148
TEST_05786,3.0123489113245294,-0.18117378414908908,-0.4110355731254199
TEST_05787,3.4607518845250285,0.6885489733977276,0.15314748397292713
TEST_05788,2.429072418392168,0.7059139056317109,0.21331377134970494
TEST_05789,0.7436590881598095,0.00045757347608285735,0.16866402064564856
TEST_05790,3.641778982905403,0.17141561230986785,0.6768978021336101
TEST_05791,3.005746134192084,0.539951091789302,-0.49012927883246316
TEST_05792,2.7095202042822515,-1.1215594239562396,-1.0978833900747051
TEST_05793,3.11622737749474,0.17503510512393433,0.9658494939334611
TEST_05794,3.134477897233316,0.28029769683312233,-0.37923855871585305
TEST_05795,0.9631610353133382,0.4636883452145815,-0.06808506960154123
TEST_05796,3.8491087096683634,-0.4717127048500328,0.24435176455142732
TEST_05797,2.5718624197192996,0.8625542481713939,0.16426429474608178
TEST_05798,3.2107292238291585,-0.9470251550709672,0.9043347764033692
TEST_05799,2.7590720562563154,-0.7115213696919898,0.8264636433379409
TEST_05800,2.7607268998052787,1.3500624556040879,0.5402487604655547
TEST_05801,3.8996639391027603,-0.6309440388561106,0.170478096132443
TEST_05802,4.479138770574674,-0.9927808333755103,0.016339734905999465
TEST_05803,3.3615808170915367,0.5517902827684358,0.0936986842302329
TEST_05804,2.3512598300327907,-0.2531893602675394,0.8031370358281608
TEST_05805,1.641130506469156,0.962850712145555,-0.5107555984151653
TEST_05806,2.5767256584053038,0.2664545415433509,0.3154119700764325
TEST_05807,3.304461361223626,-0.506862242559882,0.5287963783970915
TEST_05808,1.8337848205220226,0.5356500103622005,0.8967505556475819
TEST_05809,4.579960741610255,0.562988865080812,-1.11252424681681
TEST_05810,2.4157887546615346,0.5950160456298874,0.07704802775165592
TEST_05811,4.217307800766697,-0.24597147711314346,0.5306776102492847
TEST_05812,2.697423297012034,0.8048824742420777,-0.8597615187323789
TEST_05813,0.9311005562076401,0.2917229027924595,-0.09831844034962219
TEST_05814,1.39430124110869,0.02233182049205069,-0.3660243837441144
TEST_05815,1.5056524711578136,-0.7219237556672491,0.40750523585816323
TEST_05816,2.995139603942963,-0.4859389859687537,-0.47169648820765564
TEST_05817,1.4522606910210107,0.5440738975675111,0.10545603777438542
TEST_05818,1.9042199193015208,-0.14030528880915236,-0.9281749559294094
TEST_05819,4.54385435234604,-0.8019877703516598,0.41133636126833
TEST_05820,1.003446870408829,0.0464707083882475,-0.1299199622001618
TEST_05821,1.8292192135530345,0.5983529426428426,0.0671168160693453
TEST_05822,1.4636690323357175,-0.04465156949875181,0.03093358408535013
TEST_05823,1.2792186339918061,-0.0726859307478297,-0.23419800736221386
TEST_05824,3.295295695458667,0.004268562616280807,-0.209651692892536
TEST_05825,2.2047745683250652,-1.1294038582840225,0.8314143619288835
TEST_05826,1.314128337735756,0.06197126242972185,0.07090470125528021
TEST_05827,4.041064984785107,-0.14256848181902834,-0.48150820626055907
TEST_05828,2.2474230955286303,0.10083440080353867,0.31526296945357707
TEST_05829,1.2087804197323255,-0.2113770976427164,0.40573156974977964
TEST_05830,1.2073164099028246,0.13112349532551248,0.42825536188677055
TEST_05831,1.28977553192743,-0.08943391619004924,0.2439945674721587
TEST_05832,1.9653781647309367,0.40666833048187373,0.27565031891845526
TEST_05833,1.873104791950965,0.7317748077987912,0.5143413661149818
TEST_05834,3.446620177423014,0.2910121639801769,-0.8974910404443771
TEST_05835,0.933336728574055,-0.398110064084564,-0.20316714252595058
TEST_05836,2.9508800753699367,-1.4211691101319108,-0.5771973956567165
TEST_05837,3.8094416901872172,-1.953210785224456,0.1672491157827471
TEST_05838,0.8906225306983102,0.4756004773531911,-0.04319557456291472
TEST_05839,3.044842146462617,0.839163409975916,-1.093784250140074
TEST_05840,2.685390028441922,2.069212150478783,1.0761033332403458
TEST_05841,4.277549302270246,-1.1990842308254939,0.9697878906328592
TEST_05842,2.0762306557731565,0.9684871063566252,-0.8816218202283767
TEST_05843,3.1842700541670657,-1.0134290425999264,0.5098109762565696
TEST_05844,2.3453471095926703,-0.3344257104701886,-0.14131234673536144
TEST_05845,1.6538277103901244,-0.7131992051679659,-0.24315601420897157
TEST_05846,4.325060417324468,-0.37915101585846855,0.5223763582839965
TEST_05847,3.4193204922951916,-0.23259955007557806,-0.23613411669334347
TEST_05848,4.336867360064855,-1.5109365435503574,0.7692141213620688
TEST_05849,1.5049584802902254,0.01485713148090476,0.11023256515019178
TEST_05850,2.5966202275287444,0.2821289966894379,0.06851328552598615
TEST_05851,3.5394815296880178,0.4749558884504922,0.6448910781436242
TEST_05852,3.2703259135927225,0.31820933476779584,-1.1461683434498204
TEST_05853,1.0415258921897916,0.040285834731470585,0.16059457643609398
TEST_05854,1.711716826602634,1.0483126273285175,-0.09821417833145557
TEST_05855,3.043993347194421,-0.8379774833533107,1.1299116648781038
TEST_05856,2.7707538109239502,-0.6827420898658407,0.13654775343146505
TEST_05857,2.275335087119928,0.8051925007587977,0.4367669150710587
TEST_05858,3.6719008723422952,1.5821954355720682,-0.2221861832012926
TEST_05859,2.2651331501220406,-1.3134202797112255,-0.5822389411845609
TEST_05860,1.1252730836994507,0.1620495200852928,0.29901213042067676
TEST_05861,3.1111535578460328,-0.17492680823200712,0.12282874233885746
TEST_05862,2.207514514336548,-0.039651448425316815,0.03570530116960139
TEST_05863,3.7396167805245986,-0.5945988433241313,-0.8065583600982839
TEST_05864,3.0278601868836446,0.015389134944582161,0.0678178635726483
TEST_05865,1.5167184530175346,-0.11910277181755306,0.737504558240001
TEST_05866,1.5298329953172167,0.5918077708745539,-0.3798326133539878
TEST_05867,3.569627490280843,0.10898657765748167,-0.05333375015382493
TEST_05868,1.5533263199721703,0.049049258829415486,0.00022971531158161545
TEST_05869,1.3152846777771627,0.295515376258565,-0.6140879025917936
TEST_05870,1.5343875018718949,-1.1187443329950013,-0.1209851907417345
TEST_05871,2.016184357298983,-0.7083366605586154,-0.043510611175360044
TEST_05872,3.122058179678288,1.4150023870164283,1.144883172528298
TEST_05873,2.871407912899877,1.5987418119682313,-0.779630750666928
TEST_05874,2.678267937706818,0.6498659447895682,0.6923264723688982
TEST_05875,1.2201486743678192,0.22383779283015728,-0.003207799807007193
TEST_05876,2.4074399317966133,-0.6521180145206205,0.2709357616205803
TEST_05877,2.917321809906542,0.4694815661924244,0.6047435406549108
TEST_05878,2.248574195019965,0.21443704478711528,0.4031564613759119
TEST_05879,3.9072485392963734,-0.2799600578507359,0.6427337532029679
TEST_05880,3.7364121404824493,-0.064333040395451,0.06892587584092744
TEST_05881,2.8891836025622104,0.9011156088494543,-0.4207616367432145
TEST_05882,1.4996033110797702,-0.06389984670311477,-0.13242324378291437
TEST_05883,2.5120568005413633,-1.4433878871665649,1.0629014978522662
TEST_05884,3.054214024574208,-0.5524106009718311,1.3944201697152834
TEST_05885,1.7121698553049003,-0.17106826834856592,-0.18536583673058465
TEST_05886,4.990790976629719,0.5068874724127066,0.5214603454303083
TEST_05887,4.22247189270532,-1.17098572426481,0.11528970376720489
TEST_05888,2.2364833735347243,0.4855928989565392,0.4892572333178925
TEST_05889,2.7741909236535016,0.12997634955558107,0.48925016300896906
TEST_05890,3.205760987659078,0.2705559366179421,-0.178668763595514
TEST_05891,1.874071936874116,0.20369633242877208,0.038663716919705424
TEST_05892,4.501980073735449,0.26814914484592484,0.6118872374002465
TEST_05893,2.748576551966332,0.6317867010290378,-0.29773466641355356
TEST_05894,2.5211241653549465,-0.5562204775388716,-1.0113647104110126
TEST_05895,1.401993069975774,0.3448588720747716,0.32189789718072165
TEST_05896,2.6059309862634117,0.2525804769492458,0.8935579316956996
TEST_05897,2.171152992266863,0.3794748189832091,-0.04570933564803857
TEST_05898,5.402112036721876,-0.9639455288927539,0.06497283171553765
TEST_05899,3.5085325263700446,1.1992337709521939,-0.7462010460671481
TEST_05900,2.019932821038391,-0.31445629499698585,0.510940187019517
TEST_05901,1.5241088855355511,0.29768437133991876,-0.2562387910026312
TEST_05902,2.0794877240738976,-0.7684547628562114,-0.13346600594695512
TEST_05903,2.1585144010772797,-1.0700099186759804,-0.13400762965458135
TEST_05904,1.1543658101611514,-0.20555292010381745,-0.07859891744154647
TEST_05905,3.826152205910655,-0.1862923340994639,1.7904574768734394
TEST_05906,1.449805021132162,0.47272965702642467,-0.48608129594865396
TEST_05907,3.5956954998867166,0.1692416300478682,-0.3744709496781519
TEST_05908,2.722463175602992,-0.7769001335904475,0.377356337203011
TEST_05909,4.10402061125512,0.517919519038214,1.0590744716419764
TEST_05910,3.159822610832021,0.2706114567853158,-0.9028990246182902
TEST_05911,1.7947288203995087,-0.48803748837244537,0.19062549688925695
TEST_05912,2.491852890767837,-0.14138226176579693,0.32931114188925115
TEST_05913,3.181324854356127,-1.4274134975202168,-0.2781024888267387
TEST_05914,2.4989661795062457,0.05948556987244619,0.07947207397776664
TEST_05915,1.608546351770995,0.11033072445809958,-0.26250300802021787
TEST_05916,1.2764683155840335,0.17030839710207057,-0.17103427710707256
TEST_05917,3.491063627737384,0.5072357350589028,0.3372367608333538
TEST_05918,1.6853023424978768,-0.08126778456608873,-0.36724214265587096
TEST_05919,4.767646434047998,-0.9405758722464589,1.196239582673662
TEST_05920,3.285506370969198,1.2411287699027402,0.8254195890578304
TEST_05921,0.9701111060066954,-0.624260898866891,0.2357508917183056
TEST_05922,2.6626767798218287,0.3902945500808991,1.7568765703555478
TEST_05923,1.249694503501132,0.2708490116092282,-0.12208093709692622
TEST_05924,3.1362919448786912,0.7811827197108651,-0.3894786523508714
TEST_05925,1.0028511912305798,-0.3560244518423828,0.32845671506001717
TEST_05926,2.0832946148208067,0.4228359904831208,-0.13451885961495302
TEST_05927,2.952703156911341,0.6094150796741804,-0.05936095753216623
TEST_05928,3.712064426344415,-1.7768547903584953,-0.011202475972458185
TEST_05929,3.038538997193002,0.6276124335852632,-0.14713443623584258
TEST_05930,2.58204366756531,-0.01921872670024243,-0.20378663371798597
TEST_05931,4.045922925141356,0.27274132002328083,1.112318220084159
TEST_05932,3.3323002658648146,-0.9584975679236215,1.166752113870126
TEST_05933,1.4522840927185967,0.3372364634033884,-0.2198662781455193
TEST_05934,2.826030814620477,0.9432847580493909,0.4008520750051925
TEST_05935,2.47996675779463,0.2439962909737501,-0.31086742356183916
TEST_05936,2.9807988104149445,0.4438637504782657,0.5719748828766176
TEST_05937,3.4059722139582225,1.851624736508513,-0.16108647962032413
TEST_05938,2.889287547834663,-0.8114546642612068,-0.8782474985498616
TEST_05939,3.4740657530001493,1.3700933281684469,-0.05064333218180229
TEST_05940,2.9957300717162307,-0.8432028061441565,-0.5452203592581748
TEST_05941,2.9885540274563716,0.1972950178436261,0.44830247947715574
TEST_05942,1.4001987178439694,-0.5543129412665969,0.1780162075729213
TEST_05943,3.613715926645627,0.6407941033098747,0.8992840056611829
TEST_05944,1.498698740257688,0.08464631404358394,-0.14664062615039464
TEST_05945,2.5867785980890394,0.48506523112761624,0.054747637614101584
TEST_05946,2.3437617292695236,0.43622480679017417,0.2966378237927116
TEST_05947,2.367070710304359,-0.397665298024896,0.033578497229532905
TEST_05948,1.9289470712694063,-0.45590593021545306,0.396443359492391
TEST_05949,4.167419511156883,-1.6034712352658005,-0.16444144099438668
TEST_05950,5.280560120147593,0.4010911412613966,1.5425675210151093
TEST_05951,2.52730727568766,0.7714641511476873,0.6579991963606637
TEST_05952,3.365742481677893,1.5630370191407472,1.0158533728540524
TEST_05953,3.310182534879289,0.4497421551157128,0.36116024894807636
TEST_05954,2.558606009389967,-0.46741443686131073,0.5798615950218318
TEST_05955,1.6922300287566954,-0.19826331989608667,0.2617042012156283
TEST_05956,3.908521477315236,-1.1534429145671143,0.3025153059013796
TEST_05957,1.7570764459537953,-0.24622726301705222,0.2749889660896999
TEST_05958,1.6894504869506064,0.8588730567017293,-0.6544528253507762
TEST_05959,3.6909643807445858,-0.7882556185318339,-1.307758035640038
TEST_05960,4.544481514139714,-1.400729745158322,1.2279567486471272
TEST_05961,4.979328526246467,2.024958562134201,-0.6876662792249799
TEST_05962,1.7071455247600817,0.747880081168594,0.24038591624662342
TEST_05963,0.9733835216670726,-0.4288641463177119,0.2782945847137398
TEST_05964,1.8968294823412912,0.6666826256138042,-0.02264414549863061
TEST_05965,1.7538555956217914,-0.5791451863490491,-0.0030767914299261374
TEST_05966,2.545683207989544,0.20980034302016123,-0.9708649985874845
TEST_05967,3.66413763011703,1.0755614084767275,-0.5740665994986935
TEST_05968,2.5240316139091488,-0.4569301086058827,-0.863150705638728
TEST_05969,2.6191660558102665,0.04040922629462329,0.1838883726938579
TEST_05970,1.5678477166049365,-0.18240999997387414,0.2235045482752487
TEST_05971,3.217424382696948,0.23427684574057392,-0.6473449675163223
TEST_05972,4.429053929888441,0.8272393811831085,0.028160385337820153
TEST_05973,1.7707744337607925,-0.08059999927285783,-0.05852267539429415
TEST_05974,2.0667134005823864,-0.8937928523028075,0.7930957441770996
TEST_05975,2.4944002259071283,0.15748227277180005,-0.21690843221472336
TEST_05976,2.9418055342502574,0.9154790475049666,-0.06595155800381947
TEST_05977,1.6410562164893783,0.8530687733011937,0.2402928806108717
TEST_05978,1.5116031218150365,-0.25146594014221296,-0.8622097205185077
TEST_05979,1.181304926479506,0.01471940601701191,-0.28716367582681873
TEST_05980,2.4546151779207173,-0.11688306332955342,1.025549434687464
TEST_05981,3.3701449743592713,-0.07813592306020263,0.6159528996729124
TEST_05982,1.7638060351137688,0.18149502132241738,0.299301078275805
TEST_05983,2.054889192436521,-0.8120855686947825,0.658363620859105
TEST_05984,3.2681391922058145,-0.4142304255352373,0.7467074144160303
TEST_05985,2.5350473952303565,0.6289087594111978,1.417062866020099
TEST_05986,2.0648753330515666,-0.42566090064607476,0.8730832321865173
TEST_05987,2.3515178332958357,0.1649533730086296,-0.391107001941742
TEST_05988,1.9921493589059747,0.6143980238612614,0.19288294593918545
TEST_05989,4.234481038773412,-0.9231383227477558,0.2837714069750386
TEST_05990,4.773742416638736,-0.3863648886850493,0.3353273530255541
TEST_05991,2.4465956783396443,-0.3733337845951965,-0.49623792208570877
TEST_05992,2.3730938138159696,-0.9893311927550458,-0.2295964122276818
TEST_05993,3.401718919876924,1.669829942638494,-0.8827308522922398
TEST_05994,2.352800423029942,0.2391304402016522,-0.034120985214030265
TEST_05995,2.2112536387204265,-0.7915382730265761,-0.2710006659840709
TEST_05996,4.185362109704286,2.135781543214507,-0.5474923616938309
TEST_05997,3.361738434124413,-0.6814704806728262,0.9853521070832428
TEST_05998,2.0492262469434013,0.987043425025661,-0.2707949400966684
TEST_05999,4.822136353417813,-0.02206177195737131,0.4576460867826793
TEST_06000,2.8845727294843475,0.1654561110544387,0.35318717659489557
TEST_06001,1.766535418550572,1.2064294014562402,0.265676434208421
TEST_06002,3.46716584416384,-0.5362765627536447,1.2507148783067172
TEST_06003,0.7863647234855482,-0.2999426579809934,0.23572106219705005
TEST_06004,3.45068004629567,0.8558957625338991,-0.19728840052750712
TEST_06005,2.6209415532353884,-0.7803587621941396,-0.9620424268110309
TEST_06006,4.2952574390234135,-0.6539505279220547,0.02535796920802935
TEST_06007,2.5277426381393617,0.16089838992965605,-0.6146792275418292
TEST_06008,1.57309556332739,-1.0733128780323198,-0.28995756157313585
TEST_06009,1.7608208258867246,-0.13897005651631397,0.26410196566321276
TEST_06010,1.7846028836778165,-0.2163194358770807,0.04478224899015437
TEST_06011,3.157105533414485,0.17769329499441994,-0.629696204942715
TEST_06012,3.242415608457103,-1.698986376264574,-0.3997018011043734
TEST_06013,2.871644412500823,-0.08274550817193713,0.31224004271739947
TEST_06014,1.7428387793443427,0.5545101268638644,0.0729887035714796
TEST_06015,1.8525156938308174,0.34257231890689527,0.5511954414010101
TEST_06016,2.138596972178207,0.5598899312276869,0.22352476207833247
TEST_06017,1.2525032932029265,-0.16073204462699836,-0.7454748216712658
TEST_06018,2.7644414813412275,1.218692670162378,0.5559232744265079
TEST_06019,4.6660423381217395,0.17303291774592136,1.2222048766867826
TEST_06020,2.9467160028020203,-0.07620025150687673,-0.641758519069878
TEST_06021,3.380242915247622,-0.03431790173039446,0.5905488364218486
TEST_06022,1.6449099871448147,-0.08511264056167873,0.25090520180302667
TEST_06023,4.102276976065974,-0.11706664790495529,-0.2544856531834623
TEST_06024,3.372226120631729,-0.3631234949908584,-0.40871091887612887
TEST_06025,3.4431980409887295,1.7637924558637992,-0.33097527682998545
TEST_06026,2.2206816749279157,0.11338858501891706,-0.4035535166183836
TEST_06027,1.6281548580061054,0.5496215753069159,0.2821309286220355
TEST_06028,2.043933993036119,0.7552342808741135,0.19911445013594162
TEST_06029,4.166744981563108,-0.7426190507115346,-0.756547715177829
TEST_06030,3.23583235751124,1.1441211074364181,1.0826558089161922
TEST_06031,1.453207589042677,0.13204203846028364,-0.24049543802087223
TEST_06032,2.777151928414,0.40551565223834507,-0.12918800124383978
TEST_06033,3.771609271122057,-1.517134667843568,-0.23203583740305292
TEST_06034,3.2546380534929575,0.6058356452887779,0.2668116674652589
TEST_06035,1.0470468142483345,-0.06349644387779202,0.1102755464733976
TEST_06036,3.9121611112993304,-0.26396660140021994,1.187163073223464
TEST_06037,3.44942177265233,0.44247957452229814,0.890731092907397
TEST_06038,2.443771170654908,-0.42508427383019987,0.6245879691619061
TEST_06039,3.737992474193416,-1.339499697177823,-0.4077500383635111
TEST_06040,1.375878162932878,-0.780123330155736,0.46552557703422476
TEST_06041,1.9046993387091706,0.1858442294768032,-0.2999640506652992
TEST_06042,1.625576688482963,-0.2810517076890193,0.13998535260624118
TEST_06043,2.783871753955572,-1.013236038027185,0.23285279330468106
TEST_06044,3.8034245173662615,1.4425998116704308,0.8988893610909621
TEST_06045,1.987997117779584,-0.9737299064363604,0.2169816117148006
TEST_06046,3.0486798239778974,0.21311190133794658,-0.15061938546146322
TEST_06047,3.433548990701436,-0.1768060322678905,-0.06812089551016585
TEST_06048,1.2052650978538029,0.24021776289124075,0.43489451051902556
TEST_06049,2.385236389417654,0.3831594153242519,-0.0853605336419884
TEST_06050,3.3361397032784867,0.20665933581461043,0.5776269333024827
TEST_06051,4.258026515047009,0.1504710758080134,-1.197381167874933
TEST_06052,4.796646528321644,-0.16226962480211388,0.2563967550350086
TEST_06053,2.39541927335067,0.05811665170627435,-0.15308220423840818
TEST_06054,1.6401805763794546,-1.0659477440810325,-0.14467762468385914
TEST_06055,1.8096859838406294,-0.24910866283176578,-0.10907699492076257
TEST_06056,2.075958351686359,0.6465327136239922,0.3844723177953058
TEST_06057,1.084842367706838,0.4923820171072464,0.46488836604391875
TEST_06058,4.1113438709825,-0.058490427506000524,0.37068356095528676
TEST_06059,2.340364619556199,-0.3001116746749512,-0.3982653769393705
TEST_06060,2.8819674837720193,-0.09275615799188665,0.17145316800332128
TEST_06061,1.6101991017281518,-0.13880510948677205,0.096378389586393
TEST_06062,2.312145397468018,0.6403206438473453,0.7705235908444991
TEST_06063,3.4789205118572806,-0.10938000919113897,-0.3369440809899479
TEST_06064,2.9958745626712147,0.4521309508740249,0.6204550745264391
TEST_06065,3.5260155595691023,-1.652993108933921,1.274810234934123
TEST_06066,3.5900495306431215,-0.08186925731133093,0.8299523252113103
TEST_06067,2.6182013154766275,-0.1582397194363899,-0.27190564631465136
TEST_06068,2.5244354411548966,-0.454038365267924,-0.06850919428813916
TEST_06069,4.232862447826938,0.5290705394574146,-0.8188837028311252
TEST_06070,2.8003761675368364,-1.3376290553160413,0.2973571730020985
TEST_06071,1.6930526983797354,-0.5519094735903131,-0.2189915505882387
TEST_06072,2.318277222960791,-1.004500189507052,-0.07651762501884729
TEST_06073,3.460662912530062,-2.140090228076221,-0.6841558157334912
TEST_06074,3.1992145539819266,-0.4826856003271601,0.5446666368360329
TEST_06075,1.557165586077144,0.18500303695240272,0.4627672166876195
TEST_06076,2.917044702587882,0.8372515273544989,-0.3368365014621302
TEST_06077,1.70869758486953,-0.1546128196810095,0.08837941510871601
TEST_06078,1.9151982706324042,-0.20267170939570803,-0.4273473345786661
TEST_06079,4.260235922568698,1.7130631456924392,1.5349619028760522
TEST_06080,4.189433076650584,-0.2700591864578914,0.5045618867856241
TEST_06081,3.7655838878037975,2.2945919878297185,1.3659290460280786
TEST_06082,2.641759966379474,-0.7575057764287658,-0.5896165174111839
TEST_06083,2.6669680907315123,1.867354181958425,1.0057392902426134
TEST_06084,2.5656853833062776,-1.233586207771103,1.103665846395905
TEST_06085,1.6917724075481169,-0.30079156007892505,-0.3576961276619639
TEST_06086,2.365094026571724,1.1232622618284123,0.5893776526651084
TEST_06087,1.5742407559893807,0.4700459950963409,0.013608661099641546
TEST_06088,4.666856156584857,-1.6518794617436894,1.209979637920383
TEST_06089,2.8864642173050563,0.23560524468211017,0.20787878246142308
TEST_06090,2.4800436078271364,0.6601681478231322,0.20039901633065824
TEST_06091,2.3666346009350434,-0.09692517497703426,-0.595666906213175
TEST_06092,3.921780830967579,1.1903952132944524,-1.3539659942882225
TEST_06093,1.1685933813433536,-0.2037379631472071,0.2701976875945943
TEST_06094,3.525146282883648,-0.6196118895063915,1.1847658332499937
TEST_06095,3.479072713244067,0.8933842176062641,0.2921147452911797
TEST_06096,2.5168756759447417,0.20722035354851034,0.23947638416979047
TEST_06097,2.728594723999825,0.47303870979947177,0.3323889719411679
TEST_06098,4.3820326346670155,-1.5428332849606863,-0.03822352552944825
TEST_06099,3.1963398682789967,1.3555565857334206,1.2317698496247567
TEST_06100,2.5380899210937464,-0.7450732810703528,-0.3878689076673142
TEST_06101,3.032123733305996,0.42531203424713626,0.6863548704895519
TEST_06102,2.227122187784947,0.45695632264078806,-0.6127030867993031
TEST_06103,2.082615817424703,0.6881328364209703,-0.29897151094602503
TEST_06104,4.183020549871507,-0.05418841371941607,1.0814198786038804
TEST_06105,1.5857352468564787,1.131536549284569,-0.6274958257223952
TEST_06106,2.340772446922519,-0.011501698365442794,-0.8074651854948554
TEST_06107,4.228089619946071,0.750484186523489,0.8971574489987412
TEST_06108,2.1503533802078936,-0.5702060921783784,0.17423066551444505
TEST_06109,2.4811081153176295,-0.5728424088739613,0.5467602059836677
TEST_06110,1.1352108110285832,0.4271850288998439,-0.03377963081564505
TEST_06111,2.541327329051196,-0.5802087654634301,0.2951834466969437
TEST_06112,2.993935542254346,1.3210898269711226,1.0456860239495276
TEST_06113,2.4523303577283877,-0.1270733747669578,0.5945344780949848
TEST_06114,1.919132206136184,0.16878770621275743,0.176754719276584
TEST_06115,2.330253608261962,0.6134924200046055,0.8902447068944817
TEST_06116,3.9054874335657415,-0.6313945775217087,0.9819015699046494
TEST_06117,2.247899676285875,-1.0231219697624574,-0.027332805153228116
TEST_06118,2.6278731255752494,1.1980000487300893,0.5062230462462669
TEST_06119,5.845515566692385,0.7874973475428259,-0.4813047786454137
TEST_06120,3.1348516737387597,-0.5215282744192161,-1.1133116078361347
TEST_06121,2.1238770473424107,1.2728992659109704,-0.30752977064538783
TEST_06122,1.8977682682045531,0.9030823824007316,-0.34100074399817
TEST_06123,2.5249215380330003,-2.274359246780459,0.2193183148866341
TEST_06124,2.4118680830536037,0.3935889597449685,0.8583865272541339
TEST_06125,1.5968801679624052,0.2777491536233167,-0.20376399820950258
TEST_06126,5.180546110448099,-0.08132501756037938,0.11375800462213084
TEST_06127,2.0597793639578987,0.5303181027388234,-0.5030369708333554
TEST_06128,2.756055031408945,0.7674907310562595,-1.018971479550957
TEST_06129,3.219308297634638,-0.17368505474977464,0.16726529574616014
TEST_06130,2.5702211463638758,0.0018857516342492327,-0.6060745798973012
TEST_06131,4.360353483135668,0.3295295717395731,-0.3404871632362451
TEST_06132,4.774692796588806,-0.15606785581355184,1.779329121994452
TEST_06133,2.06154009485535,-0.4410390878194186,0.5340007756697494
TEST_06134,2.43352905452923,-0.014143224495259569,-1.073663034901264
TEST_06135,2.64413406714208,-0.7981159629505583,-0.16007871720049757
TEST_06136,1.6233459309374012,-1.1232694135687615,-0.3218987557811216
TEST_06137,2.215438496091212,0.5483401672873303,-0.7315884839476224
TEST_06138,4.5629633514546395,0.280908821108815,0.7667890960535031
TEST_06139,2.9466223135406713,0.15261022025383086,-0.8739023420240604
TEST_06140,2.6957948757922447,-0.9002703411747728,0.8733994487885168
TEST_06141,3.0485505078713655,-0.17838362371565622,-0.6221388756894407
TEST_06142,2.200565044560956,0.9411025137241302,-0.6722578632676827
TEST_06143,1.4414390656990532,-0.3834230614198558,0.37196392974167813
TEST_06144,1.6989598579964797,-0.6561270806936806,0.05034221322160099
TEST_06145,3.7424545103513753,-0.6669505691869819,0.6416007538683596
TEST_06146,2.135481566554509,-0.18418773343879075,0.14826079643942722
TEST_06147,3.4506875855506154,-0.3948606138374035,-0.6788206597528408
TEST_06148,2.5284887074507756,-0.5598795024858308,0.6651718390783944
TEST_06149,2.3105868531849385,1.182275070469258,1.399083015973502
TEST_06150,4.279002599613366,-1.5746117933379096,1.6861996394894598
TEST_06151,2.8642235928599686,-1.3277822746072145,0.3731621229855784
TEST_06152,1.187835938876897,0.4728742091744414,-0.037832649972967335
TEST_06153,2.686309391256642,0.17806014247172397,0.7845456824234379
TEST_06154,3.0501699033313954,-0.3851306795213202,1.3057728708749772
TEST_06155,2.1144687092207564,-0.08174942903659063,0.023506940854700953
TEST_06156,2.239688456707945,1.235187555543958,-0.49024569373145516
TEST_06157,3.4977623528435884,-2.222455086195287,-0.8686941258752704
TEST_06158,2.6033957344603333,1.7173344231453418,-1.021944195505151
TEST_06159,0.9527493024431583,0.462406694583555,0.1214477404783139
TEST_06160,2.909852932362358,-1.6484406591294813,-1.2782032893349196
TEST_06161,1.4353929766103624,-0.5012107916668421,-0.16661188150287823
TEST_06162,1.4377909112377727,-1.2416964821018843,-0.2940334912540607
TEST_06163,2.492795981907086,-0.4768798726397228,0.004293619506102629
TEST_06164,3.265808679116993,1.4928629006086243,1.7210655684582512
TEST_06165,1.3061027324846675,0.1988853658293072,-0.06194592232605573
TEST_06166,1.8847392929262252,-0.3214263103451074,-0.13147775718705193
TEST_06167,4.468767510113589,0.10502765142058247,0.0050224032771834775
TEST_06168,2.521791814180431,-1.2148859869126698,0.7535542236594825
TEST_06169,2.7450766193569733,-0.368871470829072,0.06897348983569407
TEST_06170,1.596789572714115,-0.39309083073965245,0.22806701311126484
TEST_06171,2.778395408073313,-0.13802797380861087,-0.20377945291670557
TEST_06172,3.289492603386329,-1.1224431508630308,1.093645723845537
TEST_06173,2.2934980331764,0.5437428646842353,0.3356670622536831
TEST_06174,1.629217252270899,0.01530496904390259,-0.5124189531161095
TEST_06175,1.798618425823969,-0.3398430940806112,0.17274909440362574
TEST_06176,2.411136456843806,-0.924474413381069,-0.83674444142369
TEST_06177,3.1036826492299983,-0.5331062676163184,0.8574207462874599
TEST_06178,2.5684348326718975,0.9659520864529944,1.2203787689298649
TEST_06179,0.9697920622765277,0.21635804865662897,-0.2659151705821801
TEST_06180,1.4738985184852413,-0.15300627369606806,-0.1042064714539705
TEST_06181,2.8183730648194154,-0.26761515732606383,-0.6420215253754791
TEST_06182,1.9452295339610848,0.22721288433221248,0.07750214641781783
TEST_06183,1.3532150083828371,0.15174616112741499,-0.008850884448607993
TEST_06184,1.2217192470665137,-0.2424203925184264,-0.13055351382558983
TEST_06185,4.024256214600876,-0.9692291301743711,0.28967408787096566
TEST_06186,2.681067443788893,-0.13960185559663857,0.03300010161403977
TEST_06187,3.595785586315815,0.8335704454871168,0.8662962249147185
TEST_06188,2.9001277384995006,-0.4486605417632495,0.08214996899521734
TEST_06189,4.923624606810776,-0.5584482632617981,0.88207316693259
TEST_06190,3.0086237876022954,1.6580241939902975,1.3178809069179591
TEST_06191,1.8467718122372518,-0.9356857564926474,-0.4025601230153995
TEST_06192,3.3837078516127095,0.006317754928248902,0.49554998105590997
TEST_06193,2.5564688215478126,0.26908703311948096,0.09374660525937853
TEST_06194,2.6106169646733934,0.05387162600375827,0.4992011993019946
TEST_06195,0.8118391571882742,-0.12833144611228234,0.007694381092575317
TEST_06196,2.9079601892201596,-1.6067747546593483,0.13550862255575974
TEST_06197,2.2262377250059413,-0.7480007680654792,0.7903899421270578
TEST_06198,2.9445372052153,-1.411191998026217,0.7056626728071094
TEST_06199,4.837792076248588,-0.46221673077471437,-1.261915031867765
TEST_06200,2.897979800157423,-1.591843374486885,-0.8048427138968672
TEST_06201,3.573816016835318,-0.4796422916989385,0.42972083975420916
TEST_06202,1.4048206679235984,-0.28110805904336184,0.5572384589745809
TEST_06203,2.628971412948317,0.6664921107801276,-0.4310289938176593
TEST_06204,2.28006476649246,0.29128727631434664,0.9920278058319867
TEST_06205,0.8970166843088067,-0.17031395147739065,-0.012711322285476539
TEST_06206,1.3170607963977456,0.5902591736352807,-0.28366279815139495
TEST_06207,4.862567110630066,1.2626782865016666,-0.169940597313241
TEST_06208,2.6528682477851775,1.8225446662028362,-0.6498169996200216
TEST_06209,2.003122118729353,0.48758672852364415,-0.14495231659347796
TEST_06210,1.2268191325736513,-0.343904010418636,-0.2182198902611899
TEST_06211,2.2450880183840387,-0.5838026821065333,0.671978360012437
TEST_06212,3.4149796655388203,1.2555979216083282,0.3765310552489703
TEST_06213,2.704559623198761,-0.45751025285855035,0.16202487984195107
TEST_06214,3.0189831044360176,-0.18231150364031043,1.4677622259271823
TEST_06215,1.176045751110447,0.6099088725788199,-0.31085240149341076
TEST_06216,1.5337111248966007,-1.0778569585142304,1.0004491064510455
TEST_06217,2.35055107648103,0.7306436427397993,-0.6564648323075658
TEST_06218,3.866191494568038,-1.151485459056422,1.2104567797363583
TEST_06219,3.9271470904982184,1.266129534860026,-0.9619473903495676
TEST_06220,1.2484455744584098,0.2802268867893669,-0.25296100335544897
TEST_06221,3.5745358910846767,-0.3115534736936204,0.6039882344161772
TEST_06222,1.1644158725366316,-0.08501832243008944,-0.033502828519168915
TEST_06223,3.3674832592441026,-0.14226227463710558,-0.3071089381271345
TEST_06224,1.74064083502014,0.5904870879593301,-0.3289050877388736
TEST_06225,3.1333944263610376,1.4047572734359008,0.5887064390192298
TEST_06226,3.2035051678139213,-0.05085626142323615,-1.0612720957576303
TEST_06227,1.7027213739118818,0.1995093549487571,-0.09821231219113839
TEST_06228,2.5449375140414,-0.9207460867796804,0.49379403810859523
TEST_06229,4.634351134557488,0.9028848428655468,-1.0192558324485421
TEST_06230,2.314345104819557,0.3622717475305904,-0.6582470293615162
TEST_06231,2.3402806606131072,-0.06189736160999105,0.037378009122231236
TEST_06232,3.7574852854919856,-0.909288028567596,0.5761351502813088
TEST_06233,2.659726396171221,0.28098094578482236,-0.41710031721826196
TEST_06234,3.142543352183424,-0.2894811163625854,0.12240123599721386
TEST_06235,1.50026184904318,0.6099434488066018,-0.5041321524428829
TEST_06236,3.666125356638393,2.190331606586843,0.7581171368145136
TEST_06237,3.619403426144251,1.7915724839347145,0.8021885856315076
TEST_06238,3.256317006334885,0.5219833956287923,1.2607411564881956
TEST_06239,1.06574994485562,-0.4166188649637714,-0.17082719709549435
TEST_06240,3.9561430985726975,-2.113216136703437,-1.1310556530269542
TEST_06241,4.443709521623,-0.09361940722588032,0.22497284003866955
TEST_06242,0.9333789644867887,0.5872399913851606,0.2763806496227171
TEST_06243,3.991620176400675,-1.1798776228538832,-0.5442568411912146
TEST_06244,3.424187604665014,-0.34316529985595395,0.15776597731468794
TEST_06245,1.5299491634933768,0.4792606355719161,-0.32841077355200765
TEST_06246,3.485973946805576,1.0831130208592104,1.1364909285894986
TEST_06247,3.773730756240595,1.4041096430074924,0.550798315446994
TEST_06248,4.482590909694748,0.9275783003671066,0.6153520118316876
TEST_06249,2.1819358952559913,0.27930839958388054,0.16489895643690206
TEST_06250,3.1190190552885744,0.642577502414757,-0.8277205029172433
TEST_06251,3.512059207940375,-0.14062077980258714,-0.18538746227153474
TEST_06252,1.9655038073987692,1.5044240376109432,-0.4704700662906557
TEST_06253,3.0959142441950958,0.051486271129217026,0.49958987322993387
TEST_06254,1.1529076110373695,-0.06994752771862096,0.22758633568959816
TEST_06255,4.231960527215347,0.36202721150941874,0.833857453838656
TEST_06256,1.8286574987748412,0.5813709128471213,0.20228466268473813
TEST_06257,3.228779145244203,-0.43000840449333155,-0.5486705936770555
TEST_06258,3.165349450518668,1.1596772675768667,-0.10626169558291515
TEST_06259,4.167948566264996,-0.8379354438376632,0.9971664555202957
TEST_06260,2.2546646265582133,0.758562595044175,-0.7354360940293978
TEST_06261,3.4601488957015856,-0.47553403638183883,-0.843317049752989
TEST_06262,1.9114094483215214,-0.41243831073654214,-0.3531511865152718
TEST_06263,1.3782708986163847,0.10427692645828392,-0.564863916536204
TEST_06264,3.5634080089612543,-0.5727535156801251,0.21049178400725493
TEST_06265,1.3464177499098786,-0.5962933899775711,-0.540619350126825
TEST_06266,2.4891606401233957,0.2156418931537331,-0.411503247708237
TEST_06267,1.4878526795048628,0.02050321350814275,0.4204826431895674
TEST_06268,2.1942137108835924,-0.9364778809639757,0.001456192757803685
TEST_06269,0.9538553382662944,0.3138999437191455,-0.052678105125616846
TEST_06270,4.905302060330652,-1.181350995632997,1.2781712413042716
TEST_06271,2.0642009046060137,-0.43748603400555125,0.11022958352092184
TEST_06272,1.737394475583644,0.4706000930894302,0.5506246165155216
TEST_06273,2.50919443785625,1.4954814695134384,-0.8016824315673378
TEST_06274,3.051781813415359,0.043206447434955955,0.9170529283742324
TEST_06275,1.9098631671234334,-0.5690742507920769,-0.23023047020513146
TEST_06276,4.625807117255949,0.8783419534323902,-0.5027636710726403
TEST_06277,2.155558637394378,0.646586315751598,0.2976285734375892
TEST_06278,1.3075740678227001,-0.47925944013963034,0.6029903504985937
TEST_06279,1.5827612409229106,-0.9180932409285548,-0.5607681841363223
TEST_06280,3.121412202046968,0.2891637414507477,0.47523870633651255
TEST_06281,4.269220100667161,-0.002998431912436269,0.822038299809886
TEST_06282,3.399099477189821,-0.2048419911042719,1.1925816507020344
TEST_06283,1.3161290193741173,-0.947111425384577,0.11791183651513551
TEST_06284,1.7826211472983116,-0.011634425955291284,-0.1923857676569817
TEST_06285,1.1250729201397,0.20654354706417827,0.25035123805273435
TEST_06286,4.511374186332171,0.17201908518238443,0.24052281184918126
TEST_06287,1.6909385036782607,0.02961141575760069,-0.15777988827248454
TEST_06288,5.221626244518568,-0.8170393679494289,0.3442401423209785
TEST_06289,2.9864765462536242,0.34039896753791726,-0.42745320785718277
TEST_06290,3.3276428314676014,0.20583757073429895,-0.023580466615102984
TEST_06291,1.2399640798529377,0.16617253788715733,0.2297002247688136
TEST_06292,1.6891622818562118,1.1607193761480012,0.7747240675942018
TEST_06293,2.931894496221598,-0.3600582863466466,0.2016326294808766
TEST_06294,2.3105963178034497,-1.294842815751543,-0.18029391227045938
TEST_06295,3.48856442562636,1.0199492783653072,-0.6301931597260116
TEST_06296,2.006441572000283,-1.3326738248488743,-0.1870979524601579
TEST_06297,1.828498648714979,0.1494846386172928,0.1552635778360219
TEST_06298,1.8109299221149249,-0.5431791527606927,-0.7221340872343467
TEST_06299,3.168131634273327,-1.2354517534051432,0.06766883460625366
TEST_06300,1.7005369819446554,-0.19413617924719576,0.11422436674070778
TEST_06301,3.5065776583036823,-0.0457050016669749,0.34401028581994186
TEST_06302,1.2204617347803755,0.179960774986991,0.2835937749300431
TEST_06303,1.8852312561734004,-0.37437606636384546,-0.2137681878671777
TEST_06304,3.833388047706113,-0.22854855872473484,0.30023643331668587
TEST_06305,4.207047293690003,-0.41013460648875116,-0.37728045598348875
TEST_06306,2.4272747895167974,0.2649819549299958,-0.09845366170045028
TEST_06307,3.606326555760273,-0.10852301436777086,0.10199308420701243
TEST_06308,2.5960045057315853,1.004357266063505,0.6288552179423266
TEST_06309,2.9709742418489578,-1.3019892750558246,-0.21038794263632946
TEST_06310,1.884502865761123,-0.42520343056119675,-0.07433672946137596
TEST_06311,2.3661957582714503,-0.023888048447191845,-0.06362151641072766
TEST_06312,2.5333816758172714,0.33236513846229043,0.9281923194082058
TEST_06313,2.1909709720426687,0.3025313833656028,0.4113060216820303
TEST_06314,3.064509172579019,-0.28288854571994854,0.8739962099958319
TEST_06315,1.9649259605739358,-0.031083027710139217,0.04452560956282165
TEST_06316,3.5112010956792776,-1.7037974489017975,-0.6712875985111905
TEST_06317,1.9079430644840079,-0.48525963831124386,0.20840038994520985
TEST_06318,3.8051571922386267,1.3237967486342925,-0.7395383639274427
TEST_06319,4.191342227742042,-1.162901195160818,0.49820690919493194
TEST_06320,1.716984925048962,1.1399855185117915,-0.25317717833749515
TEST_06321,4.590922675668153,-1.3525259489308021,1.2834557197808911
TEST_06322,3.7208455381309533,-0.08194994385808284,0.6161749945854766
TEST_06323,3.5262957888683606,-1.114316758141255,-0.13813791184012714
TEST_06324,1.8629475807798996,0.045317439041032824,0.2833941324221009
TEST_06325,2.2957230855944646,-0.49221800921622255,0.10656774547568255
TEST_06326,2.6860438950686687,-0.8584969663470295,0.8268983673938821
TEST_06327,2.854526958755758,-0.7686268807611181,-1.0067756669049877
TEST_06328,5.381844790510689,-2.3467574528453596,0.9243099875089807
TEST_06329,3.3737876720870412,-0.3064006595404745,-0.2275582608352504
TEST_06330,1.4624634078799301,-0.6213955268792146,0.107971123163065
TEST_06331,1.3502246360157,0.5330009293812284,-0.09774266248581233
TEST_06332,2.075901310348147,-0.9887249945002049,-0.26622505503717586
TEST_06333,2.3446618343628853,-0.28403681616246396,-0.09360098645310289
TEST_06334,3.5730154747579537,-1.2023549729323808,-0.4754296476261274
TEST_06335,2.3052346575606193,0.5864468323747469,0.38164579132975096
TEST_06336,2.1251647595319234,-0.7114826876668633,0.06780588797849703
TEST_06337,3.0587862769587395,-0.7195337530606115,1.2395196275064442
TEST_06338,2.2643406372053656,-0.4685209186278356,0.3802403764210852
TEST_06339,4.244485604516785,-0.9263028545476357,-0.26097096573680795
TEST_06340,2.946691621714571,-0.42607360994814647,-0.05579853978128433
TEST_06341,1.1166498609771571,0.08504472826429103,0.16459281554437313
TEST_06342,1.7135893808924871,0.046094783612448884,0.521498255829399
TEST_06343,2.8424410452061624,-0.07664062043102683,-0.14917102128982582
TEST_06344,1.856081255238725,0.3374934844824183,-0.3438716552644871
TEST_06345,3.5801631819524244,-0.8323685942426716,-0.32529501193243976
TEST_06346,2.4737447546552476,-0.4125143327736075,-0.6201019070311307
TEST_06347,3.9973065327790374,0.17147005877540125,0.82126962206875
TEST_06348,2.7557118401657825,-0.45647528488638084,0.5255937289611353
TEST_06349,3.320458325405517,-1.1406815601103735,-0.597862640392404
TEST_06350,1.5269337720660365,0.7781046682611286,-0.31497023276102376
TEST_06351,2.7824990357294244,0.6123085550062409,-0.5708831708133867
TEST_06352,3.3693807945056737,-0.984548488097783,-1.0166415484673408
TEST_06353,3.911945363608593,-0.7113922831452689,0.5892660718339726
TEST_06354,3.407938163983823,0.6569601911963282,1.4325416846464318
TEST_06355,1.01088135313995,0.1042507668196945,0.32725756450526555
TEST_06356,2.1042467313114765,1.2760123809986281,-0.3176594265582412
TEST_06357,3.1735890069706034,0.9172103038845046,0.27562703165533614
TEST_06358,2.7633426908231375,-0.63506657059186,-0.271197405382465
TEST_06359,4.840427583834973,0.569835855284756,0.39474687802775615
TEST_06360,4.054320133616438,-0.13642865417864905,-0.15437645220578874
TEST_06361,3.818969047836876,0.9658346609653272,0.08943137695290332
TEST_06362,4.254764881271759,0.7354372189305667,0.5971180793753081
TEST_06363,4.050215975942683,-0.13405476745883693,0.7175713589897038
TEST_06364,1.9976402474678336,0.9717227633327326,-0.21637221451140262
TEST_06365,2.1133970345644526,-0.8466197859169429,0.5175132063060954
TEST_06366,2.934616907793275,-0.31477539485360345,-0.17315172260265932
TEST_06367,4.620607642250012,-0.44521738013175677,1.2697616065295287
TEST_06368,4.903117736058693,-2.014216083855577,-0.6543328610504714
TEST_06369,0.6907364689126342,-0.04830247838634156,-0.11193390534309658
TEST_06370,1.9650362768111622,-0.7008750263253022,-0.20885093229089424
TEST_06371,1.2294206818924085,0.1586006506833744,-0.138902884089082
TEST_06372,2.0281078019710495,0.8819753099860835,0.6688015652452562
TEST_06373,2.4784982394890336,-0.4115365100352001,0.47821078324304545
TEST_06374,2.836131743543064,-0.14120157415104262,1.597986607925709
TEST_06375,2.116898203127435,-0.20689201328535642,0.10048542991703607
TEST_06376,2.5084497539379904,-0.6058727066730618,0.6550307562778362
TEST_06377,4.128534544109215,-0.9234185927422242,2.2162847626960804
TEST_06378,3.5613031517239007,1.0352190595413828,-0.6345823533923487
TEST_06379,4.365234205649495,0.06675395388227252,1.1382506505766088
TEST_06380,2.3157681254244205,0.09788150312083078,0.0472940751539443
TEST_06381,2.0961679312165864,-0.09122614461035522,-0.8854373836239873
TEST_06382,1.7410748584107807,-0.42712973686167016,-0.3066644803609302
TEST_06383,2.186171592963326,0.05260561839628201,0.7703693066659668
TEST_06384,2.7407911583536193,0.1950723223579299,-0.04944299699598721
TEST_06385,1.8565126737773008,-0.23544399546145336,0.5292223355534066
TEST_06386,2.638329300779149,-0.27350874379106727,0.33445655834934757
TEST_06387,4.501903111969944,0.960485676702065,1.0976452753699912
TEST_06388,2.4163741959849516,-0.008276826660648422,-0.661816270315507
TEST_06389,3.5955353701549333,-1.439063975480252,1.1163386436429854
TEST_06390,1.89043091487639,0.808693536633175,0.6393844559508662
TEST_06391,2.3465547435598,0.6995909055791659,0.3246577011270267
TEST_06392,1.800648974323318,-0.10962867354909,-0.08564434103070925
TEST_06393,2.087193453207448,0.5473550364762526,0.5557226461944876
TEST_06394,2.085774100183601,-0.46073767152368006,0.5650024448594447
TEST_06395,2.6416597392511725,-0.48004718077751435,-0.7639842343948168
TEST_06396,1.8878928115788562,0.12424025280897126,-0.24929734064691053
TEST_06397,2.5351950481275884,0.9991476893475904,-0.10982991562531194
TEST_06398,3.2143105186626464,-1.6151693588702132,-0.5930893820980475
TEST_06399,3.8995938251246614,-0.8893768098038237,0.4355474808037572
TEST_06400,4.410218169666436,1.2769211674258525,1.1387307843816332
TEST_06401,1.6499566017835703,1.0538105983164623,0.5660193535390352
TEST_06402,1.480067704255743,0.15566260906364499,-0.3586603131594111
TEST_06403,0.8599660601049819,0.23024458358201463,0.36323690905527
TEST_06404,3.262605116446257,1.2480433572661622,0.232855672818639
TEST_06405,2.1039089465413294,0.241192384763828,-0.14078642756708848
TEST_06406,1.19499211745648,0.05249868591025308,0.10258138208961
TEST_06407,3.8772112668802343,0.015912868445680885,0.008971655892510151
TEST_06408,5.347563922386562,0.971249137659621,0.43063424442009945
TEST_06409,3.914864726199473,0.19167480827119943,-0.32009842355975054
TEST_06410,1.5216377026415564,0.4740411447270351,-0.2087298333153105
TEST_06411,2.1656688250923275,0.43453349327061863,-0.7774011603406512
TEST_06412,1.1224826787419129,0.12898699725259324,-0.007607252726573636
TEST_06413,2.024270452806939,0.3964174275927939,0.24846467955843002
TEST_06414,1.7094029448202566,0.8363858170116507,-0.06658895909589269
TEST_06415,2.8003892183371963,-1.135863185326302,-0.3180575542615523
TEST_06416,2.791889814679179,0.46848300412842936,0.6180625652980066
TEST_06417,2.445110476451845,-0.6246664557899664,-0.5043427286210858
TEST_06418,1.7869391536584465,-1.0400111187035128,-0.3093054396799737
TEST_06419,1.7982191070208,0.4366564084356566,-0.4238233534918174
TEST_06420,2.993106589713526,0.6716945435136125,-0.15348492984795337
TEST_06421,2.7890454479387445,0.2819442051071973,-0.6346852485672837
TEST_06422,1.818831926951312,-0.22621008071322904,0.2960576251195113
TEST_06423,1.414265646947603,0.009822052065495102,-0.1298445372178369
TEST_06424,1.001877465156389,-0.25689561496960084,0.06111408221663496
TEST_06425,3.5772174731888273,-0.83429852610311,2.060010984126617
TEST_06426,2.1588232791852047,-0.398884244737406,0.5542222211226142
TEST_06427,1.6960025776372063,0.4216215335554106,-0.04338405295385966
TEST_06428,3.3012722847860863,-0.016167973880024316,0.37844766491489706
TEST_06429,3.2596900689894546,0.6660218437297306,1.0045488773065705
TEST_06430,4.347870010847569,-0.03133853850022484,1.2098669491102916
TEST_06431,2.5675541460368994,0.18237726555687175,0.07964558917289216
TEST_06432,3.365256507839381,-1.0084410995196722,-0.9557700043893901
TEST_06433,3.207574969921219,-0.8117481310616154,0.9383064319199615
TEST_06434,1.4420410713223957,0.011913636503901807,-0.08795697855125216
TEST_06435,2.0500434861243675,0.4479365550992301,0.16603285816298896
TEST_06436,2.3908348030574826,1.3660836632701088,0.2953899430162182
TEST_06437,2.037459877502816,-0.789421489943526,0.5131828115858774
TEST_06438,1.1030579007004646,-0.49770452293968936,-0.12444873588915603
TEST_06439,5.0728917747755595,0.8873973864599163,-1.1249643058306533
TEST_06440,3.8659101324439744,-0.5925762897899282,0.4247412054141543
TEST_06441,3.7681726261636728,1.8531172935045477,0.5702203300190466
TEST_06442,3.6231115633547133,-0.4655272226645839,0.6008266985785319
TEST_06443,2.5976908576403197,2.220258602822901,0.8009333202825671
TEST_06444,2.9119049963190107,0.22160556844605914,0.28142711855290287
TEST_06445,2.034577371708205,0.4054429333547146,0.4655663928299097
TEST_06446,4.986913408217137,-1.1325564136980704,0.45101606434491054
TEST_06447,1.8995050728544922,-0.23570562785240956,-0.025292670351164566
TEST_06448,5.034177114395993,-1.9411980768969082,-0.663323187415104
TEST_06449,2.6910781362158054,-0.3369009660118259,0.3386573943069208
TEST_06450,1.5876275382071567,0.5411062009316068,-0.15997211368462727
TEST_06451,3.6921934177895457,-0.24634355433078778,0.16169565183900844
TEST_06452,1.5733724457141707,0.7542411158141955,-0.5150944258933201
TEST_06453,2.5364793931721357,0.09514699285159013,0.4920399124268541
TEST_06454,1.4028610579012062,0.07961486676899071,0.41995881333395807
TEST_06455,3.0781136997568783,0.23560332283470997,0.19610506867139652
TEST_06456,2.475646994117609,0.5710861653654992,0.9627829221158373
TEST_06457,2.379541464394799,1.444936411661074,0.5279367664633628
TEST_06458,2.313660560486514,-0.6286431429879057,0.6517508354871313
TEST_06459,3.352427707558744,-0.49989098768474893,0.528890097705877
TEST_06460,2.657479318587737,-0.5180274185951171,-0.11228188018069848
TEST_06461,2.453546796954757,-0.18934176474545686,0.7205579351102483
TEST_06462,1.841456900247869,0.7163502090173528,0.39673503211010364
TEST_06463,1.9695361893075876,0.7149382666473717,0.31121341251537465
TEST_06464,3.5702275367666667,0.001491783926198456,0.14238227908082726
TEST_06465,3.9714773032149258,0.3829511630015946,0.47319670382495216
TEST_06466,1.4104697508491517,-0.36846406735498544,0.10446097079988792
TEST_06467,1.8255877695622613,0.4923657286912586,-0.04968540185143398
TEST_06468,2.4578975140470187,1.0936876049383317,0.35189793841819056
TEST_06469,3.8477110295199113,1.1435610684109137,0.3654479664722652
TEST_06470,4.054694734383621,0.05415153292853837,0.9060491536998344
TEST_06471,1.418356208810112,-0.7272429986659298,0.38139730327644883
TEST_06472,2.6223634248999286,-0.22243070855752903,-0.8906614266066664
TEST_06473,2.7722442820022266,-0.04727489026113654,0.6569159982833418
TEST_06474,3.1623205201261233,-0.3243807253355478,0.5353938076006721
TEST_06475,0.9840839917980068,-0.21179515232174495,-0.02381424607409609
TEST_06476,1.513198585874007,-0.063343865398906,0.36090793401930077
TEST_06477,3.6499638333522153,-1.5084941342145584,0.5970195565074896
TEST_06478,1.5148511091871817,0.519223322900722,0.07333360600088884
TEST_06479,2.692722732851285,-1.6050775261578063,-0.9046096554746484
TEST_06480,2.84935909660944,0.193332910431249,0.7099201182483782
TEST_06481,2.6669671650561284,0.3446966007426531,-0.25145800685953573
TEST_06482,3.7831856188900583,1.6010913747609392,1.6263971531051034
TEST_06483,3.933009536245418,-2.1306055707649367,-1.040865429254111
TEST_06484,2.212763050393244,-0.17671348043106033,0.830432800021305
TEST_06485,2.652770351730211,-0.2965870299085606,0.2636299139078811
TEST_06486,4.364486538905778,0.14272384637835892,0.1861655968815551
TEST_06487,4.882474118629211,-1.3009686476162587,0.18524661535154982
TEST_06488,2.8441154109570026,0.69771213417879,0.4723047076638129
TEST_06489,3.574316550630782,0.031673331375554746,0.0648326178711988
TEST_06490,2.331981629520122,-0.02979400589655034,0.05390386190649261
TEST_06491,0.7914802072604393,0.11991474914481448,-0.129734594274448
TEST_06492,1.7638968369068364,-0.6577498858897952,-0.26514047081491615
TEST_06493,1.635800264856698,0.2593392203923941,0.1602632958928043
TEST_06494,1.3195276251931287,-0.5194930635560897,0.09002879015238502
TEST_06495,2.6889347423116767,0.9382251255849603,-0.7786730914147743
TEST_06496,2.1190986763856365,0.35580289650346125,0.05467975047467646
TEST_06497,2.3695061346466186,0.36591138093115233,0.08983744364935221
TEST_06498,2.232923539881582,0.37243012461362107,0.3061611667114415
TEST_06499,1.5643025260212604,0.3305202833878313,0.2976716257091646
TEST_06500,1.9477675669946048,0.46090562867348683,-0.36868504768753413
TEST_06501,2.709402426410575,0.04537457411405211,-0.06838508534467579
TEST_06502,1.47920583860742,0.009397604451917379,-0.18903543932840078
TEST_06503,3.5266692389560803,0.7144157034125044,0.025610653695109346
TEST_06504,3.878296729835573,-0.26357192514595085,-0.06394292593035118
TEST_06505,3.8902152378890684,0.654954309541003,0.5970999800171879
TEST_06506,2.568073457793954,0.1749076761262933,0.022410924128506586
TEST_06507,3.708302864900337,-0.2947328353259753,1.0175442196364763
TEST_06508,2.924725258347855,1.2507978046041714,0.09255219266573882
TEST_06509,1.0704292139831622,-0.15538895713541861,-0.198634360227652
TEST_06510,1.0329349394859209,0.19994671232115596,0.0320147732818982
TEST_06511,2.678965469248548,-0.00014789106181914858,-0.06440048080707916
TEST_06512,2.120005949804474,-0.13047475363617775,0.37045061801412404
TEST_06513,2.5553990912861164,-0.6367011527244211,-0.7180759240085354
TEST_06514,1.4257069264811013,-0.2044335526389468,0.2530548730235237
TEST_06515,1.5809833426857973,-0.6184684456038524,0.3133837581959257
TEST_06516,2.8547783013181007,0.4189591010118841,-0.06585402062364332
TEST_06517,3.3832305966832013,0.6481115610005355,0.32297636232028465
TEST_06518,1.7421748891503257,0.2092838770677773,0.2010258515018114
TEST_06519,5.649853109498252,0.4439174056481873,1.2990073205116288
TEST_06520,4.36442955606336,-0.35940067119597885,-1.4649372215026564
TEST_06521,4.392916586681416,0.7996021120903929,0.2058933710649022
TEST_06522,2.5691733298456856,0.08178698903126559,0.05302935761454205
TEST_06523,1.9756810409920715,-0.7012483469170371,0.24865561703300282
TEST_06524,2.8383796735678017,-0.3287289341941397,0.005931998614299913
TEST_06525,1.1456043903587623,0.05055285933776777,0.24789625090148243
TEST_06526,1.7585715311772196,-0.2217864866639063,0.048499092182736396
TEST_06527,4.348621596704865,0.6006966624317955,1.2507028200851706
TEST_06528,4.205681668694506,0.6176561310270386,-0.37246427844814173
TEST_06529,2.807169264582429,0.6510428238896276,-0.1711187837559509
TEST_06530,1.4116009170491137,0.08374389057196176,-0.11475398723224024
TEST_06531,0.8857765608911411,0.06060419862742141,0.04379590954634346
TEST_06532,4.2308444495574244,-1.0358572794116447,1.4583530504862416
TEST_06533,1.6538350679384102,-0.4022184451071991,0.3406100827726615
TEST_06534,2.1269484570973707,-0.47255935336160504,0.11935675864948364
TEST_06535,2.145358138337586,-0.13093081164200185,-0.09190578622924363
TEST_06536,2.085922349069768,0.6040058843755345,0.8973016091027397
TEST_06537,3.7884192491198587,-0.006548564465447132,-0.3042502323582799
TEST_06538,5.056351220923303,-1.3263359783380673,-0.20778962504774276
TEST_06539,3.0849081564036545,1.2525787882980337,0.06321236494421192
TEST_06540,2.282290708454635,-0.3485606025968427,-0.8501963231403091
TEST_06541,2.3419291947423124,-0.008525773174578305,-0.6391215296790023
TEST_06542,1.2457812963106687,-0.02706658278776419,0.10952680603755903
TEST_06543,4.21796597069242,-0.9646510932745421,-0.9983221822495071
TEST_06544,4.414613736896753,0.4190209985839217,-0.8790897910789401
TEST_06545,1.9921302852001137,-1.7456091490310472,-0.9172429161727423
TEST_06546,2.1742450956449244,0.5066332172153873,-0.7121618390182568
TEST_06547,2.1745382462074874,-0.3578502155048355,0.29016524102137947
TEST_06548,2.921614724571738,0.38599835323630294,0.441164937107847
TEST_06549,1.8367583566300993,-0.34027782082504426,0.5402131611690398
TEST_06550,4.642387949118848,-1.170401297498622,-0.7524554738527195
TEST_06551,1.9726956252212207,-0.36347137469444546,-0.15943735230091413
TEST_06552,1.6903516098470508,-0.16061671478314057,-0.1445728668473985
TEST_06553,1.9152326467522838,-0.22836182718479864,0.28737323165354894
TEST_06554,2.304162917680006,-0.4058611046937857,-0.08763990856694676
TEST_06555,1.9832248349400718,0.5364940375421001,0.7049884919231904
TEST_06556,2.9625953449348414,-0.4518784073750248,0.28986470344620185
TEST_06557,1.2755995447864517,-0.018981894297809908,0.37159853365907597
TEST_06558,3.108220886207943,1.7641347157948464,-0.6282601155302774
TEST_06559,3.565142061603291,0.9769561310931807,0.5774403866910173
TEST_06560,2.859575078158521,1.691055598836617,1.1972878781925687
TEST_06561,3.3837483783234985,-0.35436365350854326,-0.4475613270882315
TEST_06562,2.481346433903681,0.1453627860992565,-0.008007605130263582
TEST_06563,3.9055623840782214,1.2956947407653554,0.6844939402312615
TEST_06564,1.7934000482362538,-0.41115236826194923,0.579209047140435
TEST_06565,2.93189310598483,-0.2126697389772635,0.6246175300056406
TEST_06566,2.2010802810317656,0.3027659417378886,0.41977275406878267
TEST_06567,2.841587520619211,1.3195347111635791,-0.7311499592296551
TEST_06568,2.2335095585775426,-1.372371545086889,0.4863929860089481
TEST_06569,2.985733689522697,0.23334290345497544,-0.23049786673952197
TEST_06570,3.3829433263501802,0.30567386280933023,0.47602443101523667
TEST_06571,1.4095859721512911,-0.4454479772725315,-0.2617151054245342
TEST_06572,2.0682603349812694,0.03281575368136549,-0.8468869343560539
TEST_06573,2.6336179018768955,-0.15310773086348387,-0.07087216404139254
TEST_06574,2.201264011034367,-0.655833233749716,0.5062142139156284
TEST_06575,2.8242340878178442,0.10695364206967113,0.8701480791565874
TEST_06576,2.6217937523729495,0.9532270485689738,0.07042660747165475
TEST_06577,2.863472919914544,0.24973677651369225,0.589398886143818
TEST_06578,5.660579771864065,0.211273972833984,1.5673380514368405
TEST_06579,3.08172473030993,1.1924387790041595,0.7979569107592546
TEST_06580,1.7895428533053734,0.23035318415094508,-0.3112355449274841
TEST_06581,2.595597090467299,0.22239686362728694,1.022028797747778
TEST_06582,1.1987080579780747,-0.23793015352677868,0.1774060255944535
TEST_06583,3.5925451332871186,0.3174530701682191,0.004606072411228372
TEST_06584,2.8786948223627102,-0.27147974679105813,0.7224682608607549
TEST_06585,5.409229873555921,0.66715774649372,0.8410756550867626
TEST_06586,3.1002332133992243,-0.4247985091307048,0.5959581719876206
TEST_06587,4.075468056930534,0.029084592715451572,-0.8033084835266644
TEST_06588,2.155881809227239,-0.6068310591828431,-0.30278015548486625
TEST_06589,2.8370003340547654,0.9073357860852231,-1.0640601882989886
TEST_06590,4.519974211192348,1.1443142668685613,-1.0044895769232658
TEST_06591,2.1402159420763067,0.15002061582773515,-0.16881828249025982
TEST_06592,2.1881298168566836,0.09868994307926364,-0.8096514604457434
TEST_06593,2.5078095116839254,-0.7025475450953387,-0.033762572370253915
TEST_06594,1.672163821862396,-0.4502561545886712,0.23439466030368136
TEST_06595,1.0996354885493287,-0.22704025130212221,0.24605575082928405
TEST_06596,2.8787541862790267,-0.3526390347129891,-0.6968886652007966
TEST_06597,2.0762499046940976,0.1378158052087152,-0.3771318102553285
TEST_06598,1.371924754747902,-0.09046815652855027,-0.27952655229374185
TEST_06599,5.351232817648421,0.2691043861989812,1.978804158138326
TEST_06600,3.087474157510052,-1.2810255404196085,0.2721182116245144
TEST_06601,1.939289031820428,0.2616805102325729,0.6071289555447082
TEST_06602,1.9907805465008246,-0.8336725028361657,-0.5046426264609204
TEST_06603,1.940451684302979,1.1011514477282658,-0.8785623091596905
TEST_06604,2.611467853977449,0.6262088872267295,0.9200434277676968
TEST_06605,3.1069690974918704,0.3939447004846934,-0.2315589469505924
TEST_06606,4.872817418510631,-0.4386246509885608,-0.5358016441608264
TEST_06607,1.683511549692763,0.4966672828428142,0.02807992293905497
TEST_06608,5.634854730771481,-0.47305090248107545,0.25238376353261494
TEST_06609,3.4205809473209103,-0.09530572481130788,-0.2660957773692499
TEST_06610,2.72915479729556,-0.04592455948491086,-0.38200026401719145
TEST_06611,2.2021180867329053,0.025214346769787035,-0.6881623932591385
TEST_06612,2.058416347956738,-1.5684590594427408,0.9615310966937314
TEST_06613,1.6488654041944495,-0.377892330964499,0.26834755114594167
TEST_06614,2.6738044521828708,1.0482266729854992,-1.047573368117161
TEST_06615,2.9835288326811407,1.1671535162655846,0.5307408923512605
TEST_06616,3.241785928851179,-1.097945759888785,-0.33275566728957395
TEST_06617,2.764399720047957,-0.9097445854395878,1.5260336136984987
TEST_06618,2.037985731932656,-1.1081425770316158,-0.6733824841380283
TEST_06619,2.73319006008353,-0.48489878636859324,0.37262814243897724
TEST_06620,1.6224747466489844,0.4278507757087222,0.4481120809002276
TEST_06621,1.3407134503175195,-0.13356095774648274,0.1716165524305472
TEST_06622,1.8060328070440177,-0.3919012356979086,0.2423595177600814
TEST_06623,2.9910680750749012,-0.519584998888306,-0.19444053655692597
TEST_06624,3.189369744954566,0.1350865782786553,-0.2208329386388196
TEST_06625,2.943046149326076,1.3728583494362305,-0.885648097603374
TEST_06626,1.0742359011733933,0.20579461706954708,0.28310224746956464
TEST_06627,3.5344619419225456,0.20277193051708428,1.2336914959175698
TEST_06628,2.3104814044663144,0.07556949777377764,-0.17870109793975356
TEST_06629,4.1965559856014245,-0.9542423450285771,-0.27152962805320136
TEST_06630,1.9647211210839022,1.4827563012696787,-0.6754928595686813
TEST_06631,2.102840188029924,-0.03644355690996473,0.0401984974102449
TEST_06632,1.35731714768338,-0.6473388906039433,0.7080668262296076
TEST_06633,2.3478650911921295,0.36294863161528795,0.5086059746487351
TEST_06634,1.2202432817896782,0.15491632353753698,-0.27319886333834353
TEST_06635,1.2259375440999407,0.24157437234340357,0.3754625735490101
TEST_06636,2.4271826711738247,0.4418495756102747,0.9449180259151616
TEST_06637,3.5855666270691575,-0.7638521829134793,-0.3820890777876799
TEST_06638,1.9840659178352598,-0.48506346467241085,-0.19702647965681375
TEST_06639,3.842167019695519,1.0462506216841676,0.2307302297689039
TEST_06640,4.595607397547905,-0.02944917207575273,1.4436115515316565
TEST_06641,4.7726858295881875,2.088250993803637,-0.8391762041888465
TEST_06642,3.96237012005279,-0.7806302010919525,-0.7607065610678525
TEST_06643,2.705907486740581,-0.370836997912912,0.6773769249651396
TEST_06644,2.8192709042164714,0.6599292677320249,-0.47181288053927906
TEST_06645,2.208422914148297,-0.8676178599452837,-0.17100913111042962
TEST_06646,1.5151066440518488,-0.6623057941391118,0.3995022955336685
TEST_06647,4.703055601002305,-0.7461025883926116,-0.9866363869150404
TEST_06648,4.445478042722192,-0.38049356528000144,-0.028365549484782166
TEST_06649,3.1452781000383454,-0.10266323588705724,0.30455829038164534
TEST_06650,3.320483751487183,-0.08598533502435372,1.1932165940472286
TEST_06651,2.396715606445708,0.17274195736620868,-0.007254861189584719
TEST_06652,2.524072401797353,-0.32026547619457735,0.751553895830171
TEST_06653,1.2719637229795437,0.480400149487388,0.03861807163818527
TEST_06654,2.030860593607797,-0.3325695142416498,0.9243077179306701
TEST_06655,3.7080557798533063,-0.09289078703189874,-1.093253269791868
TEST_06656,2.837340902019658,-1.0033203570364775,-0.7463644882385766
TEST_06657,3.7441493653028446,2.067430263942469,2.2608314632513378
TEST_06658,4.749485992273872,1.4811866966985456,-0.7516875738682899
TEST_06659,4.198418301106246,-1.3320202171769966,-0.1799925076075711
TEST_06660,2.0553238853599387,-0.9603831876788678,-0.850503352021961
TEST_06661,1.8793843064332423,-0.3527904631102277,-0.165730880831006
TEST_06662,1.6620106184968062,0.3215440599907911,0.047694945665514084
TEST_06663,4.481030316566357,0.26556072616566023,0.8250834916059596
TEST_06664,1.6055481483753995,0.6663982361439077,0.26855125818015274
TEST_06665,4.207489729116515,-0.2778262415578272,0.4996512144041026
TEST_06666,3.181994173716762,-0.5436632244676263,0.7072796706434089
TEST_06667,2.622742459675653,0.7607878294596094,1.0041116157755356
TEST_06668,2.6789653548318406,-0.7360385325885188,-0.013065698026971795
TEST_06669,3.8001189737632672,-0.6032538735441598,0.600904267608092
TEST_06670,2.6294080265786683,1.3673661837515176,-0.7467616559308096
TEST_06671,1.8377659500518317,-0.6057600483723155,-0.3506859969060113
TEST_06672,1.4628276461221785,0.20700206246447994,-0.13276429829379674
TEST_06673,2.6864663056024285,-0.13172749361815875,0.5003408783678112
TEST_06674,3.6417673236484926,0.09077838503970416,1.1273261982223357
TEST_06675,2.0633338328605064,-0.33597209247863585,0.3379239789718297
TEST_06676,2.7697725655164964,-1.5974539828900969,-0.5031523990925297
TEST_06677,3.1556558462049122,0.3481279480687594,0.8608499693867979
TEST_06678,1.4317997700563754,0.13597132388966762,0.12706411674862111
TEST_06679,2.7023992678837323,1.1595372927018468,-0.3365791402092865
TEST_06680,3.2032988805581306,1.2429283263920274,0.1894138761161797
TEST_06681,2.6281117718044484,0.832647143232496,0.49172461909216403
TEST_06682,1.7799834364081695,-1.1240497752167238,-0.3434690547574124
TEST_06683,2.3550106331901146,-0.4679908330569729,0.8707673261490602
TEST_06684,2.006531397839856,-0.28032499930335486,-0.26632838362674405
TEST_06685,2.620561395654448,-0.23599970612749474,0.5068122343527037
TEST_06686,3.3838319096895733,-0.5603046258455552,-0.7823134844682177
TEST_06687,3.18311060097197,0.39521261488285675,0.3516452170131749
TEST_06688,5.718936846230045,-1.4097370471555006,1.2628883723442184
TEST_06689,2.4749937981886236,0.48973848763402583,-0.0321986153361123
TEST_06690,1.3639247644464336,0.18681998084457427,0.15458820298680281
TEST_06691,1.4253579121375644,0.04543529742843782,0.14755444108755872
TEST_06692,2.539932346087078,-0.9360154180804129,0.17557098081215944
TEST_06693,2.922314898457595,0.22842207904703643,0.21633983969247383
TEST_06694,1.4213169842937368,-0.7568291651212818,0.5949954239016924
TEST_06695,0.9054953626094989,0.2879076939226442,0.2374784030265864
TEST_06696,2.7428595661618833,-1.5035042776957008,-0.09278335641682522
TEST_06697,3.781421422125463,-0.04686728655572027,0.5179721339715726
TEST_06698,3.1466006146059686,-0.45456023640119425,1.2663385615118146
TEST_06699,3.961298812512295,-0.4760415138408893,1.1569722737591266
TEST_06700,2.3588255924514017,0.0008279571236181253,-0.23766157281690742
TEST_06701,2.748458881837073,0.11069218549366527,0.8633175104546138
TEST_06702,1.2713792069172418,0.018626054295917228,0.4307187587604154
TEST_06703,3.1008238106859745,-0.09461813423100468,-0.40191719055900277
TEST_06704,2.744211127546841,-0.17024081675688973,0.20770381705911758
TEST_06705,5.287739697252995,0.31544201997997073,-0.4638691231222269
TEST_06706,1.8995856651225127,-0.12570800226086745,0.21067091639427749
TEST_06707,3.2709019079943378,0.5147796705186951,0.4960479722412674
TEST_06708,2.548159990096049,0.414431894390365,0.2146494545070033
TEST_06709,4.510059554364295,-0.7305277809051716,0.04474842863283314
TEST_06710,4.1368913950483135,-0.03322569227508383,-0.5290665859084872
TEST_06711,1.9891569137499032,-0.9558106610876881,0.13191487498517496
TEST_06712,1.9767230729636767,1.210929794021157,-0.8753870223005953
TEST_06713,2.694488028008743,-0.0328056357041058,-0.2587157413628522
TEST_06714,1.2643247298720834,0.16625144705325426,0.038693911469658636
TEST_06715,1.0603175278705983,0.09778494569496947,0.2561157099555266
TEST_06716,1.4410485730053322,-0.3197380893421623,-0.21519487883612679
TEST_06717,1.2338985966905973,-0.28618858157930893,-0.1724002565038713
TEST_06718,1.3940864798089445,-0.5953216974524816,-0.27228372277583096
TEST_06719,5.388483774975162,0.7277465122947504,-0.09675462111689481
TEST_06720,2.5949418431123155,-0.5785264267182744,0.4110899083209845
TEST_06721,4.682102877691992,0.7061736776959969,-0.04677875735875193
TEST_06722,4.662881421893284,1.3907868670148051,-0.5061429463169437
TEST_06723,1.7332862531659297,-0.1192669383985226,-0.09631128558094913
TEST_06724,1.514794805985673,0.5231066064566058,-0.280318463880419
TEST_06725,1.3083159334666696,0.6404005893841427,0.3593816784113241
TEST_06726,5.238510265344448,-0.4262008406701839,-0.24689282826956566
TEST_06727,3.0058937112499846,0.39478908229646437,0.4702275853187331
TEST_06728,5.596270442154085,-1.6118276586415712,-0.8887950271261192
TEST_06729,2.357863897086352,-0.2680187510463329,0.006593434479885547
TEST_06730,2.86142663603024,0.5990399569125002,-0.15567770715729773
TEST_06731,1.2295586237292002,0.09577744169526257,0.19925752570255856
TEST_06732,4.2003587727951714,0.11073863577137899,0.3716239811330757
TEST_06733,3.0667466503223477,-0.3543210224594126,0.5482995763119997
TEST_06734,2.4135490644891444,-0.25848685094145796,0.30764468181927707
TEST_06735,0.9140509494910427,0.24903201402369346,0.03731267675502624
TEST_06736,1.7039874629178176,0.11594551569544895,0.432534855486163
TEST_06737,3.470559907294718,0.22190994271062384,0.7624807220936765
TEST_06738,5.435735043506248,1.1780240438872465,-0.46142030116109034
TEST_06739,2.5069330028465764,1.3186838814257964,0.06924315588222742
TEST_06740,1.5533288095626132,0.12274404952375582,0.30890483044963224
TEST_06741,1.2851437025192023,0.026926925160571834,0.20888400542330793
TEST_06742,1.9483139857481493,-0.26615899607374766,-0.675101762702228
TEST_06743,2.9638159124532844,0.7489054230343274,-0.7481504357713292
TEST_06744,2.317747821772827,0.1576887431663929,-0.5222789563412544
TEST_06745,4.522646863658771,1.8092852028370905,-0.47335165236633325
TEST_06746,3.2419934987821817,0.8567433851780917,0.5889801846722942
TEST_06747,4.699412985476654,-0.4398815100504971,0.02862090970698569
TEST_06748,2.524736348505591,0.43952455451126626,-0.3469817136570617
TEST_06749,3.5494186930123526,-1.5822733841150285,-1.178986556625228
TEST_06750,1.1685597948182143,-0.24427569899156887,-0.04669018931322873
TEST_06751,1.2140092771303839,-0.8987737162429347,-0.061804325988088736
TEST_06752,2.7295655115119217,1.4735599822356098,0.6228112147681556
TEST_06753,2.270146191588836,0.4513302338868476,-0.40208186018954056
TEST_06754,2.288244803635174,0.2870265039225699,0.08773377524244207
TEST_06755,1.892242233091817,-0.7022016006713985,0.5095387702835762
TEST_06756,3.1493893555138652,-0.7673603878090405,-0.3772577928434701
TEST_06757,2.1295647875321895,-0.039423072596984,-0.2602180603469657
TEST_06758,3.3521387559901967,-1.3498476975857683,0.7405873276509287
TEST_06759,4.560418466018592,0.20404448961645857,0.8953436736370252
TEST_06760,3.091403083937374,-1.5667796664464742,-0.576902650692861
TEST_06761,4.2880527138028,0.8828683089460672,-0.7386483856141799
TEST_06762,3.984840444594316,-1.5412186098884346,-0.9386006397418479
TEST_06763,1.55677500136746,0.13333117400805458,0.7002610642549643
TEST_06764,1.7632898621426574,0.013520600061106797,-0.038136322611618055
TEST_06765,1.4606563761262927,-0.07377124182937746,-0.33343517266948913
TEST_06766,3.6823855821664164,-0.7475533457320421,-0.5842339888619615
TEST_06767,3.7905761346257822,1.3402595413707088,-0.9330669782546805
TEST_06768,4.882078991008162,-1.6709318580517611,-0.12271832625701996
TEST_06769,2.4800170894499005,-0.04583739919442535,0.00628745157903471
TEST_06770,1.0760029014441568,0.5967734069196653,-0.24655090968622798
TEST_06771,4.093718694771728,0.15644307708978916,1.0832551121195373
TEST_06772,4.72388580856218,1.106459884373914,1.1005210202474547
TEST_06773,1.3566161762896658,0.4218605748268581,0.35742622743966224
TEST_06774,3.3176803589092088,0.9938895847571976,0.9381315491174218
TEST_06775,2.8479159267215968,0.5796516329138737,-0.12445581820073345
TEST_06776,2.253455933376648,0.2624408979376706,-0.19819030721943653
TEST_06777,1.4986753352238487,0.5021087551375056,-0.35614216790808906
TEST_06778,2.5572720844338113,-0.21968428232550025,0.13512665580067248
TEST_06779,4.2674618715979475,1.306885639246032,0.914292774095265
TEST_06780,1.4574204817581158,0.17745291412258138,-0.010468081827440965
TEST_06781,3.0756977029953556,-0.03049660783241687,0.1332981267813058
TEST_06782,2.2508246530468976,-0.08684779902424694,0.08276125590221316
TEST_06783,3.869745828898808,0.12730297512705713,0.8697267442009787
TEST_06784,3.17787720864424,-0.26221990044262183,0.05883899683277926
TEST_06785,2.3939074881979923,-0.2801260382660506,0.05210563954751192
TEST_06786,2.5814678301814697,0.04611619557873511,-0.031106649258233202
TEST_06787,4.543140089219903,0.7996074197791592,-0.3132444085775534
TEST_06788,2.003119182317931,-0.6168601574356252,-0.33746740928948976
TEST_06789,4.662734442188732,-1.12157673964988,-0.3707638210932577
TEST_06790,1.6507213194430075,0.12731998358477928,0.5457463197567279
TEST_06791,2.4156791925663916,0.6613903877187307,0.011397040346359596
TEST_06792,3.204005996469499,-1.5678822057213229,-0.8621056739506713
TEST_06793,3.359059927786684,0.9972476174877434,1.0618131601592802
TEST_06794,2.3786251176315196,0.34495531404637336,-0.03866233895431303
TEST_06795,2.537354356796481,0.8274652286299605,0.5224897382892317
TEST_06796,4.5161471374064055,-1.6248562366291255,-0.42116047281013663
TEST_06797,1.8409273105077635,-0.4167562259421308,0.5232320526380153
TEST_06798,3.6615169000197065,-0.6995761434196476,0.9799943038379191
TEST_06799,3.947734227554736,1.8162365195398962,-0.4279070674667288
TEST_06800,2.601627375729224,1.5515714256715676,0.6715005416417571
TEST_06801,4.461437294658303,1.6668463067843793,-0.03519761238880066
TEST_06802,1.7659382088574,1.147153786138866,1.0692502940255568
TEST_06803,1.9174396488406342,0.7614542299625802,-0.14342296390787918
TEST_06804,2.1911511770276255,-0.09056410634234331,-0.12674021278686787
TEST_06805,2.875077754739674,-0.36529850309993045,0.772431433379829
TEST_06806,3.7907800006879966,-0.4463775853111031,0.2702534657996073
TEST_06807,3.7617526882488375,-1.4096145553570154,-0.8985635628195064
TEST_06808,5.6692024137975485,0.10755977378702633,0.11654667740763879
TEST_06809,3.17109390102888,0.21761757696622827,0.22358019699547624
TEST_06810,2.7275078927840726,0.18337927483708175,0.16785805777694737
TEST_06811,2.4698052619895727,-0.19505997194592306,-0.16626628225781637
TEST_06812,3.0636057134892587,-0.10174830683331951,1.211198896701559
TEST_06813,2.551896679346617,0.03910546173159062,-0.39490447342106016
TEST_06814,2.7800227697643263,-0.013724474354792454,0.6554221103215107
TEST_06815,2.2942881071815338,0.46915403816323514,-0.1089166787227398
TEST_06816,2.981147118504605,0.5168805325422202,0.9160489180722787
TEST_06817,2.5033530272926585,-0.7361441610661162,1.3259540311245241
TEST_06818,3.385707028015212,-0.9416630507156546,1.1709762781510018
TEST_06819,2.4058793483780874,0.6830943609275371,0.2891988709009263
TEST_06820,2.389776907850015,-0.36255733937268836,-0.07738345141628442
TEST_06821,3.063425438600245,-0.1126350059166654,0.2195763826419859
TEST_06822,1.4942885286453322,0.8165045082283294,-0.058367685708690525
TEST_06823,3.54859528510878,0.4190303251717835,0.8360949547527305
TEST_06824,1.708582652861389,0.27658094693048024,-0.15417066024604506
TEST_06825,3.3579079908282554,1.3868757380305936,0.11313088385523008
TEST_06826,1.4189966405528744,-0.13628205535743018,0.46174981139534793
TEST_06827,3.2206102680040107,0.19772614646869907,0.4588912111995303
TEST_06828,1.3934823352675716,0.29452554537603987,0.17981199042478707
TEST_06829,3.7773783167861334,-0.15008446750713522,-0.899025944720714
TEST_06830,3.8949845113834756,0.2926275616781258,1.230039863151921
TEST_06831,2.7853590528213545,0.9548422254297764,-0.3041291394883493
TEST_06832,3.4671271706250195,0.22165095688576872,0.5704598806081935
TEST_06833,3.80933570351814,-1.05665700330783,1.279061833428052
TEST_06834,3.131377516185464,0.01874118525209436,-0.5168781567754777
TEST_06835,1.0057612476995692,0.3407281927189474,-0.034451058748318455
TEST_06836,2.7435060687458988,0.17928779128010439,-0.141892895317434
TEST_06837,0.9880399391184512,-0.012337279104365495,-0.14120680585846487
TEST_06838,2.3754510095226005,-1.1708165959131154,-0.5492273178033684
TEST_06839,3.8948953031132065,-0.5387250233336037,-1.00594760529693
TEST_06840,1.6390715031225638,-0.3176144399331597,0.3101604533525904
TEST_06841,4.55099227709199,-0.7610574420986724,0.9622492037765942
TEST_06842,2.024188556427776,0.02064472291806137,0.08566346366755476
TEST_06843,3.2179662493511048,1.024137021423105,-0.7959877848922506
TEST_06844,2.038004985071201,-0.7817300072251485,-0.5680262887896708
TEST_06845,1.235706024687474,-0.4683842076898068,-0.09987318827435109
TEST_06846,5.067440973182996,0.6233846515044564,-0.2756035433793655
TEST_06847,4.025428680751965,-1.0869896617898347,-0.7408973744721092
TEST_06848,4.545597554675189,-2.2620575591683587,0.819279948334675
TEST_06849,3.387721058675744,-0.4698565228614621,-0.31608606586155896
TEST_06850,3.0963332037467586,-0.049858965487919106,-0.5723037796623933
TEST_06851,1.1312369877542776,-0.29899632213081606,-0.017896336467710914
TEST_06852,3.498312934573527,0.0037362595684098873,-0.8480747006202392
TEST_06853,3.018971503557956,0.3326542727301793,0.38479192131288464
TEST_06854,1.6626211002471583,1.2321698309875126,-0.6400865881535581
TEST_06855,1.786315650638275,0.13654834464190208,0.4381292229387571
TEST_06856,2.83257087861958,-0.05219977687270757,0.7449939682472964
TEST_06857,1.9684729362405484,-0.3679886892126623,-0.11578834831225038
TEST_06858,4.828847968997204,1.161110458455514,1.4078576146723767
TEST_06859,1.2163060293650845,-0.12662178441814226,-0.12433195056652044
TEST_06860,1.4547127616930176,-0.21948666909326828,-0.2503161897602948
TEST_06861,1.2380950420670198,-0.3970803689745798,-0.10956110555907879
TEST_06862,1.5420706374258963,0.40050051615843346,0.1249657706461189
TEST_06863,1.2147359584150554,-0.35762471759298325,0.5009067928010854
TEST_06864,3.686343302095112,-0.5633805279726539,-0.5797484236150708
TEST_06865,5.282030285457906,-0.4977492979781895,-0.15694138875962613
TEST_06866,1.9361682821449846,-0.43524184380123976,-0.36159512742470534
TEST_06867,3.941827508620064,-0.2192150056650952,-0.09603538154255878
TEST_06868,1.9693579131604009,0.45942168146376816,0.3376692494471072
TEST_06869,3.6281572307841237,-0.7545476827045202,1.319507832792988
TEST_06870,1.3386386169184152,-0.6480900957049269,-0.440314978213501
TEST_06871,2.7187608871111424,-1.2237752475517034,0.4743617933905866
TEST_06872,1.480818328481808,-0.7360559512711078,0.13676115094633548
TEST_06873,3.6284697365361525,-0.06235780750398116,0.6903381000416765
TEST_06874,2.5204472017981865,0.4428342766955262,0.6722675048152902
TEST_06875,1.0052789673210938,-0.1237425797137836,-0.3359242382312317
TEST_06876,4.204842663219214,0.3312819060257036,0.5874567013668173
TEST_06877,2.6511164715920414,1.1782468330448006,0.11289358609040771
TEST_06878,2.571939783439298,-0.4105141703496207,0.4409481517723645
TEST_06879,5.506649772028591,0.33862281216594253,2.114012673298116
TEST_06880,2.103772655864424,-0.47466171991893374,0.10202886763443277
TEST_06881,4.294523225498437,-0.03775944576845743,-0.2580949512794651
TEST_06882,4.34076440861854,0.9576134619063674,0.21508094056959468
TEST_06883,3.5443827608567475,-1.1971781554380043,1.06183817792555
TEST_06884,2.7552023500724037,0.10449017466132778,-0.5276039805206412
TEST_06885,1.0223453684955428,-0.3294243576877484,0.1741915120313435
TEST_06886,2.9562524478361,-0.08395551732257048,-0.32492267629109256
TEST_06887,4.3861658177640725,0.11741144556511698,-0.33643223794338634
TEST_06888,3.77286791692059,1.2790227899821058,1.356206844517301
TEST_06889,4.553439066023413,-0.4260673797086271,-1.0547434244178222
TEST_06890,1.6552578673416847,0.12446507492234135,-0.10923464042102342
TEST_06891,2.6254293855198045,-0.14320623944146352,-0.5881814590722853
TEST_06892,4.69860406699085,-0.8189807793332579,0.21172575249895967
TEST_06893,2.8088794375904285,-0.5664894056673725,0.582252563284149
TEST_06894,1.6095902492776932,0.10297926654246527,-0.5067722652280879
TEST_06895,3.9504525272310818,0.5691192038664779,-0.7502469757758357
TEST_06896,3.447331070854362,0.07001549913999891,-0.3184220969810578
TEST_06897,1.4583074127254794,-0.3990234196701953,-0.3468748008113479
TEST_06898,5.060508224245835,-0.3922337105644043,-1.0503136900137506
TEST_06899,3.8883277724521017,-0.24650947310042173,1.0322590662979378
TEST_06900,2.3025957726722925,0.4065529316794424,-0.6822707833785258
TEST_06901,3.19468956940474,0.06222105219734211,0.47492642017171666
TEST_06902,1.3104662751984588,-0.5145623916500998,0.3111058680808324
TEST_06903,4.084469013203399,-0.6328010341816426,1.0720043800579853
TEST_06904,2.4600900206378973,-0.41047094091678776,-0.5068054964144212
TEST_06905,4.9134165559904375,-1.2325944846851131,1.6680231303418094
TEST_06906,2.1778117287011973,0.10122776714419636,-0.48783767777198395
TEST_06907,2.313887748667476,-0.12703329747994246,0.9064723362110501
TEST_06908,2.906178960538894,0.1257906076772895,0.02410449686451527
TEST_06909,4.878888139952967,0.440049887021459,-0.3242345137732939
TEST_06910,1.9269099944065446,-0.9719423004272759,-0.4991592901395425
TEST_06911,2.1471142191965513,-1.1879665070966803,-0.4727216160810385
TEST_06912,1.4674139994288917,0.9177843088536353,0.47162341569232036
TEST_06913,2.8246736267544192,1.508142533968787,0.9561344898399481
TEST_06914,1.7769875016819467,-0.00986193910245566,-0.16011027959719246
TEST_06915,2.2932194573785716,-0.19596459812754144,-0.2742397410711576
TEST_06916,4.2620694515762425,0.6878068977027211,0.7819709892439025
TEST_06917,1.404022068386632,0.26542747347091106,0.21968645610957346
TEST_06918,2.867126006317513,0.708657884121018,-0.5749952776300332
TEST_06919,3.256983636358604,-0.7784944753442832,1.9546893420878118
TEST_06920,1.832342518662303,0.4807966989251724,0.18107476238940057
TEST_06921,1.1175671146072923,0.2882490188369739,0.06399883207741477
TEST_06922,2.050222014756061,-1.0139938554781696,0.06220956484592659
TEST_06923,3.98729603677639,-1.205455023473827,0.313647178987019
TEST_06924,2.0718036501613413,-0.9190523887158185,-0.5517407473025827
TEST_06925,1.252898754745136,-0.3130132798970974,-0.30472057369113553
TEST_06926,1.501635110023235,0.7003433180346071,-0.02684550198022198
TEST_06927,4.216917307979359,-0.3747246322646667,0.9999820966183476
TEST_06928,2.4181250117353827,-0.23383749468646414,1.308646882624434
TEST_06929,3.6336100825607027,0.4890487264534084,-0.08085971352336814
TEST_06930,2.231931425686908,0.27875007498372906,0.4180292027791509
TEST_06931,1.0347378834286678,-0.42733495946130134,0.09469394226242286
TEST_06932,3.250253398628794,0.14745076693075046,-0.10454561298885463
TEST_06933,2.2596350710614885,0.17834321004829362,0.5063607420960652
TEST_06934,2.916382136021023,-0.14980829939670048,0.27683211574090877
TEST_06935,1.9708871872778297,0.32494123069878156,0.24300454464559884
TEST_06936,1.509629338207984,0.5502558951128076,0.44996334189491727
TEST_06937,3.4718198358982524,0.34542878515046427,0.68677212027425
TEST_06938,4.632843852020646,1.091010277686376,-0.2088469319308965
TEST_06939,3.6639023233768238,0.44909942156833377,0.07337947029674835
TEST_06940,1.1676234217858485,0.18567540579275768,-0.3497701185879588
TEST_06941,2.8292066826120847,-0.08181956320548485,-1.0582621172552216
TEST_06942,2.280429744331532,-0.6620888700389898,0.1879080315540066
TEST_06943,3.9237342451528026,-0.5602693343331683,-0.1547195653005161
TEST_06944,1.3113701206790667,-0.4105246806739135,-0.33355598671287817
TEST_06945,1.7589736655228105,0.41866863137926846,0.4745788449743934
TEST_06946,1.3913337697191708,-0.03785200279740038,0.6330013882573089
TEST_06947,1.495571635780278,0.16342127180145286,-0.16091330065942797
TEST_06948,2.503052351004177,-0.5026803304628977,0.31622639887654225
TEST_06949,1.3836078242389762,-0.21222891681464226,-0.32829537219175153
TEST_06950,2.723751780060324,-0.16961970994663342,-0.02843951482078981
TEST_06951,2.315100866717589,-0.15566721986955195,0.6086522833189434
TEST_06952,1.1274243986103016,-0.43270557142635657,0.3276014297176091
TEST_06953,3.6785754068756136,0.7779046257411076,0.08928403937228963
TEST_06954,2.874189223464749,-0.6393494008873851,-0.04196853207871653
TEST_06955,2.2452243836390506,-0.2829339626127204,-0.011869828971980158
TEST_06956,4.260692092514854,1.459319985157062,1.0514023096448324
TEST_06957,3.0332308175836897,-1.0223208063246831,-0.3458894092251644
TEST_06958,1.2714970321699,0.26991565468743023,-0.3951762169959671
TEST_06959,2.060768910807967,0.7704226183508146,-0.32287442422156126
TEST_06960,2.6605837363520264,-0.45879258752879326,0.3756657175970304
TEST_06961,3.0176737454027167,0.18156306563055052,-1.0139548667715812
TEST_06962,0.8823924559124618,0.05441603429415914,0.4791370325160017
TEST_06963,3.693699166719946,0.27439779589376634,0.3729547375626337
TEST_06964,2.977752206292353,0.6574483513588044,0.6847965137048295
TEST_06965,2.1768144793662754,-0.8726429624446932,0.9092848104375661
TEST_06966,4.937369686148082,-0.3481113216038554,0.4648269577095032
TEST_06967,1.3673036911446081,0.3567107098225234,-0.5503939612676164
TEST_06968,4.191209557035044,2.2159295608114373,0.6492302305188101
TEST_06969,1.2550197084826598,0.30587457609394925,-0.00025749047956416375
TEST_06970,1.5958700988247818,-0.3101741008413444,0.38664922875826435
TEST_06971,1.9273074706402025,0.6146369729704475,0.058373733284684634
TEST_06972,0.9845291620539852,0.5562125316101979,0.39286415573917943
TEST_06973,3.2297472701211904,-0.4532570827744806,0.018725263360634122
TEST_06974,2.392574264548549,0.6363156854264987,-0.8719280033600209
TEST_06975,3.7124568025094873,0.7837333615815573,-0.6519687623566943
TEST_06976,1.1955740195377922,-0.6208697745584999,-0.13960760252671622
TEST_06977,1.3080279614981951,0.43219685757114457,0.16376027539972543
TEST_06978,4.355242992252849,0.2593156673129565,-0.1476379376226805
TEST_06979,4.355762877144639,1.629232617822288,1.505651573282816
TEST_06980,1.2202876520500343,-0.6393468473020631,-0.4516476260639913
TEST_06981,3.5502053445140467,-0.5231073691498668,-0.0920708264527358
TEST_06982,2.517981060889337,0.5288701289295046,-0.09253207452217317
TEST_06983,3.0030584321751417,0.21848998253795787,-0.6771347084026689
TEST_06984,3.2559858196233824,-0.34337136823016073,0.4526433577240691
TEST_06985,2.1446676784854244,-0.16215705351377785,1.1656404706248908
TEST_06986,2.2016538099004355,0.37808764852811666,0.10476780993983408
TEST_06987,3.048085922528361,0.07179298538940966,0.22662340359225405
TEST_06988,2.9512342421919238,1.1659201204620286,0.1542326913448742
TEST_06989,1.93211780931873,-1.1950189230750365,0.4658358789299026
TEST_06990,1.0381320635102085,-0.28049688158426883,0.15526962750909185
TEST_06991,1.94658038499747,-0.5257630885559965,0.2770808964055061
TEST_06992,1.9785314867356885,-0.8553271713074246,0.803303134617289
TEST_06993,2.6705319778302963,-0.24471770682875735,-0.42841970297562026
TEST_06994,2.009807409859667,0.6017365296888962,-0.0034809994004919875
TEST_06995,2.355345739576523,-0.6195320980169586,-0.6848848673956534
TEST_06996,2.156284062879144,-0.671855477692581,-0.4403100906638402
TEST_06997,2.7877051251054654,-0.47561595523267164,0.5588605176492779
TEST_06998,1.2471268445442487,-0.21752130546770862,0.21338736091321026
TEST_06999,4.8848433638326565,-1.180888057424077,0.42155525640917807
TEST_07000,2.4920345325988467,0.6065582555522061,0.2789567734916834
TEST_07001,2.421366870451295,1.5132994484574158,0.2689132372548594
TEST_07002,1.9601521668145065,-1.3120238480144448,0.2997570668968337
TEST_07003,1.9152875267131004,1.2668204185321392,0.5629926475310613
TEST_07004,1.6117624201757133,0.06202643922551621,-0.18257044186453472
TEST_07005,3.008339896616152,0.5703629373518558,-0.25496824104327165
TEST_07006,1.4379407261215382,0.537452649912366,0.24839629272268351
TEST_07007,5.135728706197222,1.676402415889909,-0.5371745299991696
TEST_07008,1.3409631413355652,-0.7570935463100045,0.566771582517481
TEST_07009,4.434802522543895,0.6866128452463868,1.2640380804687683
TEST_07010,1.4813367247641156,0.21083591987004013,0.35421039577864305
TEST_07011,3.474913670666998,0.15558636029389575,-0.012181394065862413
TEST_07012,3.3607873267170283,0.2081460593976771,0.032321291409781766
TEST_07013,2.4967433248240005,0.03680351591602072,0.22080082858696143
TEST_07014,2.6668874783840195,-0.18630066363077086,0.4954633210473251
TEST_07015,3.7391492948978655,0.9962680342429231,-0.9825405123349807
TEST_07016,1.7746996270001696,-0.8716562510513788,-0.7033550940331422
TEST_07017,3.9552316829098153,-1.5075017208080883,-0.0305929033690923
TEST_07018,4.093890873772212,1.664585576124007,-0.45912898912250294
TEST_07019,2.2707556082450777,0.6454122712031667,0.022544021203600283
TEST_07020,1.675613367312009,0.12732441546531614,-0.3548646716740539
TEST_07021,1.073352447084692,-0.19046863022484828,0.030713200784951017
TEST_07022,1.9012034722766942,0.5085199596847828,0.2416224373079584
TEST_07023,2.463360620311762,-0.7915945718724196,0.241864481476017
TEST_07024,2.3139965211417794,-0.19210364231245397,0.4727915819158362
TEST_07025,3.736821238882785,1.644950702316991,0.1130500678089947
TEST_07026,2.902470616785635,0.3572102927596038,-0.07113733249489661
TEST_07027,2.002260473843484,0.6979280900132216,-0.5494581744903418
TEST_07028,2.9191467569665175,-0.032775224096960376,-0.08762430469310066
TEST_07029,2.744255023977347,-1.4817493954124465,0.041318620060022945
TEST_07030,4.203218376096081,-0.17906284646783618,0.1491675540463756
TEST_07031,2.5860643959650105,-0.4933912080917935,0.3382933392148984
TEST_07032,3.436167906271076,1.4307162508128413,0.33953754521117946
TEST_07033,1.319980601006142,-0.6587945698486845,-0.31282894612494455
TEST_07034,1.8844051395558328,-0.020695601271496368,0.11613323982267353
TEST_07035,2.2944986324613046,-0.8912312968294305,-0.48717857287575755
TEST_07036,2.0703539678315086,-0.22520507348783056,-0.6565641205369409
TEST_07037,2.645291969758455,0.049581491545763856,0.35289509599133423
TEST_07038,2.5502315850246506,0.7424224476971835,1.0958987824924507
TEST_07039,6.198183926764302,0.384517898274599,2.3413359367207955
TEST_07040,4.388463413881983,1.104946360135777,1.684965802155331
TEST_07041,1.6851282600025934,0.6485437530375475,0.5001429304163135
TEST_07042,2.724928509241341,0.402142610927112,1.117141833079184
TEST_07043,3.238759730323434,0.540467471956445,0.10279172292649354
TEST_07044,3.336873485963085,0.15964982057173588,0.2596429831516667
TEST_07045,1.3876508796159006,0.18969486913916642,-0.33948272125957507
TEST_07046,3.153365379852855,-0.4595834200605283,0.48552715301555266
TEST_07047,4.126285179854686,-1.0011217596347797,1.1147173730875322
TEST_07048,4.722346149723387,-1.048494902236896,1.3431665213614417
TEST_07049,3.0237734345653733,0.3559531255319776,0.3464326653086563
TEST_07050,2.624037448201778,0.2609224141287748,0.24271744612501847
TEST_07051,1.6162565865076681,-0.056202922778109496,-0.34410393665450484
TEST_07052,2.056155545862812,1.2737251825407117,0.5729821114444773
TEST_07053,3.0281617801500773,-0.38278248773917534,-0.2891062370158157
TEST_07054,3.51064652017595,-0.14955566025682185,0.7349658398348887
TEST_07055,1.5791299484936365,0.2502521753714169,-0.11451785191286795
TEST_07056,2.1619056162626924,-0.14609137476545037,-0.08378495452890096
TEST_07057,1.696137336503916,0.27916317674787555,-0.5371182908211167
TEST_07058,5.342327925028634,1.0780408308344962,1.2766958707309162
TEST_07059,1.771724268135737,0.05792586787414422,-0.01289948630631512
TEST_07060,2.891245211255715,0.44418818097678836,-0.43938814040670954
TEST_07061,0.9701010804688454,0.41786985933240367,-0.1608023779266335
TEST_07062,1.5561674644861154,0.34125664778756465,0.052856662176031875
TEST_07063,3.2265456426002372,0.7100156951295161,0.9159790758873626
TEST_07064,0.906385855097032,-0.27512478039436833,-0.1362188337256147
TEST_07065,2.106977328954275,-1.0602037381076201,0.7529899975033021
TEST_07066,2.821046604942454,0.05922031416697187,-0.24061244253260122
TEST_07067,3.646509366364289,0.5688043798902133,-1.0397939341583515
TEST_07068,2.321508665010916,1.2922516278010385,-0.8518963827721928
TEST_07069,1.4183087799632232,0.360753314692284,0.3831440876694845
TEST_07070,3.5556298331257374,-1.4342197536271268,0.5458580799215775
TEST_07071,3.3883501415781723,0.8206203897267538,0.5644792450210117
TEST_07072,2.5017060833617992,0.17975785120345056,0.10386372040742693
TEST_07073,2.3743631818762827,0.36096541996569625,-0.26882528283476725
TEST_07074,2.3308234893769817,0.5568714888162563,-0.5272721656641745
TEST_07075,2.1830106297535727,-0.06650327552903416,0.05892761983807375
TEST_07076,1.3637937538740512,-0.08241645409197702,0.4519478274239427
TEST_07077,1.6655023029075435,0.12280857238921089,0.3326408957081941
TEST_07078,3.6122413676400176,-1.4923468941524785,0.17872234488783534
TEST_07079,4.765726178559871,0.1719928840554252,0.610782701106827
TEST_07080,1.2447226015227917,0.49819607317976106,0.09208711809184907
TEST_07081,2.6348933150631852,0.18888817698095436,-0.01784833598661797
TEST_07082,3.2007654182019114,-1.6444576798610455,-0.2292274008296767
TEST_07083,3.1709590541982244,-1.4784900552128324,1.3003886934030462
TEST_07084,3.282194530633807,-0.8840372151185404,-0.7542973487548292
TEST_07085,2.7923701275668265,0.705720087943567,-0.036576724062423266
TEST_07086,3.064078474178405,0.6592230265645781,0.38927998432329564
TEST_07087,1.2568199908530757,0.15903838104469215,-0.03341827713873267
TEST_07088,4.102122206359326,-1.8964587880046164,0.5894095263101506
TEST_07089,3.8898447558829243,-0.20359166190845385,0.06611150463976799
TEST_07090,2.4405960574100516,0.29851242966680225,0.16199817036732844
TEST_07091,2.9120914819944046,-0.015222165533542399,0.630933263556516
TEST_07092,4.882695381759804,1.3696277321259411,1.3258403157833951
TEST_07093,1.2873215648659024,-0.16509523991988456,0.15583649752991466
TEST_07094,1.6879389983798179,0.4264030170536571,0.5823215393329354
TEST_07095,1.2261955048608946,0.06362668558471603,0.4017432073797062
TEST_07096,2.3614651739577526,-0.8835597411782127,0.7646125479776199
TEST_07097,2.414143324738767,1.4596454027873182,0.6422308215146554
TEST_07098,2.0494973070944202,1.4536514278559303,0.7080545995549801
TEST_07099,3.1646407453444474,-1.6994770540842838,-1.4260271009499506
TEST_07100,1.1658119579625572,-0.3578061785271952,0.18519230425094185
TEST_07101,3.404712491983098,-0.11487194231913044,0.6037949774630755
TEST_07102,1.2731317195284841,-0.6338936204686654,0.2844021672494008
TEST_07103,1.6624301970115294,-0.027498751639815657,-0.0421746463231636
TEST_07104,1.4568155876338245,0.13825584284092862,-0.008033361230167964
TEST_07105,2.9658652938994026,0.9458374813989002,-0.6318008031438513
TEST_07106,2.678994523186973,-0.5285979320886999,0.6972413779802391
TEST_07107,2.6621776335041574,0.7782012000593859,-0.7329420229201877
TEST_07108,2.455277102166605,-0.11292705814435731,-0.054573787794464285
TEST_07109,3.9015571819022092,-0.9299845111692631,-0.4402331663565139
TEST_07110,3.5715784728848634,-1.1057994126933055,0.6712210063839923
TEST_07111,1.5837323027683492,0.6348192518038576,-0.135568925936404
TEST_07112,3.2276768669051035,0.8962596841194795,0.008966048714725075
TEST_07113,2.3770316881309794,0.837440513175396,-0.23451860349200956
TEST_07114,1.7329393323931588,0.3841632472614092,0.07045563395625579
TEST_07115,1.2055432063314626,-0.30832309434660493,-0.11916114286722747
TEST_07116,1.7361866878730992,0.09870511981076469,0.21524587436439024
TEST_07117,2.6237441949413167,0.22098866560088065,-0.701611255157504
TEST_07118,2.782484985793077,-0.21522372874227513,-0.4976196096232796
TEST_07119,3.2673017278523018,-1.8755085844790944,-0.46750271273598754
TEST_07120,2.0672253134733247,-0.9880650420439879,-0.6570912204276294
TEST_07121,2.523106291184897,-1.2657729281477632,-0.7178400314862582
TEST_07122,3.7095131387390743,-1.283347964419136,-0.06538357726578083
TEST_07123,1.44787552682039,-0.48816732448548755,0.26114247127366924
TEST_07124,2.4903831083291936,-0.15996826288625,0.6107657356002959
TEST_07125,2.381925896776181,-0.5249850665685425,0.25405469780533274
TEST_07126,5.2233284166682115,0.6166184415962782,0.3844446523953756
TEST_07127,4.344521573402136,0.6443252538574049,0.00763567357041047
TEST_07128,5.167678537561532,0.8918152285007436,-0.17564530444511803
TEST_07129,1.79904517548182,0.06493706816291141,0.30202670414289995
TEST_07130,2.8692990242659024,-0.3715559585371146,-0.39764130523641533
TEST_07131,1.8275917996755988,0.34258106553596784,0.050095664672717644
TEST_07132,1.0466152730589668,-0.2509690086203705,0.28384551384897766
TEST_07133,1.4916383967235607,0.2704184654963032,-0.11262404277191146
TEST_07134,1.4892387873102608,0.12521769506177932,0.2314306442871393
TEST_07135,2.0531660514090118,-0.7899931731772437,0.24938808324734973
TEST_07136,2.3110572557151796,-1.2313510705205526,0.10341590736047389
TEST_07137,4.277062710285704,-1.6344935312496125,-0.6846529876180903
TEST_07138,2.891532819179178,0.6792833419866166,0.2386993464284068
TEST_07139,4.6516193159975385,-0.17856958888771263,1.2765524538224473
TEST_07140,2.8216496804245312,0.3927470090374224,0.3976772529395833
TEST_07141,2.893683322068832,-0.19285922246968,-0.9596065452150219
TEST_07142,1.1368876816431515,-0.2315486511313714,0.2333463780874247
TEST_07143,1.414691158025491,-0.17062310234762884,0.21991447034392994
TEST_07144,4.2173889967509055,-0.6919300747250536,0.19192429354301901
TEST_07145,4.052959607219345,0.7012623150675886,0.9991806368009085
TEST_07146,2.0773374059482386,0.16874691654366353,0.2508382237909115
TEST_07147,4.751203201246123,0.017115193955632085,0.017580938359668088
TEST_07148,3.4362573706187716,-0.48871092730806304,0.5523600401177551
TEST_07149,3.0271376511662575,-1.2381902094038024,0.5601103041267371
TEST_07150,4.909603193674993,0.5851060259137949,-1.0177401446973948
TEST_07151,1.5298890167010497,0.5338673660740687,0.14437584398837747
TEST_07152,3.325148788210899,1.110679475185187,-0.26722251312747775
TEST_07153,3.288079774446657,0.47345646881308306,1.1025587073187892
TEST_07154,2.3374142509896267,0.1659909687584962,0.005632243119402125
TEST_07155,1.3832942713721301,0.2649346517996578,-0.15369468257266689
TEST_07156,2.992040997196626,0.8679455651854906,0.5452690290697678
TEST_07157,2.4498542585625294,0.8158421566938583,0.4461024261779659
TEST_07158,2.774014615579284,0.08929489335751455,1.1471437045852364
TEST_07159,5.576815984821865,-1.085257192452471,2.25129086251024
TEST_07160,2.141148039345485,-0.4133580513352937,0.488249156520591
TEST_07161,3.3138270643363286,0.39008613375456663,1.0158729881315938
TEST_07162,2.7739013717617906,-1.6245295991724318,1.1718453767366463
TEST_07163,1.5282106344395914,1.3830206131076888,0.3788373918864945
TEST_07164,2.3629820984683914,0.2196853867862298,0.003098236515881493
TEST_07165,1.6765551309955817,-0.1133117719616589,0.20101482465364834
TEST_07166,1.6088084514923149,-0.6418452955150045,0.05157823314713325
TEST_07167,1.8438655182564627,0.0689872938894862,-0.2187283945493499
TEST_07168,2.215111452323199,0.6853762129874836,0.8513635111598975
TEST_07169,3.664280208656948,0.27555525686147586,-0.016488281604091555
TEST_07170,1.8700579118731195,-0.19561605329729737,-0.3442934444444601
TEST_07171,3.859832578928825,-0.308654584916295,-0.7257229805951005
TEST_07172,2.595986833867874,1.382658487560406,-0.1852396075189236
TEST_07173,0.9174945104320366,0.35447834806714795,-0.04232092283964799
TEST_07174,1.0839293664885865,-0.3833547954461464,-0.12903316351818991
TEST_07175,2.166402516519617,0.0029672080159209866,0.28467438045187754
TEST_07176,1.1874998510084813,0.06569093455153294,0.4831146189388746
TEST_07177,2.5928007843284178,-0.05524416540751946,0.9497023238786862
TEST_07178,3.0974613882617357,-0.2116209231762574,-0.9695381894634311
TEST_07179,3.410394739020096,-1.503262099133457,0.4819931114208522
TEST_07180,2.4486119118906595,0.5140915802108215,-0.7966964626610042
TEST_07181,1.045290033972848,-0.03734975167339738,0.23476785556192967
TEST_07182,1.828312124540928,-0.11410835894444388,0.09840672728339007
TEST_07183,4.3681311504027915,0.08956109962950118,0.5737738427511796
TEST_07184,2.87478932984003,-0.12431364450439737,0.011472120466200199
TEST_07185,2.722593196536171,0.039097168236028434,1.19269869301651
TEST_07186,2.653468709370393,0.3187942259613938,-0.5087585553177566
TEST_07187,4.122270589360286,-0.17919338826914252,0.6730747145125026
TEST_07188,2.4201901368424448,-0.6764322213594609,0.20940426082241537
TEST_07189,4.397808968316883,-1.1564521856028973,1.405645092889103
TEST_07190,3.9903572632164312,-1.5738017169071608,1.4630898596100237
TEST_07191,2.5193886381176247,-0.5078911822050499,-0.21774581686961839
TEST_07192,3.7083071361956117,1.3437746344749717,1.4631233841178708
TEST_07193,2.696770556527837,1.2876416045249583,0.865756254083886
TEST_07194,2.5353549188875864,-0.17665768245022032,-0.42621270325503097
TEST_07195,2.07978735355265,-0.7016555523723758,0.32649132947283493
TEST_07196,1.9235413935578425,1.3280321224581086,-0.30720638198690947
TEST_07197,2.4828804444818133,0.28886055742335703,-0.26489173044768993
TEST_07198,3.6292588040290794,-1.2486328680254457,1.1862064215414738
TEST_07199,3.597167036111821,-1.3505728384785312,0.9058033151204817
TEST_07200,4.084809051674631,-0.07182508763681024,0.5774859966498334
TEST_07201,3.8105482942712263,-0.5549012664327863,1.171114241633868
TEST_07202,1.0179297462081824,-0.33861105818036835,0.46126161185023073
TEST_07203,2.1328445283654793,1.4192948142376807,0.09262844612745287
TEST_07204,2.4184315592393886,-0.5045698821830832,-0.15782740188065936
TEST_07205,2.7391677014309685,0.9381045894924251,-0.4082707296199905
TEST_07206,3.6272845415002477,0.2376790967713338,-0.3457833906586072
TEST_07207,2.190832865630956,-0.3774130632992901,-0.6878460250932792
TEST_07208,5.669372915701197,0.10661945958341221,-0.40998145742941855
TEST_07209,2.119177525391343,-0.666927364397831,0.005577355044857725
TEST_07210,2.695570092735023,0.501238902939117,0.08137285759055587
TEST_07211,4.439096787254124,-0.46068678001307617,0.08009967695683273
TEST_07212,0.8803061230243964,-0.5001365380028955,-0.2622085378249235
TEST_07213,1.5339981476135374,0.23514300003978508,0.07837203054436742
TEST_07214,1.8397260954103791,-1.3338512219319936,0.4051100224418745
TEST_07215,4.063545072477017,1.2251300693483531,-1.3439595036633012
TEST_07216,1.8601206543720112,0.0529608505011985,-1.026466187822789
TEST_07217,3.228334407235735,-0.23995957636139398,0.948479881917159
TEST_07218,1.2766410723216108,0.7820005964714196,-0.4615428884641101
TEST_07219,2.2092993205478986,-0.9220206047364163,-0.24494549062906593
TEST_07220,1.881834917127397,-0.6486881476289125,-0.02948507956805839
TEST_07221,3.4026522574329925,-0.27364881593988516,-1.146853557559079
TEST_07222,1.3442952473847634,0.5092328955341271,-0.13209559313407757
TEST_07223,3.9684780056634743,-0.3229339287237015,0.5757756986522428
TEST_07224,2.8014769445542047,0.46920173903544815,0.9846334076098111
TEST_07225,3.56232381922706,0.8220092677740227,0.7353756818521877
TEST_07226,3.379466976845296,0.7332889585408974,-0.10581672282678416
TEST_07227,4.43470880900849,-0.34954700482372625,-0.08513298100741871
TEST_07228,2.187782721022572,0.6435704379829179,0.12201608381825303
TEST_07229,2.915846827699702,-1.2609978994798687,-0.8547331426809424
TEST_07230,2.918329260654195,0.1878458641989253,-0.6087977702481436
TEST_07231,1.910350503000345,0.315303518051785,-0.0702020564084562
TEST_07232,3.3603245405806654,-1.0799629075175803,1.592311933064217
TEST_07233,2.7637862190468736,0.4085430318012632,1.001266234253284
TEST_07234,1.9706427833296722,0.3792365420346318,0.2753632410319826
TEST_07235,2.0014302235570915,-0.7153359071364354,0.36971563675099695
TEST_07236,2.8242187658611018,-1.1411767767212608,-0.4679800669173381
TEST_07237,2.658439048148766,0.4362442662003839,0.5251954053493993
TEST_07238,3.6349756136686917,0.8321976780129501,-0.20818028131820537
TEST_07239,4.319852607816773,1.5564570207594535,-0.9120504161179717
TEST_07240,2.4978037474111665,-1.8444516062503757,-0.9748355785531952
TEST_07241,4.20520247638613,1.5103846251129003,0.7427425714632961
TEST_07242,2.817706089714785,-1.0320268011110811,-0.8413133318127451
TEST_07243,3.9784471560823547,0.29001882456423744,0.2495813114025238
TEST_07244,3.2312152843710478,0.05351433084861275,0.6235752317619049
TEST_07245,2.3666396804353265,-0.04722987640300449,-0.7377966873062701
TEST_07246,4.701207176584409,0.43672278420923044,-0.924970564459393
TEST_07247,1.4641586276247835,-0.10013079698203768,-0.24003896850936654
TEST_07248,1.7809139859994387,0.6554873367888291,0.11801394416265282
TEST_07249,3.5495697835660502,0.5436720148616265,0.13241902375034095
TEST_07250,1.8186122480763163,0.43801715164652605,-0.14219185333650863
TEST_07251,1.542187453129587,-0.05465049529906381,0.26768249305402014
TEST_07252,2.475596666411421,-1.3292333301586179,-0.7315387155610339
TEST_07253,1.0787760673743279,0.09485803888297294,0.13510841141392887
TEST_07254,3.707441042174,1.2304577818364244,-0.38600606832179496
TEST_07255,2.203636934997832,-0.9005181053849234,-0.060432403635411525
TEST_07256,3.237889321264959,0.6770809995488877,-0.5190088484534693
TEST_07257,3.8476534104927382,0.8249258962017434,2.02275286277263
TEST_07258,4.094396968619823,0.5881134035718364,-0.35940801908146214
TEST_07259,1.1754395013101886,-0.1936609224995244,-0.46062764894974356
TEST_07260,3.044277125261881,0.603275148160295,0.5079852352264607
TEST_07261,2.8359011639977654,0.018385432844865372,0.2902867604248491
TEST_07262,1.8306660967382928,-0.1306770378010004,-0.329169447945661
TEST_07263,3.085322983759521,-1.0512026964761445,0.5616184235951137
TEST_07264,2.7158666131433584,0.044453766699968034,0.26563883967582097
TEST_07265,2.024575808255156,0.053423888438311,-0.4460511328478698
TEST_07266,1.9089534846504768,-0.05493418745477985,-0.44130326627502214
TEST_07267,2.01558620111618,0.3578804560720842,-0.031833603702002
TEST_07268,2.667627489032108,0.7475004107267654,0.5921134836403598
TEST_07269,4.8108630216009605,0.25391950893514426,1.2260700400869249
TEST_07270,1.802567159601429,-0.22257231524603607,-0.2231866167337982
TEST_07271,2.12912196179764,-0.41997337412935654,-0.14687162366538772
TEST_07272,1.1755277156018233,0.3964013116025793,-0.5084085571617168
TEST_07273,1.9265836448192322,-0.4853392371122037,-0.4386213990791188
TEST_07274,3.6085460208589586,0.3619477648132059,-0.49859410823811423
TEST_07275,1.955197379849926,-0.8563115297015699,0.33221086049990284
TEST_07276,1.3853110902097883,0.9114796928145429,0.4545514799125553
TEST_07277,2.194688412621299,0.12210242279794485,0.6640620714413993
TEST_07278,2.852199426249863,0.867286171855193,1.1058827453535125
TEST_07279,5.2782355438131,-1.3973853234462363,-0.526613509162524
TEST_07280,1.5290373539788538,0.3376881673559671,-0.005544837124101218
TEST_07281,4.856104506389222,-0.3654353733221279,0.548069091604216
TEST_07282,2.1419996241040526,0.31004667406127545,-0.6581362681662806
TEST_07283,1.0480680674288163,0.7078774557100284,-0.12247080891713484
TEST_07284,2.636771354703477,-0.36400665308761465,0.08098982646185532
TEST_07285,1.775480791876695,0.35040031518790116,0.17138001434896294
TEST_07286,2.0550192142850183,0.4538410995546396,-0.413746193961289
TEST_07287,4.7353124858077,1.5200548757520684,-0.8959209194777302
TEST_07288,5.9856754202945615,-0.9611547960640757,1.6813792145953002
TEST_07289,3.832174996055109,0.30826910763638526,1.1595958677583604
TEST_07290,2.029650591572634,0.1890812205562141,0.4209445931001596
TEST_07291,3.915390661140975,0.3838429388710657,0.9567686879352582
TEST_07292,5.013087108235201,0.4076041232878485,-0.7690796808833789
TEST_07293,2.811391221284025,0.1138648647492239,0.1684109672373289
TEST_07294,1.7777287737866039,1.1498821488173074,0.3398995171058218
TEST_07295,2.713983706567944,0.39162937628407885,-0.3100846660127784
TEST_07296,2.547370726997378,0.5867183980439522,-0.6545138962658932
TEST_07297,3.676548737801156,-0.33771760384392363,0.3761437180784869
TEST_07298,5.777193940981112,1.53051422413388,1.7828827368266822
TEST_07299,1.3705512797665622,-0.22731405163063623,-0.17970600658494276
TEST_07300,1.959602284375458,0.33294380519985445,0.5048027705288978
TEST_07301,1.0954110950877498,-0.028803732515295104,0.31961979547632013
TEST_07302,1.5674229313189274,0.16206880090819045,-0.0745553042213796
TEST_07303,1.8538181609370266,-0.13820147265658791,0.5629708226713647
TEST_07304,1.157474013666413,-0.22715260744615715,0.29865339284831066
TEST_07305,3.2329237627785394,-1.4231489549745824,1.9587800667617756
TEST_07306,2.0009031127203745,0.2755037477183878,-0.17251404727223646
TEST_07307,3.053064108374832,-0.44263989459364117,-0.936421223827838
TEST_07308,3.211016524320203,0.31164584201773166,-0.02796593858667842
TEST_07309,4.476144245841032,-1.284875622038509,1.300309678539809
TEST_07310,3.7799683543206894,0.343680601069654,-0.5399611884939878
TEST_07311,2.200481193493035,0.8216275124250766,-0.5363122989141887
TEST_07312,2.916440797650519,-0.7903565659423292,-0.9059429820127348
TEST_07313,2.2146428575774584,-0.42648431424875166,0.22653332837571225
TEST_07314,1.5867865675169928,-0.33781115164204734,0.08983697117708318
TEST_07315,0.8897767036537542,0.13735666599502339,-0.14684019962017958
TEST_07316,2.1102803881622467,-0.6204306055192943,0.04459545409109556
TEST_07317,1.912849515768701,-0.6756655565009688,0.40760221487474385
TEST_07318,1.970808221068248,-0.8030174608961453,-0.30584726087315206
TEST_07319,5.707555377042285,0.5872644146237247,0.5324410528758373
TEST_07320,3.661994216261264,-1.3257046474421152,-0.6496519867564653
TEST_07321,3.10729411236856,0.22618614415061478,-0.31158112963626183
TEST_07322,3.5406375284717737,-1.7986672534292318,0.6897871881086198
TEST_07323,2.5702775707836674,-0.937069692363783,0.9532142429761908
TEST_07324,1.6904950201403037,0.10172017993423564,0.1437775843957796
TEST_07325,1.3531473252555029,0.33004180169744557,0.2660261920437814
TEST_07326,3.1554602972570365,0.40569873995693284,0.6073736230356899
TEST_07327,2.3960785570589294,1.2511339981574874,0.25828721345882544
TEST_07328,4.509515564340813,-0.161038018588818,-0.9256269986351432
TEST_07329,4.108488435911029,0.03146566384180341,-0.30581926286259853
TEST_07330,1.3693504512545056,0.1274731965018779,0.29751626237257367
TEST_07331,2.871680625390736,0.2895191277183522,0.2567003034654249
TEST_07332,2.6625843876249378,1.6232460672496873,-0.7970168810918605
TEST_07333,1.9683393223518095,-0.26971997464223924,0.3141507832064625
TEST_07334,2.3072930365155813,0.23776513197456367,0.8614103268318872
TEST_07335,3.6218960129820847,0.795974955980774,0.3951489277053697
TEST_07336,2.1277272250461934,-0.061979233984052945,-0.20470846267091128
TEST_07337,2.0730110459740887,0.2503496271779892,-0.2457746829855545
TEST_07338,1.7480440111249675,1.2989556828031676,0.302964149485936
TEST_07339,3.1530860097157554,-0.8229465598691434,1.0081358377932743
TEST_07340,1.6650992684448946,0.24677772249464838,-0.16204275080953284
TEST_07341,1.1261925089614393,-0.5324378485958705,0.0858927213178228
TEST_07342,2.0108542380991574,-0.8413915343757424,-0.7624541629244017
TEST_07343,1.3468234665093146,0.07600210115932983,-0.3586243481631759
TEST_07344,3.278045405084553,0.16236714607955857,0.09021514065626213
TEST_07345,3.1441942810041787,0.01670135543468567,0.01909699646067792
TEST_07346,1.6967854901005672,-0.7432084299998153,0.4123481699161123
TEST_07347,3.0311299869289248,0.21715191668644504,0.9137153781073948
TEST_07348,1.6658314989317822,0.17874601599888146,0.12434923615190265
TEST_07349,2.46262838717353,-1.4130440651439304,0.6109126721908578
TEST_07350,4.477169336946787,-0.22024735493884262,0.7996044179333419
TEST_07351,1.5636922749181803,0.5452398240111443,0.24057637019769115
TEST_07352,1.1929966171140631,-0.4771864949615099,-0.3657011307765581
TEST_07353,1.9878922051031236,-0.08940306800959787,0.33311135752475274
TEST_07354,3.0070025524564383,-0.442575824239559,0.07369252882434103
TEST_07355,1.7106196119397903,0.04432676145031684,0.1315551210894263
TEST_07356,1.916652476228701,-0.36389579188296073,0.05614503309966318
TEST_07357,2.486461511570592,-0.4976926048106417,0.3574709902762108
TEST_07358,1.881268426819861,0.18899655227158446,0.33847211914625003
TEST_07359,5.798309850958348,-0.9501060280158646,0.7877424700190084
TEST_07360,2.718097616982717,1.2567649222112298,-0.15514212584675538
TEST_07361,2.354361831353743,1.4408928326112898,-0.7305560033032772
TEST_07362,0.8553218247837601,0.5133918782606388,0.3195255383485737
TEST_07363,3.454260665082088,0.7238897840593093,-0.09164532981890826
TEST_07364,2.353298799042941,-0.3461908190707658,0.5024291163413488
TEST_07365,2.6576121360609233,-0.8473489018739657,-0.4640337179781147
TEST_07366,4.427336920241383,-1.1652834328107593,1.1081691775615656
TEST_07367,3.2287401461792458,-1.5112363355841383,0.09691881036189462
TEST_07368,1.9671527303499527,-0.34306978421219136,-0.25155472387113914
TEST_07369,1.6999100920898291,-0.4616180336340198,-0.17280788973168057
TEST_07370,1.9895407286600844,0.2885519056818651,-0.05343207792205105
TEST_07371,2.317350143922211,0.19114476973105965,0.18143490544975807
TEST_07372,3.5042166457136417,1.2855342005652581,-1.3035424820056192
TEST_07373,1.3938349834201589,-0.5813582800017967,0.3623623433034212
TEST_07374,2.7516908839024,1.489621612458447,-0.10011914871005209
TEST_07375,3.429242597740674,0.8829185410978048,0.463982467386718
TEST_07376,1.8423599046151955,-0.05359621519254872,-0.6988860797536995
TEST_07377,1.4482458264264473,0.3734456395185399,0.8073838243963017
TEST_07378,1.2827366208450341,0.7222149509717213,-0.21125364938950442
TEST_07379,4.32508105087049,1.5220486887547078,1.3672536320896107
TEST_07380,1.8545946562348359,0.32733993081323,-0.304843596412151
TEST_07381,2.4087684833610803,0.27082862068205577,0.1141664438788025
TEST_07382,1.6089781346669154,0.030846552918673244,0.10887147775574316
TEST_07383,2.0438784939546615,0.5455289118473013,0.0913432065928593
TEST_07384,2.670818058928727,-0.32258108492885224,-0.8126946967711886
TEST_07385,3.373210850485201,-0.2964237055877722,0.28360898362750125
TEST_07386,2.681548198357053,-0.15179980135168739,-0.9041148515907647
TEST_07387,2.289562896039956,-0.07927336906482182,-0.686767935710718
TEST_07388,1.8995669848396275,-0.020859730730634744,0.2311956938051215
TEST_07389,1.2955775230933995,-0.5916831662949704,-0.672297536094885
TEST_07390,3.8965819263020416,0.8894829948064632,-0.7955964020057403
TEST_07391,2.184952567134165,-0.6106983235080743,-0.250906346170982
TEST_07392,2.233906269675647,0.3241086270470409,0.04043370722815531
TEST_07393,2.5284849715275435,0.0021694155672130387,-0.19827540357137396
TEST_07394,1.7119055317296679,-0.35385331747718657,-0.2590982038456457
TEST_07395,1.5283659720667169,0.43285138698055325,0.12705884806123266
TEST_07396,2.6752952045771954,1.1146728125465672,0.7254305476777138
TEST_07397,3.00891907882459,0.14914314109499768,0.5517958540184414
TEST_07398,3.5909525149707355,1.8002361704946686,0.5622837342502457
TEST_07399,5.4849986426630934,-0.7605751432784217,0.7904932403882016
TEST_07400,4.220941978819082,1.7456377243832986,0.9259635034620826
TEST_07401,1.3166513218208213,1.004764630746978,-0.19485256896954647
TEST_07402,2.371838219708571,1.1489339482367085,-0.42615389845122725
TEST_07403,2.57466655568686,0.292082547854064,0.9188328926651705
TEST_07404,1.1584329791885584,0.2555916486530104,-0.10723822634668148
TEST_07405,2.1169886443236408,-0.08786610019118936,0.2873973051774565
TEST_07406,4.3915289995350335,1.1877936015929602,1.189874260327826
TEST_07407,4.637206608492004,-0.9003976736647722,0.8968426864462238
TEST_07408,5.637327286798857,0.9797290662188632,0.4081614468234893
TEST_07409,2.606588122237228,-0.19152141319694038,0.06877921156329614
TEST_07410,2.940657564371135,-0.303209139726841,-0.2533528075784382
TEST_07411,2.4253205482065785,-0.07034471532469971,0.5626181221160471
TEST_07412,2.8587688711002235,0.4801817569680998,-0.418317174856924
TEST_07413,1.0645751697758494,0.22026063290842346,0.1837229885597849
TEST_07414,1.2178944617015923,-0.6877497701787411,-0.2538089483599836
TEST_07415,2.1705710419675666,-0.7011482150196945,-0.07994123618002562
TEST_07416,2.536141983337045,-1.1305740966240132,0.3320250311788342
TEST_07417,3.2516397341887884,-0.30440470406589254,0.9919265645796971
TEST_07418,1.8821753859979808,1.1410476834172467,-0.9062484602468015
TEST_07419,3.4185369835026975,-1.5174622681870598,0.9644058560151099
TEST_07420,2.3633181850585223,-0.8986742787856793,-0.11984708175220514
TEST_07421,3.107731426198654,-0.05135573012663794,0.13235682468803456
TEST_07422,1.4810502670581498,-0.1997574300674873,0.09994296221508807
TEST_07423,1.3747398988949027,0.001163863490612204,0.4724187417780697
TEST_07424,1.996889047068498,0.2839421619585839,0.8772603920756284
TEST_07425,4.199642389865087,0.017879631928412687,1.5083584540593413
TEST_07426,2.5368700076092017,-0.2781429844262751,-0.13141958295806982
TEST_07427,2.2505941639140863,-0.2515138439917335,0.06417593366289027
TEST_07428,2.9303763418918485,-0.044762895322882565,0.034820258770500906
TEST_07429,0.7965099221745161,0.24125148069208016,-0.014612735392258012
TEST_07430,2.685807003650656,-0.5763513415974504,0.8876487713947532
TEST_07431,1.9110789256840055,-0.9578837244560772,0.0211860575293882
TEST_07432,2.0106245356805403,-0.15235654144651545,-0.3188773553179333
TEST_07433,3.092706993140387,-0.06361119167897668,0.5729931060758584
TEST_07434,2.034351107048845,-0.6477615919576856,0.2985834438328244
TEST_07435,2.0247355585729236,0.1309868802035864,0.11376319529198567
TEST_07436,1.2580177693600223,0.25768174072250943,0.12577218452836286
TEST_07437,2.647590755746381,0.5693606335148866,0.16351110275432834
TEST_07438,3.4912173163253866,-1.7690910287894095,0.22968080035377247
TEST_07439,3.7906065472708907,-0.29131059343956445,-0.7414890883629393
TEST_07440,2.4303289372953714,-1.5548618739201734,-0.4322246339927714
TEST_07441,4.533830587137051,0.7886095233263193,-0.9862042361080435
TEST_07442,1.9480688362286864,-1.4739974586123477,0.6392905255683281
TEST_07443,3.4602264636641347,1.516004663281188,-0.4232578366897102
TEST_07444,1.7960215708653517,-0.14345416995636615,0.5442395273490158
TEST_07445,1.3208719919271827,0.5179453178771334,0.32554828788105306
TEST_07446,4.120704082837963,0.7751440963760433,0.8465832895433282
TEST_07447,4.392538714208256,-0.7495762139984674,-0.004966178996510283
TEST_07448,4.710418921772425,1.3396555696467076,1.0255774377558542
TEST_07449,4.113286797454261,0.25663082368721934,0.8636056540757088
TEST_07450,1.6885271034342884,0.02751379770717462,-0.32670279105306005
TEST_07451,4.316009034916431,-0.3529716349605364,-0.9112601132134078
TEST_07452,4.394001668517443,1.1785351213957973,1.375521503041614
TEST_07453,3.096086030010224,-0.4183164890019844,0.1604313163783859
TEST_07454,2.1812127173720848,0.7738498173276674,0.18685950483978192
TEST_07455,3.026597579525988,0.9309860473320779,-0.0328246313727159
TEST_07456,2.826264756823545,1.0330071348847252,1.5976587637156416
TEST_07457,1.4571283923473175,-0.45424565970074715,-0.04929848330951886
TEST_07458,2.9799915158121895,-0.2496532813805042,-0.9489945612169007
TEST_07459,2.9105768347143144,0.4030319727996084,0.048925810698596146
TEST_07460,1.5918174443799784,-0.3134698296938771,0.2828148726949395
TEST_07461,2.767949169144602,-0.4708608216887898,-0.8798968237304006
TEST_07462,1.8604070023162242,-0.4944786448219212,-0.3209771603412486
TEST_07463,2.3730369358753705,-0.5845248933204364,-0.08611046289028858
TEST_07464,2.006546833795982,0.11097734563234322,-0.0006119471482844275
TEST_07465,1.3116797488862002,0.31536075410191544,-0.3725536086598759
TEST_07466,1.9594325028996558,-0.09831770180031808,0.3783220992481013
TEST_07467,3.4063199839637073,0.5019645141684136,0.5183855017680863
TEST_07468,2.1178877993881513,0.10024424320756088,0.5420825277051536
TEST_07469,4.395154160740172,-0.1557538368553189,0.9976014032888616
TEST_07470,1.500877177766312,-0.042398859838819206,0.42094524027593694
TEST_07471,1.654567634009171,-0.7085299175998818,0.010906604640191832
TEST_07472,2.7446466167654706,-1.0210896062130663,-0.18082259035519058
TEST_07473,4.225545209427741,0.27005798764392425,-0.3908301221710935
TEST_07474,2.479502807901901,0.2851971006845825,0.0824233033432364
TEST_07475,1.5077112170485996,0.4404704132588295,-0.026016637323179166
TEST_07476,2.5145239391118546,0.7523530506005783,0.695025188689082
TEST_07477,3.041465621457572,0.3317777966098997,-0.09470267841047278
TEST_07478,2.239263219573317,-1.1801450433965868,-0.20991611747950978
TEST_07479,5.6068969638798904,-0.2786018955990533,-0.29383616403098367
TEST_07480,4.262196195777481,1.9190833030668741,-0.8936254505482351
TEST_07481,4.256551216017115,-1.2079076629841954,0.4117934313397469
TEST_07482,1.0136683095339893,0.029850615762601417,0.5200341193021527
TEST_07483,3.86861497445497,-0.3692270228340966,1.1329075421995685
TEST_07484,3.0274594342316328,0.050670437801383875,1.3709660009365667
TEST_07485,1.4172667997136055,0.1474990482758004,-0.40732069368243845
TEST_07486,3.4162166457003007,-0.461654493374773,0.6599736903139937
TEST_07487,4.38894616094793,0.8404137224109178,0.5374092857586773
TEST_07488,4.258624727635291,-2.1190477530245864,-0.16837090531339738
TEST_07489,3.637857769049041,0.49148661236626273,0.8988256177971153
TEST_07490,1.3333004751569388,-0.5434251289667986,-0.2743861148228952
TEST_07491,2.756653704798237,-0.6179256037970963,-0.9889710399501233
TEST_07492,4.619738500382357,0.18312389922812297,-0.5647230981063206
TEST_07493,2.124393440135067,0.12459174788086116,-0.15779694234028846
TEST_07494,1.615084493680699,0.5197111038483698,0.3887907012950625
TEST_07495,2.011190852793557,-1.1345766164237077,-0.13070334187237997
TEST_07496,2.1599975464366534,-0.40873824304296275,1.01353750780708
TEST_07497,3.9664206318665403,-0.4851777182296347,-0.3894565920930231
TEST_07498,3.889832317671788,-1.3540897863283756,0.021008683641203865
TEST_07499,2.266189127637401,-0.0164649285746269,-0.134956129972513
TEST_07500,1.396033330362318,-0.436388924488524,0.05429514232864983
TEST_07501,3.599122744929006,-0.5856385463037932,-0.8129566028536047
TEST_07502,1.2050830646569937,-0.3993913878180751,-0.3603926595955605
TEST_07503,1.5649156048606796,0.35241628107785183,-0.5054857170467221
TEST_07504,4.344694116413733,-0.07110873529178621,1.2242839492866113
TEST_07505,5.122259498232312,-0.47100831063415727,-0.18599648768498356
TEST_07506,2.0924201318744577,-0.367154072251107,-0.9646047164613841
TEST_07507,3.749355964962819,0.014663393874015182,-0.21815472585464354
TEST_07508,2.235981684410379,-0.31167765003531334,0.32386818226178044
TEST_07509,4.023891614798969,-1.5839661599678538,1.0823817666316602
TEST_07510,2.4612574770568836,-0.47182434563580306,-0.7675541658428946
TEST_07511,2.7637228383882673,-0.5677135563994329,-0.42066821691224987
TEST_07512,3.8027015062845733,0.8040149666781833,2.099223532776355
TEST_07513,2.406456975810203,-0.8876801198626085,0.1943437607137684
TEST_07514,2.463497390134263,0.2631518513498748,0.04652194434010467
TEST_07515,1.8222355245777988,-0.07379502866404011,0.3195725853617877
TEST_07516,3.5653321284563915,-0.03732022678013002,-0.3917647302625949
TEST_07517,3.012328056515396,-0.053930534976023556,0.7713665405187149
TEST_07518,2.695867346832565,1.3728300839060499,-0.013685867039774872
TEST_07519,5.65825085787682,0.5401038645228152,0.060540439658369145
TEST_07520,4.1575482049984425,0.19857506081225693,0.2429431526471825
TEST_07521,3.1678747219435794,2.022454075881387,0.6360829974778612
TEST_07522,3.6605621851841277,-0.02892222802257214,0.19069495892021415
TEST_07523,2.167255231358091,-1.139220177820309,0.3618959850445394
TEST_07524,1.9539118588462865,-0.46770040056059886,-0.5676048733026132
TEST_07525,2.0320539459955076,-0.02858484178579711,-0.6496847433869405
TEST_07526,2.6497842634371196,-0.7163962855368867,-0.456088903371977
TEST_07527,4.085574579390901,0.500023701268726,0.1679250904599826
TEST_07528,4.9450906596307025,0.9867045787018562,-0.8719201461961613
TEST_07529,3.1226343387101467,0.20486954275689234,-0.15600390921242058
TEST_07530,2.6230507125810543,0.40231270406159153,0.22339449746667858
TEST_07531,3.5109542329319328,-0.6602438060029852,-0.772990979236748
TEST_07532,3.5750365499807413,-0.060293141277920716,1.5950219928569336
TEST_07533,1.1009140092485707,-0.1535599695976983,0.10341646825710361
TEST_07534,2.9985263563972335,0.5786481003085673,0.018500863063716146
TEST_07535,1.7260725628061224,-0.9139159218033931,0.042211436433668884
TEST_07536,2.395255070138857,-1.0068548298693296,0.933122391942538
TEST_07537,2.2391140733045583,0.6517395342637731,0.05886810385761108
TEST_07538,3.981783903680579,1.2790375861896168,1.439260958317233
TEST_07539,2.4506991233034854,0.23450217559125616,-0.7790686103420262
TEST_07540,2.702921363096667,-0.5468386406073101,0.24550976338238295
TEST_07541,2.722768959672398,-0.07127463448612126,0.2974830686425
TEST_07542,1.4921694796514373,-0.2023194878851682,0.2900846763333003
TEST_07543,1.6008540525007713,-0.8455654065188113,-0.003131619493440971
TEST_07544,3.203262657037439,-0.141326591830408,0.09570522299297293
TEST_07545,3.2992249511189367,-0.13145749631656528,1.0353391128913334
TEST_07546,2.600975262405011,0.17284944354029413,0.010933927325750655
TEST_07547,2.9297649011750333,0.4898169549512832,-0.4969933050953257
TEST_07548,3.2396231610691952,0.07842556852902725,-0.13107108902125503
TEST_07549,4.154427538423487,-1.3327748125651722,0.2847767194300078
TEST_07550,2.5043311595369544,-1.36482743181838,-0.4923068036227813
TEST_07551,1.2565895602542176,-0.12347703176461845,0.011546879203490205
TEST_07552,3.3843272242070515,1.6290437114640992,-0.46009327269853123
TEST_07553,3.6195836091783837,-1.905802575784202,-1.0590090181285774
TEST_07554,1.8620953582249613,-0.4748618106130482,0.1055737220837935
TEST_07555,1.8313205535123076,-0.8678825817563409,-0.6674427396452227
TEST_07556,1.982860912245143,-0.3559907457712606,0.21369535697336495
TEST_07557,2.644309916192983,-0.9024620746418286,0.04927195146727592
TEST_07558,2.188272484301976,-0.0010363855823446158,-0.20944541934696792
TEST_07559,4.897607674152529,-0.3908140966792457,-0.10921554677240014
TEST_07560,4.3807703138288,-0.9387867437911829,0.7797152392852211
TEST_07561,4.698052888799125,1.4961996955037975,1.0354417446896378
TEST_07562,2.2931308966562622,-1.7152055188758026,-0.7501703068375208
TEST_07563,3.8863150053423445,0.9021525052254207,-1.350616905342212
TEST_07564,2.458871235593558,0.06300760667191745,0.9365681355357774
TEST_07565,1.2425610409095078,0.1936630094827349,0.015598307094177026
TEST_07566,4.841160049487355,0.5842752143865685,1.210586628393133
TEST_07567,3.1498199610323527,-0.24284247331722558,-0.6312104653358855
TEST_07568,1.440741502344767,-0.8007048573197983,0.34046306045705016
TEST_07569,3.8972567770956807,0.06819860865465019,-0.6895173402802
TEST_07570,2.4355930150863725,-0.7303858448006033,-1.024990114717869
TEST_07571,3.2772276139417444,-0.28897493221932674,0.41128121613108914
TEST_07572,3.514356534957466,-0.8647284190343701,-0.6472975741198513
TEST_07573,2.265764217254926,0.07811603464651341,-0.16147758651096422
TEST_07574,2.1704680410390655,1.0707085118170132,-0.3211767122354538
TEST_07575,3.918481981161384,0.7647241990974593,-0.23088777983043415
TEST_07576,1.6215055190818262,0.6790907448603499,0.41067613010664306
TEST_07577,3.750618264097155,-0.770398283479738,0.5861938900880996
TEST_07578,1.4072632881927303,1.4036262332495553,0.5334926872158288
TEST_07579,3.8094672616037557,-0.09204151413041964,-0.7521335311067046
TEST_07580,3.277344282680264,-0.43443783887522597,0.8522548407103266
TEST_07581,0.9397238335481178,-0.29593073351388294,-0.058903777948892726
TEST_07582,1.3427043909634613,0.5908487370579469,-0.1694725593653256
TEST_07583,4.390614787677865,0.624112369346142,0.9103161439372813
TEST_07584,0.9244504185071775,0.3680149980730583,0.015115998082514123
TEST_07585,2.9294004965360334,1.2200638111182698,0.8907760412144407
TEST_07586,2.3176337253946513,0.18463788994990762,-0.4601583987701251
TEST_07587,1.464416501195282,0.061221297957629595,0.07430542400809931
TEST_07588,3.0092333460189367,0.18712479107386323,-0.3999405547552708
TEST_07589,3.723354935832922,-0.8596958621983822,1.024191907378318
TEST_07590,3.005335105324481,0.9049682817182482,0.48576656384292327
TEST_07591,1.538468875560145,-0.9667728424119234,-0.17409980217416474
TEST_07592,2.9962174287973538,1.4407448371205689,1.3680591380703508
TEST_07593,3.345596531435903,-0.5424369429029504,0.8734554308980397
TEST_07594,2.239084745024329,0.3497226989022118,-0.024528674547211436
TEST_07595,2.3177755576425936,0.5494675100249321,0.644894028873928
TEST_07596,3.612663590447554,-1.3420637616349154,-0.4681820425996471
TEST_07597,2.9782790856199477,-0.2367603011303789,0.5763208439593867
TEST_07598,2.9006655269360127,-1.165448579751151,-0.48296463036828063
TEST_07599,4.813559595681334,0.6917272737930947,0.21643742402007787
TEST_07600,1.9667035372727872,0.24848489728085948,0.0849072737113242
TEST_07601,2.8376572674025784,-0.5483302198978602,0.8751584218537343
TEST_07602,3.327839119234217,-0.15084382935085006,0.43501746076521
TEST_07603,2.8103340731429283,-0.6011544726539503,-1.3234346758170492
TEST_07604,1.4101067429376963,0.15979781205655003,-0.17717476149533598
TEST_07605,2.3930579642106977,0.4916759373816637,-0.7281379273215699
TEST_07606,2.136196520578737,0.13268196454044673,-0.3192072358371434
TEST_07607,4.702831810261841,0.8639492964822926,1.1966385769882735
TEST_07608,1.3879604943890673,0.7163641099895306,0.3370668864812469
TEST_07609,2.150027654642207,0.7062409630997645,0.13377861996891413
TEST_07610,3.2034522470285873,-0.4764948100992436,0.6100988963447252
TEST_07611,1.338587611831183,0.10391392906717356,0.21883595644632023
TEST_07612,3.2085728505117372,0.9579120970816632,-1.19832440704621
TEST_07613,1.3962747256928212,-0.39115268511371437,-0.04477945993667347
TEST_07614,3.6371662152062667,0.896013571310101,0.3127166485834614
TEST_07615,1.4995379270575036,0.1525017680631835,-0.015396366517428676
TEST_07616,1.7151435761068852,-0.540931271964988,-0.6538790486133944
TEST_07617,3.035536027113055,-0.5906754035193137,0.7973016858515357
TEST_07618,1.861307760745185,-0.94746559943691,-0.5415479718941532
TEST_07619,3.3977456452135555,-0.053005664144787135,-0.04364903900383925
TEST_07620,1.5565490683651035,-0.1124838617406524,0.38405666768771896
TEST_07621,2.4211190971360312,0.05622332626520944,0.15968368120698234
TEST_07622,2.080870756509707,-0.77585350777466,0.7437014486992357
TEST_07623,2.3708172656297677,0.263059134965502,-0.5663930378548011
TEST_07624,3.2188379764500876,-0.06489042869198533,0.042956892708947515
TEST_07625,1.5851214313927577,0.8592110790591131,-0.2481844225840191
TEST_07626,3.578009564689162,-0.6505796233525328,-1.1459445765116167
TEST_07627,2.1346958309424857,-0.42485277160840423,0.29239410476900546
TEST_07628,2.603640023230624,-0.3912902567808907,0.05284363986349443
TEST_07629,4.526838803619281,-1.867174545530084,1.758311108748817
TEST_07630,4.3724713201507095,0.44929671163483653,1.6563038531916363
TEST_07631,1.6196805127751686,-0.12052863335852482,-0.02001494774708686
TEST_07632,1.967547987002998,-0.9130877239017774,-0.12869147184663635
TEST_07633,3.4287931371866,1.482537419732981,0.07968616745499721
TEST_07634,3.128895934721315,0.5148813443757673,-0.13902695333360715
TEST_07635,1.2992072560074224,-0.009529321902763552,0.423605811284829
TEST_07636,4.699826514393434,-1.717089661371938,-0.4033512082168259
TEST_07637,1.6396711269224382,0.4548963286380485,0.11656497789033612
TEST_07638,1.5396084172801634,-0.4094604580815677,0.5646994557598132
TEST_07639,5.135973463067211,-1.0051190924003561,-0.2965082353245372
TEST_07640,1.3371959480392739,0.6573610989165445,-0.18992731060188756
TEST_07641,4.944597814191989,2.0549427796846715,0.7380247609631648
TEST_07642,2.527794297203053,0.29516884016815187,-0.44310065810848503
TEST_07643,4.078798215726257,-0.991320752763043,-1.2894672991480969
TEST_07644,2.0397553752492015,0.1895965960537878,0.061651139330344384
TEST_07645,0.8291849543266425,-0.2520525575227,-0.12747144777516364
TEST_07646,4.68525049746393,1.145398570643108,-0.566510210881987
TEST_07647,4.691408527262378,1.3373740040011115,0.7538792088399143
TEST_07648,1.920108143778397,-0.8446639688453732,0.12203661993557276
TEST_07649,4.530543213071263,-0.4528164789127767,-0.5893588914639032
TEST_07650,0.8121120533577184,-0.14841341267022862,-0.04778667506077501
TEST_07651,1.7530287380138394,0.3690698088566462,-0.28580788849852784
TEST_07652,3.388922206907185,1.1372288130362527,0.6237141261086995
TEST_07653,1.7063305209716821,-0.3920510976679539,-0.04192465674343891
TEST_07654,2.969836525713013,0.1785418734294236,-0.6521287848559056
TEST_07655,3.27101941346143,-0.1710690295536354,-0.446237492930889
TEST_07656,1.411717180533836,0.22480859489293972,0.41216948655078467
TEST_07657,2.4678071544895617,0.7345759269603607,0.3190923701220659
TEST_07658,3.707294027885047,-0.45792887090232004,-0.29829282494050846
TEST_07659,3.2047806543402486,-1.481745689450733,-1.262102984218961
TEST_07660,1.584669313036368,-0.4514210706415944,0.2596614499615241
TEST_07661,2.963761447094244,0.2944951640359779,0.9137122039853381
TEST_07662,1.9345800932179846,-0.37073011010056484,0.6520862183168582
TEST_07663,1.2773160264774,-0.2103039647185445,0.014884324001283113
TEST_07664,2.7240981252225396,0.2697978027796891,0.640510212979187
TEST_07665,5.439885055510604,-0.414776938366214,-0.601695158196119
TEST_07666,2.7336561511516253,-0.10135718805749301,-0.8380894933602707
TEST_07667,2.2533917071137584,-0.223169408332144,0.7955431659333355
TEST_07668,1.60929006578232,-0.5286462405533662,0.25824501422661744
TEST_07669,2.280232928830671,-0.3702722603732191,1.3486064361472925
TEST_07670,4.517542001896816,0.6704281187763116,0.7925216632127632
TEST_07671,3.0342898406891075,0.4277526821803762,-0.14211846899555325
TEST_07672,1.8794527819786122,-0.9417809096729336,0.15055086571167245
TEST_07673,3.959003903596393,0.22500170122066435,0.8840866627324231
TEST_07674,2.7764530298287258,0.32938758787026157,0.008793959766315182
TEST_07675,2.3667618368978243,-1.0807745876331243,1.101858604674283
TEST_07676,3.910861795580123,1.1228086349926834,0.6075850170527443
TEST_07677,2.4435619324920688,-0.309361532581167,0.30292756456560255
TEST_07678,1.7489682455139828,-0.9208487818562192,-0.9219104079672302
TEST_07679,3.2464227449313756,-1.0770755165762032,-1.0537840507970009
TEST_07680,1.9367943856195737,1.7134205722483102,-0.802538380349607
TEST_07681,2.784444382120435,1.3653367283581779,-0.23269556464807828
TEST_07682,3.1009230333364513,0.8867727580433697,1.282052145396672
TEST_07683,2.273253813765039,1.316610076972663,0.38539965244679397
TEST_07684,2.7897834945800324,0.16019378595641937,-0.002369091608612768
TEST_07685,2.7645484535615235,-0.6141423857211246,-0.7801780742197871
TEST_07686,1.4474844851838722,-0.32647266586945356,0.16464513977533612
TEST_07687,4.798544448250775,-0.6847440066941565,0.8603620825937061
TEST_07688,5.72415168455208,0.5780583065427329,-0.5530643808928793
TEST_07689,1.693824326166171,0.36962560412231293,0.0038048155771929315
TEST_07690,1.875547956928668,0.1696566448272236,-0.09396282691576588
TEST_07691,1.5268204195614241,-0.37665692814043467,0.28519926374566373
TEST_07692,2.5611434696432376,0.6718799760175842,0.39334347933356156
TEST_07693,2.0238703646924137,0.16819165151897567,0.2058120848907805
TEST_07694,2.785876109771264,0.7400483755382998,0.8220144130411889
TEST_07695,3.419907810517565,0.49992887827949073,-0.19736923165191403
TEST_07696,1.611302663607943,-0.06809926592030989,-0.6085675580007918
TEST_07697,3.603478302072664,-1.138976261466052,1.9191954245437894
TEST_07698,5.683865828746138,1.221342362262361,-0.05679783927307943
TEST_07699,4.431932225123545,-1.7281937286061524,0.12819026474003611
TEST_07700,0.963023001485625,0.34676308887889024,0.1168032357896355
TEST_07701,3.480182254043077,-0.09659591836596901,0.36762280330749736
TEST_07702,2.139865682607429,-0.4443337841873444,0.9327479889920425
TEST_07703,3.4907421083559678,-0.1794621303680388,0.24952408373110488
TEST_07704,3.55769591862332,-0.17023361650642854,0.4198930688524088
TEST_07705,1.1917851054495614,-0.11177654142995082,-0.16014479886250818
TEST_07706,3.0563829254331454,-0.34806097669249353,-0.8904714791329275
TEST_07707,2.117538627604079,-0.03335263875316538,-0.526005256759376
TEST_07708,3.227211736964491,-0.4415304759669789,-0.1398922947701952
TEST_07709,1.3037399250117643,-0.3509860664177158,-0.43937226844439237
TEST_07710,1.2707521369162849,-0.30311523403809115,-0.115388188255297
TEST_07711,2.0831282541402825,-0.6362859499318467,-0.3698093638821454
TEST_07712,2.6717253014780074,1.5173548005057815,0.6809564579299124
TEST_07713,3.2301101051281984,0.1350226345783119,0.28862210723326703
TEST_07714,3.269232495352972,-0.20749076015340404,-0.330772820013419
TEST_07715,1.108502778005919,-0.24630595485180817,-0.11413529041185376
TEST_07716,3.6436334713152605,0.15981006588367716,-0.5853190774410676
TEST_07717,3.584013608648754,0.8888270947072272,0.6440344728454417
TEST_07718,1.4087290140659348,0.9326349033332864,0.5992778563835776
TEST_07719,5.2144009724927045,0.579760060563349,0.8506075608186572
TEST_07720,3.402730673104959,-0.3135948673791852,0.7444996790815055
TEST_07721,1.8205813119181407,0.41375759584330907,-0.3599058643718891
TEST_07722,3.6951855855623044,-0.08448205043327334,0.9704547800573492
TEST_07723,3.2862703713204717,-0.21802799730424374,-0.0016539746657102169
TEST_07724,2.241668025691599,-0.4434262918740917,0.6885524644441926
TEST_07725,0.9936941970060869,0.2692925811419569,-0.047968251192930626
TEST_07726,2.5957145962313803,-0.05710514372759557,-0.2753801311801386
TEST_07727,1.3578035546848988,0.8276950428418842,0.40265055676847317
TEST_07728,1.0970395704858165,-0.4968657791501641,-0.20341302448856793
TEST_07729,2.436221746605854,-0.26921633433265824,0.3102287416701444
TEST_07730,2.6063900693104696,0.6664009360619452,0.7470150005320602
TEST_07731,2.882955805824292,0.38478861224247296,0.7463051890331845
TEST_07732,0.8783569457418361,0.01968077724987629,0.00261953160436845
TEST_07733,1.9628862125063558,-0.20831672764068018,0.11382842646480815
TEST_07734,1.4487213766976674,0.6413196438169982,0.6349160285051851
TEST_07735,2.7940696031280186,0.6692340030526857,-0.573076378168899
TEST_07736,3.184096283602866,-1.125287192317523,0.9092119663754898
TEST_07737,1.5525751813695168,0.7649241741017049,0.7412301737526639
TEST_07738,2.458138346959225,-1.226405256847845,-0.786355095923234
TEST_07739,2.960990007236868,-0.1258612912000484,-0.7306682175949543
TEST_07740,3.056120446954014,0.28274796109380895,0.15142745609900501
TEST_07741,1.9772932363539626,-0.32234697924162614,-0.04089822252257244
TEST_07742,1.4217839198018083,-0.6500527077716586,-0.5635764988046406
TEST_07743,3.827805064647915,0.6010507277664481,1.0332780049811638
TEST_07744,4.053749478439407,-0.6540234021512733,0.5654675320751745
TEST_07745,2.0693217216470847,1.4199483665228194,1.132002232716536
TEST_07746,3.2613172146511493,-0.512313753120102,-0.6303563053321702
TEST_07747,3.4739863835602915,0.24972304729101372,-0.8120832206021015
TEST_07748,1.7551109455481184,-0.38159396856870814,0.054188877455062005
TEST_07749,2.95344869963946,1.1158031094410092,-0.8459647019846622
TEST_07750,1.1394378376047742,-0.20676212568292737,0.22677148861501906
TEST_07751,2.780346506055933,-0.534670620600091,-0.7247282863086949
TEST_07752,3.291017678372915,0.4614242755783497,-0.41037341970467905
TEST_07753,3.4298736369712493,0.9136334084135588,-0.9506722754864445
TEST_07754,1.4504208838387591,-0.12172303191314574,0.09329130016294596
TEST_07755,0.9616765246040427,0.1233432181231902,0.2644567769335508
TEST_07756,4.38224707649741,-0.2977736303346931,1.1006508234925902
TEST_07757,2.5119676915794273,0.8831706505882002,-0.3094852433451008
TEST_07758,2.0224363247891293,-0.248924672975431,0.4984814239758018
TEST_07759,4.282379506007839,1.845843155352012,1.2534798975307448
TEST_07760,4.6278029514712875,-0.9354903921895804,0.41917217298946746
TEST_07761,2.7675068951085606,2.165533857016223,-0.11183499841206397
TEST_07762,3.5361512191643185,-0.05134647260833802,-0.15577836841690107
TEST_07763,3.570064521619866,1.296062083233908,-1.0455258391497064
TEST_07764,1.542605788180352,-0.07371121014502491,0.04008913596879968
TEST_07765,1.379956330390303,0.6520197973936803,-0.16195546273108083
TEST_07766,4.333494139727211,0.9254608941640968,0.30134916692310815
TEST_07767,2.336895443346958,1.5075739322755732,-0.7524889139249249
TEST_07768,4.845241948290507,-1.6928717260193202,-0.5704357089470132
TEST_07769,2.9910750022029777,0.33947753588697366,0.31248922148551905
TEST_07770,2.4547668872272648,0.10096750516908817,-0.14821806176508084
TEST_07771,2.9469367150408816,0.264048255890232,-0.4361513724471787
TEST_07772,1.554987009592195,-1.016555864380642,0.576960878261093
TEST_07773,2.8279753288626246,0.5626517983143569,0.06163785247165631
TEST_07774,1.0757136460693344,0.35908455457266697,0.2633969539067292
TEST_07775,3.058665845634065,0.7125303317112324,0.004138406775479013
TEST_07776,3.022870719032917,0.6948776011254134,1.362149241843103
TEST_07777,1.6881017007787738,0.8550725295951062,-0.31109560231262484
TEST_07778,3.461956470049483,-0.7977931031240542,0.7066256067023707
TEST_07779,3.5134921808355473,-0.7515050183414246,0.7070118422516967
TEST_07780,3.163422007950766,-0.678665483847552,-0.63352944265843
TEST_07781,3.6898206424376885,-0.11974635687726187,-0.3375337140519318
TEST_07782,1.4803077721180742,0.1786857475267459,-0.0655813616335521
TEST_07783,3.171709647633295,-0.12430774944544819,0.12583909678952537
TEST_07784,4.131467430592947,-0.2015576544034432,-0.5733424456535771
TEST_07785,5.4800693945288455,-1.6619534449243538,1.4758045629954133
TEST_07786,1.6844984649820036,-0.37437259678748214,0.1247343229467571
TEST_07787,1.529549990921234,0.002296637564739436,-0.2069540068223078
TEST_07788,1.5378324110710129,-0.619586303158331,-0.12843589455493432
TEST_07789,1.9492490735198384,0.24210861028764333,-0.4072666733548731
TEST_07790,2.7985590401554963,1.5737173562725462,0.032393728759278935
TEST_07791,2.001777572473829,0.5393438961770924,0.18302930124204936
TEST_07792,3.072358945242909,-0.7497815162908588,0.653175617764355
TEST_07793,2.501916315379557,0.023153933728970972,-0.27577913259564163
TEST_07794,1.9544469180244497,-0.163925481430727,0.046810328646713036
TEST_07795,1.003140826871443,0.4740855959065548,-0.3843522545840967
TEST_07796,1.5490133019199788,-0.18794864700615044,0.42025971769939524
TEST_07797,3.1730606083330937,0.4449215657254285,0.6845157308225812
TEST_07798,3.0448677285640513,0.41162315362991464,-0.17796018969363706
TEST_07799,3.3692573638817764,1.1244101637811044,-1.4271440179823143
TEST_07800,4.924673750318451,-0.5130467619765726,-1.2395272763024163
TEST_07801,1.3470006417432883,-0.045543846353434676,-0.0645881764460487
TEST_07802,0.9298789530971411,0.31751848698436785,0.10747011464657215
TEST_07803,2.2964642887975364,-0.2404633472081152,-0.7622058171114007
TEST_07804,2.9339576668825593,0.18440676771225042,-0.6029228865888219
TEST_07805,2.3274520864835018,-0.005854815630770577,0.011655020722349389
TEST_07806,1.1681386680307737,-0.22286721347221708,0.24747854283526063
TEST_07807,4.23303315594611,0.47814874236929394,-0.8640046145549609
TEST_07808,0.7891979835888059,0.21582996462372653,-0.001763095321673902
TEST_07809,1.6342712188411084,0.33387356156381265,0.10476226007649454
TEST_07810,3.039657908453508,0.04485853966284743,0.13987086217579114
TEST_07811,1.7906537848186566,-0.14071246870465634,-0.23504747592304254
TEST_07812,4.572353546153858,0.9975407783803051,-0.34814057387138536
TEST_07813,2.2407292524798206,0.06515773762816994,-0.05128634643640227
TEST_07814,2.6544367001027958,0.6515215185758917,-0.08504287899164417
TEST_07815,1.2692297634764984,0.5036679973189071,-0.0946258984497997
TEST_07816,1.5970724074830644,0.9397426854373983,0.07716694182259205
TEST_07817,3.2413208135828815,-0.6687540991060665,0.6406438195221089
TEST_07818,4.088493358294789,-1.1904985788199367,-0.010030487940409082
TEST_07819,1.443255846357715,0.5299816696760323,-0.1963531888900824
TEST_07820,1.619541042971175,-0.11908613340388276,-0.30346865634504316
TEST_07821,1.4226742061339739,-0.10829177988956336,-0.36090088148951216
TEST_07822,1.5898694833228024,-0.255510938356382,0.008354038259478211
TEST_07823,2.346986431254558,-0.16648889278946297,0.6012274595593617
TEST_07824,1.9928446580035235,0.3886880958833981,-0.47525576200787595
TEST_07825,2.6756048648468074,-0.7352424235739314,0.009667043559419278
TEST_07826,3.119355658809775,0.44103343697261393,-0.26933331041934955
TEST_07827,3.0088793052606926,0.5018181195897169,0.10868731867652882
TEST_07828,2.769129663198167,0.049442822583839446,-0.0039779006825553815
TEST_07829,1.4850188485512272,-0.11937443013320931,-0.21277975899862048
TEST_07830,2.477825351332286,0.07802239022000285,0.883370304057031
TEST_07831,1.522446285458643,1.2191306882980513,-0.033165987169857775
TEST_07832,1.0622806839852779,-0.24610650869277528,-0.004541478370143875
TEST_07833,3.853045589089607,-1.0249984641815078,0.4471822248808699
TEST_07834,3.644475215753444,0.6337822920033095,1.2932706636544882
TEST_07835,1.944836351224838,-0.06219963669705009,0.30961517682846695
TEST_07836,3.1321917180870713,-1.4170673734899164,1.1314245994755432
TEST_07837,2.190017934538241,0.20541779184572687,0.6007435182019147
TEST_07838,3.0400363089455973,0.7155504360403783,0.7711301705700674
TEST_07839,3.603358265770997,-0.21672825571797077,0.6090626634755081
TEST_07840,3.5783040532186416,-0.27042690972713707,1.4287938408196723
TEST_07841,4.767462618555286,2.125769269740412,1.1929606689372214
TEST_07842,1.4262348305406738,-1.470120197330136,-0.5847021273123107
TEST_07843,1.382696633719167,-0.17098689802837266,-0.7273567814700042
TEST_07844,1.5496203832130333,-0.7116853220585844,0.25535409393404584
TEST_07845,1.6961801653433735,-0.4331975813071931,-0.3485558425445955
TEST_07846,4.8299634681275245,0.606775583768152,0.7796831492684368
TEST_07847,3.6127840390759833,0.27998487559836704,0.04630172784633391
TEST_07848,5.495894928530655,-2.2333737500177837,0.10294823226770664
TEST_07849,1.9236876842784971,0.6361435754944954,0.1905220442612922
TEST_07850,1.6848002126280763,0.37160801687800266,-0.3053142236678829
TEST_07851,1.374364037018487,0.2996290209733128,0.1862375983702655
TEST_07852,2.0586327744575246,0.753569911633755,-0.022757550565377208
TEST_07853,1.3663963893652036,0.10095898604352689,-0.15386005392226287
TEST_07854,2.478394686610607,-1.2796271158065837,0.5804085155057662
TEST_07855,3.302066299438263,-0.6955684384654207,0.8801749036021318
TEST_07856,2.7955889875048423,0.019922464306436707,0.5043624472691903
TEST_07857,2.323587403489255,-0.0075344793367124515,0.15301321427535428
TEST_07858,3.809763379823179,-1.582246650301346,0.7323585810858735
TEST_07859,2.782257441254125,1.1609212246716247,-0.15057259647451654
TEST_07860,0.9017097841936766,-0.13276645030013776,0.43240246806382826
TEST_07861,1.1993225593652355,0.5445874076091737,0.29121083546494947
TEST_07862,2.0391168523501655,0.7042417266045128,0.5711105111748841
TEST_07863,1.3647598762860658,-0.32577921787271,-0.06929087340596293
TEST_07864,3.216106176207652,-0.2504284627051559,-0.17236070906117515
TEST_07865,1.0952551388425527,0.5687406858814729,0.5670261409791377
TEST_07866,1.4126410355111148,0.017609783847555727,-0.0069762952918926225
TEST_07867,1.108004630492431,0.10943098275370615,0.09325897042864481
TEST_07868,3.2262480261688986,-0.8296117128739581,-0.48859551795155903
TEST_07869,0.9853758102574223,0.6150385121358911,-0.11981890037759693
TEST_07870,3.105971151678247,-1.0211190969223205,0.9100975546116195
TEST_07871,1.890346058409697,-1.1922820713941635,0.08222676120392022
TEST_07872,1.7405158618739272,-0.3487410408573311,0.5192150263418891
TEST_07873,3.7544886496189207,-0.6643851489918617,-0.1694712470904382
TEST_07874,3.0980672891642707,0.3419713183624217,-0.3554294355630811
TEST_07875,1.0999654207574838,-0.18415466214089132,0.06205361861367359
TEST_07876,3.0573291460506726,-1.4147193889288285,1.1773594276999928
TEST_07877,2.185994104136159,-0.4992200870511303,0.28545230654084874
TEST_07878,1.2339331813801921,0.011145805621893514,0.35550610281946643
TEST_07879,4.490553736921588,-0.8460006636388002,1.737428235565875
TEST_07880,4.364435498356846,1.4947080534434414,-1.0132452275952035
TEST_07881,2.72549427899026,-2.373147679696229,0.5805714664810466
TEST_07882,3.1740138704736998,-0.35909022684828085,-0.010024307410259647
TEST_07883,2.6397770913266396,0.7524400956807549,-0.4480365009633254
TEST_07884,2.524789493851761,0.5115686559209712,0.28913296727734206
TEST_07885,1.979331845517337,-0.33631678648516944,-0.5218888999923111
TEST_07886,3.7478459652286946,-0.4318119881018109,-0.6667370634817796
TEST_07887,3.0905330824788333,0.23674503209735165,-0.3123284794097521
TEST_07888,2.0015652813031006,0.20700221711966862,0.7987674921672625
TEST_07889,2.9135550093899405,-0.22668880509425515,-0.29085460393557644
TEST_07890,2.5951056120456317,-0.28006442559366884,0.47023670552743896
TEST_07891,3.769207087262875,-0.47320785496257994,-0.4123304845914527
TEST_07892,3.0823371081916933,0.43153658794049354,1.2077525893085557
TEST_07893,2.9736421789171175,0.0810745014563174,0.0248287593281048
TEST_07894,2.7627375746614784,1.4197122303479397,0.2743146816201687
TEST_07895,1.9009340134627783,0.6855360545634072,0.022980460812017284
TEST_07896,1.9744292048094465,0.10368701148584501,0.40045660211928846
TEST_07897,3.859734674192465,0.3808200541504179,1.491016288467443
TEST_07898,2.8808968421760697,-0.9340683703957036,-1.0074917613511263
TEST_07899,1.9085718519952632,-0.5391959459880497,0.6405209283185033
TEST_07900,2.6072430113012612,-0.2197323878996596,0.5355341884353626
TEST_07901,1.5431320980123704,-0.27767612259137114,-0.20294900737427424
TEST_07902,1.5479978825011076,0.006529925627669564,0.287844615475305
TEST_07903,3.284456140456379,0.5289854172663853,0.47410676594154694
TEST_07904,3.4957278181675555,-0.2354780210832804,0.92469499543929
TEST_07905,4.2085962320383254,-0.958946509513622,1.3537567882450472
TEST_07906,3.0880744257135926,-0.12413812899983473,0.4831163667075984
TEST_07907,3.0019392481287976,0.8680539728534296,-0.693258024579053
TEST_07908,2.604402615677397,-0.06757067793661356,-0.11932162738381802
TEST_07909,3.594616571088429,1.2212339604952729,1.3657901591194683
TEST_07910,4.275805023837458,-0.10144585189736799,1.933685928059838
TEST_07911,2.9876290751516343,0.24196330772826538,-0.033961695094922424
TEST_07912,1.1557039481889761,0.4731048394793244,-0.3654266983826103
TEST_07913,1.5973751208979445,-0.5417021613659663,0.5710570736686198
TEST_07914,3.0074767605636246,0.3767149012697616,-0.5945203704064571
TEST_07915,1.1098048925610184,0.048235699711976596,-0.30270894482774885
TEST_07916,1.6600414115892854,0.7558146574085959,0.19422284973071494
TEST_07917,3.014770575805288,-1.6556890680510397,0.8328053048537533
TEST_07918,2.4766612584236603,1.1029706170958389,-0.8027660160185793
TEST_07919,3.606694237102136,-0.25202537387254664,-1.4147634734777061
TEST_07920,2.486212690510581,0.8911232590884398,0.12772358674195256
TEST_07921,3.652533065903222,0.5561345270861984,0.0025560716220106284
TEST_07922,4.081484468301249,-0.10538858101432264,-0.4937787948629214
TEST_07923,4.2748309765902235,-2.0825289805238647,0.5947715536755414
TEST_07924,2.8352391081067467,0.4578504387005997,0.4764315556510122
TEST_07925,1.185397325793907,-0.31425336992985564,0.15538412206069085
TEST_07926,4.661985870688091,-0.736411617626402,0.4047244591644658
TEST_07927,2.1042120469847756,-0.8426717013938562,-0.08330675438558582
TEST_07928,3.3615947181275496,-2.14656116719594,-0.5979912477307195
TEST_07929,3.96499818242507,0.25508423935394214,-0.30681445034426374
TEST_07930,2.4845893195093938,0.26411361575152875,-0.3295489276736673
TEST_07931,2.7135737288382265,0.21244315085446314,0.1516946051191616
TEST_07932,3.477573301803134,-0.7630485302405459,-0.7028347971943023
TEST_07933,0.867030720487497,-0.20514740594082215,0.006824718077666973
TEST_07934,1.5656052151117748,-0.28950202070713504,0.2551010698155143
TEST_07935,2.6631428916516136,-0.1512117197063604,0.0870393138914699
TEST_07936,1.7102308310585363,-0.8077105551011226,0.10173427381652422
TEST_07937,2.422155242278811,1.0584793849432088,1.261106380797186
TEST_07938,3.189543278106596,1.51060145357895,-0.13397197306772876
TEST_07939,2.5691583122721076,0.46135396563490316,0.6165512294717532
TEST_07940,2.0938336598575473,-0.743501248387902,-0.4075764133893278
TEST_07941,2.0743793522956913,0.32866673507374417,0.13683386050351284
TEST_07942,1.4055493113686812,-0.28744384942024903,-0.45161222895097347
TEST_07943,4.02343950532106,0.469579594934769,-0.22537677646731713
TEST_07944,1.944846098417725,0.43644686634846286,0.8804308864184253
TEST_07945,5.72828999257887,-0.2980150952304889,1.425858958458397
TEST_07946,2.0377348216733275,0.16392344907966566,0.3230173840750246
TEST_07947,3.7107917139094817,-0.8376066150519008,0.5994673240306952
TEST_07948,2.9504309318840103,-1.0534714507575,-0.04377821327380381
TEST_07949,3.7833187512951634,0.6794230711184865,0.18640090174933693
TEST_07950,4.95966637321147,-1.578791485520144,-0.9300181869560931
TEST_07951,1.213815953671083,-0.6321479887194487,-0.10007050159485226
TEST_07952,2.047606307827137,0.8780151465018124,0.25294216722697144
TEST_07953,2.8956140988734673,1.5370087421425283,-0.6734383180053642
TEST_07954,3.1533100093256032,0.18480169577131528,0.05145315744712238
TEST_07955,1.4066647046962586,0.2177992273639377,0.24394948250427842
TEST_07956,3.17819407638636,-2.019928429420058,0.3358375733135803
TEST_07957,1.710107376774935,0.011540082923457675,0.1590954714729549
TEST_07958,3.495087007907405,0.09428290193779347,0.020171174975388752
TEST_07959,6.0812326045225635,-0.610300169081801,1.5831402253901086
TEST_07960,4.373200790168825,0.7254560304520892,0.9581573023667993
TEST_07961,3.095650985022297,1.7518762580198255,1.14039665404718
TEST_07962,2.7432362552419014,0.8463513808596734,-0.5613193630879296
TEST_07963,1.4159508767844193,-0.14377655114401827,-0.5622164928473238
TEST_07964,2.3912607644292687,0.4947139420997195,0.6199582089215505
TEST_07965,0.7596911479096979,-0.0599076565041557,-0.28540184815259584
TEST_07966,3.6600000202570597,1.0657490027775418,-0.9182186520489873
TEST_07967,0.8816781300360169,-0.45736536866328764,0.34068820801562144
TEST_07968,3.965682497628082,-0.6768664075435422,0.21654891595881226
TEST_07969,2.2215409173481357,0.1853443943130995,0.12094874554915495
TEST_07970,2.202412116998685,0.0035417828538216733,-0.37426656792387186
TEST_07971,4.530703868446212,0.2549457644638175,-0.4904474333542869
TEST_07972,3.1790496909457846,-1.614965714790093,-0.5790361506985493
TEST_07973,2.9588076459310853,-0.5168009771660593,0.2173051543793082
TEST_07974,2.3911049052501605,0.39094628321136543,-0.6594878336410457
TEST_07975,3.0856917719594006,1.0674585531379615,0.8060282766100275
TEST_07976,2.6483843551297723,-1.1822235157720582,-0.017284141780369622
TEST_07977,4.088058983014296,0.42234114317925464,-0.34979352364798333
TEST_07978,4.6306673387099675,-0.7289928322828642,-0.6228082263675944
TEST_07979,3.0316660705448792,0.03462481543636994,0.4696554839283805
TEST_07980,2.293716602752825,0.741199492209971,0.40924229118170524
TEST_07981,1.4697661533703885,-0.004642738589424366,-0.5850194299984747
TEST_07982,1.9465458400475495,0.5458729660262313,0.6755790285416124
TEST_07983,1.2649920474434622,-0.20272141437113272,-0.40470552909833973
TEST_07984,1.8777644896165429,-0.1806046706079736,-0.31226642318585707
TEST_07985,4.837540230168086,-0.9567699843721214,1.7712260831350928
TEST_07986,1.7881625722270873,0.24216855823954914,-0.6985847971151579
TEST_07987,4.435962679474469,0.9555350168183099,-0.022610333469833228
TEST_07988,2.273905156617515,0.5671233623723919,-0.33684541646464017
TEST_07989,1.2634427108910806,-0.14758625338448936,0.29589656602802245
TEST_07990,3.5120115383584265,1.7264907920406267,0.5248699545443677
TEST_07991,1.094163425466994,0.12402560117542256,0.022519198903592347
TEST_07992,3.392587991790948,1.4623812339938518,1.3906915111635858
TEST_07993,3.277845051092907,1.8880163849731255,0.2540753731571434
TEST_07994,3.453402618983191,-0.1296198538628382,0.5124968834123245
TEST_07995,1.598507893453317,0.37658978118701275,-0.48010769262763864
TEST_07996,4.363099065865437,-0.16233972823613935,0.07167182243687346
TEST_07997,2.4227591494401794,0.2583288565194091,0.5539331900177319
TEST_07998,1.463618031120074,0.7506585433086291,0.4286634712201314
TEST_07999,5.087396867482624,1.5814131939796874,2.0767838432668313
TEST_08000,4.211958420105566,1.8307873778925312,-1.4091413342058503
TEST_08001,2.114686180729223,-1.5966583936507683,0.5402179943558048
TEST_08002,3.956588324059223,0.9866452783119377,0.6329504521705636
TEST_08003,3.452851064413119,-0.6810607121609433,0.09847704292609265
TEST_08004,1.642377709455758,0.23803592530909218,0.08602593961121228
TEST_08005,1.8346971113873376,-0.6652842960318034,-0.5709882703056237
TEST_08006,4.902435648554041,0.1924743011594215,-0.09885656905007041
TEST_08007,2.794853868319113,1.4853945994755502,0.2268380947213862
TEST_08008,4.289650018497464,0.351033711453239,0.6551583969007794
TEST_08009,3.4771204023142985,0.5731731325930249,0.4639260757651406
TEST_08010,2.102959500148001,-0.25041814514303185,-0.048484939214303996
TEST_08011,3.350956008773217,0.09632183395380378,0.2007805585275024
TEST_08012,2.5136491384098654,1.5336330278124686,-0.7731259774128072
TEST_08013,2.457934171795612,0.53386307748937,-0.34858966109529915
TEST_08014,2.581831795817324,0.29330758161223824,1.403086398262738
TEST_08015,2.6827765072314915,-0.7379620079903797,0.2657716258451188
TEST_08016,1.7290093238917341,1.2550006959896403,-0.06041329600730818
TEST_08017,3.183414163219952,-0.06065280949982142,0.6451261284145975
TEST_08018,3.4316326013124154,-0.8335418708612059,0.3409795121777477
TEST_08019,4.637859142137669,0.5465927623432244,0.06873566203862871
TEST_08020,1.9288587987676835,0.04174303691164184,0.35612217073248337
TEST_08021,2.5238608020125977,0.34754285751138486,-0.37125058341724937
TEST_08022,1.6858918560293041,0.13656436054837165,0.053634768084595955
TEST_08023,2.468120639230077,0.12332371125219803,-0.5528006267557946
TEST_08024,3.0354874917551586,0.3658056878073719,0.7346454967252942
TEST_08025,3.669451815308961,-0.079056536957679,0.10504393035901331
TEST_08026,2.208984919462449,-0.1784119353685989,-0.48574112091654836
TEST_08027,3.2640890999146865,-0.5197100626324354,-0.5668459364769234
TEST_08028,2.8028982290766593,0.5166595190021306,0.2540313122382989
TEST_08029,2.850915480655386,-1.2690390008255885,0.7084870337694333
TEST_08030,1.9616198648675567,0.04383927035772847,0.7878311635905657
TEST_08031,2.9915954431243477,0.9964676421827767,-0.6180174775012902
TEST_08032,1.8672184309849564,-0.6740508703691909,-0.40096414337507796
TEST_08033,3.007191071838863,-1.068225034634381,0.6460847714272173
TEST_08034,2.0426734554673343,0.3760842431592416,0.29389688113630613
TEST_08035,1.9415666298012875,-0.2058773489685311,-0.23198275800721802
TEST_08036,1.439761765303325,0.4622394577098455,0.5094430994102016
TEST_08037,2.079919264782209,-0.25485858749319257,0.553982828391712
TEST_08038,1.9743054762907288,-1.0930886880771917,0.5879619043809509
TEST_08039,4.56867857224619,0.3161809602387441,1.7289447775253477
TEST_08040,2.5923704414413513,-0.11081590136476868,0.2730117629184934
TEST_08041,1.9199963741357569,-0.7464348450181297,0.17400264977715085
TEST_08042,1.680076675020376,-0.1462792545115846,0.004674017574372562
TEST_08043,1.7680517625257561,0.903472804877704,-0.8567564492860065
TEST_08044,2.974081410951344,-0.4919972889945994,0.952839958325093
TEST_08045,1.02250548190825,-0.027924070804320043,0.12456610624403519
TEST_08046,1.9896880448382404,-0.016440270760669454,0.07629714746509546
TEST_08047,1.6245072208867637,-0.2645444752402481,-0.10843879578657244
TEST_08048,4.692978042896615,-1.0055836971163261,1.2315261831613837
TEST_08049,1.793850647592447,-0.10063753023780897,-0.2577641897154975
TEST_08050,2.1354641945662247,0.23307902038384248,0.00442594078120483
TEST_08051,1.4220287902296656,0.665120294525406,-0.130253665599801
TEST_08052,3.510603071705534,-0.16654207400703774,-0.3780391082415453
TEST_08053,2.091382028507332,0.6233800032490191,-0.32757534127342774
TEST_08054,1.260459433513032,-0.35216500443507315,0.09942969676445577
TEST_08055,1.1964754531605246,-0.03467935651146333,0.025561119355680968
TEST_08056,3.1379279245542735,0.3926017000479255,0.31788503166568643
TEST_08057,1.0849825508847672,0.2776814507620378,0.5037494395920681
TEST_08058,1.871670744307526,-0.6674264195706439,0.694687686436378
TEST_08059,1.822320696255183,0.2904863204160095,-0.23885992826478072
TEST_08060,1.4751668986950257,-0.1758603292124966,-0.42338944447442933
TEST_08061,3.1169342153824773,0.3022402155296502,0.011259267455167254
TEST_08062,1.7994077258143297,-0.029857106344532244,-0.008363930554213101
TEST_08063,3.747256448782619,0.2180910127927211,0.2785330084087231
TEST_08064,3.2119918492406287,-0.0919941154706745,0.12835896356213533
TEST_08065,4.342538222256647,-0.06287087355479357,-0.47946925757460174
TEST_08066,2.3160715740285456,-0.27588567653311774,-0.7921417558118364
TEST_08067,2.7176254478985467,0.11849615474488949,-1.0193048770849755
TEST_08068,2.4970355048379553,-0.7878373064068773,-0.12313865284370269
TEST_08069,3.8924319673165453,-1.1272692708637617,-0.5803737480423988
TEST_08070,3.773959806904963,-0.9546757591039402,0.9396957171932475
TEST_08071,1.529515635809911,0.06656290355192677,-0.11603700955818737
TEST_08072,2.692416248227663,0.5455902935047401,0.15177884084227564
TEST_08073,4.122267979069941,0.19710285241296044,-0.9719137551459014
TEST_08074,2.5612161322709266,-0.40274814675519555,0.3900407490968425
TEST_08075,1.1044496488207194,0.12803605776205057,0.14278293370713507
TEST_08076,4.672848980301161,-0.9076589517537396,-0.2681841252218917
TEST_08077,1.5128299893053252,-0.8386912808078391,-0.5347319070775957
TEST_08078,2.70109456148178,-1.3357424302344298,-0.10570912978471707
TEST_08079,5.742592516381364,0.796437416142215,0.12207184794864355
TEST_08080,2.2047322096083306,-1.653728245070037,-0.328794845984731
TEST_08081,4.820022632456919,2.2420065803247047,0.9281627294634874
TEST_08082,4.548213014034718,-1.4912693611649026,-0.670915761193283
TEST_08083,3.1930861525835397,-0.7535281663913048,-0.8974803864392199
TEST_08084,3.4059119473847552,1.2106584998233885,1.7122941362858282
TEST_08085,2.2034936131458434,0.818455785934569,0.04238738899951742
TEST_08086,4.62676511716523,0.0945902367946826,0.7270012691307594
TEST_08087,1.1786479829014092,-0.19954096122550452,0.3375534634133777
TEST_08088,3.471748819231509,-0.9112927730210897,0.22206874489694114
TEST_08089,1.8033124315923597,0.1021042841517982,0.20143365105602806
TEST_08090,1.5202710025315667,-0.4118596387964343,-0.16797545162742306
TEST_08091,2.9539459828172103,0.25532095416028366,-0.09204000991153449
TEST_08092,3.5200124295461186,-1.238086345980009,1.4959875694281168
TEST_08093,2.043695136368856,0.42965054550287285,-0.09059460130698428
TEST_08094,3.45041366454045,-0.08288965783262826,-0.30097253214908637
TEST_08095,1.5093875055431802,0.45822544047694164,-0.04888210363035705
TEST_08096,3.5230707915262878,-0.4119882927244989,0.6697528229252353
TEST_08097,3.1953721144395804,-0.18071621705667562,1.906038274870957
TEST_08098,4.57503103654827,0.8580246621575016,-0.6878846862782079
TEST_08099,1.3724697282389717,-0.2680511682556948,-0.1251701523363805
TEST_08100,2.4832318818688077,0.485084769910275,0.21112817723970248
TEST_08101,1.781336665666706,-0.1606534995926191,0.36916332238681093
TEST_08102,1.523867076740647,-0.01723781412320984,-0.01193259058046689
TEST_08103,4.472223623614337,0.2466097630508462,0.6372907968911055
TEST_08104,4.235669248913958,-0.38228258950724425,-0.2345215222569008
TEST_08105,2.1434262980474705,-1.5313776400389014,-0.6050234106910266
TEST_08106,3.1059062179356123,0.37940292194889824,-1.1521274080816184
TEST_08107,2.8867812372268196,-0.1468742558205446,0.1934874512132964
TEST_08108,3.3626637241557917,1.3833115485182315,-0.2394821562924676
TEST_08109,1.064979675489434,0.17441348865405634,0.03633768117914528
TEST_08110,4.837645251601815,-1.3856807322540472,0.0026608395234263816
TEST_08111,1.8522852827680898,-0.9775219217349004,-0.19436499212225708
TEST_08112,3.112147094080157,-0.24489521298294187,0.3209321259556988
TEST_08113,2.1371060122068086,-0.26939863587123597,-0.617474314814978
TEST_08114,2.0198155619787133,-0.10798299631485994,-0.04809216817158603
TEST_08115,1.060277218192972,0.5691593767471833,0.5157719041528288
TEST_08116,2.308735999569561,0.9631800147639081,-0.8355365820341552
TEST_08117,1.6659214201832255,0.5980614558402697,0.3267310550509018
TEST_08118,3.7932424277519132,-0.9840737735072285,-0.8931745834461908
TEST_08119,3.7623952926528106,-1.772625237823005,-0.9105797111824824
TEST_08120,3.627656729658209,1.7998610139299145,1.206428478852834
TEST_08121,3.1249276323100825,-1.485319723084914,-0.8239378845008385
TEST_08122,4.131820388944961,-0.5834550197927239,-0.31836432876833437
TEST_08123,2.2640007231119585,1.331222085154758,-0.4831270585961172
TEST_08124,3.0249387563495502,-0.13218159858678302,0.3248452437596859
TEST_08125,2.353502792763355,0.5162278392988984,-0.4063982615945368
TEST_08126,1.0311728749308324,0.0001271285443808541,0.31287276860709257
TEST_08127,2.287219273980462,-0.01372225940903864,0.6877594733227087
TEST_08128,5.122422496740891,1.3086187596907144,0.46923650616972906
TEST_08129,2.9101713887307192,-0.3432801241831708,0.41215314124402974
TEST_08130,1.560739582699277,-0.7297416232827525,0.2684257314060667
TEST_08131,1.2927310388123492,0.2437317398027791,0.36414745044532587
TEST_08132,4.606122986117924,-0.9047955642370791,0.6629206499263499
TEST_08133,2.4763525267164104,-0.0460844237712965,0.23092482949824936
TEST_08134,3.403009276543957,1.0350710371094933,0.14998239849426429
TEST_08135,2.2123022517316326,0.12326820753494264,0.16975318441605985
TEST_08136,3.1032175944563134,-0.48975522336554905,1.3457666792478247
TEST_08137,3.5882868940712296,-1.2698235775695643,0.1791405175392206
TEST_08138,1.6829525240913064,1.8075152937176948,0.7965436727671366
TEST_08139,4.17555515167603,0.4246602867506575,-0.13638940076357842
TEST_08140,2.1577578811276186,-0.19272758519273206,-0.0006137896861976073
TEST_08141,2.1952942654127123,-0.42626112151461454,-0.29644426534316254
TEST_08142,2.1596182242485233,0.5793532925250642,-0.5957537735800249
TEST_08143,3.8903561972987735,0.27843920887607226,-0.1838026336727237
TEST_08144,3.1164415648724164,-0.34739526671900234,-0.3847733172082088
TEST_08145,2.329104084173703,0.050190410531016465,0.02041633879356862
TEST_08146,1.6468926019745698,0.610361930576915,0.11937153468817185
TEST_08147,3.220322979982129,0.15496521911500505,-0.43340976281421295
TEST_08148,2.451019326073744,0.6011039720493336,0.327541885688255
TEST_08149,1.4612096842865276,0.7912796450651413,-0.6085270987523684
TEST_08150,4.786025930446493,-0.021425008874184484,0.787851727736596
TEST_08151,2.86236159161264,-0.5356642104428161,0.6409598904082267
TEST_08152,3.3170124996558394,1.1925199081989453,-0.4584711622621862
TEST_08153,3.576823023757435,-0.5772214841942935,0.059915837874610224
TEST_08154,2.6870565735817937,0.01563914605988265,0.6523269544868784
TEST_08155,1.8986626153300978,0.7276070349636932,0.8152922690479523
TEST_08156,3.0180919865314557,-1.1739807753895553,1.241962803582264
TEST_08157,1.576613746300752,-0.44750151570243885,0.24990127809772228
TEST_08158,1.3172459727768826,0.7840093688574804,0.1936442865704481
TEST_08159,4.905197450557132,0.3292882012357849,-0.9687125619860927
TEST_08160,3.418734104802785,-0.46007914623780977,0.032468761667488126
TEST_08161,4.10306319836404,1.0112773844194385,-0.009271067999714291
TEST_08162,3.0071672290410496,-0.5436879802642718,1.397293433420477
TEST_08163,1.620664254862061,0.010470390490698762,-0.1521909064704796
TEST_08164,2.061240012925619,-0.42690559897349134,0.024680681959711858
TEST_08165,2.5720798845130344,1.0034566906457094,0.8247791134242363
TEST_08166,2.5359040840321603,1.0127367987205194,-0.561744029037748
TEST_08167,2.5458064151346136,0.7225163808941649,0.07152910703779444
TEST_08168,5.7244605440544065,-0.39594618063740483,1.0970049228646006
TEST_08169,2.806212889267597,0.39524374825567354,0.052889005831395136
TEST_08170,2.1321381836786335,-0.14053468775994124,-0.04890111118917894
TEST_08171,1.2496142404546933,-0.17241518394763533,0.14279804627681542
TEST_08172,3.7566573825125165,-0.04223101899979483,1.1317932954611052
TEST_08173,2.399212177826432,0.22397837209612045,0.29238605358287784
TEST_08174,2.500021850955981,0.26904961445113745,0.34071467294798924
TEST_08175,2.76990244659363,-0.9262901871834851,-0.6087152541960147
TEST_08176,1.1829791648082009,0.5031272538257896,-0.29118588701841647
TEST_08177,3.976777815060003,0.3617846534817193,-0.46063945242065263
TEST_08178,1.8513245297759127,0.7350550395411011,0.7353297823534275
TEST_08179,3.346333897260516,0.03187094719598207,0.25735085778199246
TEST_08180,2.4346189044109448,0.7463348239753664,-0.416512061945664
TEST_08181,1.3519253855730726,0.0004701833562248644,-0.20769241393769405
TEST_08182,2.085948548131972,0.5053191657456821,-0.0516355134607074
TEST_08183,4.402585099972915,0.00613691095790525,0.3512596116838118
TEST_08184,3.7823614982245073,-0.39758052460852567,-0.7491935716893541
TEST_08185,1.2064545589081914,-0.5990082017951401,0.41574036959764515
TEST_08186,2.1952762318880894,-0.2521026954641948,-0.42117248515198213
TEST_08187,3.8240995874772303,-0.16621160707896618,0.4116107734522702
TEST_08188,2.86524250610565,-0.6497708295067592,0.7081567806787641
TEST_08189,3.712252386678627,-0.13835236772057197,0.062339986909828206
TEST_08190,1.783713536976903,1.0684729659598444,-0.5186695648527998
TEST_08191,1.7738964372203647,-0.38677822088655406,0.15887905248150697
TEST_08192,1.651209731431761,0.7325133936459638,0.45358707259431236
TEST_08193,2.7443451203855136,-0.19879292304746596,0.6832740865200848
TEST_08194,2.8982163497268902,0.6080038551582859,-0.7267808543443244
TEST_08195,1.2025971695549729,-0.037451087742174816,-0.00977096069422433
TEST_08196,2.994930762145274,0.7234457367976544,0.630425809874436
TEST_08197,3.5687854477302805,-1.9298173980650424,-0.46099913806514925
TEST_08198,2.599512222089737,1.2930217557842612,-0.765583938262293
TEST_08199,4.3424268013093466,-1.361802546286726,0.8300336244407702
TEST_08200,3.711569063204264,-0.13539186369898396,0.04430862285724835
TEST_08201,2.6556677292125,1.73080537438471,-0.39564920704432227
TEST_08202,2.021791244789855,0.008001425404624778,0.8985330274924322
TEST_08203,3.9536444504306445,0.6911970185097063,-0.5928263505991557
TEST_08204,3.1875750214435223,1.4133202160181013,0.6796711015697938
TEST_08205,1.109148082938634,0.0630185300054209,0.23104277866976058
TEST_08206,2.6020244610165326,-0.6080907217576901,0.42548339743978464
TEST_08207,2.5601434024819247,0.9620508775449726,0.015576589667975108
TEST_08208,1.9349780849765894,1.2752513697651808,0.9763495266978809
TEST_08209,3.404325420375593,0.44204666155000627,0.6402822344561685
TEST_08210,1.9054506327336216,0.39116151081310796,0.1541923589506457
TEST_08211,1.6371715660836257,0.21972084094727692,0.31151132256160446
TEST_08212,4.57856488237537,0.3030394789945754,-0.9297123931125776
TEST_08213,1.0457587976221498,-0.19290184192490567,0.14648906351494806
TEST_08214,2.991096470079202,1.2082525170611655,-0.26168188281685983
TEST_08215,1.9743796604420498,0.591765306671279,0.16970709268682574
TEST_08216,0.9006408128614557,-0.558334143719037,-0.21316990593304466
TEST_08217,2.1166091687916606,0.23396327318856666,0.7012150681390358
TEST_08218,4.5203936533101325,-0.39200621040701455,0.46216750481548713
TEST_08219,3.026171311537017,0.48391590251594013,0.9958537935519503
TEST_08220,2.5950553447681055,-0.04694102861029783,-0.00937068600616457
TEST_08221,3.253155097387338,-0.09503336300861623,-0.06578581511505226
TEST_08222,2.2512039247151345,0.35126945621948097,0.0892666437068613
TEST_08223,4.39386861184568,-0.6505556747680489,0.6385381216822732
TEST_08224,3.115656506958093,0.312036361299014,0.4275081664078159
TEST_08225,4.713138866271073,-1.3559043921013474,0.9091456386035699
TEST_08226,1.4931797450504918,0.07000238071332172,-0.46755560917707273
TEST_08227,2.078474804480876,-0.37991934816690004,0.009707686906422963
TEST_08228,3.0187457713187,0.10684143480100547,0.17675567552674892
TEST_08229,3.9168490634676134,0.1796508638524625,0.7406930689049881
TEST_08230,1.1352411318045865,0.6233045328316821,-0.05052841595979223
TEST_08231,2.362263111805614,0.07844402141483355,-0.1130763451973228
TEST_08232,2.987933775347826,-0.4680034915239571,0.8414150294427734
TEST_08233,3.8181028594029645,-0.9557949603610767,1.7758517003088274
TEST_08234,1.3655617384455911,-0.11886249251583998,-0.25187905961718055
TEST_08235,2.080702671543383,-0.28483253708795847,0.5494292060468716
TEST_08236,3.8096175370318037,0.6531420059211447,0.831879712092495
TEST_08237,2.6591059051739045,-0.6338721614946511,0.6652009989369367
TEST_08238,1.4018944360283465,0.6447935594988405,0.6293931962053493
TEST_08239,3.3650133569428204,-0.4690781844952217,-1.1103442541343833
TEST_08240,4.01603629698923,2.3481629795693877,-1.2753838209486263
TEST_08241,5.3755119254092785,2.1860116469557105,0.7362038758186401
TEST_08242,2.823371079719194,1.1483217301314712,-0.6670546494581379
TEST_08243,1.716425761723102,-0.8428774670570734,0.3432466975053679
TEST_08244,1.9205881146337906,-0.6734870490746299,0.4121927835276279
TEST_08245,1.6486437572481372,0.19764613886257185,0.3922430519798699
TEST_08246,3.0243513976217566,0.6971304185117047,0.13181526727040024
TEST_08247,1.517577606804899,-0.5260916714906403,-0.35909825714070503
TEST_08248,4.82286602296678,1.8389786800539234,-0.4685802496619556
TEST_08249,4.116265228110998,0.419863908560517,-0.9157337545015617
TEST_08250,0.9979682026757152,0.2657218262761418,0.026560474615660273
TEST_08251,3.3622974031816173,0.3384957213258617,-0.3861537275756618
TEST_08252,3.475119047171336,1.3631641333271545,1.5505435493382553
TEST_08253,2.674358217762775,-0.18319928657495724,0.0035063538879062895
TEST_08254,1.5617766052854816,-0.705154801992702,0.7470585033938695
TEST_08255,2.732311595459875,0.09109105774681392,0.21252237969470492
TEST_08256,1.2143866471123028,-0.3139551264096486,0.02827754055964417
TEST_08257,3.145716228404807,1.7354774673679763,-0.4265817542682126
TEST_08258,1.4424799569102196,0.686394492835538,0.19663002375567298
TEST_08259,2.539887129206288,-0.9924748356656166,0.5568596840328619
TEST_08260,1.2049585613848222,0.01504613280167015,0.3032446484557123
TEST_08261,1.7817572198261613,-0.1521795197596934,-0.083140942414241
TEST_08262,2.256677434320091,-0.2883685545673863,-0.1344308342229495
TEST_08263,1.002177357667493,0.3394380496550873,0.34270828804118814
TEST_08264,2.6538175606278043,0.09597838327754604,0.007248135812376337
TEST_08265,5.517318829060777,1.4240587677795826,0.460585241847358
TEST_08266,1.5875699722134116,-0.11790833101814956,0.3393869363198529
TEST_08267,3.251661942537008,-0.4522238593635781,0.1460477412221556
TEST_08268,2.3571551433421,1.0921841700215316,0.2672255190426587
TEST_08269,3.5684877519620906,-0.33391529089875266,0.07843031197484451
TEST_08270,3.8619256758647365,-0.23169627633262305,1.753418109033537
TEST_08271,2.6668093719164894,-0.9522220574656068,-0.01783760896989437
TEST_08272,1.6009755962625452,-0.4146494853918156,-0.48900823753088896
TEST_08273,2.856761462565456,-0.6984193709192037,0.5990962055251655
TEST_08274,2.226202424394329,-0.5009933063907124,0.6345265309534389
TEST_08275,0.7341922636762148,0.37705222220011336,-0.13502875893041114
TEST_08276,1.1796468781358356,-0.4606011962288051,-0.26708770612334803
TEST_08277,1.2926438778219478,0.3833695878973714,0.12980278621477856
TEST_08278,2.7622797162357933,1.5545732677784312,0.39129706944564513
TEST_08279,5.114441281596147,-1.287028955547698,0.8567458939993235
TEST_08280,3.220343006258954,1.3167308457527562,0.08527935929870684
TEST_08281,2.7188514460946873,0.2814190321831283,0.012868747738389644
TEST_08282,2.155877556170387,0.43106652315864596,1.481822117188412
TEST_08283,3.5689373733577208,-0.1966037443040158,0.9951128078324986
TEST_08284,1.9226515597938691,0.11570968549782332,-0.16933922748205868
TEST_08285,1.6678095681251859,0.29498375782331737,-0.18731117441734296
TEST_08286,4.98004467601918,-0.5469030519859728,-0.1289911045444977
TEST_08287,4.794782380861794,0.9298434730701027,0.6432603557497477
TEST_08288,4.744321551822775,1.4868266464187796,-0.7751105737556265
TEST_08289,3.44126176345095,0.2306096703990165,0.1817408499556196
TEST_08290,1.6630252287778682,-0.5529147479021244,-0.1039452345743664
TEST_08291,0.9779433130455881,0.19301243207626212,-0.18293422141583005
TEST_08292,2.3504077008640896,1.2632575274260835,-0.06878763146549338
TEST_08293,1.385855727540051,0.40891012242068386,0.022241901965400605
TEST_08294,3.4559736235652414,-1.2018589075660155,1.9794610717520145
TEST_08295,1.5674533543893354,0.5407428733319107,0.4106715397992748
TEST_08296,2.925339526170068,0.7795653835838754,1.5720751425385333
TEST_08297,1.8546853223297468,0.6922420569811731,-0.6043593991776727
TEST_08298,3.8860530797173087,0.9594475288875494,0.2747329249402431
TEST_08299,4.051667694565295,1.2234812729661335,0.9275933070204687
TEST_08300,2.654537349195738,-0.16096264543712793,-0.4646200841460257
TEST_08301,2.634042510734297,-0.4125969840471728,-0.11772819820245166
TEST_08302,1.4000409885933525,0.2471496067190356,0.28677562764145254
TEST_08303,1.415250505072201,-0.7584326721240312,-0.019782889340308182
TEST_08304,3.933563842768942,0.20420432814413622,0.46418010246156716
TEST_08305,1.5041228303041365,-0.44075720749305886,0.11641547008994509
TEST_08306,2.868069277388009,0.09501758396038022,0.36488429590103433
TEST_08307,1.2752106542323105,-0.19741736630407533,-0.0018171767579130051
TEST_08308,3.401534153518161,0.4783736524354918,-0.7093055984557295
TEST_08309,4.730783895170583,-1.0670972275608455,0.773217242136459
TEST_08310,1.6579715184363886,1.0793022008644455,-0.7619604004683568
TEST_08311,1.9301136861517745,-0.6865365694870902,-0.10274592917189015
TEST_08312,3.4999042065247297,0.7131614937399193,1.2928670816720047
TEST_08313,2.9262570950408,-0.6705820287778941,-0.4953081444485742
TEST_08314,2.2221253193609676,0.39824890721423006,-0.045961620111430714
TEST_08315,2.1561591406000673,-1.0420283544351479,0.9093157492466319
TEST_08316,3.3106520710659573,-0.25825658577589666,-0.3112928176169851
TEST_08317,3.2824310835530492,1.8003916939077527,-0.13058643530492858
TEST_08318,3.2662514668269296,-1.4557630412570841,-0.623576610243108
TEST_08319,5.537259821218487,-0.8126668529160681,0.9539034282992137
TEST_08320,1.6796521564961615,-0.4157092553502574,0.16803681413431795
TEST_08321,5.004144269693589,0.5302588761228477,0.9327454884868605
TEST_08322,1.0642144308746098,0.3384605013650451,0.6572319196552989
TEST_08323,3.1047529262080924,0.4296471978720593,0.572012863304196
TEST_08324,2.6785698856554547,-0.030182900537186606,-0.9192195350435942
TEST_08325,1.8732763023485235,0.27102288264164426,0.14216489164534965
TEST_08326,4.039257564068343,0.1702362554130787,0.1515024795710277
TEST_08327,3.463379976612694,-0.44375505531597115,0.9236197114943041
TEST_08328,3.68090093753836,-1.9348386172613388,-0.1367100941933976
TEST_08329,3.435556708265552,0.42470281945700544,0.8018665483904531
TEST_08330,2.6812009492894027,0.5282081146535853,-0.6484000093436182
TEST_08331,3.3879779412845985,0.374928538498664,-1.0502110000581273
TEST_08332,2.405866923142687,1.2413456093432476,0.36707742592968545
TEST_08333,2.1651109672442588,0.3509701453804459,-0.0780179869234361
TEST_08334,2.044109819957903,-0.24781130757157002,-0.13624699101646093
TEST_08335,2.9179076790824476,-0.0032192123390557934,-0.1619609349523886
TEST_08336,3.0788889697847774,0.8761502810168705,-0.014747122076131353
TEST_08337,3.654873002989503,-0.641848899218812,0.9359794543946524
TEST_08338,4.383352843943866,0.9350461890276699,-0.770582304589477
TEST_08339,1.9288320997877006,0.60839897873876,0.3038234077671795
TEST_08340,1.9913726797512472,-0.8694581544504898,-0.5448252896772425
TEST_08341,2.349865401412761,-0.4955457616833981,0.2506648175729341
TEST_08342,2.2405182301759448,0.6177681433028093,0.03477365670968503
TEST_08343,0.9502562688958994,-0.18481356401322213,0.24898227893302086
TEST_08344,1.204239649923258,-0.28684703871368195,-0.04182362960033159
TEST_08345,1.9141708656402157,0.08104444889945593,-0.3736071868310703
TEST_08346,3.306627165095106,0.26494619922875584,0.45996195512170085
TEST_08347,4.1985226431180145,-0.433920155792393,1.0274817089119601
TEST_08348,2.114036355031367,0.5127561123167504,0.10595272422999631
TEST_08349,4.675949022660439,1.0094478770286355,-0.8525793093500625
TEST_08350,5.12419010299159,-0.7429137931442445,-0.40176977032984285
TEST_08351,2.946617002078716,0.25818843619424103,-0.11780712728042354
TEST_08352,3.183722703005644,0.5225240190580209,1.258898571606843
TEST_08353,2.563184203238314,-1.1748097682651577,0.23949682195331345
TEST_08354,2.6052237276140255,0.49807236099050933,0.08797679845584137
TEST_08355,2.1530334896733465,-0.20347716426245077,-0.7384279368232981
TEST_08356,1.7528437384005686,-0.27389763503768183,0.46553068566006506
TEST_08357,2.1808189865870866,-0.16618159461909154,0.6280047217265619
TEST_08358,1.7286649764049076,0.3521998549412633,-0.19275197456729093
TEST_08359,5.526433197716536,-1.0792509562261023,-0.3220085013821861
TEST_08360,2.780530025368833,-1.185553851666173,0.6277750332661919
TEST_08361,1.067535684882131,0.20327594870330493,-0.3122902890209358
TEST_08362,3.5993118934718287,-0.7278887606263897,0.5396184062439687
TEST_08363,3.333693883020164,0.884918192281628,-0.08273593554167569
TEST_08364,2.0040653688955388,0.5246080885560331,-0.4224309662806254
TEST_08365,1.6332414314016148,-0.11418018774758804,-0.32099074139862543
TEST_08366,4.163143655531501,-0.1473347207921798,-0.7866944411496314
TEST_08367,3.742514160073216,-1.3932889042117746,1.0586737986761245
TEST_08368,1.6092712483429166,0.2922952531676907,0.22311953011679003
TEST_08369,3.5506319180293064,-0.03722316117996783,-0.007208515043057196
TEST_08370,2.006943416131831,-0.4650844367217649,-0.41698975684625045
TEST_08371,2.669486575779807,-0.12555253093675578,0.9049071179899659
TEST_08372,1.506414460080714,0.7746379776213389,-0.6346967642620894
TEST_08373,1.9569243390542301,0.4990003794112167,0.25902122803356237
TEST_08374,2.1857440656724725,0.3331676202089208,-0.07483874700026805
TEST_08375,2.349624388091793,0.08374665460719385,0.43017823793567733
TEST_08376,2.6591569507959862,-0.45829757849771163,0.965455753961667
TEST_08377,2.2929429083704633,-1.106305720387749,-0.06680957762819269
TEST_08378,3.991055048209855,-0.2689075210878975,0.22569480053459517
TEST_08379,2.722465122477795,0.6050633461056246,0.6340461268931267
TEST_08380,2.5125918376806897,0.8798834504369425,0.5020002008787783
TEST_08381,3.752281980780513,-0.2608570545887044,1.2374544868455133
TEST_08382,1.498559338522324,0.5119146930731269,0.2166907842577017
TEST_08383,1.6599924848649013,-0.3759532074471653,0.02928221978428545
TEST_08384,1.1066277204506298,0.4594899864320854,-0.07383007936980603
TEST_08385,3.3996410359228935,-1.8836372928696878,-0.24505400582620024
TEST_08386,2.6828953878544888,-0.5779238748862232,-1.0255099223304178
TEST_08387,2.2562395973605742,-0.6871519042948745,-0.22048873686945203
TEST_08388,2.3102456144451713,-0.03338569859741547,4.1270016716511574e-05
TEST_08389,3.3388191259007476,-1.2144550957822287,-0.14578918325429865
TEST_08390,4.652010453239989,-1.4087954527648394,0.6027027796689611
TEST_08391,1.1586548172104534,-0.1378840384974118,-0.07506628930237842
TEST_08392,3.539664196084532,1.1797383309020322,-0.7630592716560287
TEST_08393,2.5333199750649493,-0.012768308711032227,-0.40962483389187143
TEST_08394,2.3169320828144806,-0.4008261007248811,0.050839138336216394
TEST_08395,1.5058161915155701,-0.32250292629180694,-0.07781679212178995
TEST_08396,3.074092488262731,0.17627798621109236,0.8118050436166246
TEST_08397,2.2720957615441186,-0.04637992682069968,0.1253602302262378
TEST_08398,1.6676796953234605,-0.08570029609315916,0.39231274921785636
TEST_08399,5.084576012224367,-1.0627931659516672,0.007332841428774976
TEST_08400,3.925847840056309,-0.3051629414595571,-1.1346867543814763
TEST_08401,2.2038294681634016,1.389529483632377,-0.10853258612869723
TEST_08402,3.7355020006502846,-0.9837232698240621,1.0934076307128484
TEST_08403,3.902445607418555,-0.5367142539782811,0.17879503696822469
TEST_08404,2.863364640608257,-0.42015751684384905,0.03855521889199279
TEST_08405,1.193196652025555,0.24916348908766844,-0.09692730981823985
TEST_08406,4.699613053842115,-0.8868550402141852,0.1361423623386054
TEST_08407,2.015351409546422,1.1022913929905696,0.4542027863668708
TEST_08408,3.396573648782316,1.4730887851208945,-0.6655048326362605
TEST_08409,2.863684773962801,0.19101898177264892,0.937694663866682
TEST_08410,3.181745919518884,0.4859063443695407,-0.681150305335811
TEST_08411,0.9554976281382849,0.07731456190838744,-0.1820416787924902
TEST_08412,4.335818296066009,0.2928079457723453,-0.1888865849100792
TEST_08413,1.4438946734790805,0.447365515063545,-0.1742311205441154
TEST_08414,2.943858165988438,0.23947252630430746,0.8164062042551218
TEST_08415,2.3102450552829747,0.5766040447608468,-0.2717811266118044
TEST_08416,1.9548544562838492,-1.261806150929275,0.13564413643953696
TEST_08417,3.2776038075305753,0.1375784441770975,-0.1388597271360198
TEST_08418,2.1331395582238017,1.056961164142572,-0.5085472837006644
TEST_08419,2.7939879326339767,-0.6212180179047272,-0.5791324454570954
TEST_08420,2.299258760111958,-0.22316672323794323,0.892918262044381
TEST_08421,3.126763766957964,-0.08255657347915452,0.409525535972843
TEST_08422,2.2294760551996995,0.582056380118286,0.3940598217819173
TEST_08423,1.3766949863656626,0.1069505151478536,-0.09298959178301791
TEST_08424,3.137240883376632,0.4489416558707278,0.4214039876365676
TEST_08425,4.218545693992401,0.7027882220412377,-0.6671238275118009
TEST_08426,1.9071558133494553,0.23163825917522363,-0.08892086675169449
TEST_08427,3.5494026861792545,-0.35821301576112397,0.3571847514937498
TEST_08428,2.6762393351226237,-0.676673481795334,-0.3821805429020612
TEST_08429,3.9156411750566296,-1.612868320442953,0.06740744357297201
TEST_08430,3.269754562956768,1.0041097510886563,-0.3255804649342331
TEST_08431,2.4676639946079497,-0.9748384004718498,-0.013685265384470553
TEST_08432,1.408489989499664,0.3126582011792487,-0.4147436726856615
TEST_08433,2.2433167600624624,-0.25602260155652906,-0.45107217098723834
TEST_08434,2.6484741550068174,0.29500368068216787,0.11054054117893125
TEST_08435,2.2365736417051623,-0.5604780823699302,-0.9981943605076017
TEST_08436,4.45981922260253,0.7180290724451401,0.2620656044561561
TEST_08437,3.314977091738628,0.829790622662557,1.0368041973853472
TEST_08438,1.502337198332524,0.31758921347399616,-0.22868076278726482
TEST_08439,4.2389535449272016,0.3691712036816121,0.6372707714514008
TEST_08440,3.8824077222439093,-0.39979541223503373,-0.23555721859644377
TEST_08441,4.130352779790957,0.4380629083932932,0.5762424983522262
TEST_08442,4.233360736840058,-0.9302877636792526,0.664678265456161
TEST_08443,3.5543903818451135,0.2416855861705177,-1.0616026164892458
TEST_08444,3.323299732312562,1.263566656651269,-0.037016791206758055
TEST_08445,1.490411888039999,0.228504620248063,-0.17181139008851573
TEST_08446,3.417428216988524,0.18319396291004625,-0.15642099427032213
TEST_08447,3.6148706525816756,-1.078766395619274,-0.01773712807629131
TEST_08448,4.0306038888177245,1.7570884917989427,0.08976287655876963
TEST_08449,2.913327368183112,0.05863665228566699,-0.4092528841817551
TEST_08450,1.3177554913333684,0.43712458338527205,0.12439198579702514
TEST_08451,2.8708294649243804,-0.11981459603373841,0.345687149150478
TEST_08452,2.3043588942283124,1.320490715808835,0.6117931213935772
TEST_08453,3.1613638896234852,0.29277379546737003,-0.11951597690590093
TEST_08454,1.4229644438339946,-0.046038899475402566,0.03722186135137362
TEST_08455,1.310117381703161,0.658588134620965,-0.22392270185040036
TEST_08456,3.2406578577195626,-1.2627717049140803,-0.036941605625272565
TEST_08457,2.6195836411549234,-0.18616604161927175,1.3570104939823917
TEST_08458,5.09844447829955,-0.13027169927281837,1.0630642982009277
TEST_08459,1.7462108920476884,0.1858623238957375,-0.3864605716375551
TEST_08460,2.354567914506094,0.04784688912893213,-0.44429060172614565
TEST_08461,3.1734133410467433,-0.1532274581684371,0.3778759165426662
TEST_08462,1.71808550026085,-0.6551706197450954,0.6009928153043875
TEST_08463,1.6853661024476,0.5437700693556876,-0.11443775313604725
TEST_08464,1.1530722538964908,0.014854213326965586,-0.23650980398333205
TEST_08465,2.5598247851544667,-0.0626755247288557,1.091173745434643
TEST_08466,2.651442377357653,-0.018962785554717854,-0.03616969690810564
TEST_08467,4.276298708690376,-0.45920214306589985,-0.7534292728722681
TEST_08468,2.6613572572884707,-0.13962593725850742,-0.08047557834752882
TEST_08469,3.190211895005732,-0.8340623271460085,1.20310977839192
TEST_08470,3.5352833787608144,0.6924576907374034,0.7695439185042441
TEST_08471,1.8384142461006694,-0.6733116506639352,0.40974700592882524
TEST_08472,3.220715152497561,0.8434080312548986,0.46704666431610314
TEST_08473,3.2557959413377446,0.587782950562232,1.190342908910935
TEST_08474,1.7010645641677364,-0.07617772078951202,0.18453383026383088
TEST_08475,1.789769229174276,-0.3256929799914379,0.16165777917911825
TEST_08476,1.8446988938355473,-1.0139082506239019,0.017622402323864486
TEST_08477,3.693876357397858,-1.8094897050435719,-0.04130532839703673
TEST_08478,3.6252180199636297,-1.3904783545680135,0.9829211954836353
TEST_08479,4.934918378600371,-1.0092138809231392,-0.5237770920036944
TEST_08480,1.545985587467739,0.9393475567882108,0.1891515448679455
TEST_08481,2.153136552503668,1.1625546319463922,-0.2587404732474861
TEST_08482,4.263838188895818,-0.17542360528791395,1.515933926253129
TEST_08483,3.6723587485464226,0.07212133656302923,0.4077747913039473
TEST_08484,1.7101267893401022,0.3265279713240713,0.2957268632442746
TEST_08485,1.6736211273853943,-0.31547123195198185,0.42145036075245523
TEST_08486,4.202778446026745,-0.6012634697730835,-0.8534556986667732
TEST_08487,3.370730045471007,1.6905241143327627,1.1545191812710738
TEST_08488,4.4965103140546665,2.27983232251988,-0.3275392923400716
TEST_08489,4.2052197798499655,-0.02291305418897048,-0.46958953227005923
TEST_08490,2.80136891607936,0.2819285043683614,0.20353307149337252
TEST_08491,1.5844676757188154,0.01700088283115794,0.4122155826065727
TEST_08492,3.6465813799855855,0.8441437861538729,0.324740119909134
TEST_08493,2.3374899591857092,-0.18238859107922648,0.03662535848748719
TEST_08494,1.8324841028093806,1.0908027751327534,-0.5636337863632923
TEST_08495,2.6498359111044087,-0.17267044584016147,0.17949506040912894
TEST_08496,3.666800814515804,0.6153078783722079,0.4288363702133646
TEST_08497,2.8559253181643864,-0.14178935478872778,0.031533014410073765
TEST_08498,1.099527714430174,0.037249996270288716,0.3303009750669484
TEST_08499,2.2821193076863304,0.5631733564511676,-0.07974105458431653
TEST_08500,2.9866724291334537,0.3856294894966581,-0.16048495322768583
TEST_08501,1.9987351346436903,-0.023714019542498733,-0.5610474728332785
TEST_08502,1.1173843167204767,-0.3382540378424604,-0.28921392450909467
TEST_08503,4.048477443173834,0.22817186999128383,0.8251345442696845
TEST_08504,2.6356311461873907,-0.12543601129656037,0.12131004862596459
TEST_08505,5.446377558034917,1.7173103389551685,2.014381680397443
TEST_08506,2.2077596809643665,0.46108623930385606,0.8586938465059215
TEST_08507,3.157771378170809,-0.19732743771469083,-0.8606835592099834
TEST_08508,2.236982888540101,-0.633559897413301,0.1963538104457582
TEST_08509,1.1423516777481029,0.18196142991503939,-0.3196467965332755
TEST_08510,2.106547293800448,0.14335117538855544,0.6743178409277147
TEST_08511,1.3319149799125856,-0.6454717312129479,0.0014667728351633446
TEST_08512,3.1546703063203148,0.27524591451894387,0.632430046384872
TEST_08513,1.96941591389598,-0.5897541807372295,-0.20966692930669412
TEST_08514,2.274994788064271,-0.23609605580646487,-0.013769920544478708
TEST_08515,1.5458034248947472,0.6316669204848349,0.1515313918408052
TEST_08516,4.241214072697853,1.9685377917445868,0.7550348383059928
TEST_08517,3.486577808525279,-0.6040600683038884,0.09660033267452933
TEST_08518,3.755966672409229,1.483121499579212,0.4375861058950295
TEST_08519,4.190983382092093,1.091554113078608,-1.1701987072416014
TEST_08520,3.3217982463845575,-0.25274018965794093,-0.3070748165008153
TEST_08521,3.320927347581288,0.21321366996984237,-0.49113511994842773
TEST_08522,3.8653048876892435,0.6687715508028469,1.1064891958301122
TEST_08523,4.056343837476561,-1.7665756056198874,-0.5712680635169073
TEST_08524,2.511465440283248,-0.40537751560533747,-0.6769067622234606
TEST_08525,1.4399100332002672,-0.051757496150628586,0.12422855764582572
TEST_08526,3.2159202062226107,0.14481290015754675,-0.7375629808663964
TEST_08527,3.9397349986474866,-1.1382098498060333,-0.9956429981170507
TEST_08528,2.952925933729454,2.209597551740164,0.4317267135380944
TEST_08529,3.489445441608642,0.32015891558114673,-0.5881781682560959
TEST_08530,2.8443410743048663,-0.1819147999557369,-0.1407116791453058
TEST_08531,2.28623085819012,-0.3768038910310264,0.14065418391014994
TEST_08532,4.697708629797446,0.3495523370638058,-0.1793497467386973
TEST_08533,2.4478399636481956,0.08078993044671948,0.17154416605605727
TEST_08534,1.5294438641863464,0.050945649585784875,0.03339661538304868
TEST_08535,1.2476832791401153,-0.536920281697146,0.31099775945810365
TEST_08536,2.0586439533196716,-0.18620232638892562,0.41804254894312093
TEST_08537,2.576331506229698,0.6015596230147621,0.09119650773803886
TEST_08538,3.9005958279138992,0.7286124237333522,-0.9896771800507881
TEST_08539,2.7815901004180184,-1.7095047439449202,0.5833897087652528
TEST_08540,1.4232447630310714,-0.21109963736497153,-0.45553015073297326
TEST_08541,2.1567826150118745,0.03865379589003562,0.11125058762689607
TEST_08542,1.4530464617154402,0.4795743059333319,0.14396820731351495
TEST_08543,1.0485926645558215,0.3923050957596225,-0.25991267135796725
TEST_08544,3.3594263250088483,-0.056455424645130585,-0.04874497782514151
TEST_08545,3.0082782227889022,0.34576035177694736,0.3563385346762412
TEST_08546,2.908831855932438,0.20427310778850447,0.3831413722015101
TEST_08547,2.6069824323659336,0.3188948078208364,0.0766654974838454
TEST_08548,1.9672177171389873,0.04794637742884592,-0.3442350358698097
TEST_08549,2.7602864187949523,1.557185073594689,0.8184339869532458
TEST_08550,5.25175344310736,-0.2138483779094086,0.20462874305797443
TEST_08551,1.8447928256034907,0.614130946487417,-0.13360685332370614
TEST_08552,2.6962252573377286,1.8527167344155624,-0.37476428552743674
TEST_08553,3.5127161353488128,1.089956796642792,-0.2378718170035301
TEST_08554,2.7678242162673548,0.09903831961097728,0.6723173340008958
TEST_08555,1.7425202707060246,-0.05176326021300793,-0.4298448714458557
TEST_08556,2.589015066676084,0.7020119515459013,0.2524653169535218
TEST_08557,2.1327768855041245,0.7154344078586413,-0.31198898884823717
TEST_08558,3.0263352530244974,1.6216225194747678,-0.4165313557299309
TEST_08559,5.0076718872296295,1.6364117827427886,-0.2239646470927063
TEST_08560,2.898246153875629,-0.27215817424572125,0.8844182966143236
TEST_08561,2.146876291016812,1.35333219405476,-0.12422724455406405
TEST_08562,1.2596634858716393,-1.01191689385854,0.24181596406283332
TEST_08563,1.0256343134024224,-0.09221260219061173,0.08705530683901702
TEST_08564,2.219966592333474,-0.017516038891793706,0.41702223507000774
TEST_08565,1.716745946877387,-0.08371425536830611,-0.155018309271941
TEST_08566,4.14604248325788,-0.4567317854223926,0.2555459760678058
TEST_08567,4.614279541161738,-1.0668525730075253,0.5534171087631793
TEST_08568,2.121823981008173,1.2979474199114165,0.5737245204297073
TEST_08569,1.064341988161563,-0.3043338562399387,0.12932681776978316
TEST_08570,1.9796775733151626,-0.2665293578853109,-0.044703388902179404
TEST_08571,1.561998166102633,-0.03920273256358689,-0.07397063751514187
TEST_08572,4.097679626945363,0.08816157770928092,1.028839255531352
TEST_08573,2.4311447164122875,0.2776018392672965,0.5516240418618609
TEST_08574,3.4459445059828693,1.3056186867542232,1.4397355413202166
TEST_08575,2.2493988244193095,1.0571716801596343,0.2084167186904376
TEST_08576,2.4090097095005416,-0.7848097594184005,-0.023957300942034368
TEST_08577,3.259125332881782,0.9194723945599651,0.5276884088247566
TEST_08578,3.6217074280264856,0.3775859153680709,1.0604587659537017
TEST_08579,3.7342700009675496,-0.3612018396668749,0.7273803276777191
TEST_08580,2.3119645050559896,0.9228600378146833,-0.3760155709727554
TEST_08581,3.2760498285449575,-0.14944855429455128,-0.28015878705213604
TEST_08582,1.8313189449858727,0.10079062955929348,0.2677510668688248
TEST_08583,4.23856474773299,-0.6650024107600692,1.0989793850939056
TEST_08584,3.753901912203841,-0.5398679667924249,0.3084386763880476
TEST_08585,2.7012767711834744,1.1353550823134873,0.2113610982962403
TEST_08586,1.0712258004355264,0.21404225525560994,-0.38726772466349724
TEST_08587,4.506432686883282,0.414586776562262,-0.26999532060168513
TEST_08588,3.6143838415484235,0.8593799332228933,-0.30349510674110175
TEST_08589,3.68901902379349,-1.534521332041755,-1.2994148267727932
TEST_08590,2.4311129490559624,-0.6654992800338292,-0.7772389394094643
TEST_08591,2.5811890766329157,-0.7126376534312405,0.6134152872190981
TEST_08592,1.5934236704921074,1.0799144592299303,-0.7278100742435274
TEST_08593,2.784140010130334,0.9668185870072169,0.9983896272673785
TEST_08594,2.2699216927850716,0.07923398672146603,0.03701893045955692
TEST_08595,1.8682856117533846,-0.7329092823376985,0.43290086067979866
TEST_08596,3.360266829367281,-0.20998003518786634,0.8239456978430886
TEST_08597,2.435479604964269,0.030342284494094686,-0.07180822641935504
TEST_08598,1.7284708582879402,0.8746215862366472,-0.5906266560695261
TEST_08599,1.3822594217608104,-0.6040033387252705,0.2159409731261506
TEST_08600,3.159999345805039,-1.512374837654,1.2000972443029252
TEST_08601,1.1260302410069791,-0.12103494489809696,0.230229538064014
TEST_08602,2.955327005798778,1.53607333391008,1.4068858944912006
TEST_08603,1.995633669868967,-0.11485441808736602,-0.4042032357586507
TEST_08604,2.2180598396006443,-0.251674883600445,-0.042004287852138666
TEST_08605,1.9671456133347602,-0.9516295094780224,-0.7532127700643448
TEST_08606,1.8484832176836958,0.1617231407565775,-0.5471318240010133
TEST_08607,1.3072147755143653,-0.31804797180219013,-0.35318089310089257
TEST_08608,4.384870673743914,1.903149110579643,-0.9765401522709037
TEST_08609,4.011881544200949,-0.45724780181332164,0.45507966958600055
TEST_08610,1.8523116038381888,0.7777881259468489,-0.3128331983484377
TEST_08611,4.111260762736485,-0.3241237767537776,0.3191430509407669
TEST_08612,3.3529346752138633,0.9261300184648245,0.8422057566094056
TEST_08613,2.702080218999602,-0.27869473266010686,-0.006933910050037757
TEST_08614,1.3442172958291492,0.8001982544722336,-0.19787762489745658
TEST_08615,2.048814601144479,-0.7422381821662019,0.46980202482447403
TEST_08616,2.9571201241398546,0.6370567506618561,0.6570296775111906
TEST_08617,2.261878282092346,0.483786755575978,0.516243553903084
TEST_08618,2.887725110387714,1.3113261907029892,0.10907035449303655
TEST_08619,1.2226951241509822,0.08987749574881937,-0.16255682894725432
TEST_08620,1.8906550379066307,0.20873352368040266,-0.23047377578131734
TEST_08621,2.874833563285291,-0.19305382210534636,0.3217298115256682
TEST_08622,1.7608767574012765,-0.0030422334784210975,0.1124571429800233
TEST_08623,2.734795837021839,0.81290405683079,-0.8585521396819115
TEST_08624,2.9142774293105407,-0.22241500820864252,0.3265163848276393
TEST_08625,4.115696909577736,1.1980096482261193,-0.566408156323143
TEST_08626,2.114053664916586,0.2859346498493043,0.04778499760223279
TEST_08627,1.1613687270893964,0.06221163677596279,0.32577870467278164
TEST_08628,2.9820885172072473,-0.3571848051620194,-0.0868575008108618
TEST_08629,4.18847965398276,1.4756619213950155,1.2854043462917317
TEST_08630,1.1111979405252828,-0.21234285166003025,0.12708311345334017
TEST_08631,2.8709475068818016,0.8446408289975563,0.25549346314631943
TEST_08632,2.5741409812630045,0.590670552821316,0.10098486814965282
TEST_08633,3.282597909333753,-1.7253965328462413,-0.49048944577423015
TEST_08634,1.2510503050675434,0.25093941996835023,-0.03537568098424615
TEST_08635,1.2057525678227763,0.40459764566381917,-0.3572428181565398
TEST_08636,3.9728009244739657,-1.0497102802463663,-0.019259878042636895
TEST_08637,3.4033762574724413,-1.3352965258928826,0.8179698043806471
TEST_08638,2.4964135708067703,0.8950848147713436,1.2168391586160028
TEST_08639,5.584347252057688,-0.3129392543701877,0.31889915573572275
TEST_08640,2.5872901541402253,0.45803292536118045,-0.3044207469256008
TEST_08641,3.431324779251554,-0.9991937800365077,-0.8855668041322833
TEST_08642,4.469837072300333,0.5873484610328562,0.3931418521248879
TEST_08643,2.1371955110783207,-0.9169510422444309,-0.8799652946960814
TEST_08644,2.0730672949360027,0.7073844903268579,0.3738325460250912
TEST_08645,1.7419454908005085,-0.27273216000912753,-0.46017970811488845
TEST_08646,3.8719398830466076,1.126529878779273,-0.719563379637189
TEST_08647,2.2922413616159694,1.3347875698301208,0.06269919215533204
TEST_08648,5.1934784423581934,0.8213492632745336,0.3285270733998385
TEST_08649,1.9466299106837583,-0.048936877158424694,0.2632767890823383
TEST_08650,1.8937459775035868,0.48239804921397006,0.06280726955097861
TEST_08651,3.3606988054874054,0.43595062175537114,0.34100532813597045
TEST_08652,3.850433067493824,0.08027185102205528,0.6339306080464929
TEST_08653,3.1006481782913626,0.672175664233977,-0.5405960710921219
TEST_08654,2.9689497823233206,-1.593539835039333,-1.119947947205342
TEST_08655,4.282437733933758,-0.5585525388191227,-0.22898433564915696
TEST_08656,1.7609259729652798,-0.274774767541828,0.06506257854129963
TEST_08657,3.6312883564447285,2.041054955849337,0.04261910386638575
TEST_08658,2.0275648736750713,0.3689377116823291,-0.2928793685656946
TEST_08659,2.937756022055514,-1.2585338123484817,0.5025261989602594
TEST_08660,1.9898983096297702,-1.0373402529189886,1.0309891053044573
TEST_08661,0.762092591413147,-0.22017609218010908,-0.25178530869453175
TEST_08662,1.6122364579742936,0.3159363840743203,0.3160327037296201
TEST_08663,3.3889027820002102,0.1521948924506365,-0.9188240756348068
TEST_08664,1.951065313199264,0.058794873263227306,-0.39367128880784497
TEST_08665,4.322241323137762,0.5147319968471028,-0.3715848414262395
TEST_08666,1.3667619632329022,0.1515616870242888,-0.5676199296590637
TEST_08667,2.591304193359697,-0.4610897295257375,0.2679087291956231
TEST_08668,2.74669164560459,-0.6132904328467879,0.3168617017473106
TEST_08669,2.4662623377328856,1.4384951496947271,0.5944924248852834
TEST_08670,1.0702490804764553,-0.626147124570242,-0.16413103500510495
TEST_08671,3.240141504042863,0.10421453795396289,-0.1256225994466885
TEST_08672,2.6886412209631874,-0.21346910912389172,-0.19488763362684633
TEST_08673,2.5588837270355484,-0.08343876761761441,0.49975882497394314
TEST_08674,3.438045035710945,-0.42283572237824796,0.64998666082663
TEST_08675,1.3468743062771342,0.48381113195952796,-0.19241634584352213
TEST_08676,3.9188971734110805,1.5816819667175686,0.7088439719250899
TEST_08677,2.122264707365576,0.9207270164539039,0.20566722060712192
TEST_08678,3.294271128948552,-1.8218365339457268,-0.9103519492750068
TEST_08679,4.333373752253373,-1.321537284510119,2.2226743624888092
TEST_08680,4.737018392960753,2.104614341986161,-0.9126410533294573
TEST_08681,2.343172951096563,0.7976187862727917,-0.28896955419766435
TEST_08682,1.374538927568325,-0.5662278433760011,-0.3446771173586662
TEST_08683,3.7673654978251125,2.0661621093177707,0.8937254878264533
TEST_08684,2.678164224544436,-0.36878173686223353,-0.1978037719531968
TEST_08685,1.4211363036938147,-0.24153355225525688,0.0175357291199119
TEST_08686,3.2704656924513067,-0.40377779470246117,-0.08755768445704647
TEST_08687,3.001209807926666,0.38805697836708797,-0.64118355847582
TEST_08688,0.7857679062631981,0.41814020790671536,0.21354449041149526
TEST_08689,2.7355587057382786,0.3130932488899899,-0.08778696288518602
TEST_08690,3.156948496318499,0.076494545927105,1.2202133569730724
TEST_08691,2.781904500404355,0.155355654185969,-0.14044957931034013
TEST_08692,2.4160579081584803,0.9431106279898678,0.1055118783551541
TEST_08693,1.3114658598709714,0.2263188868298295,-0.07206790283200798
TEST_08694,3.2011782695152875,0.06443106767906219,1.4106965254160022
TEST_08695,3.579618218351444,0.5760331884941059,-1.003264279887247
TEST_08696,3.0929410307699423,-0.4822664927892371,1.5416573770141553
TEST_08697,3.832951895201417,-0.5968913261806581,0.754547967806727
TEST_08698,3.4098985520659904,0.4676723858048505,-0.9732434915528563
TEST_08699,2.3980267764840537,1.2481800357602313,-0.37059555352784934
TEST_08700,3.41123014091921,0.9808247033554364,0.8643646947110876
TEST_08701,3.633080427192913,0.34440272042369363,-0.6886021236639551
TEST_08702,1.8056769352823319,0.13838283905640594,-0.09381340878228915
TEST_08703,2.496769410383327,-0.1717634462653118,0.12867039823053278
TEST_08704,1.6205303903766615,0.5974293927269376,-0.2224865067514088
TEST_08705,2.9195689578937074,-1.4705285094354434,-0.6138460790374567
TEST_08706,3.302991417447997,-0.506388413434521,0.4839206530841512
TEST_08707,2.147475783921115,-0.152433213096633,0.4532067796411242
TEST_08708,2.9860500789540443,0.6643261288296807,-0.605863628122268
TEST_08709,4.419293196474145,-0.9874970239956102,0.9151911311609167
TEST_08710,1.8398560435220204,0.10586745608075764,0.6041684579553478
TEST_08711,2.4750449355761854,-0.8804011889113118,0.24751779835034582
TEST_08712,1.8444416458459663,-1.1306005249184068,0.8307219335766494
TEST_08713,2.4490680535900644,0.14041014153086187,0.17279755191706964
TEST_08714,3.4056800673035657,-0.4798628824649122,-0.33697159905748647
TEST_08715,1.3307825787403198,-0.1856088056238855,0.1410816350502015
TEST_08716,2.979621127563268,-0.389589521846847,0.7192730969754245
TEST_08717,3.0826195974669237,-0.15344666395902076,-0.45338093808548025
TEST_08718,3.639671411516355,-0.10409551539755697,1.168245758474157
TEST_08719,5.442232878596738,0.8943471857606223,2.0452583435591936
TEST_08720,3.7847067096473923,0.40130638045793415,0.7645733303343212
TEST_08721,3.9869187356440285,0.09234549853422898,0.6352291805915872
TEST_08722,3.8234293294164354,0.7650174646709363,1.6035522864060698
TEST_08723,1.8275688730621733,0.4698329273533591,0.6518130993150862
TEST_08724,2.825461555330993,0.44030141706756254,0.23197506495673265
TEST_08725,1.0797484943745304,-0.36308535104882417,-0.02361309649092848
TEST_08726,1.500019016450433,0.048811035641899765,0.14712914891162468
TEST_08727,2.9785682742181976,0.23918504922732556,0.8214468519620631
TEST_08728,1.0160354213223621,-0.8816365804928588,0.2609324852085116
TEST_08729,1.7185324568585718,0.43664663079398885,0.03662696985270292
TEST_08730,1.5671460808765523,-0.06090628330414925,0.312309767522735
TEST_08731,3.719547782055412,0.385821286835084,0.24778082366393805
TEST_08732,2.90589090870558,0.6019248235508793,1.3664989288729408
TEST_08733,3.0317306229848064,0.0038891143627891936,0.30792462869319004
TEST_08734,3.2523172408958145,-0.4704702448190927,-0.43760682443779486
TEST_08735,1.6115395342750638,0.33964448684611726,0.41070338886264884
TEST_08736,1.578851662080392,-0.18695932931975956,0.8256151845954267
TEST_08737,2.890089885185697,-0.2452094894395184,0.7262734296637633
TEST_08738,3.2114710668635724,1.4922155661715195,1.7303917842982406
TEST_08739,2.389524016532982,0.3398239795917277,-0.22900630300846597
TEST_08740,1.5614974643653605,0.23773597796503085,-0.4557242248132937
TEST_08741,3.5966974754667747,-0.09309585149516962,0.24459722158102323
TEST_08742,1.4981411744207072,0.4353152264843521,-0.013419439620020936
TEST_08743,1.6532913281551946,0.754813477372587,0.31545786848563157
TEST_08744,3.8294128598388233,0.18498592774183634,-0.4914266567699217
TEST_08745,1.5070443168990537,-0.5945668533825189,-0.5597783482539678
TEST_08746,2.6388951555698927,-0.1557160675961471,-0.8854624058585885
TEST_08747,2.929788483476102,0.15650164486883805,-0.2410740321245287
TEST_08748,1.6416792078032971,-0.16569217909289546,0.18574839943547164
TEST_08749,2.969845168542801,-0.5727247123875429,-0.4347232192564329
TEST_08750,3.828308309875974,1.5353617994641677,1.540887457753506
TEST_08751,1.3222367304021452,0.21259889862434944,0.08340832138106394
TEST_08752,2.195758360054166,-0.9309993712183584,0.05736756779721151
TEST_08753,2.093160324910001,-0.5850929667709379,0.0413810813004408
TEST_08754,1.9027079119411898,-0.40074312150729596,0.29286440354841736
TEST_08755,1.6301190247502284,-0.5865260560248299,-0.15657230049464146
TEST_08756,3.3852427123410647,-0.16256642094061935,1.0519357415031394
TEST_08757,3.5187137908319106,0.5642480844668732,0.7648101179157698
TEST_08758,0.9188367303589684,0.06791681723976166,0.013392888984312339
TEST_08759,0.9816113416698884,-0.11299843644179969,-0.266713682974195
TEST_08760,1.8482856587366119,0.19623299334476998,0.3567832142950862
TEST_08761,2.5476263212152057,1.5020585399117978,0.07724126717165981
TEST_08762,3.223194289002005,0.6928767311989492,0.478229462904127
TEST_08763,3.1132284947430753,1.1247582036818453,0.015648213581513935
TEST_08764,2.2365506131783754,-0.6846478465815633,-0.34685676802455306
TEST_08765,0.7991579850665341,-0.15579781360595465,-0.1808082398458523
TEST_08766,2.525841612617243,0.10376610163250793,-0.3785424386356641
TEST_08767,2.2149510942500923,1.0981481966387903,-0.7453665902552781
TEST_08768,3.938164957921408,-1.0191492463347782,0.2492688156953838
TEST_08769,1.861492896584733,0.6683887365847373,0.08676858464937069
TEST_08770,1.3423250309552142,0.07851009787254108,-0.08972113488412574
TEST_08771,1.534308006948473,-0.17828729461632697,-0.23032298817116104
TEST_08772,4.5461065222496755,0.03002899676679552,-0.997664716704517
TEST_08773,2.5297054009157227,0.16317702668696563,0.15424116318528872
TEST_08774,2.312654441374086,-1.3785191197190332,-0.6560732858222199
TEST_08775,2.5655004012932303,0.015964652762711553,0.6638186663656059
TEST_08776,2.1277630461062107,-0.16819847770245847,0.40081150674988125
TEST_08777,3.785449600491715,0.7373229159542245,1.0558719108932553
TEST_08778,4.767911985462908,0.5640551849749633,-0.9435908899486953
TEST_08779,2.560842001529355,-1.1700891820388155,-0.4544013822881331
TEST_08780,2.2656754087130317,-0.2526716877836677,0.6453997267985141
TEST_08781,2.3400364521442283,0.14857897100711723,-0.5690718330230615
TEST_08782,1.4468623420039795,-0.2356434086896318,-0.07965093039180145
TEST_08783,4.430497071088871,0.12614344283070156,-0.9240938550258118
TEST_08784,3.381153560562317,0.04656593356162598,-0.6001469480117948
TEST_08785,4.744444504029333,1.3093301388059,-0.029216044808660198
TEST_08786,1.4156187777947031,-0.18128289862762245,-0.5049715178543963
TEST_08787,3.3891479566025215,0.1485518829688193,0.773540625025116
TEST_08788,2.3704964858503543,-0.03576822513860242,-0.031778580562159965
TEST_08789,3.063041108451498,-1.5347169856882525,1.0431999793175202
TEST_08790,1.4144024608788675,-0.43827926648704474,0.4959932845691987
TEST_08791,2.831260436847381,-0.02222191566060427,0.16709772050216964
TEST_08792,2.1405131107495463,0.7165516801269531,-0.7570279040504457
TEST_08793,1.8678736330307417,0.147997087133274,-0.2963669970467339
TEST_08794,1.332268829920587,0.14594812598726395,0.04086886629106631
TEST_08795,0.9638144691140131,0.053620745855086166,-0.008501286069808146
TEST_08796,1.9410635520292363,0.0801835608808173,0.14209085625233456
TEST_08797,2.756519968968413,1.5416749464345445,0.2954922121806826
TEST_08798,1.9853685915128196,0.44703840989341065,-0.1550656939267631
TEST_08799,5.404861373169015,-0.7907784041950627,0.30846977266152625
TEST_08800,2.386833421591579,-1.1051711592864442,0.31796744013508865
TEST_08801,4.558983391070523,-1.4719967890802357,-0.7071388300407113
TEST_08802,3.0163078725359345,1.3352318559525682,0.2649175658353633
TEST_08803,2.7915180218418754,-0.08355985562872696,0.5778457708323982
TEST_08804,2.3054517981493765,-0.9348516030248523,0.7199412383921373
TEST_08805,2.861028056202166,0.8052065864707042,0.7303306057662787
TEST_08806,3.739974105325091,1.3332905901532481,-0.14777722052360953
TEST_08807,1.9906488275792966,0.12505061340486387,-0.09467323847138948
TEST_08808,2.641615449179363,0.17538194858208617,0.5525466001652339
TEST_08809,1.9901025096091476,0.040319320813266356,-0.1222867968490379
TEST_08810,2.137173977913097,0.1908812095461721,0.273475604904301
TEST_08811,2.408830722965208,-0.018711258004128067,-0.6638395819043844
TEST_08812,1.7647382541504528,-1.0653145570148028,-0.7269198409125553
TEST_08813,1.1313950128027321,-0.09398276260778757,-0.09112943394992393
TEST_08814,1.298558021799768,0.5443657375401381,-0.45203944998163975
TEST_08815,1.4283504846286128,-0.4505528285822542,0.15022661351335706
TEST_08816,1.155349531806007,-0.20198558627373125,-0.370741903126958
TEST_08817,2.477552501818431,0.22999712341728623,0.5806974419518836
TEST_08818,4.4655306954029035,0.4017570909817711,-0.6066724933397492
TEST_08819,1.849207659620548,-0.8172464677770531,0.5071934559871083
TEST_08820,2.3125120901857144,0.05991303900567968,-0.5248040905272615
TEST_08821,3.36454443786447,0.24998193527928975,0.026329435536442198
TEST_08822,1.952207633702355,-0.40423596760556,-0.29505928610038834
TEST_08823,1.5751818907067017,0.3238705672697446,0.14148370444765693
TEST_08824,2.6789155758214585,-0.18605136557508128,0.1837730173826159
TEST_08825,1.6833550871482124,-0.5174580959098302,0.9415469305367105
TEST_08826,3.405416316686454,0.25789617352228483,-0.8011128319150082
TEST_08827,1.4601069333993777,0.33830642335335037,0.12780743591227547
TEST_08828,2.345466431668201,-0.2778689227346788,0.13085592751074535
TEST_08829,0.898092109581811,0.3556317093758129,0.4724525656179674
TEST_08830,2.6199798857746286,0.7063902317582421,-0.7572158354983539
TEST_08831,1.7975584621868868,-0.34096545537967443,-0.06443524839376875
TEST_08832,2.6398650349698958,0.5113072650700502,0.3390726526504085
TEST_08833,3.55689570678953,0.8831486725188201,0.4783208005686896
TEST_08834,1.7152097612675947,0.3058808249603982,-0.13112355855787336
TEST_08835,1.589962232082111,0.4171992057482948,0.5048692630297165
TEST_08836,3.3168908272729567,-1.4548663253682408,1.2069195048536832
TEST_08837,2.9751364932122146,-1.6235237316103535,-0.3801698222731485
TEST_08838,3.1591404465099386,-0.10995837421126199,1.0503636358713289
TEST_08839,5.388788671318001,-0.48570295023384963,1.3420655415987854
TEST_08840,3.7353548453534064,1.446888721801164,0.5823541082250683
TEST_08841,1.013517534329537,0.2053158019535126,0.19720336739611713
TEST_08842,3.865357767919981,1.4374923819327665,0.7129102113287334
TEST_08843,2.664001801619145,-1.6844891944072973,-0.7335441571222738
TEST_08844,2.818585701339424,0.020410171817355834,0.19632482867056145
TEST_08845,2.6052477933059426,0.5969581705003125,-0.1564530082228446
TEST_08846,3.2941551864912144,-0.3388586197823338,-0.6011336436099916
TEST_08847,1.9791625868880873,1.2668583742995363,-0.9291415831210579
TEST_08848,6.194069367838791,1.807467063110758,-0.6973259981318811
TEST_08849,1.596621162407648,-0.3728597726406513,-0.08401411568243863
TEST_08850,2.9037492736890846,-0.02251443724914928,-0.7220206368283197
TEST_08851,0.9454873432802099,0.20718799960603884,-0.23618094074824214
TEST_08852,1.1360130373353945,-0.883415153933538,0.3378370571836765
TEST_08853,1.3249559091496756,-0.1627118206365789,0.010733272451068272
TEST_08854,1.917008972914291,0.6216545644532016,-0.19099623967086238
TEST_08855,3.723126376105305,-0.5860503519950448,0.5637339656371922
TEST_08856,1.5288234229864548,-0.40302884497127556,-0.1971768936379766
TEST_08857,3.9927380819515705,-0.18133836593517996,1.969000191919533
TEST_08858,2.628690974346162,0.7457901072493405,-0.7829536679103266
TEST_08859,1.9368680679027546,0.38240432194880136,-0.5123327741400159
TEST_08860,0.9198909694446009,0.2752339932125024,-0.04144561461957875
TEST_08861,3.2920897687128314,-0.25392574288790065,0.8774756433030109
TEST_08862,1.413642128683691,-0.24771124304870565,0.16102497500864357
TEST_08863,2.1200507031635016,0.3818511116050569,0.06653618643259965
TEST_08864,3.3126995469320577,0.09930699526509223,0.14780093543815453
TEST_08865,3.6028179560491087,0.9617929072607615,1.7547742696356867
TEST_08866,1.68603645111995,-0.4410970192866635,-0.4258499618123009
TEST_08867,2.3274286318057005,0.4911379875514969,-0.2923538729378741
TEST_08868,2.326897817948431,0.734864802661984,-0.4568842728213387
TEST_08869,3.1611824674734614,-0.7407279061313323,0.8781152077696506
TEST_08870,4.791476689086503,-0.7142024376079369,1.5016620544924986
TEST_08871,1.0742247536588256,0.09778953835128507,-0.013295299268219946
TEST_08872,0.9130242873528365,-0.18122883105167842,0.2591509156304521
TEST_08873,1.8499298671103959,-0.3462448868697015,-0.1739139260539154
TEST_08874,2.37660903365395,0.19360578660153216,0.1004996509325381
TEST_08875,2.3458298232894332,0.3991564583131906,-0.023826068301095016
TEST_08876,1.4734069836660322,-0.29048874056529833,0.20428981745253083
TEST_08877,3.806995839621368,0.6868776185468994,-0.24407372752023343
TEST_08878,2.312712498116381,0.8319243973173411,-0.40459143705509293
TEST_08879,5.404952399307116,0.09139946512293991,1.147689304095133
TEST_08880,3.7820436818838323,0.8794593036052636,0.9977867780696603
TEST_08881,3.708876746053222,-1.5286087752475943,0.3004183045675796
TEST_08882,1.024099285872362,0.07938355431604964,0.3714698261474057
TEST_08883,2.6868735511126793,1.751455783112624,1.138018345246512
TEST_08884,3.0703894133217884,-0.16527813882401876,0.28552892155905835
TEST_08885,1.0164610215921732,0.24313361293957866,0.02619047256481556
TEST_08886,1.708212007868346,0.26528761928545314,-0.06346969803962284
TEST_08887,3.2292663345171784,0.4987030715388667,-0.00040845877359858027
TEST_08888,2.5703046268981713,0.5104890563856724,-1.1855173415451945
TEST_08889,1.4747072198504516,0.2232406953528536,0.10604979666429508
TEST_08890,2.98643179556532,0.33334023734035306,-0.37147154692036366
TEST_08891,1.5726115726473289,-0.0444498354937378,-0.2948823877487283
TEST_08892,1.006030823996849,0.15184528553098678,0.3288303669745414
TEST_08893,2.968609409940006,-0.19579365480512,0.319915135653466
TEST_08894,2.730246233657539,1.5269932037703071,1.1098025698055707
TEST_08895,2.3964353008681214,-0.4362236280804029,-0.01571246436844801
TEST_08896,1.9879433964494952,-0.6102813499872821,1.216916178757612
TEST_08897,4.12018661711723,-0.24859723393559233,-0.7394610501300838
TEST_08898,1.2905057554815846,-1.16435684418017,-0.4847084023975095
TEST_08899,0.9542985743813094,0.3203017080288217,-0.12425107306933791
TEST_08900,2.374548589533442,-0.40679084785662556,0.4262129477291133
TEST_08901,1.8514324525950558,0.08341464767863578,-0.31394313600624996
TEST_08902,2.0508229985007493,0.3908872620264671,-0.17819699710873263
TEST_08903,3.3698633430595932,-0.6776711168328325,0.9107370917139218
TEST_08904,2.4146455026683173,-0.41368016047584966,0.3864929439290609
TEST_08905,1.4392569465548641,0.15751864374564267,0.25197143004767136
TEST_08906,2.7446690866931225,0.2773840966164911,-0.13156808850986143
TEST_08907,2.485771080447256,0.43210365345090546,-0.16490366390612338
TEST_08908,2.2743697700084455,-0.8959876652465053,0.5448231631117376
TEST_08909,4.0276019644857275,1.431098473621168,0.7725319677321647
TEST_08910,3.0194604908360185,-1.627695970140399,0.818587862153443
TEST_08911,1.272478921844552,-0.21624850949012234,-0.2139765704334122
TEST_08912,1.993146588880892,-0.15488166033798115,0.5360435915151106
TEST_08913,2.853948380209356,0.3791127756957684,-0.9420790626389135
TEST_08914,2.996993959540607,-0.3056975553101245,0.6134557462025322
TEST_08915,1.3639336644637772,0.051959545929402697,-0.13146907187015794
TEST_08916,2.9518756144162146,-0.09946876085838956,0.34754428749757077
TEST_08917,3.590545938398594,-2.1557832203507705,-0.5130287184894332
TEST_08918,3.8094893758429818,-1.4267691978721833,-0.23761564893086398
TEST_08919,2.317762234120652,-1.4363341168769799,0.6298982833819237
TEST_08920,4.858788423112881,-0.12410962298168193,0.36421760559245114
TEST_08921,4.944333528384773,1.9871404670155297,0.0017470009602051193
TEST_08922,3.7539576644042043,-0.21127592011306093,0.6101321554515393
TEST_08923,3.0048561793970365,0.016609307341562025,0.4276474432326278
TEST_08924,1.5069547096920737,-0.32789418315716534,0.6058166605404909
TEST_08925,2.1948988839285,0.45753379961777857,0.3652571715766882
TEST_08926,2.726091033872609,-0.2772870626581158,-0.8064944455779429
TEST_08927,2.959030963070774,-0.14726416471840847,0.48859435294464815
TEST_08928,5.444209811113641,0.04147128194409884,0.6387096471491318
TEST_08929,4.305972981254979,-0.07760541715934918,-1.1099244713101508
TEST_08930,2.718011042581427,0.46273796538140355,-0.7563580619713621
TEST_08931,3.7230925324104946,-0.5519557133682942,-0.732249907089697
TEST_08932,4.130869202580067,0.9333616947145101,-1.2341713010830917
TEST_08933,0.9100432290590916,0.41842759003011837,-0.10967887109984278
TEST_08934,2.2460686386032194,1.6669305878272411,-0.4416621685406691
TEST_08935,1.2152568198586005,0.41381213228053904,0.25701195723051434
TEST_08936,1.5312070489617535,0.2784629015399969,0.14851723741757855
TEST_08937,3.9500544032063227,-1.6543511905565897,0.7737742433610713
TEST_08938,5.761448706722871,0.4008339257870799,-1.1642166814326893
TEST_08939,1.1103820502468176,-0.0731903107497965,0.18593112182813376
TEST_08940,2.3266970721684936,0.6810533428862414,0.42897156683219784
TEST_08941,1.1506718021814384,0.13519740761521723,0.23607364194437394
TEST_08942,1.7080598101417586,0.7801884507607884,0.5392842709502961
TEST_08943,1.8218893489849601,-0.10996885838280022,-0.2981132495034153
TEST_08944,2.85787242578784,0.4693959322139186,-0.19096718715220865
TEST_08945,4.591601335038106,1.687368140986963,0.02764984409499471
TEST_08946,3.388101098238339,-0.19967680178712402,0.12839564407910278
TEST_08947,1.330913471167212,0.3854707481603703,-0.4600164519626958
TEST_08948,3.1720711404365165,0.23927860764874637,-0.29384625643026235
TEST_08949,4.551888669244836,0.609152704736871,0.9083013699184244
TEST_08950,2.604973453105606,1.6334894768555126,0.560255334386706
TEST_08951,2.6011292176757204,0.7818253483685225,0.4368843619086828
TEST_08952,3.1818906613312063,1.7234933180537881,1.6941020634167008
TEST_08953,3.8437469248024962,0.4651832031451359,1.074946072636171
TEST_08954,1.7589311831671344,0.3756798085729367,0.36872368994729
TEST_08955,1.1193873282932993,0.27710879435025315,-0.19748506137335817
TEST_08956,3.7879346685879964,-1.4949971432088327,0.49164660994473824
TEST_08957,1.817618494706569,0.4656177046500767,0.139320584008452
TEST_08958,1.805819198334551,-0.9697229516055982,0.04005380434189811
TEST_08959,2.6644067173062917,-0.906376244136925,0.8665643457986719
TEST_08960,1.4934886778630205,-0.11820400941395161,0.06525461358015174
TEST_08961,5.181729078674681,0.9868000603661975,1.0854510429377127
TEST_08962,1.3988579205682115,-0.6073066468232299,0.33233727415106384
TEST_08963,1.5425351675616883,1.1084234503257335,-0.5861271367229416
TEST_08964,2.7391804836748666,-0.041232360620822604,0.09410200699835293
TEST_08965,2.4429455109982063,0.03953036372118659,-0.33147549524104863
TEST_08966,5.190318663117089,0.527750910561364,0.5507525487337588
TEST_08967,2.3663450449127854,1.2797479144460477,0.15809413153169707
TEST_08968,4.979994368975895,-0.3124363942658309,1.0193719566042299
TEST_08969,4.037562341779112,0.1843106388967261,-0.8064601843996957
TEST_08970,1.5125450793669974,0.014986490870145518,-0.21317652825440828
TEST_08971,4.025939553458645,-0.4996565498440246,-0.6295162854956452
TEST_08972,4.550762097184915,-1.2337924727705538,-1.004807489659162
TEST_08973,0.910652301716909,-0.2745267018320599,0.27183116549816555
TEST_08974,3.1868033400600906,-1.3671903736492235,1.263920351345642
TEST_08975,2.9071843876907035,-0.6699694531771594,0.4555788350324037
TEST_08976,2.758466004370858,-0.5144776945249943,1.6591168727155687
TEST_08977,3.215628324437635,-0.2736994835018087,0.9350519758938307
TEST_08978,2.2943993231243844,-0.7368117945844607,1.3437483812748627
TEST_08979,2.9397986984358155,-1.3765737083479392,-0.8249314351800776
TEST_08980,2.049783454541705,-0.24569854365719793,0.41966836509117456
TEST_08981,3.4930168883871153,0.14551204952514882,0.45781302484925623
TEST_08982,2.0467957384136017,0.038899538680571145,-0.22512369459852624
TEST_08983,2.811182280380888,-0.12343125169770836,0.10699371580578707
TEST_08984,3.0570161501038458,-0.05721131583675433,0.8433286578158288
TEST_08985,1.999398391949572,-0.26884318219480197,0.6119460537784307
TEST_08986,1.899590013383019,0.7544675800095941,0.3773418063243999
TEST_08987,3.602228724509105,-0.07942639232314291,-0.01722206007246195
TEST_08988,2.7351080904263383,-0.18021270203493936,0.009223699591974718
TEST_08989,3.2214577878225774,-1.0234726420659852,0.8406630599872781
TEST_08990,1.2629438816563372,0.23200902729780037,-0.23483300508279922
TEST_08991,2.4266626419090627,0.023095295528672958,0.031303086233678286
TEST_08992,2.1395756957609064,-0.6980032880460709,-1.0817138955422507
TEST_08993,3.5123691847258676,1.7641334727787963,0.5401393380187974
TEST_08994,2.7787492778807557,-0.27453485220675455,0.13206065743620776
TEST_08995,0.8076241569110529,0.13625681285795432,0.1713262610615197
TEST_08996,2.4228513095915405,0.4960029158687026,0.3303553852089106
TEST_08997,0.9846354338530868,-0.4259629468658914,0.3198304225052139
TEST_08998,3.0996919551217386,-0.7983275592038604,0.6909903104573011
TEST_08999,3.949097061378068,-0.5798154852371894,-1.1911764942765808
TEST_09000,4.416074154339369,-1.1156263723843747,0.4510246947841131
TEST_09001,2.504579032878571,-0.1875103444928622,0.3423125279698103
TEST_09002,1.7336301464615835,0.2701859494213747,0.7956479183345514
TEST_09003,2.8026353056503326,-2.3811553517139172,-0.5400314800944356
TEST_09004,2.6448849148216214,0.043085626539873495,0.251817132585093
TEST_09005,1.3118292435544023,0.6129743677957066,-0.17288981511007942
TEST_09006,4.442129280383174,-1.0421386087475346,0.8300996838276105
TEST_09007,4.057694447516214,0.4774576090687926,1.1864148362959537
TEST_09008,5.556021586519083,-0.6938975823444838,0.10893439386359212
TEST_09009,0.9912992886688782,0.31301825617320395,0.16741571276620273
TEST_09010,1.073431032725819,-0.18186179668628247,0.11904100546550893
TEST_09011,1.6432058954486475,0.08957456475836603,-0.07677351493436191
TEST_09012,3.607211411465915,-0.010069106292398709,0.39837707678147855
TEST_09013,1.4530058036033588,0.04336722261751835,-0.1726863531903538
TEST_09014,1.6442667448482287,-0.05839318203065802,0.71720949008545
TEST_09015,3.058806956179446,0.4647526220765659,0.4876519293540027
TEST_09016,2.136328071226313,0.14955511798375265,-0.8375847377084646
TEST_09017,1.302635289670971,0.6898733023511868,0.6191412297291944
TEST_09018,3.204785465755494,0.9218934778809559,-0.6937675813367208
TEST_09019,2.244197881301396,-0.9820247362850552,0.6346145592195969
TEST_09020,2.1100663195200737,0.18329866732733682,-0.9556863677248618
TEST_09021,3.3268001556945848,-0.34942382281964457,0.8196559934883503
TEST_09022,2.1868838066316223,-0.14568679873088908,0.06737163656984742
TEST_09023,3.266958693378139,-0.05847318704973737,-0.3300246908352291
TEST_09024,1.9412871160972724,0.08506648077140865,-0.15013782437626802
TEST_09025,3.9814058084937805,1.2348860172896088,0.895812457480912
TEST_09026,1.208544305707029,-0.06809371026090034,-0.43027259841372795
TEST_09027,3.9600182504913524,-0.4969668973821342,-0.1471292696754844
TEST_09028,2.9732590771809746,-0.03482425228659072,-0.08517829824990697
TEST_09029,4.609916963366596,0.7791702832031474,-0.5443749232789504
TEST_09030,5.259674458198898,-1.0727581075964714,1.75047623840723
TEST_09031,2.0363494634606214,-1.098084749019802,-0.12362507417639274
TEST_09032,2.1689552071547253,0.4572653751394349,0.24988938027695867
TEST_09033,2.1724987523240418,0.26853836364881256,0.6015763054794769
TEST_09034,1.5522208456017967,0.29034799562695063,0.20110232289451155
TEST_09035,1.4330657137826497,0.2879655799797534,0.20260368896824485
TEST_09036,1.6273725220903692,-0.6701236464016265,-0.14839550430044096
TEST_09037,3.9880261287414096,0.6938607022275626,-0.5652072379470843
TEST_09038,0.8931491518024808,-0.2633044067693776,0.41488449709810277
TEST_09039,4.730122724079828,1.7380853377022913,-0.9299166528514323
TEST_09040,1.6430714860009128,-0.6064479075543573,-0.11766077089002239
TEST_09041,1.247329786565451,0.25024676665854356,-0.2996175956161786
TEST_09042,3.3289152921694622,-1.5960397545002878,0.8969593302740005
TEST_09043,1.2259540862963314,-0.5012996661927155,-0.04865804806544691
TEST_09044,3.483317507852474,0.2624323906967554,-0.17591037799212805
TEST_09045,2.128386746792803,0.9893786505500504,0.7150555332771494
TEST_09046,1.5073651408250042,0.9807599632496656,0.07462856401333334
TEST_09047,2.237497388643364,0.5045100275475461,-0.006903164453626902
TEST_09048,3.945487204009256,1.6431660002555903,0.30073990369920917
TEST_09049,2.899249367575456,0.501521171483285,-0.2051684458066525
TEST_09050,1.432851611188706,0.1660126239530787,0.11660165998509424
TEST_09051,1.7064673646896682,-0.22073603635077846,0.17420223801593954
TEST_09052,2.071179905199225,-0.13263593141069355,-0.24148536114129968
TEST_09053,3.0733100146128245,0.23439501320088638,-0.3161208780068112
TEST_09054,3.4969435914806546,-1.7357558637074124,-1.1159392757278632
TEST_09055,1.2044640955209556,-0.35529016923762724,-0.012133232977395388
TEST_09056,2.710907202083138,-0.2702494288130306,0.7028392447728227
TEST_09057,3.1787470025768,-1.1197017173147135,0.8759342245516127
TEST_09058,4.251560070293977,0.04350681980847021,-0.6306939313875594
TEST_09059,1.3802383422969808,0.7130119459222339,-0.2090636209686546
TEST_09060,2.792420457690876,0.5231098199793388,-0.9552476575108043
TEST_09061,1.614325496012292,-0.5070580634881341,0.3725402108532347
TEST_09062,1.3781296642610634,-0.4230621963979968,0.30813526013178594
TEST_09063,2.135703235531758,-0.35888048465796457,0.4555788701592909
TEST_09064,2.0247448628104268,-0.02333677412881109,0.365949636250552
TEST_09065,2.738388595996615,-0.08528431896902834,-0.5170341523762367
TEST_09066,2.6993248199525204,0.33402898851488916,0.031064912268016276
TEST_09067,3.535663123909079,0.5891757387229958,0.09392873791950275
TEST_09068,3.266135688411655,0.7099713391375823,0.6435734199204686
TEST_09069,3.0592991889439376,-1.3232350208969414,-0.7804320245206898
TEST_09070,2.225422831381292,-0.3627371635541445,-0.6154348874330007
TEST_09071,2.0986151196495695,0.1190479813597328,0.3335671480996466
TEST_09072,3.4894346821451885,0.5188063799294845,0.4175197700634221
TEST_09073,2.2179160977322447,-1.3495309778328881,0.23967040368656709
TEST_09074,2.627701556717097,-0.5688715499665815,0.3704911746404912
TEST_09075,1.3027007110603288,0.08566475569933331,-0.04415586222666975
TEST_09076,4.2617264576066205,0.7256105028352575,-0.8425918181092313
TEST_09077,2.258402052418248,-0.026107963506669114,0.346328104258161
TEST_09078,2.752608078650761,-0.7531846960886498,0.26707924862702537
TEST_09079,1.9335585799244235,-0.7777763447337881,0.25631866237674517
TEST_09080,4.468131548070071,1.0362151708482386,-0.16221298774811924
TEST_09081,5.113263355896687,-2.065466877672357,-0.6239013294682112
TEST_09082,1.4495628415577608,-0.9824579590961593,0.5927729758898269
TEST_09083,1.1141319367247897,-0.22378654992517033,-0.025464243817892564
TEST_09084,3.2830507489351346,-0.32848979643741366,0.5481019129039103
TEST_09085,2.1503810219962287,0.740299843134454,-0.21672662211024296
TEST_09086,3.9178117907419523,-0.2549125713477109,1.0611759404787295
TEST_09087,2.0168325500240676,1.4133878499483883,0.6021304067475785
TEST_09088,4.149356098610839,2.239290042393525,0.3257989303334429
TEST_09089,3.1294833339868133,0.5518909087731753,-0.2666493211629383
TEST_09090,2.399991373511084,0.445064494749837,0.2540832599937048
TEST_09091,2.5543363248211057,-0.14163809862180388,-0.20306970775420102
TEST_09092,4.321588865253065,0.019057330879436517,0.37716399395466105
TEST_09093,2.5653229140595037,0.07518220498362978,0.1270032538812733
TEST_09094,2.926270594595513,-0.8405377768935358,0.8752329953697879
TEST_09095,2.290529907195243,0.9631358506609964,0.8577157614121899
TEST_09096,3.3214860673537405,0.5715586164038755,0.7389093985118583
TEST_09097,1.7434953229366028,0.15991906124093946,-0.3709611807099967
TEST_09098,5.095257769613238,-1.4657496600416373,0.07110744467962232
TEST_09099,3.349802212127958,0.9659849453971006,-1.1660187938788051
TEST_09100,1.5507495093889256,-0.26473237964365015,-0.0870734153452111
TEST_09101,1.8624627207708038,0.27494644451493394,-0.5131853277529224
TEST_09102,2.163540812935188,0.16361689811423358,0.6274905876240743
TEST_09103,3.427251913167265,0.29338281750734874,-0.15227112849504443
TEST_09104,1.425712907363496,0.1194309806745087,0.40840571975977996
TEST_09105,3.958393877904049,-0.5123285708639503,0.355950863350659
TEST_09106,2.5360746893649617,0.7300744782191263,-0.5382058608994894
TEST_09107,1.2547947626415248,0.046338494084105473,-0.20859688074364988
TEST_09108,2.8279194304720527,-0.42035280662017416,0.18553286077016698
TEST_09109,1.5667063731578936,-0.29051046291703236,0.5921638303744761
TEST_09110,5.305686977707432,-0.5809104088263009,-0.7540465307820462
TEST_09111,2.662293676738226,0.9417042529267188,-0.6597405704651216
TEST_09112,1.9476049640542217,0.5979290695723092,0.6170424414750656
TEST_09113,3.6283610990447173,0.8763773490501745,0.9720481466086225
TEST_09114,1.86086543674665,-0.657547458468671,-0.19964493434821098
TEST_09115,2.0948624506224496,0.46463331046813094,-0.4546301363827939
TEST_09116,4.461700402038984,0.535054094005484,-0.1878822737916152
TEST_09117,2.663177083076518,1.034045445522183,-0.6081447155469426
TEST_09118,1.5413441632408382,-0.07682186730853978,-0.2589818478670597
TEST_09119,4.716268689960442,-1.0574381777449624,-0.7372913820114275
TEST_09120,4.186733749537447,2.4606754173420735,0.25769511354290425
TEST_09121,4.071568783310815,-0.9111877206743123,0.9445982778890039
TEST_09122,1.9396934082544761,0.9958891988282761,0.2993495490775226
TEST_09123,2.735491716510216,-2.2337141911207308,-0.1216600081598163
TEST_09124,1.4052481214395607,-0.002370785095365733,-0.25460595587305374
TEST_09125,2.4393833599101082,0.4727530545596748,0.33267657967699577
TEST_09126,4.965628207268221,-0.5952498823856052,-0.27721988280520765
TEST_09127,1.6909575940924482,0.11832557866753758,-0.44973653764906735
TEST_09128,2.0018018376701034,0.1480254442269463,0.5847276008859164
TEST_09129,1.9577150369934921,0.743228927474929,-0.16414660491391245
TEST_09130,1.069331892351732,-0.0563473752927432,0.27678073598014824
TEST_09131,2.1602081041003713,0.4792589751926705,-0.28335722210711833
TEST_09132,1.2214804296090256,-0.5294547734670371,-0.3607393696897446
TEST_09133,1.6760080087120939,-0.30512951300842117,0.34416668112820453
TEST_09134,2.4294860810303933,-1.6159700284802236,1.206887223983679
TEST_09135,1.4575774786979696,-0.644263664451026,-0.08472591160771845
TEST_09136,2.1725965743650417,0.335923814945046,0.9344202835546913
TEST_09137,3.6301067118491273,1.7006755641777642,0.866211730755782
TEST_09138,3.08517351431371,0.04587848285251806,0.5506478506480927
TEST_09139,4.377532451637275,-0.6764266251672867,-1.099528531574774
TEST_09140,2.2079549848348456,0.7083405936983255,-0.8429753334273116
TEST_09141,3.141708292476318,0.2704605226837376,-0.42401974074614396
TEST_09142,1.5653833892757587,0.04382431637956506,0.4298769602500216
TEST_09143,3.263663020542224,0.1747411503445587,0.17325253470669896
TEST_09144,3.6413969181413277,0.29984095612274236,0.5008759555028014
TEST_09145,4.408895685884569,-0.1396363563839488,-0.7085799482747069
TEST_09146,2.616796417855131,0.35502557133567925,0.19991334536557395
TEST_09147,1.8331524151602037,-0.666831962227929,0.016609516745978426
TEST_09148,2.8319077216524375,-0.3139715535287029,-0.5411032002317994
TEST_09149,3.52851926017139,0.6547810573276219,0.09526629616469662
TEST_09150,3.002165587821848,0.4115302443188495,0.8630681173911291
TEST_09151,2.79114643208037,-0.3957009125780139,0.01576511060405902
TEST_09152,2.930268001562874,-1.3313228985018306,-0.41378291346331547
TEST_09153,2.750676961192719,0.9321847952738173,-0.7056599224998057
TEST_09154,2.243456808248732,0.2024379570723311,-0.17485543712318619
TEST_09155,1.0640161702968371,0.0015726494327963753,-0.11579315534762213
TEST_09156,1.5424900006309934,0.3158861145737208,0.4958407900868559
TEST_09157,3.27951272488018,-0.5814002481332449,-0.562900391187451
TEST_09158,2.8235709369538515,-0.15328352583904736,0.19408590767116124
TEST_09159,5.64412222356865,0.7625024985656441,1.3922662925181055
TEST_09160,4.524817615155382,-1.3478447736159573,-0.10337592702105686
TEST_09161,1.9743400204199677,0.2378305218213429,0.2561109885300124
TEST_09162,1.7402523457727743,-0.03218610943312552,-0.4947066328773009
TEST_09163,2.09925347752272,0.16731480711793023,0.44954939827679746
TEST_09164,2.3517600682040865,0.426074552508756,0.16790048430678556
TEST_09165,2.5357985534976883,0.7543811535583865,-0.10675281609611577
TEST_09166,1.4551059110068623,-0.45768762255874446,0.20445807587536835
TEST_09167,4.555096120132221,-1.3832156450870263,1.075859964829615
TEST_09168,1.6823914848959995,-0.8391850034206455,0.22151453730795956
TEST_09169,1.1840705600574388,0.3345044087689608,0.25318854049530365
TEST_09170,2.506543209450929,0.4017365769488424,0.8938743733499908
TEST_09171,2.3200147121271892,-0.29085776851331635,0.07897804947127621
TEST_09172,2.1014493209764127,0.16937831490706945,-0.013507149303030007
TEST_09173,2.5086168209232906,0.02875432475499759,0.11389569975227985
TEST_09174,3.521367758424345,0.05386968170339064,-0.7152647371793874
TEST_09175,1.278832654612008,0.09091216392777933,-0.3273639588930023
TEST_09176,1.0286448421757273,0.005995621153585933,0.026609724234155384
TEST_09177,4.162164852433252,0.11942111926030494,1.595694765730181
TEST_09178,1.6871246085965965,-0.0203005454026312,0.45102604675507924
TEST_09179,3.732789469191897,0.05787449579455052,0.6968683749247163
TEST_09180,2.5815221375515605,-0.26189193923588394,0.7734402038450169
TEST_09181,0.8422638842611856,0.25460059840993665,-0.011367803425170676
TEST_09182,2.0964078589810318,0.6485158999092213,-0.0517287342638495
TEST_09183,1.2331675527756991,-0.5147038222659026,0.1418993907672564
TEST_09184,3.2309342877206637,0.17719565210935379,-0.20471604276058789
TEST_09185,2.097533761100566,0.8896955592553469,0.7441620644224366
TEST_09186,3.262150506456962,0.44206378355312664,0.09421480828482047
TEST_09187,3.9840877202370195,-0.17409126056579588,-1.2481155685123282
TEST_09188,3.369675085026111,1.1228057448772406,-1.163267270902222
TEST_09189,3.9799938565785573,0.25488448618963216,0.769909318246349
TEST_09190,4.0329214271114315,-1.2633295500313326,0.9469321400170031
TEST_09191,2.962795855944758,0.05226891577063828,0.3649206826135436
TEST_09192,3.0444255184344815,0.08544711486969105,-0.5042919890130363
TEST_09193,3.018440786871017,0.6768397635409017,-0.3149055586663344
TEST_09194,1.7574777583955787,0.3281399385668177,0.061659042958175564
TEST_09195,1.8572882454993696,-1.025311343741049,-0.719148546233166
TEST_09196,4.2728514600987335,-1.3552835131998182,-0.452178785789844
TEST_09197,1.6359639876874856,-0.4199861145192045,0.09415647484085828
TEST_09198,2.094696802455892,0.5975178487770625,0.7726767038719191
TEST_09199,2.098155753137947,-0.2454155716058075,1.124521028940102
TEST_09200,2.7948648986286106,-0.9789268542653858,0.525094925008538
TEST_09201,4.078719684765629,-0.2244576547352747,1.0990695250564808
TEST_09202,1.9295561658534326,1.679509245213029,0.1641265247085375
TEST_09203,1.7414487534920164,-1.8747947716476592,-0.6394407972882712
TEST_09204,1.771788782404723,0.5782254062982175,-0.4940450842767543
TEST_09205,1.6834057449036108,-0.44687218855652744,0.5654570279758923
TEST_09206,4.21568421262288,-0.14076788234067336,0.37392073056508746
TEST_09207,3.6526509317888625,-0.2700358322375501,0.3541467978474652
TEST_09208,2.922330107136675,2.2891741345127588,-0.36951350846944947
TEST_09209,3.131145699810982,0.1504195158664385,0.38828667683787893
TEST_09210,2.8326271036546804,-0.2869271297778715,-0.00042858831014778455
TEST_09211,1.4274730195851986,0.17417889314647625,-0.21142678577248472
TEST_09212,4.389323859439609,1.1898838315413742,0.4312169065921111
TEST_09213,3.0936623493914026,-0.3693723832873092,-0.679919237113643
TEST_09214,1.5164652069272253,0.377750965138451,-0.18180393916166424
TEST_09215,3.360743567991131,0.7190941302802102,-0.4426513511708511
TEST_09216,1.2721455174257317,0.08814732431067245,-0.3025621791940212
TEST_09217,2.5894836809316195,-0.015257223608839658,0.6940622149260883
TEST_09218,2.2052181076469455,-1.7239618311900076,0.19218661003891016
TEST_09219,3.3992126111132395,0.3381891751387694,0.022978169244073025
TEST_09220,2.3768893996787512,-0.18348502979987616,0.2708853306779367
TEST_09221,3.063915021547843,0.09304245194778213,-0.161648017451291
TEST_09222,1.542919114607946,-0.37305246633968614,-0.26171497268042027
TEST_09223,4.445527171802216,-0.4744800375568731,1.100426564403438
TEST_09224,3.0624208452538624,0.25941869130376194,1.1692066825527792
TEST_09225,2.892204971285847,0.1487660569130991,-0.8905707631486657
TEST_09226,3.135129734040473,0.27568932154647746,-0.019819261857545196
TEST_09227,2.3137333260695714,-0.6386402430808372,-0.1800855009381361
TEST_09228,2.7237583420880624,0.0388391021370008,-0.6329878987194761
TEST_09229,2.7583400048925926,1.48420004964027,0.695590266913836
TEST_09230,4.112221028850536,1.1890884250077693,1.6779123650786694
TEST_09231,2.243191802898979,0.6115325902032188,-0.000864303024660882
TEST_09232,1.213351096861804,0.3199919405671008,0.3680273155159445
TEST_09233,3.75584321741554,1.9121231962572591,1.1687320778014287
TEST_09234,2.5474795461763002,-0.029852009003842224,-0.029771542697737234
TEST_09235,1.555364833960703,-0.07022324042524321,0.3353492352592148
TEST_09236,2.1597619354280555,0.008119045720077652,-0.7832164835922727
TEST_09237,1.5986701387790256,0.26845522379661363,-0.12401711202613318
TEST_09238,1.177934842236006,0.13861890006248304,-0.23314854197297485
TEST_09239,4.939549863412165,0.7843469383790952,1.3779575274364264
TEST_09240,2.189973061045892,0.41041746860003636,0.3770456222740675
TEST_09241,2.635628392520187,-1.5746993327083794,-0.3330422038804406
TEST_09242,2.332998655110298,-0.9440415524865668,0.41859760475645796
TEST_09243,2.909942039101934,-1.195121286585428,0.6600921495409435
TEST_09244,2.6748841750396375,0.06434550280683575,0.29860639638837294
TEST_09245,1.8859537320628617,-0.6373698822750729,0.0597258349930343
TEST_09246,5.062506580845833,1.3171525432826579,-0.9449409218235674
TEST_09247,3.387910067595165,0.018778987576225103,0.5003692076141278
TEST_09248,3.717138417620997,-0.6227887223586072,0.5300641199629886
TEST_09249,4.617652510698077,0.7341059449292275,-0.21397153195549476
TEST_09250,1.3164418669408116,-0.019273524258541997,0.17426015548365853
TEST_09251,3.054241679354755,0.1931651376074141,-0.1438844593741064
TEST_09252,3.9577601057004945,1.10860180112118,-0.11216227525867987
TEST_09253,2.7093054055472585,-0.028233008181360375,0.1725537553936292
TEST_09254,3.510735546162827,-1.538149482341616,-0.2947930510149989
TEST_09255,2.455106858151359,-0.3953145149144822,-0.6023516122404112
TEST_09256,3.0579110115635637,-1.4812642368294624,-0.7479396044106833
TEST_09257,1.582033195872404,0.4706805586962784,0.5890916198570688
TEST_09258,4.096393268076536,-0.573789744394187,0.5437059482649694
TEST_09259,1.642549755757137,-0.9937055701420876,0.46761725430164
TEST_09260,1.2442232952091004,-0.07166208640410325,-0.2553907301807918
TEST_09261,1.0136182093545616,-0.024024321820255868,0.15088856090685715
TEST_09262,2.062191547893785,0.3084498195835662,0.039482506773328305
TEST_09263,2.209256717127878,0.16183907187530314,0.5234699604282858
TEST_09264,3.386892340845108,-0.5602599466292574,0.8793635679920697
TEST_09265,2.040693193466533,-1.0993648862032714,-0.8568310267014531
TEST_09266,2.801370319276121,-0.4700026999719524,0.6181108556113613
TEST_09267,3.02826231290237,-0.22708647250326439,-0.10406461415524282
TEST_09268,2.1047082268501662,-0.30271857881728226,-0.005589166654181868
TEST_09269,1.9145335005986086,0.3421591547038254,-1.3114374327679275
TEST_09270,2.2755674021850214,0.46544867891595804,-0.36313263590728107
TEST_09271,1.751422962609313,-0.42605235393705493,0.10059005352192528
TEST_09272,2.0820218573010485,-0.4818603529038407,-0.5537390626829618
TEST_09273,2.223363583516379,0.5205219076361451,-0.1589902628684533
TEST_09274,3.4950648108649727,-0.7820638546507686,0.8174046752390123
TEST_09275,1.9323354967163036,-0.3836897779170133,0.10061864495252694
TEST_09276,2.009758126891798,0.14282550453817858,-0.07216483074130041
TEST_09277,3.52512744603318,0.7049267067204557,0.2901312143268713
TEST_09278,3.1474993166111376,-0.40860466973434856,0.18630945692048873
TEST_09279,4.767753737613453,-0.0495516864071152,0.3910395034225272
TEST_09280,3.022531066691829,0.6883649650274366,0.7695744881198366
TEST_09281,1.807953772114709,1.233201832143001,-0.13369230216663994
TEST_09282,2.261198155301026,-0.3452460417502765,0.4234012621707793
TEST_09283,2.6573395421803334,1.2236446612918626,0.38488978860749357
TEST_09284,2.429075402832241,0.2162445065131637,-0.13074779285542598
TEST_09285,1.5900083082587153,-0.011801082745744968,0.2453621333396194
TEST_09286,5.107201281252088,0.8126934420820954,0.7008007107459588
TEST_09287,2.6472267219667645,-1.3622110715065292,-0.3821000021666816
TEST_09288,3.349835924974777,0.9438252797787748,-0.7010047273463665
TEST_09289,4.223856276051016,0.04188973005534374,0.8313333990996888
TEST_09290,1.8234349621940953,0.12451047330862577,0.2874899819476483
TEST_09291,1.5489178863277393,-0.29778145446304305,-0.40582386389168623
TEST_09292,1.2448765030430238,-0.08535018572712462,-0.08113176324545146
TEST_09293,1.11473929901246,0.14197099651510978,0.12017701607975428
TEST_09294,2.2579598721605274,0.49889493240799965,-0.6716044891335623
TEST_09295,3.067158261329931,-1.1252816062004452,-0.41143862530564174
TEST_09296,1.005692839043652,0.5830857675782951,-0.3714744976328952
TEST_09297,1.9634760975142576,-0.15168496905814435,-0.2970123509278295
TEST_09298,4.392981332614532,-0.9888293148953314,-0.6109145258003675
TEST_09299,1.7254585599720451,-0.3309671753764047,-0.33104738400177863
TEST_09300,2.883976080351809,-0.4393410968138365,-0.12468555317190771
TEST_09301,2.1054262577993934,-0.44050788947500813,-0.4526524705089178
TEST_09302,1.3979835565406196,0.3101627630308107,0.3637050114617989
TEST_09303,3.2378495797842026,-0.21483782684366715,0.1170193960870723
TEST_09304,2.6209316808303265,0.05642556377108537,-0.1343873871385493
TEST_09305,3.390680423412857,-0.2247729282547017,0.0302745800249409
TEST_09306,1.6208617793346953,0.44452768899269507,0.18159950222076732
TEST_09307,4.242431945771073,0.14449641871974364,-0.7057542432803535
TEST_09308,1.9437970947192273,0.5069801591993156,0.04847155756796883
TEST_09309,3.007663728340603,0.8162063053045778,0.08339378541805445
TEST_09310,4.447490839737374,1.484230792917584,0.6256990008338635
TEST_09311,3.0355213979991285,-0.6366502373491459,-0.49595541114099834
TEST_09312,1.4444507502895607,-0.05094309296951606,-0.0029677395916578096
TEST_09313,2.1961376337374525,-0.9853713511947854,0.5777300587727193
TEST_09314,3.353012828608131,0.5321385197438547,-0.637586821397692
TEST_09315,1.369735484533448,0.6896097515940779,0.33881509005822696
TEST_09316,4.522812996432928,-1.875135835325536,0.4237257219646103
TEST_09317,1.6432592037941811,0.09804707054603899,0.44962400201655217
TEST_09318,2.2302613101613997,0.17333104666341667,-0.7997799523122779
TEST_09319,4.28442205135569,-1.2910892317204008,2.306397592252456
TEST_09320,3.9413447969669115,0.3342257146933245,1.1028162742896204
TEST_09321,4.7676115526258185,-2.482119805654157,1.5843440344948037
TEST_09322,3.500955592357314,-1.7191169309651138,-0.6884455455692096
TEST_09323,1.307012906457356,1.0446418698137716,0.33499023496189617
TEST_09324,2.241921353272213,-0.24982268540670236,0.5543914391380522
TEST_09325,2.5106533950792556,0.4694520960193046,0.323034221917153
TEST_09326,1.3907185990568678,0.34756640260832006,-0.1800368619964605
TEST_09327,4.65244656081782,0.014868361391488808,0.07318090412008138
TEST_09328,4.721944477283818,0.4984742106219885,0.27943805151900275
TEST_09329,2.0956975110263265,0.31819419062135285,0.09649636888202237
TEST_09330,2.7535080581610094,0.04497077057237077,0.6462964958338432
TEST_09331,3.125583694076912,0.26385240802812904,-0.5192162858200678
TEST_09332,4.463612929448787,-0.7357381628031243,0.24073034208884453
TEST_09333,3.018338487512373,0.08474150388491612,-0.03143856843424204
TEST_09334,2.977934812939237,0.40728772446085215,-0.1180376965695327
TEST_09335,4.179444806532599,0.5648964216146339,0.03797060261144645
TEST_09336,2.605066192334678,-1.0998224675505714,-0.38050107770429586
TEST_09337,1.8634989552972643,-0.2306851664924344,0.8834566286200013
TEST_09338,3.1709911901178094,-0.11751243799976363,-1.0710044356047195
TEST_09339,1.1287347834203372,-0.15552639311415914,-0.28584310430787446
TEST_09340,1.0436121098722344,-0.23738514189598417,-0.10611979121449819
TEST_09341,3.5637507273526734,-0.21916816137819964,-0.2639973216176491
TEST_09342,1.6835005802876797,-0.6051664102350881,-0.16096419754639651
TEST_09343,4.354737657184671,0.18893760930010056,1.3622766460108822
TEST_09344,2.0459480417281464,-0.6709892507830161,0.39632852313422934
TEST_09345,4.0581065080277785,1.636409456673555,0.45702067352542325
TEST_09346,1.9890106490929158,-0.3246494457859409,-0.513374758908993
TEST_09347,3.672960597967316,0.3607185544365376,0.4628935806653032
TEST_09348,2.7400874981394043,-0.6672133523695328,0.32020909603130354
TEST_09349,4.169903824005593,1.5686841412240875,-0.885413054673826
TEST_09350,2.3385750446578735,-0.7334563927226603,-0.39302507386833974
TEST_09351,1.7435075710503756,-0.24307139445023346,0.20670246501101827
TEST_09352,2.940736118466813,0.8905451074385217,-0.6795242019244796
TEST_09353,2.8346305692943043,0.2059973821875514,0.7713704715790638
TEST_09354,1.0937221682949816,0.11555754194444824,0.11545963599504327
TEST_09355,1.843457515188817,-0.9422409764780528,0.3680075892913135
TEST_09356,3.9338867705678244,-1.6100239232536981,0.30738150628090377
TEST_09357,3.0474475559020133,-0.5602472563280858,0.36221065135986685
TEST_09358,1.4611729388150159,0.19275172305770508,0.44982689447242646
TEST_09359,3.744812940085672,-1.692740607924734,0.7661440634491801
TEST_09360,4.479026425820872,-1.6245768214888183,0.19871885761587577
TEST_09361,1.4858305884748415,-1.2506899042890678,-0.012053421316771581
TEST_09362,2.5809492946861923,0.13109865412193075,-0.39960322892033745
TEST_09363,3.946566375078207,-1.351690085276291,-0.5914030076378283
TEST_09364,2.2512811821082375,0.2164399773287514,0.47871833594283647
TEST_09365,1.1313919087737803,-0.15850043154396778,-0.35585647273184573
TEST_09366,3.546065963983743,0.0574340903443393,0.034980999473269714
TEST_09367,1.2627785471952409,-0.05729746617872922,0.2492914387603104
TEST_09368,2.9262456301180597,0.9408574056754322,0.16993086323246923
TEST_09369,2.3963830191210276,0.43374161860117694,0.35087613806823187
TEST_09370,0.790139436183699,0.2601751773575573,0.21452047331918475
TEST_09371,1.6099061223012847,0.07625949354087823,0.3840326271620976
TEST_09372,2.1464223010929913,-0.5699168061000984,-0.5712049084910752
TEST_09373,2.4335105632413083,-0.44489513542419373,0.23287824093254858
TEST_09374,3.412892780210079,-1.2399039544614394,-0.6227087300246362
TEST_09375,1.052269107591849,-0.288841204732976,0.1729062071185669
TEST_09376,2.488262892665995,-1.0439609391079059,0.6582363591408732
TEST_09377,3.826795148376601,-2.07100309220394,1.4882918826931255
TEST_09378,3.121556372185573,-0.8069153761577121,-0.16503533039137352
TEST_09379,3.0430074240013245,-1.0047174304637485,0.7202478796472622
TEST_09380,2.330061601297204,0.2038314143643017,0.10133847578996724
TEST_09381,2.3546208843979466,-0.43161651386245764,0.185858544378466
TEST_09382,1.9033056836356275,-0.28913838618068194,0.48866380801060616
TEST_09383,3.7131395783025836,-0.5500319638928781,-0.6941758150129766
TEST_09384,2.4626730162658563,0.1402627186493469,-0.04298008942561284
TEST_09385,3.5595240446741476,-0.14733975778951142,0.8492273360845587
TEST_09386,2.820914537324473,0.509484868797183,0.5029897553896351
TEST_09387,3.0256737608061384,0.2467900412396608,0.5946777896893352
TEST_09388,2.846579265584266,0.4071625980984448,-0.6415866264923064
TEST_09389,3.284877424622733,-0.5066220300874852,-0.7276582465414849
TEST_09390,3.997014268154235,-1.4349076430207817,-0.7339219729728396
TEST_09391,2.6960938737946356,0.4192710685880548,0.5788404591818256
TEST_09392,1.0465940744170352,-0.19063494781871004,-0.27807585158117654
TEST_09393,2.4085321163358464,-0.9091924368095837,-0.4841463561573321
TEST_09394,3.359808859700646,-0.4453412612269068,0.08883711622330623
TEST_09395,1.268163309176849,-0.39925588493686326,-0.2637411340249476
TEST_09396,2.698179511087423,-0.08645662776664692,0.2667861397579325
TEST_09397,1.3727195922115012,-0.0320975726438743,0.002728757081886997
TEST_09398,2.3650403711978707,0.7235490714130733,-0.019935766113261106
TEST_09399,3.5619860119758004,1.7769543983162197,-0.41788306491052396
TEST_09400,1.6675457382793348,0.28162750479402837,0.47065252762157406
TEST_09401,3.3744645613742414,0.5290900642773827,-0.76057405361814
TEST_09402,3.1988617022302086,-0.9473832856284115,0.2710235863885148
TEST_09403,1.6915347619033374,0.4549014461153077,0.23105377649815148
TEST_09404,3.23905534148535,-0.41479874549497603,-0.13358748194043313
TEST_09405,1.2656853286155123,0.647288752079936,-0.1544335096466361
TEST_09406,4.921197126597626,0.5713074122205921,-0.8170495434418099
TEST_09407,3.5764658386731853,1.1566857316415975,-0.21914807873620432
TEST_09408,1.8176234145043197,-0.6261785812270972,-0.5731834822741758
TEST_09409,1.4684049094643192,0.6507786522020257,-0.09221445791307557
TEST_09410,2.276931441332445,0.7068575714252221,0.4480141856299166
TEST_09411,2.4069987256663663,-0.09146348818370854,0.23092908066164636
TEST_09412,4.9541028868782915,-1.1132024871590402,-0.29042469340020716
TEST_09413,3.0433585328895134,0.648192587538475,0.08126549861993478
TEST_09414,1.7246901070003848,-0.8326068545184828,-0.36298603699204357
TEST_09415,2.6804333863337635,0.182507439418615,-0.16104029625207741
TEST_09416,2.613719787478318,0.04910851118447807,0.9505068526650993
TEST_09417,3.839478585555337,2.319037645972522,0.6021056604470953
TEST_09418,4.423904822409942,-0.050657646560055634,1.4512879827112288
TEST_09419,3.136479299001318,-1.366300890555322,-0.17661702026647455
TEST_09420,1.756628384385528,-0.7098181507162765,0.3686423380148809
TEST_09421,2.0934719885228974,-0.44556030280260944,-0.3286463715925613
TEST_09422,1.4550359766372793,-0.5257927959676331,0.42426198829994954
TEST_09423,3.9000412078568747,-0.3018814354348958,0.46988823267591034
TEST_09424,1.3547366888248817,0.07880173192435598,0.3478394242754074
TEST_09425,3.604712828622009,0.8079295377320339,0.5497067085916829
TEST_09426,1.8948914211703412,0.2180948954351707,-0.7988100789537645
TEST_09427,3.323111453492909,-0.6019360029495852,0.19018462915935874
TEST_09428,2.593444412046974,-0.3259659063242653,0.02409380715401088
TEST_09429,4.126171952914622,-1.0812877505040952,0.2216449975465926
TEST_09430,3.376292438362257,0.739067686491109,0.6734437464198647
TEST_09431,1.7273011429956446,0.6398857789651484,0.18343116568691414
TEST_09432,2.663475584898597,-0.9237113605306722,1.1713042957066888
TEST_09433,2.5838356031894865,0.05337067598683813,-0.006454954333077916
TEST_09434,1.912542038482297,-0.4150305849685596,0.18095976926038074
TEST_09435,1.3972825218345715,0.25878827466030363,-0.4340861086341929
TEST_09436,4.499434011218955,1.9027393450995833,-0.004663701728354829
TEST_09437,3.417383177278338,-1.487240191715673,-0.7013622318281987
TEST_09438,1.3014062609608523,0.012600373501254931,-0.44978230621742654
TEST_09439,5.9202442697986255,-1.6969581846804473,-0.11135414686570651
TEST_09440,2.486134035773925,-0.6728584527607764,0.041655610340045085
TEST_09441,3.1734013224396653,-1.1808621254186815,-1.0305703420040375
TEST_09442,0.4628860306376048,0.36477915532393235,-0.20524611908973178
TEST_09443,2.5253066120024856,-1.587487155236815,0.9125146444151562
TEST_09444,2.002132043388905,0.04240566958153031,-0.08959334608555758
TEST_09445,2.7755644813242704,-0.3045554424057283,-0.0750749132605438
TEST_09446,4.3575891537242875,-1.2695326595191019,-0.43503508771441746
TEST_09447,4.9511270468089315,-0.66449705760348,0.8163602998511643
TEST_09448,2.6548975066902702,-1.3487976357512625,-0.09910234492662337
TEST_09449,2.4459405205771403,0.08662012952783833,0.24798742724033548
TEST_09450,3.134474652427283,0.6442310083979452,0.8233558821638604
TEST_09451,1.4247878786174815,-0.2235453430453466,-0.2660572981145434
TEST_09452,3.212453732670741,0.990004603535282,-0.229406195169104
TEST_09453,1.0953610212932725,-0.040324999034224825,0.2963609012626183
TEST_09454,1.5189415503144075,0.519778876644282,-0.09731916599021827
TEST_09455,2.303094603208043,0.6629722139728772,-0.5665403942950706
TEST_09456,3.1911174233087407,0.21738277992839916,-0.06449774940225744
TEST_09457,3.1835917052010267,-0.14799233134517992,0.5947443514647671
TEST_09458,5.523755842769443,0.3357239832746304,-1.1469155236191155
TEST_09459,1.3425659101271539,0.5788968689083691,-0.41101415262394764
TEST_09460,2.7189836045720863,0.5082838658253855,0.2531262166396839
TEST_09461,2.4249885858477405,-0.48365993526090706,-0.38003172683757164
TEST_09462,1.9256810576084058,-0.23610131697658618,-0.19383789846471597
TEST_09463,1.9427271718747234,0.5539237126337054,-0.2583100781210511
TEST_09464,2.833347190484634,0.132810125273816,0.18446612322403189
TEST_09465,3.0768470376403294,-0.5451064433031567,1.6318891019912702
TEST_09466,2.524216782848356,0.4412113199099357,-0.1231961723563677
TEST_09467,1.1609990939014647,0.22807038060232288,0.1247385942498493
TEST_09468,3.4272481412547657,1.3362214803254011,-1.144864132617457
TEST_09469,3.6677438001341875,0.5449157581891704,0.5043859447011931
TEST_09470,2.7751974386888953,1.5318443887405084,0.12279130941982026
TEST_09471,1.0656218826961164,-0.3723631306969393,0.02745336659480772
TEST_09472,3.3531310771169593,1.4379384183308608,0.1691873232494764
TEST_09473,2.6141274952782787,-1.4261211196960761,-0.32467648854036707
TEST_09474,3.615973365390366,-0.48468265036681385,-0.140928354535585
TEST_09475,1.712576763482,-0.05279051164454583,0.2964934354829454
TEST_09476,1.8360518485910478,0.6791550004960932,0.04410493246169052
TEST_09477,3.7830270992410475,-0.37700097492109885,0.443493156647884
TEST_09478,2.7858688074867506,-0.03520654486654178,-0.5055376442561555
TEST_09479,5.156155248329192,-0.5048165897976016,1.4285051877633148
TEST_09480,3.999746546280373,0.22298201766375564,-1.414718858973779
TEST_09481,4.778429096283283,1.7719276655044844,-0.5732414602826484
TEST_09482,1.3185028900534053,0.07212351003715005,-0.33439402256302714
TEST_09483,3.9816489027185638,-2.2434815101346395,0.599695302960015
TEST_09484,3.3220415318252723,-0.15518955356050193,1.080028331243711
TEST_09485,2.0860309354926354,0.16066165539372168,0.3713366846820279
TEST_09486,4.7667199924529955,-0.4490053589188274,-0.39913256508318856
TEST_09487,2.815966783018818,0.8556874609761667,-0.4404276575910088
TEST_09488,4.95513857505625,-1.2862382785190216,0.5558530872885876
TEST_09489,3.4612247473571345,0.028423405716028773,-0.16402560757278506
TEST_09490,2.3832856912780764,0.16276509728356522,-0.2225495160994854
TEST_09491,3.35646372552866,-0.2254762265887029,-0.14085206018344548
TEST_09492,1.301370645352374,0.3954784532034056,-0.0004888146225665783
TEST_09493,1.101944255498431,-0.124864350547971,-0.06540933607207344
TEST_09494,1.6551591107752293,0.9643439862548695,0.6734037121954403
TEST_09495,1.7109682028873836,-0.5159660823434826,0.021857606751347715
TEST_09496,2.3706516435214118,0.9380147321738893,0.40684891425088654
TEST_09497,4.054323905934481,1.5215615016770654,1.2931197113057737
TEST_09498,3.8197882194351043,-1.2253039437692743,0.7131519224253204
TEST_09499,2.9789091772610203,-0.04241886394876614,-0.8831840788579648
TEST_09500,1.7022194515436138,-0.03287874946109642,0.20349443576340268
TEST_09501,3.088080696150544,-0.5384593511073079,-0.15472615248834087
TEST_09502,1.7923416761385131,0.2687139890540711,-0.328088110450601
TEST_09503,3.872803068519831,0.32016446869500803,0.4779662711667907
TEST_09504,3.0405455076183983,-0.6876681753174689,-0.6550109803794821
TEST_09505,4.158500548874318,-1.1239371947544072,1.976406267450572
TEST_09506,3.1692590407440986,0.3991455644275599,-0.8446282520498168
TEST_09507,2.228887805985075,0.4872742114982365,0.4390320150465162
TEST_09508,3.0656872772460972,-0.16655180772860023,0.4922983871197717
TEST_09509,2.135324447674997,-0.2527335028412745,-0.32065625484876703
TEST_09510,2.7360257811156514,-0.8628317470804462,-0.4307312160168456
TEST_09511,2.0388215496638415,-0.43859649845788595,0.13572791366992723
TEST_09512,2.1065924164060124,-0.7933740589031174,0.8040396844634071
TEST_09513,2.258440961942832,0.07618767535669,0.318925146763119
TEST_09514,2.425440415426559,-0.10604589609695153,0.10389977277257774
TEST_09515,0.9558348739338263,0.08576235977950541,0.2280067318319772
TEST_09516,4.780735042934044,-0.7256475571534926,0.7703461810502699
TEST_09517,2.1049327011575873,0.5988309821675409,0.5951125016150277
TEST_09518,2.205530536410692,-0.34014655328254517,-0.5366130582746202
TEST_09519,4.462970855655831,-0.4324207209961863,0.8491645482964496
TEST_09520,1.4472782674742313,-0.8615221860666835,-0.3524920942951045
TEST_09521,3.391285538375645,1.4365400343190806,-0.8758685424516457
TEST_09522,3.977124540810204,-1.4292932218359538,-0.019979739488414062
TEST_09523,1.840764729101969,-2.1399804880802438,-0.28663431555688956
TEST_09524,3.1379490067219287,-0.5201924691091551,-0.9925255400595032
TEST_09525,1.8992690074691383,-0.00829726717051258,-0.38055257773687323
TEST_09526,3.3358107350432493,-0.5825820281985232,0.29549270457427146
TEST_09527,4.818809532953924,1.6448817931804898,-1.0160589190940517
TEST_09528,2.0265361431593303,-0.4774265240632224,0.615971179465132
TEST_09529,3.079218862289638,0.04939627791131084,0.23799497258741178
TEST_09530,2.9854488315983327,-0.23081326569807126,0.17268071346978658
TEST_09531,1.0481238181131232,0.013605574767830277,0.16926062313989973
TEST_09532,2.2351830312771526,-1.1268447720273511,-0.6407787825613449
TEST_09533,2.273635211001184,-0.13134179771003723,-0.07994285382524506
TEST_09534,3.046147784961811,1.160953161918183,1.2011842984505536
TEST_09535,2.0649287882317795,-0.024849743594419552,0.2070577874266853
TEST_09536,1.7863924526026922,-0.9945815943966789,-1.0090346689449519
TEST_09537,3.1847081790510487,0.9091369737119969,-0.35279477709793117
TEST_09538,4.73101747470262,-0.6932580774730289,1.0989824231732948
TEST_09539,2.9167968561694018,0.18938092821478125,-0.04754062532562574
TEST_09540,2.7026793484380263,0.2573667296742676,-0.005431219390705458
TEST_09541,3.3724391529354576,-0.6135602864367748,1.0370142871521812
TEST_09542,1.1332445864170744,0.2888074485592148,-0.24426840665686156
TEST_09543,2.1199251665736187,-0.3393230664607562,0.3412956112985409
TEST_09544,2.2045945794970545,-0.17009824378285943,0.3472873525129697
TEST_09545,4.6931530579400995,1.3035631642021956,1.5096491902583458
TEST_09546,3.2059237744419433,-0.43927507020699896,-0.5038977359286752
TEST_09547,1.327803399579717,0.12834771992904773,-0.236224272023146
TEST_09548,3.024208658547759,-1.3597017302056535,0.5585088644987279
TEST_09549,1.6904563307644376,-0.2458333565705252,-0.5855219691576893
TEST_09550,2.73367076111135,-0.601089485624954,-0.6965248981704664
TEST_09551,3.012824769784802,-0.4327635619699509,0.35055315977353657
TEST_09552,1.984373486092569,0.6545249101816777,0.804513088626186
TEST_09553,2.8400392176029294,-0.8348813708321309,0.5803369939860267
TEST_09554,1.2991000582565542,0.18003412034389982,0.09630200445325683
TEST_09555,2.015148207034701,0.16232801590576978,0.008367115742697469
TEST_09556,3.8082486236987516,0.08733275587884544,0.485679405963066
TEST_09557,1.1634132712250889,-0.4611048124103002,0.07011205093114324
TEST_09558,1.7205790047903868,0.7763297165972443,-0.15344741640202603
TEST_09559,3.618587201654387,-1.3498986758841345,2.0844064741395094
TEST_09560,2.984653247227768,-1.5227641425538652,0.7161129692605376
TEST_09561,2.218404395735184,-0.2738930760270468,0.6233224404988053
TEST_09562,1.5898907865619116,-1.1297365195922942,0.5888343503899169
TEST_09563,2.3754787198342533,0.09514154076239034,-0.284455601207032
TEST_09564,1.6596616560540205,-0.04215604578135988,0.31447820773438545
TEST_09565,2.1686393912262454,-0.11769069304057102,-0.1201562418304898
TEST_09566,1.5125895286324278,-0.27850886961287474,0.2897571581337391
TEST_09567,4.799364572363682,0.32125218117280446,0.14806203295040912
TEST_09568,2.7526162322512215,1.7733781939577846,-0.5100726448428059
TEST_09569,1.8371130283156547,-0.4118394222595417,0.28664793748402817
TEST_09570,1.793593969429554,-0.23408413951720694,0.10009478635106706
TEST_09571,2.0079639437981505,-0.5277307179310351,-0.2448276415750134
TEST_09572,2.4146793169481007,1.0021384017617092,0.2871352077807072
TEST_09573,1.8220963093508882,0.2585939437756445,0.42394513935064215
TEST_09574,2.721093537274308,1.19394853831919,0.8458344475809244
TEST_09575,3.120090830819862,-0.16451725260040698,-0.8298804368317637
TEST_09576,2.427587393819876,-1.2557018972648548,0.15847930363901397
TEST_09577,1.9041643291678492,-0.09814857149141354,0.06953669548453695
TEST_09578,3.8985991070770236,0.5085454956737092,-0.8187804992220138
TEST_09579,1.3791795015113248,0.9074677109554175,-0.3359375398996305
TEST_09580,2.063863711304028,0.09679270220163472,-0.5142337478079736
TEST_09581,2.038193913278538,-0.6167298783088969,-0.7193122053765685
TEST_09582,1.6169165792890055,0.026318112592256665,-0.31180188503770595
TEST_09583,3.089727500053125,-0.9336026546318991,0.8490027507289917
TEST_09584,2.875937796335122,0.40823661577677733,-0.46283323136619736
TEST_09585,4.428045530625073,0.9250289360417002,0.4830796289578204
TEST_09586,1.697536583037202,0.48405693807731964,-0.14120585195788665
TEST_09587,3.0597042980989695,0.5434602829251232,0.59458064399364
TEST_09588,2.5652658103202644,-0.6060043071743756,0.41476089151119916
TEST_09589,4.03880161481353,1.4885940270745397,0.29431465611767127
TEST_09590,3.0582496259534153,0.18060795852767783,0.8144948710140488
TEST_09591,2.7885235799197123,0.2958469218237352,-0.3569472279493314
TEST_09592,3.6636587781491885,1.6683909446327783,1.912256969683891
TEST_09593,3.2523047108295815,0.3383057180344706,0.7142896833809538
TEST_09594,3.590695298148212,-0.7585992491048619,0.5654359578040433
TEST_09595,2.138256936343497,-0.23318906554568072,-0.8414196310551462
TEST_09596,3.7613398592862515,-0.4418251237671242,-0.45274676755996013
TEST_09597,3.2210739830799255,2.3069874627580647,0.6273762636100448
TEST_09598,2.155345489327064,1.0306735374116376,-0.05978838820669507
TEST_09599,3.5752508658881275,0.8091660747345988,2.002421248983047
TEST_09600,3.5671723755384983,0.10180619292625624,1.2672037080386573
TEST_09601,1.0065059925666917,0.296079008554707,-0.1996616166117973
TEST_09602,1.7279526069311857,0.6405015486847786,0.4436052813914943
TEST_09603,2.2916759927570416,2.008859143031761,-0.11896771664803452
TEST_09604,2.9145687981017865,0.09095665184495003,-0.1443919871331955
TEST_09605,1.508036070283535,0.2092114055418826,-0.3388962015496814
TEST_09606,2.1479949477461204,-0.15884088999692159,0.19787823069860627
TEST_09607,4.015913874988284,-0.11481917454942288,0.9374286635252526
TEST_09608,4.8585645268687445,-0.5492058642221248,0.12900444765773364
TEST_09609,3.6584917369139593,0.10790722986685641,0.16957967624368334
TEST_09610,2.622146213499051,0.01700891060211624,0.7099116718408978
TEST_09611,2.2804191973863945,-0.14571076229168756,-0.4593685995577822
TEST_09612,3.5172717408629666,-0.7719017482694389,0.3705432237184824
TEST_09613,1.0173464105199044,-0.40785312099896565,0.19958452401389784
TEST_09614,2.934820289234835,-0.8574745282076732,0.12505621598062297
TEST_09615,3.6577438969025438,0.0877658537747473,0.6080223092834259
TEST_09616,2.6807956211152835,-0.3504836021844026,-0.30475553905649944
TEST_09617,3.9487096938229103,1.2260711514235907,1.252823572549623
TEST_09618,1.3697326535477283,0.32065643903193974,0.3699068254921318
TEST_09619,1.605452469042089,-0.4619202841223855,-0.5437129219666945
TEST_09620,2.016798658755819,-0.19864271619017265,-0.019651395610061198
TEST_09621,3.5332578301500015,-0.001603943684415285,0.017086236473799803
TEST_09622,1.7799618524264877,0.09178237431053529,0.4159639769239702
TEST_09623,2.1196206824510457,-0.3402324853737228,0.6552225257246925
TEST_09624,3.4560236716487647,-0.24112438701972383,-0.1734702297549144
TEST_09625,4.809902349674345,1.0216397182559858,0.5997391252413623
TEST_09626,2.6692114887301797,-0.3287934884931625,-0.6248012324345887
TEST_09627,1.9745657138566415,0.32871866980124387,0.6059553405027046
TEST_09628,1.8065433149113155,-0.10593610710155084,0.25481878706968236
TEST_09629,2.043154779855297,-0.3716476043877014,-0.7576471519958867
TEST_09630,3.823684177253293,0.8171944828739984,-0.11661899521455947
TEST_09631,2.6298236823545356,0.16135134494487352,-0.06955063516165333
TEST_09632,3.2062667925289166,-1.1858462537645569,-0.5796631878715175
TEST_09633,1.6856376794729857,-0.11852158699273302,-0.476186714131149
TEST_09634,1.9297595483405376,0.1555345096656015,-0.3614018363414977
TEST_09635,0.8157168188831914,0.2772999505190155,-0.1281925462721851
TEST_09636,2.3761803217458874,1.0981372102042546,-0.663152645709307
TEST_09637,3.3751963173537987,0.39581936163305304,0.7076853396807671
TEST_09638,3.6221819853006925,-0.12872629630123839,0.39230932150006986
TEST_09639,1.9888764992770036,0.8580275357554383,0.5889377665171045
TEST_09640,1.972992420183727,-1.2608638899990097,0.036903730933495096
TEST_09641,4.223773368026882,1.0796271342316548,0.8907868179593652
TEST_09642,1.814584665298707,-0.3856958041801498,-0.7397022926683062
TEST_09643,0.9884066223748481,-1.0105823451771843,-0.16211442654810382
TEST_09644,2.3027334539257582,0.9476269059595787,0.5200060362319309
TEST_09645,1.7690546624365624,-0.9396492020157197,0.33086979182427406
TEST_09646,3.644993088480256,0.011024523166557613,-0.2644688719100442
TEST_09647,3.605650322772419,1.181413737484871,-0.3989030934623333
TEST_09648,1.290319818674549,-0.9118616060842444,0.38484752158810986
TEST_09649,3.7719829642406064,0.007533965858665699,-0.06630043354852809
TEST_09650,2.147334716659435,0.056301854259507955,0.5067865802045292
TEST_09651,2.2258350855844946,-0.05223215992017087,0.06287096220592495
TEST_09652,5.110031808153059,-0.4327259739792451,1.1632744709882483
TEST_09653,2.3174181202383406,0.2785245754611971,-0.39869444128870457
TEST_09654,3.389984688198863,1.7871941656753823,0.18661810405683552
TEST_09655,3.0255898933570275,-0.22228756534748875,0.4110759036059362
TEST_09656,2.122273689023752,-0.3183585537565067,-0.8055883082577671
TEST_09657,1.8614268750276004,0.39863393898910027,-0.3386742151424489
TEST_09658,2.422787846935758,-1.5686782716763035,-0.782653387739119
TEST_09659,3.605407063338194,0.4711792959850342,0.3154601021882686
TEST_09660,2.4282356101636386,-0.20549689111763975,0.018366619938418264
TEST_09661,3.3189842793962785,-0.3054277510386571,-0.0363703855517295
TEST_09662,2.060766108804268,0.14232738306607473,0.2964204977820143
TEST_09663,3.0143081045542393,-0.5223944501885798,0.2993808616376334
TEST_09664,3.8237448668910208,0.00467461606515742,0.19198210991985273
TEST_09665,1.707059162401325,0.3937124531138729,1.038528217941581
TEST_09666,2.489894834304396,0.18121245661596783,-1.265066209971325
TEST_09667,4.289147158520581,-0.4279891342361762,0.15812226201843563
TEST_09668,2.7590002113714736,-0.6425766442711064,0.4722704349636139
TEST_09669,5.059989531461837,0.933947778661904,0.015831824281517363
TEST_09670,1.037408759337283,-0.37866956765156135,-0.0458720070331264
TEST_09671,1.3626514804221872,-0.14663140484446022,-0.024954042019341288
TEST_09672,2.515551614239856,1.503915432249483,1.2071274737141848
TEST_09673,3.407219491648458,-0.4257933294591908,-1.1628844654855603
TEST_09674,1.8343815205985294,0.17186060816278395,-0.2653677784405593
TEST_09675,2.378210209407866,-0.6615457999171455,-0.6329679764144742
TEST_09676,1.5552924782984274,-0.7894244995731076,-0.1520722587541773
TEST_09677,1.349139179741797,0.2958996096599437,0.16860742940601015
TEST_09678,3.4494196810716597,0.792420445893152,-0.9193178596848082
TEST_09679,2.3706997337264606,0.6475478127194412,-0.2305949652628022
TEST_09680,4.448210277628209,-1.8902720504284514,-0.22606457929927323
TEST_09681,4.6085434095960585,0.37399796748896463,-0.19011789090151082
TEST_09682,2.5962884148106102,0.7382059059922665,1.3226677458187326
TEST_09683,1.4013659907272338,0.40362538898582856,-0.4303742762152977
TEST_09684,3.7205378347955196,0.9670223122240337,0.23844477897742833
TEST_09685,0.8770520693708237,0.11996507455485601,-0.17845497104166988
TEST_09686,3.4019435874104462,0.950177652910795,0.3604226629614643
TEST_09687,3.500527254172689,1.0930562893245688,0.4771737461414305
TEST_09688,5.3431746977311185,-1.192653477668782,0.6490733613261174
TEST_09689,3.8101309835828214,-0.14104347085336474,0.34555477594426115
TEST_09690,2.1090086636808043,0.5093968293024514,-0.3328040365809218
TEST_09691,3.3609299411009617,-0.34969990958218544,-0.37786320871864165
TEST_09692,1.2436942725166964,-0.18236072609428353,0.14814684005564058
TEST_09693,3.252115841327243,0.6241856132595412,-0.5527087883063924
TEST_09694,1.1241042702950292,-0.5633574749792134,-0.2728413451260877
TEST_09695,1.9950087911096837,-0.08331292927155397,0.48776654817060894
TEST_09696,3.031132321740203,1.1303151121442983,1.9001694817303134
TEST_09697,3.0001630910466703,0.3625851990694295,0.06386499792181517
TEST_09698,1.7914999303407861,1.413977456583493,-0.35659593406122125
TEST_09699,4.69182971511398,1.438889103367354,0.5858950177121537
TEST_09700,1.957107013279668,0.5233338239018035,0.5206677342892949
TEST_09701,3.012552145127324,-0.0771490071544623,-0.1840829387730958
TEST_09702,1.7118022182149997,-0.5043206346774064,-0.12640631842875794
TEST_09703,3.0083379061641744,0.7666623436949226,-0.22318546581657506
TEST_09704,3.487259907330523,0.3224009375614515,1.0478995719017286
TEST_09705,5.647882604391462,1.0121873077740713,-0.3759568110868351
TEST_09706,2.8747267774755945,-0.6058716594279601,0.4806085986916515
TEST_09707,3.603808961307389,0.07269640377061139,0.4033382744230354
TEST_09708,1.5268779380593913,0.6594714631610209,-0.4468236452854849
TEST_09709,2.457864679774579,-1.2770478092775506,0.06787839589650647
TEST_09710,2.9492266746449114,0.04585949190280193,0.9304210301533382
TEST_09711,3.07595975928854,-1.0059330620533016,-0.7061276850936481
TEST_09712,1.8208246823404337,0.39731207254941703,0.16668339081297245
TEST_09713,1.7674168819390697,0.18270388070628532,0.2440171323791534
TEST_09714,2.6002167762609902,-0.1589596659668011,0.1051217654188721
TEST_09715,2.287048853571828,-1.1652503342604221,-1.0070153921718261
TEST_09716,3.4440951650505314,1.5947752898014755,0.05369471727484175
TEST_09717,3.2436992460143124,-0.7116276052296758,-0.3628087059593902
TEST_09718,1.5920417477141422,0.9077680932504066,-0.16321454134019123
TEST_09719,2.819425089303419,-1.3561711955172355,1.1814699701212297
TEST_09720,2.828548208874192,-1.7784229738583959,-0.8583548387949693
TEST_09721,4.123374862677861,1.0922620024084386,0.5266350975886129
TEST_09722,2.69755340138432,-0.4974033984846766,1.5378489914833327
TEST_09723,4.250608186965478,-1.3015049292588594,0.5632131145845402
TEST_09724,2.4326721592551093,-0.01430606489853789,-0.1716416868840968
TEST_09725,1.332081017373051,-0.3109493276062338,0.18143815728869322
TEST_09726,1.8121544160895162,-0.8706050363994187,-0.34174633961515316
TEST_09727,1.927736661039022,-0.4361760062488849,0.2537168472616364
TEST_09728,6.241078167033383,1.870567522663453,-0.9022916805567364
TEST_09729,1.5498197019511781,0.29464446804651245,0.16244558518272517
TEST_09730,3.138783638776185,-0.33902091561684433,-0.7247862841367225
TEST_09731,4.267513918323184,-0.21664868688528577,-0.6251921462119844
TEST_09732,2.3118605298833055,0.8339174592140786,-0.47702243589530074
TEST_09733,0.8511343770740827,-0.052699745272328416,0.02295767370770433
TEST_09734,2.6302266209183807,0.3804110226955786,1.5368669051757793
TEST_09735,2.038933798306366,0.6393289946263276,0.43634642260657863
TEST_09736,2.13579428957156,0.009113943789316604,1.2919936523897741
TEST_09737,3.382540338657121,-0.9686826607951482,0.04061922540448686
TEST_09738,3.2518158956336563,0.5437899273057613,1.3434397237306748
TEST_09739,1.9327091627105397,0.599846513978095,-0.022763230284018807
TEST_09740,1.4745281436516018,0.07171581857247356,0.2589183252177416
TEST_09741,2.347676465481269,0.11564850342448668,0.30757287109396064
TEST_09742,1.3002029263463344,-0.42170735553115085,0.24736887431995583
TEST_09743,1.7912446103050221,0.6674006471816075,-0.24670190178704865
TEST_09744,3.929533817512024,0.05314740512115074,0.3454097849058406
TEST_09745,2.8606785932088585,-1.6435553532929492,-0.805379518463115
TEST_09746,3.3741921395232923,0.5692342762412693,-0.7449546379028202
TEST_09747,3.4941095283893113,0.3285369448364943,0.03063921481729033
TEST_09748,2.694230999897885,0.13491869995976738,0.7155583187527996
TEST_09749,4.503324458313203,0.3935986305160358,0.7143987696308833
TEST_09750,4.859792982527296,-0.2560585929097668,-0.3940731441060558
TEST_09751,1.5224443321448466,-0.14215614365164625,0.024824549856070945
TEST_09752,3.2325592892242745,-0.8396956447827981,-1.1093606528186133
TEST_09753,2.323798450214825,-0.2832612754195034,0.19617311181624514
TEST_09754,1.9668377918263795,-0.3012149256353832,0.305111279958004
TEST_09755,1.0752732354617662,0.16105776912115038,-0.048040925182732425
TEST_09756,2.4674795605637345,-0.04806948403054255,0.20998374160566177
TEST_09757,1.515511649212011,0.703237192002153,0.42234617151929943
TEST_09758,1.964553773331639,-0.7683506423871136,0.8980523451291174
TEST_09759,3.108923871989282,1.8458844309524722,-0.27892130999277137
TEST_09760,4.249045562392071,-1.8390555363355137,0.2879349837523595
TEST_09761,4.79281289594986,-0.2240627496487563,0.5202947670980012
TEST_09762,1.7777581192763077,0.11853650361782815,0.6681158001471273
TEST_09763,1.3386430305598798,1.0783246229254506,0.5938452930617304
TEST_09764,1.5154969719600464,-0.005814657405020551,0.2425083880240609
TEST_09765,1.992652305002651,-0.29440936096492054,-0.20940181616406928
TEST_09766,1.4885250078978542,0.3073374536449934,-0.07581877716656363
TEST_09767,4.422117715053923,1.0446249851418317,-0.8299921747754142
TEST_09768,1.4981079791992429,-0.3615193033193486,0.3466686034813481
TEST_09769,2.9957393593723807,0.14089639415336325,0.3326507009116518
TEST_09770,1.9703543161111374,0.2578703953768154,-0.5852696536113375
TEST_09771,3.5926183567549264,-0.41190932597631863,-0.05543551280548129
TEST_09772,2.992387475933584,0.48558885798958984,1.1511313735160695
TEST_09773,1.3013015908169772,0.03195353031240827,0.1377278863446943
TEST_09774,1.6339720890914278,-0.07620537511977572,0.513194293733305
TEST_09775,3.1395729467840616,0.30934424652266296,0.6802999729681272
TEST_09776,2.197440070940614,0.5340706574750387,1.1174171319627448
TEST_09777,2.0170847549477036,0.5620003888847817,-0.25999622661065863
TEST_09778,4.8451483252763685,-0.8548475027054643,0.29723942381587243
TEST_09779,2.6252730965342987,-0.6420835916903912,-0.6160589287586423
TEST_09780,2.4627621860647677,0.40854075488096303,-0.29201612340747296
TEST_09781,3.2296619940991347,-0.28661601195814934,0.4344292815882545
TEST_09782,1.4875534222849218,0.33497658067379854,0.3660651217541596
TEST_09783,3.076880824070628,-0.5164937148469052,-0.8272043293722533
TEST_09784,3.8591491646105958,-0.06328675047755436,0.911944968509549
TEST_09785,4.284660985522196,0.5474111311311903,0.5962224778316559
TEST_09786,2.3723096078439285,-0.45343739670084815,0.9127258006927819
TEST_09787,4.245238749194146,0.5539833695733328,0.07162328212167038
TEST_09788,2.0193519101495627,-0.19767312329342024,-0.27336651607568724
TEST_09789,4.3920759842591375,-0.7655888161766006,-0.021303532982007163
TEST_09790,1.1381634861607022,-0.06898253711836837,0.34877195961518137
TEST_09791,2.3538196714504775,-0.04740045311467232,-0.05038177801328412
TEST_09792,2.3788723322286476,-1.4676949946836304,-0.272516965198793
TEST_09793,3.051695601392106,-1.5511747300415433,1.1285776661482139
TEST_09794,2.96805837415639,0.1976555432082331,0.621286653090682
TEST_09795,1.9160677720047394,-1.1202070495330072,0.2510668882164921
TEST_09796,1.8763068822246078,0.26704578170315263,-0.2659338741313184
TEST_09797,2.1122181928401775,-0.3004687402086596,0.49509342714274573
TEST_09798,2.2468628820179894,0.28021107729905775,0.787611623576178
TEST_09799,5.472930425927289,1.1462051357094807,2.0777377242691406
TEST_09800,4.346917770121041,0.6057772677755939,0.5303413018407217
TEST_09801,2.0186558403484187,-0.9420703625990995,-0.365130896689874
TEST_09802,3.993523006231095,0.044543728576113356,0.4078754110811612
TEST_09803,1.2598294083893746,-1.4929797855198843,0.17306464299650307
TEST_09804,2.227282999421738,0.17495650423474307,-0.022991965605804847
TEST_09805,2.813773474206268,0.7756584155324896,-0.5344649757990073
TEST_09806,3.4753150009211273,0.9615800209813029,0.8907984149154449
TEST_09807,3.3027048623400908,-1.0275425109002176,0.5738794507965266
TEST_09808,5.407348555716555,0.10275086465486442,0.8209461996449487
TEST_09809,2.1570432955702254,0.6484447564298363,0.16211590352656147
TEST_09810,3.240897327135247,0.18540373707963337,0.9009688206861979
TEST_09811,1.104056263121189,0.4615288932087376,0.03881756027359258
TEST_09812,3.3294297548382206,-1.657873612840882,-0.21303792543267216
TEST_09813,2.8187745197933807,-0.3331671922699078,-0.1646380686681686
TEST_09814,2.6659069913231748,0.9654448669086257,1.368288684122831
TEST_09815,2.2779994180148417,-0.19045298216687914,0.12929118495846617
TEST_09816,2.565439672718092,0.17006750396094455,0.8765798616314594
TEST_09817,3.1474623661795036,-1.6584056470776953,0.46718696023161477
TEST_09818,3.738081367255991,-0.14673569151052807,-0.8929754398079219
TEST_09819,4.04764292842777,-0.11816899356029338,-0.11025791740728311
TEST_09820,2.405822496815946,-0.2755216031158294,-0.3455703462775892
TEST_09821,2.204379966271509,0.3167871621553503,0.708649843223028
TEST_09822,1.4620922432819181,0.4528894005257155,0.5061339122683329
TEST_09823,1.894304979631952,-0.5065466294354701,0.7265047900305228
TEST_09824,3.929792653049698,-0.4806415918954644,0.3869738670870953
TEST_09825,5.287520424057604,-0.837371919961759,-0.05178124945034677
TEST_09826,3.477403778357738,0.32435842086362404,0.6394167004855118
TEST_09827,2.6660248906925674,-0.6677234808057131,-0.3188032498215607
TEST_09828,3.70915907094648,-0.2272319925169174,-0.5048786160759855
TEST_09829,1.013112316823643,0.2543142229642329,0.663850923941823
TEST_09830,2.8223158834465045,1.2949379714820148,1.142416195270651
TEST_09831,2.9073557933214533,0.7697408722490127,-0.5280780026898926
TEST_09832,2.8482855100123023,1.2178941013662956,0.8247285962359271
TEST_09833,3.5593690878005786,-2.111194318441423,-0.35291370079265977
TEST_09834,2.8534728729903236,-0.11256258197114431,0.658739447330311
TEST_09835,1.7321932063674437,-0.6347229133469643,0.45222888283116564
TEST_09836,4.012461709748562,-0.6069652066279138,1.199168004057432
TEST_09837,2.63630965690166,-1.2620991210966153,-0.19097994489318743
TEST_09838,2.891193562356183,0.3391856793372109,1.2188745869405284
TEST_09839,4.018578040151049,-0.7713584434644161,-0.8924761016168369
TEST_09840,4.1233602612532385,0.3407093669555956,1.603559734207112
TEST_09841,1.899296877483846,0.5852114425098998,0.17103066002092024
TEST_09842,3.7486618921029806,-1.1443374095946033,-0.36629276074030687
TEST_09843,1.4951861511141857,-0.39721875236392634,-0.07001596423887567
TEST_09844,3.022845244830751,-0.544241024709686,0.8686407610510166
TEST_09845,2.3772197234325363,-0.1058869243250805,0.20261423097942968
TEST_09846,4.297704348167312,-0.726058799090739,0.07142882860422879
TEST_09847,2.686817366271632,-0.8882358669904202,-0.44376891003721447
TEST_09848,4.459739967188955,1.4077230147058388,0.12316778424559124
TEST_09849,2.1112557854924883,0.5455170142472479,-0.12761110329958814
TEST_09850,3.1782070477600444,-0.484368901182679,-0.5172476022124651
TEST_09851,2.587731173112641,-0.037332638667889606,-0.19385577091701717
TEST_09852,4.847884441232917,0.9265307919103841,1.25206823626066
TEST_09853,1.5051412486588414,0.08012761390972643,0.1358159741751969
TEST_09854,3.0402190847354413,1.0424658491601004,-0.8435726865791731
TEST_09855,1.95265997547151,0.8629455812227592,-0.4017540829334089
TEST_09856,2.4282511326410643,-1.0478270676643504,1.2586623384484668
TEST_09857,3.869409153101346,-0.889299723347794,-0.5680473836533017
TEST_09858,1.6868339077873202,0.7274004029787655,-0.1690183291068743
TEST_09859,1.9949436748515799,-1.0048197970656716,0.44227484251550914
TEST_09860,2.6018567707880913,-0.6567486403367014,-0.2844312398213424
TEST_09861,3.373427894725768,-0.23610410219421302,-0.5993381312572653
TEST_09862,1.4771403208326206,0.27164013986734237,0.28602572121958586
TEST_09863,3.6185363121729113,-0.49256044716762604,-0.06532449313073645
TEST_09864,1.680813877733691,0.39754397872570363,-0.6342692712806745
TEST_09865,2.96661398694196,1.5768121875619998,0.5937355361132749
TEST_09866,1.6318192507042584,-0.7204806741987912,-0.3569736567659982
TEST_09867,1.8404799419180693,-0.489877198096619,0.05161799390324519
TEST_09868,3.3820577431582377,1.0250940390617265,0.05339155202108301
TEST_09869,3.0255399690498144,1.103532063502657,0.8767667653315313
TEST_09870,1.7933182867391873,0.8518795195060378,-0.15004233749459792
TEST_09871,1.3897191821803208,0.5699477395988168,-0.10640396195788906
TEST_09872,2.9869532197724578,1.0158824266845132,0.8039785101600762
TEST_09873,2.499966749090109,-1.4640923889241884,-1.1221756964384877
TEST_09874,3.309795801235605,-0.04328609689705406,-0.04896005624716055
TEST_09875,2.0859859091273947,-0.14433129709696693,0.22970263108459496
TEST_09876,2.8072043909950546,-0.8416979102657766,-0.06963541976681281
TEST_09877,3.4127910113995683,-1.0531276237483345,-0.6531204601979428
TEST_09878,1.9311622406788587,0.6630265755559084,0.3897160213918003
TEST_09879,4.346641528514059,-1.0632975963219387,2.0408285157850266
TEST_09880,3.130500131025619,-0.05774827619933193,0.8538521793695778
TEST_09881,1.9139403463406899,-0.9680004145895048,0.27916170708271304
TEST_09882,1.3768089578240101,0.8138737800527531,-0.03350264479262213
TEST_09883,2.5401449483394125,-0.3149656707039668,0.0486373841745466
TEST_09884,2.9544846478078033,0.5207673685902711,1.5209787632884124
TEST_09885,2.887917114897123,-0.8507834673629433,0.4302572432641699
TEST_09886,3.0911509137948956,0.3505713625900481,0.9251749325308857
TEST_09887,1.508077201298148,-0.41390610269850414,-0.2860604486374718
TEST_09888,4.807244425836951,-1.4621042317540207,-0.13308442543037124
TEST_09889,3.4465106408867188,0.038425003528022916,0.06894663164451795
TEST_09890,1.043969028874832,0.03599021190561595,0.37385775002601895
TEST_09891,2.041048831815032,-0.39606313509861657,0.1983242435524387
TEST_09892,2.3502016467957194,-0.8030467951103988,-0.08669450173916994
TEST_09893,1.791412886789398,-0.5135192089908891,0.22840604757137825
TEST_09894,1.824761748403984,1.398444384408869,0.6666161811785579
TEST_09895,1.8704994674331064,0.775826486310263,0.4392580193359151
TEST_09896,2.6758650442532903,0.49824224338160644,0.07712348691284665
TEST_09897,2.2927465208676248,-0.28392436835346613,0.46106358872042374
TEST_09898,2.3941981279658546,1.4009627112606555,-0.6692545653411666
TEST_09899,1.7352104784915683,-0.7950176632110518,-0.30002258753361294
TEST_09900,1.5621456143642827,0.31006917628429564,0.06633768174814332
TEST_09901,2.0046971875111534,0.3064479247884843,-0.12638758035651748
TEST_09902,1.691394675656828,-0.6297696798633272,0.4452821568761535
TEST_09903,3.8273320995985753,-0.1600326894346884,0.6157482960475883
TEST_09904,4.241568294742544,-0.6931933491417889,0.2015034202816695
TEST_09905,1.788282789909341,-1.4166376667655896,0.47913779002790363
TEST_09906,1.377997654371441,-0.49576095698903533,0.20147813852009805
TEST_09907,2.0105597569748124,0.7004793972589747,0.1811705005380752
TEST_09908,1.8041583834852908,-0.5955361069241942,-0.22185984199973252
TEST_09909,3.7675794315325977,0.2755065494041204,-0.38585428942528444
TEST_09910,5.023653929082745,1.3362557167194173,-0.5275552390478938
TEST_09911,2.8665036228698986,-0.5480792543667992,-0.2316870276463444
TEST_09912,2.5401835480176738,1.6342009292820963,0.10362936066557558
TEST_09913,3.6791838283335023,-1.172228644223134,0.1182882349236789
TEST_09914,1.544377041677614,-0.02167019703571449,0.07312344737589452
TEST_09915,0.742281755599159,0.23026477100756046,-0.09591837625104183
TEST_09916,2.4122580287648514,0.0850485962902199,-0.7020842188352431
TEST_09917,2.3311249029280923,-1.6792114591846496,-0.2245504731711917
TEST_09918,2.3482872886667883,-1.4047488411260032,0.9711015514617737
TEST_09919,3.930334041170976,-0.7821578606348174,1.8912607486366515
TEST_09920,2.950772210832723,-0.3996383627651494,0.23001782305201543
TEST_09921,2.1366439862996884,1.1116773756955403,0.2319981926136747
TEST_09922,1.3536706869611126,-0.41310693157398337,-0.38427724241203887
TEST_09923,3.258370772093792,-1.0659328255225995,0.6518401600018223
TEST_09924,1.687219482596393,0.11205295894258897,0.49564033052520706
TEST_09925,2.040850561324061,0.7065417088698057,-0.49111830466684936
TEST_09926,4.573583127379211,-0.7476372330128106,-0.15678538660462096
TEST_09927,5.101315860770603,-1.0081260109083923,0.8907922142985328
TEST_09928,0.9516003607818467,-0.34302597822005737,0.2073923706769914
TEST_09929,1.574190262932235,-0.17295873926689995,0.1096879368713366
TEST_09930,1.88247086310679,0.40460558503235805,0.2497433511014088
TEST_09931,2.5217892603053893,-0.07201340558318224,-0.2184196617553202
TEST_09932,1.4080216347708208,-0.1791499220972566,-0.5645037085363848
TEST_09933,3.174565197542662,0.034517488650543944,0.4347179141265841
TEST_09934,1.66204475897853,0.6915699987803526,0.7076031929814083
TEST_09935,1.6156792101194455,0.7332203669686218,-0.3131917741655021
TEST_09936,2.7684776163619293,-1.4097982162039284,1.60465919087751
TEST_09937,1.146469591190455,-0.159621091596586,0.5318656095431497
TEST_09938,4.906386666100769,1.4418149421680377,0.3859090126712338
TEST_09939,4.092511532758328,-0.6041781440359887,1.252127921167799
TEST_09940,3.254850646669741,0.2727519604864286,-0.7006182384377135
TEST_09941,2.210685767715099,-0.5792071480516258,-0.5494658907749657
TEST_09942,1.6643572590630924,0.06348922004885536,-0.23284591066080193
TEST_09943,4.133797839174105,-0.9559782217800221,-1.0213802573344188
TEST_09944,1.8057548125863914,0.43469669341293965,0.448823906719025
TEST_09945,3.780386481525947,0.6131444421732279,1.1945484419722794
TEST_09946,2.0648345878379915,0.2094900191817521,-0.4729684622256741
TEST_09947,3.9656746058129246,0.009772953020346383,-0.1002117707518839
TEST_09948,2.839117979196246,-0.5612270961157741,0.7285156775686464
TEST_09949,4.473764955378592,-0.031187078337792287,1.332090746576408
TEST_09950,1.9789543437540094,-0.48791528262912576,-0.3854824173324174
TEST_09951,1.6826885332750006,-0.6715179207901761,-0.13648398897622951
TEST_09952,1.1874745833443687,0.28229257333074526,0.48060024103714083
TEST_09953,2.5100744064614946,1.038622040325405,-0.8300984457163156
TEST_09954,2.8254422752308845,0.14305333893314234,0.2748836421690825
TEST_09955,1.30658666868817,-0.5040725862520679,-0.15594063501452055
TEST_09956,1.9632203043387078,-0.778815656086667,0.03056480673329363
TEST_09957,3.4213303836818008,-1.2323520035857076,-0.4034559960544226
TEST_09958,2.9302300534170667,-0.45633330899232494,-0.5944990554721706
TEST_09959,4.718484017958351,1.1996837529412316,0.003832010779704007
TEST_09960,3.008774819289789,0.8319666544391887,-0.10800034462118765
TEST_09961,3.2523341372100334,-1.0721485112665545,0.8732498175215061
TEST_09962,2.863593573117331,-0.816714187798119,1.1231490256679808
TEST_09963,3.6283302002357862,-0.28780367859042827,-0.24232784720922756
TEST_09964,2.840117164111625,-0.08109083672891154,-0.459715011419659
TEST_09965,0.9394408801404177,0.35327046745163554,0.22571981420151085
TEST_09966,5.0483520636302455,-0.8869685721057646,0.5891279555912566
TEST_09967,4.052819174392845,-1.0912377553225465,1.2932350534458792
TEST_09968,5.162726132211759,-1.6699130354449896,0.8121135692504675
TEST_09969,1.9113607414685163,0.6597634928539908,0.14048534984905123
TEST_09970,2.2166226715418325,0.23253812961099043,0.46335910253547186
TEST_09971,0.7315350245650821,0.11347582472021264,0.045362292128941856
TEST_09972,2.2840074473136776,0.022261603090390332,0.5889097372868239
TEST_09973,2.9570945115203067,0.23772340328597497,-0.14149836432673446
TEST_09974,2.8212387041694034,0.9312495307146714,0.8751468910585931
TEST_09975,2.0556070284872936,-0.5845602087685356,0.3056597872256917
TEST_09976,0.9109019845861305,0.08002168539163353,-0.18523054347401907
TEST_09977,1.1161184342526551,-0.24543070679165102,-0.15684141589718986
TEST_09978,3.124646604684364,-0.5693462867358594,1.0984314436478713
TEST_09979,3.6090786847744765,-0.45867490402546923,-0.21272313628587236
TEST_09980,3.1968969263308673,1.0214441714000804,0.6287033140877246
TEST_09981,1.103249093809449,0.24666013814141344,0.1689572126120291
TEST_09982,1.3921735130284876,0.27362055032752586,0.34838654113435547
TEST_09983,1.0025148353757938,-0.09045665170308544,0.11971149995460992
TEST_09984,0.7815215043976926,0.20441309549610467,0.03895352586338857
TEST_09985,4.135107059406752,-0.3580942928493793,0.9757251198947414
TEST_09986,2.3262565649238147,0.41815072171876266,-0.8500203564111133
TEST_09987,1.5503291035458373,0.5116595417983061,0.6037874693173148
TEST_09988,2.0092135065314745,-0.0664220819931335,0.19334535986196186
TEST_09989,3.283407303670101,1.6150410889432376,-0.603126290552663
TEST_09990,2.706001769577552,0.6098776190969518,0.6306483952230347
TEST_09991,2.7453133257339037,0.42560962446212497,0.5466020988780224
TEST_09992,1.6562422073561034,-0.6116215602463234,-0.8166782616884766
TEST_09993,2.786989081540747,0.9908678274049416,0.8730123264157893
TEST_09994,1.5050580420356683,-0.2434822204914102,0.3893784373304542
TEST_09995,1.102130987978469,0.45840803678983505,0.3751538920815531
TEST_09996,4.497657044074543,-1.4865076475161232,0.7641586490643812
TEST_09997,3.0905936048834253,0.6375272453440999,0.6982231585116243
TEST_09998,1.4097771049020593,0.599348975285891,-0.3919268110027323
TEST_09999,4.23387029305261,-0.23049580799053396,1.6528944709238027
TEST_10000,1.0448325933829292,-0.26924593307397854,-0.07094410967278507
