id,x,y,z
TEST_00001,3.9892706615372653,-1.052581465949207,0.045449666260266273
TEST_00002,1.9288299215599127,0.6174293991218156,0.7986180648046878
TEST_00003,0.8066576958025828,-0.19015997719070915,0.1480226716978919
TEST_00004,3.5221997682371358,-1.6441026023999867,-0.9431174851330402
TEST_00005,2.303453298239366,0.017722465879335077,-0.0393157006174554
TEST_00006,4.996961302414431,-0.7904941180297996,0.49748399433082896
TEST_00007,2.898988822228005,1.0021277781991356,0.8351018966681504
TEST_00008,1.4622999627436901,-0.44826626216457155,0.4160855529856446
TEST_00009,1.4498557578243103,0.48667668974668965,0.14805187103260792
TEST_00010,2.2556937884337644,-0.410040777505645,0.17191586087839683
TEST_00011,2.3304471882087325,-0.4635709033513634,0.020133265660864392
TEST_00012,4.016763662529171,1.5032709512947682,0.8973521172922971
TEST_00013,2.551719542845642,0.583174009517121,-0.3120666941534504
TEST_00014,2.157720966961696,1.491895965817275,-0.2117813333569104
TEST_00015,3.00136382334373,-0.6889663482106294,0.8682090270986733
TEST_00016,3.2870168983139156,0.5074175784197982,-0.5366463154908802
TEST_00017,4.005849414150545,0.8543690041159451,1.158641135834896
TEST_00018,3.0716931971915957,0.26080705040086277,-0.4861113788486782
TEST_00019,1.412939785804421,0.08546418333659284,0.29107510488492827
TEST_00020,1.8775871792243997,0.06601283029158274,0.03099156100564914
TEST_00021,3.5118122651024164,-0.3692146746839214,-0.14394357023515242
TEST_00022,1.4012753097222144,0.29747052946689073,-0.27861551944971746
TEST_00023,2.141159060668747,0.40167772910190547,0.6810475572861868
TEST_00024,3.7617065352116725,-0.5854538641563619,0.8174426162979166
TEST_00025,4.928658392434374,1.6175518193264928,1.215966840577013
TEST_00026,1.7907912331579237,-0.5954912181779719,-0.509616321118578
TEST_00027,3.454345831056153,0.1852093112140545,-0.33558171867656755
TEST_00028,3.426134892883767,0.4861623552644435,-0.06286180009920436
TEST_00029,2.1790930446545516,-1.1443449024180377,1.3397653684605104
TEST_00030,3.5407553551696735,-0.19303875987678895,1.2241831331038673
TEST_00031,1.3505769489226347,-0.9191180552129086,-0.10285465906492888
TEST_00032,2.499799388009019,-0.8099489341406212,-0.021287522140510655
TEST_00033,2.1603385623319036,-0.5879656023223498,0.4728161435464801
TEST_00034,1.9924167789209777,-0.15099027048960803,0.3979136413311692
TEST_00035,2.0567974438929717,-0.15730866398820142,-0.2214014226244729
TEST_00036,3.5242827424185714,-1.4041659795285064,-0.5464375294152428
TEST_00037,2.8374921038681906,-1.5770941220416594,0.18609489420566974
TEST_00038,0.964954611546559,0.39824513339436146,-0.3243025296870765
TEST_00039,5.158114679337568,0.773003637628255,-1.1270585879901776
TEST_00040,2.3719374140406075,0.31632560812199473,-0.2627605137047896
TEST_00041,3.223183094196046,-0.4111099095902536,0.6938382577371346
TEST_00042,3.3478381724443853,-1.5074701661898728,-0.5083997002633988
TEST_00043,4.089187362354445,1.6687756614992353,0.9006467510218741
TEST_00044,2.4154278097585444,-0.75859910471582,-0.22668507783879185
TEST_00045,1.565275434619309,0.4105316458195143,-0.12107614113497515
TEST_00046,4.44783080228387,-0.16927185539778253,0.6036323829801369
TEST_00047,1.4824876002627088,-0.26357586632507835,-0.22803741382841833
TEST_00048,4.150081329280657,-0.9405613948545262,0.4911168509163674
TEST_00049,2.2130588530294366,0.30065117944369824,0.2954622256854994
TEST_00050,1.078385435332384,0.5498575064946151,-0.24035919852249313
TEST_00051,3.221506108451547,-0.36048673370142365,-1.051928648499943
TEST_00052,4.391437238899601,0.5754293974207209,1.5045670207891924
TEST_00053,2.7883622277435944,0.0646522501439851,0.16140012387334177
TEST_00054,2.5448408132125224,0.22078345557566753,0.9942611791161233
TEST_00055,1.5474382717243373,0.08546194077772448,0.3613436610798519
TEST_00056,3.3763885753809437,-0.7681156798601642,-1.110746624198688
TEST_00057,1.3398067270132425,0.21041855789053227,-0.1807206500503631
TEST_00058,3.533850251357514,-0.6134097629407275,-0.2716797668001041
TEST_00059,3.1914899959979337,-0.45082508272097094,-0.13853630326953897
TEST_00060,2.0214310725042166,-0.9355358478341128,-0.6422136363034315
TEST_00061,1.9307715513965267,0.01495530124050164,0.3415729339335148
TEST_00062,2.1788916915615375,0.04287437096590494,0.7903550809292494
TEST_00063,2.7102631290128687,-0.01237950748093501,-0.7428835694135562
TEST_00064,1.853116065302805,-0.23893777360951732,0.5408067670861981
TEST_00065,2.8609459305180653,-1.37881609670746,-0.7440827233534301
TEST_00066,2.3029767255786338,0.524923714022003,-0.3308987705046162
TEST_00067,3.6556417746649217,0.1310241526911279,0.19115057170130192
TEST_00068,3.1263477569121774,-0.2164662447466797,0.03977694277568153
TEST_00069,3.061904613834741,-0.41909861814876054,-0.27293759108398463
TEST_00070,1.3573468571523502,0.5199112147612962,0.5221658474354438
TEST_00071,2.6864098467971496,-0.7845344416472257,0.6643260290649898
TEST_00072,2.2508878432126775,1.0286234095710245,0.7765295940139304
TEST_00073,3.1244633865660245,-1.1816843280525189,0.9203848073578894
TEST_00074,1.347928664933114,0.5322081179041248,0.22188335228305214
TEST_00075,0.9281396368049445,0.33101989694161765,-0.2630342563394819
TEST_00076,3.963382158864608,0.19726432978270975,1.042416589194286
TEST_00077,3.3523941905465993,-1.3234612083911246,-1.0852122881442852
TEST_00078,1.270204085060914,-0.46943452908785704,0.1910936354755705
TEST_00079,4.745170576996718,-1.393334529033174,1.307226853604365
TEST_00080,1.4365350971181192,0.48855714185446797,0.4124531943158333
TEST_00081,3.6253032788247617,-1.1670085845495561,1.2460142007159174
TEST_00082,2.214745591994006,0.20530859687859732,0.4000687142241406
TEST_00083,2.9929943257809213,0.6528511044495285,0.5683618803056488
TEST_00084,2.602535590788244,0.30404610103112456,-0.18892821445210256
TEST_00085,1.976426432862135,-0.4311967726785112,0.02828327896954009
TEST_00086,2.1109129939168905,1.2882650837953915,0.20343080996863772
TEST_00087,3.917373636993259,-0.8718955734683979,0.6078062848226174
TEST_00088,5.237122006696167,-2.188401899654135,1.3142855075377997
TEST_00089,3.3130982903814363,-0.004488462470214763,0.14791153482403233
TEST_00090,3.022814519277145,0.6185241461530617,0.47083280012281287
TEST_00091,1.23411897897203,-0.3171432007175616,0.21248514146098763
TEST_00092,2.0045765867206877,-0.46668965354829256,-0.5255391333306189
TEST_00093,2.446323752746284,0.49700620620099195,-0.36742880297572955
TEST_00094,1.7718323133607135,0.5763525086654638,0.2709235816067609
TEST_00095,3.841881625215357,-0.21440064990880736,-0.8707830405352099
TEST_00096,2.0951751084385513,0.8220019162579509,-0.43218970508386
TEST_00097,2.817298595994153,-0.09195212423052022,0.24155122376958588
TEST_00098,4.809161365622203,-1.076936662566509,-0.11923268668177349
TEST_00099,3.655438393644905,0.8208233093490417,0.727093902754913
TEST_00100,1.0385059202354587,0.2942570544362304,0.36785984626005697
TEST_00101,1.599842734119927,-0.34324377463707073,-0.1040881123680464
TEST_00102,1.84322920206853,0.4977411614612218,0.41951821090437
TEST_00103,3.723296254221908,0.08025394936314342,0.794382895600396
TEST_00104,2.0069526087904728,0.07665858735411019,-0.26636425967252547
TEST_00105,1.2642163936686301,0.521593217538252,0.3896533308307645
TEST_00106,3.1625351192389886,-0.08166017895551358,-1.1022511323559376
TEST_00107,4.177993269960271,-0.38257931388734945,1.073467606311617
TEST_00108,2.9958649319937813,-1.060505420654963,-0.4961873792534695
TEST_00109,1.021643241474365,-0.1727115903981601,-0.12053837654908417
TEST_00110,2.5486964291277006,-1.6565917876852263,0.42742417867712296
TEST_00111,2.998005632088006,-0.4258407833967663,-0.6458358353904277
TEST_00112,3.5268012225712186,0.4842244545414219,-0.5804905852232266
TEST_00113,3.056957605821675,-0.15948196721190083,0.47407610161385366
TEST_00114,2.835185125994001,-0.44149787661061385,1.1896800288007827
TEST_00115,1.2119505295612154,-0.1806968909520686,0.3877869367769415
TEST_00116,3.6945306447468234,-0.8500197662342659,-0.7137969270323816
TEST_00117,3.1351473063575837,0.45812721103340354,0.745838287418217
TEST_00118,1.6769291903753498,0.6119367503937819,0.49627074472171634
TEST_00119,4.853489577281146,-0.02720633655143312,-0.3586230582111743
TEST_00120,2.7227461102798447,-0.9963080910164432,0.5004103333629366
TEST_00121,4.851854255598512,-1.033483270830373,1.3189437278627005
TEST_00122,4.270480364630954,0.5138527871891109,0.5595882297362729
TEST_00123,1.7102531507091592,0.9283057181654567,-0.10402346654861624
TEST_00124,1.7383033221086333,0.18785560884143396,-0.18742668467909934
TEST_00125,2.126261869896138,-0.7795046391005865,0.7401246116025929
TEST_00126,1.530075069928151,-0.35146026692994664,-0.3086881527627696
TEST_00127,1.9114832612400692,0.3277523039730547,0.13571534159455007
TEST_00128,3.3307275501596108,1.9603738934252786,0.5245059533742679
TEST_00129,3.5482749169645165,0.45013100658420635,0.46832771297473474
TEST_00130,2.713026299199521,-0.1284991875298891,-0.012533128337364858
TEST_00131,1.58727777368424,0.10987938826728137,0.29730376508715484
TEST_00132,4.508444072026883,0.5990745706227993,0.6051778236751034
TEST_00133,2.3405763377206927,0.6374528113073499,0.49398813633034405
TEST_00134,1.423927828736253,0.7892469882260458,0.40915084575726124
TEST_00135,2.0455893333110096,0.9292862815410444,0.34355202596605655
TEST_00136,3.363986163204431,-0.11902866929765119,-1.006192680304119
TEST_00137,1.8340067832305103,0.8525189354591005,-0.7198577262974877
TEST_00138,3.1638672186533574,0.5583900023242705,-0.8102485004000161
TEST_00139,1.7884020082331318,-0.7766856465164931,-0.503750593597899
TEST_00140,0.8916008492533123,0.511824890512022,0.28563221176287523
TEST_00141,1.96014855306014,-0.5609341761203643,0.13653972999442157
TEST_00142,1.1613382626523,-0.0561045365414198,0.22537639881860638
TEST_00143,4.203950884447854,0.16683414224540227,0.9564858991705791
TEST_00144,2.136843552120496,-0.19214780212387844,-0.08033310852160379
TEST_00145,5.174687019126215,0.010570889986921385,-0.5503079942750668
TEST_00146,3.0697606263085544,-0.21916684070196105,-1.2809527077796794
TEST_00147,2.199038877302557,-0.08722733753476054,0.7354416775438664
TEST_00148,2.799372036295014,1.003979081023909,-0.5783111701426008
TEST_00149,3.36346739534947,1.1896784896156332,0.5407693085903885
TEST_00150,4.736205197037389,1.0744145402840795,0.8036233389565248
TEST_00151,2.3098619307092765,0.10974765628522122,-0.13513514319464567
TEST_00152,2.456391475358249,0.8143865709776926,0.42130680539523707
TEST_00153,3.743292484376819,-0.37641940362126364,-0.5760545706475492
TEST_00154,2.9500354819749197,0.23096063178148593,-0.20451774933908648
TEST_00155,1.9792980709257142,0.18039740837644258,-0.5897517618499564
TEST_00156,1.9518183877144593,-0.4726934516705796,0.3985735083099079
TEST_00157,2.390919982690561,-0.5609193187979115,0.6140720236224075
TEST_00158,2.666074009950136,-1.429555458027536,1.0774172108860438
TEST_00159,3.8432730908012527,-1.23737343425092,2.111018545964074
TEST_00160,1.5126289640044965,-0.02062383559972527,-0.07876878517543422
TEST_00161,1.1289600315622614,0.5979685811037982,0.027081324269984556
TEST_00162,1.3228444184726917,0.9336107928692216,-0.08088805355969104
TEST_00163,3.7227440895085184,0.20395198107756476,0.0505680410649733
TEST_00164,2.5085015723620145,0.076814105857783,1.0401938866521132
TEST_00165,1.9022162272938496,0.4567120390595767,0.5043144241176594
TEST_00166,2.938424637482298,-0.5667446464022035,-0.17634109723601735
TEST_00167,3.783363615676636,-0.05521847496481252,0.2669870252489679
TEST_00168,5.491043810584936,0.3089132523138217,0.09874789677544163
TEST_00169,2.627360047509249,-0.4675053085185956,-0.18384860267709058
TEST_00170,0.9027138338924834,0.39711353099149577,0.278557727423031
TEST_00171,3.4718801030280697,-0.1418825849973423,-0.06461537742526616
TEST_00172,4.974803554081578,0.7852198571373966,-0.8796728092787333
TEST_00173,1.2952718687879015,0.17738782276741133,-0.0783424750940645
TEST_00174,3.1306649877177173,1.9348707669428273,-0.1825103972954537
TEST_00175,3.400383878163955,0.5774668861513078,0.5177306206878797
TEST_00176,0.9813962559902017,-0.6079715247431072,-0.1751945395187145
TEST_00177,1.5461186100225048,0.7632139537809082,-0.21585202980108004
TEST_00178,5.2226528559870875,0.5585852509574157,-0.12927536786765043
TEST_00179,3.827864646016389,1.4272734864234131,0.1267306134560871
TEST_00180,3.14751045112802,0.38861432500904514,0.27015499911058
TEST_00181,2.8941442260247983,0.16755783978626315,0.018960123488801883
TEST_00182,1.4738757222242356,-0.422788410769524,-0.3210393391542752
TEST_00183,2.069989030694846,-0.18627826571061395,0.36561720172913714
TEST_00184,3.0875934807062437,-0.09767849161761583,-0.2572948530710731
TEST_00185,3.025683736623225,0.8420120219972246,-0.4392477130424179
TEST_00186,2.4539815621902332,-0.10750884744531505,-0.38488293140125934
TEST_00187,3.6167938344500623,-0.6513675135296693,0.33687373361956535
TEST_00188,2.5143323784748604,-0.363100177624956,-0.01030777136831648
TEST_00189,1.4297702043120082,0.7405201319378936,0.3022296591052676
TEST_00190,3.017733829420509,-1.8794629837365067,1.1489899784434079
TEST_00191,2.7844832067024154,0.41865570057941875,0.3532341504144577
TEST_00192,2.356461424949937,-0.6918727863813712,1.1011295080022832
TEST_00193,2.9064651896585127,-1.117260462783122,1.1005431542480706
TEST_00194,1.3763003808681231,0.16798000668801114,0.09423045854105584
TEST_00195,2.216821151436181,0.6484076967387031,0.534164356551014
TEST_00196,3.3151990273469023,-0.2759735897603592,0.5282767210269043
TEST_00197,1.9914988960707443,-0.03523778968379018,0.08818442768355939
TEST_00198,3.725071878023575,-0.1970031617295665,0.7367892510062364
TEST_00199,3.2943939028908273,-0.5777965275496914,-1.1057241953999861
TEST_00200,4.748986655923406,0.283299446554191,-0.1947317546340377
TEST_00201,1.8166518266996388,1.0947982270533378,-0.196574411631259
TEST_00202,1.7760643161057623,0.412482814568965,-0.47669541308965485
TEST_00203,3.108244166667843,-0.4075850178669056,0.07182077041643083
TEST_00204,3.2150878398775187,0.9841206341513953,-0.011616421399651569
TEST_00205,1.2844532929375814,0.4888247938619682,0.24506625549679986
TEST_00206,4.153494241746877,0.4150842589322248,0.5443545128804113
TEST_00207,3.81720651248038,0.7547992764420258,-0.1509182915555449
TEST_00208,4.598779957261791,-0.33953568469676554,0.8269660547258768
TEST_00209,2.238747309395989,0.6551861839357368,0.17089236787707066
TEST_00210,2.470646285954001,-0.17028842607610772,0.21079018317317688
TEST_00211,4.084885975789157,0.2679465616894329,0.17937293760848497
TEST_00212,4.078310501415718,1.0430088414917469,0.041957473989884274
TEST_00213,2.268364382447623,0.6942281936742917,-0.2595078278006597
TEST_00214,3.0721468393722535,0.0730910681845618,0.4110491453847796
TEST_00215,2.814868224143313,0.2931739884381415,0.27938115813555087
TEST_00216,2.8024549817582396,-0.5168801653637175,1.5591868100477202
TEST_00217,1.5050925476076127,0.17464175170625487,0.7248830583930381
TEST_00218,5.291046879805216,0.22255716174416584,-1.223680685504742
TEST_00219,1.3989110411534855,-0.2836298264666414,-0.2203494263288852
TEST_00220,3.2226613620151627,-0.20678449571162683,-0.7823849259533691
TEST_00221,2.9901209976908776,0.2685879603569084,-0.10156263397025554
TEST_00222,1.3867632647129726,0.4789354705498025,0.2838863358396325
TEST_00223,3.7474733877028514,-0.40690323542763857,0.27113638260607925
TEST_00224,1.3006874984361758,0.5837037027111741,0.08872967925118823
TEST_00225,4.935780636078116,-1.7270378425062458,-0.4158466957739641
TEST_00226,3.021790345161963,-0.26740580372838585,-1.1115427577811843
TEST_00227,4.511376474755537,0.03888120716888574,0.6173584498972245
TEST_00228,2.2627921817362555,-0.42964753700858943,0.2112428015547932
TEST_00229,3.9510855238128157,1.7091186632893876,-0.570801670289293
TEST_00230,2.306993856481242,0.19525389827437697,0.5829083864372883
TEST_00231,2.7210672242330385,0.8023410870591683,0.11857433315114549
TEST_00232,3.430547391364734,1.7406723316704575,0.06243665188968981
TEST_00233,3.317809471989104,1.0419540560651979,-0.8417570695467097
TEST_00234,1.9609973845827455,0.6700288161792962,-0.05088059672253942
TEST_00235,1.9947541661684196,0.061921022872477575,0.20151637482936258
TEST_00236,3.4554533202799154,-1.7271556201677003,1.3440869305218024
TEST_00237,2.0994686841200476,0.9373543109949873,0.19606743100939342
TEST_00238,1.748470611041128,-0.241941803230973,-0.6526954973660621
TEST_00239,6.319169000253136,-0.5694053913028687,-0.8370043890214247
TEST_00240,2.5643606337107956,1.6276999133467394,0.5956532140771852
TEST_00241,4.71114209233748,0.874496076071836,1.3283694418281415
TEST_00242,1.312074911121299,0.4087038401811422,-0.39296701554439334
TEST_00243,2.0255534311706733,0.8335162014647477,-0.8812073055490414
TEST_00244,3.352148273384574,0.21981443466183986,0.05720188630120172
TEST_00245,2.253297990526852,0.9637821916211152,-0.2712406386996717
TEST_00246,4.0239526895766335,-0.2688588097008178,0.16072208913133704
TEST_00247,4.484708080410473,-1.0379036929544543,0.31154359149426075
TEST_00248,1.229501892825168,0.5750637190188639,-0.1063565165849185
TEST_00249,3.792603704632315,0.26469308571302996,-0.44547133246987053
TEST_00250,2.049448969546746,-0.011359598175100247,-0.006265975941507425
TEST_00251,3.672431277079137,-0.06547393546462384,-0.09381636080422613
TEST_00252,3.074941550494911,0.22283307947575515,-0.5772578712154899
TEST_00253,2.7749180818617596,-0.31048764939350393,-0.22831758907195981
TEST_00254,1.5998692932756065,-0.6541414892642597,-0.0208888233524547
TEST_00255,1.8829931425679693,0.018523464816408937,0.025521621539187588
TEST_00256,1.077925823345697,0.3582265788431661,0.6360321141364162
TEST_00257,1.7945368532550285,0.15092363251769186,0.09059192620504813
TEST_00258,2.5191745916968085,0.7756860439083978,0.45421946440209593
TEST_00259,3.2555236765509714,0.2992479043769844,0.9947937214847462
TEST_00260,2.408365765099398,0.8755948868748142,0.2030204612070551
TEST_00261,1.655583924201856,0.11779941667529518,0.44962610032245515
TEST_00262,1.0559316179823233,-0.02643590243710514,0.22040492416120547
TEST_00263,2.1270751637919862,0.337876966092657,0.6623325257300289
TEST_00264,3.465785735527553,-0.056181429909487754,-0.40667336794960873
TEST_00265,1.2038984290680814,0.4901083587950739,0.5776602324768174
TEST_00266,2.792844434390547,0.41097769713705995,-0.016659750093855504
TEST_00267,1.2760765468087285,0.5425373563369136,-0.3057575449515394
TEST_00268,3.2574606833976083,0.3019966224544515,-1.0230652789031356
TEST_00269,2.779668879972884,-1.3011899657088286,0.4057912976667907
TEST_00270,2.788642899645781,-0.498065039982945,-0.4358090239016412
TEST_00271,3.034461097366777,0.9063729461978169,0.28069327473785516
TEST_00272,2.6865774573964045,0.2702496685098651,-0.30064297582517174
TEST_00273,1.7907494448038823,0.12518472916547518,-0.3546839093629985
TEST_00274,1.5697500440586842,0.7039672174145226,0.13108294987136618
TEST_00275,2.1130367092544975,-0.3042043646791003,0.3504322711009065
TEST_00276,3.942903386746101,-0.5066613551419149,0.6770880702457751
TEST_00277,3.32674305213818,-1.2374028200148095,0.9470561083770035
TEST_00278,3.92510275909536,-1.12126894795945,-0.5902006279182286
TEST_00279,5.390452344945432,-1.4727014621426677,-1.000368781925627
TEST_00280,3.114911780309558,1.5756378619295637,-0.9156821929935498
TEST_00281,2.0826079890215925,1.5669281811269196,-0.5605801869313926
TEST_00282,1.4647403727172106,-0.7192142297482528,0.8923377393218991
TEST_00283,1.3189564347851142,0.5846233591856745,0.4713012260322132
TEST_00284,2.717277958132369,0.010363355133634447,0.2671745939108891
TEST_00285,1.5461167341990327,0.33637529757420015,-0.35107503336084406
TEST_00286,2.0275219739366532,0.24409877993560045,0.255119267738547
TEST_00287,2.416396162517152,-1.0695141307017664,-0.5115790279512079
TEST_00288,5.438572290505226,2.323884469372757,0.60880751400561
TEST_00289,4.349145233941067,0.37846542618545476,0.8323579520564008
TEST_00290,1.9803699234442,-0.3233016365185783,-0.005825220890555227
TEST_00291,0.8998735352338169,0.2888850369595457,-0.07283806414929546
TEST_00292,4.117063063399565,0.9856363824488648,1.895011546992152
TEST_00293,1.6558867238900383,0.21090541813545868,0.25325405939075724
TEST_00294,1.8233612129073353,-1.1622569307675863,0.23956044254191045
TEST_00295,3.4572298086471442,-0.1366657252640659,0.5281979675333455
TEST_00296,3.0143279674802366,-0.7880913934922337,-0.5794296020660601
TEST_00297,1.5938355022553954,-0.6999445935655336,-0.3421750589186888
TEST_00298,3.5088355469427075,0.9433600194676836,-1.3270273735257172
TEST_00299,4.364314142938253,0.7954040340887791,-0.5871359122308751
TEST_00300,2.109786605400502,0.8733269110297409,-0.5701560535412852
TEST_00301,1.6585751176176633,0.18466683931686173,-0.27868653662800924
TEST_00302,1.660289056745415,-0.07479327688632435,0.2856584624123842
TEST_00303,3.192577326109098,0.5134492464979994,-0.03430932441337381
TEST_00304,1.8674092720012057,-0.16017387597038252,-0.4573898729882393
TEST_00305,4.012182973248762,0.6001500442734294,0.8229215870275386
TEST_00306,1.0311158921262056,-0.36812931545295613,0.053570732052981004
TEST_00307,4.163838706394981,0.016429901985589166,-0.8118618957870587
TEST_00308,2.868548939170728,-0.5285909709198154,0.07510403777703867
TEST_00309,3.693619315443266,-0.815192584956495,0.6123443602146377
TEST_00310,5.130225437731095,-1.3374107820581835,1.6019073565688948
TEST_00311,2.947028779722888,-0.8504558351394443,-0.07448321253321262
TEST_00312,1.210147930774291,0.30440548397658523,-0.17821540578638562
TEST_00313,1.7518082490812388,-0.061192473140176784,0.34418926138492745
TEST_00314,2.239966412768967,0.20544582976973363,0.04530134010651813
TEST_00315,1.6451628907722569,-0.3884265510240296,-0.44910114241187865
TEST_00316,3.5784743935359002,-0.3274253034643884,1.263850448654962
TEST_00317,3.4108025263770023,1.8579081350696527,0.18284629616095993
TEST_00318,1.4716612882475713,0.25801365895398304,-0.07486135289280545
TEST_00319,5.314116996403028,-0.06831032495957269,-0.38195653641486066
TEST_00320,1.300939872352026,-0.19659008838190187,-0.1707299665318253
TEST_00321,5.359441126048424,0.5338875429694582,0.6432100680074149
TEST_00322,3.95758394956321,0.3310338534329855,-0.4778147226653555
TEST_00323,3.847987525527203,0.9129939414261311,0.8138452897102154
TEST_00324,2.722076252367527,-0.6423678849674377,-0.26537855455984444
TEST_00325,0.8949975255275728,0.20365171395296428,0.25424069145135086
TEST_00326,4.80090159066054,0.43500020747424833,-0.22312767725709973
TEST_00327,2.049431909657077,0.17996139541868672,0.17961913047846523
TEST_00328,3.3697380198731377,-0.24430891158872223,-0.30282422649368335
TEST_00329,2.917737241510052,0.45085668137941215,0.057858237760634965
TEST_00330,1.5550010414948274,0.6128921037277808,0.03165905418092485
TEST_00331,0.8135641610651899,0.167912633497291,-0.055763870099082215
TEST_00332,2.7970165623798104,0.41331126873680485,1.073555708866973
TEST_00333,2.675908760155438,-0.7814621158571016,-0.3622926996935973
TEST_00334,1.3784441263017737,0.9531988060964462,-0.1690651156626133
TEST_00335,3.7013213531194924,0.12593490478207184,-0.051559496301584115
TEST_00336,2.957361294465199,-0.34310627885723116,0.22406277798746058
TEST_00337,1.81255604805523,0.24566632044511924,0.1831225674670593
TEST_00338,5.477970226262365,0.006512039002410148,-0.8523605053923732
TEST_00339,3.692439792440108,0.09084781384216964,-0.021988132724646368
TEST_00340,2.2981310868544567,0.9592606809271957,0.5234284572487753
TEST_00341,3.6170428472006213,0.1387627299655683,0.07233827095477093
TEST_00342,1.8609742909246139,-0.555924489187799,-0.776752249778554
TEST_00343,1.5897133470579619,-0.6643944590841482,-0.31610422426401785
TEST_00344,1.5326878114890794,-0.14386794583503873,-0.044911888707337075
TEST_00345,1.6644985262159369,-0.1061286691402424,-0.15675024994399622
TEST_00346,2.573809288312242,0.4359058893573443,0.5564928334738316
TEST_00347,3.879568110070377,0.34970301849494423,-0.6955733493768176
TEST_00348,1.9757709813850157,0.5375315123916804,0.0037276433014620577
TEST_00349,2.0807943954332884,-0.98804148558066,0.10384395116907669
TEST_00350,3.3649154713498897,-1.554347327308453,-0.31565462859335175
TEST_00351,2.3474071140770496,-0.767264377206748,-0.5665284115432884
TEST_00352,3.388523314935876,-1.09772327948806,1.213930576995298
TEST_00353,3.532972026956346,1.2010053749781378,-0.5998156471429174
TEST_00354,2.7613356798121074,0.28605920982263894,-0.06265741829216595
TEST_00355,1.8965918312694634,-0.0636867300051926,0.08366614905216865
TEST_00356,2.3057989302367745,0.4659539217934338,0.12014403896857907
TEST_00357,2.8613712120935495,-0.754875958788879,0.19240202204108325
TEST_00358,1.379572727738889,0.11777465555652128,0.10104912950442334
TEST_00359,2.907191047585357,1.3890160945130545,0.20979267233634433
TEST_00360,3.1299473976309278,1.958975359901097,1.3674857492566679
TEST_00361,4.652173875364558,0.2510886832616661,0.4432384003228547
TEST_00362,2.5638049844118056,-0.5225249502274907,0.17547598313149498
TEST_00363,3.002187189107465,0.10384128934927403,-1.255787206305549
TEST_00364,3.737617517987081,-1.5092085893175187,0.1032875975152667
TEST_00365,2.9162331121331233,0.673915615266209,0.8746305295553266
TEST_00366,5.17228322899482,-0.43730672056474684,-0.18701250919205423
TEST_00367,1.8805410343230864,-0.4649477664783532,-0.4626419281528593
TEST_00368,1.0586494663716681,0.18643284527676943,-0.32746161143867686
TEST_00369,4.313229571628544,0.4276867232453243,-0.49979089356487894
TEST_00370,1.4445756545573112,0.767143409086715,0.16654208431060102
TEST_00371,1.878421501320086,0.37254722769035936,0.22313394339096648
TEST_00372,1.6575483313054715,0.4732208394197674,0.6520555927511467
TEST_00373,2.9805562540701365,0.3768440158747983,0.20661938443209313
TEST_00374,1.085076708577754,-0.30947105261597685,-0.2615067681164608
TEST_00375,3.446700372793018,0.9530760664657639,-0.23511197175480694
TEST_00376,1.0998898873220084,-0.6972158544485725,-0.1278609812187532
TEST_00377,2.232623608393814,-0.15769343383228135,0.4000801039413088
TEST_00378,1.629712122502406,-0.6709612995589266,-0.09824351583999989
TEST_00379,1.8023499833672114,-0.9144363997718656,-0.4682929161487802
TEST_00380,2.8034933941497835,-0.6649927614329453,0.32137759003231386
TEST_00381,3.4850526046352854,0.018236407334670197,0.3246641762560482
TEST_00382,2.168932891181921,0.32202929511003603,0.4806108360567378
TEST_00383,4.041314087954005,-0.4175736089938654,-0.40957158621812073
TEST_00384,2.1625001392673955,-0.4517087094987049,-0.5267067625904174
TEST_00385,3.5646335793619883,-1.4723640659661859,-0.09000763006666554
TEST_00386,3.0212340273266536,-0.033411840004427686,-0.17226565009411063
TEST_00387,2.1857592165633184,0.02596887331964079,-0.03745437256224918
TEST_00388,1.6669591055806772,-0.10852799229077721,0.19033447856491384
TEST_00389,2.4156598042064954,0.4652456751205544,1.4428739920640878
TEST_00390,4.429264859092951,0.28201901199862195,-0.6501922747000697
TEST_00391,1.6140912716568983,-0.5428095153553818,-0.059294965407616834
TEST_00392,3.0656136330855523,1.6012459838567201,1.5339027008266823
TEST_00393,1.9271492988505594,-0.18249429542964496,0.5568886997404184
TEST_00394,2.877812885606029,-0.6012328729860162,0.5721312471575102
TEST_00395,1.0263780543642276,0.1129569302676017,-0.22431588254192228
TEST_00396,3.8312325025329765,0.7658619432261268,0.32402042811521053
TEST_00397,3.358219196365743,0.8240264539289889,-0.8418274903896363
TEST_00398,1.1780325488507983,-0.12038225126298634,0.2805426784520074
TEST_00399,5.76770432464526,1.0368564617045164,0.27354736512958416
TEST_00400,3.931147956968183,-0.12758075638390548,0.2426252972073734
TEST_00401,1.840380042944861,-1.1801769159069007,-0.1838268443115101
TEST_00402,3.7221914316734024,1.276783825703717,0.33068224503652144
TEST_00403,3.019748457303292,-2.3580920448310105,0.40505108558110386
TEST_00404,3.1331660008110394,-0.24767121903948736,-0.4871431496591532
TEST_00405,2.2078748625645495,1.0831607627071504,0.7341842648206776
TEST_00406,2.966388026192932,-0.3649093060009642,0.8353806508378582
TEST_00407,1.3111658594046929,0.844579814426907,-0.13623406868838425
TEST_00408,4.532476110290717,1.4829953246058973,1.082608322817816
TEST_00409,3.1904524758851185,0.34364218597282037,0.2520324338540428
TEST_00410,1.603618467031685,0.45125007972294073,0.39999604239254427
TEST_00411,3.5929437555099115,0.24117767276651217,-0.3292475582784748
TEST_00412,2.097105034366158,-0.448231020371425,0.5526941539564797
TEST_00413,2.325550405386546,-0.350448075748738,-0.09056600514072662
TEST_00414,1.7355625506797416,0.4037092228610178,-0.11788659199312077
TEST_00415,3.9633382876530585,1.0073360952144763,-0.5868668989323096
TEST_00416,1.6183892654461636,0.2764033501344665,-0.20986931716138207
TEST_00417,3.617805749530444,-1.4365237247236577,1.201035318842006
TEST_00418,1.853243057323953,0.25764991044108876,0.23790029155083603
TEST_00419,4.011028445959976,0.40978084696848127,0.4807330905894882
TEST_00420,1.3558101496623562,0.13519303767486987,0.05012797363967055
TEST_00421,2.942643079829396,-0.44831934173346344,-1.0073112744331725
TEST_00422,1.6403777532765156,-0.10591532658967788,-0.6648161209515551
TEST_00423,2.612852968157339,-0.7280522806224314,-0.8552756174751656
TEST_00424,1.1215041138123503,-0.5260507469444506,0.34201399807834026
TEST_00425,2.572898276800745,0.8183994739201957,0.29598627357033125
TEST_00426,3.107087118796352,0.24828721112514832,-0.7443555554262252
TEST_00427,2.9566270680017315,-0.2860642057346233,-0.529942112419002
TEST_00428,1.7732161521197054,0.01619574675321727,0.21933695229911016
TEST_00429,4.149611116654993,0.03876775640364668,0.07833774790346942
TEST_00430,1.1404764821664504,0.23713559800342263,-0.3232386142976271
TEST_00431,2.1885712472485923,0.41612806440533034,-0.056130251140820826
TEST_00432,2.7741086373852353,0.4598393707900345,0.5204643863212136
TEST_00433,2.615414943495479,1.1249067168650986,-0.0640871135266919
TEST_00434,1.2307961451905283,-0.3581788653392376,0.04134566298232603
TEST_00435,1.8728115034579995,0.7545314392708063,-0.3427317624127073
TEST_00436,2.1682549063931646,0.5148385383901484,-0.02033937925581177
TEST_00437,3.0623654801546314,-1.0178453052882985,0.4343209661134855
TEST_00438,2.8023147190227786,1.5602798893783867,0.05232784378254255
TEST_00439,2.4693295509110076,1.4337347118515222,1.5443884723099999
TEST_00440,2.954780399568393,0.44537911746253933,0.631853480143351
TEST_00441,2.267220082708552,1.0765514174440252,-0.9023103314611823
TEST_00442,2.775129847269324,0.3870399442695717,-0.2392325271037043
TEST_00443,3.5493497221998425,1.0059663737117748,0.07153128318949975
TEST_00444,2.6679702208349303,0.6093196990809036,0.455212236535103
TEST_00445,2.472958862618465,0.44509686397937764,0.6271548715110506
TEST_00446,1.915081709497801,0.44924367298596446,0.03012649369328542
TEST_00447,2.5099296556219346,-0.3845441635121569,-0.6032627791881277
TEST_00448,5.052495681537435,-0.3650924022163777,-0.5583924624162474
TEST_00449,4.798744739618607,0.7430777733802961,0.16197429425912768
TEST_00450,3.253994122131795,0.4308720431799002,1.0893861937274063
TEST_00451,3.290534003113543,0.1080931896230718,0.33912765430859976
TEST_00452,4.26724742647404,-0.3726214399229361,-1.0939315674719907
TEST_00453,2.8747705985662777,0.061107869163810724,-0.27612027955921525
TEST_00454,2.775982575330927,-0.3492654942644088,0.6618942059909289
TEST_00455,3.2574065348778167,0.25002498316546073,-0.42406539082827543
TEST_00456,1.9499923730885311,0.42782070319534343,0.7277049017271012
TEST_00457,3.7923953702047717,1.104049989022469,-0.6972401731296458
TEST_00458,4.398223472890794,0.05838923773300728,-0.2864216431980372
TEST_00459,4.477782326108199,1.4960464708278898,-0.9968733977918158
TEST_00460,1.8804141099760165,0.4700061649248347,0.3383887144303373
TEST_00461,3.5741175124566094,0.41747968722617,1.23145346625126
TEST_00462,2.3390445534212057,-0.07149724169551544,0.8949109409708698
TEST_00463,1.2660834694652705,0.4236667380620556,-0.19394319177022454
TEST_00464,4.006476859064704,0.6123889518761748,-0.527952171141764
TEST_00465,2.854867060830088,0.08894238999189726,0.050988612232043824
TEST_00466,1.3122953494649803,-0.6580697566765515,0.21512721753854228
TEST_00467,4.177675669959672,-0.12426770125230079,0.5317631400817191
TEST_00468,2.078459656777086,0.11494530740707004,-0.026002806037869627
TEST_00469,2.3712799737249877,-0.318974393695901,-1.5409045218557567
TEST_00470,2.6922421997857047,-0.15575369034089728,-0.4136134974943714
TEST_00471,1.3216966028784198,-0.5834259869058902,0.13888808308602843
TEST_00472,1.2895379469599633,-0.7129272598903406,0.5427258318030146
TEST_00473,3.046910928322194,0.8591846854215197,0.685928706336979
TEST_00474,2.8084949713873466,0.3852687517831202,-0.2855434910661808
TEST_00475,1.58508146173045,0.021685764596365096,0.7104011736768183
TEST_00476,4.4493486576941494,1.3588430606144704,0.5743564119498196
TEST_00477,1.7841499738383744,0.3046478372782726,0.21784070360389932
TEST_00478,1.3469565475492244,0.6927715308628042,0.569927737760777
TEST_00479,3.6195087605821334,-0.29578832312006376,1.6320246688547113
TEST_00480,3.830422836193951,-0.550582857164678,0.0577221301469432
TEST_00481,4.035047661853427,0.007137675462764872,1.024803051264737
TEST_00482,2.4633547810158682,-0.32264575729075734,0.20804096087333987
TEST_00483,0.9791033017300435,-0.47046896218834067,-0.15804028874651463
TEST_00484,2.1463344684006884,0.05217448383829065,0.5207657266281229
TEST_00485,1.6310164507983194,0.5874614839090044,0.046940612129123226
TEST_00486,1.185703591685136,-0.4240927464753111,0.2836686005388551
TEST_00487,1.088785654674441,-0.026828990395453486,0.36626042099421485
TEST_00488,2.304166862294209,1.1053369933461397,-0.24459002782152836
TEST_00489,3.203132683386483,0.28290457796393015,-0.22892585093870121
TEST_00490,2.0067435633356645,0.8532503051267057,0.37725368801104264
TEST_00491,3.600720217528933,0.19045942075446862,1.141334259317547
TEST_00492,4.202041083055406,0.8857696167213092,1.547869167659829
TEST_00493,2.5381979968323543,-0.1168760833202606,0.32116937769591475
TEST_00494,1.9099510212878024,1.0546772112235652,0.003214227649268841
TEST_00495,1.7781026418300157,-0.36542992880709707,-0.06042562873190157
TEST_00496,2.1781570697541524,0.7072310873984664,0.373540969784678
TEST_00497,1.9859818628763228,-0.6778333204968708,0.043251367480657305
TEST_00498,5.373722809667703,-0.8225522541165865,1.800937297038485
TEST_00499,4.117686567919025,0.301201335937986,0.24548100579700977
TEST_00500,1.9658206030399175,0.6747137245631648,0.4672693698679115
TEST_00501,2.9583537905745003,0.23278759463842924,1.3218378671054116
TEST_00502,1.895095318170076,0.43548258664843004,0.15060746154968582
TEST_00503,1.7930520353133208,0.34983751590266254,0.059195202790127674
TEST_00504,1.985194378906972,0.0964339314533295,-0.49112009596205153
TEST_00505,3.541500224906429,1.547583406139768,-0.24806033063095
TEST_00506,1.8927691230330366,0.3216322368885992,0.4798476208519672
TEST_00507,1.3870652464510806,-0.005786521040168175,-0.24796747164630784
TEST_00508,2.259475782794459,-1.0012040725944422,0.381892354256788
TEST_00509,1.3170077833451697,-0.4327876644529915,0.6720489938152981
TEST_00510,2.027652188987748,-1.552931587279635,0.5993980311704667
TEST_00511,2.667287260302767,-1.0203473595130768,-0.4571741893432455
TEST_00512,2.625835424199561,1.1479319420190113,-0.530400007940738
TEST_00513,2.540258444648501,0.6392877120278564,-0.5997673169153153
TEST_00514,1.9095142238409502,0.49770776666490874,-0.22675856531121874
TEST_00515,1.329198974382057,0.31974751776902,-0.10559157214514778
TEST_00516,4.028202722721318,-0.3736930438658221,1.0264227659369791
TEST_00517,1.639836088752824,-0.3818994989553815,-0.17752997612927193
TEST_00518,3.835235286848664,0.49228889029806494,-0.045370106872261104
TEST_00519,3.5919584627467414,-0.8184572808125974,-0.9643415985066818
TEST_00520,5.056859379464004,-0.5787067444025882,0.4785092326607598
TEST_00521,2.187650035671959,-0.8415250732803254,-0.08643462786017161
TEST_00522,3.6262088902911347,1.310789840064555,-0.09164948528778118
TEST_00523,2.169248435115619,-1.353886943340128,-0.27292953138226633
TEST_00524,3.0845159327451963,0.2934420073616086,-0.382870911531988
TEST_00525,1.5827210498589794,0.7104803186813627,-0.20686768318975843
TEST_00526,2.8028177263100154,-0.7969283473357673,-0.7552973443682398
TEST_00527,1.781052013829852,1.0404742894595083,0.23243989191771755
TEST_00528,5.806984243472944,-0.6316693111974986,-0.6358675978997274
TEST_00529,3.483592987259341,0.23895898114019704,-0.12617169426633326
TEST_00530,2.931545036927818,-0.0654378291222491,-0.8057042639816018
TEST_00531,3.867605451147222,-0.2711195722702496,-1.047813800751498
TEST_00532,2.4893006870783245,-0.949945470346992,0.25972251772700067
TEST_00533,2.6778185558417786,0.23006815365900615,-0.23410133260559735
TEST_00534,1.6681885218254424,0.9827446180136263,0.7506206953539898
TEST_00535,1.889575205120629,-0.6759367234496683,-0.07923757319630008
TEST_00536,3.0189026129631333,0.26110102054703577,1.642411318315731
TEST_00537,4.0341056704872935,-0.6934073950939368,-0.6270631467828756
TEST_00538,3.514939799927501,-0.06542231164157043,-0.5724220287402106
TEST_00539,2.4128290958876697,0.9359124817030523,-0.32239661494016153
TEST_00540,1.0799876496602128,-0.04592504561184993,-0.16779223955956285
TEST_00541,3.8263108679089504,-0.40118831948105727,0.33919874643724385
TEST_00542,1.7719750879073348,0.781309834272044,-0.10815789359905155
TEST_00543,1.5215073865896163,0.46991572550516825,0.16471161421730918
TEST_00544,3.7259437884804765,-0.39461829461835096,-0.5508116937881535
TEST_00545,2.824707101159896,0.08102710268553,1.5213528673095682
TEST_00546,1.181718326756792,-0.32057831839134043,-0.18727351916969456
TEST_00547,3.120043806210136,0.37301899327877314,-0.4696679193858708
TEST_00548,2.92632692446905,1.184511165702945,-0.3938449880022711
TEST_00549,3.2661083880562756,0.10518677193003785,-1.0464100089808963
TEST_00550,3.8821175208372956,1.2170401283798502,-0.0005845310337099116
TEST_00551,2.821403580051345,-0.3082145535331502,-0.25662073498448285
TEST_00552,2.2946183041559864,-1.2515000229548299,0.44843102034798143
TEST_00553,3.213558697343605,-0.2159035858409216,0.5546479854370894
TEST_00554,1.7361206725117975,0.14044135711889322,0.13299479503797482
TEST_00555,2.078107822439529,-0.7854727379722228,0.12284329912211098
TEST_00556,3.027154522629158,-1.2315684782442042,0.8309069077060153
TEST_00557,2.509421017525179,-0.344067077754741,-0.13247605802313714
TEST_00558,2.9580836659634104,-0.4026948567638295,-0.4474698755731721
TEST_00559,3.806715361608705,-0.7304507111051399,1.437584692557699
TEST_00560,3.440032070553874,-0.43562253734783707,0.969613606571594
TEST_00561,5.0173706056949525,-1.9260581739546974,1.2389835903256217
TEST_00562,1.9288240100528549,-1.5813958410626656,0.9795346387495507
TEST_00563,1.0767213781470695,-0.9250943638477773,-0.11345643552234998
TEST_00564,1.833444540967297,-0.11851975672743167,0.22238748885495316
TEST_00565,2.173870273853629,0.23338042573878778,0.6082412507428164
TEST_00566,3.0995375389292987,-0.49494790896290103,0.4629118526892784
TEST_00567,3.269723148126551,-0.5940740487389506,0.3383818734593205
TEST_00568,3.304886490972907,0.878774647275978,-0.8321708287624433
TEST_00569,3.5621567084512615,-0.09420781234634672,0.7597287976695349
TEST_00570,2.2151806240469427,0.21075477528245448,0.381380373481506
TEST_00571,3.0936688843401368,-0.39158726761850343,0.013340358158038905
TEST_00572,1.539759338226543,0.16340980403130972,-0.3012469682820332
TEST_00573,0.9644672489498907,-0.36107673063508905,-0.10249387028669972
TEST_00574,1.616768027450066,0.29602452743345864,0.5903766717131441
TEST_00575,3.1437912668619803,0.15168280350667557,0.1544768017665788
TEST_00576,2.031509079837455,0.749501501489685,0.6295988748192876
TEST_00577,2.356962980180865,0.995033932550056,0.33708980086992274
TEST_00578,3.8960871448325,0.2334190594736425,0.620848668778894
TEST_00579,2.5876439308681904,0.07281514556088894,-0.15220592317004467
TEST_00580,1.6695046277319212,-0.5903432727134709,0.6311863530092396
TEST_00581,2.8572191927316712,0.4047971466825229,0.6799762979911529
TEST_00582,1.3708661777136804,-0.12520531580407326,-0.3451161228147714
TEST_00583,3.7293572133405504,0.05232156774415034,-0.681330950343989
TEST_00584,4.075443294494277,-0.3092325933898711,0.08581479159412336
TEST_00585,4.492638399930975,-0.39492983391498543,-0.4719454458313467
TEST_00586,1.3483794723837534,-0.150385219210401,-0.33706222251704876
TEST_00587,2.016303034247754,-0.05267779352805328,-0.12182276648251744
TEST_00588,2.611334556040726,-0.7819721886558186,0.47281725923551293
TEST_00589,1.0189677351185664,-0.01253781932340262,0.45292011780186536
TEST_00590,4.02400028854407,-0.7079886702684598,0.7105040199113165
TEST_00591,3.043471880552878,0.06300451918056524,-0.05505452507790707
TEST_00592,1.7922444578695356,-0.6786439055837201,-0.14037755049037218
TEST_00593,3.33339704576805,0.7853322646324985,1.1752099524637287
TEST_00594,2.3874902564230545,0.42803848998893923,0.44556204759817536
TEST_00595,1.1221072347174006,0.11348045712219507,-0.17002550108465142
TEST_00596,4.559114464573304,1.1386161062138034,-0.7845377330427726
TEST_00597,2.8499531117583117,-0.34954830115805463,0.5704324695411281
TEST_00598,2.3091837028527484,0.11452125961402015,0.7320614156601369
TEST_00599,4.471842262167537,-1.891630601031619,2.229062306176819
TEST_00600,2.922265094273051,1.1613443092765707,1.0528762516755312
TEST_00601,2.7693958177287703,1.1176056220989539,-0.47520642253936135
TEST_00602,1.1653223601090061,0.6388369388867083,-0.10635208359077537
TEST_00603,1.3461196430742843,0.36919945370354845,0.015564231245228313
TEST_00604,3.508409649348863,-0.010263862658098064,0.1937434709461358
TEST_00605,1.1358322252158037,0.5530613459577035,-0.01855175196948469
TEST_00606,4.732601481174607,0.7385436644553746,0.988462977518782
TEST_00607,1.6774383294851332,1.1983500693970792,0.5334026042237279
TEST_00608,2.0042690533701486,1.5513870530660694,0.35115189552645865
TEST_00609,2.5387949537218986,0.07626341247361006,-0.5833641591614278
TEST_00610,2.0782909167507126,0.5896107896715164,-0.13172438929512478
TEST_00611,3.744681767471664,0.024325835029945404,0.8824176466941851
TEST_00612,3.494786896610368,-0.982781613365709,0.030123535036446186
TEST_00613,2.7191314006444633,-0.046266758536417776,-0.38476604619933347
TEST_00614,1.5623134183317877,-0.2695148280350751,0.339987596488757
TEST_00615,1.1946540681974218,0.027047472458329867,-0.1476885346742425
TEST_00616,2.1131957946952555,-0.44520134140078416,-0.5818911317820855
TEST_00617,2.934354862377218,-0.2665504788908216,0.9472001886973861
TEST_00618,2.3971086255534466,0.7854936041962443,0.6398787537828574
TEST_00619,3.311428714592364,1.0621393822809517,0.8755642540428032
TEST_00620,2.2248745955535005,0.028136224461903985,0.484256338004249
TEST_00621,3.0338044881670827,-0.46392127702666924,0.4308399740304207
TEST_00622,1.879297984958242,0.18298062582071736,0.18402286590252864
TEST_00623,3.9985616430703903,0.5077870835694163,-0.04595301453187692
TEST_00624,3.102237308746122,-0.09753945569971226,-0.25161838666113245
TEST_00625,2.9628186026183077,1.0271709907641107,-0.093689678031893
TEST_00626,3.201602396693261,-0.5640423226745935,-0.8357742743650062
TEST_00627,2.7275194537038976,-0.18206238456226992,0.1539227332186854
TEST_00628,2.155257421327907,0.046733881208080245,-0.1601747516933059
TEST_00629,3.978456153140625,-1.0614941609393522,-0.24591193992079205
TEST_00630,3.3810424974414626,-0.8691770547968816,-0.7598544618511622
TEST_00631,3.0586000898624808,-0.7322325914949205,-0.1031916128780904
TEST_00632,2.9718443748136862,0.5986090296439995,0.5662312552229912
TEST_00633,2.697424969440074,-0.8175742842712842,0.7781122678994018
TEST_00634,1.6720621099431152,-0.2467485085652594,0.20770459855572684
TEST_00635,2.637456700382986,0.9158701365928553,0.841321063096168
TEST_00636,1.406152292648806,-0.4969002560528076,-0.33940484381975833
TEST_00637,3.106081340751979,0.1562371617080406,1.0245391702312665
TEST_00638,2.753891376454933,0.14458299728709176,-0.06301676103929481
TEST_00639,4.814027703763392,0.7478709677999389,-1.1964559804221393
TEST_00640,4.6159762533834545,0.4580097221054454,-1.0508579299017882
TEST_00641,4.6736757386270735,-2.2082200080871597,1.2085879392603307
TEST_00642,1.6921878595715583,1.056371587836218,0.8401210986901253
TEST_00643,1.9324828296218122,1.1308051509097126,0.28913840036636246
TEST_00644,1.70330459985001,0.3572691654693643,-0.2944095261650903
TEST_00645,1.2952921195136986,0.008683381813787456,0.02160213565453181
TEST_00646,2.4094072889754226,-0.8800951005611971,0.5496137238464011
TEST_00647,2.39936313429301,-0.7300272046931844,0.4732928160321384
TEST_00648,3.4032957914819164,-0.295202329724923,0.4000393451099669
TEST_00649,1.7430599825950275,0.6804602309262638,0.2935125006236261
TEST_00650,2.2156657994003637,-0.11349098653572609,-0.15738305422710905
TEST_00651,2.1021513898170356,0.626017644434354,0.23236532209075425
TEST_00652,1.294950094469952,-0.8468541685957426,0.09049937305894605
TEST_00653,2.5104859467723992,-0.5819002688236877,0.2002052291460359
TEST_00654,2.1810253508342186,-0.4753742578376639,0.3215576207727675
TEST_00655,2.797536104538196,-0.3197200107658709,0.023908143110943123
TEST_00656,1.430018951181125,0.7136516464685142,0.22962183492922172
TEST_00657,2.03165710164742,0.5471801768415456,-0.5486287050938158
TEST_00658,1.7647530987785296,1.0347785297441523,-0.5577639330796278
TEST_00659,2.728166806337458,-1.626614564509048,0.3903668904152793
TEST_00660,2.89958994904746,0.41548892021131006,-0.027114888501895
TEST_00661,1.4140876839893792,-0.6356253896696927,-0.22066596600283359
TEST_00662,1.3512518319135458,0.046770591986743,0.0862878408374681
TEST_00663,3.2110817124450564,0.5556102711354948,0.21859894661882476
TEST_00664,3.448949866281726,-0.2562577959561665,-0.21071222968317463
TEST_00665,3.5634834706574354,0.08666019344688802,0.8022617560559288
TEST_00666,2.832827654169921,0.214788449381582,-0.12614962710330743
TEST_00667,4.1768574237849325,-0.5304900197527461,0.4448337066680915
TEST_00668,2.9076916299629847,-0.8837624740960831,0.05506542771165998
TEST_00669,2.642652237975108,0.9496275901773373,1.193344961887276
TEST_00670,3.038793578270849,-0.23425814944203102,-0.590418837242718
TEST_00671,2.4046313425816077,0.24593365957560806,-0.009373526274942062
TEST_00672,2.9136700054903106,1.0020312061445487,0.9721281065203925
TEST_00673,2.866218881987032,-0.7667544789893672,0.4568331896803257
TEST_00674,2.099055989576877,-0.44141607534390537,0.5929683072607885
TEST_00675,1.80376137557221,-0.04593940161606991,-0.5068285481640351
TEST_00676,1.972038222365882,0.6852147188932612,0.03266417254062915
TEST_00677,3.2063947862923587,2.1201874221235717,0.5497824852478488
TEST_00678,2.2239575787903627,0.5471214230491689,0.5934218471922224
TEST_00679,5.85683957482026,0.6804373116792745,-0.722417571076197
TEST_00680,3.025685076934848,1.5980334922335038,0.21785294318419163
TEST_00681,3.2363907516276393,-1.3860582719107484,1.0886157193299884
TEST_00682,3.658802465038383,0.1762229295874468,0.27581179233918673
TEST_00683,2.528853153300474,0.2639462125716709,0.9153582654016497
TEST_00684,2.339486638335143,-0.16845540270031537,0.6373216940684626
TEST_00685,2.3527253459521233,0.6721525046368024,0.1094218527118269
TEST_00686,1.5215736582388295,-0.0628091740581402,0.19168337341071764
TEST_00687,5.022173917212656,1.3331123304830967,-0.9232341110051915
TEST_00688,4.073368814200416,-2.095149191057798,1.4572475646813732
TEST_00689,3.3405671846522655,0.020265203184466975,0.7076953277061405
TEST_00690,2.7287630200098567,0.4255458832180273,-0.6724135235445373
TEST_00691,2.2559402543835567,-0.052901706718734946,0.6972626115435768
TEST_00692,1.9641673407205058,-0.4291428725463513,0.6078557400118232
TEST_00693,2.3142847890881186,0.5502579529110058,0.10408641848108285
TEST_00694,2.8824782591701976,1.6718396807786553,0.7975498425440677
TEST_00695,0.9461696160796554,0.555234648290125,-0.03379138649753349
TEST_00696,2.6889640133162143,0.43184282725518025,-0.5876725131988159
TEST_00697,2.4662406867908,-0.37457577602494296,0.3956114049914881
TEST_00698,5.291080184242884,-1.6420164122390313,-0.6333558538475264
TEST_00699,1.2059599820290314,-0.02280226537144508,0.05538230156294774
TEST_00700,1.0992907902979183,0.05790492403998415,0.3756597029767461
TEST_00701,2.723916625597206,0.355677609950447,0.25895570701582843
TEST_00702,1.4333407819867086,-0.5639794387045151,-0.2729078226938381
TEST_00703,2.241345658487119,0.15858717145134882,-0.029150909272388885
TEST_00704,2.218126442809317,-0.6930951329555548,-0.37905648996343355
TEST_00705,2.617870425172388,1.3508563280479753,-0.3115471484171985
TEST_00706,2.7011233427082493,-0.23212429723331177,-0.11186755987885233
TEST_00707,4.406241678254924,-0.20387441971591563,-0.3423801908169879
TEST_00708,2.0930368933838603,0.1395890873843184,-0.15779036338358926
TEST_00709,4.20857022500432,-1.7213971692716281,1.511769544285851
TEST_00710,2.4955990759836473,-1.7075089999459199,0.7672712909378433
TEST_00711,1.4856200351059037,0.19861336205182997,0.08567003121857161
TEST_00712,2.623773922008541,0.15794073144500775,0.9341871856626501
TEST_00713,2.242607808262348,0.8304942778548474,-0.6235743114723655
TEST_00714,2.9314179553901067,-0.1521787083323965,0.04869004599900398
TEST_00715,1.0685271478665181,0.07209504843759537,-0.07260695833822357
TEST_00716,2.20355764926492,0.06280765177561931,-0.6663207373248593
TEST_00717,2.2204494450073082,0.2288184818646235,0.2845978787609562
TEST_00718,3.1306412944858244,-0.637602372331015,0.9336017837756964
TEST_00719,3.151583227696721,-1.2639169986679886,-1.4969664228117163
TEST_00720,2.9943724293727776,2.350142048122167,0.44418355614525085
TEST_00721,1.7848060054719568,-0.7132916995703082,-0.05439274871762792
TEST_00722,4.117040480136191,0.3301379493956386,0.4348673185642058
TEST_00723,2.2118479855870072,-0.3124441207025203,0.7549683622658514
TEST_00724,2.060073909058884,-0.29565030829525274,-0.3586288194986296
TEST_00725,0.8472341294451665,-0.03175902189049084,-0.18774716911612238
TEST_00726,3.242892369345566,-1.0275221070524097,-0.06185769864494957
TEST_00727,3.4487146374220323,-0.8954200170072226,-0.6041754573740054
TEST_00728,5.794160517383288,-0.4813709517201524,-0.4016342678262288
TEST_00729,3.941616408448826,0.46064033714395364,0.43712530358258694
TEST_00730,2.875064567291599,0.6316046632942517,-0.011072699350158302
TEST_00731,2.2433505216756306,0.5105677840408623,0.15131757186395572
TEST_00732,1.4386357223389845,0.10475693055253463,0.02857627918668604
TEST_00733,2.8346921229056785,0.34790148747746374,0.1410527049061601
TEST_00734,1.4366623119444435,-0.6181348970487289,-0.1104155704662372
TEST_00735,1.2087560697048698,-0.020029663463811395,0.3595189644651342
TEST_00736,2.2277310604796203,0.6241000399524902,-0.31225754044147513
TEST_00737,3.044638113429016,-1.40564196483755,0.704104122552134
TEST_00738,4.87365455927272,0.8961939741607291,-1.2791964906906683
TEST_00739,4.072193774020359,1.5087053281535805,1.274392123692419
TEST_00740,2.60780755757923,-0.4711870798371352,-0.07354478562558579
TEST_00741,1.1919751857758578,-0.42644546759080065,0.41867141270278835
TEST_00742,1.9435800261954546,0.039831192051405236,0.602053389084957
TEST_00743,3.6435800477158833,-0.46366082705152767,0.23148656792470793
TEST_00744,2.258506436545734,-0.414908068649515,0.45865034025336826
TEST_00745,2.59990475506488,0.3770255417162978,1.0804278280082895
TEST_00746,1.6443827552911283,0.30033542209464864,0.028344685857424456
TEST_00747,3.594954510301659,-0.5815715585694459,-0.764261330526083
TEST_00748,1.737019707203187,0.02646971012498465,0.11071264949187933
TEST_00749,3.7097877491469973,-0.318287365811836,1.1874705817609692
TEST_00750,1.3587553698727621,0.7234046394241131,-0.3106800018484956
TEST_00751,2.8550433109894464,-0.29829420711938276,-0.3104078484707871
TEST_00752,3.4090108372897485,0.285263295143905,0.6623727914208399
TEST_00753,3.1526428585960136,-1.375571180320898,0.845196915764891
TEST_00754,2.8064330633100547,0.0507116019423817,0.41292650995645563
TEST_00755,1.8207231276972855,0.09242046403522307,-0.2108165480858189
TEST_00756,4.0688379920748945,-0.7980598152865521,0.31933106663764343
TEST_00757,1.6629646878551536,0.3917540402742803,-0.08914037484501207
TEST_00758,2.5393193748779495,1.0673629762852368,-0.39716171321489013
TEST_00759,4.938239092149591,1.2242835977878344,0.1066493835366816
TEST_00760,4.750564092779688,-0.08283005483411088,-1.4665333017169897
TEST_00761,1.0071060428450358,0.022583135229150203,-0.057013557648069924
TEST_00762,2.708082428885412,0.10169908331328142,-0.07442801918420357
TEST_00763,3.3209312023359194,0.8585095462642576,0.311747991396159
TEST_00764,2.4355948030326524,0.255179286928488,-0.027382606654635475
TEST_00765,1.5903366973746815,0.4274229248518109,-0.012467095552354665
TEST_00766,2.114543841266668,-0.7659007312310696,-0.3567994489064573
TEST_00767,2.881430110958735,0.840826624420998,0.9436702252178863
TEST_00768,2.5140916434861866,0.29719771313199445,-1.0992985893154918
TEST_00769,2.1029237717981792,0.8439670469638039,0.036056193400109716
TEST_00770,3.379558385827032,0.34649216281675854,1.0983112571274096
TEST_00771,1.6464533117098452,-0.3576721298195547,0.33334722205941836
TEST_00772,1.3882671740960286,-0.19585626511906906,-0.15624123266940537
TEST_00773,1.9459158975146837,-0.1156572512100893,0.24133226937763877
TEST_00774,2.1808708561004297,1.2852491477644608,-0.7997207518904936
TEST_00775,4.126355825601256,1.0671013831104463,-1.1004846943240072
TEST_00776,2.882424930965928,0.22337103734842073,0.770801642782683
TEST_00777,3.190227445705973,-0.8913348307774157,0.18283168291294075
TEST_00778,4.891199771463305,0.4227331575836131,-0.32058407341880885
TEST_00779,4.777518537135669,-1.3904371723286717,-1.402686842425379
TEST_00780,1.9655486955278658,0.6676243096553875,0.4801575503770985
TEST_00781,3.193734862510309,-0.08681287670047971,-0.18291758586505846
TEST_00782,1.9121506799862016,-0.46649771647286664,0.5007865182009268
TEST_00783,3.919916142564859,0.7907065602581651,-0.005161259128460727
TEST_00784,2.322306900582519,-0.1806528384146571,0.4677046021061323
TEST_00785,2.811464817546689,0.4428239666803502,1.5263574857448186
TEST_00786,2.794332735424152,-0.2775764006005346,0.09021766775382796
TEST_00787,2.5161177796725194,0.6664683334527594,0.8944909649683674
TEST_00788,2.2775008922477498,-0.48941884907763217,0.3855778762165001
TEST_00789,2.7314638566495644,-0.9551443038741291,-1.2856283184222426
TEST_00790,4.0908835460214465,0.06632723567564287,0.586721718819894
TEST_00791,2.380772787079805,-0.31006199294270864,0.29633852613711203
TEST_00792,2.21870466831491,0.9867102770817784,-0.1454125228535938
TEST_00793,2.9498266638977073,0.5519635632256255,-0.04114196972983955
TEST_00794,2.4886921359822987,-0.581786434159484,0.41245763450244827
TEST_00795,1.7868751126574796,0.3442480290509563,0.4252171683418531
TEST_00796,4.598464776361685,-0.5000520059118366,0.13293552876746548
TEST_00797,2.85463720548178,-1.5009196337837099,0.9959094369488936
TEST_00798,3.3378116495109444,1.4394816901975291,1.0072433473818034
TEST_00799,3.6559073159949422,-0.6419068031601237,-1.2773629250453293
TEST_00800,3.5007750734993595,1.590332798925074,0.29150242753920536
TEST_00801,3.634825825833643,1.3975873304172182,-0.24433449991831818
TEST_00802,4.496926725898,-1.4312956680414506,-0.11824163966349131
TEST_00803,3.232455591417068,-0.10657555033389028,0.06449893239594956
TEST_00804,2.0882539571393193,-0.5325723002017368,-0.7596220398024619
TEST_00805,2.083040396614465,1.0697719618326191,-0.6331418439282187
TEST_00806,4.224559838501385,-0.1983625768822256,0.3342355505863134
TEST_00807,1.1356898680369594,0.41024975468341107,0.16454975513676937
TEST_00808,5.613207898030483,0.3703291435360047,0.14629245734237095
TEST_00809,2.4188127090283094,0.6984151188625316,-0.06495323601324308
TEST_00810,1.560410586015883,0.2542361431206459,-0.22497577209058553
TEST_00811,0.7869774383543214,0.4136375402990098,-0.033398943925194435
TEST_00812,2.4830593861521324,0.572209139615387,-0.31379952119822446
TEST_00813,2.3813485484819314,-0.1120104381593202,0.039880442150507824
TEST_00814,3.7069808837584706,1.6835653338420087,-0.8088500718192512
TEST_00815,2.3648475229802544,0.8866271586458692,-0.21051122567274944
TEST_00816,2.5923899779135327,-1.1369006219777091,-0.20539270883798386
TEST_00817,3.725388802176723,-1.9358004532192674,1.7399113575145098
TEST_00818,5.446757643572833,0.46532257492545503,-1.1615948774697054
TEST_00819,1.6657603267864627,0.49964175201748484,0.3096332660933398
TEST_00820,1.4608926608978257,0.29619900777628577,-0.020950388748024296
TEST_00821,2.659060816431649,-0.400727334978967,0.6473481400985056
TEST_00822,2.085319246611273,0.6704617316826332,0.1599261830914089
TEST_00823,2.4023147239762435,-0.5692161407720164,-0.45678344729981984
TEST_00824,1.675625611920661,-0.3316823558801971,-0.25867980681440855
TEST_00825,1.4079779694916226,0.49480046471961314,-0.685108750459452
TEST_00826,1.6086373788515687,0.4540662386928986,-0.31150223519062814
TEST_00827,1.1153823513654288,0.39753938608265404,0.0614713066241995
TEST_00828,2.3920252571505087,0.9315738223196801,-0.6486271767216273
TEST_00829,1.2750983864796919,-0.0861712000078137,-0.2957839710436294
TEST_00830,4.7460612044661845,-1.312571335507813,1.837703124972523
TEST_00831,2.2032144594469467,-0.41454899357450326,0.16438031570328926
TEST_00832,1.4445314797952407,0.6187791478904806,0.2857477369178839
TEST_00833,3.203443680017128,-0.9553490549997415,1.4997714357029766
TEST_00834,2.0571021900364377,0.15469410619369808,0.23430232715604046
TEST_00835,1.9092265578768197,0.6796755630066502,0.10655296688702048
TEST_00836,1.4134466179343321,-0.9175101441236359,0.002984937649202047
TEST_00837,1.3691307178190335,-0.17872598786422533,0.002453731123369547
TEST_00838,2.4124834162492075,-0.34367389496590833,-0.15252678970819805
TEST_00839,5.79362840040245,0.4463714168535306,-0.07469320705125318
TEST_00840,1.5009850422313822,-0.08283062440953386,-0.24553985511803963
TEST_00841,3.992043427129379,1.4954622609006505,1.4709522357131652
TEST_00842,3.062799504824158,0.5704307411532952,1.5577609320762191
TEST_00843,2.4326992569719312,0.6734667831823538,0.061649756198772505
TEST_00844,3.4894183004700996,0.31279358398903373,0.7094076594174983
TEST_00845,2.509547932642092,0.13529479760848992,-0.0471649380389875
TEST_00846,4.591521594249749,-0.4142908751255183,0.7743015318683089
TEST_00847,3.6562926797185415,0.34957131649410206,0.13539358555096212
TEST_00848,3.8747642790659995,1.0658389700359658,0.002958575918600094
TEST_00849,3.579263438207402,-0.0742872245710803,-0.05359620657600248
TEST_00850,3.1087258003836022,-0.3162810533293749,-0.3123709034288058
TEST_00851,4.263253729809382,0.1402286815017252,-0.1383007360039659
TEST_00852,3.221437504929556,-0.7027478338760206,0.48408234122847177
TEST_00853,1.6531915726813655,-0.6941270313566854,-0.15372287654547473
TEST_00854,3.1165827513815008,1.3375288960770928,-1.0879873812871643
TEST_00855,1.0753264845802801,0.0871579340951782,-0.2732066746263727
TEST_00856,3.267414534529991,-0.22849498402052712,1.504730783855061
TEST_00857,3.7431689883023,-1.9465459177867748,0.3292618778491459
TEST_00858,4.273661893675785,-0.1664211256375643,-0.566339523334723
TEST_00859,1.296983510228514,0.28361722641101017,-0.3942653853577496
TEST_00860,2.1569305689299734,0.303412828175017,-0.13611012226712493
TEST_00861,3.362040581549416,0.020693269991108106,0.22671620276449544
TEST_00862,1.5922895456738808,0.29384223670986775,-0.20153079771782362
TEST_00863,3.4614138001102694,-0.01613244547173818,1.0366639658826697
TEST_00864,4.061866869873323,0.1313720840910009,0.841188500919701
TEST_00865,4.908010502583949,0.3447680334490803,0.13124529817368188
TEST_00866,1.3891743498314322,0.44723344355430816,-0.044909586828641226
TEST_00867,1.836131088830792,0.49177651329920713,0.1858846295564696
TEST_00868,2.4279795753817215,-0.7667743568026196,0.23159552724942103
TEST_00869,4.380118565928863,-0.5475243549247893,-0.10882741257820447
TEST_00870,0.9783192977566687,0.4234782804577682,0.0030527109242235824
TEST_00871,1.4821909014496626,-0.3741285230734305,-0.0846334189705985
TEST_00872,3.3666305184382876,0.9844137444148375,0.13380558997923622
TEST_00873,3.538453750299267,0.2522781564435691,0.5696729668169265
TEST_00874,1.6578099872198189,0.15065802956654697,-0.04647673156380279
TEST_00875,1.066166656152877,0.3062339140641848,0.09478040368462833
TEST_00876,3.4568925779919057,-0.29593147086103483,0.3572281169556904
TEST_00877,2.615792629246498,0.8238501358250707,0.19110572672109544
TEST_00878,2.2812891633098884,0.711967090793261,-0.291992094308168
TEST_00879,3.6106602494235456,-1.0360642892085086,1.9684343353061864
TEST_00880,4.230574201206639,-1.5188659358904866,0.318455875874293
TEST_00881,4.646520979139953,1.374833840490842,0.8988571971200161
TEST_00882,2.031225677573673,-1.0404418811216616,1.268109602161393
TEST_00883,4.162114227975216,0.1321074814227097,-1.124221782746837
TEST_00884,1.8795719172043646,-0.20165749647900272,0.20791555913370974
TEST_00885,2.697319982950634,0.3390922853343648,0.5994635688874678
TEST_00886,2.0765850962236794,-0.3343908195798442,0.2616307140033034
TEST_00887,3.8715381003135247,-0.08133042761147516,0.13763572402106342
TEST_00888,4.293471434436381,-2.2055757569457652,0.9339507948216296
TEST_00889,3.5152090890352756,0.05399068917541132,0.07240553148615027
TEST_00890,1.5870991867724857,0.30437014461643774,0.17020647530749974
TEST_00891,4.0831559535915085,0.309651136720296,-1.1431657708550702
TEST_00892,4.442701549556259,-1.102656733894506,0.7315362771252472
TEST_00893,1.2821203273275965,-0.031079145436889454,-0.03245046067186053
TEST_00894,1.6776280757401139,0.6371875907264974,0.7491521783872049
TEST_00895,2.8527244195175965,0.3270986063597796,0.3085466811794014
TEST_00896,2.386364893528924,-0.17853716662288877,0.5224573228583574
TEST_00897,3.688658616537476,-1.0758101869694934,1.7001337603492337
TEST_00898,1.9508026211736378,-0.4817122209479978,0.5518838474195987
TEST_00899,3.219924043929713,-0.9447661968655339,-0.3377372094773389
TEST_00900,3.095352498086803,0.47173538909264406,0.904599028987341
TEST_00901,3.243520991742112,0.4290377676068966,-1.1326627299608154
TEST_00902,2.5001375794313985,-0.2183975166140953,0.1677823188473592
TEST_00903,2.768052505698482,-0.3404866308341451,-0.4107619550662711
TEST_00904,3.8302424404630306,-0.01681455814204682,0.8181971170868574
TEST_00905,4.106395884787805,-0.3591534570421691,0.7432093604690899
TEST_00906,1.979422016950339,-0.06153881444207008,-0.0666526878112046
TEST_00907,4.136190575206334,0.4045752995709623,-0.48304662843425694
TEST_00908,3.0805969259162493,-0.8210812997361974,-0.5740622282290508
TEST_00909,4.22538133243945,0.026868233016847376,0.4434217743259639
TEST_00910,1.9953454186602342,-0.8858017252267073,0.5529299216642324
TEST_00911,1.8018834250010174,0.04593747605476348,0.26254632943011064
TEST_00912,3.1863388367284387,-0.697901051422773,0.5871920376487734
TEST_00913,3.289179795347077,0.9082797053373479,0.49037900851117605
TEST_00914,2.4049272638167842,-0.29813998976239714,0.24960227038723354
TEST_00915,1.5971647930494792,-0.8293443183727949,-0.3072276774517669
TEST_00916,4.35960262483901,-0.026147704725771093,0.1563850564850485
TEST_00917,3.055207837914544,-2.2758106187201013,-0.8481350568945131
TEST_00918,1.6004484267833765,-0.4649204221778794,-0.5014534544247102
TEST_00919,1.1738131080918073,0.09599298420720448,-0.13132812289366794
TEST_00920,2.810310237658828,-1.6663213903676708,-0.7044117775019987
TEST_00921,2.019441335274434,1.2350525644806563,-0.31583990847421817
TEST_00922,4.290016265287648,-0.7791169952891711,0.49922864658590027
TEST_00923,2.3479611681324757,0.5364250900320162,0.6304111908075523
TEST_00924,3.2952338431201698,1.081171985432843,-0.04843332240828181
TEST_00925,0.8805904319260246,-0.12773566507626766,-0.31667556112789613
TEST_00926,4.59287664491418,-0.8229040621908541,-0.6002737318009647
TEST_00927,5.055181220772501,-0.4724903894873169,1.1968889530729991
TEST_00928,4.425907309186589,1.4908293878315664,-0.10733409604175724
TEST_00929,2.109276930887905,0.26391452076576594,0.25830201185676105
TEST_00930,2.724987934315441,-0.04281662066039547,-0.6345993588113954
TEST_00931,3.1581133618457273,-0.4244364667346379,-1.2139712949394803
TEST_00932,3.417753691484125,-0.9734829045633085,0.4392066436183053
TEST_00933,1.231997728264043,-0.3633874158592201,0.04050296633112515
TEST_00934,2.4865494401963617,-0.6464505949744265,-0.4231320650907326
TEST_00935,1.2623441574124048,0.4898120121176882,0.23348754073051858
TEST_00936,1.7959087409646723,-1.1043695481914306,-0.6071197703471528
TEST_00937,2.1085771808640446,0.7886048320253654,0.38901959003035824
TEST_00938,2.437985444101168,-0.701350541564848,-0.7809027009241949
TEST_00939,2.384231906105519,0.6002950477694012,-0.09256837061572183
TEST_00940,2.9200484978264303,-0.27254088351205363,-0.1405620568537597
TEST_00941,3.6215124906036213,-0.4435319516854496,-0.692787035018796
TEST_00942,1.7990243863855795,-0.415749717971131,0.05682830707489169
TEST_00943,3.993547817845902,0.4725714187317834,0.9436213639225468
TEST_00944,3.704170573859006,-0.28806106770791107,-0.5841052904436353
TEST_00945,2.193602669451559,1.747514691666354,1.0735952818786034
TEST_00946,2.0481890208421296,0.08203028042151371,-0.18094191764639972
TEST_00947,2.2891296859894825,-0.1498633821296311,0.08325468300794482
TEST_00948,2.023953262099589,0.4323881866851869,-0.20000941183232424
TEST_00949,1.2339390462041984,0.1855577224814547,0.555099249346877
TEST_00950,2.309662597474343,-0.1430390028431214,0.2679895409600226
TEST_00951,1.7830584196475239,0.8076934325929802,0.3159240458725745
TEST_00952,2.1297580564472973,0.1833796544742396,-0.4748028021337864
TEST_00953,3.109395858318809,-1.5694133846885374,0.8495206933632917
TEST_00954,2.796686297697215,0.06100301482041089,-0.6374605298863146
TEST_00955,2.0848812050796344,-0.04829092681945012,-0.47600966231552944
TEST_00956,1.4005198018329064,0.046395085284113236,-0.5772992873137037
TEST_00957,2.06098884506437,0.19774977399168725,0.01952073863895439
TEST_00958,3.292649369283978,-1.619096298330201,-0.45707876190009217
TEST_00959,5.49566710813794,1.7173784834714274,0.2957137001846214
TEST_00960,3.930025174761746,-0.3469741163135606,0.2722319768182892
TEST_00961,4.131510688789681,1.0399894548977955,0.7663009981362817
TEST_00962,3.371017034023609,0.6032718237682292,-0.5463034928218317
TEST_00963,3.3255777073198205,1.6924355878903283,0.08652058492659681
TEST_00964,2.589061532462697,-0.13165614224521693,-0.5934455207474248
TEST_00965,2.3308247814810965,-0.5889826633565597,0.6096694960038785
TEST_00966,4.848706526433854,1.0738370865511147,0.4910765772397776
TEST_00967,4.799214409797904,-1.2681780869044559,0.5862621171999752
TEST_00968,1.6983891743835224,0.1755250800088724,-0.02420649793729379
TEST_00969,2.033760201711775,-0.13519041060591022,0.028975410704290626
TEST_00970,2.2712338474847846,0.25647492443764447,-0.1141532997336358
TEST_00971,3.2914544047997665,0.10017346080191437,-0.3524174000763819
TEST_00972,2.9503531814612822,-0.0822813743937822,-0.36291283980770345
TEST_00973,1.0257327391886482,-0.01976899524280041,0.06814382852525104
TEST_00974,2.8693081936628633,1.3176449784540545,-0.4426879994652691
TEST_00975,2.302599666697335,-0.7517190850396548,-0.09533088684401307
TEST_00976,1.8501712870435814,1.0227742194869216,1.107346493687994
TEST_00977,3.3439938342032045,0.15824437528795784,-0.3030720744589422
TEST_00978,2.015241571118438,-1.6129354793462367,0.3573836548794926
TEST_00979,4.467965349588779,-0.6689356150682604,-1.2973121299458288
TEST_00980,1.1735228985772659,-0.3433469576752716,-0.09713706028919201
TEST_00981,2.9610324707738687,-0.09573681117319813,0.07121750015036211
TEST_00982,1.6816604051791013,0.41620203178931564,0.025725224967148488
TEST_00983,1.2803825079814835,0.3029649999034998,-0.12965378470752753
TEST_00984,1.8123039483838053,-0.10379014227831558,-0.17506594530595232
TEST_00985,1.5059522790906956,0.5305188604193468,0.6445171625920647
TEST_00986,3.2151383327364473,-0.10917854221703507,-1.3694159498828726
TEST_00987,2.9442931489830846,-0.2911988581724133,0.09350682566163378
TEST_00988,2.5938876919438205,-0.040197336363133385,-0.07224101402522626
TEST_00989,1.873094869583853,-0.11590567363503482,0.7772772530401818
TEST_00990,2.4807823899410626,1.6086293463130763,0.6105394441500731
TEST_00991,1.7190966042870413,-0.8799841647518577,0.09183519476285229
TEST_00992,1.5855049731078166,0.9185612668470589,0.45761595163453633
TEST_00993,3.999504859663165,0.13890916020614832,1.073862372887926
TEST_00994,1.3480108975228156,0.1434877547991702,-0.09868989573507922
TEST_00995,0.7599503693170604,0.018822458531407408,-0.01383950322773673
TEST_00996,2.7856799353689707,-1.604692900869673,-0.2643781759795966
TEST_00997,2.2519904122316525,-0.19133904259656237,0.17359245826472475
TEST_00998,1.420106158908781,0.5820447956441089,0.07456448287668153
TEST_00999,1.3720372342177585,-0.624731443527681,-0.6933618509194471
TEST_01000,2.769440336333357,0.8753587330450519,-0.8325523300192673
TEST_01001,3.3556936407446023,-0.9518310553526472,1.0743755939071906
TEST_01002,3.5555588324371605,0.9442792069741744,-0.4265070262349603
TEST_01003,3.671754460978854,-0.9507960030490955,-0.5097472616396206
TEST_01004,2.196942637233559,0.8311232802933648,-0.08961147875619176
TEST_01005,1.3184977821897366,0.7164573872232889,-0.08090855045100326
TEST_01006,3.7809947660545213,0.7973354256135183,1.2539154607502558
TEST_01007,3.2862347065033966,-1.4131008038236346,-0.6384331371313415
TEST_01008,4.982293699635256,-0.13068952034892534,1.4670664867298595
TEST_01009,2.4414846850864995,0.16427322651656992,0.18686846010385497
TEST_01010,2.2635923742523074,-0.10099229616534816,-0.39529265957753534
TEST_01011,2.506048594320696,-0.016172586890137248,0.09847898609102493
TEST_01012,4.836937897671874,0.5874427231964168,0.39372027908175616
TEST_01013,2.660609043101382,0.16358348252627464,0.3947151952238661
TEST_01014,2.5476279870056637,1.2929547166923687,1.0014506076217105
TEST_01015,3.098064910937419,-0.2649344966100505,-0.14566611106584776
TEST_01016,1.9258441302276694,-0.8367897770151767,1.0691677243931303
TEST_01017,3.2985718321270308,-1.0911646926066174,-0.7891578277699605
TEST_01018,3.057715664476029,1.4152408269989036,-1.1937771181513888
TEST_01019,3.8293195503782185,0.7025592405111312,-0.19457867983683366
TEST_01020,1.5575641788977914,0.2777346877429354,0.6408571908554739
TEST_01021,1.6893087565245255,0.4403583850316765,0.44680170390889373
TEST_01022,1.7885244412897963,0.08420802525054662,0.09792057246298197
TEST_01023,3.699597897290195,-1.033760718939254,0.5840694051304669
TEST_01024,2.6210311149914522,0.3725230230395737,-0.2348617080095625
TEST_01025,2.4813465420336818,-0.46291707099012386,-0.5409741132960513
TEST_01026,1.5230650364674956,0.3879074287725991,0.33621650668345193
TEST_01027,2.94910294069396,-0.040205905816724063,-0.4755928480053285
TEST_01028,2.5902529604124642,-0.5031146109868428,0.33083388492553767
TEST_01029,1.105175403133235,-0.48937143694353946,-0.6049218634876111
TEST_01030,1.1508749895563426,-0.21415393811282055,0.14491234157979177
TEST_01031,1.8713488038710804,-0.23112855355111006,0.1888621379458888
TEST_01032,1.6520969996157477,0.5269376924889158,0.6634007949600466
TEST_01033,2.248554327522453,0.27925591948510003,0.5920419475887457
TEST_01034,2.824326770808494,-0.017747135737928084,-0.5908530455033756
TEST_01035,1.356782127354523,0.35780489852826636,0.627327673368504
TEST_01036,0.978015086876163,-0.3075103030664134,-0.4184843188775635
TEST_01037,3.251861226411801,-1.9454036923730988,0.9409829673893192
TEST_01038,2.455653732073007,0.7912134260989643,-0.7301268072171773
TEST_01039,5.336934548917265,-1.6065579999502195,1.8598453559083536
TEST_01040,3.5682555138721312,0.027813564459099677,0.22780576387453486
TEST_01041,3.4598814952468318,0.2036861510035962,-0.3146680839278929
TEST_01042,1.5194302892089377,-0.32963379889100164,-0.1503019754694867
TEST_01043,3.842483224217952,-1.947768288438534,0.9584385687755693
TEST_01044,2.4423300747683236,-0.8619927943926039,0.1916612261167978
TEST_01045,1.3802962049127778,-0.04671776489853558,0.06770228321163363
TEST_01046,2.0394549752741464,0.19249203651989172,0.21658852886384417
TEST_01047,1.5948097184463625,0.7360303555682691,0.6026616956175417
TEST_01048,3.4063173297889247,-2.2795215361573202,-0.3706428318281835
TEST_01049,3.7223888851762936,0.20888326966542328,0.3852689247330846
TEST_01050,1.387058487987182,0.030510561912276128,0.372720550035533
TEST_01051,1.4282123357076792,-0.15712122512736987,-0.03678116017850615
TEST_01052,1.426204081776616,-0.05151658312365527,0.1296936777254294
TEST_01053,2.265538006154475,-0.7308319909686121,0.5166322500703776
TEST_01054,3.675341079884259,-1.079477500506433,-0.2971568387595386
TEST_01055,1.9139574639230907,-0.16066169783654083,0.3657946574962022
TEST_01056,2.175093667764384,-0.01080836865929884,0.9680700339873931
TEST_01057,3.4539717930477765,-0.819850121067241,1.1686501475939008
TEST_01058,4.689717018131475,-0.9812277490017742,-0.41019271413242464
TEST_01059,4.0758246775392895,-0.5618393853148442,-1.077110744681709
TEST_01060,1.7415666721677716,0.524420863798303,-0.17060068775759504
TEST_01061,3.0310409794680937,-0.3326053967341506,0.7451592649301627
TEST_01062,1.9502582352351956,0.722694903869904,0.17929414538965857
TEST_01063,3.318315780492585,-0.4724173937006058,-0.42565494440206497
TEST_01064,2.2379291215877153,-0.3187122017906118,0.9395693498010185
TEST_01065,3.5229358625312455,1.1067463841547416,1.6698999871603157
TEST_01066,2.562569394375318,0.14109425991175667,-0.004245320531130456
TEST_01067,4.625832806634021,-0.15419255590644995,0.3646860507656027
TEST_01068,3.1396459481152417,1.2233938897149284,-1.0649598469218073
TEST_01069,3.4851487704127013,0.8518179425250664,0.46005279462748094
TEST_01070,4.558000503204458,-0.5491090100068875,1.0418110186082337
TEST_01071,1.3684212870539187,0.2225152498114028,-0.15450576100765978
TEST_01072,1.5167548815731722,-0.05573019875194936,0.7140059721999282
TEST_01073,3.1677880830741465,0.5633611298170674,0.47029040776233155
TEST_01074,2.7928736166034933,0.0334764013997486,0.17351812333022582
TEST_01075,1.5637658270817,-0.7822281198877831,0.5686678314899841
TEST_01076,2.9532986548120244,0.4979992030281219,1.1114116526789084
TEST_01077,3.4976312708245687,1.4865371651288435,-0.5092733274177889
TEST_01078,2.419337583937606,-1.0225511219759027,-0.3905670905500434
TEST_01079,5.373913584969077,-0.830899513571257,0.7470119729157557
TEST_01080,3.6046302500605862,1.5620037069851862,0.2884952422560605
TEST_01081,2.275695889227934,0.8038458463901906,0.5777609473300562
TEST_01082,1.5666879622365126,0.47081605916386393,0.033593881354892996
TEST_01083,2.127521271571943,-2.0079021861822945,-0.5483460944826771
TEST_01084,2.244798057006758,0.6209623557526567,-0.21112403610321598
TEST_01085,2.2456747828842096,-0.17541878790607168,-0.040841528529001414
TEST_01086,2.2251813253343298,0.8736500098981669,-0.31134373125936127
TEST_01087,4.846692075102813,-0.17137446921297506,-0.42320678779407656
TEST_01088,4.991882477001035,-2.054303790738352,0.1518041657635719
TEST_01089,3.5073037131595712,-0.11723506099679855,0.09982461514252396
TEST_01090,2.7286619757094286,0.2508986271922858,0.13027759276740794
TEST_01091,4.1457076975280645,0.29012706574063224,0.3090091968697176
TEST_01092,5.044627772873674,-0.9673471013482553,1.2171605419031617
TEST_01093,2.123929002914063,0.4987149453408918,-0.18709804473102806
TEST_01094,2.046941973141465,1.261419521875607,0.8414201811873258
TEST_01095,3.3846998442879705,0.9247703507188959,-0.61662137917184
TEST_01096,2.0067250470750584,0.49592899941460455,-0.23368728461535415
TEST_01097,3.8991814544618704,1.5675437172433755,0.8835016450608594
TEST_01098,1.7976005170657432,-1.1553601643763485,-0.765948916635428
TEST_01099,1.2507690215759464,-0.5699509323776899,-0.27558666454700365
TEST_01100,2.5310412661052575,0.4752893908090017,-0.759791418790366
TEST_01101,1.0563516661133934,0.26936950679297295,-0.40396131507277383
TEST_01102,1.477861993084427,0.19845007581197482,0.2553250593525633
TEST_01103,3.398798042509943,0.019583079603754425,0.5652284362027631
TEST_01104,1.2629914624676515,-0.49038036130036955,-0.19438527823307378
TEST_01105,1.728221686828293,-0.7593815302107119,0.042391539080500744
TEST_01106,3.507617654456615,0.14926670553254484,-0.4006513944975523
TEST_01107,1.6701409249460981,-0.1936955839184178,0.5105387663383707
TEST_01108,2.6781488206731585,-0.04732848386195789,-0.11510657937239523
TEST_01109,3.449233464421692,-1.4057994724220437,-1.0471553175718662
TEST_01110,1.075483823765617,-0.31113124654526947,0.009161323558980984
TEST_01111,3.16071941132462,0.11239387739432762,-0.31199368492493346
TEST_01112,1.532090447551838,0.1459417288189874,-0.05574451931265288
TEST_01113,3.5932331021264337,-0.7808454413350987,-0.16728151538561675
TEST_01114,3.127518778274682,-0.1019416949026436,0.7605701308569826
TEST_01115,2.1152559146377734,-0.22654312692064693,-0.5473129471493191
TEST_01116,1.8201544749669767,-1.054071864146728,-0.3639003994140812
TEST_01117,2.3773228868662546,-1.2329941870776775,-0.3147083719785631
TEST_01118,3.7497865570265296,-1.5353677334787554,-1.1196856130115809
TEST_01119,1.8764398464022602,0.08645075109000874,-0.36647259316424685
TEST_01120,4.657767258041505,-1.1193415464628405,0.2478360740391824
TEST_01121,3.084968909187902,1.5089266797920065,0.8168027966540763
TEST_01122,2.105541725436588,-1.0320230638397951,-0.1929542698536481
TEST_01123,2.819765243498475,-0.7911224304368529,-0.4667833096708042
TEST_01124,1.1116056220990873,-0.17077873584555536,0.40096931794521784
TEST_01125,1.497449970383115,0.5766293654316499,0.055415450966814474
TEST_01126,4.380729278419577,0.34544102295360174,1.0830739362019062
TEST_01127,2.966777941595076,0.04062360756074468,0.8811732033455696
TEST_01128,3.7795751578757044,0.6000116091875913,0.9657911533207997
TEST_01129,3.191478267655479,0.00545336195028373,0.640437800323743
TEST_01130,2.599849312122094,0.015679920587302845,-0.532373541515537
TEST_01131,2.26978132599968,-0.1848975173627022,-0.040600809456523126
TEST_01132,3.2182484792034147,-0.28274154204708735,0.6587280266871477
TEST_01133,1.401718877552978,0.26082148502508196,0.0946470950766461
TEST_01134,3.0572692463794406,0.5507776815347454,-0.9408459781262747
TEST_01135,1.8699531459679508,0.7550327611069514,0.34651692028178477
TEST_01136,2.7637118369173654,-0.02107049548380569,-0.46626761879283035
TEST_01137,0.8020401534954398,0.054176689511278936,0.2571937669005703
TEST_01138,3.287932307208407,1.4756268451471588,0.8805195692588874
TEST_01139,2.22370666099652,-1.268003289087027,-0.3369545328463358
TEST_01140,2.5258826204387974,-1.000834986428314,-0.9320142374769792
TEST_01141,2.8023556503358305,0.03683731548956577,-1.0990038306604015
TEST_01142,1.7879113146008103,-0.5108516905399743,0.06333393545649929
TEST_01143,2.1047792699988777,-0.44384555845938173,-0.2101750703760314
TEST_01144,3.1805442375145163,0.16042581956178853,0.08988303982720522
TEST_01145,1.0950574992879427,-0.12843265225204148,-0.08075854769661521
TEST_01146,2.9167724111653395,0.5932219550181497,-0.015170381876211324
TEST_01147,4.384260119835179,-0.11388711123547131,-1.0530042231034225
TEST_01148,2.1000205128336313,0.1866778218579851,-0.0784662274196735
TEST_01149,3.311056799791548,0.4029220839440473,-0.5973903918901317
TEST_01150,0.902329691161149,-0.45332960382429693,0.027097504894041648
TEST_01151,2.892606867790612,-0.4163292078423346,-0.38444044290526247
TEST_01152,1.4736552154754194,0.030298044357817227,0.5491563233364866
TEST_01153,3.703052985698096,-1.7534602912523067,-0.5946752575594181
TEST_01154,1.5293216575143491,0.10668226468494926,-0.1307988552803467
TEST_01155,2.229023762752209,0.0784175089754227,0.720254034219851
TEST_01156,4.782495726763449,0.15662687544675555,0.3969733548602511
TEST_01157,1.9815491703411052,-0.3084593325515549,0.2874059049181801
TEST_01158,3.5146653298300685,0.7796985766797594,-0.3115049776445592
TEST_01159,4.7005006302272,-0.5607505196344865,1.8486079302064935
TEST_01160,4.4094695365051235,1.8553499309397161,0.06003358797825744
TEST_01161,2.0156302904609333,1.360950530265098,-0.30731335519528113
TEST_01162,2.2988447352341836,-1.2669824293572314,0.47981860474476296
TEST_01163,3.499365845392986,0.9048834301679358,-0.8134366294871613
TEST_01164,2.06120119363995,-0.09298050671995496,0.4798979800054609
TEST_01165,1.4734295220470335,0.01841913189391952,-0.3352984585659798
TEST_01166,2.781662345697201,0.4191818007216996,-0.08638385391093051
TEST_01167,2.420929854962093,-0.22338737546953585,0.9897848032105149
TEST_01168,1.0947611249772924,0.6302815834838549,0.026028755607954663
TEST_01169,3.5488378926515294,-0.10430869648170556,0.09022498213350275
TEST_01170,1.9370499389941513,0.31881345690538937,-0.5747297996990441
TEST_01171,1.8978075626013369,-0.046557275695663175,0.22484648095315082
TEST_01172,4.853692050587878,-0.28278975020924907,0.9339379456114049
TEST_01173,2.82602153820342,0.46733778152634164,0.5214741935565911
TEST_01174,3.4372122151124014,0.34296489927039814,1.0803717417557273
TEST_01175,1.9264286148846836,-0.22158411016611562,0.24071076938624184
TEST_01176,1.6712432567343656,0.6511430697360183,0.8220821959526992
TEST_01177,3.3970664164387494,0.491168114937322,-0.5032137741803929
TEST_01178,5.171949310654092,0.2651627956937206,0.4430713370796765
TEST_01179,3.4172239397173723,0.3887610624458032,-0.8381372406073407
TEST_01180,1.3141046095987077,0.36877504333768446,0.05563374747121655
TEST_01181,1.6347190424958071,-0.1407934725743362,0.568341963214237
TEST_01182,1.5662587840299187,0.7048822677731594,0.4895055457785761
TEST_01183,1.9948027000779922,0.06635279578143233,-0.19002743523304866
TEST_01184,2.5691885446888794,-0.19337766147814486,-0.791078842808776
TEST_01185,3.09084359263048,-0.5780603994638837,1.1767164462711805
TEST_01186,2.7125018687328066,-0.29206879106541866,-0.06998805751394839
TEST_01187,4.058604890807302,0.5953168089477033,-0.9893257514520558
TEST_01188,2.2743439747301775,-0.059406234173786765,-0.21152974200625416
TEST_01189,2.46516156090189,1.3805508511171576,-1.0162626833880724
TEST_01190,1.6693958981534331,0.8257639193225582,0.5715261680629745
TEST_01191,1.4002295829358395,0.5144076248495225,0.19947093794786885
TEST_01192,2.625407434212906,-1.7986704978313817,-0.8806026341416725
TEST_01193,3.6160210959128674,0.9112051787359833,0.6458622524788067
TEST_01194,2.39202483770472,0.6085095675567959,0.39813935186725785
TEST_01195,2.192353790540554,-0.41800311692579284,0.1797839617797528
TEST_01196,3.1867490252434525,-1.5926276454723642,0.7025045422483496
TEST_01197,2.9370833205136853,-1.7843889793641323,0.3385545550110455
TEST_01198,3.157415484360648,1.3154838872722854,0.5822307285735091
TEST_01199,5.4086340226574485,-1.5154605857878405,2.0031309043802157
TEST_01200,1.834906082983569,0.8560960633607526,0.09245267687189895
TEST_01201,2.6208162991554826,-0.1421558477011306,-0.46796616877982466
TEST_01202,1.8562132768004194,-1.038682670076485,0.8709483726911204
TEST_01203,1.4192373381698629,0.278240871184632,0.4061547809815996
TEST_01204,3.3415400857820985,-0.6535250541701032,0.06712035923705775
TEST_01205,2.417095583448906,0.05003398262765926,0.1342188923602995
TEST_01206,4.144935453351191,-0.16262113832366817,-0.016648044953625884
TEST_01207,4.695414795909602,-0.44119093117489755,-0.5928397623158866
TEST_01208,3.120176302126189,-1.101797664907217,-1.1076753388458076
TEST_01209,3.5604399563946756,-0.0925437323320625,-0.7971327882526917
TEST_01210,2.186053744712523,0.3381877094976655,0.097858537014193
TEST_01211,4.330852810122738,0.529249514792237,0.4665397031738985
TEST_01212,2.6894173031964104,-0.7033569985622505,1.1234620474179524
TEST_01213,1.6512254129545865,0.41372565975387926,0.3150885950887037
TEST_01214,3.1923029715691746,0.6585532828042259,1.5873302206364277
TEST_01215,2.704391173612881,-0.5976205369432868,-0.12106411054292074
TEST_01216,2.3540644984310277,0.44833384925966213,-0.07628159752516366
TEST_01217,1.9327882486400876,-0.12277817585424022,0.5513380658586892
TEST_01218,1.2342827163938161,0.6243927390419872,0.09043384362368533
TEST_01219,3.7543348200020774,0.41812577824010705,0.2603909183374766
TEST_01220,2.7070637253507117,0.758739299735526,-0.020039997266394313
TEST_01221,3.6308344646629878,-0.5126017194253105,-0.23972404892997837
TEST_01222,2.178096778735261,0.28871291282611194,-0.796169888885955
TEST_01223,2.5821684590930283,-0.7557584669155173,0.2165112465559916
TEST_01224,4.184165014281545,0.12084159322008292,1.07380728036406
TEST_01225,1.934878934665949,-0.8749267873466613,0.5974170328204214
TEST_01226,2.2435416742194536,0.014545673941519458,-0.005885362417421408
TEST_01227,1.3263475076374678,-0.18660283030325334,-0.3964725294464492
TEST_01228,2.296112514753883,0.21918856324254288,-0.0472276991191393
TEST_01229,3.680023005105695,-0.6726999691440514,0.6290058164865625
TEST_01230,1.1098119374928777,-0.6498253406979887,0.16668820962771566
TEST_01231,3.008040282521606,0.39367394766579294,0.06836184584517047
TEST_01232,2.0771212681162043,0.29590598791301465,-0.1267535214323747
TEST_01233,2.6599767327642736,0.19001581686152183,0.29300339975066375
TEST_01234,2.2430127034010847,-0.0381173845041577,0.37361221843625375
TEST_01235,1.2999235572316539,-0.43383437629011296,-0.059756594523427034
TEST_01236,3.4751395699906515,-0.1427780435930328,-0.2615111320638127
TEST_01237,3.0640004842498545,-0.8321650076325823,0.17428923058897292
TEST_01238,2.3245228726267313,0.5852891652680452,0.053491817058316175
TEST_01239,4.909550811590882,-1.5169603229152802,0.9205759489110967
TEST_01240,3.016430306491836,-2.1520793446893247,-1.0717276827357138
TEST_01241,4.128514083467662,-0.6899014437939031,1.0521673886504803
TEST_01242,2.905787184080856,-0.05370183695060505,-0.6316555571263595
TEST_01243,3.0724132892204934,0.7959775279539687,-0.46846357992537935
TEST_01244,3.7995177093127652,-0.8604804230071048,1.3584173277914002
TEST_01245,2.4468224875245763,-0.8508247077413847,0.40060480797768117
TEST_01246,2.6420070929026864,0.10343129235572197,-0.16207655085697553
TEST_01247,2.9602819199826533,-0.3348370645236547,1.0198069307545232
TEST_01248,3.191796622843038,0.606599518348852,0.9575438746277818
TEST_01249,2.765416967721288,0.5296425155908571,0.42383293219037105
TEST_01250,2.1606441285787903,0.34769972197149646,0.46048843657776284
TEST_01251,3.0496814086377797,0.25510370787215747,0.09638839773728922
TEST_01252,3.6023345452530253,0.3908960775141292,-0.8775977860957795
TEST_01253,2.308116274753487,0.21998918722015723,-0.39299437509962915
TEST_01254,2.5201803402601692,-0.49944645750640065,0.29301862816469354
TEST_01255,1.8846751518122358,1.211830612281178,0.17372342305446584
TEST_01256,3.274353283454148,-0.34997043543773315,0.7786250986965901
TEST_01257,3.3854195614289306,-1.8956274211073794,1.5826238310204959
TEST_01258,1.8994243085391556,1.4342773376782874,-0.025522077450455018
TEST_01259,3.163343624816563,1.4500511267060703,-0.3610563161446398
TEST_01260,1.2425512519326363,-0.015229440468421573,-0.49436753308079534
TEST_01261,1.9462340256097805,-0.4487633520248912,-0.2892036712779194
TEST_01262,2.005861188971534,-0.49359031394268493,0.5169455523327594
TEST_01263,4.130658090519397,-0.6794721227172108,1.2958941731493832
TEST_01264,3.7489295516640984,-0.18138652721089144,-0.0775988134188483
TEST_01265,1.1895723913342156,0.44512314613684495,0.3125330491422851
TEST_01266,3.0141166037711207,0.10067611601945921,-0.15991882792819703
TEST_01267,3.477916535965618,-0.3684487019619879,-0.22699082996314068
TEST_01268,2.48026367979569,-0.09454447038039664,0.22192814552407042
TEST_01269,4.388541885395464,1.78023330412361,0.8176764459297508
TEST_01270,4.148004874870004,-0.6105532306324121,1.0674633846651649
TEST_01271,2.84424167123323,0.4947111128841792,0.07542988527655485
TEST_01272,2.0219077773942846,-0.8548857402488089,0.833310382105792
TEST_01273,2.0269209093389597,-0.14562074762577204,0.23999499662695134
TEST_01274,2.6898583648870336,0.17800758304151823,0.08081648708856037
TEST_01275,1.2366816069779683,-0.3201792122506748,-0.11904856043051941
TEST_01276,3.8660709391712365,0.09158859049041462,0.0658119579326687
TEST_01277,1.4848009529065835,0.01493539442058367,-0.16310667076731072
TEST_01278,3.1643208529887787,-1.214092458489143,-0.9889159036637084
TEST_01279,4.896201370031275,0.07798501041752942,0.30142971118866113
TEST_01280,3.538545879254146,-0.6896896776543001,-0.5115243255746437
TEST_01281,4.257506345260641,0.5778756513436333,0.06928478720603615
TEST_01282,3.6791507334114746,-1.4175671801519347,0.3003278540027693
TEST_01283,2.74580876222687,-1.6004187851093432,-1.1188776812812635
TEST_01284,1.6860687591915213,0.24010161976229497,-0.23393192200789936
TEST_01285,1.5249315877449494,-0.03482838750480124,0.5665044531691391
TEST_01286,2.0896735747968527,0.1891078059878273,0.2648369638352086
TEST_01287,1.9625731213274162,0.77777755053617,-0.021444949844351274
TEST_01288,5.213879972768861,-2.111534540727335,0.8511991167759151
TEST_01289,3.6710869433031723,-0.05779170158904675,0.35078295841144747
TEST_01290,1.6710656338405299,0.6375902864332161,-0.22833875961619063
TEST_01291,1.7880365943592849,0.08846680778921517,0.11671015424401317
TEST_01292,4.379646859332139,1.2781108473833465,1.4119869678005115
TEST_01293,3.0375556301566724,0.2706940143385665,0.20641291381105809
TEST_01294,1.6891441542036094,-0.523412066900579,-0.6548801618718751
TEST_01295,3.777826134835643,1.1633303498656458,0.382763586807111
TEST_01296,1.2409560480540196,-0.2618937364415543,0.08153233169340138
TEST_01297,3.3051062200925556,1.3360770322707327,1.3908519334868432
TEST_01298,1.9044903337287267,0.09293538360349762,-0.4604216729272624
TEST_01299,3.079156515108753,-0.19125909373394262,-0.2757541894121208
TEST_01300,2.6441990356783447,-0.4240131959903889,-0.27538532132168764
TEST_01301,2.3906680187357674,-0.16484804183582294,-0.23648840952147857
TEST_01302,1.503382991975376,-0.4449514427896656,0.24325869785611182
TEST_01303,2.976240669822429,0.07146868109498998,0.07665905891252675
TEST_01304,1.8393340391906277,-0.041495640960434,-0.4936048769126943
TEST_01305,5.489752316145525,0.8675845230913195,1.1435641467937645
TEST_01306,2.934961181801064,0.5122160770809938,-0.3970993948060133
TEST_01307,2.0356840598314783,-0.654375946677522,0.25303724671835165
TEST_01308,2.208910180995443,0.3490660025735022,0.48270953580420817
TEST_01309,2.848761675582538,-1.4083308612563832,0.6146424206781804
TEST_01310,4.146761131984578,0.3423344412972869,0.5981962718746315
TEST_01311,2.6453661550767733,1.0041910161792351,-0.1594395955745396
TEST_01312,1.5084538774174014,-0.3135352863055436,0.04036743406432281
TEST_01313,3.2389278843686586,-1.4738782304322087,-0.3727125331152615
TEST_01314,2.1548787249353425,-0.6862697427506881,0.11490811397342175
TEST_01315,0.8568171620524996,-0.06621193426957539,-0.18132712559004047
TEST_01316,1.8630346086678025,-0.5107861829891669,-0.06759244047989856
TEST_01317,3.5087268089623933,-2.215230409518253,1.137544125646725
TEST_01318,3.0439398646684936,-0.6057140608235507,0.4612668981521925
TEST_01319,5.492038449603887,-0.2489910985506156,0.34653280166982864
TEST_01320,1.4283914617632807,0.5996660001228743,-0.44304377276859175
TEST_01321,4.855035782825047,0.562724298278452,0.1285391603294159
TEST_01322,4.722088121531222,-1.5255402152858313,-0.8053380191139725
TEST_01323,4.21165455969526,-1.6581697699103648,-0.17340844646737197
TEST_01324,1.0123414095693488,-0.15574679388389748,-0.2078432665679684
TEST_01325,1.983224927040726,0.29462976854712525,0.3558329441724969
TEST_01326,4.173695709210597,-0.8023081271146129,-0.031113383815068407
TEST_01327,1.9476251951974304,0.9510384697817353,0.4462254571083366
TEST_01328,5.386375611220898,-1.3467582739407542,1.5155008509175805
TEST_01329,3.395280264455089,0.29239230175453557,0.21809009459943193
TEST_01330,2.8167079600761573,0.6284088068789855,-0.7326213818130954
TEST_01331,3.107895435782569,0.10831613569877174,-0.07657928053686028
TEST_01332,3.0952997255371857,-0.0862288385139937,-0.14467207218662304
TEST_01333,2.464430936731794,0.09720805718860535,-0.14612434647836406
TEST_01334,3.186454760025708,0.23384902929092852,0.20667884465762099
TEST_01335,3.7711762080348623,-0.2661532435355252,-0.1051485628957387
TEST_01336,1.64826009641182,0.37143350164637967,0.349508515681388
TEST_01337,3.0841626509352857,2.0033556352108275,1.9285610867599523
TEST_01338,1.2859374339698606,0.7520634909591235,-0.18971963945197437
TEST_01339,1.3043445995980898,-0.19320081255340163,-0.029280905854365907
TEST_01340,1.9243414074609393,-0.24985264893692466,-0.3411640698511429
TEST_01341,3.4420219571947945,-0.2762256649023865,1.12012862785358
TEST_01342,1.7020283108940633,-0.969191874518166,0.29108313433846567
TEST_01343,3.4405108166652036,0.23403049505334095,0.8401516844018624
TEST_01344,3.8616639318107735,-0.7038864630671694,0.9963727931214054
TEST_01345,1.3861279599038236,-0.4768478136857876,0.024182756746096927
TEST_01346,2.276448769629881,-0.5924374755060584,0.22511236911230764
TEST_01347,2.2628405434675845,-0.6734266391334315,0.4600644104688485
TEST_01348,2.7069234596939076,-0.010642483631609424,-0.1774467755465936
TEST_01349,1.9084869467125904,0.4418622299151805,-0.37801705584897655
TEST_01350,3.342431509442417,-1.1987113690970987,0.9847195529489359
TEST_01351,2.28496591049917,1.0478228777288405,0.15724453369262878
TEST_01352,3.306392586317843,-0.04390005537446862,1.6766179492381141
TEST_01353,1.6406772318938878,0.05835559386842441,-0.004909968925576396
TEST_01354,1.85792952633294,0.6250260729792771,0.30053906273124065
TEST_01355,2.279033337842272,0.14284255679686023,-0.06225380289313504
TEST_01356,3.4699323246413107,1.7592030698789582,-0.3162720241177965
TEST_01357,3.213435719681014,0.07555149206649213,0.8255819293269295
TEST_01358,3.6848653435376884,0.07968066181447833,0.7778719477963575
TEST_01359,5.572274189593483,1.654533410702331,0.22353167262126172
TEST_01360,4.4305824348564,0.9767288535710139,0.9102397043047605
TEST_01361,2.701379906035532,1.5367683782028052,-0.16451545813787827
TEST_01362,2.4208284958101056,0.4366524566228475,0.6775246003008962
TEST_01363,3.0852174456418244,-2.083309575412184,-1.1514812531074623
TEST_01364,3.699341335587096,0.6829112519415098,1.0747416163286019
TEST_01365,1.4997190165993772,0.47246626439429473,-0.07323579563541317
TEST_01366,2.4118892091020228,-0.4166095826895048,0.39368825895054993
TEST_01367,2.508139325583522,-0.1968689857689299,-0.22521625761657194
TEST_01368,2.813465957787283,-1.0062620304457908,1.2068179913667874
TEST_01369,2.201599527329468,0.318172201946355,0.2621344336068856
TEST_01370,1.5792690422207,0.773181173033505,0.0012728180110254707
TEST_01371,2.1706344236471606,0.041437955000938574,-0.4487882720486657
TEST_01372,3.871003092303823,0.5816655759120009,-0.999602591040119
TEST_01373,2.3833302506330467,-0.6239967956807565,-0.09485186109776382
TEST_01374,1.2633700036988573,-0.2858815687712374,0.2809919342349526
TEST_01375,3.1582856633719976,-0.5093475699184701,-0.01194726851344327
TEST_01376,2.6779315811681204,0.41482143566624896,1.0191021242119649
TEST_01377,1.5574707669562433,0.6895578463569649,0.03376995670117611
TEST_01378,2.6675822879877646,0.6881133059922497,-0.7218000985578026
TEST_01379,4.372256591311868,1.1630148114317769,-1.319848870782318
TEST_01380,2.208247129156495,-0.6903487278374619,-0.2714331338102267
TEST_01381,2.7096850890811757,-0.5414222777713169,-0.3241331686854301
TEST_01382,1.5638361205219409,0.18324760271374207,0.08888555075421446
TEST_01383,2.3453579488022602,0.5839472243167154,-0.01102732189544702
TEST_01384,2.4620489234028193,-0.06074630430741097,0.05697698252504836
TEST_01385,2.5641450638301695,0.28287878482460144,0.4098915924661222
TEST_01386,2.4691791464123636,-0.20536424284673144,0.3561860309366251
TEST_01387,3.5475787186244596,-0.09763092687277614,0.049013784742838566
TEST_01388,2.3589103713537276,0.16467537331325652,0.28551550068936443
TEST_01389,3.8823427143504654,0.29650846486714544,-0.3119373992837096
TEST_01390,0.998439184521077,-0.11638254154979234,0.07573491715945599
TEST_01391,1.2397874435009713,-0.061404387487290796,-0.05263234619444861
TEST_01392,2.674856359239357,0.6191891992132402,-0.48505574858167555
TEST_01393,2.195244488426414,-0.17181641427350178,0.5394096804185387
TEST_01394,2.780942772260943,-0.011290402284220527,0.06486667035604886
TEST_01395,2.0301704925846606,-0.4409174296059598,-0.13796120482080054
TEST_01396,2.621385134367976,1.1698486746608687,-0.6452747797600559
TEST_01397,2.199027773259381,0.5797219185468448,0.6506286649787575
TEST_01398,1.706750180177416,-0.2768575712019756,-0.048764214403908754
TEST_01399,5.873956636497912,1.4033220277980212,-0.4265665849128936
TEST_01400,4.682790250385741,2.2248796647600866,-0.4948287458992707
TEST_01401,4.3638417625451495,1.4966006040616002,0.7321246263827766
TEST_01402,2.4948364540603647,-1.2747710744286014,1.1283987566787985
TEST_01403,1.8154865906416708,-1.707001091580304,-0.6041531632024644
TEST_01404,1.7790037836981956,0.9306719989746741,0.28678255340596054
TEST_01405,2.8588185274636397,0.43366978564060615,-0.314213861034099
TEST_01406,3.8121852206886317,-0.3188346391902052,-0.22052253504399053
TEST_01407,1.3837152921808287,-0.8818612342709963,-0.07854686275650045
TEST_01408,4.380017029196392,-0.7121496900367358,0.9116781294624307
TEST_01409,2.454685363352636,-0.34942829367037886,-0.46406421043779267
TEST_01410,2.128870901353621,0.2795696844894349,0.2226169861089206
TEST_01411,0.8146372789796384,0.3317802750056952,-0.04722590848098831
TEST_01412,2.5738734736007562,-0.375951351162828,-0.19108166974708496
TEST_01413,1.1918862736406606,-0.11410002683799934,0.3182377758045653
TEST_01414,1.684046471861303,-0.32432290511059425,0.019397397433054835
TEST_01415,4.036182452429267,0.8384250494070803,-0.8302142154096007
TEST_01416,3.2183385665708104,1.069846833707494,-0.5845675048656054
TEST_01417,2.856184510051551,1.2247181271250067,0.34544850043363157
TEST_01418,5.2906348211541365,-0.7015230145379183,0.5953920783306426
TEST_01419,1.8479079376626122,0.6165071994430512,-0.20955311055383874
TEST_01420,2.46592386237367,0.9075498588724132,-0.7990272357612351
TEST_01421,2.548022015913132,-0.34829864249498993,0.21307164131955694
TEST_01422,2.089890837454425,-0.07613782255318861,-0.21414035819429852
TEST_01423,2.8951420955038953,-0.47315116935171,0.12104307039279515
TEST_01424,2.6493543344950123,0.1401735573204806,-0.04461135923819616
TEST_01425,2.2134828955327825,0.6597403358829592,-0.5664897801127079
TEST_01426,1.0768310998711628,0.20470801359548624,0.265735114189178
TEST_01427,3.9075575749460834,0.7680412784193807,0.9107383563107626
TEST_01428,2.15369484741075,-0.1217252370439596,-0.15222198994779723
TEST_01429,3.6512476340528806,1.0253961834899568,0.4283335886037966
TEST_01430,3.010070536480178,-0.5894413240918501,0.7481946147589345
TEST_01431,1.5259795883393963,-0.9314835780462997,-0.3568737134825142
TEST_01432,2.8461211903690447,1.3471123209510094,0.37161599524048505
TEST_01433,1.9456844954789945,-0.37403981154954563,-0.22059598615445758
TEST_01434,1.8091261208505245,0.00793195950114678,-0.10850183115438783
TEST_01435,2.049220380321463,-0.7205806246138128,-0.6908785911818494
TEST_01436,1.7837911588036188,-0.051545384052375076,-0.13954686698867658
TEST_01437,1.6642650439086344,-0.5404127037757431,0.14640417489341268
TEST_01438,3.427860328149436,1.6672645881539736,-0.5640395329512695
TEST_01439,5.640754166445168,1.0285532415781045,0.37146226356726003
TEST_01440,4.399887190472862,-0.7762395144801256,-0.807447191529909
TEST_01441,3.1014721935710625,2.1432866527660854,-0.1884381791561874
TEST_01442,1.646476540452609,-1.5985176542436503,-0.6780992450977427
TEST_01443,3.431481389616594,0.42254269872458927,0.553279623273437
TEST_01444,1.8190236523154264,0.32526323446328637,0.5205292262485895
TEST_01445,1.0316365642437175,-0.13431108894671484,0.19280329878998403
TEST_01446,1.7052655544510142,0.1422991513961124,0.05394179331265084
TEST_01447,5.1191662315963,-1.0224370112296968,1.2876864844546416
TEST_01448,4.060377634646718,1.137691944150979,1.2120266759569704
TEST_01449,3.856653603540107,-0.2925757184215264,0.8631793519243237
TEST_01450,1.9574631080398766,0.6559273390462773,-0.11733913526227714
TEST_01451,2.4871254870334107,-0.3194687407365384,0.37709161339237846
TEST_01452,3.857579591769409,0.5838004556931424,1.6458191464555607
TEST_01453,1.0964700931033629,0.1245471731629425,0.1235443918967866
TEST_01454,1.7072120370023696,0.9881717250006256,-0.5978119870742481
TEST_01455,0.8825038572820668,0.37524454250771583,0.12765209488263887
TEST_01456,2.06262122133638,0.504014914526199,0.042027026384051876
TEST_01457,3.773823421419296,-1.7851504497777428,-0.43945157390276757
TEST_01458,2.5827638419234935,0.9417585626417225,-0.772053551237718
TEST_01459,3.460822194409396,0.2739133009053777,0.24882896523956635
TEST_01460,1.7600811536544612,-0.13355498821597891,-0.3130080614940282
TEST_01461,3.2412783073748885,-0.02138750982775132,0.5923807462742464
TEST_01462,1.9441595700286791,-0.4579008848092467,0.21287507534093528
TEST_01463,1.9704084031713742,0.556111549196288,-0.668369475914694
TEST_01464,1.6806496918997982,-0.6064421026781588,0.11249018288586225
TEST_01465,3.608019470763752,-0.2392683592582076,0.5593105655038751
TEST_01466,3.1931946448005593,-0.04593050873697399,0.21067312666216928
TEST_01467,4.026777809283477,0.7909304229966476,-0.8209662496588797
TEST_01468,2.5282489640146584,-0.47194053130149494,0.10810872979451758
TEST_01469,3.263110192993749,-1.228715788718267,-0.40028558830160305
TEST_01470,3.659155776427281,-1.3739625314430497,-0.3110404326662851
TEST_01471,2.026080892479482,0.059741106509489945,-0.04414351551751582
TEST_01472,3.7189912607862285,0.7374912411833255,1.2257131533165981
TEST_01473,3.6169786019945054,-1.0630131744035995,-0.14133898738018597
TEST_01474,1.8385946423282655,0.12917908158834054,0.46318419122254884
TEST_01475,1.7756688941751912,0.43657242582400885,-0.11744823591713444
TEST_01476,2.2278586374533385,0.2518208080485156,-0.5509941058070956
TEST_01477,2.4241702103488207,-0.035818106942577824,-0.34968227347993486
TEST_01478,1.2925655196854084,-0.3833846820942351,0.5209819919438394
TEST_01479,5.616875163562195,0.7725232741538529,0.768209219911343
TEST_01480,3.404247850557713,-0.5967752701007527,-0.5937742667258074
TEST_01481,2.7125028006493066,-1.9590814437949118,-0.45288632671850226
TEST_01482,1.3105128356747096,-0.804119390715378,-0.674675964149922
TEST_01483,2.67441019833483,-2.1070568641534524,-0.04547577278691743
TEST_01484,1.8644733306631422,0.3508647299985006,0.41377811510457374
TEST_01485,2.084800272198353,1.0072582886448906,-0.47286364039993345
TEST_01486,2.4913146716838432,-0.43198245258984913,-0.39770538447905135
TEST_01487,3.9117186513663276,0.704504977978499,-0.4525661192552181
TEST_01488,2.9274835180841583,1.5588504014038385,1.1096356479991072
TEST_01489,3.3655009385691783,0.15124575903755036,-0.397774087751969
TEST_01490,2.8933298203182254,0.07254424567518049,-0.12710747248298687
TEST_01491,2.723576489683873,-0.05023078563571576,-0.9050656439710921
TEST_01492,2.5625533900379764,-1.5666027454058191,-1.139673885546273
TEST_01493,2.2729494993743837,0.29664640795792646,-0.25415172487575244
TEST_01494,2.846058986726648,-0.03097181745301789,0.6214316136475404
TEST_01495,3.3608986993690735,0.18504517738935303,-0.2676079061796882
TEST_01496,2.5994128816783895,0.5866038034385259,1.2909730837281865
TEST_01497,2.1739667549342934,1.0659419470428664,-0.24226359609117537
TEST_01498,3.3506954018932964,-0.7754103069615984,1.3806294549613283
TEST_01499,3.6863013489325946,-1.098921218183144,0.20043632060088515
TEST_01500,2.189796025666016,0.5801292331625888,0.20569024900419358
TEST_01501,2.0472790399239074,-0.18474887281711228,-0.6438841768390677
TEST_01502,1.7575957864086058,-0.9166966624369476,0.6545888121606385
TEST_01503,4.32593120976808,0.7221868301397124,0.25634666654970395
TEST_01504,3.473596010178272,0.12516135972018788,0.4438633006472934
TEST_01505,3.426711365458307,-1.1426506705652326,1.7558539024993312
TEST_01506,1.4726791432504127,0.12170693221070282,-0.08914186694727864
TEST_01507,2.7406422110609947,-0.2961325921823232,0.2875663884910831
TEST_01508,2.9898459878595234,-0.54649907088277,-0.21118934126211916
TEST_01509,2.2604913714510717,-0.02120928461072011,-0.43668870462231985
TEST_01510,3.3933092180820448,-1.302010131815785,0.8039547339709592
TEST_01511,1.9170568070691638,-0.38292355881592083,0.09234100668678816
TEST_01512,1.266223877911922,0.47918060948231517,0.19491857478556954
TEST_01513,2.98088227700312,-0.5538932860309385,0.5899633310180817
TEST_01514,1.487707999692605,-0.14178846715612478,0.26500430875306735
TEST_01515,1.016021715308637,-0.4836131080512646,0.25618144017518757
TEST_01516,2.3352289877056602,-0.08335216896363072,0.7479436943352953
TEST_01517,3.053966864281531,0.1320172844828424,-0.8283672681489046
TEST_01518,2.383552319878601,-1.036974020041428,-0.8242678040178792
TEST_01519,4.912309446902821,1.0798372929687592,2.3280733501937187
TEST_01520,4.097831929869323,-0.3335532341593901,0.35683912519234795
TEST_01521,1.1623657077335392,0.47052631313015136,0.35084126739932764
TEST_01522,4.249000651934668,0.18878541793583256,0.06291517082700011
TEST_01523,1.5331405520414982,0.5820497332264383,-0.45471556154786413
TEST_01524,3.2951932490442912,0.038312249189423636,1.1444950689372815
TEST_01525,1.8498124299796355,0.31945457315123926,-0.21510055990238067
TEST_01526,4.786411328459764,0.8167492784772379,0.8405887591862315
TEST_01527,2.3445273690212654,0.3277692426131262,0.5258895512800373
TEST_01528,1.3755846705148644,-0.1621971703726417,-0.16982837167102058
TEST_01529,1.7691820987416151,-0.0138002082274873,0.06153616546685583
TEST_01530,2.243391532880443,0.1070548039289436,0.5436699307016317
TEST_01531,2.362945869453164,0.0029697933838111886,-0.3609621789046329
TEST_01532,4.877133702437361,1.0184602825499778,1.831831511886971
TEST_01533,2.2411893298925856,0.00797712146720889,-0.21197756518730143
TEST_01534,3.1415165578068875,0.5754447630385359,0.6747495998235439
TEST_01535,3.056618712745708,0.46994140447041166,0.7164045651751832
TEST_01536,2.6378714599554054,-0.9585930688019755,1.3344718285305301
TEST_01537,1.7130559087368198,0.6359712337611176,0.7582639519346763
TEST_01538,3.898652102266815,-0.6576901272959135,1.5522776696966243
TEST_01539,2.8559464153490692,-0.48058659186562863,-0.07795068101212509
TEST_01540,2.1784977778010375,0.7656432941506199,-0.44027061292558234
TEST_01541,1.3257260350355067,-0.6121387277027523,0.0580218314952117
TEST_01542,1.295824798740021,0.20497418008758583,0.21312137735607675
TEST_01543,1.2930622650877308,0.04078836255554259,-0.3199035879428684
TEST_01544,4.152292670959078,-0.09114293434220894,-0.43533873994628625
TEST_01545,2.8677023587685424,0.2564227358901853,-0.7288303120667476
TEST_01546,2.889050140380418,0.2212674310769258,0.12440252197504621
TEST_01547,1.6641000993728117,0.14327926205096975,0.0989033991701918
TEST_01548,2.8823505252832415,1.2958418994921632,-0.8879817990215108
TEST_01549,3.9960676345005512,-0.6223347356600396,0.8167856901180364
TEST_01550,1.6281518511521302,1.0900719945708774,0.006784933717412629
TEST_01551,1.8068189192552804,-0.524401661377975,0.08791787320334501
TEST_01552,2.4668562773900944,-1.1123864254132914,0.4691033931985509
TEST_01553,2.6748855741083473,0.6646719788401508,-0.2728289775060738
TEST_01554,2.180512586739868,-0.3504630966163672,-0.3558002935236924
TEST_01555,1.671124449161047,-0.22229533199187954,0.12139257422119815
TEST_01556,3.7501722890059583,0.03575275266858328,0.666185554012616
TEST_01557,3.6361631631233404,1.1977114422416908,1.0565639292301938
TEST_01558,3.5233794741856896,1.1147191453002405,0.625805873306993
TEST_01559,5.1426214343325745,1.4641740154149168,-0.8450502682266169
TEST_01560,4.496132054155615,0.30443586217926033,1.157059561623493
TEST_01561,4.089399165656751,-0.8664035791568524,1.1986021130592555
TEST_01562,1.7387423714699002,1.2410182501464044,-0.7983110354266244
TEST_01563,3.8921401035733623,1.5016682840532942,1.2936715272381776
TEST_01564,3.2580171974697025,0.1461410235694325,-0.32420767210011914
TEST_01565,2.003665366453273,-0.5294777776707442,0.4673905439512631
TEST_01566,2.5760199058369313,-0.5034456560144774,0.1430783658263072
TEST_01567,3.2311522058692024,0.572947761840135,0.3278097376237253
TEST_01568,3.24197667050717,-1.8599730437124409,-0.26162230067529685
TEST_01569,3.449068404306251,-0.17785422741539694,-0.3581651591694275
TEST_01570,2.646253778265617,0.2217714859830075,-0.4910887546060389
TEST_01571,3.9194748644392092,0.31473331821076933,-0.4123043780051701
TEST_01572,3.8548457542813868,-1.4524850306267483,-0.8268470397252229
TEST_01573,2.631834615359522,0.15261753205321946,0.07624111045305343
TEST_01574,2.0468952719908837,1.1526659169874514,0.022655599564506017
TEST_01575,2.0664954745881072,-0.5615995720042573,0.582589596137846
TEST_01576,1.3165329219038084,0.4501964088442696,0.7344858210026464
TEST_01577,2.73355878621746,0.7718686912722796,0.7147680622719362
TEST_01578,4.573284976065173,0.23623805564206746,0.3369726494624726
TEST_01579,1.6169246135663096,-0.5786371609427589,0.35450367416952905
TEST_01580,1.6921539503921927,0.5114417489650976,0.62297929603317
TEST_01581,1.9597940678289938,0.13190389987483161,-0.9142755232344938
TEST_01582,1.5370648120783816,-0.5398442575633552,-0.25920920149543203
TEST_01583,4.31746564539025,-0.789010790730467,0.9207333812365481
TEST_01584,2.4562469621622767,-0.13062679317872086,-0.0365186575984347
TEST_01585,0.9384793025406257,-0.5227772448533909,0.3123993493255625
TEST_01586,2.8117357167861936,0.31465135250543663,-0.5020978253342933
TEST_01587,2.727374667861554,0.6191052100632196,-0.47764640419474097
TEST_01588,2.6383097662793906,0.5351344061347767,-0.06419020545323637
TEST_01589,4.569945220238758,1.2146149246690323,0.9340534539289986
TEST_01590,1.3680441736980407,0.9488246960876338,0.03411512335721608
TEST_01591,2.4201134720301174,-0.41491373425218403,0.1698759889837304
TEST_01592,1.3681147701211371,0.1334131868150221,0.27103257027545746
TEST_01593,2.7201262507225494,0.7729719836755674,-0.7652652372084794
TEST_01594,1.5816703910137118,-0.17228440431094316,-0.06398012220569105
TEST_01595,1.0669971508015268,-0.33104414534878585,0.12812419134808736
TEST_01596,3.2889792593631997,-0.2657373790291268,0.8903704213877714
TEST_01597,0.960770861705694,-0.16928379678820615,-0.07959506056794542
TEST_01598,2.5647103727599827,1.1904496860040479,1.0461713178671004
TEST_01599,5.286102518015708,-0.5453308162549119,0.2720882976842051
TEST_01600,4.635187225413849,2.0381497658047127,1.1763611904353888
TEST_01601,4.32874429448273,0.13124695486473031,-0.7622448042359716
TEST_01602,3.4507647018877985,-1.2280280891181552,0.2125204438085137
TEST_01603,4.021230297412545,-1.4811284645422944,-0.6107626414327398
TEST_01604,2.519943431479646,0.680784602736887,-0.07430486981369772
TEST_01605,1.9216828168186515,-0.26482423746295297,-0.07132513365748691
TEST_01606,4.05766452463257,-0.2797427633488747,0.159940911113004
TEST_01607,4.503203007112793,-1.1833698909513615,-0.33146828882593066
TEST_01608,3.56412989739085,-0.9441086027123872,1.284771626059173
TEST_01609,2.967684871849568,0.45675893081550184,-0.09796922437964573
TEST_01610,1.9775149000975947,-0.4593539216819944,0.3866944762181002
TEST_01611,3.5599062952444025,-0.25852724045438236,-0.03204374443761528
TEST_01612,2.99936235715632,0.9545517976212646,0.18909088316928407
TEST_01613,1.8067019658706405,0.04746646542257291,0.16726655598498016
TEST_01614,1.693761661686459,-0.8588535873253402,0.8580926980088064
TEST_01615,2.5774584198261605,-0.22780855072521042,-0.6059684187847446
TEST_01616,2.784484991502854,-1.2717421621069886,-0.31718282438757006
TEST_01617,1.9538005995824346,-0.7094884334419369,-0.20990803044879827
TEST_01618,1.3040737094605808,0.06644876184818226,0.400834730798083
TEST_01619,2.0117997137815933,0.4402121974900812,0.25276386010662877
TEST_01620,2.3155537231904737,-0.8852537993029946,0.11912536020184351
TEST_01621,3.2797355443884935,0.13122054900115776,0.12486765250635631
TEST_01622,1.8926976970229488,-0.41206195954574165,0.30058862208005616
TEST_01623,2.462312571092618,-0.6645249356680065,-0.5693750308871988
TEST_01624,4.150019980163263,0.21925613105105718,-0.8121282645831244
TEST_01625,4.612832139752279,-1.6950941938454789,1.0345436070861864
TEST_01626,1.8036542799935382,0.10262317623061253,0.44138379890592583
TEST_01627,3.5653159879379084,-0.24307936828242754,-0.27263848599343116
TEST_01628,2.867151400094661,-1.1543561933604642,-0.32902263274539506
TEST_01629,3.6241521685107903,-0.2702010532918521,0.8591652187599024
TEST_01630,1.2061458925345616,0.4831493924319215,0.3266108997532761
TEST_01631,3.1345411754874313,-0.7865025068736267,-0.5590564229967462
TEST_01632,3.494703905886728,1.450458262245237,-1.0374330508650196
TEST_01633,3.44035391578025,0.8656941690397261,0.769272721769571
TEST_01634,3.727182544610969,-0.4410503954130489,-0.6488244861252043
TEST_01635,1.5515816486942082,-0.27453254893964346,-0.18317199893233585
TEST_01636,2.5557604810571393,-1.4939451751461177,1.0636849844448124
TEST_01637,3.0136188109846636,-0.2935242731673932,-0.107158116910872
TEST_01638,2.847492044780398,0.5055822012905561,0.1691242625638983
TEST_01639,4.108899172392273,0.9980807829667723,1.810114930757028
TEST_01640,3.6011042346154394,1.1063584219750988,-0.6474245072166288
TEST_01641,3.4204631593250174,-0.07598064172181125,1.1060917482526926
TEST_01642,2.9199719532204784,1.5970537241123732,-0.6401932867567386
TEST_01643,2.8767257302753517,-1.1748406170924597,0.3373517495824359
TEST_01644,1.8129723407479932,-0.19916152300370507,-0.19279480205722957
TEST_01645,2.1362126679882123,0.5626704019446507,-0.15292300695900266
TEST_01646,4.7073538837139735,-0.15652823672148533,1.2332183620312398
TEST_01647,4.943816807838028,-0.9014040956369538,0.26749486058010763
TEST_01648,5.138242561050664,1.2435701202881986,-0.3391614023499249
TEST_01649,2.778924428322976,-0.20710665049795385,-0.2777729204895896
TEST_01650,1.7421677303287935,0.14399845426040692,-0.11168074377402167
TEST_01651,1.7654031953760108,3.328258999310725e-05,0.20538296215528148
TEST_01652,3.5641523621728064,1.3831336805744554,-0.32311713019669985
TEST_01653,1.518813021771676,-0.2369379718638507,0.34569925384762645
TEST_01654,3.2525491523238457,0.7346861798355907,-0.6160300016851074
TEST_01655,1.3008302150391993,-0.8290894642287941,-0.21387798874271075
TEST_01656,2.6671512930688497,-1.2725955099819748,1.0650972216393755
TEST_01657,3.887725246515436,0.5282785959751555,0.5821896257230396
TEST_01658,1.488431960748818,-0.3321725869626108,0.2086013015514636
TEST_01659,3.750602394365106,-1.4787470873678075,-0.6181333630501658
TEST_01660,2.116072556500068,0.8845317804805529,0.777645789123297
TEST_01661,2.1328810785390515,0.25661482503580024,-0.4970137305985328
TEST_01662,1.5632546668984437,0.17519947445201756,0.19056691777255913
TEST_01663,1.6663436602100472,0.6622313169589008,-0.5698805234476833
TEST_01664,2.870914720753135,-0.48087369705549304,0.2810538356231698
TEST_01665,4.596934823511015,1.3298681781645627,-0.9344852177380637
TEST_01666,1.7997076464755584,0.1475899726360943,-0.48203503941884757
TEST_01667,1.1774837461810117,-0.24859780215605998,-0.27440096066363995
TEST_01668,2.6640756145651836,-0.4558744245319326,0.6599971413862193
TEST_01669,4.645320188319983,-1.214337017993602,1.2814771944033947
TEST_01670,2.5293270629733042,0.3389221095935518,0.6865774496779469
TEST_01671,1.1390655957819038,-0.2620578574638775,0.04912068908571984
TEST_01672,1.7427821401361807,-0.591732920975525,0.46547358530447613
TEST_01673,2.596773354423103,-0.694679698270688,0.594508150748543
TEST_01674,3.169387694820362,-0.5368612248730434,0.08084740716833774
TEST_01675,1.9070537431819312,0.5474921997291183,-0.265086623684995
TEST_01676,3.746846868096599,-1.9497299735599136,1.0238178025161173
TEST_01677,2.6240274964525616,-0.6567584646927265,0.4128482928519117
TEST_01678,1.784767966336027,-0.04943370987749882,-0.4487634765863912
TEST_01679,5.431631212461162,-1.9317113656274318,1.333008461766382
TEST_01680,3.2914986411366023,1.4315816008931743,-0.31087545046532655
TEST_01681,4.149671629898949,-0.02654008756657947,-0.6614194944607793
TEST_01682,2.290815033782531,-0.26215831379086285,0.82890044187317
TEST_01683,3.335673883236021,0.47954440881427546,0.4687316159115622
TEST_01684,2.0232171440230644,-0.33209054734212334,0.22400739897366498
TEST_01685,1.6411904239204071,-0.8264469038403542,0.5821722140584545
TEST_01686,4.390787041945152,0.776463587425842,-0.08734405844117012
TEST_01687,2.081639951150939,-1.065237104009251,-0.22850887686427668
TEST_01688,0.9806238086959491,-0.7862336032841136,0.3118230753018279
TEST_01689,2.9714257717918358,0.25017222825342345,0.3384036731468895
TEST_01690,1.9109822435529706,-0.08890912479443508,-0.037932301655657565
TEST_01691,3.416193870231257,0.01556165887514781,0.1321304852420031
TEST_01692,4.6820946027346135,-0.11774023946428729,1.430940712158769
TEST_01693,2.9540812214155348,0.23795492834720675,0.5859655581453513
TEST_01694,3.819180078175769,-0.16361964404436694,-0.22735224213395339
TEST_01695,2.5627781255386544,-0.3407965568756292,0.030662078701295243
TEST_01696,2.7172522502618555,0.12186768027153069,-0.4244947936638482
TEST_01697,2.7288237828348323,-1.4537233194913144,0.5163575382041247
TEST_01698,1.2258571286107178,1.026951357022124,0.45095799319290464
TEST_01699,4.647883889590327,-1.1092014840796522,-0.6231732200166553
TEST_01700,1.0516608235198353,-0.37097780965371957,-0.1202672116921023
TEST_01701,1.4768832566813885,-0.27046090995036515,-0.4817881881142267
TEST_01702,1.8811079958069898,0.8306340700198435,-0.4778111781401752
TEST_01703,1.3745001525857605,0.6800920763996665,0.3466337442034105
TEST_01704,1.8034337377004657,-0.049173719522226336,0.08434085890591253
TEST_01705,5.00610949890423,1.3939864459693851,1.1732302195090314
TEST_01706,1.0902146740137875,0.4543255421693488,0.5883774108189277
TEST_01707,1.3341504273948237,-0.03241104562314122,-0.23345002107299737
TEST_01708,2.7190802818819093,-0.05354634501426441,0.04106844761236669
TEST_01709,3.3900182256023497,0.15889858735973625,-0.13154667022990085
TEST_01710,4.522084120118709,1.0320062660759393,1.5348373889358864
TEST_01711,2.0848573070060112,0.2661589052923081,0.13342037466217266
TEST_01712,2.0131440242891547,-0.8083941938145737,-0.2232943998271033
TEST_01713,2.2747797077985212,-1.1303356009367818,0.3192286667216304
TEST_01714,1.5868503364914301,0.13971850383866632,-0.02118303407194188
TEST_01715,1.8852704775304063,-1.1856263557725875,-0.6238655227608871
TEST_01716,3.265690712342272,1.4161958736604552,0.9148133103012733
TEST_01717,3.7409117247528387,0.5989539234744519,0.6847728571219251
TEST_01718,1.4668620414342852,-0.24683488364961864,0.3576097470663933
TEST_01719,2.314896345331228,-1.1655614727347487,-0.13391060162563345
TEST_01720,3.2770507027010836,2.3395467602332247,0.9819863266830722
TEST_01721,3.7202220567278736,-2.3777133042523495,-0.7550170459835264
TEST_01722,4.224582294227383,0.14808310552776954,1.5242561761217646
TEST_01723,1.1575909242319762,0.6077528447084529,-0.33659520297429996
TEST_01724,2.278010638405197,0.9732869751033785,-0.2058975188865269
TEST_01725,2.4716645428489263,-0.02377909453756743,-0.0735947680483554
TEST_01726,4.650867065650875,1.2298502372312512,0.08076026232995132
TEST_01727,3.026027938553841,1.031727817031733,-0.17420567590131514
TEST_01728,4.686368225312935,0.15847590883112445,-0.3700434464451123
TEST_01729,3.0536122464649265,-0.011770773960984148,0.37778883569314464
TEST_01730,1.468039909404767,0.5791186497026131,0.05407253858833116
TEST_01731,1.013171528786101,0.2899912416440372,-0.3081735765065183
TEST_01732,3.5626209606173043,-1.03704056897496,0.17231128790685463
TEST_01733,1.1545708092083955,-0.44755719462257076,0.17258089534671775
TEST_01734,1.8092262695778687,-1.0469355259717565,1.186223922957642
TEST_01735,1.4106483953550475,-0.523729792058895,0.5214689568247388
TEST_01736,2.6353706516847635,-0.21694855672373434,-0.5292378425898386
TEST_01737,3.722009599981838,2.1726161587139226,2.029438631219657
TEST_01738,5.4286327159514745,-1.118251071863663,1.6820823062049437
TEST_01739,1.3093556434919325,0.2757504606109283,0.05454176758536824
TEST_01740,2.1513740034522693,-0.6989459778641273,-0.13888909227701737
TEST_01741,1.1749900160671098,-0.4414608390987537,-0.21164896271485578
TEST_01742,1.9886410585502978,0.8996395326930263,0.6199451700157328
TEST_01743,3.277910463768698,0.6003988944329631,1.14001420399273
TEST_01744,2.855325955742337,-0.3536082730369825,0.21163186176080595
TEST_01745,1.4858519950107594,-0.49525844289575244,-0.17533825259932267
TEST_01746,1.294621129745141,-0.8111656210078099,-0.5508767925836249
TEST_01747,4.120228799589811,0.340652712610585,-0.8295309089155033
TEST_01748,1.7573267596069748,-0.2349787552375253,0.10254040962744662
TEST_01749,4.453822983140789,-0.7729804167316576,0.7414258278086284
TEST_01750,2.396112550851097,1.4440875647419238,0.013229252470657808
TEST_01751,1.565483920890318,0.11223106332168106,0.12131053968695216
TEST_01752,2.7682594874432653,1.602123644696776,0.386595418344898
TEST_01753,3.0668730145575993,-0.6829575825923799,0.6216049960354941
TEST_01754,1.603817227749673,-0.16734443854765266,0.19462272242691459
TEST_01755,1.7854356487824043,0.1856742200888421,-0.522185875182502
TEST_01756,3.3805586561801646,1.3892135313663745,0.5527511774925247
TEST_01757,2.6953580251379465,-0.028540571134242902,0.5879756170742614
TEST_01758,1.653764445059464,-0.4906540951184406,0.034559537021990466
TEST_01759,5.901009699762226,0.2645972197090261,0.3850954481108411
TEST_01760,4.740252437854037,-1.116415866066076,-1.501125672307737
TEST_01761,4.349474343690614,-1.8456331867103768,1.1437228843069298
TEST_01762,1.8782951515037765,1.6577803448036188,-0.5563912075066051
TEST_01763,1.277445167947818,-0.1738014550924454,-0.49884048268122916
TEST_01764,3.195833084010862,1.1763359444938029,-0.035847739045568074
TEST_01765,1.10114917413503,0.2436280848904968,-0.11089125269584683
TEST_01766,3.3348127149491464,0.13806054100854606,-0.7447176242612615
TEST_01767,3.5252371431903327,0.02794704146276906,-0.6066243821077254
TEST_01768,0.8433823660907023,-0.14712543436761677,0.2746443004268959
TEST_01769,3.494911551459571,-0.06045208025051961,-0.32433174708675006
TEST_01770,3.60459632392594,0.36214814323015704,0.25768536695477595
TEST_01771,2.63436851130464,-0.22619265154757953,-0.07164266129041567
TEST_01772,1.993174002557039,-0.09416049066637217,0.4357008736255652
TEST_01773,2.7739839421408887,-0.3206272070585521,0.23080712413946564
TEST_01774,2.7635429696798073,0.23605174809488316,-0.4506530780168245
TEST_01775,1.0682058601948874,0.4181353468007603,-0.31012761560013796
TEST_01776,2.9499733473394874,0.2670698906722587,1.3143660656641292
TEST_01777,2.22028858669799,0.11077825758204092,-0.5820325525149886
TEST_01778,1.6202615963684885,0.036807097044347876,0.17841440617246002
TEST_01779,3.656517950981189,1.204739885868378,-0.4387586111628828
TEST_01780,1.8865545499709457,-0.48056215192995705,-0.6133102628934035
TEST_01781,3.30738695800882,-0.16309464475029087,0.5588609170951934
TEST_01782,1.9113473628074582,-0.3900643944391251,0.41807139028471096
TEST_01783,2.382793861864247,-0.3068295215896604,0.5381856092826572
TEST_01784,3.136998438248102,-0.5332845678042746,0.7944956522987754
TEST_01785,1.92564746037489,0.07786486573151166,-1.0068360698422223
TEST_01786,2.8550693011291663,-0.024735636794714265,-0.01916191449116333
TEST_01787,2.323464357665973,-0.191458760313847,-0.3998346388987604
TEST_01788,1.930274324224177,-0.3551931293833108,0.2385665178126338
TEST_01789,4.9757542246748585,0.8661195110357378,0.10908555485408594
TEST_01790,5.346984118584235,-1.1823680538963048,1.2913949588103988
TEST_01791,1.9430340759188134,-0.2839015882476918,0.08788591611575065
TEST_01792,1.5160811118326207,0.27168694109162494,0.37184064082402213
TEST_01793,3.2754125944530714,1.2309422903078477,1.6576478621860578
TEST_01794,1.8929371833653388,0.5282438024661738,-0.01165270686836598
TEST_01795,1.653486693551525,0.3011825503969143,0.35264861343600273
TEST_01796,1.2563058229903896,0.34525024258364073,0.4890925007271805
TEST_01797,2.9949358758796363,-0.5288517604675247,0.0382339689132319
TEST_01798,2.5231589124362976,0.2554606382751106,0.3783072179758287
TEST_01799,1.7894640524632592,-0.8838189375357021,0.44656022650534577
TEST_01800,1.4226105570821665,0.9993717202320799,0.29416023544651915
TEST_01801,3.1146487288481737,-0.20641746754568124,0.6202644597342404
TEST_01802,1.5078883803085967,0.5997173729646148,0.7346998177743657
TEST_01803,1.1758812675089525,-0.5551036278737049,-0.00451593866367207
TEST_01804,1.943352721245757,0.7513311149181265,-0.11916861720069132
TEST_01805,1.6750788311883127,0.3577839235416761,-0.3525351529475624
TEST_01806,4.210342544269538,0.324688429456701,0.7157691939577083
TEST_01807,3.4180429247943094,-1.3121535934304907,0.6091821065364837
TEST_01808,3.831554794328375,1.4809487592871193,-0.35621655004808433
TEST_01809,2.0384101908535395,-0.11241948315609347,-0.1705889670399292
TEST_01810,1.685446638991006,0.24168479762435874,0.4362664815245679
TEST_01811,2.211934531364292,0.06954806184192464,-0.16528728648786803
TEST_01812,1.606638808929988,-1.176263456760375,0.09254715641711993
TEST_01813,2.6327943137031533,-0.38388152224770816,-0.6143067632095738
TEST_01814,1.5115941765800538,0.4525288533839227,0.12319013547611195
TEST_01815,1.028501018144074,0.022563857066598726,-0.1857984189286007
TEST_01816,2.0447040742035805,0.8429179051014926,-0.8992073536701491
TEST_01817,3.7583775260186414,-0.18656262094564907,0.5463212476417776
TEST_01818,1.0437235263155833,-0.11124468774682633,0.012976687712397862
TEST_01819,1.802390290181319,-0.9721720767427817,-0.03627499938863135
TEST_01820,2.133766323820225,0.06803134395784378,0.5665145020934838
TEST_01821,3.2228528433146293,0.2180685873671505,-0.21143120416728883
TEST_01822,1.9340763035438706,0.7328299273048434,0.3892888271303991
TEST_01823,4.091050468497487,0.28697497087373536,0.6793022399061227
TEST_01824,3.7310394192282375,-0.6830934169955266,-0.23104115177255471
TEST_01825,3.226912656893572,1.47679186880491,0.5407032638868703
TEST_01826,2.4942332489323573,-0.11602531834758734,-0.1698548552272684
TEST_01827,4.255229985447143,0.16123626292632065,0.8606646750046996
TEST_01828,3.1235965508937125,1.0524742517567836,-0.6427525314607437
TEST_01829,2.7062753809070186,1.7881858104144017,-0.4675277262080627
TEST_01830,3.6316532517249867,1.6896561704909965,0.4831526081395526
TEST_01831,1.9488979737088443,-0.0415312086020462,-0.17298603217400843
TEST_01832,3.4156486250619995,-0.9646825573882507,1.000149866803713
TEST_01833,3.032200566141941,0.7654839173725507,-0.09666576487875791
TEST_01834,2.020641596666965,-0.29726018679828636,-0.06328118269706988
TEST_01835,2.095317917571978,-0.388281710230811,-0.5567751694051895
TEST_01836,1.7220585149247976,0.5626199314633059,-0.5155811318070526
TEST_01837,1.9730897252834214,-0.29452625603453086,0.27361064532073764
TEST_01838,2.958075414954855,-1.6061943101260174,-0.28179735774448045
TEST_01839,3.278875172204436,-0.4600106978821016,1.1290287136705335
TEST_01840,4.84659436267365,-0.1363002728021497,-0.8367692127337599
TEST_01841,4.529078217457871,-0.22558812548850835,-0.5429899703062577
TEST_01842,2.093035967005681,-1.216740066048276,-0.720476055391082
TEST_01843,2.389510463245195,-1.1861700207951913,-0.047122891002348566
TEST_01844,2.1133978803664304,0.29291445213444706,-0.5599405619294798
TEST_01845,2.1719740527581815,-0.15325671803545685,-0.450524492825857
TEST_01846,2.2713314675788228,0.33564054843117463,-0.5558307452260013
TEST_01847,4.843516472450555,-1.2797701551002967,0.6385019037180182
TEST_01848,5.698406687184643,-0.9936784353924788,0.38285374448131826
TEST_01849,4.403500140384938,0.557825538674111,0.019754204993817324
TEST_01850,2.4356205530380346,-0.13595055044915758,0.6527520393062559
TEST_01851,2.7639410305238705,0.03641421683095719,-0.48195524393827277
TEST_01852,1.754410788201126,-0.30343782160935,-0.6143759837993168
TEST_01853,2.048929630427141,-0.20807326389607164,-0.006134487752476209
TEST_01854,2.9531078324108258,0.004072456026805475,0.5409046047380971
TEST_01855,3.061835120617101,0.7627604023435152,0.22360164526471432
TEST_01856,1.2496595862654167,0.5013488405427293,0.3224759024637448
TEST_01857,2.4961211896932785,-0.7887416676090301,1.1533824663390964
TEST_01858,2.910400883279494,0.8155472146646479,0.35251498729720765
TEST_01859,1.934686722483022,-0.9164798723472529,0.20332499728973502
TEST_01860,2.388099584439823,-0.4523053030782122,-0.8537212985790208
TEST_01861,1.680470988090427,0.5325396208021539,0.4885132298524516
TEST_01862,1.8965833582958824,0.6818064928546897,-0.15884349469129483
TEST_01863,2.4310713069869356,-0.08323005208324345,0.32346679003284
TEST_01864,2.425847677216505,0.00848028140811165,0.1186105753086129
TEST_01865,3.805770510006221,0.08288741590841464,0.854722431283795
TEST_01866,3.0932912868262545,0.6617590394783661,0.3376335420594083
TEST_01867,2.449380170520912,-0.5591498674798727,0.24889342852324434
TEST_01868,3.103763615197857,-0.39114847584458573,-0.053344370034371105
TEST_01869,4.347421826303286,-0.7681332779116516,0.2746544704176531
TEST_01870,3.7398972523862444,0.7177532295686464,0.6535663253964045
TEST_01871,1.3271060019518293,0.27475738120836646,0.12814294302618892
TEST_01872,2.43559367289787,0.6392717870050653,0.7293431532228037
TEST_01873,1.8189137906544908,0.2740871588382693,-0.28050746888215594
TEST_01874,2.153115631775321,0.6010223399475142,0.31376029192675486
TEST_01875,1.8725175590582797,0.06045205804067052,0.5270801885493793
TEST_01876,4.092215372801349,-1.387404065097538,0.3820854551913645
TEST_01877,3.10663530272426,1.2406041058355834,-0.5590957568910458
TEST_01878,2.8111531098491547,-1.2356513128014965,0.29614981198520923
TEST_01879,5.150051594674747,-0.38582280573573513,0.9528372211197407
TEST_01880,4.703224338818939,-0.20254749036781666,-0.5158167368262854
TEST_01881,5.295510316642529,-0.9906133099489338,1.2654420820656131
TEST_01882,3.9190763535445075,0.577350635215627,0.8390930202949948
TEST_01883,2.3202735471285534,-1.5280173628773464,0.28397859556798505
TEST_01884,2.1038824405576797,0.7756212709341984,0.25366585425372584
TEST_01885,1.1201931722114473,-0.14487953723173175,-0.2617708953864191
TEST_01886,1.5433157834957478,0.9800112084106415,-0.4537728820053806
TEST_01887,3.8005522483747693,-1.332006013020729,-0.8732827260401642
TEST_01888,4.447561440272296,1.9304311104556398,0.16804475006970798
TEST_01889,1.2758249377215805,-0.3837090168164573,-0.16569616403088258
TEST_01890,1.4020626281806665,0.09340987949584731,-0.13245688947354523
TEST_01891,2.1029170550640943,-0.0801225937596497,-0.817206459957213
TEST_01892,5.132120421571748,-1.1911328584438854,-0.8511302519817696
TEST_01893,1.4478587007572061,-0.26696390873591425,0.20058747465582497
TEST_01894,3.0930535448798615,0.24983423082684045,-1.2059758595024812
TEST_01895,2.5038984227258467,0.6327860321310672,0.09952413745849892
TEST_01896,2.7075430510468608,-0.23810339878041456,0.7742783761501787
TEST_01897,1.6472364536438149,0.5033245222510568,-0.38844433470496165
TEST_01898,5.1465941820964405,-0.9813519432452825,0.005001217744158449
TEST_01899,2.000974524938986,1.3111545420783792,0.3247086057376993
TEST_01900,2.7669490635849328,-0.24095787359025853,0.35862178542163964
TEST_01901,1.846947922659239,0.08780172192094214,0.0874438682452324
TEST_01902,2.2613304352199806,0.2703100412325057,-0.8503739599081055
TEST_01903,1.331647363095351,0.36624876534329326,0.36383080624162856
TEST_01904,3.5332159067480764,-0.32174216937863287,-0.07775436116673431
TEST_01905,1.2948233288772697,-0.28467472211116585,-0.37354241046277326
TEST_01906,2.493651494933208,0.3864148077536913,0.44690729489579156
TEST_01907,3.6191478218692024,-0.4727930850135114,-0.10909060001131911
TEST_01908,2.860841947942196,-0.07471335454894569,0.07013758976426263
TEST_01909,3.7226033633696045,-0.1079739486759505,1.0694617680812635
TEST_01910,2.3090457245269076,-0.666609652056847,0.3137733910604765
TEST_01911,3.0217794801662357,-0.7133317319642817,-0.004129388356152813
TEST_01912,1.1832988379868496,0.033377972083009404,-0.20066952951036543
TEST_01913,1.8443097349155686,0.7115853365856097,-0.7405844615146437
TEST_01914,3.376017283199255,0.5386203466435049,0.8630291463155522
TEST_01915,1.7314806922782393,-0.8323730389594759,0.44400298172313585
TEST_01916,2.378948497789006,0.22129724022476138,-0.08007247539083172
TEST_01917,3.0425948347685137,-0.5656661106587393,0.32767215713133
TEST_01918,2.6056449060898275,0.37498059176535187,0.031077491114629385
TEST_01919,4.900099622747812,1.045337313382543,-1.0636301759231461
TEST_01920,4.3584729561444595,-0.8846563057417989,0.5059702066631037
TEST_01921,2.8023816052653627,0.2473074000841408,0.6374840629360192
TEST_01922,3.4381515729207086,0.6411289823286771,0.8839516066244918
TEST_01923,2.4806300968848327,-0.9701358204791214,-0.9824018287311048
TEST_01924,2.9035706051898496,-0.5015298350193376,0.14723246126986667
TEST_01925,2.336707059406492,0.3555259241631055,0.17626683314235422
TEST_01926,4.279417973323685,-0.13850972769279424,0.1605358173840085
TEST_01927,3.1048317144331947,-1.3678587127780937,0.06984608874764513
TEST_01928,1.3449164428749505,0.47287008094906735,0.5879231139994049
TEST_01929,3.663174868436492,-0.00552074898175207,0.3735953644215809
TEST_01930,1.1799180453373141,-0.16548490500195462,-0.1434510765859038
TEST_01931,4.316200870684161,0.47123761878971027,-0.20388638262346948
TEST_01932,3.6411378678921724,-0.2894676060437234,-0.24870727237660176
TEST_01933,1.6608247982372928,-0.2680422704883625,-0.2733501057627337
TEST_01934,1.7412527220764142,0.12524514105975962,-0.5237191949557518
TEST_01935,2.9131220764752115,0.5948123076858937,-0.8122368767547388
TEST_01936,1.1389140753074465,0.1926969551208966,-0.060893790175480654
TEST_01937,2.6898392405207967,0.3459900155107979,0.29355173923663364
TEST_01938,5.3146878144168825,0.5396001282420404,0.376451172640643
TEST_01939,3.3847268809955584,-1.0148992561502177,0.2586595389396539
TEST_01940,2.733383399621103,0.7916856466794826,-0.0872186973730732
TEST_01941,2.1281447013486585,0.45224652935153387,-0.6994132879310715
TEST_01942,1.7020460767745584,0.3185960195213704,0.28959870991874825
TEST_01943,1.4223966366655494,0.23257930982325165,-0.1920867759723133
TEST_01944,1.3125976623283824,0.24464506784340748,0.26787246311691426
TEST_01945,2.0430629154051188,0.15753781476230075,1.1039087245812675
TEST_01946,1.9177200613451453,-0.009200003484835807,0.4345896029354852
TEST_01947,3.9433423714712252,0.1343986334682526,0.0037668730021870388
TEST_01948,1.9594853331431679,-0.578145255159212,0.32288156259290735
TEST_01949,3.231044086331616,-0.8334909145286178,0.2557771840773398
TEST_01950,4.006057592187145,-0.21494081028158202,-0.762759948544812
TEST_01951,2.810924923581163,0.551734888697612,-0.5700494156535962
TEST_01952,2.6890158764602146,1.426749114377209,-0.47484195978434995
TEST_01953,1.6856776696307547,-0.29653933207763455,0.18214799028397624
TEST_01954,2.687795834079631,-0.17582992046219223,0.10674503751769401
TEST_01955,1.947722102033193,-0.2113697033518416,0.2187568812969523
TEST_01956,1.6347934565834832,0.6460757422485266,0.4299032276126187
TEST_01957,2.0840561413523244,-0.039012124129715435,0.42696532806235665
TEST_01958,2.665618562229461,-0.5493650884679177,-0.401567085520248
TEST_01959,3.9568988591095127,-1.3549779715849652,2.396860002739731
TEST_01960,4.585675802987083,0.4603013607503767,0.9589559525981066
TEST_01961,3.6362299072221482,1.9860499575174537,-0.6174224436520063
TEST_01962,2.262719858168786,0.34074211757213807,1.0351004776762505
TEST_01963,1.7745219727686945,0.3985201438706519,-0.5416686531807763
TEST_01964,3.3151222862453906,0.6472676031651073,-0.8460809206806236
TEST_01965,2.0215735746201804,1.111555840197472,-0.6753121278226435
TEST_01966,1.3070580109122487,0.772473736474261,-0.17532774073955446
TEST_01967,4.106872587348946,-0.3077838491428111,0.16339026034413057
TEST_01968,3.9394322649115887,-0.3930326596118632,0.7202875567730596
TEST_01969,4.367047994251887,-0.07753674455769709,-0.9836496768962735
TEST_01970,2.3834062575079527,0.44497225199374285,0.6283240221205478
TEST_01971,3.2008819682012937,-0.044678484812100544,0.6254116655414131
TEST_01972,4.88055158367493,-0.007860980445020604,-0.9883135732935802
TEST_01973,1.0344484147600415,0.16545639284637104,0.21314369774294592
TEST_01974,3.2937150199892113,-0.6197155942898754,1.0449552996556697
TEST_01975,1.198341115740704,-0.18375903927761986,0.4126633532227401
TEST_01976,2.673145886079074,-0.8059661857286642,-0.6524992812016662
TEST_01977,3.683519880412349,2.240353048987531,-0.14062693409912458
TEST_01978,5.653403514539809,0.523743753469318,0.7216060178062844
TEST_01979,4.644700033742628,1.3819711422191387,0.03483287515145596
TEST_01980,2.084203838304102,-0.8103479056972215,-0.26480590065691284
TEST_01981,3.117533028162584,-0.20066935699642324,0.0731835245820014
TEST_01982,1.980952813805587,-0.7678012096258587,0.6939604932311729
TEST_01983,2.601495736383369,0.4060055497929638,0.5072678525692338
TEST_01984,1.5743223363962207,-0.4094505424609099,-0.32470354922467415
TEST_01985,4.867544943615291,-0.16821126162860314,-0.046816941340595365
TEST_01986,2.7207146969897464,-0.3372448166365721,0.4566886943887217
TEST_01987,4.671168523730772,0.3902309072634112,0.33512374171337445
TEST_01988,2.3902712773020474,0.5327782120813374,-0.3294062649530201
TEST_01989,3.0966856900343758,1.3894646956462875,-0.7653271820446101
TEST_01990,4.913249729334181,0.7586249672597377,1.579426008503322
TEST_01991,3.183480197922036,0.4733555623058901,0.45986227902533444
TEST_01992,2.0170870230141538,0.6396670718211581,0.47230778437488385
TEST_01993,2.776104820266459,0.1016900668686125,0.19061605965394224
TEST_01994,2.3386215431605013,0.43479518864928196,0.11524568729258021
TEST_01995,1.7312063891630822,-0.6050791984697735,-0.09876116881574042
TEST_01996,1.8842041574971722,0.19902992595428395,0.4611404793844367
TEST_01997,2.0781932747320773,0.2284703109206886,-0.17819155876344805
TEST_01998,2.713837371151413,1.5252336102841946,1.0232668029076333
TEST_01999,3.1636691875081264,1.8960949363573247,-0.8145777744161851
TEST_02000,3.932616129438926,-0.11149316208292571,-0.6064135817004652
TEST_02001,3.4985830231364083,0.2943048716771163,0.007495260451564811
TEST_02002,1.7866995103137164,-1.447975453598284,0.49059233784675743
TEST_02003,3.460623585313171,-0.7097038904610772,0.0057090499271454445
TEST_02004,4.02045100919627,-0.670359158851644,-0.18476908389467186
TEST_02005,2.230540768209924,-0.08164615748231403,-0.39787953998854675
TEST_02006,4.304054314343654,1.1195121259360177,0.6004952155317215
TEST_02007,3.045720492350886,-0.9652848782956852,-0.023528609128177804
TEST_02008,5.074765722411021,1.6753789817041458,0.008610053827609094
TEST_02009,2.7916450223045883,0.3709908147728414,0.47000564538136774
TEST_02010,2.0146431143134045,0.06262460505855556,0.08982372951177754
TEST_02011,2.4520786109909185,-0.34878156298906504,-0.18708689098255937
TEST_02012,3.034547107962618,-0.8090941237825577,0.11220447657762736
TEST_02013,2.808212860075483,0.20947685346300643,-0.009725580066180095
TEST_02014,3.339656450231712,0.06396912131203188,1.2654519067835848
TEST_02015,2.722595955093807,0.47915933603086003,-0.19954983070141205
TEST_02016,3.0252140877331066,0.38384159583918365,-0.5165565710111746
TEST_02017,3.6417726323057016,-1.7690024363012467,-0.4443536775720578
TEST_02018,3.4152244927148216,-0.18971999124878233,-1.042786673884049
TEST_02019,3.623476708167254,0.9251652149873165,0.9873425058606293
TEST_02020,2.692141482263436,0.9373211320603734,0.8792039183749325
TEST_02021,1.5033871163364338,-0.2243669822887966,-0.1509316979464224
TEST_02022,1.149771445271801,-0.2681092452117867,0.44790578634145306
TEST_02023,3.5445770613522884,-0.21060391292164624,0.1433710915079581
TEST_02024,2.4607785572132213,-0.22989177121101417,-0.34588150310990523
TEST_02025,1.3060097596870321,0.3585438603192577,-0.09601582102735041
TEST_02026,1.6648130466813267,-0.48586978427122607,-0.36973157211520735
TEST_02027,2.9472230719810906,-0.241579917297381,0.9242560006676682
TEST_02028,1.9787993207457588,-0.1386045935833268,0.21431015639446177
TEST_02029,4.684040910040316,1.1007845948583461,0.4935011780632454
TEST_02030,1.9623559112863587,-0.7856872303258968,0.750400929292383
TEST_02031,2.353048118611689,-0.13949733612216167,-0.43032701622897107
TEST_02032,3.802136211595319,-0.3359215811082197,1.9662889636741123
TEST_02033,3.3321922286093115,0.19058217275806552,0.3150623925523886
TEST_02034,2.1486150433528226,-0.05878768698124473,-0.10494237880937238
TEST_02035,2.3551097083632313,0.6487824168456491,0.5516867342007781
TEST_02036,4.156604516439222,1.7700872909216954,0.3240365091262065
TEST_02037,1.5900459916679262,0.34222562701327824,0.22645692170642584
TEST_02038,2.3533279424609135,0.9742981018884525,0.9621264436809829
TEST_02039,2.659651623480056,0.6071455511747371,1.402273353928866
TEST_02040,4.2470104461333005,1.0133817520874349,1.577606712327026
TEST_02041,3.2254409122997374,-2.5710157175156376,-0.01708366043664748
TEST_02042,4.732887572434626,0.4301428394549098,-0.5909404785067011
TEST_02043,3.75530440749446,0.38089161780714087,0.1203194417803316
TEST_02044,3.397470807104906,-1.6818976556268963,1.3652151793848293
TEST_02045,1.4454587406886792,-0.47331911754203343,-0.013134578623383717
TEST_02046,4.503169859077601,-0.7890735615057268,1.1755706126119683
TEST_02047,4.990786607261188,-1.1533843277402258,-0.08503285168957274
TEST_02048,2.841381790746721,-0.8970902178364415,-0.9225009415819196
TEST_02049,2.839758867772973,0.2868112657159829,0.4688340003062392
TEST_02050,2.9728176477183506,0.3972398526816313,0.15122889138583936
TEST_02051,3.376817290649683,-0.0664050948288577,0.09359942919755612
TEST_02052,2.1288746057801804,1.0996219564694776,-0.7262517763469898
TEST_02053,3.1219822178655248,0.3171045878609564,0.2235019936464093
TEST_02054,2.8652946863303845,-0.17892709970175077,0.7954007136042667
TEST_02055,1.8787857011907658,-0.6110322170408858,0.30445667882235194
TEST_02056,3.5744027790038473,0.6289726309222268,-0.4362163576471262
TEST_02057,3.6973722808715044,0.4933538337486191,1.1600634561528471
TEST_02058,2.940423979199715,1.5324790744624464,1.110346380173747
TEST_02059,2.7323446939534914,-1.5508535786525155,-0.8289508422707637
TEST_02060,1.107948873336181,-0.2995723094831449,0.11410194455263958
TEST_02061,3.0685606654160464,0.462852804134239,0.892567091036081
TEST_02062,1.6213864038965433,0.13219328771055244,-0.09438428609276422
TEST_02063,2.8289662057277716,-0.6626683043542515,0.4593357211196069
TEST_02064,1.5166152123558112,-0.04907129868877251,0.2383551984249775
TEST_02065,2.6233889809021638,-0.16998178591057703,0.26580189252584197
TEST_02066,2.4096996749052,0.38426410611623085,0.21350543969545596
TEST_02067,3.9557702844802938,0.4553865140079279,0.5066932970893129
TEST_02068,2.7929662733739824,0.12704294059356247,0.14642981354201254
TEST_02069,3.216203820473625,1.2053172938213692,0.5148456557125621
TEST_02070,1.8240124854500497,-0.6833708005852092,-0.35826866229636695
TEST_02071,2.536872076442179,0.9931811495787989,-0.668542766528842
TEST_02072,2.8039358285294433,1.566158089729415,0.11914100611794914
TEST_02073,2.940509669839652,-1.274837718242325,0.7566795803396381
TEST_02074,2.787503013444554,0.0660120346483267,0.14459555759216686
TEST_02075,1.8197616648133879,0.36143593358950304,0.32140660782140906
TEST_02076,2.216396721857374,0.9011625153849037,-0.4746706870154212
TEST_02077,3.0955899335939923,-1.1801846673956273,0.016415961879388045
TEST_02078,3.4458873025734986,1.731194271402573,0.8489811640497157
TEST_02079,5.145285815829728,1.4027634869927093,1.8710545707019297
TEST_02080,2.722836752182003,1.4249597584748042,0.599543903402704
TEST_02081,2.0663825203852766,0.3559664542980847,-0.6148414868750016
TEST_02082,4.474825709359001,0.3801353631798457,-0.5327787910147044
TEST_02083,2.228522169554613,-0.22857467104576085,0.6315111509457345
TEST_02084,1.4506990945058549,-0.08078768583240148,0.19054774817043477
TEST_02085,2.7437836513686147,0.42776082295688694,-0.12653783677034763
TEST_02086,3.3595908483891925,-0.0004947013525921891,0.9640375341030435
TEST_02087,4.4492884725733015,-0.5872334128271788,-0.16303402711784493
TEST_02088,1.2927814514218534,-0.04304097971374707,-0.2810104577076635
TEST_02089,2.443759353723565,-0.06385568076418575,0.07872001601722385
TEST_02090,2.6327576013876515,0.5545747897711782,0.08746324719717043
TEST_02091,3.199562466507335,-0.14860012888992244,0.5579709073268182
TEST_02092,2.1652469420260356,-0.9793240158715429,-0.24112207194490898
TEST_02093,2.424411305152354,-0.16714417183222835,-0.06982244104947044
TEST_02094,2.7168554264051545,1.0507385636421032,-1.0221823089659643
TEST_02095,2.8327540544762084,0.017698677176902433,0.03639465525183839
TEST_02096,1.636356578936998,0.678575757838793,0.881399742990284
TEST_02097,4.28417827722074,1.0478412927326983,2.217262440589227
TEST_02098,4.864925318380276,-0.5594769837877552,-0.178231475743053
TEST_02099,3.8725693795684744,-0.5659848318122178,-0.4366105561875632
TEST_02100,2.730352690650946,0.0055239805447162985,-0.7739869532840725
TEST_02101,3.4409949038877823,0.008802580887685096,-0.6293054822465223
TEST_02102,1.856628912016705,0.3295006480745616,-0.3460154170688399
TEST_02103,4.346348493323353,0.1755902074426989,0.6242628114114507
TEST_02104,2.6311610202159827,-0.1777714666915027,0.3798958311225488
TEST_02105,3.7297981678011385,-0.9473569471851487,1.3186935317328123
TEST_02106,1.7391412114081357,-0.6601634282617446,-0.48357890847557794
TEST_02107,2.331942114358562,-0.352659310237103,-0.42263586113058677
TEST_02108,2.7751558438896455,1.2827447408697576,0.8695966214868448
TEST_02109,1.7467215203197788,-0.7048315813319063,-0.3153596209488131
TEST_02110,4.917497600280369,-1.099607335215004,0.9803295727467102
TEST_02111,3.454188348489788,-0.5624293161009262,-0.27569960785369263
TEST_02112,3.3784685666964287,0.5937448756194191,0.4477027858391291
TEST_02113,2.792758973215201,-1.0177586309597713,0.6637520569558072
TEST_02114,1.9587177921129806,-0.3921027934241796,-0.028913626884693868
TEST_02115,1.7967048093476685,0.2515484483204269,-0.2027108635105275
TEST_02116,1.5035875062742186,-0.3233268065992153,-0.12709232734856965
TEST_02117,1.9000772632023264,0.05574528635230116,-0.17749241735788734
TEST_02118,2.950543623676395,-0.7669360769483589,0.7812298063823502
TEST_02119,4.064075474061816,1.104778484575522,0.6371048079622612
TEST_02120,3.188126967191761,1.6508790645011353,1.0416356733298835
TEST_02121,1.3332508303858746,0.8854588755725463,0.0770741915258627
TEST_02122,2.9421958966946034,-0.7604103105381183,1.373117657421122
TEST_02123,1.754546040450882,0.47713152301689044,-0.28178142775801074
TEST_02124,2.683907622260387,0.11968348837519836,0.20697161661498872
TEST_02125,2.2071598612332926,-0.5341414492452563,0.7536080993484272
TEST_02126,1.7521322227988068,0.9032715747049952,0.2599463354718852
TEST_02127,3.4593069124796987,-0.1293545534844252,1.2677033650300986
TEST_02128,5.6593369626257894,-1.5230025839786825,-0.6911889621968885
TEST_02129,2.7826292601973894,0.6917973541036915,-0.16615702060879795
TEST_02130,1.9269913991264316,0.3896494245665438,-0.33273564525089316
TEST_02131,2.620642226782078,-0.3282003249447085,0.28761965550164137
TEST_02132,3.619527617628721,1.391085729275316,1.1825446291993025
TEST_02133,3.145294876976005,0.2767977409623031,-0.11212846963032641
TEST_02134,3.0707981303219793,-1.2124541647391847,0.055366506255265915
TEST_02135,2.0596600861263044,-0.09788787982433385,0.0622268028720663
TEST_02136,2.25418582360345,-0.16335902980371272,-0.3059132633249116
TEST_02137,3.4933640589566815,0.12106751164628347,1.9534267662980183
TEST_02138,4.095903404654269,0.981645788204563,-0.7750580189577655
TEST_02139,1.1804055936252014,-0.6593594333843285,-0.16832942620524752
TEST_02140,2.4526418938382277,0.00971779116282321,-0.011832399026778137
TEST_02141,1.950914708178815,-0.17510188962951537,-0.6142371286092321
TEST_02142,1.7504194254679497,0.011482350538055812,0.46821578429039656
TEST_02143,2.655150633662261,0.2841774016208915,-0.021496860755311008
TEST_02144,2.692720234795632,-0.2925274149623955,0.8426112290741716
TEST_02145,1.6434709271094976,0.09338071322899724,0.012946087408422834
TEST_02146,1.146192485297837,0.11058644522491098,0.33379694501583046
TEST_02147,2.5541061421506623,-0.6449737977882397,0.963285768033937
TEST_02148,2.493249376742091,-0.0331062680595387,-0.07684137445822835
TEST_02149,1.7793787676223012,-0.21593453648706235,-0.7459228608502223
TEST_02150,1.1855768786910061,-0.17754970081157667,0.24516730159589473
TEST_02151,1.8524997494615394,0.24644334517163183,0.40754689717230697
TEST_02152,3.376254672282994,1.5426091844155063,0.5476821247640727
TEST_02153,2.990220094391108,1.3783740386480043,-0.4700768173013528
TEST_02154,2.7499318482317485,0.17118833396862176,-0.25993075997269854
TEST_02155,1.8315066077458009,-0.03475909117582693,-0.5369547498484297
TEST_02156,4.204384017592029,0.5433491996190822,-0.24631992424859145
TEST_02157,2.56818324994117,0.5629275680642916,-0.4647496213766096
TEST_02158,3.664384576930726,-1.3399932640564025,0.36818507001229106
TEST_02159,4.122310850317523,1.6875080342080289,-1.3398140362639916
TEST_02160,3.1134634448020213,1.334821166904421,-0.5256610117990876
TEST_02161,4.9280405924716675,2.3087259375411726,0.008349444817048792
TEST_02162,2.818600886372118,1.4851152969598433,0.010179262400460371
TEST_02163,3.4927472800816606,-1.3482458163549411,-0.0031559924621882853
TEST_02164,3.0587773792300608,1.324151614603491,-0.11293468873378532
TEST_02165,2.6623960309629093,0.8165760424747558,0.43096140457888044
TEST_02166,4.595626186098899,-0.5665897574222938,1.0604715749297444
TEST_02167,1.7196731332935813,0.010559452740193242,-0.4801166042875286
TEST_02168,5.271595882085101,0.7586878609598073,1.3296358381859574
TEST_02169,4.057209720106717,0.0070232362630898056,-0.21291529202434187
TEST_02170,3.1367756804133475,-0.014926371497243778,0.6480579391513656
TEST_02171,2.100098126993051,-0.3773256425801695,-0.43926356343331185
TEST_02172,3.503630558714877,1.2068291668556914,-1.0851498378796864
TEST_02173,1.6734460492719887,-0.5163136031377071,0.08797359863674171
TEST_02174,3.5262284705674345,1.2829886946791846,1.3052070897375057
TEST_02175,2.415266625806479,0.09900603053940678,0.4397646362760966
TEST_02176,0.9200617059675438,-0.2601560656155522,0.1784516484157835
TEST_02177,2.449887235935471,-0.822447759744891,1.4347338316351756
TEST_02178,4.541854720140251,1.5499190725285146,1.1181380538993333
TEST_02179,3.913428717078691,0.8430079137057982,0.9503362823675429
TEST_02180,1.6201349869523807,-0.31069029655089797,0.7447063141909401
TEST_02181,2.6297410773606433,-0.17651518556962853,-0.8208497339527843
TEST_02182,1.8720515313710768,0.3451080402493413,0.0731318171355041
TEST_02183,4.343234560449937,-0.3612836672167294,-0.6245016728406388
TEST_02184,1.9543081123928583,-0.1756691485463358,0.47694028618529866
TEST_02185,1.1832293979151023,-0.6320835703049748,0.24355868525817254
TEST_02186,1.1693173441210656,-0.06440457827974061,0.3920002792519533
TEST_02187,3.6010362722398512,-0.427584459352814,-0.03349186876830691
TEST_02188,3.1578698146818756,-0.5985885668247917,0.8529575930935113
TEST_02189,3.7810212855400205,-1.5032406157969511,0.25219315184733954
TEST_02190,2.7949025453745002,-0.14618960904893116,0.2539608993918313
TEST_02191,2.05994126737693,-0.7715997154749056,-0.2252433389095473
TEST_02192,1.3518342993481927,-0.201983608089385,0.2762583243215737
TEST_02193,2.1851223088513136,-0.6123563485265326,-0.17018433939906927
TEST_02194,2.043378138431099,-0.1451234028922344,-0.010611897646975461
TEST_02195,1.110540624568177,0.24604208490561447,-0.155159206082383
TEST_02196,1.3736320820056502,-0.39633146612293535,0.22125593226321877
TEST_02197,2.0593680684636206,-0.8179480421092584,-0.059911172405131476
TEST_02198,3.566431845549507,0.5509727551553749,1.2744562771343901
TEST_02199,5.856782404091311,-1.2184669598400426,0.5281399325473929
TEST_02200,4.11087997910995,-0.10271311970055591,0.13122917936940662
TEST_02201,3.449450765851421,-0.5688438920954225,0.5451064028679049
TEST_02202,1.3137657485818106,0.8298996735446288,0.09431334759883779
TEST_02203,3.5405220731602025,0.9559360998748941,-1.1587461554332765
TEST_02204,1.3784934252348087,-0.5122658268168564,0.13335846995779194
TEST_02205,2.7708210540479956,-0.9692697522164205,-0.8617111878821058
TEST_02206,3.512207251101773,0.25021546851447296,0.12158062592502022
TEST_02207,1.9618096457207557,-0.28512098139547826,0.1339408243791523
TEST_02208,5.307514468919686,0.9361800374000723,0.07767118058967051
TEST_02209,2.68724702472616,0.304019107721355,0.12398541242994085
TEST_02210,2.6544171950274817,0.3354348339615824,-0.7640436005854162
TEST_02211,4.382806515084466,0.2810215661455183,0.09117607935763991
TEST_02212,1.3560195084265845,0.012208416727350003,0.3889321978958301
TEST_02213,2.5372099503402543,-0.2017719694775485,0.19991483685046843
TEST_02214,2.8004329992652006,0.0096155707399892,0.9664905437847897
TEST_02215,2.0017294871130153,0.10809692460965434,0.5591380741712005
TEST_02216,2.6010023137448637,0.1516304499942685,0.8398747236540751
TEST_02217,2.2104597064339444,-0.03536977227288107,0.8561773166759987
TEST_02218,3.013784445077828,1.0697851129317655,1.5619733651658256
TEST_02219,3.992915727642377,1.0399239294135534,-0.6555778849935627
TEST_02220,2.484138735716893,-0.8860344771040414,-0.6120007013418283
TEST_02221,1.2271118349739578,0.37744700376780943,0.5099953189845059
TEST_02222,1.9531686566073403,-0.3926807339558227,0.3668521591607322
TEST_02223,3.7984497437836806,0.5912553370818565,0.929498945196232
TEST_02224,3.0822258930510227,-0.0280046572126783,-0.12306286709693123
TEST_02225,1.6819545818861943,0.9882294473775057,0.24358986990015402
TEST_02226,1.3931731147408035,0.3964855736741401,0.2483547481497725
TEST_02227,3.3423637931603616,0.47391079009626286,0.38352957581953423
TEST_02228,2.9367474327018144,0.7999467453624745,-0.391839166083098
TEST_02229,1.5209992988094072,-0.5900402172972581,0.985316426586175
TEST_02230,4.017541365214245,-1.4696420316859269,0.22691185380363205
TEST_02231,2.0956623081306316,-0.353842476190254,0.12431110298049196
TEST_02232,3.1219705717461506,0.5674108087607266,-0.09067066643614459
TEST_02233,3.7827348389836826,1.3547158199451392,1.022591583882205
TEST_02234,3.5099750651110053,0.3190252468566332,1.336707537696854
TEST_02235,2.235596881930452,-0.38570660572804116,-0.044135167351002036
TEST_02236,1.5158946136183509,0.09382015396628417,0.20633217608227467
TEST_02237,3.414565096573898,-0.6172580664181938,-1.106328431208371
TEST_02238,1.0916957042565114,0.17582627854842417,-0.21385688124679245
TEST_02239,3.2807540409706863,1.4892437259734161,-0.7413582130604377
TEST_02240,4.278044629870436,-1.8711011332013647,0.8679998499486928
TEST_02241,5.136713977842415,-1.0057025830480064,0.6869512086893363
TEST_02242,1.1370668790589615,-0.45856060360529877,-0.5498096853858394
TEST_02243,2.5812177562849863,0.6310728077659139,-0.04193211566377471
TEST_02244,2.151590674151686,0.7905476215900533,-0.0265163762351956
TEST_02245,1.4801975470101285,-0.20756354426541654,-0.5476428893012474
TEST_02246,2.3949103116482107,-0.2001916925552743,-0.13495214452950013
TEST_02247,4.668304737182694,0.3288556996215773,-0.18855325638353918
TEST_02248,1.8543872856352526,1.1839854662218612,-0.684517782232316
TEST_02249,2.0177110055897467,0.1254970431958139,-0.36217741825611394
TEST_02250,2.899556760190013,0.30408580066327606,-0.7259772300158873
TEST_02251,2.384231534138984,-0.29237519885501545,0.30042257143663265
TEST_02252,4.150947664103542,-1.4446317333106578,1.23360192625657
TEST_02253,1.522818657060066,0.03152996254884487,0.14080236001201793
TEST_02254,2.7755449537683763,0.7808549323415758,0.37795030240277455
TEST_02255,3.4305103927559313,0.3453366138617193,0.27051750956443366
TEST_02256,3.421541403700447,0.3682331866679916,0.9958675150606572
TEST_02257,3.153763639755026,0.8551628748591893,-0.22735209299361372
TEST_02258,2.339999202494,0.2923328444130475,0.007929179216219813
TEST_02259,4.117540373361454,1.0233749475780176,0.15977696983923997
TEST_02260,2.8711135491574806,-0.025306647749213193,0.07231346760664945
TEST_02261,3.121372775293245,-0.14398069434649288,0.10371425697593856
TEST_02262,2.3260061294921384,0.06681282041438517,-0.3045246768489884
TEST_02263,3.9804851464581277,0.40692142837077305,-0.06716933682743155
TEST_02264,3.942413279492885,0.039443740211429865,0.152324134745356
TEST_02265,3.653993060399022,0.41339852268980487,1.6763008864559568
TEST_02266,1.309443899571984,0.08792830492712905,0.3135094224033623
TEST_02267,3.246860686033751,-0.1403743467307037,-0.3771417441553646
TEST_02268,2.0511353942545165,0.4057519868160556,0.3019756876810911
TEST_02269,4.839427760300069,-1.4121547981195766,0.8095950293424586
TEST_02270,3.2087084824541625,-1.4059230080661083,0.467511446818065
TEST_02271,2.99820752768395,0.9487751530121048,-0.6449567738021635
TEST_02272,2.7069105866662397,0.4786412678274437,0.5767007310434894
TEST_02273,1.6295059730573462,-0.818313509165842,0.19069131363273542
TEST_02274,3.491195870460489,0.019664545126705284,-0.6734689681688437
TEST_02275,0.9782248941344861,-0.3117959983792248,0.27315460891030247
TEST_02276,3.727204114200636,-1.1031767611327137,1.0100109769296035
TEST_02277,3.8127684695935984,1.0419966040237867,-0.195920612453472
TEST_02278,1.3170219213251746,-0.19466636932093556,0.5139149102455595
TEST_02279,4.511862660334233,1.1401410226108442,-1.175108376165717
TEST_02280,3.9685040903056468,0.7667594766436497,-0.4546913409878768
TEST_02281,3.2065686036362795,-0.2668651883410261,0.8840357065958528
TEST_02282,4.2203061323407525,-0.4996801113145419,-0.5366851325871512
TEST_02283,2.247781465737011,0.40975274708602966,0.09141344085063288
TEST_02284,1.7341122076663833,-0.41296578869796313,0.29553136682836706
TEST_02285,2.658030533836764,-1.028515681518635,0.289401746751078
TEST_02286,4.614866227688903,0.19216472213357777,0.2831012348376846
TEST_02287,3.8391897132097212,0.8725285655131804,-0.4114259791229545
TEST_02288,1.1687813369851772,-0.3420091014424137,-0.10428222221090565
TEST_02289,3.5772467456586714,-0.12925881217435092,-0.34630858668656195
TEST_02290,2.1981372512182498,-0.14676933885512067,-0.24762012466340175
TEST_02291,2.199871218422712,0.4157087586464842,0.7259673162521055
TEST_02292,1.3345404008620714,-0.5567043471964918,-0.15861993450588863
TEST_02293,2.6818618959717493,0.4889502900476611,-0.2868309871278626
TEST_02294,1.3255885306744266,-0.7974349466338777,-0.528986125464169
TEST_02295,2.6862875481965824,0.5247728686733162,-0.030161822969413183
TEST_02296,2.488165443672103,-1.7966904886204345,-0.17979837911766028
TEST_02297,1.791676864758209,0.4202787111236717,0.6197726678884377
TEST_02298,2.230732026493059,-0.959552966348737,0.4197985479387056
TEST_02299,2.816321625680197,1.1833691629416885,0.16184299298039695
TEST_02300,2.3016637542163645,-0.6940036358898684,0.2423513632943153
TEST_02301,2.141558229708438,-0.17850392529877257,-0.30301320486951067
TEST_02302,2.043193616692378,-0.34457379700529966,-0.03642663630393101
TEST_02303,1.580084699224232,0.08428449382253055,0.10573879311478607
TEST_02304,1.9977148392531021,0.2711293171657361,0.10159379763763385
TEST_02305,2.578048271181704,-0.7233699660393036,0.5766834526751545
TEST_02306,2.77181877213888,0.45219092619079626,0.13064291875626613
TEST_02307,2.6106027728686585,-0.5663052164788969,0.4719841466357572
TEST_02308,2.127009605514273,-0.5507627221541689,0.45710948846127397
TEST_02309,2.8340642717526925,-0.147616497834569,-0.3693500971586869
TEST_02310,3.280334262429558,0.6474552470272683,-0.36712417147373805
TEST_02311,1.7732843422763005,-0.9745371591571139,-0.18932500653909298
TEST_02312,2.2544594186702422,-0.19639847573618624,-0.11807004981551865
TEST_02313,3.0811370844660444,0.65624983045908,0.018748307896693073
TEST_02314,2.7300881725686135,0.0010791007433171972,0.1313159558003886
TEST_02315,2.370264020430957,-0.7787693592950333,-0.9443877870796968
TEST_02316,4.078154782257724,0.653957024792379,0.38409847574126116
TEST_02317,2.351958932255929,1.1843068201841584,0.5771079157500291
TEST_02318,3.098578675539718,-1.4731971757574667,0.1526864279782652
TEST_02319,5.741037215410762,-1.036258502865059,0.3649828315929352
TEST_02320,4.7100003037720155,-0.4880684353480178,1.142102086080144
TEST_02321,2.751761179949873,0.5539515842520795,-0.12043648952232118
TEST_02322,4.591502934746451,-0.1488951916315678,-0.6356197867591404
TEST_02323,2.4718336881500402,-0.4102540706078345,0.31031465723255763
TEST_02324,2.532095171309356,-0.9978923498532106,-0.8472293418048513
TEST_02325,2.5302682470787374,-0.1635641520214645,0.3428582230700672
TEST_02326,4.784946344179968,-0.3885945738534099,-0.14296176717648892
TEST_02327,3.9949331334889733,0.9895391789554359,-0.5230014617700528
TEST_02328,5.232264135125783,-0.39670571789111403,0.35071335080701727
TEST_02329,4.236211987717374,-0.593139136222605,-0.22702846764263565
TEST_02330,1.1716131922477755,-0.15535614750580118,0.09663495079497189
TEST_02331,1.51020132028459,-0.19537283704076988,-0.20947175255358116
TEST_02332,4.287903882815056,-1.476901880956758,1.9531170092058716
TEST_02333,0.7091033828605958,0.24174018049518983,-0.19477154556238818
TEST_02334,2.8657345343040075,-0.8058934768882955,0.698213777541811
TEST_02335,3.1243187933916183,-0.7725498098443315,-0.4598659699007218
TEST_02336,2.668481777092784,-1.4267302372361481,-1.018420392855048
TEST_02337,3.0435116844851104,0.24374284982618252,0.7364616433883728
TEST_02338,3.391020438450248,-1.1292317440356794,-0.7278505700174395
TEST_02339,2.9887070224987764,0.756594544248425,0.5785699078907616
TEST_02340,1.3534303924021431,0.23591677311833983,0.41763362297245266
TEST_02341,1.668205013240406,-0.36151429865475093,0.6801171519608535
TEST_02342,1.8302957730677964,0.12837181859468982,-0.15781462695168044
TEST_02343,4.2954617314512795,-0.49637382391838686,0.2727077351748986
TEST_02344,3.445651696980809,0.26823381540787794,0.21821698464897607
TEST_02345,4.942621636452696,1.56773531531097,1.8244740591945048
TEST_02346,1.5454840063401263,0.7347831332849261,-0.13051420431935706
TEST_02347,2.855856058169338,0.4199600843059916,0.2546248038680466
TEST_02348,2.874586028953555,-1.11970819523148,-1.0007862369005909
TEST_02349,2.6392580964569943,1.8301868519290956,1.405183307285703
TEST_02350,2.6057757302302127,-0.6313266488824562,0.7405082387656872
TEST_02351,2.1693359553527243,-0.782471685338591,-0.22992283093900448
TEST_02352,2.425078793365601,-1.563503790175363,0.3841279173172941
TEST_02353,2.1214214224178947,-0.6624154403463364,-0.2855804091849993
TEST_02354,2.2578392821949733,-0.4064265482762875,0.4214549991217767
TEST_02355,1.1397088853695203,-0.03182012026975602,0.2306351357686621
TEST_02356,3.802469410121126,1.7926063544014914,1.4716692201559696
TEST_02357,2.148009039290051,-0.4371693738854983,0.549318227103663
TEST_02358,3.422018130150856,-1.0226852174867678,-0.7689515028842571
TEST_02359,5.022158736334629,-0.9388283590478077,-0.1777906175420455
TEST_02360,2.1255150715576954,0.6629536718006768,-0.2128372397037628
TEST_02361,1.926710153514383,1.324489485797174,-0.015234272391750492
TEST_02362,3.9483018607150786,0.721841395974479,0.03059324875022966
TEST_02363,2.164460101941193,-0.08534405578637548,-0.6833397281607204
TEST_02364,1.566779754141412,-0.10649991370400155,0.20573555728090986
TEST_02365,1.933182964170153,0.20281754389869427,-0.07511757758924394
TEST_02366,4.077309914661386,0.11267296975636082,-0.3976102462266179
TEST_02367,3.231596742137834,0.6876892905229108,-0.22248129204572256
TEST_02368,3.4649722772867904,0.3856816786598345,-0.8938410542793556
TEST_02369,3.3818652849060955,-0.20729844277896342,-0.3020995289150941
TEST_02370,1.8600079451025355,-0.22369160398253382,0.39484160410376734
TEST_02371,2.6037437114113624,0.010615982279321779,-0.3127348565751943
TEST_02372,2.4181679893129933,-0.39401856436548693,-0.11752264421848874
TEST_02373,2.8745383516939103,-0.3061652583477802,-0.5201130304330545
TEST_02374,2.5435214488514215,-0.9365305649206552,1.1208274927180997
TEST_02375,3.609611966118957,0.27315929159708596,-0.0774849662756492
TEST_02376,2.6372445043613393,0.09397069882109463,0.8469377089563759
TEST_02377,2.8911438702674137,-0.24892814851883693,1.1527740059358451
TEST_02378,2.091645435620736,0.3375530150480075,-0.3683591478266409
TEST_02379,1.718307762429497,-0.998046725922015,0.5874979077453993
TEST_02380,1.9261034879900918,0.6571850486781798,0.10775543919029378
TEST_02381,1.614955445471472,-0.4125701513513099,-0.4085727818121484
TEST_02382,1.611314901627402,0.35303321767706186,0.30942638929878824
TEST_02383,1.4560634529468472,-0.19801440696504344,0.31845922559488365
TEST_02384,3.689072859446171,-0.29339764783297567,0.8148005371843555
TEST_02385,2.3480370938967283,-1.8996809276349078,-0.1768998712626973
TEST_02386,1.760243537658142,0.041497580212324255,0.16749748110844548
TEST_02387,2.611990259688161,0.2711180563871621,0.3030844141347268
TEST_02388,2.8662749033489345,0.6833616611794427,-0.72460334461431
TEST_02389,4.620796858231793,0.02424975411030139,0.9799783367032806
TEST_02390,5.257889901971057,-0.17166648611036206,1.068968109998837
TEST_02391,2.717866206496863,0.3322950695639576,0.6150498977332349
TEST_02392,2.100816925953309,0.6187888888680855,0.27028381762614745
TEST_02393,2.724721205352734,1.4866006378335848,0.8011539472363113
TEST_02394,3.0788354323317333,-0.06941365324593506,0.4506850375903233
TEST_02395,1.4636430399252838,0.635820484127587,0.3507245450361964
TEST_02396,2.2327518479969704,0.7185644278836406,0.006538213617879585
TEST_02397,3.9826516839970365,-1.0033057723784018,0.4333208282702682
TEST_02398,1.8307177418614127,-0.34258058954747733,-0.5376064677609327
TEST_02399,3.358729425396479,1.0901214421749514,1.479299353035659
TEST_02400,3.1246815904415013,1.1908318765176575,0.3058597877740311
TEST_02401,3.5202078627243516,-0.2675078178788121,-0.8219235431163332
TEST_02402,3.9843965814269033,-0.8469420372372995,-0.7645597548440329
TEST_02403,1.910353913786768,0.546165930731664,0.4840127071121391
TEST_02404,3.0961722989112825,0.9083723104671136,-0.7566760453900093
TEST_02405,1.6283975960890202,0.06802423955856236,-0.012409913212420047
TEST_02406,2.7056687936932002,0.6354055026824527,0.145356403775099
TEST_02407,2.0116164762390385,-0.8684444791098187,0.07143375912336011
TEST_02408,2.1666129173452116,1.6472956546152184,-0.5158502330631917
TEST_02409,2.855822303316857,0.3897462247754145,-0.5152494993233481
TEST_02410,2.417033494784809,-0.10187139399523507,0.012940245731447409
TEST_02411,1.6569234855573216,0.3124771740284559,-0.4286827320736494
TEST_02412,1.6041714969911736,-0.522441358146989,-0.3868367349799397
TEST_02413,1.8063037024046174,-0.41510969362490624,0.28886445954794054
TEST_02414,3.499851501018354,0.5324511621838193,1.8641118829514494
TEST_02415,2.0504193576215743,-0.08435206274528259,0.1906915683659606
TEST_02416,1.5142915273728086,-1.2551928043035099,-0.22294458433502276
TEST_02417,2.549645266860582,-1.293655146650284,0.22180250886499417
TEST_02418,5.125353265531707,0.37145922672321313,1.4013875722134876
TEST_02419,3.03202432015565,1.5856731800330859,-0.09146682880421686
TEST_02420,2.7165768304663924,0.2952379183569412,0.3477534294527005
TEST_02421,3.459356247106431,-0.1128313936266985,0.35906214808749254
TEST_02422,1.7569036897577206,0.183274093902334,0.23005430017183387
TEST_02423,2.190142062666264,0.8511368620073715,-0.317649962874128
TEST_02424,3.2509800653920804,-0.08991596375799368,0.12100660123154752
TEST_02425,2.2020036631180417,0.027739200437590796,1.140254282302416
TEST_02426,3.368554336852139,-0.7519745131588162,-0.4190435715099509
TEST_02427,1.936282735423127,0.01414697726928561,0.647617054884487
TEST_02428,2.136498825717541,0.4640975155296283,0.1806843722248909
TEST_02429,3.498467601258958,0.5244045640465604,0.08729167881496587
TEST_02430,2.0525095534745827,0.3605631187903146,0.10816399909609768
TEST_02431,2.5422587551994167,0.5741524784458294,0.03292625737774893
TEST_02432,2.272877793349453,0.1373843659617111,-0.4188924102842325
TEST_02433,3.693053186644424,-0.12096262259564516,0.5646995780735331
TEST_02434,1.5537813957776396,-0.044151586270978864,0.03772655402685142
TEST_02435,1.2487537067078824,0.43713984305200887,0.20306606150243242
TEST_02436,2.00787555798533,-0.23778280334283922,0.6053251850366814
TEST_02437,2.1286959386034647,-1.194831534717106,0.08162600392747497
TEST_02438,2.779476409427148,0.9990975908910216,-0.219189375612911
TEST_02439,2.077322018919175,1.4829222382504217,-0.6276963014572986
TEST_02440,2.852516002028006,1.8108490485965703,-0.6618716241752075
TEST_02441,2.3717206811967824,1.8353299652911077,-0.8585690416083851
TEST_02442,1.2202137070748975,-0.5829568835345211,0.4000463630626966
TEST_02443,2.019187122286132,1.9873971244142106,0.8609955967944336
TEST_02444,3.1670464813293613,0.014113052421789207,0.22179381601044942
TEST_02445,1.9250511995932582,0.4147498673333935,-0.17412751252540407
TEST_02446,1.172116927031557,-0.2910816661502095,-0.16363585385817841
TEST_02447,1.7434198489855108,0.12286143827154827,-0.38539673220924736
TEST_02448,3.5139745251552092,-1.1829978673454473,0.055729465485983766
TEST_02449,2.1480896474724696,0.46326426787056063,0.13296138967026835
TEST_02450,2.1484109480447255,0.35115588972072626,-0.060636573202673245
TEST_02451,3.270925892553125,-0.06463745261237015,-0.06947667787939732
TEST_02452,4.687578005859843,1.436300612264054,0.657636444079595
TEST_02453,3.1070929152838223,-0.21653033371917524,0.3568660653246442
TEST_02454,3.5696675996213028,1.2560265015933314,-1.1828372387854116
TEST_02455,3.5380262273200933,-1.1677841077866324,1.1083736280167105
TEST_02456,2.955764803600816,1.1558392490349183,0.2863547543050095
TEST_02457,2.2307598662945844,0.08013478650531448,0.06209340807020534
TEST_02458,4.48619940108158,-1.3917011585332533,-0.5204612669340561
TEST_02459,3.0243242475605276,0.3239507780184167,-0.667301715525452
TEST_02460,2.2570934462271293,-0.058331448140717675,0.6463444919505817
TEST_02461,3.446486960586683,-0.26064388746870637,1.0455600163538636
TEST_02462,2.39907782074691,-0.3309138425144136,0.3530856055668597
TEST_02463,2.8916294656858854,0.15014098153736044,0.5698852967913889
TEST_02464,3.736575680542323,-0.0797672141820615,0.2960845436476486
TEST_02465,3.6612682085498958,-0.3974037469642173,0.47649959197159913
TEST_02466,1.882840811658259,-0.5543564080522636,0.6657044549870547
TEST_02467,2.9133803947713743,0.20676790132408362,-0.628301091420073
TEST_02468,2.477543659724641,-0.9086521146939857,-0.5598121269013844
TEST_02469,2.8157143086939542,0.7470032279346294,-1.1200181521051664
TEST_02470,2.468174085030642,-0.3013338280003719,0.5765435053023945
TEST_02471,3.113756224551254,-1.1710378833490245,0.5623962899761371
TEST_02472,2.085596837395638,-0.832995887086103,0.020011862685984306
TEST_02473,3.3882433747282823,-0.2754807935565437,0.2775077168332802
TEST_02474,2.0483131722012864,-0.10283307477325576,-0.006247508205902348
TEST_02475,2.4193484504461664,0.622498109238495,-0.37436564426164787
TEST_02476,4.646203364767358,-1.5490210847110146,-0.764625701407989
TEST_02477,3.1556024024565166,-1.1791852665410216,0.06248155414346147
TEST_02478,3.6581663514578424,-0.10361079525899368,0.9348730502489497
TEST_02479,4.801589275128361,0.3966492515245804,-0.16177797890302825
TEST_02480,4.023276731862594,-0.7213161638827561,-1.1307587264114651
TEST_02481,4.642119574831362,0.04608218315205473,-0.5246110285963538
TEST_02482,2.317157578950978,0.4707790658771408,-0.3491126779604278
TEST_02483,2.043417055097016,1.068927714885013,0.3289876455747988
TEST_02484,3.429682720101403,-0.052899857979355765,-0.506639365960595
TEST_02485,1.8690864475882,0.7671946735611938,-0.47636188188928785
TEST_02486,2.710078849740107,-0.46838982530419865,-0.8988717148323556
TEST_02487,2.748991928187016,-0.8407628597714034,-0.2691272563727008
TEST_02488,5.439063016637652,-0.3009861881846022,1.204039059975657
TEST_02489,2.0950666249561154,-0.10146089117996826,-0.06624389609111962
TEST_02490,1.098856783741084,-0.1686203161199109,0.09306332532959687
TEST_02491,3.4968058835253863,0.3870071606027351,-0.642784701142988
TEST_02492,3.0502866101432993,1.0744654940242622,0.2649666472199747
TEST_02493,2.5320580947749307,0.34168716926152337,0.2464820737992418
TEST_02494,1.6748025754959512,1.0328182279426892,0.47032527669306656
TEST_02495,3.441067461784767,-1.2732100246598457,1.1808746878399592
TEST_02496,2.7871780107303463,-0.829185118237726,1.339013260412336
TEST_02497,3.2279463995419513,1.5390948179114545,-0.48339869897443527
TEST_02498,1.4175343180819178,0.5056439912837531,-0.4489836168829962
TEST_02499,2.5303095287089508,-1.1733520351164026,-0.18091842781195167
TEST_02500,2.5231602265282627,-0.6349835750955902,0.08752151240240467
TEST_02501,3.10635807964524,0.34848909462665895,-0.46309665077281786
TEST_02502,1.4667355120830292,0.43234700880353755,0.23787938923697333
TEST_02503,2.1127033843880314,0.2969754453354079,-0.5899083044082228
TEST_02504,2.1074571945363108,-0.611488023933794,1.0266838521298383
TEST_02505,1.9878356145191818,0.8990976888697022,0.3361165984711829
TEST_02506,2.480102454714161,-0.3524584807287505,0.4574427760094478
TEST_02507,1.174993505348671,0.4599413387766712,-0.16024612176122666
TEST_02508,2.1830383254326433,-0.5075706253813937,0.09762560371972143
TEST_02509,4.312909231358507,0.835864599743207,-0.39907746253866766
TEST_02510,5.205138617589545,-1.633163298682021,1.8167353351157922
TEST_02511,1.3780094880580307,-0.3134801514242579,-0.03609511968509456
TEST_02512,3.0347911903284723,0.16821194459844732,0.14052288087387646
TEST_02513,3.7560741177916688,-1.6374165990022334,-0.5073383414774775
TEST_02514,2.0594707024091834,0.4404543527211966,0.01222908969365637
TEST_02515,1.6717263084414298,-0.09618441389100975,-0.25872959026650677
TEST_02516,3.107362254475051,-1.0426720393330098,1.1353088761234493
TEST_02517,3.293961030894473,0.21777967773572907,0.3884703173501992
TEST_02518,0.9970462201028639,0.31677416195163843,0.33365375128678837
TEST_02519,3.3150780156728765,-0.35333105880930804,0.9212020335419546
TEST_02520,1.6736344015897608,0.9033327977337701,0.20611845313189306
TEST_02521,1.255411234736474,-0.403027841485134,-0.2799280140195116
TEST_02522,3.051029210929721,-1.200087173643441,1.131480126183088
TEST_02523,4.155547391917714,0.36748320506280846,-1.0701112572777907
TEST_02524,2.3529521623040774,-0.9424488141112707,-0.5345922869828513
TEST_02525,2.60564826417498,-0.04117369086124129,-0.6345643133400354
TEST_02526,3.928029275027187,-0.89670996464633,-0.9022728786296539
TEST_02527,1.3336041319753822,0.6267241630649685,-0.1593728888164498
TEST_02528,2.0235390733637018,0.9847382596328361,0.41146031048121984
TEST_02529,2.1281127597198632,0.05616424832985895,0.32615000524782173
TEST_02530,3.165536314662636,-0.5135729965163524,-0.6437154793062201
TEST_02531,3.169463992686467,-0.05943437053351439,0.0170985709507928
TEST_02532,1.7596833180722664,0.36511447159445065,0.10508300173080859
TEST_02533,2.10619206994312,0.22342214112681386,0.3748720267449839
TEST_02534,1.9126067245786147,1.3500581586987082,-0.16494131367034992
TEST_02535,2.313699632319288,-1.0771161385133297,0.27793436715858205
TEST_02536,2.39009030592967,0.7393344522801435,0.6202772326745836
TEST_02537,3.331822155262078,1.688260074555196,1.4019765035978535
TEST_02538,4.32314625810261,0.43580041939174285,1.3929898831880647
TEST_02539,0.9124264755994109,0.34445787868670813,-0.09130217256813877
TEST_02540,3.4050064402109754,0.033740014716978524,0.9219220890298028
TEST_02541,2.8335547940605457,0.20692334507593965,0.26822503249993535
TEST_02542,1.425864736066747,0.08097869162492553,0.1188536535097133
TEST_02543,3.717067555474962,0.24684827284355843,-0.2658751236194235
TEST_02544,2.7370489482510902,-0.2853064169173808,1.136635730196595
TEST_02545,4.547392019608609,0.9536725905894223,1.0337138261591718
TEST_02546,1.6681970826865096,-0.20289583665130204,0.3680306946406852
TEST_02547,2.932842608759378,-0.0338145954625202,0.6200084441023385
TEST_02548,3.0951743709670523,-0.06779220398918771,0.5924677528831808
TEST_02549,4.454037871763748,-0.0035493106183806266,-0.823765852048055
TEST_02550,1.7144440874092874,-0.9450826167520561,-0.6952398728249796
TEST_02551,2.947048019650034,0.02861355045383342,-0.11548096427337289
TEST_02552,2.389683655311455,-0.8075114251142207,0.3807977420235009
TEST_02553,3.0543558648130573,-0.08623815451905008,0.40575983271070964
TEST_02554,2.18640685977889,0.13036700927822423,0.2733701866514008
TEST_02555,2.375836161421507,0.3947616728331663,-0.05818881808582767
TEST_02556,1.8329679669167167,0.7773866782650654,-0.2964626514335477
TEST_02557,1.8652542789826334,0.10762057462095348,0.4925403964605733
TEST_02558,2.252220742277906,-0.5162699196001672,-0.8449784962435293
TEST_02559,4.967601165969447,-0.3877909605440068,0.7733814478296449
TEST_02560,4.102824543285787,1.0763210442612778,0.1570162974845105
TEST_02561,4.3693458391495135,0.8632482480523663,-0.7288510339054115
TEST_02562,3.4077544232412746,0.3240160019627376,0.12286043858055563
TEST_02563,3.7602334194656795,-0.35617157066819405,0.6267641442978857
TEST_02564,2.8015870476192086,0.558614591083146,0.1588558725062359
TEST_02565,2.3415336022738997,0.2323489538197836,-0.9473729638374814
TEST_02566,1.0926888568392283,-0.6872909491531514,-0.3868820196775852
TEST_02567,4.786407895787543,0.12002399317032694,0.5723886778362086
TEST_02568,4.400036384509295,1.0406387682794511,-0.713795209316645
TEST_02569,3.4492541704288247,-0.4123203298829073,-0.5963588141403896
TEST_02570,2.439465464624076,-0.034882060365374834,0.12899062863722893
TEST_02571,1.3974888453924825,-0.1565351883131057,0.058650899825287615
TEST_02572,2.667442617100459,0.7462043505721953,-0.9290131724523032
TEST_02573,3.003243265503123,-0.37737637856989487,0.5524200767807042
TEST_02574,2.575414925640824,-0.7141289870563805,1.087090524291915
TEST_02575,0.995958971017005,0.15802366769650428,-0.07132626400717287
TEST_02576,2.446623449386002,-0.3344497174269106,0.6161621424105186
TEST_02577,3.605913062482136,2.116485185378101,0.06728505971705485
TEST_02578,5.6219157620198095,0.12003978378374724,1.1589170348558113
TEST_02579,2.7405701347725486,0.736517924116696,-0.22516899102133084
TEST_02580,2.6123821081375818,-0.5803729995559884,-0.23892342884607987
TEST_02581,1.049041806342583,-0.3455855993147187,-0.28065843317423445
TEST_02582,1.5618719094984275,0.4897321524797957,0.12255669864943022
TEST_02583,4.477311919007896,-0.517370756543793,-0.7073926730641381
TEST_02584,3.8251843335937328,0.08935448747873741,0.17048476616837258
TEST_02585,4.868599111496285,-1.7710157736860135,0.08328266514652352
TEST_02586,2.39349523583451,-0.4618362461869089,0.354379170861593
TEST_02587,2.841141090113812,-0.44195274788141053,0.4051167640994316
TEST_02588,2.6247354007923422,-0.22719859676630674,0.19448334232425604
TEST_02589,2.1115386607704787,-1.4116250532812464,1.06049886576203
TEST_02590,2.698303150223635,-1.3603105103589344,-0.0672363104689758
TEST_02591,2.8502877574297596,0.04262780914401828,-0.610057224766926
TEST_02592,2.137960804561565,0.7105477039799525,0.6187457944904374
TEST_02593,1.5225749808231848,-0.44580220312598484,0.5288949337501365
TEST_02594,2.082895709795341,0.3655314964308718,0.04000010675274128
TEST_02595,1.6250500917724835,-0.14149500578100407,-0.1051325407712978
TEST_02596,1.902486336240783,-0.0024351399783159398,-0.013930024947467928
TEST_02597,1.6466403721436473,-0.07462529671449575,0.2686367970629996
TEST_02598,2.7368123317172204,-0.3238338314624747,0.22428802812717108
TEST_02599,5.927948207878466,1.3744506753579295,0.8221293981374229
TEST_02600,1.9594543324161449,0.6677481424480165,0.24669962591250302
TEST_02601,4.866824479699622,1.431861369082546,0.22835527229935995
TEST_02602,2.974081115234235,0.8205453479869537,0.48248756621946454
TEST_02603,3.118141506684051,1.2388138225710386,0.8301901514088277
TEST_02604,2.5803978414770823,-0.32558352002744456,0.10483399231081651
TEST_02605,1.0661826891461983,-0.07272069157904897,-0.2580322802663239
TEST_02606,4.653580537306531,0.19206088192560414,0.45642675408633193
TEST_02607,1.1322947684649949,0.5560216743917308,-0.3610800331620074
TEST_02608,3.0585918206177034,-1.049408920689681,0.315408616731057
TEST_02609,4.289393334721992,-0.010464234669317514,1.0137713940153386
TEST_02610,1.340639808234929,-0.03569252920651492,-0.0092607185725747
TEST_02611,2.6210147770871144,-0.2025532532102485,-0.23027182603258067
TEST_02612,2.216793324721093,0.35510709455639605,-0.2219969704748903
TEST_02613,1.2404279476259792,0.3290124852394366,0.16143994903032266
TEST_02614,2.648593018994964,0.03665612144630943,-0.5845937394775345
TEST_02615,0.9656289821383216,0.4518812295477398,-0.055968871371883944
TEST_02616,2.3331065759905734,-0.4005171473743183,-1.0071082363864687
TEST_02617,3.5023005235834974,-1.8791364158073443,0.9816695198013475
TEST_02618,4.2397105431843,1.2032443329973272,0.9874128222915951
TEST_02619,1.600178200199144,-0.18676531084500514,-0.5132333351010849
TEST_02620,2.0926817322284763,-0.7689373599290764,0.0777935731467552
TEST_02621,2.901847281217629,-0.05413753073222848,-0.3653318000326531
TEST_02622,1.9190774611132673,0.7239328314958526,-0.05260277331317467
TEST_02623,3.735690407434148,-0.32629940547694447,-0.2933781237246673
TEST_02624,4.0617782879654225,0.23812840856470363,0.40694342290160884
TEST_02625,3.190482181786848,-1.1553995095214837,-0.4976964590118648
TEST_02626,0.885859139077418,0.064836764564318,-0.3044312907929792
TEST_02627,4.17840433415746,0.1385370932617294,0.2396533880493173
TEST_02628,1.614553174060072,-0.7459898855615934,0.37499803088958816
TEST_02629,3.917996176543092,0.6627133587606033,-0.08819022072350585
TEST_02630,4.05855020169302,-0.9078106488152476,-0.4050120647993484
TEST_02631,3.265581620274247,-0.4415497129475059,0.7181717389081388
TEST_02632,1.5711107966004745,0.581566714506148,0.4395006748076874
TEST_02633,2.0161140899743657,0.14894379932126017,0.539385861109839
TEST_02634,2.7352571139537276,0.14535998107617143,-0.41850436508998784
TEST_02635,1.1401030568015555,0.36594026252149864,-0.06449398305168565
TEST_02636,4.621195567320775,-1.1299219495037809,1.0023086407899622
TEST_02637,1.1765424252672418,-0.29069169042506304,0.2817084222864117
TEST_02638,3.417198320927039,-1.5635026767420963,-0.8357436652514589
TEST_02639,5.3087177810104995,-0.5550673537358017,0.1547966115184949
TEST_02640,2.9908922388745074,0.24679546686646467,1.1120213106493329
TEST_02641,1.121430096033115,-0.8814228132885557,0.1644827765806102
TEST_02642,2.267039787443094,-0.5710430733238656,0.2741517372875457
TEST_02643,1.3212971368183015,0.5217479906974262,0.1369831654740589
TEST_02644,3.1287017651349704,-0.808842079640577,-0.8597648923398213
TEST_02645,2.244854648841928,-1.0671999464659234,-0.7816417178705561
TEST_02646,4.509140350540289,0.7198836109079054,0.19271415499480749
TEST_02647,1.9546594485027111,0.6539763233899649,0.8223520719499062
TEST_02648,3.880305667838134,2.038807243458868,0.008809687754674432
TEST_02649,2.5155430003158843,0.12168254871482147,-0.03876598014925669
TEST_02650,1.9495524776271502,0.0854056605039832,0.5335469261355867
TEST_02651,2.776940257957605,0.09772491988126522,-0.027376797742950678
TEST_02652,1.6236116885574905,-0.9307190023838233,-0.6133033738329056
TEST_02653,3.108912435777488,-0.053726316567203114,-0.41155545628874085
TEST_02654,1.1168870085759532,-0.38114548691326827,-0.27328721384926624
TEST_02655,1.3725493517825529,0.4208306836859985,0.1923687548054961
TEST_02656,2.941443375031886,-1.043891636159927,0.7138746373006918
TEST_02657,2.7628937310489614,-0.8802865580285529,0.2815103829792489
TEST_02658,4.58420399684512,-0.13547691049670738,1.0023810773362227
TEST_02659,2.172275726657814,0.7647918307304942,0.2499342266581388
TEST_02660,1.6430980570836724,0.04015892232224259,-0.6171990016514272
TEST_02661,3.471196142157215,0.12466062522863473,0.8288516012488167
TEST_02662,1.925396069426313,0.20809283147835958,0.03233910017008031
TEST_02663,3.0972708119343997,-1.0258791353477668,1.1051236581639912
TEST_02664,1.9249043947285003,-0.36426032772215194,-0.346574364054922
TEST_02665,5.360689007809242,1.2947469884426768,0.46341639086408976
TEST_02666,2.9025135625854053,-0.28938460247458536,-0.3442496196352404
TEST_02667,3.3376214622376272,0.3884407869164326,0.19265238730380083
TEST_02668,3.3333579209440694,0.04443033558332308,-0.2690038433092754
TEST_02669,3.7405025331146513,0.2915019099844364,0.5240432661872633
TEST_02670,4.293176332122128,0.7076653721778153,-0.8358821658382938
TEST_02671,2.6886263421156817,-0.10838675609741724,0.0012737810153463527
TEST_02672,2.327222412717469,-0.1398564464927029,0.526209661683042
TEST_02673,1.935670370873907,-0.695649789894704,0.04768366421917918
TEST_02674,1.7808255854405606,-0.12539196615023213,0.2846309654092763
TEST_02675,2.5034407318970646,-0.5156225018271838,0.4654722042865624
TEST_02676,3.0255026329192867,1.030746175714451,0.3271102236819175
TEST_02677,2.132650033371377,-0.2263832483492092,0.32559361318300983
TEST_02678,1.2480055064678146,0.1400104304421784,-0.09005923747262277
TEST_02679,3.1021372623021852,1.7308958136945527,0.9665359317055795
TEST_02680,2.2762722892861302,-0.9927776569130011,0.17047165348169607
TEST_02681,1.5298306749965132,-1.4739068724426045,-0.35210421760855254
TEST_02682,1.4712459712781463,0.6190586189657346,-0.6651712636248134
TEST_02683,1.1702413837994217,0.06199098178812011,0.15306049142521264
TEST_02684,2.465833746807242,1.3586869990097084,-0.5985112472245148
TEST_02685,2.180769732222287,0.34757736411110174,-0.451067019074733
TEST_02686,1.9720926580180402,0.7682635467395451,0.38171667793402964
TEST_02687,4.21860889212334,-0.4902612984353785,0.1816564533772498
TEST_02688,4.8199617230685625,-0.6276100912956376,1.1594255906438542
TEST_02689,3.788029867550889,-0.15998589149318185,-0.6696326898948829
TEST_02690,1.4078773674586134,0.3301543543904853,-0.4161109501693465
TEST_02691,2.0275071963687097,0.3212843931447622,0.40677224642971516
TEST_02692,2.18551238086826,-0.6857778199681308,0.7066941648983806
TEST_02693,2.415092468213192,-0.18286522057316346,0.2882768838716362
TEST_02694,2.386248881413661,0.8579812413685871,0.7055457310274464
TEST_02695,2.959736213321931,0.0039139502629129954,-0.041278400381459614
TEST_02696,2.868131479721984,0.7685812417344866,1.102413869016396
TEST_02697,2.3135994385966927,-0.439054099535895,1.0381351985078529
TEST_02698,1.3310431849554067,1.0353426135121373,-0.6946228987621291
TEST_02699,3.76598195000949,-1.3825883907166225,1.2048533674850916
TEST_02700,2.190171019540972,-0.2831411105439621,0.8145211738744549
TEST_02701,2.131449511520539,0.18306795352425764,0.6365051900290576
TEST_02702,1.3286195312845388,0.23004238740761762,0.10216621503957803
TEST_02703,3.240231514610918,-0.6927649869473042,-0.03023249786978829
TEST_02704,2.5793578916750857,-0.2080148225098945,-0.2789715329277574
TEST_02705,3.3470434240159674,-1.085121437752886,-0.851973876471847
TEST_02706,1.2855086822974824,0.17816691760486206,-0.3021809352141397
TEST_02707,2.1123030572091674,-0.18156085378458367,-0.6086476251871207
TEST_02708,2.2600013948734112,0.988117033160103,0.30231434966927195
TEST_02709,3.241247275173837,1.8549928977827408,0.8304883979848433
TEST_02710,1.5462580776828097,-0.5100951011289413,-0.4348369393774044
TEST_02711,1.9289647429751227,0.9751892180768598,-0.41049080245076397
TEST_02712,1.232792326812525,-0.19583908215795798,0.07193057931479006
TEST_02713,3.7790087223315614,1.2390938570688326,-1.0442631325055167
TEST_02714,1.2280279658727278,0.1293596268597573,-0.00348539255676295
TEST_02715,1.7554635364354785,-0.1526199510316836,-0.03702288352262684
TEST_02716,4.0948319484551865,1.2978829155404967,0.40885940591713293
TEST_02717,3.187408919426785,-0.809853788613834,-0.5142334808219642
TEST_02718,3.5103499176851387,-1.786569776595038,-0.2689689312496795
TEST_02719,3.5754599018125393,-0.3023884108269025,-1.494549066584047
TEST_02720,2.489275621035831,-0.8692086710492638,-0.49283089141299175
TEST_02721,5.297301410237162,0.6830676843275898,0.7037457226374395
TEST_02722,2.2414651961241,1.167753164788558,1.0628569328027617
TEST_02723,3.1972225938470897,-0.7143457219079041,0.5288359893777543
TEST_02724,2.6951826786833775,0.42398288944754037,-0.27933983258314954
TEST_02725,1.5899001211056711,-0.5380493376803382,-0.013383268613442722
TEST_02726,2.0666417059248907,0.3312796036054917,0.529901666962518
TEST_02727,1.4648833931251295,-0.5134340402788603,0.3862120469543985
TEST_02728,5.655848598124533,0.694085611539166,-0.20694562625902987
TEST_02729,2.3542985719062224,-0.22680432147080132,0.5307531652933907
TEST_02730,2.8947594506769585,-0.4519744344764939,0.40677005660382326
TEST_02731,0.9641953887288408,-0.22247308665295476,-0.10684416625341756
TEST_02732,4.8449844755231,-1.1791314950017417,0.9397182783920568
TEST_02733,2.5158305072287868,0.1776851818970965,-0.014736643680027302
TEST_02734,3.096021668303086,-0.35776489901533637,-1.0416539497356556
TEST_02735,2.478783228945199,-0.20252735519606074,-0.016266555841238862
TEST_02736,1.3026999863111333,-0.1739790260397602,0.45392878703132983
TEST_02737,2.6633691425892665,-0.6996122465463595,-0.10274270192651137
TEST_02738,1.294022587107657,-0.7308873162788935,0.24807648472376023
TEST_02739,1.7167257831441753,-0.9014331644814959,0.10066207557983896
TEST_02740,1.3983152049382253,-0.3488465337470846,-0.5877964595457207
TEST_02741,1.2174924014843136,-0.12514682932170834,-0.2810444180565244
TEST_02742,1.2704402877713459,0.4486966969067485,-0.18985787478375843
TEST_02743,3.8677821668783885,0.11951009041249618,-0.46326482950502473
TEST_02744,1.3398816055219336,-0.37803501971876136,-0.35888552500442705
TEST_02745,4.213552954707826,0.8051350449183099,0.10345088181632055
TEST_02746,2.0642820889024915,0.4419747709762243,0.51037466633417
TEST_02747,3.690428558053586,-0.41745891503712124,0.6847885351845004
TEST_02748,1.8908715506632232,-0.008616687529143104,0.08267112675615831
TEST_02749,4.532178257157177,0.7007377557451826,0.8735186737077825
TEST_02750,3.128091214252823,1.1841605549907486,-0.37406611908854237
TEST_02751,1.4705000422563572,-0.7258470062666591,-0.09622456602803332
TEST_02752,0.7996785038271033,0.0324174925195403,-0.12393703045537949
TEST_02753,1.9032500872324938,-0.4363579239869438,-0.0071114889369976175
TEST_02754,3.5743321650134807,0.4308842824988813,-0.9851265715925778
TEST_02755,1.9680614811500547,-0.8289732182378252,-0.21208357761326707
TEST_02756,3.99856853028424,-1.2433478685989634,-0.3374319643015035
TEST_02757,1.5229796646575648,-0.2070556499837489,0.08167190311402273
TEST_02758,2.1224250168059746,0.43076055679972,-0.6623392899290161
TEST_02759,2.4694176036360838,-1.1663669325450319,-0.8830694217977487
TEST_02760,2.5959573718289644,1.4404889029219174,0.5540966066653938
TEST_02761,3.7673210331863167,1.7106105206017046,0.8659697957445077
TEST_02762,1.5447963214411027,-0.8623043026961383,0.7332306183165304
TEST_02763,2.0338074289741277,-0.06973719085388322,0.5625072600713279
TEST_02764,2.9354904704703686,0.930024482735615,0.11408818820245913
TEST_02765,1.8012462704943477,0.19109781308115237,-0.5393222813818545
TEST_02766,4.096959696313694,0.7686923348093289,0.1675119937485134
TEST_02767,1.692958620546234,0.19065090480369606,0.2620812253302993
TEST_02768,2.7691397532950788,-0.07972796567618448,-0.16910012377633687
TEST_02769,2.5687443342072043,-0.03212435328543263,0.01294067449846844
TEST_02770,2.016102245599303,-0.5454875813263322,0.2822096435730163
TEST_02771,1.9876986118667046,0.10457192639743312,0.26398511811448455
TEST_02772,4.955885813145949,0.00968905478552143,0.9745056077875652
TEST_02773,2.592282860700162,-0.19265388703723682,0.20632941745359956
TEST_02774,3.161788670694995,-0.919762050098875,-0.7639328336435788
TEST_02775,1.8211012409198843,-0.2624596753582366,0.05818726371811275
TEST_02776,1.5017328230278084,-0.25756563085746337,0.38195810804181135
TEST_02777,3.7339433145929632,1.901852758978559,1.8281332701189033
TEST_02778,1.7313194347000562,-0.12989066417938233,0.563582485800131
TEST_02779,4.339141348555834,-0.39618080309228065,-0.2040892583529554
TEST_02780,2.6479487807528144,0.5604996556562211,-0.8969507237262215
TEST_02781,2.8163302264199523,-0.3642165137867624,-0.5923605969547133
TEST_02782,1.2643155503577925,0.21080295030451424,-0.04213119473725803
TEST_02783,3.2427331851058354,-0.5982033494865339,-0.297987001287176
TEST_02784,4.197654277054319,-0.7974941351983772,-0.5679488833338907
TEST_02785,5.388424283308334,-0.14526747134285092,0.6349383414146607
TEST_02786,2.741252200024431,-0.07815402469594682,-0.054914718727324736
TEST_02787,1.1654780701330028,0.024592704562555544,0.2218839557417767
TEST_02788,2.2003705121859594,0.463320796930068,-0.08962701520987643
TEST_02789,4.4081864640645705,1.5875433639133198,-0.33084050265989356
TEST_02790,5.049874073370345,-0.4848283406159645,0.6093945686943286
TEST_02791,1.9189285619187524,0.13076445193912287,0.19971589843441623
TEST_02792,1.3435613942184004,0.2243718718920103,0.3403217250519442
TEST_02793,2.1182569390774444,-0.1880502136595929,0.2580879028593129
TEST_02794,2.535273981916003,-0.3284419419321462,0.40037002326358967
TEST_02795,2.0010118281155376,0.3374819331871118,0.3092732714557894
TEST_02796,3.2716521895097017,-0.5360610148256916,0.07264315853011566
TEST_02797,1.800854419092411,-0.8463864824272602,0.06269675389047837
TEST_02798,1.8229813176431455,-1.0862890991076208,-0.8517781503220309
TEST_02799,3.316474943207229,1.0020604489935072,-0.7902478885281066
TEST_02800,3.3078433934725053,0.5016522302897105,0.03450644605300811
TEST_02801,1.559824679636718,-0.1347587780646698,-0.1514708818616951
TEST_02802,3.269847178006235,-1.7344306259767046,1.2471014741199211
TEST_02803,1.093939832786747,-0.6101885351375612,0.37640764557815226
TEST_02804,2.949851151869015,-0.8089333258239149,0.13489209293123333
TEST_02805,2.7164889009324873,0.08209305789632176,-0.19539934964547437
TEST_02806,5.023517393002319,-0.1355165887934065,0.33974124799935934
TEST_02807,3.5676115574419662,0.012372891029747875,-0.7797247978849058
TEST_02808,4.9144951494288724,0.2800050290655859,-0.05853476850932134
TEST_02809,2.4865094543812867,0.2468619447946325,-0.22963000919645135
TEST_02810,3.470509219720286,0.5543590980109213,1.1625188799797226
TEST_02811,1.951343211109928,0.4287884000344874,0.39532191181839876
TEST_02812,2.410699527019504,-0.1525377403182734,-0.3853363529756677
TEST_02813,1.9534111610927245,0.11066532078933734,0.1377709861908813
TEST_02814,2.1968778381851206,-0.39775138504926627,-0.41178587120723564
TEST_02815,3.0500844687113915,0.16183957229845447,0.3620117697830794
TEST_02816,2.686843559381976,0.09122581748111176,1.3668846226326767
TEST_02817,3.6485127196255047,-1.8712949293997698,0.12936208254006298
TEST_02818,3.4846151929920577,-0.30228758680488066,0.8950083741527977
TEST_02819,1.7722953984497123,-0.550141683250421,-0.07799195861758394
TEST_02820,2.8534811042424693,0.5806622751372489,-0.12064844187856315
TEST_02821,2.5775060988740535,0.13756232415962266,-0.48637298533842366
TEST_02822,1.5724061571023347,0.3758941678908452,-0.45866184818997463
TEST_02823,1.9904935950615898,-0.5674755405236971,0.7448959787047305
TEST_02824,1.8374005617769698,0.039514018439551137,-0.7482515971509682
TEST_02825,3.701582558071784,-0.11333380375619266,0.46469029836769576
TEST_02826,2.650886651186145,0.23692265125755468,-0.10595449273352735
TEST_02827,2.233633269406686,-0.40202464271486604,0.3927845448488095
TEST_02828,2.8966745295635605,-0.17169289621626102,0.44772134279046216
TEST_02829,4.589932177267589,1.1318950216869366,0.9154865672153434
TEST_02830,1.8323087635487647,1.248196484665249,0.5607471589812064
TEST_02831,3.105107443655456,0.8852473790291417,-0.45842598001220036
TEST_02832,1.25025012402215,-0.3395323292602329,-0.17482355200597127
TEST_02833,3.540889278171064,1.2543278155159046,1.2812609899802025
TEST_02834,2.9540752337022362,0.18096996819976344,-0.16193570378313268
TEST_02835,2.4414629188836443,0.45551448601825756,-0.0005498949492455242
TEST_02836,2.2258192803523262,-0.1727780234552649,-0.44236086646804257
TEST_02837,2.194901845852751,0.2770995509435498,0.7514079662714993
TEST_02838,1.388504939606756,0.22778092050427026,-0.40429368532538146
TEST_02839,3.6653633911481927,1.2928999533948173,-1.04841963215327
TEST_02840,3.4264621319875515,-0.9163018841085173,-0.01584775414166795
TEST_02841,4.517646452270699,1.2690935616676535,1.4718371749241437
TEST_02842,3.5088766729907266,-0.6995866842431574,0.8722495830042908
TEST_02843,3.3922560649755185,1.8440685092249571,-0.7767550139697916
TEST_02844,3.392693273301422,-0.17879650009251127,-0.2960056775989371
TEST_02845,1.6799716135995997,0.7701641081596853,-0.3599498882873836
TEST_02846,4.55774113693775,0.9467534607472797,-0.5747844623980493
TEST_02847,2.6204348484671187,-0.1646386306468363,0.008514916264601689
TEST_02848,1.4176662559163762,-1.2881382250686515,0.027532286721985884
TEST_02849,3.730298746383924,0.1918970438449497,0.701122622757238
TEST_02850,2.1785929149047623,0.3182777240396821,0.3362753229510694
TEST_02851,4.1333010549810565,0.1932788967402431,0.9732172971366571
TEST_02852,3.8604287180329857,-0.6877562812858985,1.0228778317929588
TEST_02853,1.0286046844907781,-0.3217903181404407,0.22746020218237975
TEST_02854,0.9833133540768835,-0.7649833835270069,0.14266911329694584
TEST_02855,1.808325081074346,0.07970005508664742,-0.3431759811691668
TEST_02856,1.6307022389669759,-0.053514279042321755,0.45582541455695486
TEST_02857,2.3051650360483755,0.45442986918360223,0.4833824073178281
TEST_02858,2.0648417513354045,-1.031232645011287,0.5283262970163753
TEST_02859,3.9344444702382297,0.8854224295055501,-0.5556810756322381
TEST_02860,0.7055958589252995,-0.39539506708492267,0.36072903647271076
TEST_02861,2.9001001945560043,0.1431035604234572,0.4149737445818941
TEST_02862,1.9366770102051674,-0.1560355765821921,0.16230159747347617
TEST_02863,3.545060328032146,-0.5252050722329338,0.9235467806676121
TEST_02864,4.0751468246912985,0.6093651435132394,0.8300319677659176
TEST_02865,3.4394710980324414,-0.2152727105339767,-0.3462648949319123
TEST_02866,2.6649719138233023,-0.25405495224540314,0.46988584430983016
TEST_02867,3.170139080756436,0.03332128395924575,-0.9769242738896815
TEST_02868,3.050273415874146,-0.15877281157034015,0.06842543065030962
TEST_02869,1.67240325512408,-0.23469355728794322,0.8548649134562133
TEST_02870,4.5948719435258845,-0.05664380686990707,0.7491593009861724
TEST_02871,0.9815799663625644,-0.689223545370831,-0.21458037642293176
TEST_02872,2.9717010087960225,1.1937993511057434,-0.7734975376129133
TEST_02873,2.409770977530823,0.4177820743618041,0.23146712835431138
TEST_02874,2.401611063034099,-0.24779035160910248,-0.025126757854399943
TEST_02875,0.8804962721589927,0.1113712994888274,0.27486071549729774
TEST_02876,1.5058045248493983,0.4345182984249162,0.44204715653106996
TEST_02877,3.0972520597954443,-1.392203437680163,0.5883966300535652
TEST_02878,1.8456420461747203,0.02868767841216643,-0.49760971329994685
TEST_02879,2.461722563397812,1.2422409309615825,0.4116002183061299
TEST_02880,2.8109894785830325,1.4854371436735618,-0.7400696453855087
TEST_02881,4.908144516997596,-1.8348058686496205,0.39258769593388954
TEST_02882,4.040868647551316,0.09345302386009496,-0.7068022098026361
TEST_02883,2.309842275688592,0.2384594793752591,0.1313150252998046
TEST_02884,2.6126973988165747,0.11105752206057305,0.29808199532432056
TEST_02885,2.0825674611762337,0.23141462544887867,0.34985868789540386
TEST_02886,2.905176172822883,-1.0414555330832922,-0.6883196298239967
TEST_02887,4.284001869002479,-0.02903120824954926,-0.6775550723169182
TEST_02888,5.8557993583322485,-0.09697526616851554,0.9242161185986845
TEST_02889,3.8654455884866814,0.46077601092113385,0.09241032632213798
TEST_02890,3.2141756154932795,0.24777116685093348,-0.09012120477855816
TEST_02891,1.493026703969989,-0.015233029012124068,0.026519844443210563
TEST_02892,2.417900510487233,0.8776016861550511,0.8733268145753588
TEST_02893,2.8482870721730102,-0.2482798509256361,0.09555256439963353
TEST_02894,1.9867082926566524,0.015217132873622663,0.06492464023330276
TEST_02895,1.7316366507553542,-0.3275988531021512,-0.19536905368819635
TEST_02896,2.4546157280730245,-0.5450072423587942,1.0514110209992302
TEST_02897,3.0517478993570624,0.7421591672817301,-0.17854414476839392
TEST_02898,4.447172894647986,-0.5429272563808287,-0.17585445963754473
TEST_02899,3.329586249148915,-0.44763194362236614,-0.054336344350244946
TEST_02900,2.8524112479066632,0.5222538732727314,0.3045847316148473
TEST_02901,3.6622045116137465,-0.4273175335155848,0.0400436853338071
TEST_02902,1.473333013856804,-0.3695445785514097,0.29105322167524733
TEST_02903,1.0753376010481197,-0.3000853325607802,0.2373461855461256
TEST_02904,1.8822453655274123,-0.3147525417483522,-0.26928087251210736
TEST_02905,1.573662699943413,-0.042905577308727114,0.9182356633102036
TEST_02906,2.432029353142889,-0.18049064949364924,0.339362782966221
TEST_02907,4.498588609524856,-0.03804465991079976,0.6457674607890843
TEST_02908,2.604748840857048,-0.16065868261795488,0.1040465158519633
TEST_02909,4.05160507487035,0.3453284287060029,0.4593394586504133
TEST_02910,3.5840527626622865,1.796911201890639,-0.15064807352146198
TEST_02911,1.6609704154105076,0.4669164932633724,-0.20841309095002075
TEST_02912,3.80813836800044,-1.5792179401385316,1.832572008459646
TEST_02913,2.8395371718731974,0.2505532948824841,0.5942179904406335
TEST_02914,2.453751581775071,0.16371393943137674,0.031468905244240716
TEST_02915,1.895165974540953,-0.10911625312506343,-0.40897430547159047
TEST_02916,3.7214882834504883,-1.0921097847016585,-0.04437397405071317
TEST_02917,2.7426897206360894,-1.4720229367531075,0.6067005710974189
TEST_02918,2.907169346503943,-0.5588890703343516,-0.7545607956299579
TEST_02919,4.371208070900176,1.4152056601654754,1.8133589578290141
TEST_02920,4.242752963360827,-1.4286163162891459,0.806330019183038
TEST_02921,4.614800215360383,0.20797177593889446,0.3197894394632727
TEST_02922,2.352095607893353,1.7157015457840634,0.32826199356675256
TEST_02923,3.5897471412455526,0.30696217338383325,0.10284575180206078
TEST_02924,1.437017207975441,-0.05132816702918861,0.4881229328643075
TEST_02925,1.1144175753934726,0.2385794909718454,0.07200777542532703
TEST_02926,2.255852156005585,-0.8401321203744607,-0.3024301439565236
TEST_02927,4.912246352460617,-1.152430792769941,0.2252276018184193
TEST_02928,1.5293275155293837,0.2607653258759373,-0.29389298079537973
TEST_02929,3.7199187306083523,-0.13288657341964424,-0.44631707619111743
TEST_02930,2.1842088063957967,-0.009273429659418407,0.14860732452083456
TEST_02931,1.831778163278619,-0.33615820178872713,-0.14767235331121162
TEST_02932,1.5989503977925839,-0.12678853700504114,-0.025906237426672394
TEST_02933,2.6928636307848666,-0.18578835478333172,0.2615043271309777
TEST_02934,3.4161399200804428,1.5355860489715958,1.2918284355384937
TEST_02935,0.8272356366929761,0.04305892927049841,-0.27225744170949123
TEST_02936,2.0103309721224223,0.9927149618525587,0.2460637549139531
TEST_02937,1.4733634933346758,-0.544406254756362,0.11298925432632144
TEST_02938,4.031861217807585,-0.19956874804034677,1.09884404967772
TEST_02939,3.1291249933901555,-1.4440064854884302,1.0796035696874124
TEST_02940,2.4707013007276717,0.19567895785820666,-0.05072636897682657
TEST_02941,2.2907868993569385,-0.2619820540838886,0.11456705466179803
TEST_02942,2.2525205186080357,-0.7608411413966718,-0.7901509539503573
TEST_02943,3.9868171659519995,0.6433560850828601,-0.9326474941313149
TEST_02944,0.9665910398186186,0.3260700377392965,-0.2049583937371904
TEST_02945,4.950616100465936,1.4401898197578293,-0.8650177405224007
TEST_02946,2.547457143143515,0.1945483010083118,-0.03981696591488942
TEST_02947,1.9970295657250983,0.32422537067717044,0.36166196919946225
TEST_02948,1.706586838363899,-0.608433708913581,0.24215001654261564
TEST_02949,3.52744436272449,-0.633582741398783,0.8275379015718224
TEST_02950,0.9653277290708787,0.3802005516764274,0.27010171158609525
TEST_02951,2.324400278381707,0.4431602254725947,-0.24628177897346776
TEST_02952,2.5685631856165796,0.35526951140606017,-0.06458817445601174
TEST_02953,4.058758689062553,1.4046407794617117,0.7639025976564136
TEST_02954,1.5420909370898463,0.2384557527486186,-0.054384621648367194
TEST_02955,2.387805366463192,-1.0340146079871033,0.07633286180984016
TEST_02956,3.701154561723473,1.175021741455572,0.8604749728903719
TEST_02957,2.7659994082269868,0.9403955222827971,0.2735228989353018
TEST_02958,1.2824193420454986,0.49027832170136737,0.20137351008617943
TEST_02959,5.337098776794523,-0.5028618928165597,-0.38646302539427263
TEST_02960,3.9664944760134357,1.4574161201530218,-1.1541466137061125
TEST_02961,2.865920433074913,1.1055363046225664,0.20777461811083164
TEST_02962,1.9425105284278972,-1.0962808070111738,-0.6574310030427538
TEST_02963,3.6793076719475404,1.2524381405189218,0.8707050239851152
TEST_02964,3.3924809538241196,1.0088805841696555,-0.05624820072080004
TEST_02965,2.6414848956999175,-0.7129009718826124,0.5778976922291018
TEST_02966,4.3277430040284495,0.4070691268592306,0.001890315058932384
TEST_02967,2.2869606788538324,-1.0736597119684308,0.5329582282317694
TEST_02968,3.50877780182874,-2.0692491195787985,0.5256548956311013
TEST_02969,1.8893884296765338,-0.46614880810455683,0.09787730848767537
TEST_02970,2.996744483575772,-0.10263308207094805,1.0727820334498077
TEST_02971,0.9195171448973299,0.15811332618997942,-0.2867585439153431
TEST_02972,1.6863488114216856,-0.5852476106734836,-0.8107009659167677
TEST_02973,1.5414113989850289,0.22831351174538228,-0.0351669947861254
TEST_02974,2.884346346739167,0.10286408763987792,0.2748371257685471
TEST_02975,2.6947079962107168,-0.4360633329490124,-0.5661357864728556
TEST_02976,1.002170690543779,-0.7967168831389984,0.35447898133675415
TEST_02977,3.2012245777994863,0.5669229332928974,-0.6183007906287697
TEST_02978,2.31299636672031,-1.0589351743731514,0.11290030766886211
TEST_02979,1.6211385566531624,0.2739431281777362,0.012376871964921057
TEST_02980,1.5404623636964498,0.36104448332123024,0.03319947902225676
TEST_02981,2.4649815146631013,0.12344281139244657,0.44771205148231796
TEST_02982,1.519611085398689,0.5293848535377,-0.011810235467150777
TEST_02983,3.1049437656974117,0.5527950201026739,-0.12359059967930038
TEST_02984,3.4050268611858674,-0.11487600058128453,0.2333081257108482
TEST_02985,3.733358318323579,-0.5855152008793979,-0.40081221406431256
TEST_02986,2.9436956763301234,0.5661467385893768,-0.18877173260345007
TEST_02987,3.9119026498465583,-0.38145005554091005,-1.1362803195604607
TEST_02988,1.5968296380027935,0.3417893252686598,0.22259487621068932
TEST_02989,4.4627516654674695,0.07458804877320478,-0.9228796983881141
TEST_02990,2.3967115311659706,-0.6600877855353584,1.0259224976234258
TEST_02991,2.6415017151711497,-0.30195894321969946,0.028057439951927242
TEST_02992,2.940092393008611,0.9086683151554084,0.42738524802389416
TEST_02993,2.3130604384359326,-0.5885879214621541,0.4978731979195527
TEST_02994,1.5840158449385342,-0.5397131843187178,0.2870816213717401
TEST_02995,2.0724952594753696,-0.34188193301201736,-0.39862746160587886
TEST_02996,4.40616926882062,-1.3335321898134125,-0.7748550652322045
TEST_02997,3.0407992696452713,1.96288739058922,1.038789474695249
TEST_02998,1.5439953799202346,-0.9090970840004307,0.14195075558141984
TEST_02999,3.4007027447892413,-0.34615116221327974,-1.4205435626141971
TEST_03000,3.935214150019864,0.3272598856320768,0.4658499602655891
TEST_03001,3.1878736442308777,1.3591766296874852,0.2850099503877607
TEST_03002,1.8301285208510858,-1.2555026351592278,-0.7386719128070312
TEST_03003,4.189975129600696,-0.5435706835075856,1.3456285564088664
TEST_03004,3.188471860327246,0.9047409557923672,-0.7703456063365699
TEST_03005,1.342236500245782,0.47328995605320245,-0.05079056085950502
TEST_03006,4.9211935781781335,0.4249245021772464,-0.317322437661925
TEST_03007,4.357339433581808,-1.4908369377819084,1.2002630910500898
TEST_03008,4.041222847738267,1.471042171761319,-0.4641512133320616
TEST_03009,4.323987927508968,0.1855036452772127,-1.0040004647523901
TEST_03010,2.6706437804648955,0.018883254596355203,0.19770211407557312
TEST_03011,1.6976068494459855,-0.42464638598825705,0.29081034052105503
TEST_03012,2.896060230381356,-0.0062100924497758385,-1.2076397444134357
TEST_03013,1.2284896745154854,-0.05015290946859384,0.054774603650446285
TEST_03014,3.1037357214639285,-0.05654760040610079,0.19321582839579313
TEST_03015,1.4268894409194646,-0.019492135271164418,0.039727280252084066
TEST_03016,2.5114262031933623,-0.04665314095987855,-0.8837476108451032
TEST_03017,3.6570214854259433,-0.5729662691778312,1.1320901433405008
TEST_03018,2.3552364377721213,-0.4206344980496239,1.223587566507603
TEST_03019,2.367226237483097,-0.0673065773385019,0.7386615145885702
TEST_03020,1.112548112396016,-0.5644983557252978,0.07692068229864575
TEST_03021,2.146214547082448,-0.6260268349110565,-0.2540134383306442
TEST_03022,1.3096027716416885,-0.3228690205285139,0.11566190444349932
TEST_03023,1.35972054444695,-0.21904334981205517,0.44885365183681153
TEST_03024,3.348476187345911,-0.3952591297395007,1.236773325285088
TEST_03025,3.674446685205689,-1.2570622377362168,0.7899467215225825
TEST_03026,3.1726950878321616,0.09561712431562004,0.37616716385886895
TEST_03027,2.711434188238286,0.045121678508427826,-0.07329119524009325
TEST_03028,1.950954784121333,-0.27176784776349683,0.19406214899284976
TEST_03029,3.35440535612542,-0.748266668740595,0.9783672013215887
TEST_03030,0.9078631885540376,-0.48296796147147564,0.2523523107894856
TEST_03031,2.6748610781392035,0.7710528893423239,0.5506914139891931
TEST_03032,1.9694448170551517,0.12222818588768548,-0.03266634553971849
TEST_03033,2.73509218025521,0.2184867314279724,0.06945632951281121
TEST_03034,1.5622524099829842,0.07490681205822107,-0.05383436033856319
TEST_03035,2.0445970917862013,0.6854830536759773,0.03752195081921861
TEST_03036,2.150955525284799,-0.2638326670090326,0.6249591383761111
TEST_03037,3.5716110763812177,1.0044413218862493,-0.2381886813219167
TEST_03038,1.3671178114800133,-0.0041542063951822234,-0.2755174224431626
TEST_03039,5.228878822493171,-0.9190864352882263,1.7419347104802172
TEST_03040,4.627735817488796,0.3042559154778888,0.13596332200524508
TEST_03041,4.43321075385097,-0.7137537160391892,-0.006915355810619732
TEST_03042,3.8677818051307886,0.10520588512229335,0.19784553989411305
TEST_03043,2.8267683882929155,-0.7189640496511148,1.071284489843131
TEST_03044,2.7062433880941152,-0.5521292150455649,0.8109790679318702
TEST_03045,1.1247299693585402,0.5944847298712346,-0.1840820960276106
TEST_03046,1.367833865956239,0.42332742982000604,0.2643047358476698
TEST_03047,1.8510514427940066,-0.7418863980490888,0.11500466683350238
TEST_03048,4.946564220944934,2.1027049445583166,1.0333234391969213
TEST_03049,1.7470456732198028,-0.5198746265655017,-0.024713480364428074
TEST_03050,2.663177380598286,-0.4308730151120731,-0.9398839501071304
TEST_03051,1.9451866787089038,0.3656731487915892,-0.327911220314739
TEST_03052,3.5452967810121154,0.015164226176720497,0.9768072616371795
TEST_03053,2.6267564443994416,-0.6488452847035047,0.651228172415756
TEST_03054,2.041850445952199,1.0618309897586045,0.4089129199532342
TEST_03055,1.6744092294082966,-0.24107183024468187,0.11817185159228863
TEST_03056,2.309793858812067,0.8392345025794327,-0.7826073200467222
TEST_03057,2.595964388993499,0.5193936548073623,0.6593282686990912
TEST_03058,2.956973862469869,-0.7463651487097989,-1.0023401514494497
TEST_03059,4.300820278524461,0.7070016413575609,-0.05542801681298531
TEST_03060,2.5445318213574097,-0.35512318621647126,0.6450123103810751
TEST_03061,0.7845537479624509,0.10657887928604771,0.2668974918118117
TEST_03062,1.7947027329418899,0.9581296358571889,-0.3220541884257475
TEST_03063,3.23433272582073,0.3638723289820709,1.147152733874914
TEST_03064,3.150891763633208,-0.3431531199921064,-0.23133708798017957
TEST_03065,4.32590079019853,0.41661760321136876,1.7326356375085885
TEST_03066,3.261702455637482,-0.3686161571192518,-0.10543070724379795
TEST_03067,2.634164756002696,0.7030156292438753,-0.568654502069722
TEST_03068,1.5348280433788783,-0.5081495362928203,0.43147216990497256
TEST_03069,3.3437690367943955,0.943903698352358,1.1027588935511912
TEST_03070,2.3186642594087488,1.6929102520517976,-0.6091239625530883
TEST_03071,1.246001442124153,-0.22927940911514988,0.33143739257949356
TEST_03072,2.1843040337760957,1.3075847547320774,0.7125045964645678
TEST_03073,3.0864919203441543,-1.2265625168312277,1.244510390873164
TEST_03074,3.0479877271594704,0.08792794902237211,0.8706082601689228
TEST_03075,1.3392236828203352,-0.15404276608714468,-0.22077450207720867
TEST_03076,1.5201085911466767,-0.12242922645518327,0.03988513811151236
TEST_03077,2.1477004315253154,-0.272586391192243,0.4329419054120614
TEST_03078,3.631258575444993,-1.0948905935955808,0.5886358921043878
TEST_03079,4.983698705460846,-1.6380294349611064,-0.6168197732012604
TEST_03080,4.824849920742936,1.0387519489742105,-0.6324961096783652
TEST_03081,3.942378121105437,1.6678049917723177,1.3717601230435077
TEST_03082,1.2575703674427063,0.16511023571666378,-0.03555259851464108
TEST_03083,3.773663559069463,-1.6609775199429624,0.3303328297144305
TEST_03084,2.311796718672806,0.7137162701609404,-0.2030206629478435
TEST_03085,1.01236122671787,0.18578116591749477,-0.3371258227454819
TEST_03086,3.0109792895561642,0.6479840405835114,0.2500083241133819
TEST_03087,3.5797060393247015,-0.5139064045916151,0.6626723658831328
TEST_03088,1.1281359060621228,-0.7744143446293562,-0.303309975362508
TEST_03089,4.169472331870545,-0.13637046822737434,-0.20516790555118816
TEST_03090,1.7851232617771482,0.43788313482901625,-0.5489132907483653
TEST_03091,4.319091742870486,-0.3071850760462525,0.33366638271269355
TEST_03092,4.808131216051914,1.328473830861781,-0.5649189270510241
TEST_03093,2.162953554836112,0.3975340329557582,-0.13258913541883705
TEST_03094,1.8326667626387583,-0.6318903710767726,-0.30243774240680416
TEST_03095,2.5004947108989515,-0.28626773527598587,0.1538912350333243
TEST_03096,0.9955149234319007,-0.274752139092773,0.32515853802060873
TEST_03097,2.9836610944526005,-1.1292236168739191,0.7511230341550076
TEST_03098,3.854878116131058,-0.16346806329632696,0.2340112300962028
TEST_03099,3.7495196177049555,0.2529438283961955,0.6700502552260866
TEST_03100,2.1657426078153357,0.4338535036607813,1.0219573973900962
TEST_03101,1.4758556752593435,0.31688099732205816,0.34192811457209543
TEST_03102,1.9075043151113582,-0.07351416478470761,0.2112139124948233
TEST_03103,1.9957801387190923,-0.03916661923370327,0.38511164697507067
TEST_03104,2.4910580279491477,-0.11158716213692252,0.563192466043441
TEST_03105,1.6203222840528606,0.08944191514760219,0.22424197534624152
TEST_03106,1.8569636845077786,-0.08846819530858495,-0.4478342805700951
TEST_03107,3.6036535429482357,0.04181068104907333,0.5603385034364093
TEST_03108,2.8683789322307045,0.04965684634238122,-0.4899406779612183
TEST_03109,1.6440450567013112,-0.2357015164474155,-0.16375848273806212
TEST_03110,4.518618447904572,-0.3906583718681239,-0.24708413838268126
TEST_03111,1.6456634822817933,-0.6895289019747807,0.25472231034846854
TEST_03112,1.4627367580004,0.781209738542185,0.23315386775590743
TEST_03113,2.487905928275846,-0.9388637304957712,0.08338158022211435
TEST_03114,1.7883626235761478,0.10404782478606252,0.1066825293692716
TEST_03115,0.8689144160019683,-0.2013853804900606,0.2714855211707624
TEST_03116,2.181501843523272,0.9973408971050879,-0.4711862790069435
TEST_03117,2.929148858626432,-0.23873224815073177,0.03126641397962653
TEST_03118,3.1968159104847325,0.36734729319604,1.3024071056749023
TEST_03119,4.7272052274137915,0.9930367040243506,2.046426537374654
TEST_03120,1.4558535205976169,-0.05049637564337161,-0.23844497653739727
TEST_03121,2.6976590210905296,0.9811759820478878,0.4561622748570988
TEST_03122,1.5138900835294364,-0.47843797137055105,-0.7408559830521573
TEST_03123,2.4644923315059493,-2.2411496042500114,-1.1653699846567214
TEST_03124,1.519172597637682,-0.12348078616624215,-0.033954494320577164
TEST_03125,2.734104423943341,1.0322493956892724,0.5886320842783749
TEST_03126,4.305851180854462,0.09820819715625613,-0.5870886437525344
TEST_03127,3.0185182238813324,-0.4800451758525898,-0.8433302921697402
TEST_03128,4.62232701891168,-1.0395913669479955,1.0602816306537255
TEST_03129,2.7943921132540437,0.5184248899261743,-0.34453343559467564
TEST_03130,1.7862013735648863,-0.4555019530943091,0.35025437687172983
TEST_03131,4.356563646908355,-0.5809962051430518,-1.052097253017375
TEST_03132,1.288452423504883,0.5707295490532945,-0.274958805718205
TEST_03133,3.3873031090088275,0.3492934532351065,-0.4732066690021427
TEST_03134,2.5762297402240444,1.3078088147219928,1.1405467573277304
TEST_03135,2.1605093068096477,1.0309535799160356,0.4418503259965656
TEST_03136,1.982484802506284,-0.5567025125368819,-1.005624803921808
TEST_03137,1.6289270106061624,-0.10944204437857313,0.21816605641702877
TEST_03138,2.2622775636229395,0.6952444489937323,1.2523928081765308
TEST_03139,1.4464691817625108,0.1378557220677204,0.15329043883160004
TEST_03140,2.9975067822396273,-0.20599954220761504,-0.5015917681889701
TEST_03141,3.2781657852504806,-0.11192856068020035,0.41563611618127877
TEST_03142,1.342573183941265,0.3963729525307007,0.012094845294793032
TEST_03143,3.0769490151145504,-0.9940407939173831,0.5299208267173954
TEST_03144,3.620852491963792,-0.008080376586934276,0.5788508817734728
TEST_03145,5.208656389406337,0.7384680352439603,0.30503090847332187
TEST_03146,2.72189065681172,0.17904171058326443,0.7074807839343509
TEST_03147,4.372623942805694,-0.5670412774911475,0.9623762955338345
TEST_03148,3.291344139540464,-0.7227554338843246,0.7446919075288876
TEST_03149,4.354448070374677,-0.8320727211320975,1.2401122091765269
TEST_03150,4.205886956976414,-0.0736585360836696,0.5909531922285255
TEST_03151,1.2385831207185982,-0.15394343789898426,0.18589464076504295
TEST_03152,3.319868507357913,0.010100217097376652,-0.3152573694896897
TEST_03153,2.581140056494739,-1.489371458151529,-0.45847888404340226
TEST_03154,3.058159929593994,0.41948406066042376,0.321640493396935
TEST_03155,2.6872280973482434,-1.0217872893207922,0.696085462844532
TEST_03156,2.7952419167868805,1.264967165973564,0.31866399764518005
TEST_03157,1.7573587364618852,-0.30671176405045103,0.39061123706618944
TEST_03158,1.3934635996344271,0.8750420454090811,-0.44420412973190065
TEST_03159,4.66316954589098,-1.6143913752435506,-0.9400231229053583
TEST_03160,2.6625591022044164,0.2607404715790102,0.3544631536081466
TEST_03161,4.599021524396667,1.2552771577649398,1.1182833334540647
TEST_03162,3.633517169766173,-0.31326053477226423,0.06343947882172431
TEST_03163,2.7766392246534672,-1.6038507812188312,1.241926430008444
TEST_03164,2.1213362224799472,0.07693572476161892,0.9747331013546334
TEST_03165,1.8293807424452337,0.9868330588919283,-0.12213594147508049
TEST_03166,1.9692067495521606,0.08638050150998718,-0.44286169441002704
TEST_03167,2.4906044602756414,0.3795195415163787,-0.6094307801302009
TEST_03168,0.7899478586760516,0.3244194018915314,0.0687704685873301
TEST_03169,4.4978824557922765,0.3996774298291367,-0.08340435330082488
TEST_03170,2.848167495512048,-0.5660651203590316,-0.4697606651526867
TEST_03171,2.860447976542124,0.5029759432984146,0.7226558518926489
TEST_03172,3.78647367741741,0.4108788692703923,1.239855062631565
TEST_03173,1.2037724383832524,0.3822897922401554,0.0024047737238498085
TEST_03174,1.794984645775027,0.9713137980680169,-0.41166451457945263
TEST_03175,2.501227470513115,-0.22802890127050635,-0.5064513938928499
TEST_03176,2.500338561174027,0.6798674580580067,0.05647457000025113
TEST_03177,3.879035896232774,0.8997256579137124,0.47229950708351365
TEST_03178,4.4154727793987325,-1.077844770827422,-1.0726849319012695
TEST_03179,3.786872796717555,0.5678901016284286,-0.397893452759903
TEST_03180,2.472362042684952,-0.5025817464625594,-0.3803779083911496
TEST_03181,3.099976789760438,0.05068991914207666,0.5152548706207927
TEST_03182,2.2489207163373766,0.5236525030605063,0.526515572607098
TEST_03183,1.5163355414590587,-0.8227075322966817,0.2972442927735965
TEST_03184,3.4331619548627694,0.3613255184162324,-0.3650643457975838
TEST_03185,1.8156361105489547,0.3142511750724654,-0.07704646423620111
TEST_03186,2.4895872029242563,-0.5357124269359834,-0.4919380498829635
TEST_03187,3.330302340914954,0.4140816461078608,-1.1045456497041672
TEST_03188,2.5948230416164257,-0.8150120239418669,-0.10753108791077907
TEST_03189,3.821408596038146,-1.1917182660645524,-0.6940469162149182
TEST_03190,2.724717586184261,0.9401610255107148,-0.3093600196002212
TEST_03191,2.9170758152904326,-0.9042254156042794,-0.32751408204163424
TEST_03192,2.357017588951332,1.2249706057746914,-0.4743390927368504
TEST_03193,1.3802667178600314,-0.42185147932923417,0.26046409623999145
TEST_03194,3.2555644475696024,-0.2888444834932864,0.9642587720923816
TEST_03195,2.249304364447205,0.42933473399182215,0.40645448488971264
TEST_03196,3.263501285168025,1.006190870987981,-0.3367109808898664
TEST_03197,2.5959464719915752,-1.0870707309836867,-0.5220926986950888
TEST_03198,1.7095411864698264,0.3382132092678919,-0.5605217704232057
TEST_03199,4.607765775891366,-1.7359900492613822,2.092073141767096
TEST_03200,1.301090828285406,-0.19565665284165445,-0.3632603098288821
TEST_03201,4.972169828497381,-0.6430890453839222,0.7562604766029319
TEST_03202,4.6912299960298185,-0.9002159666795945,-0.5750037859114832
TEST_03203,3.7331626417879833,-1.6248481468613765,0.30018653712103965
TEST_03204,2.675572541000401,-0.2201044011716905,0.06308239174585131
TEST_03205,1.3030387667006857,0.04422340618443649,0.07104969711471146
TEST_03206,4.2611353166255395,-0.9084996794969991,0.0631950316819082
TEST_03207,3.049489162074772,1.0513808002839589,-0.15746942044084528
TEST_03208,6.403005203253511,-1.4383476278486862,1.6095680039060505
TEST_03209,2.908990934308912,0.0267482592123244,0.2502440746875669
TEST_03210,1.7005247939452532,-0.4640371024900554,-0.017164816083556432
TEST_03211,4.093435052778572,-0.33897624049089614,0.735464371565934
TEST_03212,4.191116926422127,0.5110996148046083,1.1300082094789135
TEST_03213,1.4794361003638972,0.15627197959030664,0.266344423427707
TEST_03214,2.148054214089995,0.1439611662310907,1.1166980903658825
TEST_03215,0.9284594643980714,0.09463940378453553,0.16866171416189646
TEST_03216,2.426557646597321,0.6885524087656842,1.0207589946611628
TEST_03217,1.436296127180401,-0.09504884469718274,-0.016395188624827906
TEST_03218,3.4493397612223005,-1.0329578023952128,0.46436271790745787
TEST_03219,2.0594789815381946,0.9641326582103416,0.25562079371793023
TEST_03220,1.2049613408195232,-0.12721203884480758,-0.14247093242221234
TEST_03221,3.1418855613971375,-0.1934838313103574,-0.10010831003375474
TEST_03222,1.438103032461711,0.2923128784957506,0.2644619689145457
TEST_03223,2.7390686740374743,-0.5863617807341476,-0.006433844828567782
TEST_03224,1.9800076708938634,0.6180034918772054,-0.32686564333741314
TEST_03225,3.5903339189156345,1.5028722826179592,1.5822901652927843
TEST_03226,2.1147067268427078,-0.06293352246510592,0.05739168636211743
TEST_03227,4.162304847148171,-0.686275715850318,0.6430262430418225
TEST_03228,2.9972078455223254,-0.5276531201683269,0.04670972430901128
TEST_03229,3.632982354077245,0.38854551568147183,0.5110506255616953
TEST_03230,2.6940105893255812,0.5335874746762272,-0.07103441620216659
TEST_03231,3.2588551013170983,-0.34138139056557887,-0.13552451843449606
TEST_03232,3.220210374718059,-1.4301406527567684,-0.12766649591259693
TEST_03233,2.331310140672353,0.02295416072386578,0.48953784064787986
TEST_03234,2.4803327361472394,0.30115894664159837,0.08664969238389714
TEST_03235,1.090717222409354,0.34480131523984514,0.003996903579775742
TEST_03236,2.6333308580470205,-0.5115531461217774,0.6404150713339901
TEST_03237,2.4307883634494996,-0.24346995612420605,0.5326953447238826
TEST_03238,3.2741223696950725,-0.7556203856103373,0.8642406776472487
TEST_03239,4.549370458514987,0.6108661027021319,0.46739456496923487
TEST_03240,1.6611035471497273,0.7174492243878032,0.19059557445798744
TEST_03241,5.001924573702028,-0.6752739582600294,0.8951137062894604
TEST_03242,3.6215105025957666,0.6068858752373535,1.1131594838278347
TEST_03243,1.5430169155710698,-0.3080992684887199,0.011076692935788482
TEST_03244,2.8745275005599513,-0.8184754893007464,-0.24012091063552493
TEST_03245,2.613818360934035,1.169820622546985,0.9509059886352837
TEST_03246,4.467148281787753,1.3728990028531616,0.0497197945656044
TEST_03247,2.3420694853022974,-0.25347549057625623,0.49987386261697464
TEST_03248,0.8919088544593169,-0.8850737538145028,0.20763081366180597
TEST_03249,2.8734320929460773,-0.11897824783145042,-0.3708800215985963
TEST_03250,2.3306144149411048,0.6176085549181782,0.05454717612058702
TEST_03251,3.0628520992631083,-0.0687363070473485,0.19928064300654144
TEST_03252,4.220677933730504,0.8743876108700792,-0.9635502317589576
TEST_03253,1.610418641768752,-0.31196591722348915,-0.19129243639270407
TEST_03254,1.7551168336895027,0.9887557477704387,-0.556202625701399
TEST_03255,1.828552495628278,0.6433089228259067,0.24682502915241183
TEST_03256,2.7536361159918834,-1.020283942578908,-0.818230705471719
TEST_03257,2.8804760832865375,0.49725509701016,0.7360279770760318
TEST_03258,2.4340646944380295,0.1801450162600056,0.8986752790331073
TEST_03259,2.633493470783378,-0.7487672001687039,0.18360285881966257
TEST_03260,2.4146548581798366,0.1400792709292932,0.8218483313343972
TEST_03261,1.701040567775181,-0.12185378920940633,-0.03778008017771149
TEST_03262,2.122600985636067,-0.40052232084501466,-0.5835195665423045
TEST_03263,3.8323799101680787,0.18613592764344306,-0.773395882823465
TEST_03264,2.660721279233764,-0.18850886504491576,1.003213013411754
TEST_03265,4.9221162022565945,-0.8198856695116805,1.626550597577155
TEST_03266,3.3566643394748388,-0.48994590609257666,0.662920735968571
TEST_03267,3.4525156415979423,-0.22908683093495277,0.11084537497075174
TEST_03268,2.7042936769454538,1.0872537484250853,0.748983452581223
TEST_03269,3.2176418095874624,0.005179077576322812,0.09583346178964412
TEST_03270,2.6763428346787874,1.073246265133072,0.32579366786446445
TEST_03271,1.3259176152405876,-0.29560414436146415,-0.06250787321092872
TEST_03272,2.82690682996856,-1.03414671269139,0.13226263537309463
TEST_03273,2.8714115809104914,-1.0631898070096875,0.5923866704141573
TEST_03274,2.455999269495189,-0.004547978353033166,-0.19775212305809198
TEST_03275,2.562216461276525,0.8094832581209478,0.1929870597142183
TEST_03276,2.440103485529794,-0.23995739309041736,0.5700661722374653
TEST_03277,1.6225465787044808,-0.7050178840497172,0.1976585563777659
TEST_03278,1.4634283883474577,-0.31106587960489357,0.11043692426101248
TEST_03279,3.9889449713215415,0.40866886309599837,1.6670716124232798
TEST_03280,4.957698909307299,1.3994794694782873,0.6694615345665684
TEST_03281,1.8936670857085969,0.9548286303418207,-0.49230190001597046
TEST_03282,3.02483654323859,0.8186014708131558,1.0963999555826123
TEST_03283,2.906676437962955,0.5844664938301989,0.405472012100523
TEST_03284,3.1973684096867094,0.6283624720930133,-0.4366728919064955
TEST_03285,2.0587371383795743,0.9364236581293653,-0.11498618513574477
TEST_03286,4.193864121780659,-0.754537370921344,-0.26313766872645183
TEST_03287,2.502350990928249,-1.301012527942431,1.1731859155847872
TEST_03288,1.878353362893348,0.620458328730284,0.25849858649618496
TEST_03289,4.396586495888643,0.2473850680261359,-0.19282371186605665
TEST_03290,2.0883235141765404,0.23491936758986803,0.22136288113967048
TEST_03291,3.333797050315404,0.16902008089789286,0.7604635840056505
TEST_03292,1.582502503850914,-0.27502210087275203,-0.01647596564136992
TEST_03293,1.589655720533807,-0.514416077575191,0.19262125451676856
TEST_03294,1.3264367820924778,0.917390733548967,0.30130531832561214
TEST_03295,0.9210412518507937,-0.2764158477609212,0.19403407072142093
TEST_03296,2.773308135810416,-1.15539676090111,-0.06292701825456798
TEST_03297,1.9258286845628785,0.43545015305915097,0.4234374660601527
TEST_03298,4.073960193700702,-0.4952195595020578,0.8475415822553223
TEST_03299,1.8923996770998677,-0.6795074624371493,0.3355622805809411
TEST_03300,2.7359512543260758,0.23389380937307383,0.7047841380924067
TEST_03301,1.85714755357417,-0.4607856890679906,-0.2601842681359928
TEST_03302,1.684423285531471,-0.19961670295929235,0.21584676045678536
TEST_03303,2.5892440349191257,-0.7397767525144131,0.5530520353596386
TEST_03304,1.8935172963024878,0.18546740810639892,-0.3482313505967786
TEST_03305,4.888327170911356,-1.721254579593387,0.40864953292933914
TEST_03306,2.3848720091940687,0.32006651130485086,0.7278842557826607
TEST_03307,3.028147104434756,-0.09486948141974393,0.5999902227825198
TEST_03308,3.1323745008922725,0.15003195576768902,0.16404066896607503
TEST_03309,1.8739923581549496,0.48040759063730387,0.10437201858120786
TEST_03310,3.6454172044336364,1.0550994160314258,0.5347677900284007
TEST_03311,2.615973668231475,0.15133664100933403,-0.08766011691548144
TEST_03312,3.4967921201753946,0.4067500527008078,0.7067370775046676
TEST_03313,3.201333668730683,1.352084128449744,0.22793053125464452
TEST_03314,1.3172283753875387,0.11010524753705844,0.12753126418515548
TEST_03315,2.0093375597305942,-0.6588383773235372,-0.6914258350656662
TEST_03316,1.891877331972034,-0.47195217064792416,0.24181003172749976
TEST_03317,3.5726161021008696,0.03488538685292597,0.2791470872477519
TEST_03318,1.4740961174876317,-0.36463310290978423,-0.1946239814217946
TEST_03319,4.539646063687224,0.6703999169237301,-0.22895245582706406
TEST_03320,2.3404673349150507,0.7278999614289945,-0.10187984379735253
TEST_03321,3.448149271614996,1.9320287857588556,1.212377809618048
TEST_03322,4.495258238720081,1.4272062878676415,-0.29011290328331324
TEST_03323,1.452979471916223,-0.739259602642042,-0.23646387950088416
TEST_03324,1.4434889479620707,-0.15210511207036287,0.1670008738608378
TEST_03325,2.3453641585274076,-0.6762573307160293,-0.29706776447432665
TEST_03326,2.8625883822298674,-0.6996445011021339,0.2199057453971631
TEST_03327,4.432894551510674,0.7098208515824257,-0.4442064879914521
TEST_03328,4.9870340534782365,-1.8706682586581234,-0.6534225456696215
TEST_03329,2.486087189948829,-0.06704105379692459,-0.6650686815702939
TEST_03330,2.2840165873509846,-0.2044098230047393,-0.5633161209245341
TEST_03331,1.6427698259830712,-0.3214318672682335,-0.2118960105147763
TEST_03332,2.2265624179262815,0.1144508613788024,-0.29039608159017455
TEST_03333,1.2117096909319873,0.41348420934621016,-0.0043161612001980845
TEST_03334,2.898333738734536,-1.764020049329585,-0.8948442664852547
TEST_03335,3.8914121096271175,0.27242124635130816,1.250010199741278
TEST_03336,1.159007929655074,0.3366039828176982,0.09418226891649062
TEST_03337,2.027679917896712,0.25004542040471617,-0.04626746699906674
TEST_03338,3.8870723546122217,1.2721154798516472,-1.184416199231559
TEST_03339,3.8817942521811073,-1.0874744339342242,0.29051119031456746
TEST_03340,1.8017719189228363,-0.03045763934046228,-0.3298248559624295
TEST_03341,2.4650999730945027,-0.39963840346082824,0.8242881317617705
TEST_03342,2.085605430377668,-0.2843993944925463,0.1302382083532938
TEST_03343,3.19802680857532,0.4468525761155505,-0.5694911220548944
TEST_03344,1.3906445866634933,0.4315692661831221,0.6203124543012927
TEST_03345,1.7537057560282803,1.2387295515443761,0.6495507261429774
TEST_03346,1.515490149989773,-0.2981540597895564,0.483745364050728
TEST_03347,1.3273842499132116,-0.20506671480242247,0.12747199484834726
TEST_03348,2.7763984462679687,-0.6592477339297149,0.5801596212343885
TEST_03349,1.428755020185528,0.47976555304314034,0.22131893814968367
TEST_03350,2.6294757096189003,0.8366194826875589,0.5675571974967458
TEST_03351,1.9707192695135785,1.1289267938819973,-0.3490668201106956
TEST_03352,2.8163804058144097,-1.286028794122199,-0.7904935744583822
TEST_03353,1.5819638981838822,-0.35943136797772834,0.0145031129938437
TEST_03354,2.5020599726195476,0.400232333799627,0.24246106606541104
TEST_03355,1.80304691053038,0.21618660953715227,-0.3246325573573272
TEST_03356,2.749737512114827,1.7564425011970386,-0.5995575651409235
TEST_03357,3.240527826869821,1.0484166342374854,0.4191359960075233
TEST_03358,1.3206499907531983,-0.6220333643967662,-0.5103715453722498
TEST_03359,2.490764845132355,-1.5479986527280756,-1.4761274272853133
TEST_03360,1.2824492822844387,0.8858727440098793,-0.0779636710799321
TEST_03361,4.2358913037552455,1.4437475052254614,1.008075028106647
TEST_03362,1.4818498013287171,-0.5154052800382155,0.13125828941138762
TEST_03363,2.908246412417051,1.4825455543443837,-0.3180300562148461
TEST_03364,2.537575270685046,0.5582350263679334,0.86210745031216
TEST_03365,2.10940730897662,0.0862294816036935,0.0894320650243385
TEST_03366,1.8746866511323386,-0.16711960196951556,-0.3105720686504534
TEST_03367,4.106892478844914,0.08122169488985737,0.15408864404592149
TEST_03368,1.407026574088924,-0.09440071792737016,0.7027132009178464
TEST_03369,2.3606137812263546,-0.1333743511452343,-0.09046406277916097
TEST_03370,2.0329328804766673,-0.26466344122493346,-0.05901101907120092
TEST_03371,3.069814266644965,0.25931832335994054,0.04927499651730831
TEST_03372,4.0101089763907645,0.4725143239444517,-0.20640184546259552
TEST_03373,2.3852861461162673,0.14030369848300922,-0.2754900684100724
TEST_03374,3.2031724612544976,-0.446863369861709,0.6957586211417671
TEST_03375,1.227177475248635,0.08044877785095389,-0.11659951745683132
TEST_03376,3.1112420527020994,-0.7204357299677511,1.7002041521025688
TEST_03377,4.000803502902258,-0.8666072273565113,-0.06708320701090334
TEST_03378,2.898468200311203,0.742884192146529,-1.321936774474382
TEST_03379,4.152348378047036,1.8176708664632677,1.3559380063380289
TEST_03380,1.3176888907131437,0.07196360614986408,-0.18911946470812838
TEST_03381,2.6442643426163595,-0.3156000053325616,0.1943875114306569
TEST_03382,2.0971433792954834,-0.12429915395277026,-0.3208404352600796
TEST_03383,1.6862653325946506,0.07661267943374594,0.5887941981528317
TEST_03384,4.028383039859519,-0.20403194787510404,0.14258223616656035
TEST_03385,5.616050994557374,-0.9978093533467381,1.8119435298205375
TEST_03386,2.2382656391536218,0.19577891971068603,0.8950397935321763
TEST_03387,4.0823012170860675,-0.6044716029194083,-0.5608502211883782
TEST_03388,2.4620744436333037,1.3411242859359678,0.2492540964992946
TEST_03389,3.1994572524847555,-1.784843395860545,1.1800698572499133
TEST_03390,5.267142251467896,-1.7452066410744194,1.1304078198900191
TEST_03391,2.45104014042197,0.3825377745174339,-0.18993010318829998
TEST_03392,2.5477797099330814,0.998108313447879,0.8046929325318014
TEST_03393,3.293853727788575,-1.8429716768218292,1.1084723929108222
TEST_03394,2.32398667970626,-0.6530374461622587,0.4074791388973082
TEST_03395,2.320707861737364,-0.765462391249519,0.6497573390752581
TEST_03396,4.0023746376672795,1.4456703719070563,0.07356688151497104
TEST_03397,2.455405550449628,-0.8560550420800079,0.14118569579859683
TEST_03398,2.974614009072098,0.017722430180552015,0.77435848640513
TEST_03399,4.813523724100264,-1.0712089077332319,1.6756517009648237
TEST_03400,4.535599239197567,-0.5616693690808813,0.587015824961873
TEST_03401,3.2724971121800035,-0.6303981474354328,0.5178229818694965
TEST_03402,3.0763070041623855,-0.1935965742995081,-0.6445096381121007
TEST_03403,2.314242699925096,0.7036493430821271,0.9923996254094547
TEST_03404,3.2124312661517096,0.8847510785519606,0.05787713464062371
TEST_03405,2.474497728192638,-0.7892991470109894,-0.34071864940326685
TEST_03406,3.3601063572422563,-0.1554611708314789,0.855243335979327
TEST_03407,2.418259271987606,-0.36352020070558405,0.27784451236006774
TEST_03408,5.640670335548819,-2.3597214949436274,0.7203916108496929
TEST_03409,3.3755033557604377,0.2174760809129289,-0.19231250742607126
TEST_03410,1.8401308483082994,-0.21169920000943285,-0.23317122741079555
TEST_03411,1.024816796887068,-0.010259444061990244,-0.17796584045738167
TEST_03412,3.7176885287257524,0.6264134336707405,0.38847068829015763
TEST_03413,1.0627900127694676,-0.3383016082651779,0.140436676070464
TEST_03414,3.667351779117296,-0.4857885397553273,1.799718660081586
TEST_03415,1.0178747032614273,-0.4160381922295559,0.07338614625398879
TEST_03416,1.362821851769428,0.343348580175976,-0.16648993442854795
TEST_03417,2.8269743547700994,1.2689892365663005,-0.2432229138979189
TEST_03418,1.1133209322187867,-0.194112052192219,-0.26888570271906725
TEST_03419,3.025543914209879,1.4003977259447389,0.16571416917227794
TEST_03420,2.462884469702276,-0.5818255338158542,-0.20818260245921086
TEST_03421,3.314466974526273,0.17784839448980197,-0.27598927421607555
TEST_03422,2.354530463531819,-0.10600831897818037,0.20362732582485074
TEST_03423,1.8240945144470544,0.7856849855185251,0.5410394227173687
TEST_03424,3.117088275979563,-0.0686341613278527,-0.4496604005974943
TEST_03425,3.8574641036337263,1.133926874289297,-0.2672905524828097
TEST_03426,2.8952173093880407,-0.2206755309271591,0.5133535853964992
TEST_03427,1.9469426841584354,0.26580268182797734,-0.3680121568441142
TEST_03428,3.226863990713879,-0.32988946448343154,-0.25548024255757384
TEST_03429,4.206553733399792,-0.07160576295917893,0.09548476800082442
TEST_03430,1.9012065107507898,1.0027841715918133,0.04896973620401619
TEST_03431,2.812976428259595,-0.9103441142926797,0.5552309942003516
TEST_03432,1.6978546879800336,0.7135196435384876,-0.07490069012947241
TEST_03433,2.8877020193113285,0.4557695094103368,-0.6000299426310742
TEST_03434,1.26641740807308,-0.40010644455536293,0.029318431650466846
TEST_03435,2.2624404956977937,0.06934681985494327,-0.19556670243077678
TEST_03436,4.43340946065559,-0.18483405163924363,-0.03355993396086852
TEST_03437,1.215648530302689,0.31898034619178833,0.3259112455530448
TEST_03438,2.718072260974371,1.3282954257014168,-0.32626831404196927
TEST_03439,5.852056507398563,0.8678559232152592,1.2389108579957195
TEST_03440,3.691861481219856,-2.001706376392942,-0.8921801787003903
TEST_03441,4.2125429375942405,0.24664315043450422,1.334466792206591
TEST_03442,4.4163973804745345,0.021669799582406106,0.5666184990166381
TEST_03443,0.9799195176759914,0.4204241491870375,0.35181901294995305
TEST_03444,1.9441826248119563,0.314163125141319,-0.29107345126722867
TEST_03445,2.1641982543641953,-0.48496994705267016,-0.27399988020700955
TEST_03446,4.806775575068023,-0.6019492505612926,0.945313640481453
TEST_03447,1.8726580235347923,-0.9715434051221334,-0.24673403079765238
TEST_03448,5.302356785117069,-2.5103027049065054,-0.9394273295961325
TEST_03449,2.1860683547748474,0.48640633320621207,0.06751651905683849
TEST_03450,1.0180233978440127,0.44730830872446087,0.26532892245989687
TEST_03451,4.22475974141808,0.5098962785135834,0.248894797535291
TEST_03452,3.2088300562196452,1.2657455971717784,0.38278670221067707
TEST_03453,2.2000265450035323,0.5363888492467631,0.08046368242166241
TEST_03454,2.9216579661256943,-0.2157421546987703,-0.2804582083885359
TEST_03455,3.6703000716904315,0.7942859911822867,-0.45047674449269626
TEST_03456,2.079135676190949,1.2315781548797604,-0.9381286528787232
TEST_03457,3.338256063702985,1.0689184837402734,0.16525034604389124
TEST_03458,5.45587727997767,-0.3658172696860149,0.13907336288584493
TEST_03459,1.6640834916148501,0.20708598661921435,-0.15216027436528806
TEST_03460,2.926413063522188,0.7392847790529935,-0.07579325643610717
TEST_03461,1.4507925349306325,0.041997076897889306,0.026544181536241836
TEST_03462,1.962155393426757,-0.13806941016764895,-0.4360627153990673
TEST_03463,3.277943716191966,-0.2430067012593832,0.09794663996147931
TEST_03464,1.406357632139308,0.4486114794011313,0.5871459830340984
TEST_03465,5.936675627157551,-1.7923815410703645,1.730917265865509
TEST_03466,2.788105622765772,-0.3750067836561955,0.791898375671313
TEST_03467,1.8002309448448994,0.42361236728495316,-0.30472624884382377
TEST_03468,2.966364749950473,-1.142758911168098,0.8883085940691687
TEST_03469,2.229154399168474,-0.2567403089298071,0.5850478246131456
TEST_03470,4.734394185573747,0.6176485168489818,1.6559473214372886
TEST_03471,2.0890901317416195,0.47722829054015947,0.02700632768479499
TEST_03472,2.2460578233241857,-0.18136915589161579,-0.6236027349735168
TEST_03473,2.729400732869191,-0.7199611825375382,0.06814645313368853
TEST_03474,2.7011932940107966,-0.09139827480063707,0.0625517778837903
TEST_03475,0.9167426254245522,0.16909174003154778,0.09298725345202509
TEST_03476,3.4185297678510893,-0.7649595918307996,0.42991409451159257
TEST_03477,1.9614727708645305,-0.4646603185654462,0.13679862542704826
TEST_03478,2.9403566793343385,-0.5027235008734019,-0.35608702584090457
TEST_03479,4.8623466160490505,-0.6221967932268844,-0.2714414708992236
TEST_03480,1.6601958243406578,-0.18236767944072446,-0.18235923924524572
TEST_03481,1.2085242287754625,-0.9433704729170489,0.06668969507109558
TEST_03482,4.546413931406055,-1.5898048928157595,-0.322878596773131
TEST_03483,4.175146590606772,-0.3831702442551706,0.008485834533899655
TEST_03484,1.7099190612187178,0.3049661254593089,0.30944844668107446
TEST_03485,1.1037887393600614,-0.18533362397073755,0.24074646977300526
TEST_03486,3.64930649480127,-0.8443324170940675,-0.6156242167681389
TEST_03487,1.596371987328356,0.17389448467611104,0.730073729398193
TEST_03488,5.157524358947246,0.9119134152039012,-0.18427902381541386
TEST_03489,2.121639448642562,-0.10604055837498932,0.19111377141178035
TEST_03490,2.706602990413885,0.12475500097454661,0.11573783264594423
TEST_03491,2.536190041861873,0.21199427278973093,-0.426028434481212
TEST_03492,5.052544350044574,-0.9969181310261552,-0.5602270840992802
TEST_03493,0.9831752592626667,-0.33210314066441154,0.06039306602602178
TEST_03494,1.4556976633616787,-0.4848979620396571,0.2297475832383764
TEST_03495,1.5026758094756303,0.29469907230039954,0.09569199262902461
TEST_03496,3.097288256427134,-1.2301883453955207,0.31134203569463353
TEST_03497,3.753194452792528,-0.36014274043983907,0.11532296716528581
TEST_03498,1.0755054752985886,-0.6599525297914922,0.48664028436818385
TEST_03499,4.015058216657424,0.4187768811080917,0.339136465773413
TEST_03500,2.5178877971497062,-0.5631469929778415,-0.7921379921522289
TEST_03501,3.5418350332861235,-0.4632968405801211,-0.6119678832534444
TEST_03502,1.870515276674269,0.5807866684557298,-0.42716507505958723
TEST_03503,3.0788964634926637,-0.4377090577904116,-0.23261560791059585
TEST_03504,2.7014319239525872,0.23575010144344866,0.19596182924217287
TEST_03505,6.060672084886226,0.5825701467929506,0.9706451128036124
TEST_03506,2.3610755866571194,0.17912122776086417,0.6221287116289569
TEST_03507,2.5296756200489705,-0.11469732231850259,-1.0401388548596096
TEST_03508,1.7434807131129288,-0.5746090847148111,0.2611350024225673
TEST_03509,4.483148451777798,0.7824429933681615,1.077806125258267
TEST_03510,5.183731202765314,1.134290253993328,-0.8899256596292293
TEST_03511,3.5323081662248748,-0.7758969813061636,0.2736874223390076
TEST_03512,2.30363783885767,0.33548782323590104,-0.3145560586955335
TEST_03513,3.2064510262387493,0.1830197343601157,-0.5730949963677295
TEST_03514,2.969408890132528,0.2375610987143161,-0.7503447671594361
TEST_03515,2.1031624757612213,0.4056680270204056,-0.7487771998530338
TEST_03516,4.460984147248402,-1.060872243644905,1.1778855185599009
TEST_03517,2.7712052292403713,1.3866664000656372,0.20081977152389432
TEST_03518,2.558360899599317,-0.5926871946759152,-0.41028918186977137
TEST_03519,3.049737819625935,0.02334573165893829,-0.7099489630934777
TEST_03520,2.331829163855298,-0.06642062079088881,0.45931285416691375
TEST_03521,3.3420392749476466,-1.7294012937598144,0.5010049841921419
TEST_03522,2.8369640887278638,1.0221165311266904,0.6439783674191806
TEST_03523,1.8568484187106564,-0.9514362991121249,0.21477845691291605
TEST_03524,2.8448167875039623,-0.941238425381041,1.0920185131643096
TEST_03525,1.0522064800587725,0.03792983966987261,0.03149438338146058
TEST_03526,3.495240948087463,-1.0330199073889383,0.5500365344163225
TEST_03527,1.080037082759873,-0.19153477234781613,0.3177734425537122
TEST_03528,4.780352938784046,-0.8330601151334777,-0.9170417159531188
TEST_03529,2.8163390958110512,0.45838434392118116,-0.2743527773823504
TEST_03530,2.8420058184475527,0.11987570779123967,0.40018999870164856
TEST_03531,2.786966530284618,0.2706538981627254,0.7173219076060989
TEST_03532,2.7512668688605855,-1.1188365072379463,0.9162996874819955
TEST_03533,2.638128800566334,0.014147841765131864,0.15501260804975014
TEST_03534,1.3520570885074394,0.1432434466079632,0.3434857397348084
TEST_03535,1.6403349081071361,0.10512844804944455,0.12724153980182143
TEST_03536,1.9119036985098752,-0.2716805456986724,0.25776628328389917
TEST_03537,2.2743233043660576,0.9999258656710671,1.211714867696789
TEST_03538,3.7848948721499323,1.5987934531829997,-1.3606776287800197
TEST_03539,1.7573495787859612,-0.7270931777990743,0.1725820605155236
TEST_03540,2.2921452932695834,-0.05216075909378822,0.19968945236568192
TEST_03541,1.519653104970339,-0.6733764496638797,0.09482944032978252
TEST_03542,1.5356463989715823,0.24799205944590255,0.2198260050932321
TEST_03543,1.7847508707124358,-0.07375300252968567,-0.5892041521741548
TEST_03544,4.0156799080308,-0.9274601069947054,0.2004707676724534
TEST_03545,1.2336214104159144,0.22105050388314126,-0.21506557566906845
TEST_03546,3.0101424020822116,-0.6990222913613539,1.0897674190598183
TEST_03547,2.6826334658162776,0.4636366936413091,-0.6164592221171183
TEST_03548,3.472997168173446,0.3336499214323805,0.2540887639362076
TEST_03549,2.981324902444282,-1.533530318582959,-1.0950847470631317
TEST_03550,4.841256210101856,0.23315737792400987,1.4097606684709938
TEST_03551,1.8444291098650587,0.11762804885246475,0.3462088107390302
TEST_03552,3.427414569560158,-0.49265792102568257,-0.15449585282708334
TEST_03553,2.3558371174812742,-0.7101875614247535,0.37147687326371864
TEST_03554,2.382869402073412,0.30378600652825466,-0.0010931766513724269
TEST_03555,1.1741332517360703,-0.43871023972628914,-0.12374707924595989
TEST_03556,4.5107821358218745,-0.9565691796266956,-0.03318344019694186
TEST_03557,3.424639849800368,0.29582465298787114,1.009603891719166
TEST_03558,3.610816425016881,-0.09035875721385032,0.6920977456842646
TEST_03559,3.6436036138642858,-0.07909335134679242,0.16099536570576448
TEST_03560,2.348936068374106,1.5093622680288479,-0.6639994717585882
TEST_03561,5.001781081245715,-1.8518706376942482,-0.23834189579971993
TEST_03562,4.550308335868554,-0.4287595937800738,-0.1627379203325826
TEST_03563,1.2443895307533717,-0.5000785969495857,-0.2750021862139537
TEST_03564,2.634005998989775,-0.02642710848015412,-0.3694450990756421
TEST_03565,1.3170562831593158,-0.1065291429004639,-0.2571411518001062
TEST_03566,1.3244740697918296,-0.05034133528491341,0.24140999981202632
TEST_03567,2.2990415383431597,-0.04483547672682644,0.2855050558506851
TEST_03568,2.213105193736952,-0.49421905469364696,0.1660578775193757
TEST_03569,1.1990358674057269,-0.044855907223929715,0.12062080607522488
TEST_03570,2.0331703171796893,0.41895613582193886,0.05791072212095371
TEST_03571,2.2216088163222696,-0.15027690010632636,0.2952561641296938
TEST_03572,2.6931809345548885,-1.3743633458153364,-0.5673785020316634
TEST_03573,2.612742752853534,0.6087866657011524,0.436163636861795
TEST_03574,3.0469424028378778,-0.858595538730104,-0.2537985800879614
TEST_03575,2.3638199945333236,0.6599036297061399,0.43238524467533224
TEST_03576,1.1783667275703562,0.4661573707855093,0.1614707614085573
TEST_03577,3.2884236582229724,-1.9475657396822572,2.138781425621439
TEST_03578,3.994258515015114,1.2127788854755992,1.601317164246072
TEST_03579,2.20368096133453,1.094155942301077,-0.35169153034450346
TEST_03580,2.998355239665118,0.03313988164549316,-0.9508868504487401
TEST_03581,1.17677844478218,-0.5896327015953189,0.2766966110130722
TEST_03582,1.2693098555231805,0.2357849170605388,-0.14843731328286086
TEST_03583,1.8901400814479379,-1.0587750920672723,-0.43307545995609015
TEST_03584,3.8486058822578246,-0.5980273565769093,-0.1214440859772547
TEST_03585,4.177272846541956,1.5769376059870341,1.3183626526889223
TEST_03586,1.919072640910697,-0.4064401907064121,0.12770376859255866
TEST_03587,3.2391124890570726,-0.5485373731427802,-0.4049270527921524
TEST_03588,1.8110640084734189,0.11601870547997838,0.20817059761206755
TEST_03589,2.9588346509902173,1.7163590019761448,-0.7847064441680084
TEST_03590,1.710506071414152,-0.3806376457995106,0.0015635700334432042
TEST_03591,3.0950430823026465,1.025330198712189,-0.5675418424041561
TEST_03592,3.207234979329027,-0.8898332379878658,1.7755802192890655
TEST_03593,2.6263037369834152,-0.8698834966782681,-0.2795374506161696
TEST_03594,1.482714635910745,-0.1302190740748973,0.18011449511100458
TEST_03595,1.4534363651703746,-0.4614034298606572,0.41889883954956486
TEST_03596,3.586325832585106,0.9490586178194743,0.7551860330601015
TEST_03597,3.2021086725423316,1.1349229399541152,0.3007078339587938
TEST_03598,1.8522019207599423,-0.464248917263367,-0.6938439308580783
TEST_03599,4.278208520362454,-1.6381074498512669,0.7391737556200011
TEST_03600,4.062422959528993,-1.0835371121557984,1.1202230362552181
TEST_03601,2.3869715145920165,-0.11950269542492743,-0.7022335407221443
TEST_03602,4.059463920149098,1.7203136549707363,-0.8935056017222259
TEST_03603,3.5216777170650864,1.0020956238396321,0.8161245812239978
TEST_03604,1.7965703778267395,0.015969344643055217,0.23272430720816156
TEST_03605,2.4482503376157014,-0.8205371633172625,0.47991581010637535
TEST_03606,3.2155390122028478,0.034042691950102524,0.318548765270019
TEST_03607,0.8065229036821335,-0.35045429886284457,-0.18765623537468398
TEST_03608,6.28895115007159,1.048270241391647,-1.1506675210880684
TEST_03609,3.649827622230947,0.5172031630760414,0.22127403778109322
TEST_03610,3.0079308767560673,0.5661307400218659,1.1811808971667752
TEST_03611,3.4645979948020713,-0.07001823344006634,-0.028621466954695852
TEST_03612,4.790284283180364,0.4985452228358159,-0.054682427390976146
TEST_03613,2.4485060097511897,-0.24454008825567486,0.08243072506295661
TEST_03614,1.641596323472865,1.2061762934977507,0.8089363559672107
TEST_03615,2.5878615523435107,0.8144155523843392,0.49783674099906183
TEST_03616,2.7421407871876573,0.24188266120250312,-0.18482948806871682
TEST_03617,3.9106175682415905,-1.6335945907304035,0.45530699734969604
TEST_03618,1.0655222248177725,-0.2720525530084959,-0.3926263021340715
TEST_03619,2.750651604322325,-0.2934994679735287,0.06770172248210352
TEST_03620,1.6188628600095862,-0.7447895047551717,0.2734903646443708
TEST_03621,1.7465700687948993,-0.6917209529384606,0.3591329049349436
TEST_03622,1.6670993548807882,0.21766160662552658,0.3102513535018092
TEST_03623,1.1951301790230948,-0.43026662826317974,-0.4589732004980983
TEST_03624,1.879591820597596,-0.25293605789809714,0.6209614573244893
TEST_03625,4.881344617754881,0.1433114263224758,0.23188622273400294
TEST_03626,1.6480239382443673,-0.30047145699668265,-0.25961085392885624
TEST_03627,4.564911539147059,0.3242450524544641,-1.2655542164657814
TEST_03628,2.803673360312689,0.7004888029565273,0.3688097890429455
TEST_03629,4.505366078845845,0.6378681627966604,0.47305850989122994
TEST_03630,4.713239022676382,-1.8268682176611235,-0.9885197572112415
TEST_03631,2.3903605162568486,0.02154213109404897,-0.19760350966926474
TEST_03632,1.7436016245219412,-0.06860452368838307,-0.6893441875288437
TEST_03633,2.4467768006298187,-1.0060568962188583,0.6822843931011467
TEST_03634,3.0466858054369133,0.6096921845489619,-0.926278545375517
TEST_03635,2.4373620795114026,-0.9997309174753101,-0.5372881779534239
TEST_03636,1.1406743220931637,0.6643182441074016,-0.40033702688843403
TEST_03637,2.08797869194175,1.3518204480081726,0.28658506820503316
TEST_03638,3.4502492656581585,-1.6112320510021672,0.5784939434454331
TEST_03639,4.875346387912277,-0.20641013968090438,-0.9015043099633457
TEST_03640,4.84314252252154,-0.8087411641140198,-0.8683449886064073
TEST_03641,1.948313169935375,-0.49480125500591576,0.10138274059618807
TEST_03642,4.701104594719511,0.04727121529006513,1.613890574582278
TEST_03643,1.3292988324830752,-0.16991930648126943,0.2876450454722321
TEST_03644,1.489170628056672,0.4674045502858086,-0.2415227210709987
TEST_03645,2.7255824111466094,0.6957027026939889,0.9138972711440502
TEST_03646,4.869132946921975,-0.37802182093290293,-0.6022305453017671
TEST_03647,4.116434562151315,-0.2671180725328252,0.4317131938313286
TEST_03648,3.0141775214948363,0.7220100404908704,0.12438071392815891
TEST_03649,1.9119158047358586,-0.3513120188535303,0.2479260762076411
TEST_03650,2.3694144113756175,-0.1401550263163417,-0.03585362582344679
TEST_03651,3.6673528929171013,-0.3003035335081705,-0.41255820792862313
TEST_03652,2.4954925627832525,-0.32178383357249113,0.5179455436414323
TEST_03653,0.788345772043245,0.19408249230047986,0.1788773643666099
TEST_03654,2.5075079349562084,0.5290163819280341,0.9251959110021473
TEST_03655,1.4735896678459484,-0.4186022507370302,0.385398643582281
TEST_03656,2.8155573382678183,0.3872377376997161,1.1230194023218516
TEST_03657,3.079929616286551,-0.6982254179931168,1.5447315805996173
TEST_03658,4.670796506645402,-1.0379990490586988,-1.2074502704495982
TEST_03659,1.8360089418262946,-1.091616291406718,-0.5017354685484284
TEST_03660,1.191786054173342,-0.07510258664404397,0.2318207343056817
TEST_03661,2.6448538103293675,-0.3146957255124615,-0.06005672069705853
TEST_03662,2.1018064699072987,0.3230013283277882,-0.5801457034975347
TEST_03663,4.256800307137933,0.36403262424349836,0.48716468846792277
TEST_03664,3.5781871682398365,0.03213478844140399,0.906217621757674
TEST_03665,2.3853216339989785,-0.15232866821336297,0.6884383559801394
TEST_03666,1.6158819228257186,0.03848372302768699,-0.02508383108633593
TEST_03667,3.868395899486547,0.4877389387890761,-0.3192505818260477
TEST_03668,1.6106089525354201,-0.1657347911773214,-0.022933303844049895
TEST_03669,4.055680459633335,0.22589765854162236,0.20457056883664
TEST_03670,4.326913790172902,0.5786091607183187,1.403288798533435
TEST_03671,2.4846312033120843,-0.12312454201076947,-0.045899513399327546
TEST_03672,2.0397816979084786,0.6465051186492138,0.9540663774776681
TEST_03673,3.5603140753575926,-1.6015831944502918,-0.18344565022039327
TEST_03674,2.5153934213650735,0.3834111575664516,0.0367107153082889
TEST_03675,1.264824096110701,-0.25712993644793053,0.4356548280072545
TEST_03676,1.4078188843192523,0.16553288247578704,-0.11512442596643348
TEST_03677,1.9286229628293323,0.19400981843626502,0.522513451430996
TEST_03678,3.185693790163456,-1.8932474198403402,-0.7421532083227897
TEST_03679,4.82484519483402,-0.048359475866669936,-0.14703425656665234
TEST_03680,2.094615014678382,-0.46821988057737923,0.4300567489896958
TEST_03681,5.152664114111423,-1.6225950988085813,-0.5537482915494588
TEST_03682,3.625689887039933,-0.27995390318966423,0.5539586350853498
TEST_03683,1.974532769033153,1.743390150153673,0.6326992270224087
TEST_03684,1.0069059341134459,0.06682860821251835,-0.15523930712943687
TEST_03685,2.494079171684011,0.15519164682430925,-0.5568990840777105
TEST_03686,2.8278615211391878,0.3271778406082523,0.3522299827545787
TEST_03687,3.894216367082345,1.3503635545443555,0.9548793095161189
TEST_03688,4.548645510195204,0.2576596875615447,-0.6411129840185693
TEST_03689,2.6990278824092937,0.3655666842056237,0.4953321743989819
TEST_03690,2.4562236233741888,0.15687147061908382,0.7764761811697692
TEST_03691,1.8606067525394476,-0.4074709097476269,0.6156523022956529
TEST_03692,2.6322121112862122,0.0033108287873704323,0.09793665866511844
TEST_03693,1.0727605567545653,0.4563359050127588,0.08074971964438855
TEST_03694,2.1285725779905125,-0.8050736657453087,0.6463821195711357
TEST_03695,3.3073176805185955,-0.23809416791438318,-0.7114711017518593
TEST_03696,3.0269609291777164,1.024311950189078,0.05476881155457067
TEST_03697,2.7959075634138277,0.6455814497688448,0.0820019453307225
TEST_03698,3.5789126050850713,0.38572605663359244,-0.6080414536507446
TEST_03699,2.6560121389529914,-0.8140005097849617,0.09391913671733043
TEST_03700,2.4995377406427335,-0.28221634602187384,-0.1467708420890974
TEST_03701,3.094130823181409,0.024491676831968557,0.1901353977093456
TEST_03702,1.730051013999808,-0.003579722860889986,-0.18395149007172365
TEST_03703,1.6832700088705064,-0.015425446161555254,-0.03738550694760677
TEST_03704,4.012936300397399,-0.2133774885752048,0.5237862589598691
TEST_03705,2.150919400938567,0.4629728095251157,0.6375780664970211
TEST_03706,2.6839874867490696,-0.1474009317961114,-0.5391871159090257
TEST_03707,2.9745598755839358,0.1392951913807619,0.12896552331937897
TEST_03708,3.079811420028114,-0.14967175071776037,-0.16750145049503753
TEST_03709,0.9578332842236688,-0.579164751349906,0.5162679059736891
TEST_03710,4.503449949335755,0.7694516685095636,-0.7288520081623099
TEST_03711,1.1149911967809505,0.19271081412512173,0.10004762716949545
TEST_03712,2.8597386528265343,1.5908202926067245,1.1916147011185827
TEST_03713,1.340666590905709,-0.5407989244476498,-0.07445273003552982
TEST_03714,1.4028200236985597,0.0770224470183164,-0.05152725396297382
TEST_03715,2.6195351085156124,-0.23182237615510037,-0.46465164877758597
TEST_03716,2.712327454732021,-0.9239355513376742,-0.363243878052229
TEST_03717,3.164373782747904,-1.8416736407235728,1.046131891410341
TEST_03718,1.331116675536357,0.25591213195391843,0.01557838996449118
TEST_03719,4.09902216120019,-0.2701184171866476,-1.1160667046413741
TEST_03720,1.8084995817192928,0.08882283818849446,0.2186346126196653
TEST_03721,3.4334442719136713,0.6445261824747216,-0.1038127659105466
TEST_03722,2.5719246944557175,-1.1692601217437033,0.9957137950635094
TEST_03723,2.5795486974324198,1.7973103016751355,-0.7368369014495559
TEST_03724,2.376483301311791,1.070569254250343,-0.2901216822522582
TEST_03725,2.4184570959752834,-0.16909073791616464,0.018201883774821185
TEST_03726,1.1124246153096065,-0.09745769532906653,0.10241456491707025
TEST_03727,2.592686037241603,-0.8926918688953446,0.6620080107911797
TEST_03728,5.841226689354491,-1.7217080023033744,-0.7567248874830215
TEST_03729,2.987713129865357,0.6853912315239017,0.009685020166124263
TEST_03730,2.553506304163199,0.11933287119328179,0.20401351334007767
TEST_03731,3.8864912578701514,-0.5226222246564618,-8.674349155577115e-05
TEST_03732,2.566852020530598,0.011638276225702671,-0.10853246325986055
TEST_03733,1.6523340546822347,0.5699569734837713,-0.024999861769683964
TEST_03734,1.7409202905911783,0.14895993577160757,0.3135613318834031
TEST_03735,1.7119392799100852,-0.4389595153587443,0.4907974791846627
TEST_03736,3.0147749974958695,0.571153514005837,0.4988399225905988
TEST_03737,2.486130879589501,-1.0894802903876142,0.6728531014178061
TEST_03738,5.16936207781816,1.2315946934953448,-0.305009467399906
TEST_03739,1.3799170188301184,0.6523457694721871,0.09134271302367013
TEST_03740,2.7520658750290736,0.12971090069128943,-0.016399469149705415
TEST_03741,2.133106997931414,0.2341166765800938,0.23321670643268363
TEST_03742,1.920024677281682,-0.07674022403099023,-0.3272156233202066
TEST_03743,2.716411683478031,0.40124343063583534,0.4711699659726803
TEST_03744,1.1729495959167526,-0.005134224478859672,-0.11146039392444941
TEST_03745,3.185348444674802,0.12759986160483364,0.14513621167147686
TEST_03746,1.1596134729064114,0.440639036859193,0.04396927992641272
TEST_03747,4.303981877395036,-0.8634683185528131,0.46952298745796156
TEST_03748,2.8841581762879938,-0.5720131641619443,0.36566118016305627
TEST_03749,4.152651497226869,0.06323403470890473,-0.3394220300203339
TEST_03750,5.63145786522132,0.7286302815627425,1.3169308694757247
TEST_03751,3.1842600191336916,-0.6403255071310922,-0.5755865407406641
TEST_03752,1.5483826870337865,0.688215671271851,0.48275389889968656
TEST_03753,2.729220003788293,-0.48659918233620875,0.6354921132023186
TEST_03754,2.809726312345564,0.263667706921283,0.3134014065260529
TEST_03755,1.8546448875056114,0.7885796325605933,0.5759444292658072
TEST_03756,3.7356441339075666,1.1135475370373784,-0.09124046993036998
TEST_03757,2.3321332682980453,-0.006946251460315168,-0.020462264834962687
TEST_03758,2.6472775893424547,1.0930386365964062,0.9844954087794165
TEST_03759,3.4454499535425236,1.3177584610074633,1.840462653590288
TEST_03760,4.377623511785591,1.3245460430966172,1.2811117435429766
TEST_03761,3.3065340548452,-1.870143865332591,0.5991854538272945
TEST_03762,3.7372876262131536,0.5118431419947697,0.2843118692410048
TEST_03763,3.0233575672898727,0.6406594442999457,-1.025770944553116
TEST_03764,3.273224817407751,0.1958609803604442,0.10332866823635281
TEST_03765,2.594240813305669,0.4134427381223647,0.5894258347048699
TEST_03766,3.814513940549362,0.23443854302195988,1.1676715517275362
TEST_03767,2.297375855099407,-0.15479235787006276,1.0581210509211463
TEST_03768,1.6161693328830615,-0.15252443387598313,0.014303756933324668
TEST_03769,3.1398757492606086,0.3116842942488006,0.2486135602238369
TEST_03770,3.117873144643534,0.05418675569606521,0.043612830779345364
TEST_03771,0.8313297030364845,0.005261294603609484,-0.28919481542078546
TEST_03772,1.7324195340187742,0.8615516488884444,0.3742828663426381
TEST_03773,3.170479398971713,0.6335595244848076,-0.4761863693463877
TEST_03774,3.4131088901819515,-0.9701479993079601,-0.6150597890298547
TEST_03775,3.688567856783141,-0.12501002920820675,-0.5027650212709629
TEST_03776,2.3609567163758025,-0.022215100588229113,1.3220415385867688
TEST_03777,3.275847801921054,-0.5799013014647426,0.9523359670250315
TEST_03778,3.0981695517784162,1.428211056944229,-1.0379874955736013
TEST_03779,3.050327012481941,0.5051981801595684,0.4410770195192971
TEST_03780,2.014352921992398,1.166337179276006,-1.0247598634659985
TEST_03781,3.32225262403299,-0.3925203118407022,-0.187546090570807
TEST_03782,1.2002480083229283,-0.1256028355346892,-0.22822390828232295
TEST_03783,2.7793556681817635,0.4024244538630644,0.12384806494731536
TEST_03784,2.3399189018990367,0.07179627232366155,-0.08361821697809876
TEST_03785,3.717614671916062,1.2053341736337835,1.553006500298096
TEST_03786,2.336938484307012,0.023337958143706906,-0.37906371892742974
TEST_03787,4.360769318689619,0.6180094977604368,0.2312423122714035
TEST_03788,2.5393904607551563,0.005744545162084908,-0.1126701912659352
TEST_03789,4.5977258221254145,0.5534595342413795,-0.3945278144780014
TEST_03790,1.6316843094496654,-0.6699930777859453,0.3750727220480624
TEST_03791,1.5381388346537688,0.35358090764140787,0.0008416763227946053
TEST_03792,1.4056595938826375,0.4311575181574797,0.12850182085926587
TEST_03793,2.897429145413879,-0.31281425935792656,0.6291650407449195
TEST_03794,1.714355290058093,-0.22219830506288496,0.09422281843652824
TEST_03795,1.5607500326501007,-0.39267363509931885,0.32423724917740043
TEST_03796,2.562535484555207,0.4234491402122505,-0.24188049602915382
TEST_03797,2.8083275936925483,1.814391272924445,-0.24646757267914793
TEST_03798,2.530445443291448,-0.5554414021967966,0.1785339855371843
TEST_03799,3.3150602067640293,1.66261280542636,0.34538353773345265
TEST_03800,3.9306959452832304,-0.14457542174132157,0.102859535154159
TEST_03801,4.605161618393224,1.771535691050564,0.4644224770321944
TEST_03802,2.424049466943211,1.8331178242551487,1.511999864968547
TEST_03803,1.0066079145883264,-0.6934878754773467,-0.23329244122883908
TEST_03804,1.9545342204462262,0.6975634978083538,0.5086157618913867
TEST_03805,2.5037998451218524,-0.4987548390005021,-0.2471722465012288
TEST_03806,2.4349729521356016,-0.6727765912526393,0.5884078370960173
TEST_03807,2.765375412769328,0.2564358130834355,-0.7195861192047354
TEST_03808,5.5114995049096205,0.2042013270366175,-0.5185806715317737
TEST_03809,3.7765253121745936,0.06134750444600242,0.08030620871498681
TEST_03810,2.6886601094375577,0.08364385707719119,0.4586428547409238
TEST_03811,3.377351766184711,-0.26500813140692525,0.014721047651406693
TEST_03812,4.841418098046488,1.4843169734461736,1.7232633996000883
TEST_03813,1.5442289216327003,0.3333257907723871,-0.2489047755803015
TEST_03814,1.4599003396566506,-0.7349402413739796,0.3081195842561236
TEST_03815,2.1333997009132113,-0.058527796440339896,-0.2317087012273287
TEST_03816,3.1489233783529396,1.0455395904556954,-0.011394955088652481
TEST_03817,1.4726970678845115,-0.1142637910697083,0.3789860505015635
TEST_03818,5.43084564076345,1.545517546970169,1.076197726488364
TEST_03819,2.6942362653236818,-0.8234249405812446,-0.2366234237502406
TEST_03820,1.245161666465587,0.15607984872719277,-0.04419025204739659
TEST_03821,3.1703199208073145,0.07460833877918742,1.1233875960841229
TEST_03822,2.1552237253998574,-0.22130628200484226,-0.17870301301620867
TEST_03823,3.1371932998697862,-0.9954002779981905,-0.26843821420644076
TEST_03824,2.857452736304764,-0.31624700226475594,-0.31567414790952997
TEST_03825,1.3499655200590959,-0.35593980420233273,-0.5472846885651037
TEST_03826,1.3657444787863458,0.23127170857437856,-0.08169434724491617
TEST_03827,1.3131594128158623,-0.1041135367926286,-0.24122528406078794
TEST_03828,2.5489258343896815,-0.557526823180072,0.37184010655116084
TEST_03829,3.6000313951611633,1.424802080720275,-0.1993400638685739
TEST_03830,2.8474863387160743,1.6444395694394989,-0.5434278326373122
TEST_03831,2.2901081588545935,0.20666987473117,-0.14272492135610992
TEST_03832,3.1666628598268365,0.2266454393966057,0.24144569293954846
TEST_03833,3.7811742566201847,-2.5127439110980028,1.0506290808923548
TEST_03834,2.020543911993783,-0.11453784299226748,0.514826078652535
TEST_03835,1.1006765531238278,0.008385672524153247,0.012703259543341953
TEST_03836,2.9389813736314165,0.4372061470038657,0.8424196821823806
TEST_03837,2.782735275718298,0.3295796054805373,0.4300440887813595
TEST_03838,1.161267865057109,-0.19946061039679408,-0.24587773649419098
TEST_03839,1.7234592250332248,0.3948504354908685,-0.45858755273596274
TEST_03840,2.4148177823311445,-0.744812788793517,0.8233943905701333
TEST_03841,4.696420977828395,0.0731354553318894,0.3779497921016954
TEST_03842,3.815506135591991,-1.0898649602519745,0.5336675424620345
TEST_03843,1.5111769114915399,0.4663931081752245,-0.6174187179714518
TEST_03844,1.7026120276204686,0.044561766386104665,0.20345614476009288
TEST_03845,1.9869728566423102,-0.6848342313768617,0.5676484060775715
TEST_03846,4.5963426885840954,-0.5837277587539881,-0.6825179637894685
TEST_03847,3.65575914358043,-1.1925394599640378,-0.13204209462246402
TEST_03848,2.5387063117687725,-0.6724811850770176,0.40893625277481466
TEST_03849,3.451803556177648,-0.15066785789805484,-0.03228784222499171
TEST_03850,1.7881066460762962,0.4576781301927927,0.16440748365465133
TEST_03851,3.0853232964506767,0.17248669516432386,-0.2698127595750086
TEST_03852,1.1918524468204486,-0.44925269622221,0.13242347362126008
TEST_03853,1.8897878860348452,-0.07361339874678031,0.11181997609688875
TEST_03854,1.7843104911511336,1.5539186121269288,-0.7393133437156257
TEST_03855,1.713267174555219,0.7274300302150805,0.39836054444807556
TEST_03856,1.5695373963661257,0.9356637893471047,-0.36973607675274117
TEST_03857,2.319442498018633,-0.3355508522302455,0.799519593131671
TEST_03858,3.6663989112802984,-0.8693042163441438,-1.099429814980487
TEST_03859,2.7915181257022574,-0.828745870721814,0.5981531834343249
TEST_03860,2.8302102742902373,-0.03302479718204136,-0.3005736919190063
TEST_03861,2.693422858791958,0.09891144223939997,-0.43246747249836137
TEST_03862,1.9164808035547414,-0.3156960798767799,0.028031357128403794
TEST_03863,3.690245320416765,-0.5234746587681129,0.7153747569372759
TEST_03864,2.577517379654411,-0.1963021369759731,0.7810559418166831
TEST_03865,4.231195232132414,1.2759922625007611,0.15492193293580836
TEST_03866,3.3349308556274746,0.17253125238137756,0.9049519759841593
TEST_03867,3.263015293618531,0.5978680500162856,0.4334838251734768
TEST_03868,2.98812361599503,-0.4886107607510372,-0.1723647270395113
TEST_03869,3.091535964588844,-1.4133497166321474,0.16467011639392615
TEST_03870,2.063584602685617,-0.012812653548485611,0.4593927140595995
TEST_03871,2.8079140283548107,0.7623244615613207,0.06098565618701986
TEST_03872,3.7439330451935304,0.9661872222943734,0.8775241527188145
TEST_03873,2.595951313245746,-1.3319757794438452,0.6812805239582849
TEST_03874,2.0464425120879843,-0.31518755278038524,0.3276052096114369
TEST_03875,2.021787730561984,0.003484360018244325,-0.21465345474471323
TEST_03876,3.1578746395584614,-1.0784179421632896,-0.28732162093816616
TEST_03877,1.5800994324672082,-0.08589953090936309,0.37970225169475125
TEST_03878,3.7274231944596234,0.04519863595523248,-0.45343943149330457
TEST_03879,5.401006703563713,-1.643041204953192,-0.5707455239689676
TEST_03880,3.6292898324268856,-1.8235479217297776,0.6865749288937247
TEST_03881,4.882890408418246,-1.671413553899184,-0.78277192719054
TEST_03882,3.1524194758266177,1.1384092427734065,0.8710586397523253
TEST_03883,1.1967136354973877,0.4961385868085559,0.22102110283100232
TEST_03884,3.2187570131439576,0.9676398783591142,-0.7292612924362443
TEST_03885,2.539425334512107,0.9547650739063605,-0.4909952945122234
TEST_03886,2.2494105940361315,0.6597142383793035,0.2697493268174552
TEST_03887,4.0048673038312765,-0.09727447172335806,-0.7085916816429184
TEST_03888,4.4273806269210025,-0.8702312626555894,0.8818460763510807
TEST_03889,2.8965024464727374,0.02091022744858428,-0.08026352157851613
TEST_03890,1.4712850566252513,0.04814712334343553,-0.14667092084866307
TEST_03891,1.806338404672102,0.2577079575520353,-0.046117663730503404
TEST_03892,1.9766306365835407,-0.18339042880165676,0.40443939698394155
TEST_03893,1.3296343397953134,0.034600146272849304,0.3006747308072246
TEST_03894,2.710940889899236,0.2031320588464264,1.34362531782912
TEST_03895,1.969109146866908,0.8654924153473955,-0.27279086717095585
TEST_03896,1.9677451506650392,0.12487094242650514,-0.6022160623681845
TEST_03897,1.795093060076065,-0.6648949055824318,0.20193009347189914
TEST_03898,1.0809093007917117,-0.46802128799721887,-0.2006806519550115
TEST_03899,4.524999738045222,-0.5230360669209154,-0.16143864651427053
TEST_03900,1.9503042092172584,-0.2919915306760436,-0.39290272736213555
TEST_03901,1.797258941801573,-0.15466130910650802,0.2786143687859304
TEST_03902,1.867326475558807,-0.16294601118706725,-0.38998765489334797
TEST_03903,3.2799302222329243,-0.7104984666381615,-0.8846627481481847
TEST_03904,1.5776957031749705,0.30217298767380024,0.3413131906216966
TEST_03905,4.1559238711197555,-1.0749580451344785,1.129537428483476
TEST_03906,2.6017196808095737,0.0673453763992981,-0.7423938625629488
TEST_03907,4.316738402086181,-0.15176360483807372,0.3443132981663679
TEST_03908,2.707107398770588,-0.167199427765719,0.2614961756639977
TEST_03909,2.272885204834766,-0.11495451985496981,-1.0934155252427662
TEST_03910,4.590775397724736,1.5082137727277456,0.48984806110040235
TEST_03911,1.3056102836020382,-0.31803318240543244,0.1457902331340319
TEST_03912,2.7003914306258268,-1.135666859458912,1.3043048247292326
TEST_03913,3.360212993866408,-0.7415112847298728,0.8463993781661825
TEST_03914,3.339283837780391,0.18413154660516928,-0.059039789313435356
TEST_03915,1.8456544960555692,-0.5191595416747474,-0.528127800721393
TEST_03916,3.4743331452417774,1.903907876299111,0.3740996661185048
TEST_03917,1.9353706176982508,-0.00110973027237837,0.3163539117850399
TEST_03918,2.561465605143042,-1.2210163197655972,1.061850593544935
TEST_03919,3.0656377609399508,1.3004069396532973,-0.5863914501432561
TEST_03920,3.677095234880035,1.1657804560237597,0.6538838420291427
TEST_03921,2.342075371344048,-0.22126368741031632,-0.7215220846409596
TEST_03922,2.931242668672329,-0.8643448642165672,0.9111732997333403
TEST_03923,2.4375186807804288,-1.9497480003753822,0.5169293531220034
TEST_03924,2.0206363732704604,-0.7436224030841909,-0.18586010189744195
TEST_03925,1.3899920844091886,-0.1253942083604317,-0.034903760357020086
TEST_03926,4.275350425164406,-1.1172913223365517,-0.690442904916811
TEST_03927,4.458743703978991,-0.5698147471588932,0.6469714552097868
TEST_03928,0.7661692144203086,0.1503957658996061,-0.11108488452777153
TEST_03929,2.899139001386011,-0.2946431787560379,-0.13862259853090628
TEST_03930,2.083774504086016,-0.2163298821789881,-0.1835891827476117
TEST_03931,1.7809677646828994,-0.3051035711942733,0.11832587421226769
TEST_03932,4.806613885006881,0.3567910403699693,0.38692100045653
TEST_03933,2.69070015214491,-0.5179615431039989,0.2972297994618611
TEST_03934,3.1444612161990935,0.6719980389923481,0.2776118252352569
TEST_03935,2.198738591190705,-0.2720455331051815,-0.5884641439028893
TEST_03936,2.85419686074117,0.5407235236522786,1.0580428949249372
TEST_03937,2.1875184859582704,-0.3392920030127505,0.8740572020571309
TEST_03938,2.4796396154793166,-0.8962531762345665,0.30717699166993945
TEST_03939,1.431566486208278,0.49414038222540346,0.031449436999310874
TEST_03940,1.5336768420012257,0.5480276172794325,0.12560832192895102
TEST_03941,3.1955394246786017,-0.2740466824829012,0.05807451870670764
TEST_03942,1.771880481909883,0.21426242853697997,0.2024023982002251
TEST_03943,1.2060194350260498,-0.535092387640018,-0.42693681851090187
TEST_03944,2.4754563461481833,0.1619892480396947,-0.0700437854573822
TEST_03945,2.4175155244772726,-0.8189349512945456,0.18359581326247804
TEST_03946,1.4333302155924361,-0.3181307719935957,0.3091905750618315
TEST_03947,3.2015418840040857,-0.010203703346161018,-0.5571249040209462
TEST_03948,2.860961026309452,-0.6716402766315701,-0.6590291551553487
TEST_03949,2.862373425709733,1.599610307999653,-0.054828786582247054
TEST_03950,1.0491915226912552,0.7757039100259217,0.25235691505163926
TEST_03951,2.730992537857154,0.46487285623422137,-0.15147676982861574
TEST_03952,3.6452654036168757,-0.21966313512698374,1.6494739607042366
TEST_03953,2.387357189298057,1.050138646462097,-0.6083661772502721
TEST_03954,2.500611974631887,-0.11478763967665868,-0.443695492707881
TEST_03955,1.8065831204977159,-0.6217559468770381,0.22598129104530668
TEST_03956,3.0560740714908454,-1.04497287427828,-0.7185085519386508
TEST_03957,1.6836078369412606,0.3776949770397517,-0.04114341653719378
TEST_03958,2.7626785781140755,1.2886210470329074,0.9430107866605918
TEST_03959,2.9747885344082037,0.633326046508854,1.3066127013572426
TEST_03960,1.9800727999363628,-0.6382385022602559,0.3260687932437901
TEST_03961,2.648751371374238,0.12332762403621023,-0.4213256425035154
TEST_03962,0.8731417042645757,0.38238879590380465,-0.35647304935134716
TEST_03963,2.590088515681799,1.3836706590934562,-0.7895850751557137
TEST_03964,3.0027482105443104,-0.03846903767780868,0.4633088567671721
TEST_03965,1.0024997613712658,0.3483997187984473,-0.32442648641786365
TEST_03966,1.551372616740103,0.3603585654349173,0.3138658562053548
TEST_03967,2.5310348131744442,-0.047763745640861666,-0.15108413543604057
TEST_03968,2.1262555849889333,-0.843309606800532,-0.1731282800388858
TEST_03969,2.114694919940092,-0.31969863561646905,-0.2891108112407808
TEST_03970,1.9024831850383763,0.31819919723445406,-0.6697780794228186
TEST_03971,3.6978358130301894,-0.784651997140142,0.33357478174356725
TEST_03972,2.5852187142482816,0.5113827246600732,-0.7956667225118185
TEST_03973,2.551451193862543,-0.012193210793340414,0.49353788572977436
TEST_03974,3.67220996545245,-1.1463039292153179,-0.7782487353696971
TEST_03975,3.53130873754357,-0.5733465169972246,-0.10308095787948067
TEST_03976,1.7151969375930307,-0.9414498759807532,-0.30118488038995794
TEST_03977,1.5846489996032602,0.29976206961299334,0.02392151903225106
TEST_03978,3.9677162971728817,-0.2858130970930492,0.10383633839496258
TEST_03979,2.0966585022740505,-0.7651252931772055,-0.17103766396374767
TEST_03980,3.1200219733080146,-0.8407078198745446,0.14576633419340956
TEST_03981,1.5839705851861792,0.3510956209883585,0.545063261090205
TEST_03982,1.7344032821454347,0.6857726378728339,0.0074588079642113805
TEST_03983,3.167429171382794,0.6396548542694411,-0.3386561473227564
TEST_03984,1.6846188071233785,0.31546703785974334,0.6371994257476025
TEST_03985,3.173755253195333,1.1348037506218955,-0.6961215657306099
TEST_03986,2.185972618808585,0.3335096940857149,-0.34685908837578117
TEST_03987,4.487397746420146,-0.06766560185361235,0.532137630897011
TEST_03988,1.4592521815652384,0.46183502820534017,-0.3500809199296085
TEST_03989,3.6700894919662828,1.2285991315367855,-0.667215096705388
TEST_03990,4.806299332986793,-0.512169754780129,0.4633008845459253
TEST_03991,1.568527400819153,0.14792737367601208,0.023756858530687982
TEST_03992,2.1149161598183936,1.4105833839402093,-0.8697970327402653
TEST_03993,2.42182192658918,-0.19275527646652563,-0.14855900167400932
TEST_03994,2.817463162520766,0.3119660530228074,0.9339150596787488
TEST_03995,2.1188890565287015,-0.33760516007468566,-0.01192818111880261
TEST_03996,3.009999206629987,-0.207557274212888,0.6690028141764461
TEST_03997,2.1985571030071847,-0.36658142375540886,0.07725305305340935
TEST_03998,3.3893862796172605,0.7117263066517014,-0.452577781100629
TEST_03999,5.396603272105166,1.2950029446678537,0.8386508341424248
TEST_04000,2.3812724226896895,0.11330762005388356,0.2666687949417401
TEST_04001,4.697086580097556,-0.1645669444008101,0.7606212372725628
TEST_04002,3.5804470483193622,0.9522342812730686,1.3763288865691201
TEST_04003,3.1689062064485083,1.820096078725441,-0.7975010951142796
TEST_04004,3.267753475169216,-0.0861612658464955,0.25226665442913815
TEST_04005,1.4696195204696385,-0.31593707040132774,0.06101145863323187
TEST_04006,1.1764057199477371,-0.3397268051041746,0.39848818370555533
TEST_04007,3.5765356596333575,1.2310463622691992,-0.4791533207192073
TEST_04008,2.010195881998051,0.9025609749868855,0.5175696198504098
TEST_04009,1.2506933459125724,0.12332013038848644,0.3091051859187224
TEST_04010,3.0883711210447458,0.025493942602063075,-0.8246263885936043
TEST_04011,1.4989252913122448,-0.04536806354608478,0.15890091846282667
TEST_04012,3.372244691461379,1.1816463354987576,-0.6454293720592165
TEST_04013,2.5127354477423935,0.6997846089074775,-0.26907470584666393
TEST_04014,2.0145654708128307,-0.9199379672474912,-0.12422847552103211
TEST_04015,1.9078867801340358,-0.3078406313988852,-0.21592926480669636
TEST_04016,1.1629169997066953,0.24143834042002177,-0.3646578201784055
TEST_04017,1.4749311444453646,0.4731495876647097,0.4792507137625217
TEST_04018,4.959394799288325,-1.0321575386586348,1.630675154372158
TEST_04019,1.8483264226798037,0.23955920839633105,0.3787174224282165
TEST_04020,1.9190650710597783,0.10703644115059335,-0.12467040658186566
TEST_04021,2.407730878879921,-0.4520409730844794,-0.7633859685678326
TEST_04022,1.5972638940453683,-0.2954931641664061,0.23289544005675789
TEST_04023,3.5184309833949468,-0.16689144727721955,0.31535003508573006
TEST_04024,1.5268027553501702,-0.24063676251259164,-0.4030680224033674
TEST_04025,2.6653226517747313,1.3053175480518866,0.45741021877695265
TEST_04026,1.8347137877593056,-0.06896102424562182,-0.26182264318096654
TEST_04027,2.6362640513021693,0.24598050677582867,-0.7448352207046216
TEST_04028,2.8097747466679284,0.12449556559069938,0.3803583380222861
TEST_04029,4.125143814185587,1.3492354328673213,-1.0548864064847892
TEST_04030,3.1081250098195814,1.4481123820739774,-0.7625459443316698
TEST_04031,2.845742056859452,-0.2133076363201628,0.3587953204009038
TEST_04032,2.6888370102704466,-1.32537738630136,-0.5365079118991701
TEST_04033,2.763612347279768,-1.5171439197406362,0.8068968604994088
TEST_04034,3.756475082747942,-0.24334123302630556,-0.1406166287470051
TEST_04035,2.179906100174255,-0.8788400164311763,-0.883815149143714
TEST_04036,2.836591074951713,-1.282543820547826,0.6641970578070412
TEST_04037,1.2849664665957574,0.3882246985092616,-0.15304655841275736
TEST_04038,3.247677041851229,-0.04489055166467436,-0.2536334369753599
TEST_04039,4.882086691232388,-0.8742521013166955,-0.06754576026823171
TEST_04040,2.1713107091933925,-0.21439979952096488,0.3968788606415118
TEST_04041,5.097404047614543,1.2345832078328594,0.8074084490047093
TEST_04042,2.9469396012229145,1.0954872164471237,-0.5660749416739136
TEST_04043,4.251598257949225,-2.2333785566265165,-0.4219875707495608
TEST_04044,3.2060152652893485,-0.18935219262007313,1.1078926498911232
TEST_04045,2.2563719202811394,-0.9350131220666392,0.7872033885433521
TEST_04046,2.632336771252312,0.6937127419823792,-0.5433791690511464
TEST_04047,1.4593539934574944,0.6376824358498552,-0.3148822215326062
TEST_04048,3.3917464718843497,-1.935500619861963,-0.12346864735899529
TEST_04049,1.6583298554747534,0.4360477534582859,0.19292258078278815
TEST_04050,3.2246562463613992,-0.143783755484462,0.23184955165645052
TEST_04051,1.495690357124586,-0.3362257384666731,0.3425615471411377
TEST_04052,4.530485228696645,-0.9823016855717409,1.3996933628999138
TEST_04053,2.3288340999883075,0.45832840963148835,-0.17335913106725315
TEST_04054,0.7744413243798586,-0.5490885812470754,0.4413571737135772
TEST_04055,3.0364276525657354,0.9514801455776553,0.7407515740328294
TEST_04056,2.9323124976629575,-0.10930479546037422,0.2385890842009358
TEST_04057,1.5786121198388596,0.2965709033956529,0.32204034301803575
TEST_04058,4.598586550145251,0.45191034806304753,0.8147804942879596
TEST_04059,4.697485310605071,-0.921339363588194,-0.7998126931769358
TEST_04060,2.103185432908077,0.15587866137471879,-0.5412921501609183
TEST_04061,2.5775906637024804,0.02746012657778678,0.9589240012286802
TEST_04062,1.3877142363689563,0.1912364713693033,0.25682171503587503
TEST_04063,1.203171149247209,-0.07820187562713175,-0.21641054856993405
TEST_04064,2.634368947370447,-0.216023844181858,0.6403971666952795
TEST_04065,5.561875892837176,-0.07183909596380486,0.6861418217861999
TEST_04066,2.78467795446192,0.5097735874421413,-0.7712840529232298
TEST_04067,2.5664824353768547,-0.019201655077661,-0.07839538091489402
TEST_04068,1.727820093660806,0.4732888550922732,-0.28182520499286046
TEST_04069,2.0715601379915247,-1.0446629173406643,0.8207793937081252
TEST_04070,2.2633206336569343,-0.7933404101233366,-0.7572545580202389
TEST_04071,3.2088578285656704,0.48096948549847673,0.38642919771128653
TEST_04072,2.868654661181446,-1.7553051249919658,-0.18856479801029247
TEST_04073,3.3841739932196098,-0.6341035599019974,-0.10019072531965743
TEST_04074,2.782994466674015,-0.34371184687598866,0.1147032413716203
TEST_04075,1.308764893604528,-0.4920765924485449,-0.19239008225328538
TEST_04076,3.894711456902277,1.0420020140181043,-0.058295215186174566
TEST_04077,1.9063234340792692,-0.8217412438936558,0.11787554516553135
TEST_04078,1.302659814577381,-0.21754874724808212,0.4542861409171545
TEST_04079,4.917671685153415,-1.3068904640437173,-0.15872356203936455
TEST_04080,3.0901402145595895,-0.7773471851777554,1.0603005424399623
TEST_04081,3.1646092578304814,1.0944059492029912,-0.3474764504455706
TEST_04082,3.457327072781604,1.103248486593156,0.3580190365538954
TEST_04083,1.974765940949697,0.6051312638364142,0.43379757804236796
TEST_04084,3.0315936941171366,1.0112096846333223,0.9834184063194308
TEST_04085,1.4481995691452116,-0.21729109722108864,0.21851379434451934
TEST_04086,1.7549808820040096,0.07579476789439732,0.36704201032444356
TEST_04087,4.554670331299684,0.5572936860666269,-0.39708989363182506
TEST_04088,1.6142201506634146,0.8132218185685377,-0.36506670369853744
TEST_04089,3.7006210605297496,0.04350789124560698,-0.3077646424287478
TEST_04090,2.5943720939966455,0.30307541743466626,-0.7183904062968333
TEST_04091,2.2122327760218212,0.24856481760475735,0.09504461586534697
TEST_04092,1.284747921333955,-0.17275422286711906,0.4534382117778149
TEST_04093,1.1162865669252318,0.0723305360033092,0.17473348136737077
TEST_04094,2.1332428094747575,0.773419183977537,0.45193319997933656
TEST_04095,2.6150266947222414,0.602719758799404,-0.3572824665995849
TEST_04096,2.3666895009908293,-0.634974403558811,0.31081866973192523
TEST_04097,3.1279020771168113,-0.7171348817516239,0.05102214022626029
TEST_04098,3.613310203728944,-1.0719419399338312,-0.6198875299577381
TEST_04099,3.2422450934873193,0.06082158635691051,-1.0465327166848875
TEST_04100,2.09615546139203,-0.35502856193732363,-0.39871707987621574
TEST_04101,3.1701867063862514,0.05021216006585701,-0.07672491478646817
TEST_04102,1.8076362163686226,0.031437685970578076,-0.1444130275808423
TEST_04103,3.139398129983537,0.8180153582373936,-0.6824825425068687
TEST_04104,2.1291149542616394,0.040762542892204726,0.500844023906005
TEST_04105,5.263073908214968,1.4265909312944483,1.8786731563332921
TEST_04106,2.2410105467740573,-0.5352088664408999,-1.065359127071132
TEST_04107,3.4482446605761323,0.7031609650722505,0.7028572979498166
TEST_04108,3.257870723386603,0.4032676135594561,-0.9299819031406058
TEST_04109,3.336872469206866,1.0841638428841993,0.6940302871820996
TEST_04110,5.26646961347606,1.1137334139465038,1.9916442435768482
TEST_04111,2.688476426478445,0.6585839212982085,0.36224952894034834
TEST_04112,2.2838197548857186,-0.3773362581648251,0.7373760495710637
TEST_04113,2.508517717156913,-0.557516065501035,0.18283095181657202
TEST_04114,2.592379080719636,-0.24617275360043225,-0.595523071300565
TEST_04115,2.251330843195318,0.9102984399040991,0.8573377171792975
TEST_04116,4.641369773763617,1.44301365245483,0.08816791981652473
TEST_04117,2.005227435744032,-0.7813089945670325,0.09499299724347474
TEST_04118,1.3762874060081507,0.13616764367505385,0.19858070810073614
TEST_04119,4.493299101785243,-1.2138605161988705,0.5933678878133856
TEST_04120,3.8972415005180645,0.7653163330198461,-1.3283069544435822
TEST_04121,4.846159630536337,0.24594042847286554,1.1343581707905372
TEST_04122,2.2559215937116552,0.723644754525671,0.9140719876742213
TEST_04123,2.5437773133162223,1.5271790613127647,0.06198332051651458
TEST_04124,1.7524407661098824,-0.32880847986017564,-0.17533550329745592
TEST_04125,2.176174590484488,0.9846064744197693,0.12392670104175887
TEST_04126,3.652321235996014,-0.6790322527055809,-0.18406053186658866
TEST_04127,1.2366561636403797,0.30172119148022025,0.24911050916318453
TEST_04128,2.9829057381503556,2.4882539224378823,-0.06080825414627275
TEST_04129,4.116238985256961,0.3178384320733167,0.7502891164933222
TEST_04130,3.501626948223826,-0.14791832303321528,1.0188604423377567
TEST_04131,4.154249431140693,0.2638745089047081,0.15135320061016422
TEST_04132,2.4004056064629444,0.7121511580805984,0.7465887657801757
TEST_04133,1.5042844816763816,0.3575548556562901,0.263662723486599
TEST_04134,3.432849671736712,0.5878830762853866,-1.013639852783684
TEST_04135,1.5270992152337852,0.6481945811315585,0.08426322098188183
TEST_04136,2.5672542318792693,0.15165661797754665,-0.5440840092332286
TEST_04137,3.1593990118240685,-1.7951950801367222,0.3907648665308871
TEST_04138,4.802112372770102,1.301881429987209,0.12933277036570648
TEST_04139,1.8681975180945507,-0.33608554769128235,-0.52416055032953
TEST_04140,2.5004425770253094,-0.12447064247046875,-0.02736128139075981
TEST_04141,3.0846157874154394,-0.5288394869865053,-0.6928880195895405
TEST_04142,1.9197142100030258,0.08863337710716362,-0.34947688009999867
TEST_04143,2.5762938275102236,-0.12590706207279181,0.6816128447411526
TEST_04144,3.340208368953621,-0.392269147901896,0.31942421585226943
TEST_04145,4.648261792034612,1.5714988931768994,0.6543896076525848
TEST_04146,1.8493998353108065,0.5823285841994424,-0.722759434580395
TEST_04147,2.754686528339236,0.15396177306404188,1.003051759810358
TEST_04148,2.534019084108342,0.04544875431343493,-0.09925595960981363
TEST_04149,4.219585690110992,1.5825743530928273,-0.4244775239540235
TEST_04150,1.554927258889539,-0.515936865297175,0.4247767742425381
TEST_04151,3.123013676849707,-0.7953359934267141,-0.5797835035886069
TEST_04152,1.869557089872098,-0.7711468411329797,0.749453691610875
TEST_04153,1.8818772425824652,0.987733422017503,0.5785848930277182
TEST_04154,2.7423283650684507,0.01207624638992514,0.02696122670526665
TEST_04155,2.4754851053559643,-0.11243025828977253,-0.3971848343872634
TEST_04156,2.778626264831259,-0.20022789450741998,-0.14559100535334757
TEST_04157,2.261487127370558,-0.3422606414585388,-0.6159035935176853
TEST_04158,3.5343759110825195,1.0680425005866307,0.26284031155640514
TEST_04159,5.06361894590177,-1.5197383042006964,2.0401839029848934
TEST_04160,2.686860033773631,0.29827547286878653,0.14862515773526314
TEST_04161,4.8592003517852005,2.2652101749336553,1.198227714208447
TEST_04162,4.160569741071417,0.7443888338593326,-0.5648386888474146
TEST_04163,1.1588901184516616,-0.8149798896847963,0.24828976761448768
TEST_04164,2.249435865511938,-0.1825831431744057,0.16443918888424527
TEST_04165,2.591955241756654,1.0137751620793751,-0.6587555129552134
TEST_04166,4.683791153336809,0.9436198730985187,0.5351409005989826
TEST_04167,0.8969684036122709,0.2105862530945786,-0.12521730707221496
TEST_04168,3.8869540864844705,1.655156319034058,-0.06567859066196441
TEST_04169,2.061664723305391,-0.4536551686942626,-0.2671212612741545
TEST_04170,2.877293022872728,-0.040033669230859645,0.038291511752368265
TEST_04171,2.110951535481477,-0.34554950221609415,0.475709723920359
TEST_04172,4.319038414058581,0.41949071110697883,-0.2291752020505708
TEST_04173,1.2740076311281714,-0.4055760824597008,-0.011328121124115862
TEST_04174,1.3061079242239029,0.08730499711290156,0.593951255932412
TEST_04175,3.965031019512955,0.9534893905157935,0.33972807146137163
TEST_04176,2.0738709099049664,0.1090759065349865,-0.2880059594826541
TEST_04177,1.6173170325533175,-0.3672450906861199,-0.3667339558027512
TEST_04178,2.087165847023039,-1.4089200742741048,0.902138027499308
TEST_04179,2.6783507357302385,0.7104816366802892,-0.7766443354496082
TEST_04180,2.781493553870278,0.4906154832006336,0.7628489271126698
TEST_04181,1.5691231930887233,-0.35031425064142496,0.0840759465802174
TEST_04182,1.316320334255211,0.63795921582808,-0.17833083091276938
TEST_04183,3.7366281416853693,-0.16637107812479215,-0.30080613118770844
TEST_04184,4.019858793430433,-0.14364029181375856,0.28963363444084944
TEST_04185,3.23206086481281,-0.5716585279490691,-0.5648271946709859
TEST_04186,2.6608510136768997,-0.11021130647902515,-0.09534251802533326
TEST_04187,3.991484604866645,0.509827937320252,0.35284424921494806
TEST_04188,2.135000307682116,0.9267877036013912,0.40209585441503637
TEST_04189,3.978936126343642,-0.5041879976389738,0.926403306673295
TEST_04190,1.8297596537628087,1.1591164942383874,-0.5045304481405909
TEST_04191,2.5557097219070153,0.671529450009449,-0.22423930547609755
TEST_04192,3.574779508649199,1.4457228894767398,1.188036020761883
TEST_04193,2.7150720170799465,-0.09578821395724194,0.39615849390570057
TEST_04194,3.1108307193361635,0.28171113695935773,0.3433964177357584
TEST_04195,1.4633753134809115,-0.6053605836154458,0.46901078072330565
TEST_04196,2.061186730699247,-0.3168123090021295,0.020701415722805497
TEST_04197,1.716787136935507,0.7526665564237138,0.29638887001282826
TEST_04198,2.1752126516895527,-0.27670762201325827,-0.021839794790986324
TEST_04199,3.825583810623515,-1.6069855748472817,-0.1825199931332085
TEST_04200,3.1455490756839093,0.09168773639241799,0.3504925788992254
TEST_04201,4.260416065455881,-0.30733565828697645,0.8967415962988688
TEST_04202,1.2376409691497636,-0.4409638262254287,-0.5805100298709565
TEST_04203,2.033485605030086,1.3149818307171532,-0.6791356020289263
TEST_04204,2.635618491871147,-0.4802741312997671,-0.3932698844441544
TEST_04205,1.9556178519566305,-0.8295549733018874,0.16733416958718397
TEST_04206,3.417384384728891,0.8050877220467751,-0.5442984203536598
TEST_04207,3.7504498709531044,0.6662967107429667,0.32171047512001777
TEST_04208,2.6642717507022593,-2.050584152831444,-0.4427755110142655
TEST_04209,3.755856057023372,-0.021862789863697368,-0.07651922380793262
TEST_04210,2.1822008501643144,-0.06430673913078326,0.4556553778852526
TEST_04211,2.323068241437249,0.10042992243634545,0.0018322887381109004
TEST_04212,2.399568021888159,0.6476811114962849,0.4293307015824933
TEST_04213,1.0864508773658121,-0.09697340810616571,0.2979711292986168
TEST_04214,1.3999980381539066,0.6047569937207263,0.4615305708346695
TEST_04215,1.1114164459408544,0.4248547513980798,-0.12912597618255964
TEST_04216,3.241951116851247,0.9653090087763747,-0.9617019773327561
TEST_04217,1.6766353269126446,0.483599804847707,0.33262434998384127
TEST_04218,4.033373683856246,-0.17768136905163895,1.2469037684383832
TEST_04219,2.405999963674456,0.8091037824293007,0.9433639986498221
TEST_04220,2.4567161986219235,-0.7007180875413177,0.6451368730154164
TEST_04221,3.209587144587223,0.3400814225001473,0.3884440889888521
TEST_04222,1.3269076007137013,0.3374160931139178,0.31925048174002346
TEST_04223,3.971267848612633,-0.30816533274978936,1.1931703973884853
TEST_04224,4.063503039449041,0.09886202347230022,-0.6495123159639364
TEST_04225,2.5954243454036274,1.6942344231712694,0.5419431694519614
TEST_04226,3.3421775802029647,-0.03683321741879095,0.7651866717851995
TEST_04227,2.950778968145498,0.6499737405671164,0.7249688263964208
TEST_04228,1.9542262011833877,-0.06755493204144603,0.27497300037869454
TEST_04229,2.5686422046321793,1.6826978329347475,1.2355293191638366
TEST_04230,3.287122397528469,1.1205753590324972,0.10189683724502419
TEST_04231,2.4359709898115334,-0.21576731921968886,-0.08780961272465114
TEST_04232,1.518439826639173,-0.23270573049317594,0.5544511748250601
TEST_04233,3.38451175669801,2.0934489567330754,1.0096719686999107
TEST_04234,3.1585255681664903,0.7704067395761024,-0.8900357892965339
TEST_04235,1.4524510881744181,0.4782571947058061,0.03360657974677212
TEST_04236,1.3749610971094575,-0.6627891688950905,0.21849035836453123
TEST_04237,2.1656743478314393,0.7354335522774456,-0.2998390143164372
TEST_04238,1.2031808261215415,0.20522439664196254,0.1501756799155196
TEST_04239,3.2740695010429133,-0.8677444613785896,0.979219958145039
TEST_04240,4.680401937983781,-0.45395005522686677,-0.12438070784149585
TEST_04241,2.5204625307242847,0.7636575930989197,-0.36142141371505293
TEST_04242,1.9564166690439113,-1.203234478309724,-0.44294513971204375
TEST_04243,2.7884939763287697,-0.7261408984074517,-0.0957652621101219
TEST_04244,2.49777261841129,-1.1195010730840227,1.0212330339610505
TEST_04245,2.620675039612771,0.9798654950803469,-0.5973025559480253
TEST_04246,3.519696617532472,0.500488600265371,-0.34256799298571833
TEST_04247,2.300044938069962,0.4351487076802395,-0.5621291299278278
TEST_04248,4.808996332952491,1.9826529853657524,0.2149744688779659
TEST_04249,2.0985337235872077,0.05307962698892854,0.3161819851213853
TEST_04250,2.581880772466582,-0.027964037571337995,0.15597689709203558
TEST_04251,4.146254542687638,0.40857326620020146,-0.17292109656462645
TEST_04252,3.1176475987434125,1.594007293102923,0.29646989572174837
TEST_04253,0.7630737905922711,-0.04199128315791875,0.10423275681039956
TEST_04254,2.7182067855381544,-0.4878096045839706,1.202837276337283
TEST_04255,1.0463187037345758,-0.2843434111148523,0.22555153094041666
TEST_04256,2.7121416883507865,-0.5621243031403528,0.8689704272419756
TEST_04257,2.260446679439513,1.342762296096987,-0.5960759164921627
TEST_04258,1.8256243047546517,-1.2654119071972343,-0.4259066482095949
TEST_04259,4.096957245027811,-0.6772958911561868,-1.1004521830886902
TEST_04260,1.6126266190459573,0.18381381544529848,-0.41681466515391186
TEST_04261,1.1356594011889563,-0.50201631837062,0.12170251778753476
TEST_04262,1.7000247170949645,0.021355653223250993,0.07518347769853263
TEST_04263,4.027686931559337,-0.647906119041374,1.1918419045820343
TEST_04264,3.3650628246289744,0.28951176481880436,0.02560042051269963
TEST_04265,1.7585220120334424,0.5214194858938023,1.034970245897463
TEST_04266,1.1036541284354422,0.2551348224974352,0.4609418988031375
TEST_04267,3.5616366270217212,-0.08537228293553356,0.015857636811545364
TEST_04268,2.6527677994651677,-1.095372197719672,0.6278221137122977
TEST_04269,3.2269256939053705,0.8188377907647191,0.19647287199859287
TEST_04270,3.425338918567784,0.767521157319211,-0.3834391986326234
TEST_04271,2.435530160673652,0.49519301796865883,-0.08937151397991037
TEST_04272,2.9468165032533196,-1.35723175971211,0.26854297675757355
TEST_04273,2.330169960663716,-0.9208562044299611,0.5076587843535855
TEST_04274,1.43288792845541,-0.4757734534112839,0.10463039686613163
TEST_04275,1.440815176540485,0.05912901917922178,-0.0404102346035509
TEST_04276,2.8276500567157745,-1.9964238978838165,0.7001268698389712
TEST_04277,3.324067775275724,2.185057333598128,-0.23462200224439986
TEST_04278,3.1772269108636344,-1.6507698015778698,1.0030655359776535
TEST_04279,3.182186686519559,-1.9260248103053876,-0.6884543417074548
TEST_04280,4.372501351384084,2.4497071288470305,-0.16883162444806588
TEST_04281,2.62479690201715,-0.48646940557848883,-0.5877631826023884
TEST_04282,3.1309044130208044,-0.7918581833064213,0.874114347418568
TEST_04283,1.6695291491054163,-1.5131386103871838,-0.450194075135064
TEST_04284,1.0830996238112092,-0.38722069696209294,0.42730372590624277
TEST_04285,2.2905339581462547,0.2080551123108321,0.06993412653290634
TEST_04286,2.5356777365198826,0.2628940408662827,-0.28229240977316056
TEST_04287,2.402334654868169,1.4531942069730366,-0.865312704348199
TEST_04288,3.3024166992594606,0.2681137106689245,-0.974971239025887
TEST_04289,2.7007793736813985,0.4858189776649171,0.18775568905759688
TEST_04290,3.276048116393341,-0.4483712001393217,-0.6999742882388753
TEST_04291,2.5076532064076336,-0.15143436529614718,-0.4017022359357523
TEST_04292,3.5658702577952064,1.240080739665577,0.2652799011221867
TEST_04293,1.4228220677490284,0.018972953119307162,-0.009345538357006272
TEST_04294,1.1277826463250555,0.7525288463663395,0.46947200296474983
TEST_04295,1.3741984096561128,-0.4657573522123026,0.13673670544317218
TEST_04296,1.5342807038545472,0.38145799723070306,0.5018824696432235
TEST_04297,2.906847962402745,-1.8640912499681772,0.2650266186196294
TEST_04298,5.392719352893042,-1.006201399849285,0.8814793764433313
TEST_04299,2.1944494749523016,-0.07705999311253679,0.7276052672340877
TEST_04300,1.691624391920426,-0.29720089938828537,0.457692010613495
TEST_04301,2.0758220504107783,0.288647882943652,-0.28998912854675385
TEST_04302,1.7954552466647253,0.15135185153892733,-0.518917234094642
TEST_04303,4.416764406036127,-0.5386824736587065,0.8333549853208116
TEST_04304,3.718888462510535,-0.035782709146336425,-0.5453497484829565
TEST_04305,2.2112069780563863,-1.4652335980096263,-0.7116888015848509
TEST_04306,0.8664729134220821,0.48474890574305896,-0.10954305986615077
TEST_04307,3.871388066091132,-0.3298247669180741,0.1023793185505605
TEST_04308,2.741200731795049,-0.06632798950354969,-0.45175900411802955
TEST_04309,1.901887734011832,0.46856894078450034,0.13917537499682522
TEST_04310,1.9074565481866774,-1.3865345408530547,0.6419406181039021
TEST_04311,1.9359396565991411,0.20434323985800534,0.0950708291765993
TEST_04312,2.6329181006404196,0.8029904030644119,0.5725820550836348
TEST_04313,2.043688977270593,-0.09915902803763643,0.06649858165306259
TEST_04314,2.2509915312208033,0.1904625057674416,-0.16829980822222151
TEST_04315,2.2803191177807896,-0.0909665122440119,0.010152441313657199
TEST_04316,4.270767669988152,-2.059602870780405,0.7321645391706202
TEST_04317,1.5022253950593287,-0.30191259433083417,0.14623711476799375
TEST_04318,1.529961963219757,0.6298378932067813,0.1822115975948949
TEST_04319,4.14055647619324,-0.2741328620215985,2.219728340544146
TEST_04320,4.459551173160081,0.444632496347677,0.48739436749620013
TEST_04321,3.287823671127347,0.974812189430552,-0.05104298554489982
TEST_04322,2.8105689448840656,1.6138814655491425,0.2503187466782017
TEST_04323,1.2532759995073568,0.17249084111891888,0.1602159365048124
TEST_04324,1.6984360566398675,0.2210153632275776,0.1782951700426606
TEST_04325,0.8939610893864599,-0.29585776472160497,-0.1695573296880935
TEST_04326,1.2673325887683413,-0.34353511738386633,0.030399580826817894
TEST_04327,5.141597007430618,1.5701496630475178,0.6296194211257466
TEST_04328,4.690777267587631,1.4072278979011479,-0.9554775294856769
TEST_04329,3.326725255543868,-0.07214836555747907,0.16654198688228888
TEST_04330,1.6748195653196443,0.2539193996015494,-0.24911446947892604
TEST_04331,1.076907333100851,-0.27312188085781286,0.10907535291223414
TEST_04332,4.218505671278129,1.3708513918288108,0.7447456138721038
TEST_04333,2.1557249931553155,0.40015410486617153,-0.06355838267788388
TEST_04334,1.417666975015762,-0.4123565594861257,0.3207888742940386
TEST_04335,1.2056044017181424,0.4528749325200016,0.2078031325078175
TEST_04336,1.5217813599128023,0.41147912149616356,-0.21188276111088084
TEST_04337,1.3256601623688042,0.2558902602751032,-0.32858609163303837
TEST_04338,4.375656893454129,0.00589417072506917,-0.8494422769559343
TEST_04339,1.2680447630573908,0.5884917446520311,0.2538597157826073
TEST_04340,1.3094902834632858,0.5636049839978948,0.003165287574538193
TEST_04341,3.0092855125995164,-0.4751191917672726,0.41010564611819755
TEST_04342,1.8672357985508679,0.6332239949967583,0.1876118946201989
TEST_04343,1.2485030653614007,-0.2200398617190608,0.2895944742412417
TEST_04344,1.8953234695583319,0.12979393230796182,-0.3924361628772838
TEST_04345,4.929947713226123,-0.44542883594524907,0.8720394796504531
TEST_04346,3.180178808341835,0.045587074095667784,0.0131500345667291
TEST_04347,1.9249501418799786,0.7068993773079416,-0.38650866070673645
TEST_04348,1.6958127836792178,0.4386433750687628,0.3997419766583946
TEST_04349,0.9167911993715424,-0.1520799653541632,-0.169569542861512
TEST_04350,1.9956834801726389,0.567485589949256,0.08248137102451204
TEST_04351,2.410344857482453,-0.7432043456214211,0.5062877603827757
TEST_04352,3.808224635331955,0.9465110099027877,1.633597554773172
TEST_04353,3.861872485431623,0.6783550844073049,1.9539687950758415
TEST_04354,1.915485569383294,0.515166831153167,0.1151341696748258
TEST_04355,1.5625471715908825,0.4043034783151544,0.22858928241306636
TEST_04356,1.9173737752069122,0.8032752102225843,-0.48294741489730586
TEST_04357,1.960955663859357,0.6268879256181812,0.1320335786032437
TEST_04358,1.1800382633999555,0.5666828564350553,0.2765107258512414
TEST_04359,4.660549808160794,-0.01927543340565773,0.5356513188709399
TEST_04360,3.7436889339560335,-1.9089971158581809,1.0732336266126798
TEST_04361,3.621975215607453,2.2307017086653187,1.2964128428001007
TEST_04362,2.949439946282172,1.0801938606652113,0.7116745284473575
TEST_04363,3.3839403300015447,-0.5310213133680379,0.8258363800585954
TEST_04364,1.7824313050067033,-0.018405460699051128,-0.4053452092155421
TEST_04365,2.03523106615406,-0.4948439805101648,-0.20308843191368992
TEST_04366,1.7646211259769469,0.017894296611571252,0.06881925682667622
TEST_04367,2.754675709606382,0.13115621215152187,0.613186326464245
TEST_04368,2.577700256481078,0.5267161782359663,0.9489819980908352
TEST_04369,2.535536043285136,0.03415821611440263,-0.2197530601836898
TEST_04370,1.4209565293390642,0.3724244484230875,0.2610949245659861
TEST_04371,3.079175221976374,0.18449343091528095,-0.08275524976540208
TEST_04372,4.067611787807227,1.6311685481846614,-0.6614553699969653
TEST_04373,1.2699716634697367,-0.022758295138032278,-0.09409065570855413
TEST_04374,1.9269621936830572,1.529305853116246,-0.40496561022519867
TEST_04375,1.7329026296365018,0.19646356996179942,0.18774765838179003
TEST_04376,2.654652972152073,0.6447766514282126,1.586035407041238
TEST_04377,2.9471380545646815,0.5367919418446404,0.5920249523182382
TEST_04378,1.4825400733559906,1.1879432661471236,0.3710801400059651
TEST_04379,3.7649681797601207,0.8302848286502539,0.057486363136175854
TEST_04380,0.9855358900743529,-0.30789031685194,0.10935928578578032
TEST_04381,3.3609938732397278,0.0810154550035531,-0.16058179466302902
TEST_04382,1.814959953935681,0.20294140462869178,-0.16799177532305884
TEST_04383,2.609995541214169,-0.5863384557178168,0.6518159499142712
TEST_04384,2.1692229096281705,-0.011071748492399825,0.3845896826940151
TEST_04385,4.467034754844192,0.4332775682728231,0.31278998757419596
TEST_04386,2.6372566085772844,0.6706965217784588,-0.8328781544991753
TEST_04387,2.0945697511379344,0.3074973336052442,-0.5987095290725634
TEST_04388,2.242615070952711,-0.6156251243089449,-0.35564312014050553
TEST_04389,3.0604043729152184,-1.7543589061009126,1.3587980737425043
TEST_04390,2.427458519573809,0.6754470612017801,0.8697935770178359
TEST_04391,1.843641098759416,0.42790946409760533,0.03705649666646182
TEST_04392,3.1446854055139553,0.7355400322334057,0.9726171743846787
TEST_04393,2.7026769800861987,0.3101479388340743,0.07140588614764089
TEST_04394,3.6827218121790124,-0.757377267886949,0.5787289665354748
TEST_04395,2.381576016928283,1.086237419599352,-0.9030159109644441
TEST_04396,1.551453951577491,0.6811669141632489,0.5029071840171252
TEST_04397,1.845155797918124,0.01673627395834019,0.5056751216526127
TEST_04398,2.6169987263279384,-0.13238027863657584,0.18700738689919308
TEST_04399,5.301729000615778,0.6115308543695305,1.4093731553929123
TEST_04400,4.121474301810549,1.217197698682011,-0.08265269724355116
TEST_04401,4.531312170815524,-0.6246170156430798,-0.281229955710054
TEST_04402,4.30888504200181,-0.816474646618585,0.410137744149136
TEST_04403,3.0409670302979674,0.0650675583893882,0.4243687192918735
TEST_04404,2.235702453815601,0.3350895583216401,-1.0036069877695686
TEST_04405,1.8713016596624585,-0.39335772887481874,-0.41722102589285776
TEST_04406,2.1183107239786922,0.6819864066578589,-0.24488534605678183
TEST_04407,4.970486731743831,0.035749956300358716,0.24291799915137893
TEST_04408,1.2857661736764283,0.5473493250830925,-0.5823054911601273
TEST_04409,3.479973131108508,-0.12487936243565477,-0.1431488115804997
TEST_04410,1.1392087707429035,-0.12293259759977668,0.05867622424650669
TEST_04411,1.9495524339702375,-0.41731882870168474,-0.3252032288169693
TEST_04412,3.7110770371795927,0.9491335257683767,-1.1836867420082844
TEST_04413,2.7653377668603096,-0.24275655702853832,-0.16647745899420843
TEST_04414,1.481254820187107,0.2432101689929511,0.08065962292497027
TEST_04415,3.7973220548774362,0.13226798528975356,-0.6435889034824489
TEST_04416,2.1290565852470897,-0.7209025520352038,0.25465274559829526
TEST_04417,4.1083948947222275,-1.7015231607899417,1.9283339773648658
TEST_04418,4.635334437042716,-1.3619680771357048,0.6759142684538163
TEST_04419,2.592184536077624,0.708345653908436,-1.0409909744733787
TEST_04420,1.703243310431351,-0.3113874471087622,0.15989420596456558
TEST_04421,3.2515943785163524,-0.39827396780435015,0.3631101453285896
TEST_04422,1.1713879467775792,-0.22702051879357435,-0.1013001336230444
TEST_04423,3.721428910959635,0.5130289206278769,0.6653342301659275
TEST_04424,2.5374517563944545,-0.3401435010301159,-0.3581016935989533
TEST_04425,2.0739706660818813,-0.7084522904718947,0.5886483564852949
TEST_04426,2.2579421200616103,0.06700039751603451,0.4023555307764271
TEST_04427,4.2314250992688525,-0.18419188584702892,0.9833628335766694
TEST_04428,3.1910784798279415,0.17309899979066465,0.15595019261428839
TEST_04429,4.9984857835265,1.367250899852396,-0.19997895309491417
TEST_04430,5.313489340129139,-1.7366226741705824,-0.9369868808499037
TEST_04431,1.9867397174657488,-1.2206908700204568,-0.5398003521538006
TEST_04432,3.33941595607601,-0.6066709372240944,1.5654290469490746
TEST_04433,3.814213848998377,0.13034687259765387,0.7712403120473701
TEST_04434,2.9558620479182878,-0.4088976709232643,1.0034140397254843
TEST_04435,1.4001395552921467,-0.11929800308988373,-0.052105220512739706
TEST_04436,1.9201881126123332,-0.12491915259722373,0.688464335895036
TEST_04437,1.6396048347656327,-1.073072960567172,0.2785697052960201
TEST_04438,1.9965065240311028,0.1452047939470685,0.4595329102811555
TEST_04439,3.9871038679400326,-1.565132481329908,1.4459535167513122
TEST_04440,2.45345410974021,-0.9511769733221012,0.5610796934594695
TEST_04441,1.3960925549136727,0.4728467818499895,0.14338210788917374
TEST_04442,3.852667044979342,0.2814693176741371,-0.8711042875230974
TEST_04443,3.695263623708041,-1.3109648930762527,-0.32383737245559197
TEST_04444,2.3989545876950555,0.5826966226111004,0.4015126920087368
TEST_04445,2.3646056411450496,-0.027971326142298802,0.07808025741611947
TEST_04446,1.648986380268764,0.4296503771733622,-0.19309057741623611
TEST_04447,4.236945639396873,1.4115615407696018,1.0011558487045746
TEST_04448,4.294711953671738,1.6247410323315856,1.5036937690598149
TEST_04449,3.2781010087069773,-0.34987821859368207,-0.5030914954573765
TEST_04450,1.2704774673759678,-0.05197865579975726,0.19397995927046424
TEST_04451,3.02197264224773,0.5409338322621761,0.15236702882208303
TEST_04452,4.731759371997188,-0.21063034645804227,1.614643349718265
TEST_04453,2.318360222718604,0.08367809644398794,0.3878263547973657
TEST_04454,2.3084440342250168,-1.5287199291613922,1.416737478678367
TEST_04455,1.8593021037301376,1.0445224932095272,0.13764412972825021
TEST_04456,3.3954479614830126,-0.3670509496624188,1.0301220793099857
TEST_04457,2.290058204860207,0.07905861205219182,0.10625248200403392
TEST_04458,2.7175976181867867,0.2214124637883025,-0.11660924503255107
TEST_04459,4.608134059899674,-1.4419604016566634,1.040852140646965
TEST_04460,2.4527127138197136,-0.18564564318353022,-0.6948971138137282
TEST_04461,3.1861577033933415,-0.46855656415867747,0.7682758698275416
TEST_04462,2.0272850623963516,-0.22569171302396324,0.14493177832764315
TEST_04463,1.8591697824162572,0.023782377609998743,0.5864139883689857
TEST_04464,4.289014809496545,0.29549357537978027,0.6941322456619068
TEST_04465,4.284428067068229,-1.6571873759188098,-0.31412452016001186
TEST_04466,2.0962390603500345,-0.061636967391504045,0.2995456699440037
TEST_04467,3.6629546854666355,-0.7944197512698614,-0.5928508356238749
TEST_04468,2.5749846024108916,-0.8088016684049828,0.48290018266492185
TEST_04469,2.636032800848422,0.08740286002555163,0.8044356301554302
TEST_04470,2.3037081353796305,-0.10413311362915993,0.6273000770522502
TEST_04471,1.2675095935113128,-0.5993084929484751,0.21347946175749924
TEST_04472,1.2093741936518279,0.48513763945675664,0.023188208529436732
TEST_04473,2.2262303795618803,-1.0300568773258536,0.8704906922703867
TEST_04474,1.5202564036348212,-0.2074085794805631,0.10784450087425897
TEST_04475,2.3374581541345876,0.7286101882998088,0.5292543646539927
TEST_04476,2.8794933360697796,0.43591170591669814,0.8314578565699652
TEST_04477,3.068265078254713,-0.24026480818550672,0.9739828760607591
TEST_04478,2.942727353758255,-0.8794405077727788,0.7709067169048226
TEST_04479,4.218663867706756,-0.18258633149901446,-0.08727488869244657
TEST_04480,4.366720410573646,0.5103121006518669,1.4719930206969165
TEST_04481,1.395284493111451,-0.20630774912760785,-0.11221929313561806
TEST_04482,2.4851106512135313,1.457053433615889,1.6173932125530486
TEST_04483,2.423424522763606,-0.978537669689805,-0.8681951117536493
TEST_04484,2.1191228131356237,-0.29777467775653277,0.07559277581036611
TEST_04485,0.9422113537554782,-0.00999816014613531,0.302491851114668
TEST_04486,3.7983782395726626,0.4932162539586067,-0.6647091912600015
TEST_04487,4.234669738641831,-0.6890046782240538,0.2173184754601203
TEST_04488,4.597419180278506,0.44430501414694734,0.24315561759279966
TEST_04489,3.1682962920539675,-0.0871489549565028,-0.0818657431330277
TEST_04490,2.5931339761852974,0.2622629733485232,0.5929146029694151
TEST_04491,2.8650233686210997,0.19208626073217663,0.5142929866827344
TEST_04492,4.635976973502046,-0.792500794577288,0.758964769645253
TEST_04493,2.5537274627790008,0.031279757996129,0.011867554432070868
TEST_04494,2.2075772913231333,-0.18151777319407864,0.01523626327697249
TEST_04495,1.4564018054489651,0.8330022326493355,-0.19982651292372766
TEST_04496,2.968125078735702,-0.047768744253435205,1.3287504893114779
TEST_04497,3.5397923173159382,-1.8492816974375603,1.8297915358498429
TEST_04498,5.081583387935494,0.6369914787305975,1.6262890646945978
TEST_04499,1.9913813121536028,1.2281180083112164,-0.42960205715092015
TEST_04500,3.0429301339669586,0.3564092137069061,0.5123894973118436
TEST_04501,1.1725830758758495,0.07359927618425556,-0.12512628892316
TEST_04502,1.9486965997261954,-0.279601014109179,0.498008852532813
TEST_04503,2.205536229636796,0.11257986965799324,0.594203430211401
TEST_04504,2.7146370051558697,-0.1375531873825311,-0.6001371936935075
TEST_04505,2.764741868866223,0.9495562125517584,1.0461190257624062
TEST_04506,1.5496477834374962,0.5112579112437525,0.3108444069253744
TEST_04507,2.0733546527639515,0.5166645084870092,-0.1465053379790349
TEST_04508,2.795765000469307,0.339095510900121,0.6317281196710858
TEST_04509,3.3176087151391935,0.48966917540689936,-1.170486411347827
TEST_04510,2.686278835245041,-1.1668737945119112,0.7205368844609169
TEST_04511,1.1441086851101976,-0.40925729512199094,-0.11163615291690972
TEST_04512,2.2071339165262125,0.7395051603174114,-0.30787610090593287
TEST_04513,2.0811031211149262,0.05762068538528614,0.3056849248183417
TEST_04514,3.0615621287682115,0.14319666454442792,0.012672115882663548
TEST_04515,0.9827054838775096,0.49590045582001674,0.07155568757867328
TEST_04516,2.9075269123186813,0.713804129254226,0.4514552647101602
TEST_04517,1.4657562900434837,0.39416182231770014,0.4002036150633601
TEST_04518,3.513046863246803,0.4413870505938209,0.8809028269176769
TEST_04519,5.468870034119768,-1.0208849951555605,-0.9387449719718273
TEST_04520,1.9356515572555248,0.9515759142649064,-0.1708683573650139
TEST_04521,1.6588634546511363,-0.677264133331124,-0.19297450199465688
TEST_04522,2.601588669259079,-1.4340160247598153,1.3571918825594602
TEST_04523,3.3061616169753596,1.9269062242757664,0.14300266003071233
TEST_04524,3.6452615689961947,1.1607303171902321,-0.527822117705591
TEST_04525,1.8238287322375153,-0.08976696709320123,-0.03497930494016302
TEST_04526,2.9553762442793357,0.29467605824138765,-0.3120898126953321
TEST_04527,2.8879385049002146,-0.5963875686140109,1.3262533681823052
TEST_04528,2.7561888528750353,1.1239732795781157,-0.48489303549293894
TEST_04529,1.972790360649678,0.43930406410465267,0.0653068338348136
TEST_04530,2.5712018207825595,0.4706302868872179,-0.31222687948200784
TEST_04531,1.153528188858314,-0.12277489297525446,-0.3126494606622571
TEST_04532,2.6673765844253694,-0.5975282559510358,-0.9616504848939745
TEST_04533,0.9305172291137982,-0.055287826683481915,0.19349647391737
TEST_04534,1.6032552413853556,0.23800724922682528,0.21935416326923846
TEST_04535,4.1435014144486155,0.365267842488976,-0.12936032090403346
TEST_04536,3.2145457901737613,-0.8681345684429844,-0.6542914804503405
TEST_04537,3.5811441180915486,-0.353336328777245,0.7440488774173405
TEST_04538,2.978624902490364,-0.9046476331117599,-0.3337790521835792
TEST_04539,2.1418278143052,0.13277265288460827,-0.7303818858199282
TEST_04540,1.5824930714738878,-0.6860587667900218,-0.13614096579882642
TEST_04541,2.3011811958301918,-0.01114135780918169,-0.3338631109452196
TEST_04542,1.5471450186186049,-0.380175848684601,0.43598622282358496
TEST_04543,2.302069759238972,-0.4127295502788811,-0.6265337654699203
TEST_04544,3.776064880010988,0.5392873809481538,-0.22457523751451372
TEST_04545,4.439276873390355,1.590286826764371,1.6848758718712036
TEST_04546,1.2485537450887947,0.19766534867742025,0.04023739305598498
TEST_04547,3.9411573786592085,-0.5072675438257269,0.6762809598417194
TEST_04548,2.8214221160714215,0.5936690990989582,0.20553904620909472
TEST_04549,2.634788358623796,-1.2488317914324993,0.20973801049493018
TEST_04550,1.9530821160748295,-0.4909318761433878,0.6153796152110105
TEST_04551,1.400940782518556,0.1928154475391578,0.03334254538873851
TEST_04552,1.724382733942493,-0.6588849685880834,0.04713014563683585
TEST_04553,3.6646709293328454,2.080762690330633,0.7066788912668018
TEST_04554,3.6928049982800677,0.30609966662513516,0.33191236761681786
TEST_04555,0.7412538305406466,0.3716886435694311,-0.22944103815965836
TEST_04556,2.755907954195703,1.1227422362351696,-0.7807526822599224
TEST_04557,2.8804411304369326,0.9782465063121286,-0.6293251001656325
TEST_04558,2.3046349074862436,0.8143397428419065,0.3305852131639501
TEST_04559,5.627648499504971,1.5690792362850732,-0.5313985245774245
TEST_04560,2.879330339694782,2.3828347098586886,-0.10259256319435281
TEST_04561,1.5354224314589666,0.2975788231584199,-0.4739135180997693
TEST_04562,3.708702331195505,-0.5031908837835656,0.6456544482802546
TEST_04563,2.4027533506963463,-1.6557843544413504,1.2262294848079969
TEST_04564,3.0993723925548693,0.2281748256394123,1.4605225199083802
TEST_04565,1.0990613206270634,-0.2037286212801911,0.3317171220347223
TEST_04566,2.759761834686552,-0.08322131925842541,0.8448851671337961
TEST_04567,2.8978805305882633,0.6245681376429486,0.7051707012568942
TEST_04568,4.717012285791269,-1.6951854395623096,0.9589166788315625
TEST_04569,2.521360690528303,0.7025788297951658,-0.13540198990757712
TEST_04570,2.013038330633661,0.5848366579194553,-0.31377573465533765
TEST_04571,2.820253067248566,-0.2669650392778545,0.7926360155726879
TEST_04572,2.4100070649126937,0.1862312054425661,-0.7590556118688813
TEST_04573,1.5437445613821168,0.18175877010729993,0.022357302664839495
TEST_04574,2.2581928948697976,0.11109953196622693,0.4057164874476103
TEST_04575,1.4482318449630143,0.5070501077855175,0.2853084766118954
TEST_04576,3.1254549191965766,-0.1764377762067353,1.0445494599275094
TEST_04577,3.2807491784933647,-0.06805703200784717,0.6508510062375076
TEST_04578,4.868152002154111,-0.6362232478681863,-1.158949341778951
TEST_04579,1.7299295957868588,0.33733329709512144,0.532012210481041
TEST_04580,2.4253206558941134,0.09197737902185336,0.005179210841127068
TEST_04581,3.4833534081322357,0.29994695378362046,-0.6968465603042306
TEST_04582,1.6196277616748114,-0.5566640382156504,-0.49763257555666085
TEST_04583,2.0581849093651834,0.6413888026002142,-0.3689892389181882
TEST_04584,3.084960042015857,-0.5351348413743663,-0.5124412768831159
TEST_04585,2.140766671312802,-1.7416277535634603,-0.4750600897127249
TEST_04586,1.924972842639338,0.14445467303715354,0.20723200434922123
TEST_04587,2.5274402685418362,-0.31841454025986554,-0.3845144465493707
TEST_04588,2.3525238086279785,-0.8318573134631416,0.09683152637933899
TEST_04589,2.8252891869164087,1.1762398434258703,0.5290949526555584
TEST_04590,5.099649745186016,1.495328341361392,-0.021700609965484043
TEST_04591,2.15736375795797,0.23699604903171737,-0.09714326722607115
TEST_04592,2.276489474827632,-1.263499833916555,0.03695614169015972
TEST_04593,3.535686225567795,0.7265778226494114,-0.30730374298545815
TEST_04594,1.7843598106525929,-0.05147922284756702,0.2568297234598589
TEST_04595,1.0637382986352577,-0.3352560430103009,0.4228497949220699
TEST_04596,2.2168396964646226,0.6573398484496445,-0.12270133606039599
TEST_04597,3.4954975324249897,-0.8957354188152336,0.7805490671755448
TEST_04598,1.301072314825795,0.34744633471004605,-0.05513528706757581
TEST_04599,5.490641251292915,-0.2137601702004193,-0.2479625263262818
TEST_04600,3.888101064532337,0.3621170901743234,-1.030143232471976
TEST_04601,4.537509499177883,-2.1461263218602444,-0.31951122400124493
TEST_04602,1.8860436705641987,1.1018638914574863,0.1763566257290331
TEST_04603,3.484875594811105,-0.8729135613353045,-0.07496993084791499
TEST_04604,1.4332338527214963,-0.13265524319697006,0.5105306403647162
TEST_04605,2.615709741324699,-0.027393063915677834,-0.6597150957106849
TEST_04606,2.9389490669182035,-0.6838714705317979,-0.6720449164559111
TEST_04607,3.1870581424948226,0.9245820211354154,-0.6963072885460481
TEST_04608,4.221317211917978,-0.6708849032369681,0.5346569319225987
TEST_04609,3.4056251114636065,0.17272559538557813,0.4680280428890784
TEST_04610,2.9334069174588766,0.31963094283313837,-0.2919332119321999
TEST_04611,2.628900859364206,-0.01001135785493588,-0.21420977586049975
TEST_04612,4.623944926702885,0.14409741050372016,1.2393281765845834
TEST_04613,1.3762641767353767,0.09357471501493465,-0.03987968495198414
TEST_04614,1.7947516102341714,1.1374553667086944,0.3340181817168283
TEST_04615,4.063471193666587,-0.8425979604369334,-0.6391775467184029
TEST_04616,1.7370676172923512,0.25191731072528895,-0.24482040080972062
TEST_04617,2.888491694427058,0.06185669732576239,0.9364608872208965
TEST_04618,4.733896891425951,-0.7680058286530651,0.4967336619291089
TEST_04619,2.2482861397988905,-0.4221219422610792,0.10897172094550098
TEST_04620,2.8332623336181486,0.20116654523475014,-0.008414524319960724
TEST_04621,0.7706346431975437,0.14325787136212825,0.08456205309881085
TEST_04622,1.72322114468298,0.49093367463728005,0.5246245611085532
TEST_04623,3.3227280728389283,-0.26190843184453394,1.0990166824000476
TEST_04624,3.279227016620753,-0.042715384192727794,-0.14359508260608225
TEST_04625,2.6980267891093,-0.6942230743081321,1.5189682689332167
TEST_04626,2.6376047059327683,-0.2877676707504292,-0.3937504969943632
TEST_04627,3.9637725635023786,-0.13036012917549597,-0.13753782246202473
TEST_04628,1.7526575132058608,-0.22886419614774237,-0.022720907126456115
TEST_04629,2.010734336783868,-1.0867101499218816,0.3655722357036035
TEST_04630,1.14619627535964,0.09083382156823425,0.29623478098754774
TEST_04631,1.5221855959140815,-0.7290667803210912,0.4540602674710435
TEST_04632,3.3317098310944466,0.47699116642017814,0.1627907026157452
TEST_04633,1.7096378654438458,0.5224517197477057,-0.23886274661147025
TEST_04634,1.723283050065551,-0.3850387893377055,0.19795325944290385
TEST_04635,1.0542992734761694,0.6065746844821547,-0.3577348530241381
TEST_04636,3.91482791001532,1.870377814327103,-0.7828682387409444
TEST_04637,2.3721541703359055,-0.45806410515790075,0.05056079027935638
TEST_04638,1.3183891047193346,0.7256410248334842,0.1762645679823867
TEST_04639,3.433788455085878,-1.11300451457528,-1.2228732940759373
TEST_04640,4.782052777528332,2.3063796749438645,1.0623131397733891
TEST_04641,2.7919697001736745,0.2739705517183159,0.5580394426361246
TEST_04642,2.745932748932624,-1.3873462014251545,0.16862974936305591
TEST_04643,3.7083354024076343,-2.2559258926472374,0.16491832882502416
TEST_04644,3.4011525110077283,-0.7107191481310307,-0.8616443941958578
TEST_04645,2.8124546145129297,-0.6695676418256218,0.1904422510933224
TEST_04646,1.5362074623577555,0.2690518250879381,-0.23413000365157627
TEST_04647,1.9209664847919972,-0.2383759035057161,-0.11331123361777586
TEST_04648,2.8571672577348757,0.5235490531013176,-0.4739997594246529
TEST_04649,4.052067443785527,0.6198866694010834,-0.5339453675832724
TEST_04650,2.7802303148136964,0.6302220270352695,0.26105676239350833
TEST_04651,2.498378598512579,0.1926847001412482,-0.530231436672187
TEST_04652,4.293015194713511,0.7051440719942925,-0.3356726428241529
TEST_04653,2.343682566008517,-0.04331947527326266,0.20877257691188283
TEST_04654,2.009675317467264,1.6321460514963713,-0.1608203127959467
TEST_04655,3.2076927346779787,-0.5880530573613962,-0.7418994744331914
TEST_04656,1.972803758076768,-0.04652637007035235,-0.35148318507282067
TEST_04657,3.293899500281175,0.5024269202426971,-0.2672409412140411
TEST_04658,3.847918539589996,0.5493330714225791,-0.83916041194284
TEST_04659,1.5450738220372324,-0.515446216879383,-0.16109357744026975
TEST_04660,0.9804563336702994,-0.1819429573858006,-0.10692846836494953
TEST_04661,2.052986819263912,-0.03624449482114897,0.550032825232173
TEST_04662,2.084721370140569,-0.6704848101458586,0.02415510238288357
TEST_04663,3.832421286857877,0.20543351253552689,-0.10262060981927831
TEST_04664,3.9980797168072666,-0.5381100722502784,0.7139206874210853
TEST_04665,4.104263860917991,1.197058047807868,0.08804562110584509
TEST_04666,1.7848467524626315,-0.5657459155202048,-0.7925732406035526
TEST_04667,3.38662145204002,-0.18890218775589815,-0.07242089134390747
TEST_04668,2.7983909142296675,0.20017432127794557,-0.14404196517141596
TEST_04669,2.8751855017219237,0.23692726567843125,-0.5673460599794805
TEST_04670,5.037588424633966,-1.1743323604708371,1.179270995550127
TEST_04671,1.303605108272839,0.3305191638296567,0.167514361812927
TEST_04672,3.0930529159870086,-1.354899106221158,1.514409561013075
TEST_04673,2.562108207587046,0.47747945211014836,0.36933149540470195
TEST_04674,2.9352918183501666,0.14325169993122042,-0.04812077606926961
TEST_04675,2.4198813681906866,0.9760815416097306,0.5810713098588723
TEST_04676,2.2336912560557125,0.18459324261874308,-0.05670687093052447
TEST_04677,2.2110944614676726,0.5176002334210505,0.02773412626530485
TEST_04678,2.17725387787142,-1.138316251908603,-0.5261226859384175
TEST_04679,4.971015634057732,-1.5932581666300578,2.1569323035615295
TEST_04680,2.2616318371834936,1.8068372743991652,-0.3788431696076705
TEST_04681,5.054896777845668,0.9288372696982088,0.9575382127450373
TEST_04682,4.9086068617832215,-0.03632648824206644,-0.8155489166469876
TEST_04683,2.6108374264541654,0.712200861653334,0.20912528497277735
TEST_04684,1.7990438268621143,-0.3327269408813279,0.7024092920052085
TEST_04685,3.060254544785915,-0.04621868780159532,0.0641623238835214
TEST_04686,3.9060088448554375,0.36349244968118116,-0.21920930012169598
TEST_04687,1.322796638005092,0.2630499868834074,-0.45756298054263567
TEST_04688,2.495485170710028,1.3232183315473471,-0.9721768724631493
TEST_04689,2.378588602345489,0.32170933616318953,0.09440367162265327
TEST_04690,2.55985810342922,0.7425668368383014,0.47221003156144475
TEST_04691,2.931982688926355,-0.1511742294511644,0.6508854540106903
TEST_04692,4.035468238853719,-1.180705814962798,0.5136766382209307
TEST_04693,1.3149038529016572,-0.4522238786682998,0.42549540664624935
TEST_04694,3.20941563986362,0.05845906045323849,0.5456090128513168
TEST_04695,2.7188579738257403,0.18825353830696231,0.21208617071180633
TEST_04696,2.706288013849425,0.5529910722678802,0.007400340074584635
TEST_04697,1.470927436849262,0.045454932125779154,0.21521382000215028
TEST_04698,4.364859807712343,0.06287633560691022,0.830771571257775
TEST_04699,4.624484116826212,-1.49985080197958,1.4154940364830473
TEST_04700,2.860620034664722,-0.5048450761112793,0.4891550200350172
TEST_04701,1.4994405769441432,-0.3862619846641304,-0.11017130658115122
TEST_04702,1.3609014473314072,0.3309497813076467,0.36942088444669385
TEST_04703,1.515132668822739,0.09410934295665536,-0.19374879378523743
TEST_04704,1.236857359184203,-0.5538557455192916,-0.27450694282247184
TEST_04705,1.9815261612092825,-1.5749421406773079,0.9904436423417792
TEST_04706,0.9772505855045654,0.03201054546133758,0.3308126856436162
TEST_04707,1.7283488168780878,-0.7125700828483273,0.02317253217373202
TEST_04708,2.527614057817329,0.0038359362702424524,-0.20120019516835905
TEST_04709,3.341104003223133,-0.061099658484167985,1.4355756511540532
TEST_04710,4.24087604299145,-1.1402130337526935,0.060521583732024826
TEST_04711,1.7027248210262855,-0.30924608084069344,0.18101356505050833
TEST_04712,1.8416382731894712,0.40150531517677696,0.5299457621650787
TEST_04713,2.348566420431653,0.461590012211783,0.023823204420978912
TEST_04714,1.2310652927872328,0.11227287559396533,-0.10151153889350618
TEST_04715,1.5499337748847644,0.38319979199946824,0.33607889827961746
TEST_04716,3.790773766650286,-0.293419376430629,0.0814254472899815
TEST_04717,1.7409560030538052,0.019341768702407208,0.16811376944363138
TEST_04718,1.9956626605050234,0.3902333071059486,0.9132171438470503
TEST_04719,4.16105873432007,-0.5575139177889443,0.6002639871057087
TEST_04720,4.047202730275763,-1.276957785733769,-0.5749326703851887
TEST_04721,3.502899862229197,2.2755233669465516,-0.49274556108822376
TEST_04722,1.7139431180013471,-0.7702898981098835,-0.5712995321489345
TEST_04723,1.4766019336072922,1.079605386104041,0.42374222562765057
TEST_04724,2.7557957441267127,0.6639030871157411,-0.3552278389616605
TEST_04725,2.791734812850355,0.23376610877337625,0.5651717355168769
TEST_04726,3.4909117597724073,-0.013722145712830945,0.16221868654273627
TEST_04727,2.474761277746852,0.5376929509973793,0.8726285094963592
TEST_04728,2.535120819215385,-1.6296057163649578,0.5707375132018798
TEST_04729,2.862414500112754,0.4152990879399974,0.0975893512850892
TEST_04730,1.0699504509559155,0.07659386851257542,-0.22730260434534602
TEST_04731,3.8244752944681366,0.08945956617067485,0.356191994663644
TEST_04732,2.854167863554108,-0.794907107072113,0.7133045642201785
TEST_04733,2.240038181972447,-0.3039718897013319,0.6222857850289119
TEST_04734,1.918944152518054,1.550050314627177,-0.3188275453797025
TEST_04735,3.98976646652478,1.3470047325161678,-0.4704842379960184
TEST_04736,2.8665034259496247,0.020409624802701705,0.9292393252110592
TEST_04737,2.9978740044225267,0.027073704053532696,0.1583101873310782
TEST_04738,2.3699875650461104,0.097842170999965,0.4081522828229089
TEST_04739,1.2467924747308343,-0.42267150485727584,0.15703880170913345
TEST_04740,1.4251699859748,0.26015983807220705,-0.14844806355685214
TEST_04741,1.05001546200627,0.13400305556469086,-0.3507086936294259
TEST_04742,1.9899492342809102,-0.20971648553678432,0.3200181754623598
TEST_04743,2.1540995728506043,-0.7373828950313511,-0.8238869571958088
TEST_04744,2.893534081048358,-0.34188256357181945,-0.037509015876643806
TEST_04745,1.4952806909313188,-0.08767879192329456,0.4723391535838525
TEST_04746,1.2335727916468275,-0.022410625565552067,-0.16228312065092962
TEST_04747,2.3400867963600183,-0.08466765517716351,0.0758609117543143
TEST_04748,2.7862940670079586,1.0249344414578163,0.3110903001435641
TEST_04749,3.3745341212770734,-0.44722749306255327,-0.3306783665351433
TEST_04750,4.157709379621985,-0.10217397604613945,0.7655438262136344
TEST_04751,1.2811526779837696,-0.7082645427033721,0.06783636441847579
TEST_04752,2.1557624140573366,-1.3314499938180544,-0.8045015887303879
TEST_04753,2.5234177626486463,0.8055211381033276,1.075982357945269
TEST_04754,2.255399368937092,0.30345120840648926,-0.005511573659073438
TEST_04755,1.4666515456818416,0.44358471397650534,0.24456022905300828
TEST_04756,3.4715951772034774,-1.2496668438230047,1.4883587458202063
TEST_04757,1.8284642700397482,-0.23119749395175246,0.32116899860871806
TEST_04758,3.014847957092672,-0.38813410300779205,1.154468681114865
TEST_04759,3.856001375206099,0.37108899176357996,2.1419375270188907
TEST_04760,2.0215596585650824,-0.8349148220695299,0.26282066136691107
TEST_04761,2.5232714345950606,2.262156571577436,-0.6212885867839771
TEST_04762,1.7257096589551641,0.4718095519886986,-0.7182111762550039
TEST_04763,3.136172309614737,1.489129529072194,-1.2434576923607807
TEST_04764,2.5388335550979733,0.08305401159098728,-0.5121821416027236
TEST_04765,1.0326513480304693,0.10855234777239048,-0.20166118278305853
TEST_04766,4.446246194079033,-1.0198150213312362,0.5235541433951315
TEST_04767,1.3151117649595863,0.7044323920489126,0.4823291877140003
TEST_04768,3.242370354635924,2.23869436280811,1.6097932263578631
TEST_04769,1.8700716590680708,0.1064277678786261,-0.08205044323427882
TEST_04770,2.254573822127685,0.18375914547866812,0.2996108459287375
TEST_04771,1.0693519236114157,-0.41799139467429985,0.11505975994094081
TEST_04772,1.1519147753413361,0.536201783251295,-0.5789284862979709
TEST_04773,2.305477702484288,-0.8191829862745367,0.13830650558323837
TEST_04774,1.8954491100910564,0.6663796202751219,-0.1849320927890507
TEST_04775,2.760658254798078,0.506505143259217,-0.10182331676415543
TEST_04776,1.8401378946963953,-0.07110555192350286,0.8274996496299909
TEST_04777,1.9795997832161658,-0.886574782802773,-0.013978164711767804
TEST_04778,1.7742248224664041,0.3583687815738193,0.5814624749608986
TEST_04779,2.238521739150425,-0.42415210542737497,0.24293066291000745
TEST_04780,1.4855078797767485,-0.6871229064705145,0.47720936558396576
TEST_04781,3.3631042941197373,-0.5419275730290265,-0.10255026508707746
TEST_04782,1.8519821928533744,-0.2797056173575373,-0.5684572512853545
TEST_04783,3.0992897583993675,-0.41071863912361817,1.2405318002547892
TEST_04784,3.26476755312814,0.20062454434878385,0.21581968024212853
TEST_04785,2.821950604443519,1.7700493656460843,-0.5858271273708622
TEST_04786,2.8221261731475185,-0.5770744436886439,0.28326663455265555
TEST_04787,1.6526803091096591,0.3195708930402512,0.37382863525907595
TEST_04788,3.4494345092760694,0.19360160904586604,-0.09695279734153214
TEST_04789,4.698936599420483,-0.4149927982739022,0.4041782319145999
TEST_04790,3.580556385306135,1.185303415875895,-0.25531652558135315
TEST_04791,2.172236928711194,0.05570651798022255,0.6092246955379177
TEST_04792,3.3262316227128457,-1.3088138075064129,0.5674541503437471
TEST_04793,2.963224671194255,-0.008707034893579348,0.9794925459553472
TEST_04794,2.1287211165906483,-0.22343307654083538,0.028515664554225145
TEST_04795,0.8346036900644928,0.0024237189326563506,-0.03828433632836703
TEST_04796,3.547857417957142,-0.859369782204184,0.5186447780376097
TEST_04797,1.8766144424354745,0.26192339360336336,0.5104433510437664
TEST_04798,2.158643032533942,-1.1850414192074206,0.6443622452771476
TEST_04799,5.023702058813923,0.060708771553284004,1.6816610328190127
TEST_04800,5.007721673474889,-0.221932393828794,0.6163979974229856
TEST_04801,4.852557865200329,-2.4343197445762588,-0.958742678395461
TEST_04802,1.3582947766767326,0.8877663858827081,-0.19202339866217139
TEST_04803,2.383333047441084,-0.9826239943575051,-0.2523236684197052
TEST_04804,2.133836211402462,0.18335197729501884,-0.14740961431389815
TEST_04805,1.1245715040536428,-0.18017584101115655,0.1914504416104343
TEST_04806,2.448248541945487,0.028473328708902228,0.15564320317512564
TEST_04807,4.061351263939915,-1.0041631282240415,-0.629262387876472
TEST_04808,5.873731827149963,-2.26734310191665,0.5980899784780226
TEST_04809,1.7966384640273236,0.4539344399073648,-0.3073085690104207
TEST_04810,2.0594748815901256,-0.4291616638979186,-0.5468957833214974
TEST_04811,2.090368108553906,0.10590828336068873,-0.4733758784016061
TEST_04812,3.0066242779404266,1.3215293393745176,0.4582190671158359
TEST_04813,1.029891826855857,0.11137507947198136,-0.22262205407862526
TEST_04814,3.8917126944878793,-0.16962388255948346,1.175988246705567
TEST_04815,3.9160512840283888,0.3439459634690444,0.41493040701001627
TEST_04816,1.3977950408531408,-0.7321227756349561,0.40789939857620633
TEST_04817,1.647246919950831,-0.38727568799751577,0.6043912249776279
TEST_04818,4.7650573038854125,0.6764654685853199,1.5730075100053464
TEST_04819,0.8056088343222986,-0.04843280850549975,0.17794550547975904
TEST_04820,1.3263142885648813,0.6223828402410931,-0.037957189017463616
TEST_04821,1.1568256388309177,-0.229414937782473,-0.07442897971557039
TEST_04822,1.492503360320501,-0.012784322024673219,-0.20491280861071137
TEST_04823,3.750281214103356,0.06500357413138112,0.21379699595182178
TEST_04824,1.6074282452516107,0.45576166332779106,0.5461597461228355
TEST_04825,1.7825691333586062,-1.10082096105448,0.22528338198808093
TEST_04826,2.5643358378264716,0.3355912083858352,0.12674512547364897
TEST_04827,1.753429434922439,-0.2945951769256775,-0.581125026962781
TEST_04828,2.7563289404451585,0.9166102166164533,-0.8265494938985659
TEST_04829,3.459421042360405,-0.6580822411468077,-0.9069115928106907
TEST_04830,4.5654025308789805,-0.06710267605509813,-0.7617621611007395
TEST_04831,1.3785758665942325,0.07977532812817274,0.045547889007680795
TEST_04832,3.19993569094134,0.5397128589562825,-0.42505006253893346
TEST_04833,3.700621268639001,0.6045340647127908,0.6758822128453936
TEST_04834,2.384816220285854,0.1677054469283008,-0.009805864041660544
TEST_04835,2.409691638715425,0.16522985620677452,0.3879651026405791
TEST_04836,3.614525175888131,-0.37486240443426116,0.8503649208380127
TEST_04837,1.7619010362505998,-0.1705319482592966,-0.13061426007499038
TEST_04838,2.110102366870505,-0.9528948348244415,0.08304704947725786
TEST_04839,5.353658588558121,0.961771455324863,1.2818196957030275
TEST_04840,2.096409914166379,-0.7000520029043966,-0.1867692358989425
TEST_04841,2.936843678955281,-1.3349235615972246,-0.07999945867538748
TEST_04842,1.8305972921265747,0.17412506652678364,0.11085526584750713
TEST_04843,1.9471106812024435,-0.32503047174373445,-0.7694053477710363
TEST_04844,2.5472465083290534,0.31202195177189895,0.2646874753954532
TEST_04845,2.2650050654933347,-0.3277909551511479,-0.24189411840015015
TEST_04846,2.22747558929502,0.3525929392574478,-0.3025353439013515
TEST_04847,4.080203826453989,-0.7310194080906053,0.45140381509453226
TEST_04848,4.06983652584278,-0.31866477390921555,-0.6667752058097757
TEST_04849,1.8767195998623998,0.09624888432056937,-0.04125689563744542
TEST_04850,2.0948394533706876,0.24102046277346306,-0.2685223542995146
TEST_04851,1.7958213840466686,0.08169832321363941,-0.0274182653360635
TEST_04852,1.62845462291922,-0.22064897301589673,0.20131847290329086
TEST_04853,1.044380117528072,0.1958270573623471,0.03741470935562958
TEST_04854,1.0232667971208382,0.3332731910633858,0.17656245139241492
TEST_04855,1.1759306449089317,0.6246283208339996,-0.197237193628071
TEST_04856,3.3896960963432123,0.6533555755274889,1.5352777441795908
TEST_04857,4.273743115701932,1.5096741196973038,0.15615818812868365
TEST_04858,2.182082995933782,0.1341583271823084,-0.0002984104318503579
TEST_04859,4.3679544834735475,0.9438550153482377,1.0478186593486545
TEST_04860,2.86656911151477,-0.8886007039916579,0.6712369400616808
TEST_04861,1.7014551625041525,0.016747047386942167,-0.3494160719195971
TEST_04862,1.311385796846141,0.3690568137417437,-0.042189952397710576
TEST_04863,3.2084733403824526,-0.6245346431743469,0.7998542111820206
TEST_04864,1.7821154651823554,0.6419449851390825,-0.004483875988457524
TEST_04865,3.0643755560400923,0.723490269775677,0.35342747782269046
TEST_04866,3.189504177160677,0.027613989719513253,-0.07750429832497722
TEST_04867,1.476011346822432,0.6388731394250098,-0.05865142318296178
TEST_04868,2.976922956522288,0.026698473182420395,-0.04685168138242604
TEST_04869,4.594254926201144,0.24512796949058974,-0.692939954522739
TEST_04870,2.4994339554824117,-0.45911473564227434,-0.21064395600106192
TEST_04871,2.3003107785640164,0.5289821159303848,-0.45794995545262607
TEST_04872,3.2050199029118045,-0.1988182390260218,-0.9083068482593756
TEST_04873,2.8520688414003215,-1.0043329382769361,-0.20361356283153467
TEST_04874,0.986861116187011,0.03159382903170204,-0.14370543159879973
TEST_04875,1.440358072798484,-0.3323568367322094,-0.21553855138933492
TEST_04876,3.741738666690352,-1.3968775904720474,1.0716464857870465
TEST_04877,2.3563032231680463,0.304616713480649,0.2565042749035287
TEST_04878,3.1735129988445085,-1.183399325321811,0.1323444400036267
TEST_04879,5.551973300523766,0.9432638772357571,-1.2747744866709365
TEST_04880,2.4953612938583984,1.5663631590571094,0.06032280807402637
TEST_04881,1.6373521321309081,-0.049112845337338736,-0.050221053337148935
TEST_04882,3.186898986016643,0.9280022759520746,1.3978425768160512
TEST_04883,2.5105894218190867,-0.25829279154486556,-0.7094124951224589
TEST_04884,3.346676240444583,-0.24551053270139458,-0.569526046804978
TEST_04885,2.4661258901126843,0.141447233796362,0.17910707430448997
TEST_04886,2.5461451022073667,0.25885204754992974,0.010030562963170918
TEST_04887,1.1969075280384833,-0.17903852472238005,0.4494177500536503
TEST_04888,2.2422629814367343,-1.7688854384273192,-0.6477907929465979
TEST_04889,2.9023681285699503,0.4643349175962523,0.19722797556019084
TEST_04890,3.0882864531563237,-0.17528031697205815,0.16137393763230173
TEST_04891,2.446278739064795,0.002496992536620078,-0.13885260762453958
TEST_04892,1.5240097343780334,-0.3869760964287019,0.2925391092982647
TEST_04893,1.70741937337936,0.030031905443107475,0.01937890907437171
TEST_04894,1.935373185869804,-0.5791320038268503,0.5904163303594383
TEST_04895,4.010816754163945,0.6792016139006188,-1.499183448823139
TEST_04896,1.1692707733855061,-0.8178891049459343,-0.6083836849509923
TEST_04897,1.549181341726074,0.0962626050845961,0.3361664141500797
TEST_04898,2.9338798251622333,0.4979764789236977,1.3212100126115196
TEST_04899,2.7349056343360876,-0.8289200129388111,0.22087300607097782
TEST_04900,2.489873949147451,-0.4975129036941396,0.25242455088669075
TEST_04901,3.101226438249346,-0.12536998562312962,-1.0991363059763324
TEST_04902,1.6190905807781737,0.34952401094640434,-0.20310544102412584
TEST_04903,2.004992129760025,-0.6866550691280685,0.7128456526726528
TEST_04904,1.8072329347140164,0.4456809880941741,-0.43523759854299454
TEST_04905,3.968414450091192,0.6540551653336111,0.6354880924592825
TEST_04906,2.540857632314537,-0.1673942463655787,0.2785950743121908
TEST_04907,2.129803957661507,-0.21644885553462678,-0.7309374728554368
TEST_04908,2.088374297557847,-0.4601456479410938,0.02038679250527424
TEST_04909,3.5627661495320013,-0.7797675494326907,-0.3050191063457127
TEST_04910,2.2637224960612587,-1.731790629277665,-0.03670763996904539
TEST_04911,1.8136142562362971,-0.7412178989088518,-0.048507137524840475
TEST_04912,1.8643140091262038,0.15935738777832542,-0.3905221607171554
TEST_04913,2.975897555136478,-0.25956999579364204,-0.001390424433646106
TEST_04914,1.9871915681380288,0.36945037934973796,-0.27057244591930546
TEST_04915,2.2572627261671667,-0.42039429519665433,0.25168604735560224
TEST_04916,4.310506001153572,0.4856048165174213,-0.11336092723879522
TEST_04917,2.327821098942838,-1.6119554139229102,0.7925050301003339
TEST_04918,2.4643103330022322,-0.6902423481679159,0.3992331045867829
TEST_04919,3.6755051991592538,1.2581764458325568,-0.22548543373696595
TEST_04920,2.5519978606042617,0.5887396039582847,0.7661122341798675
TEST_04921,2.124926691446238,0.07654127781990056,0.49273804394607135
TEST_04922,2.481449191251978,-1.0200963910079701,0.008628430227929753
TEST_04923,2.023844776381597,1.5634644745993893,0.6855794417868304
TEST_04924,2.6352144945053055,0.0929732471728241,0.05789608064157063
TEST_04925,2.5954105526591404,-0.4551232268776745,0.16405924810056646
TEST_04926,2.2452089874708876,-0.5113600790445031,0.3381091611491541
TEST_04927,2.1064690093270855,0.1328975614726552,-0.4797636762865459
TEST_04928,3.018114948483322,0.31482882196757483,1.2577730178402582
TEST_04929,2.3468552429236205,0.6187608641649672,0.05365134098824544
TEST_04930,2.2174056028737326,-0.33476645544305955,0.411035308932967
TEST_04931,2.179952821159072,-0.02277216587686925,0.11724670412585254
TEST_04932,2.1604841439357574,-0.9410373678834596,0.30877711042969846
TEST_04933,2.40476721015416,-0.213440489891727,0.3447842426774396
TEST_04934,2.1894083434175275,-0.27873348292550787,0.7102824280068036
TEST_04935,1.8169604648832407,-0.03901234783840464,-0.1816322976138121
TEST_04936,2.4874676545655743,0.9548011653784555,-0.08240138482404716
TEST_04937,3.212223770226218,-0.7625330766661762,0.01959205104213571
TEST_04938,3.4955429684377894,-0.012176751702960772,-0.8075685395094802
TEST_04939,4.464512868617298,0.9732727631899819,-0.9536112883936754
TEST_04940,2.0324332116186263,-0.8028710989077361,0.8823745813776507
TEST_04941,2.7709857043956974,0.4244295847100631,0.7141067420209515
TEST_04942,2.4772514092974083,-0.10185793051847802,0.5592006206016454
TEST_04943,2.6944564518708938,-0.259786738866175,0.103289966405345
TEST_04944,1.4338772322809954,-0.6690566205828182,-0.5233196967500907
TEST_04945,5.340000422212941,-0.4962724196779088,0.10676636602441564
TEST_04946,2.485486843105224,0.36202223724570537,-0.3346523752215704
TEST_04947,3.9364446679265512,0.22603559646564592,-0.1707264106739219
TEST_04948,2.7955515954094787,-0.509609648993274,0.2401057291518755
TEST_04949,4.149218508677451,-0.3282623839711887,0.07040936631063846
TEST_04950,2.7582328802709952,1.0046441136536788,-0.5666553265744539
TEST_04951,1.234066625469438,0.21656431451003968,-0.23543175007819073
TEST_04952,2.6100457285942618,1.5935211349072993,0.11078082457621422
TEST_04953,2.270963282736443,0.760111409894064,0.5705765639167555
TEST_04954,1.8291055745767855,-0.04602179566671104,0.2649672287241118
TEST_04955,1.2500287555620595,0.031226807931233492,-0.06682008225494325
TEST_04956,4.377731689378366,0.5359948302110148,-0.17059073699533606
TEST_04957,3.5162313517062684,1.7292943815393824,0.011955883364463446
TEST_04958,1.9935243240827245,-0.49152677576174875,-0.2791893213549396
TEST_04959,5.6994283716855465,1.5141821123183679,-0.5784257163494722
TEST_04960,2.5264050046704862,2.0306780684672128,-0.5656615247439787
TEST_04961,4.767364659209017,-1.5670393685554314,0.9405004110173946
TEST_04962,2.008714408146972,0.8742792979076044,-0.39138807484374555
TEST_04963,2.819177375287888,-1.6569423684330058,-0.8306832303198037
TEST_04964,2.0648567251719627,-0.3639160274573583,0.5179107054949535
TEST_04965,2.5726973374919835,-0.5346064181012141,0.45678106948842134
TEST_04966,1.6848409884508364,-0.22077391582130754,0.37167964800157766
TEST_04967,4.960497669108678,1.2021466384651323,-0.507320434101218
TEST_04968,1.413220078771374,-0.6413530810134564,-0.06825963277130655
TEST_04969,2.5631817975358233,0.09056683439746924,-0.5652256122407087
TEST_04970,1.7175587082335173,0.5673996936891677,0.5495229750448536
TEST_04971,1.6945078848523647,0.11162079720380884,-0.379886406278935
TEST_04972,4.7451686729944775,0.8192918966607828,-0.206721471821007
TEST_04973,3.034654938843,0.489838595312523,-0.5133292563994145
TEST_04974,3.376629587562385,-0.7972998511817587,0.8009969662016043
TEST_04975,3.3309994665204825,1.164370996962179,-1.058391653221704
TEST_04976,2.349586053617009,0.43627959102160596,1.1520593686423966
TEST_04977,1.9347116083529092,-0.06887246390814765,0.8529896442425888
TEST_04978,4.134391286937629,-0.1717596182153889,0.35259091469204934
TEST_04979,2.0764434771388243,-0.3803531889233916,0.2735046650528389
TEST_04980,2.648765913969665,0.11323840437818691,0.0020339140292302653
TEST_04981,0.9445170879832075,0.5737554719438108,0.053724925557641044
TEST_04982,1.9209821479305964,-0.7521530152765976,0.5972175263903909
TEST_04983,1.3785553931703733,-0.2966397280740452,0.30848121242461146
TEST_04984,1.246501650792066,0.5067726760283399,0.44884446638649217
TEST_04985,1.3392365390007053,0.5228258259982654,0.12412680416274847
TEST_04986,2.0085441752529043,0.48963197582279,0.5690060661371964
TEST_04987,2.279255454570427,0.5869017419310205,-0.40347103426000075
TEST_04988,2.586763907324849,-0.17791816674674865,0.684692259848065
TEST_04989,3.921966083863378,-0.004803660598681754,0.31603087728707785
TEST_04990,4.562257032225569,-1.0281994936690948,0.48734123969405985
TEST_04991,2.8952459701861017,0.6383853877555443,0.26260222388199933
TEST_04992,2.4257259717614756,1.0922111574395341,0.6036805605553448
TEST_04993,2.974551063763394,0.786880019576287,0.10157132910684143
TEST_04994,1.2421429733871947,0.28852783555554434,0.2132813049429085
TEST_04995,1.995762105140148,0.5985724679985149,0.25820754926817246
TEST_04996,4.1162454574576275,0.47002258852164924,0.8822490244420902
TEST_04997,1.6908907105645519,0.41542133053302416,0.01065748042143087
TEST_04998,1.3669462094242855,-0.4353750016006678,-0.4624774983714899
TEST_04999,3.1806169170777423,0.2878523419356679,-0.1628754251765331
TEST_05000,2.027250189239234,-0.11221270417803887,0.35202575588583157
TEST_05001,2.756612469089732,-1.7807706568306272,0.8084858601914039
TEST_05002,3.999665203839906,-0.15891225390192967,0.5708268368552967
TEST_05003,3.9449121555982978,1.790597268725308,-0.6336669781485664
TEST_05004,2.807626457557996,-0.1675906350981181,-0.30234817600883396
TEST_05005,1.7993733521361555,-0.8289201385053377,-0.6573377387737513
TEST_05006,1.5838626726841285,0.3137141813651431,-0.331685916134113
TEST_05007,4.000595917938116,-0.9039714064845432,0.7273573947974348
TEST_05008,5.405466174215566,-1.115596576678653,0.1313207321248322
TEST_05009,2.014888586753154,-0.6387526383847244,0.29797714275848847
TEST_05010,1.5570210124053652,-0.5572048482657516,0.4710954121895117
TEST_05011,3.079314526669541,0.1966725555588645,-0.49358429424557476
TEST_05012,1.7074308833611431,0.12043039860010808,-0.5962154344456374
TEST_05013,2.5296316875629126,-0.07071109599703719,0.1775827308788506
TEST_05014,2.0529365752210516,-0.10623378513357538,-0.9941593269798762
TEST_05015,1.986773729379693,-1.146682676319062,-0.4195753799095561
TEST_05016,3.377766360323179,0.713473986294609,-0.4499164898162422
TEST_05017,2.431574423132244,-0.6165259211230552,0.0341226780925361
TEST_05018,4.223936894423893,-0.885374568121698,1.6694580355142314
TEST_05019,2.1971294469664184,-0.6080902692430527,0.5986083015869768
TEST_05020,0.9696659932080676,0.13413060795139956,-0.45793415562097417
TEST_05021,3.332938156758934,-0.07664816591541014,0.13883011689158464
TEST_05022,1.9885714779189267,-0.2642862486225325,0.35113179992036614
TEST_05023,4.371689455778738,-0.6693489213124703,0.23639846579713553
TEST_05024,1.701502703695174,-0.34739670466287936,0.11791893275868433
TEST_05025,2.7491945999884306,-1.4410846351821789,-0.5078763173609347
TEST_05026,1.6627585451336724,0.195609822522674,-0.28024967497081105
TEST_05027,3.132142537450884,0.5352094864733858,-0.04307471959669525
TEST_05028,1.5887202256913853,0.15700063191013391,-0.3449241820616923
TEST_05029,2.2458346273032372,-1.4576403872796484,-0.3528608695929561
TEST_05030,4.625056141549626,0.3181571450877898,1.664534156530723
TEST_05031,2.711710591512318,0.26552747577086006,0.28127052829630406
TEST_05032,3.120377653331809,1.0643514391630293,-0.14076184067061764
TEST_05033,4.229483150086778,-0.5982925847690438,0.6293199807295585
TEST_05034,3.4370749021188063,-0.11838777916214496,0.5284148351363868
TEST_05035,1.0324867953665064,0.33560120648513553,0.25942117836929574
TEST_05036,4.464274856693665,-0.7761482486725405,0.2625210831072241
TEST_05037,3.7570618757594194,-1.5760702621969302,0.09610455661902612
TEST_05038,3.050883558580191,0.026167810956071208,0.23651160262353035
TEST_05039,4.550218718711414,-0.31737821374070063,-0.16682354941643238
TEST_05040,4.678738533877811,-1.6554801044926584,1.3914815566060195
TEST_05041,1.2945560713104687,-0.23257154979007824,-0.11705107330135434
TEST_05042,3.024283034991467,-0.3914282798952352,0.763886326938081
TEST_05043,3.464906101953983,-0.15121146068847524,0.1927199131055582
TEST_05044,2.8973821757194305,0.9358364848396913,-0.5939665807032422
TEST_05045,1.8033475121058942,-0.45328926994495716,-0.29826843642567097
TEST_05046,1.3653429711383636,-0.254319836306594,0.4617049467567195
TEST_05047,1.1571161472245377,-0.3179932258500798,0.011858725023240754
TEST_05048,5.299873491978175,-2.08835520380564,-0.4785621982749555
TEST_05049,3.5092425676368384,0.008321999397703716,-0.5215623164468648
TEST_05050,1.2104597623907396,-0.44685229621809774,0.08875105155969684
TEST_05051,2.7618884977555536,-0.33409396629962557,-0.0009844219032243049
TEST_05052,3.1356908084947768,0.5291808135050875,0.5771134424768143
TEST_05053,2.3639732441720933,0.32340625297667225,-0.3598268198705223
TEST_05054,3.246315816066072,-1.1225112313860885,-0.5888360638637231
TEST_05055,1.5166026977842784,0.7659397984560884,0.19190566235320508
TEST_05056,1.7152813488182463,0.8764392876699362,0.9570861387165778
TEST_05057,1.6380251069791831,0.6607802611658549,1.0596631699807315
TEST_05058,2.4304818248451268,-1.2762732268153723,0.5792598883665465
TEST_05059,2.3111646168610864,0.4370341695120086,-0.2833665613499349
TEST_05060,2.9182350923874134,0.34104408658761964,0.6229982634132836
TEST_05061,2.239084626018343,-0.13189583111097644,-0.21249042584431335
TEST_05062,1.5648551338127903,0.154322500819435,0.11747891096489156
TEST_05063,3.5651049303907034,0.9689317835222617,-0.8832529601133846
TEST_05064,1.118954705665105,-0.47497792141059025,0.05505949254404747
TEST_05065,5.06446173793363,1.4141064583484426,0.6185413790833575
TEST_05066,2.9017603249536297,0.0801061313702699,-0.9841918541812155
TEST_05067,2.4475163460500933,0.07927792560064051,0.4859388406502943
TEST_05068,2.819302405906988,0.4278787502312857,-0.38228862455150026
TEST_05069,4.495457742387043,-0.5274858134167486,-0.9035430248599315
TEST_05070,2.4479160614135904,-0.41454358461501095,0.5417061509061138
TEST_05071,2.3352690398002447,0.4428399620147019,0.24574241065423186
TEST_05072,1.1492302687614517,0.3859522184017312,-0.2542050122399636
TEST_05073,2.0398343329840003,0.38733094055843026,0.14727623319790456
TEST_05074,3.000242790947239,0.15598523278845242,0.14696960406744553
TEST_05075,1.6174586223726382,0.41566373489403863,0.6610542849790947
TEST_05076,3.1647013836487923,-0.340525159858842,-0.20236509657329474
TEST_05077,1.5646973948008795,-0.5905654450935502,0.11968578554716322
TEST_05078,2.691880729570694,0.6292991669153424,-0.8850525262006265
TEST_05079,1.9576002713626186,-0.14963840113183133,-0.9630207337734776
TEST_05080,2.9043549113082094,-2.113977583602902,0.8169663298871247
TEST_05081,4.252246190578029,0.586337617953841,0.35136241990736605
TEST_05082,1.892487775246792,-1.1383921688221208,-0.24840774521096867
TEST_05083,1.1289514508899614,0.8159358658271356,0.34521116525462814
TEST_05084,1.9145666828973475,-0.046481639814785335,-0.13182934136922447
TEST_05085,1.9235206532660358,-0.6641057601921776,0.26153164503965776
TEST_05086,1.296601699227172,-0.4504655492791844,-0.3521158609724244
TEST_05087,3.5175956470801055,-0.8216582942595649,-0.8716248976295188
TEST_05088,4.613104549876842,-1.0180605038714563,-0.5655103975136805
TEST_05089,3.524990255952163,0.23798818242108868,0.03424517538673573
TEST_05090,1.2281939875027406,0.25635020767134775,0.189327652830386
TEST_05091,3.3309622907489485,0.29002958014603325,0.6665378441940623
TEST_05092,2.650390656432377,0.18415942426281134,0.6643488603849729
TEST_05093,2.062950857216203,0.5668054658180689,-0.13439458940598417
TEST_05094,2.772059881927073,-0.5990490746164019,0.776884598784368
TEST_05095,3.940027647717112,-0.3306896719952671,-0.2641686341697102
TEST_05096,1.2582402572214355,-0.72990006544791,0.034735064507969836
TEST_05097,3.8292424256526063,0.01867036351269999,1.6577820603888045
TEST_05098,2.989972150166257,1.319243780887487,-0.8198475749242351
TEST_05099,2.4888932479376282,1.4460519893268131,0.3705453889525071
TEST_05100,1.5395787711300157,-0.46311982790577416,-0.15306011766218774
TEST_05101,0.9459559863655845,-0.044030265441552835,-0.1990182051712824
TEST_05102,1.964912906010546,0.058518195221580284,-0.024273754778301126
TEST_05103,2.5512633024032465,0.18609012138718484,0.30268327364745373
TEST_05104,1.399673207169167,0.04771467095545156,0.032827680314437606
TEST_05105,3.796737922771837,-1.5243362802025429,-0.024255802176007275
TEST_05106,2.1755404534978946,-0.34164770455703586,-0.9505892665647604
TEST_05107,4.137265465771403,-0.3123656933054147,0.9816001982700362
TEST_05108,2.468280264795906,-0.7912691955543958,0.3426592915081295
TEST_05109,4.866765518687973,1.5681994472724976,1.5558408262384402
TEST_05110,4.20891608623343,-0.31380683173027407,-0.2940454036953857
TEST_05111,1.8085332754195385,-0.8626155402831194,0.1475195921503461
TEST_05112,3.377273038344381,-0.37935622101889954,-0.9101210574419453
TEST_05113,3.647001667311779,-0.29247541308347447,1.1306829923927515
TEST_05114,1.4697952397481595,-0.352627055765672,0.5032355927617709
TEST_05115,1.0728892346794205,-0.04608892277675957,-0.2550782402682766
TEST_05116,3.415145735961842,-1.8940741064120115,1.5327419104771216
TEST_05117,3.067136107040115,0.39510261007780273,-0.8521742776960354
TEST_05118,3.1487176718531753,-0.4806332563566478,0.4748479570312677
TEST_05119,3.6646531487736604,0.7657989277794315,1.2227229996705395
TEST_05120,4.080906869912594,-2.0166736187005956,1.3647904693601502
TEST_05121,2.208593505563904,0.6027451677484277,-0.10072991852693657
TEST_05122,3.0458705701808952,-0.8713405948084532,-0.6060148657866147
TEST_05123,3.8031366112589162,0.5808175927863736,-0.2357894942285533
TEST_05124,1.811931959986431,0.5407580626983997,0.12714570051319196
TEST_05125,0.9153155221576945,0.16933830091734448,-0.07798640854914672
TEST_05126,5.234888147419875,-0.8534401052383401,-0.4721146378371328
TEST_05127,3.601952088716175,0.4830521239055132,-0.8497113873834278
TEST_05128,2.977825795098678,2.4874561677531917,-0.9510323267130621
TEST_05129,2.80832947870788,-0.27146099318119926,0.4201353601550313
TEST_05130,2.180471424854109,-0.5091912626508774,-0.2607190266036141
TEST_05131,3.7943662997902288,0.4669138500351732,-0.02511847116336999
TEST_05132,1.4832613787433921,0.09950124044734777,0.6317954282100745
TEST_05133,1.5689037657555918,0.06753400815704617,0.06839938679552585
TEST_05134,2.6746263536829984,0.05990825737938574,1.384810731125911
TEST_05135,1.9926398781690104,-0.15604261590902802,-0.3507790504075387
TEST_05136,1.0408787794157799,-0.6148493394159509,-0.5301911556730402
TEST_05137,2.13249782792175,0.13302927491464817,0.7811240167900023
TEST_05138,1.1922961396740872,0.43689772631226675,-0.03761059422793568
TEST_05139,3.033088673856573,-0.42432473196907605,0.05548179867449894
TEST_05140,1.085702779169817,0.09317943343234508,-0.0948291015901019
TEST_05141,3.4846821077274033,-0.21197812477763225,0.7786582789473964
TEST_05142,1.6157527466321997,-0.5825624610301533,0.22035409081024515
TEST_05143,2.818864287289701,-0.6242280662146149,1.151073289234874
TEST_05144,1.6575200416014066,0.464137676234928,0.3261371802490277
TEST_05145,4.0945310628754275,-0.6637378286713831,0.4398382924489561
TEST_05146,2.514733730152284,0.31916027432065713,-0.5209615566114166
TEST_05147,2.8398476766445357,0.03488566427981775,0.2769749324208465
TEST_05148,2.2087351768999457,-0.19576344604541132,-0.10786470318519206
TEST_05149,3.3181715215606506,1.9508690329432192,0.5174226334711964
TEST_05150,4.452772357031992,-0.48591431012796554,0.7439891473046065
TEST_05151,2.264042437061158,-0.1933867480149713,-0.17407522172541418
TEST_05152,1.6587233126248757,-0.4798929455415741,-0.3195478819405174
TEST_05153,3.0078105158376855,-0.8350822908463509,-0.3507830380196949
TEST_05154,1.7817414984529512,0.4139191984189507,-0.15972579309470877
TEST_05155,1.6378150024419762,-0.7368551744049742,-0.5529275389095811
TEST_05156,4.038342361743214,-0.49032916750370914,-0.3870411574487662
TEST_05157,1.8085526533242158,0.4656793013434569,0.009882790988946608
TEST_05158,2.657341382013427,-1.222873445178595,-0.13393917679920136
TEST_05159,6.114487012602122,1.6770774475574703,-1.2303565151704599
TEST_05160,1.6571895060438209,0.25334622164508624,-0.29926162668821144
TEST_05161,1.383776194708496,0.21931102029505326,0.036950024984375295
TEST_05162,1.7369532076825047,1.1305195166678506,1.0195914630597005
TEST_05163,1.874139950177863,-0.5989917161069765,-0.3758895435432129
TEST_05164,1.62300292444314,-0.017477570797199804,0.4328458758426352
TEST_05165,2.9245349522054225,0.618081815166917,-0.4102563031898729
TEST_05166,1.989459029403221,0.49786930182415806,0.12033189473778678
TEST_05167,4.807306527148496,-0.7889219396547671,0.223961404434434
TEST_05168,2.634675378545292,-0.7337293009095611,-0.37748755870976036
TEST_05169,3.533563051574199,0.18860909681156235,-0.18935457472743616
TEST_05170,2.255673649658509,-0.3859499254574956,-0.2444328342867115
TEST_05171,3.5300899656930174,0.09408233884468545,0.06848261217723808
TEST_05172,3.2103171489522655,1.2054527772908943,-0.669703143594052
TEST_05173,1.9865277588074155,-0.3896914240119555,0.37167969447022303
TEST_05174,1.6547500146896603,0.4673215736099274,-0.051522613773672225
TEST_05175,1.957163634600198,-0.8296467559381367,-0.22455782790024387
TEST_05176,2.9570638380378087,-0.5753028624341908,1.1715830177407827
TEST_05177,1.6607559666982337,-0.5187322284028968,0.7013818309386818
TEST_05178,4.930114951406539,0.18504663115571796,1.5026206823109811
TEST_05179,1.970744284435246,0.060544305485413084,-0.5291557257991901
TEST_05180,2.222056848281139,-0.1595153407675561,0.10772753371037773
TEST_05181,0.9628793676662647,-0.45371406086206817,0.07849298924113926
TEST_05182,1.871846844844406,0.6588027112839188,-0.45431602683785316
TEST_05183,2.958754072126951,0.40464121169479594,0.4389649133823465
TEST_05184,1.8571914350866683,0.4336942673830418,0.6209494373876567
TEST_05185,5.35430459887036,-1.1994667038841056,-0.7619602217350255
TEST_05186,2.554633672731787,-0.12050511370753665,0.7768652794985468
TEST_05187,1.6268350883241862,0.515209441702965,0.5364068449427497
TEST_05188,2.6508851760477383,-0.7134074398579066,0.45885215008788716
TEST_05189,4.805984679572066,-1.4702003825886907,0.7778853614025086
TEST_05190,2.566885831420815,1.5890521694920523,0.09467476338293741
TEST_05191,2.6278207750303526,-0.2533096793153643,0.6141857517069946
TEST_05192,3.5599095145667983,0.647866303789055,0.6375661530029354
TEST_05193,1.890501284369184,0.482033463496717,0.039355583878271094
TEST_05194,2.439766646932349,0.13393519164175186,-0.2472162998121197
TEST_05195,1.7386463502804728,0.11525010837903683,-0.5613478978620304
TEST_05196,3.5958959381040105,-0.09335803422621415,1.258643382249726
TEST_05197,3.1251556321708174,1.0964761741394498,-0.5362031538628106
TEST_05198,3.3161452914188008,0.9655529686597207,-0.19383978264048754
TEST_05199,5.353991338854636,0.9569206962792373,-0.5596662011335096
TEST_05200,2.5799141228205,-1.0657009764078864,0.2311099740040374
TEST_05201,4.353204204442323,-0.9104063051059195,-0.49020338329603486
TEST_05202,1.558242597545158,0.393213399576761,0.7605650255331068
TEST_05203,3.567989416998739,-2.06506975766975,-0.34531502569441375
TEST_05204,3.293878199921382,0.8415749752388747,-0.49534098608355653
TEST_05205,2.192732466028194,-0.5016551613142668,0.13999763353993708
TEST_05206,2.5638165062230707,-0.18119752159241012,0.5457955381728469
TEST_05207,2.8096518384370737,-0.2010255592332599,0.9952398407676086
TEST_05208,1.6658705972000833,0.39461688304711445,0.722184285833683
TEST_05209,1.7347334448579912,-0.3484488913330353,-0.18337419117499648
TEST_05210,3.1072409055137253,0.4682996831302785,0.40055802533786977
TEST_05211,3.1584727559481474,0.0022803249630156674,-0.011417741127978153
TEST_05212,2.3651854293558685,1.2851644585028108,0.31146238283726
TEST_05213,1.2629959895789384,-0.4746651676782744,-0.06289368437871813
TEST_05214,2.975675348760009,0.12269098858932247,0.22144874719945154
TEST_05215,2.484149937166955,-0.5996139890529204,0.20644667989710339
TEST_05216,3.148318233560817,0.9952650747434049,0.26878827434313624
TEST_05217,3.2237804873008318,-1.30847961654467,1.4642273973720292
TEST_05218,1.1743496097335264,0.7903272353647266,-0.40437775306073687
TEST_05219,4.4120464090160185,1.0340531918286722,1.1461466678222558
TEST_05220,1.9905404576993557,-0.8970292773496573,0.14194887475938586
TEST_05221,2.2851508701005807,-0.14041163774724724,-0.8117710299003359
TEST_05222,1.23582675962814,-0.4052371140164412,0.17628922228221042
TEST_05223,3.5301838354564747,-0.4007144217558457,0.028144335234683907
TEST_05224,3.101196968774494,0.10054592342821045,-0.5003195025310883
TEST_05225,3.3539457536407027,1.849556516748512,2.003902115104647
TEST_05226,1.4697698997490958,-0.35916293690095835,-0.37069178089421806
TEST_05227,2.794412290351252,0.22258488165815493,-0.963952809241996
TEST_05228,2.9056104788343395,-0.36820250265987997,0.4450097616956921
TEST_05229,4.871702047364198,1.335691079685946,0.6813850344876156
TEST_05230,3.577667568016872,-1.063758391039705,0.9637565662899915
TEST_05231,2.62081053648393,-0.07293042774279633,-0.10645233260288618
TEST_05232,2.7356753434242886,-0.14387041333288536,0.2461827210898944
TEST_05233,3.134984466367513,0.22110820036592535,0.5272907159775919
TEST_05234,2.771516902654882,0.02526640816537283,0.08702977841179195
TEST_05235,1.3891578282303172,-0.3020664866218628,-0.20089696537912582
TEST_05236,2.7891164508771533,1.1419764320273105,0.012707840251963554
TEST_05237,2.4339492245722734,0.8450278014423683,-1.0721998061814868
TEST_05238,2.565006962644214,-0.522798935696378,-0.40673599360521834
TEST_05239,4.244917524381734,-1.4943031015962183,-0.3928601818193973
TEST_05240,3.4751386299383085,1.1382635024432364,1.3276162337989987
TEST_05241,5.275953390848476,1.9716856634291455,-0.27369678912342155
TEST_05242,4.446192362683824,0.02907524783170904,0.9280778501369245
TEST_05243,2.60435167876572,1.4518838026345056,0.8465459530330832
TEST_05244,1.7834100277401976,-0.23064611180396433,-0.21937962913670833
TEST_05245,1.8892554427771087,0.5112131738978294,-0.3346097714834751
TEST_05246,1.6410703065450205,-0.5745286390594321,0.13660876729422286
TEST_05247,2.2273326000650857,-0.9190628725295021,0.7869591272909581
TEST_05248,5.649620908609779,-0.000667723227344625,-0.6626268397737585
TEST_05249,3.5143119655130066,0.08725772858957645,0.17924482690060553
TEST_05250,2.6398632847267405,0.612393518239665,0.03457654200741297
TEST_05251,3.9970707190547294,-0.16305706661815564,-0.2628644637515923
TEST_05252,1.4580737004622795,-0.17721298144287753,0.04633547020597218
TEST_05253,2.7838398901222954,-0.06341566022770984,0.23434769256367682
TEST_05254,1.1410682555198308,0.8125820613112837,0.43022200246112363
TEST_05255,2.601019322492712,0.008938473978028222,-0.11196107597167279
TEST_05256,1.1359723844584166,0.3604578492559067,0.08782408850630717
TEST_05257,3.1548952154054786,-0.26022629625995514,0.5496372383963241
TEST_05258,1.7023967305617451,-0.8825506835250506,-0.7678722611428426
TEST_05259,1.8462395519792962,0.7956522133338934,-0.4700666298373037
TEST_05260,1.6562884811203946,0.039284961617364646,0.35618899936474735
TEST_05261,2.751254591339412,0.06530212000479906,-0.009503661401771885
TEST_05262,1.3321545800298558,-0.3591840140245837,0.28500279741559204
TEST_05263,1.9607798725687482,-0.6977964482640346,0.2882987171738516
TEST_05264,2.2902156893549344,-0.0663873937170821,0.5124189385395368
TEST_05265,4.078961612279839,-0.735878915823449,0.7109009363899289
TEST_05266,3.297494438748495,0.4036162401779421,0.2544470649265782
TEST_05267,3.7952400891110765,0.7614089286864282,0.328004670446492
TEST_05268,3.032392244194232,-0.5833303378584789,-0.13265488515934837
TEST_05269,4.090059789918093,-1.003861944372529,-1.1990615900164683
TEST_05270,4.920278851534906,-1.3211322249997564,1.7577620400675542
TEST_05271,3.0360977557872504,-0.06672146960049805,-0.1475463606930702
TEST_05272,2.7633528195330874,-0.7642239222464116,1.3873537352359933
TEST_05273,2.4708486807925514,-0.1261442303810857,-0.14791369210567787
TEST_05274,1.4120680272018866,-0.0337390676045089,0.5169360346516857
TEST_05275,0.8143098534859635,-0.2838183466898282,0.14024041352044017
TEST_05276,3.507042614801859,-0.7666066135706197,0.24516963121087643
TEST_05277,3.0076341528935306,0.43791644414770453,0.8253482891455529
TEST_05278,1.6302650728944055,-0.4423819212589505,-0.5658858866243035
TEST_05279,2.492126033360617,-0.009198601497621058,0.7974036956951457
TEST_05280,3.9338069672347924,0.4219849196446926,0.5252950026600343
TEST_05281,2.966998107190581,-0.22472348963611657,-0.8847595415989671
TEST_05282,3.9917855005145744,0.4922649118295635,1.387156301515974
TEST_05283,1.6850436410662801,1.2722648960285388,-0.42876883884196926
TEST_05284,2.086396191735058,-0.8032033394062458,-0.12310038449667918
TEST_05285,2.550354012968166,-0.8974437553124711,-1.0110639158534696
TEST_05286,3.3823165898686183,-0.1767624223191548,-0.21934071620595347
TEST_05287,2.2497452304935077,0.02428316342609386,0.8041009676882671
TEST_05288,3.8576249015569726,0.8091516871641388,0.4951953386761919
TEST_05289,3.0060610637222536,-0.20785163483325209,0.31300126815134643
TEST_05290,1.8228112089007373,0.24639450442593294,0.36594288795141916
TEST_05291,2.5761539575904955,-0.043718988476645446,0.4148421965492194
TEST_05292,1.2980836508381348,0.14998579579913185,0.17609766165434462
TEST_05293,2.07904996671783,-0.05978099254938595,-0.04251261207514441
TEST_05294,1.2519330995246596,-0.32557900244600346,-0.09208149066259669
TEST_05295,3.457915515437939,0.5715776997723199,-0.6225598921753449
TEST_05296,2.4489905070366382,-1.2089572745149395,-0.7254620109673735
TEST_05297,2.9608517684050235,1.0142905106618996,-0.6259656127774108
TEST_05298,2.0072797207654696,0.38393974228649486,0.048643488423287896
TEST_05299,3.3518591086198666,0.5981174483212334,-0.5747829002794999
TEST_05300,2.781301216022225,0.3278909399087885,-0.8446534280174681
TEST_05301,2.039304461859257,-0.6032339820453275,-0.09855758841749854
TEST_05302,1.7056441850502706,-0.23115487086432587,0.07381269911433347
TEST_05303,3.1916995825222747,-0.6109051861172534,-0.8619286003440202
TEST_05304,2.829203859956511,-0.5463010245169354,0.2654778337033017
TEST_05305,5.033802861695923,0.24879485161264295,-0.7722363543723815
TEST_05306,1.6597893040860412,-0.0623194621808926,0.12178012326297707
TEST_05307,4.005263119275275,-0.6962331882416182,-0.4564161464531146
TEST_05308,2.0162127277025634,-0.5679889547989015,0.3809981373517711
TEST_05309,1.818829119249071,-0.8198447569610512,-0.5207521064806264
TEST_05310,3.321974713627709,0.02729478006451702,-0.23797823119157321
TEST_05311,2.5532987497739033,0.9140493996389033,0.6315467604914166
TEST_05312,3.914375084561559,-0.765622363419553,-0.7860877329933007
TEST_05313,2.5884269542554947,-1.572334335494536,-0.5474199788808917
TEST_05314,1.5844324755641082,-0.37440540165591607,-0.12033386796165049
TEST_05315,1.8782524258878004,-0.13880102210014345,0.0579105629435883
TEST_05316,2.3715317974926755,-1.2102526546100525,-0.7064144877659756
TEST_05317,2.946831021359879,1.2345299361066828,0.6987412481065237
TEST_05318,2.437096666803099,0.3412766691863479,0.37804264141444804
TEST_05319,5.504360628309191,-0.07939717690873707,1.5946145895118682
TEST_05320,2.9495409373036914,-1.0347977177389975,-1.0704984808397404
TEST_05321,2.080900003842905,-1.11044404988292,-0.6386920333982333
TEST_05322,4.004415418500998,-0.09694734163056623,0.13740100663968483
TEST_05323,4.438913223136039,1.5457012940464065,0.04344906010056932
TEST_05324,2.401766457257718,0.9724798202223142,0.008240812466957395
TEST_05325,2.042251468154206,0.29311151778806016,0.6404938350515832
TEST_05326,2.7820759490064546,-0.5434939419409517,0.5438594660292422
TEST_05327,3.524245607753696,-0.46095624394149376,0.6612045071705177
TEST_05328,2.274931804024898,-0.6003267289124337,-0.7999478953091704
TEST_05329,2.5727914895809185,0.34114601147181867,-0.20220902927654616
TEST_05330,2.3061285536463307,-0.4677272004013027,0.14625640809768803
TEST_05331,0.7879156509836089,0.33750974046217574,-0.05545891718924378
TEST_05332,1.1538046319122846,0.2528525648913338,0.061228612406125545
TEST_05333,2.0222781607999223,-0.7347536486218269,0.2060091969836714
TEST_05334,0.9921476307302438,0.3663568171193918,0.024623677570907287
TEST_05335,1.2275681902837932,-0.048748375727732385,-0.1488285156992549
TEST_05336,2.7597969585575237,-0.3976881686704355,-0.047027215019875154
TEST_05337,2.892871281461977,-0.9321166687531119,0.766260197660197
TEST_05338,3.3920083697613013,0.12628195756045169,-0.24122915341319184
TEST_05339,2.398443219040951,1.1517639968822297,0.4486624034905747
TEST_05340,1.7022872380905345,0.06850319715123943,-0.10946145446328401
TEST_05341,2.763641696582966,-0.44023263023322134,0.6240586826935982
TEST_05342,1.6087619245845048,-0.033748494036095145,0.1111557731433651
TEST_05343,1.7577585207892013,-0.674518537768613,0.34984813996939
TEST_05344,1.1064894226507715,-0.22195586805962836,-0.0839110810573911
TEST_05345,2.0653636530780206,-0.4839704259061443,-0.35721899534147333
TEST_05346,1.8713076621555418,-0.5624859794525668,0.5040497329424628
TEST_05347,3.474858251078023,-0.24271302245179016,0.1178165514852534
TEST_05348,2.3221093308281713,-0.4350076397266844,0.3525318630821146
TEST_05349,2.7864630698213855,-0.543688026419821,-0.190545881408891
TEST_05350,4.378792741581851,-0.7318199156213708,0.5548736026852806
TEST_05351,2.4401866594108395,-0.5278950501017752,-0.7060283228274915
TEST_05352,3.056034632890917,-0.7668063340497034,-0.9630486314181584
TEST_05353,3.4444704468109992,1.7650894181739674,0.8491239148706945
TEST_05354,1.1486798441902524,-0.23778626465462088,0.22587944876696972
TEST_05355,1.8093830677505023,0.09295778712768182,0.07776120982267158
TEST_05356,2.8441930649368534,0.22407015552936796,-0.43227426325091833
TEST_05357,2.1097484321922857,-0.2655317673219926,0.3862197774815127
TEST_05358,3.9787757676007955,-1.0774877585700608,0.8808165831559257
TEST_05359,4.256253271465053,-1.3451727067193617,1.7177285837013538
TEST_05360,3.6235368839547286,2.2719055328196016,-0.576066081952953
TEST_05361,3.9652571461643533,-1.909367501170431,1.5428237597174335
TEST_05362,3.26014337902593,1.2124709203608859,1.168675535937589
TEST_05363,3.6069842730611374,1.981422568817909,1.0244557324361194
TEST_05364,1.9900576926488884,-0.287505617673144,0.34727108009135704
TEST_05365,2.038557648164454,0.4177625001456754,-0.4187272063378017
TEST_05366,4.031645630478155,0.056989825693111305,0.19981643041705957
TEST_05367,5.215007647944146,-0.3012056855495681,-0.2485292948462033
TEST_05368,4.100866175571996,-0.7634480593760673,0.6400776572517833
TEST_05369,3.5069825083700246,0.27205842876301634,0.49650146219875
TEST_05370,2.835326547208847,-0.13009363691335674,-0.17523495685020032
TEST_05371,4.005112664008574,-0.5442579521586873,-0.10320520131778578
TEST_05372,2.5392187961532375,0.2927240862728527,-0.08976489186302525
TEST_05373,1.6400825165933353,0.46517409873069976,0.15549530442022436
TEST_05374,3.2849529295722406,1.2305313500006996,-1.1989238272222553
TEST_05375,2.263332497196102,0.12123121379265435,-0.17770036747130244
TEST_05376,1.9045602792705185,-0.4449038291454454,-0.48852208780048634
TEST_05377,3.82704548933116,-1.8838134599434004,0.5024238353876856
TEST_05378,5.613171765800243,-1.3567101904525545,0.5172675485356495
TEST_05379,2.8466810223807912,-1.2016646233423858,0.530714959487586
TEST_05380,2.235465697130807,0.5168819070694737,0.4572232223431013
TEST_05381,3.718533561021717,0.29425375026386225,0.49403664125646335
TEST_05382,2.1005970008257786,0.3519143841538734,-0.3970109096862617
TEST_05383,3.8857538986900364,-0.5785735711852203,0.2366123796291471
TEST_05384,3.8274599446461095,-0.6533000253308636,0.19495618555138317
TEST_05385,1.7226206411707137,1.2877660803954736,-0.9626211915555355
TEST_05386,2.3729381369546254,0.27008875199460547,-0.4017982451181845
TEST_05387,3.7491309046736214,0.7930662229172771,0.33623095480594456
TEST_05388,1.9456854784270787,-0.6802087311123073,0.059270965221741224
TEST_05389,4.158030899923554,-0.5273590271551027,1.0088427955290522
TEST_05390,1.0943095322363892,0.06467275923596845,-0.12267460454475311
TEST_05391,2.0589679079561454,0.15725109523510722,-0.30131638830032187
TEST_05392,1.6333611921885536,0.7988341198152943,0.07054043427487698
TEST_05393,2.289459692964695,-0.7358252186544273,0.06370651249307477
TEST_05394,2.66654673431733,-0.2800560430447955,0.16451461193367398
TEST_05395,2.256416368289293,0.29749128927518154,0.800489402371076
TEST_05396,2.3032497557831793,-1.0311942102108107,-0.17176544985802955
TEST_05397,1.3920467380406492,-0.18707097315222956,-0.13124473217340374
TEST_05398,1.1109809822778665,0.01147048112992064,-0.23600569955940687
TEST_05399,2.7246755218293988,1.2212905592423455,-0.5280988799871472
TEST_05400,2.466142806260439,-0.4556157078950699,0.6034808259463725
TEST_05401,2.2239972762582476,0.6520419138200557,0.22862082048063428
TEST_05402,2.038899327366801,0.4467640917741963,-0.11796238220854552
TEST_05403,1.3021026531192679,0.6727023603041798,0.2102859650757488
TEST_05404,1.8741816526687463,-0.3708847564022889,0.22389623604999706
TEST_05405,1.0280111068154,-0.027027670659052812,0.12998597191492148
TEST_05406,4.226402231524114,0.6213513116479198,1.1457960696632024
TEST_05407,3.828850539248854,0.6316069856137582,0.466834135145541
TEST_05408,3.166195784243012,1.224239017172121,1.3322441625168415
TEST_05409,2.9862327637300514,0.46236370311376596,0.17108104974313756
TEST_05410,2.639916524854856,-0.26449808679123477,-0.21336907675667574
TEST_05411,3.214106280089687,0.26901603561157234,0.12205276380989942
TEST_05412,1.9520818993565683,1.1752600325048888,-0.7404903661452922
TEST_05413,2.398591868960668,-0.2169010670905504,-0.04011462923530502
TEST_05414,2.2417843302026514,0.7298559450216007,-0.8950483527191357
TEST_05415,3.024064259725939,-0.12385680713234103,0.038467142336730445
TEST_05416,2.1306758100458563,0.1870325866998749,0.8951870403695882
TEST_05417,2.7193877500217214,-1.4444087788926139,0.5598329754808958
TEST_05418,1.9463194696711388,-1.5477350587166745,-0.8534820600658176
TEST_05419,1.523889382368098,-0.5411950401296135,0.10041107424123412
TEST_05420,1.692079966469713,0.04050598985293887,0.038402715516012736
TEST_05421,2.2894162439357535,0.14866962500658204,-0.8846803494060774
TEST_05422,1.166680046173357,-0.09109268704444876,0.11366063023279191
TEST_05423,3.076747503219421,-0.5294585121473472,-0.7014024696824455
TEST_05424,3.1516766742138778,-0.058982640164658734,0.10702342344976748
TEST_05425,4.892074849825765,-0.38853327007870136,1.129252028458475
TEST_05426,2.687670197927611,0.32368094872411135,0.0999751933237148
TEST_05427,2.5840048613437676,0.1082184043468443,0.7220433706653636
TEST_05428,1.7838098350140148,0.5364387948245498,0.05600949681558985
TEST_05429,3.4365689892949502,-1.3048287987979208,0.8493335867945563
TEST_05430,2.2397018104009403,0.1979482014264201,-0.510375467008312
TEST_05431,1.1600756071813327,0.013168488902285006,0.08460093904183935
TEST_05432,2.37577412353007,-0.7963810207495411,1.2374147201117245
TEST_05433,2.5864663812634037,0.21967074792604224,0.5526804072592679
TEST_05434,2.998492225056935,-0.30556381987547454,0.08956367458848695
TEST_05435,1.9154132459604707,-0.5904562430898486,-0.11421492913927785
TEST_05436,4.59158474675933,0.3753567638994471,0.7847464957674583
TEST_05437,3.4444048636875872,0.14145231362889535,1.0223283790719573
TEST_05438,3.9660401302022765,-1.372083446660862,-0.14982036652362926
TEST_05439,4.663640079174714,-1.2842641616872639,2.4374086240271002
TEST_05440,1.8092552131621829,-0.6591306499769407,-0.24700526618854812
TEST_05441,2.656472040326797,0.9528703361887589,0.612792012032943
TEST_05442,3.0278371199190164,-0.7128397197585301,0.3286509315330076
TEST_05443,2.884280128319834,1.1321474472425856,-1.3659422466898499
TEST_05444,3.295665230664772,-0.7708194682696331,0.7503275290822505
TEST_05445,2.6800036327648895,0.504891735653626,-0.011889662570074887
TEST_05446,1.8272554676833834,0.6159846140565544,0.37470344021444635
TEST_05447,4.297730828060897,1.234031453112465,1.2089368825206246
TEST_05448,3.025568424313535,0.4849939579351741,1.1689625898425513
TEST_05449,3.205764553826739,0.1456242535481584,0.5316062303620838
TEST_05450,3.2368563089296027,0.2001590469580757,-0.11816758049429173
TEST_05451,1.8443246588051134,-0.39735797060363215,0.5573622914829182
TEST_05452,4.575338255624785,-0.7338645044605205,0.9761045136490649
TEST_05453,1.5319617323409802,-0.226610400774223,0.195859404433116
TEST_05454,3.4415939191884592,-1.1091950672189628,1.1376368704315565
TEST_05455,2.8711762580381888,0.46317449284629275,0.4871329916322699
TEST_05456,3.039608360966196,-0.18356280377841133,0.5730053342489625
TEST_05457,3.561278082591644,-1.5068069465704725,0.8185890167335474
TEST_05458,3.1617398447210987,-0.7109667217138703,0.4976318846989314
TEST_05459,3.548960570221772,-0.9066554499473797,-1.1115745953614473
TEST_05460,3.2027394699824687,-0.5013677850428881,-0.3809877828086916
TEST_05461,1.2350394509306861,-0.49896185795317055,-0.4218299007186716
TEST_05462,1.7222604961320784,0.536304192233976,-0.5768169843169996
TEST_05463,2.046708056090714,-0.2225170878010183,0.6924698693786004
TEST_05464,3.1291755615342955,0.014751872829752958,-0.4977921308729966
TEST_05465,2.278080463415741,-0.7427923775509669,0.17955652375040257
TEST_05466,2.7616077974034106,-0.002218531758962087,-0.11998844559303087
TEST_05467,2.55229972645013,-0.6056780200738108,0.9664586400248848
TEST_05468,3.159204916930428,0.35562442280465156,-0.029146144211147265
TEST_05469,3.606163583726714,-0.29580813268390155,0.12916644797137186
TEST_05470,0.9161825473464162,-0.2976756625392006,0.18703803967315455
TEST_05471,2.6692570992992484,-0.6145306615773967,0.1066639127585641
TEST_05472,1.9841711588572486,-0.8427069552348816,0.0752069858676962
TEST_05473,2.8009353497178786,-0.3673656484558023,0.14629754895884564
TEST_05474,2.891214357043908,0.5445501801747017,-0.48362805472043546
TEST_05475,1.3927430780651822,0.2971220710482792,0.3376514794775479
TEST_05476,4.426999883626233,-1.1185769405915067,0.6661492930310539
TEST_05477,3.038044522889719,-1.7171693864345627,0.42820697705345256
TEST_05478,3.444004393181441,-1.2806906465354657,0.01563517016956712
TEST_05479,6.116671222178611,-0.1369339496211031,0.36301706993023514
TEST_05480,1.2430463157906186,0.23388243502233724,0.1219875686803746
TEST_05481,4.308450596472276,0.18044291563372405,0.4194447494387071
TEST_05482,4.193685979230989,1.2516937122440626,0.593372511530478
TEST_05483,1.9929581006515287,1.2946364967295918,-0.602082512875869
TEST_05484,2.484833390817836,0.06690491925147304,0.358562160855181
TEST_05485,3.052946203003789,0.6053173155562911,-0.03828359447838045
TEST_05486,4.429965829623425,0.031191228329245334,0.2693536648230843
TEST_05487,4.906025303971519,1.3364551575134709,0.3150032613337551
TEST_05488,2.237025461558367,1.0492715866388602,0.8510107641575816
TEST_05489,1.9829010492722028,-0.09843570840378973,0.22881763824687473
TEST_05490,2.176038315553094,0.106686146994711,0.36791260361923983
TEST_05491,3.4692383984535478,0.03227236074429127,-0.25542959182502456
TEST_05492,3.791804426495858,0.9165514424234505,-0.06332341616366008
TEST_05493,1.5078146526580618,-0.6431921510723864,-0.39531072631752967
TEST_05494,2.141312930762272,1.5796526433581757,-0.32928490411801953
TEST_05495,2.9648084101312717,0.06013765469947097,0.20261576305716028
TEST_05496,1.6058398205408349,0.12791493810299828,0.8776603092939896
TEST_05497,1.702258451373695,-0.11502609383699174,0.6639221377686514
TEST_05498,2.9684079885246653,0.35328580168181695,0.2626573295491461
TEST_05499,3.496254541484254,0.42556233101732827,0.728557701021431
TEST_05500,1.3896759308472624,-0.44206597899135,0.0597218944590308
TEST_05501,2.9575807828604805,0.4707173956196819,0.2994232700269036
TEST_05502,2.281287379433311,0.4786742154116657,0.6582798367711798
TEST_05503,3.3892780594827454,-0.8086416876941602,0.4100399696507504
TEST_05504,3.5486242951444336,-0.5491704559856948,0.1663757044328821
TEST_05505,4.533138834342241,-0.41802566141079517,0.5349740922137958
TEST_05506,3.187129525286576,-0.5093495184066933,0.0853150627575872
TEST_05507,1.5597464308805031,0.14632672562476579,0.3685404642206039
TEST_05508,2.572375356596555,0.3865073817978958,-0.38817120454561566
TEST_05509,3.4386385425052803,-0.8692608193930426,-0.02436662289118177
TEST_05510,3.97842996274089,-0.10152298607323533,0.8237105572482399
TEST_05511,1.3884080541230588,-0.506112520477193,0.3482085933268579
TEST_05512,1.2370347466104574,0.25334499006582367,0.008702846138683778
TEST_05513,2.6573388599156593,-0.6034023786226452,0.6246821751873103
TEST_05514,2.2970070633080923,0.4024421885744658,-0.08426201775606827
TEST_05515,2.154571931751556,0.1367244526610518,0.03936743156467672
TEST_05516,4.837774787102781,0.9906121087512507,0.7277532387763769
TEST_05517,2.363606588944016,0.8942882681945369,-0.19398626925947074
TEST_05518,2.5754788263667203,0.1678012568141016,0.7037109254914042
TEST_05519,2.7758517716001303,1.580447553086544,0.1317252386727617
TEST_05520,1.4974222305958151,-0.621821104475625,-0.29354821753863886
TEST_05521,3.077279909939174,2.163378187803338,0.12888710974684187
TEST_05522,1.2368649425448353,0.04221162243409466,-0.544469883029056
TEST_05523,3.6963536772897725,-1.1071512173028635,-0.7345998774994532
TEST_05524,1.435063498862986,0.34318566963078184,0.27270462991600675
TEST_05525,3.0702559835993437,-0.22438107072083666,0.4977978067801833
TEST_05526,1.545698319166289,0.21625924803793015,-0.3974856478106327
TEST_05527,4.19619028758704,-0.15752235376746412,0.6892620584386903
TEST_05528,2.2096930315144347,0.5280969529067346,-0.09092010080390799
TEST_05529,3.277321366975421,-0.17194673579367742,0.2656058377951007
TEST_05530,1.6374560602209254,0.10154883254910149,0.2409698923244631
TEST_05531,3.1046749940997107,0.38621816491762323,-0.855548689410378
TEST_05532,1.2505360706296271,0.31450308717908365,0.4514143021790337
TEST_05533,2.2513406444351434,-0.1362642815369556,0.3059378127658846
TEST_05534,2.0714469483320905,-1.0622204593895188,-0.010957356655781193
TEST_05535,3.280191949134637,-1.0394293258956244,0.6031435810614698
TEST_05536,2.7272078225315237,-1.5352197183521796,-0.6504524432189291
TEST_05537,1.5595709505956494,-0.27491619079634216,0.27444350702529197
TEST_05538,4.839170808489059,0.5397318723289636,1.7330245843087955
TEST_05539,2.7431721065175463,1.3532649765601001,-0.7717244345983205
TEST_05540,1.9664357886987964,-0.10868148039817224,-0.2766193502491892
TEST_05541,3.660780315779603,0.30514508015584113,0.9787712291408186
TEST_05542,1.7764758394814975,0.4543309061878287,-0.00905418748840707
TEST_05543,3.0701264147620386,-0.005128346462028667,0.3606203294099107
TEST_05544,1.055985847029239,0.22236780772570366,-0.04628145519799501
TEST_05545,5.8265917727888565,-1.617160153199856,0.3609404316328948
TEST_05546,1.568478874651824,0.7692296575528823,0.036471029154662625
TEST_05547,3.8103086532993657,0.03723662614034728,-0.021525859935633666
TEST_05548,2.704115308987155,-0.0047064422914840035,0.06136594078700749
TEST_05549,2.5166847147232705,1.0455722524993603,0.19579216657966117
TEST_05550,1.9697517010057535,0.7559558566240396,0.4670109877181455
TEST_05551,1.8034623769339562,0.1461819785806284,-0.3457321727806337
TEST_05552,2.2250656981050696,-1.1428539389596832,-0.49529856342763334
TEST_05553,3.0701917985626412,1.1811482689536925,0.12006160707072903
TEST_05554,3.5348426713586085,0.5280139634846862,0.013952001116699957
TEST_05555,1.6789655819060292,-0.442527158334643,-0.2180098664638198
TEST_05556,3.88204746520447,0.6884278960253376,1.1985303731628685
TEST_05557,2.492356628499381,1.3834491673416427,-0.1883941528226109
TEST_05558,3.300876278425448,0.6928062666996145,-0.5958017969471954
TEST_05559,5.043424402904426,-1.4304633754949792,1.6514637342729421
TEST_05560,2.2015241950035573,-0.7440282452838572,0.07616329648385467
TEST_05561,4.346502796161855,1.7029566229996342,1.1656968302253146
TEST_05562,3.8621327682518123,-0.08899448619594114,-0.04689299730740681
TEST_05563,3.3232478872938964,2.113043017674664,-1.3198277052597172
TEST_05564,2.498339160246404,-0.6285660369975444,0.02678631165700716
TEST_05565,2.232584658007699,0.7851742495961787,-0.7277099163785246
TEST_05566,2.9863379128086174,0.2549667493304728,0.1543753356120575
TEST_05567,4.4823398770344625,0.6283801762010027,1.197965689963862
TEST_05568,5.332119008356813,-1.501021469901297,0.007032923842252118
TEST_05569,2.2187567178808103,0.528787215052531,0.23583668383413892
TEST_05570,2.4614551111073966,-0.19927298784871533,-0.7220412120324223
TEST_05571,3.6221923100420437,-0.26279270854229597,-0.4356199496950936
TEST_05572,4.358351908822351,-0.9256373366478132,0.7893149473868212
TEST_05573,1.2459195721403908,-0.22118024268266467,0.13552255736712088
TEST_05574,2.967614452441665,-0.051894581375752154,0.644401462093628
TEST_05575,2.1067658874908677,-0.7623624273882681,0.3115286363174604
TEST_05576,1.7621878339844708,-0.6682893855262526,-0.6185748288119308
TEST_05577,2.5110206834125153,0.7443551847637082,1.0528300437742253
TEST_05578,4.670363384312791,-0.8377666880414193,-0.8051300281788365
TEST_05579,2.5011670870748257,0.6545356341651385,0.20033536968492824
TEST_05580,3.2191793854023003,-0.24987381092499894,0.3928493073480732
TEST_05581,3.0311533939372253,-0.05503000792713118,0.12502903227068013
TEST_05582,2.1990282081638806,-0.7374380453465078,0.7716318513814681
TEST_05583,2.1685075743369975,0.03828513714494639,-0.30019242013821296
TEST_05584,1.621056894539856,-0.1881243319593923,-0.3907614475246325
TEST_05585,3.50528154640365,0.09684389524542122,1.3376907505415088
TEST_05586,1.5291122143552474,0.5138446490621089,-0.28234083747605626
TEST_05587,1.8224428312931917,0.6338198266012852,-0.3227673530988898
TEST_05588,2.554460833615658,0.002199319791608128,-0.13345656561945052
TEST_05589,2.9185997766574223,-0.8338490612454277,0.15662125185857087
TEST_05590,3.5700565094762875,0.617652011261623,0.4098368310548636
TEST_05591,2.4148304065002613,0.605056429974529,0.42338770610494897
TEST_05592,1.718338906245135,1.1455611456151604,-0.03597144100501379
TEST_05593,2.6719249426472156,0.44259484195410653,0.07231577164360983
TEST_05594,2.3299009821985814,0.36259200777926714,0.0171341192290875
TEST_05595,1.758545542924514,0.603325255544608,-0.32679012183968525
TEST_05596,1.7517010142588942,-0.9936773230267332,0.5220854430666626
TEST_05597,2.0112813367469093,-0.8660511067217659,0.2864953617006087
TEST_05598,1.683786102770159,-0.11384402160076922,0.5231582326199825
TEST_05599,4.644698795333132,-0.8311346409723627,0.2774093028492636
TEST_05600,4.595668856526127,0.6723747538386388,-0.617696557150876
TEST_05601,4.632695329657128,1.7672208155473546,-0.6883632792877575
TEST_05602,3.7503164987273094,0.3653415949976716,-0.4645429331132776
TEST_05603,1.4495112594129287,0.8276228867895805,0.09056228026571156
TEST_05604,2.3726239699682643,-0.4164690285336402,0.8826604799608011
TEST_05605,2.1093744806500596,0.6310446466828102,0.06540480415062
TEST_05606,4.368196900935319,0.6978842837471886,1.0476269271266367
TEST_05607,1.8825696817399196,-0.2611777813592755,0.3556284173141768
TEST_05608,1.1549000063216925,0.5045119437690702,0.23368777581826364
TEST_05609,3.3541758809476074,0.3175536651625657,0.22179974619519022
TEST_05610,1.4377221391633594,0.20573863568279618,-0.40675716784829025
TEST_05611,3.372377631760268,-0.4951247967245972,0.15205264390570242
TEST_05612,2.2377657075711435,-1.294783805107907,0.886073594592723
TEST_05613,3.237892218677594,0.27518275489849536,0.4439827358081895
TEST_05614,1.1301022203544941,0.7870779995216678,-0.5658307712574705
TEST_05615,2.205892965529688,-0.690144845881541,0.4239023305238727
TEST_05616,1.3831894643137628,-0.47412028947105556,0.45438783102600944
TEST_05617,4.3586086175238945,2.0863360947514287,-0.5754342162178202
TEST_05618,3.7909229941389158,0.5808753851747384,-0.4342820171257121
TEST_05619,1.189815993153604,-0.6687047617008121,0.12009008061725708
TEST_05620,3.3375984713490965,-0.34201337898104167,0.8328318625786063
TEST_05621,2.1294737057432904,-0.058065170856724975,0.6876608758134187
TEST_05622,1.9659679483694168,0.05417642825917036,0.4410564503668853
TEST_05623,1.568789717081472,0.5950587360224884,0.12928325386299608
TEST_05624,3.961004926949166,0.20797256118376836,-0.10897249834335529
TEST_05625,4.474143325580435,0.010816010473410935,0.5165383553252366
TEST_05626,2.3822290224484948,-0.44231765275366397,0.41401066276569254
TEST_05627,1.5793836967881458,0.43602436356179936,0.14779266493726986
TEST_05628,2.736063038101565,-0.5452088316129708,0.24657842059586385
TEST_05629,3.9056164169168173,-1.1043048449834745,-0.7023373871956237
TEST_05630,2.80954330465471,0.28416589671721143,0.0730157846876039
TEST_05631,2.2430315211140495,-0.7784236493140736,0.4245260443550578
TEST_05632,2.3691049415611416,1.5996011624335156,0.009982592126881963
TEST_05633,3.6639637894098356,1.0226916823521977,1.4835338949994608
TEST_05634,1.4159033804998957,-0.06031448100134036,-0.027130846824013587
TEST_05635,1.6664431495986247,0.17606351415310964,0.11680577244753446
TEST_05636,3.4148043078278825,1.412954895841361,0.9496753444632275
TEST_05637,3.317738891350456,-1.3215733129664438,-0.7599869972275152
TEST_05638,1.071250956846252,-0.265392784668116,0.3373046413499679
TEST_05639,3.218274961215944,1.627371121016895,0.5041922910910727
TEST_05640,3.4394408166635366,-0.48103984488379187,0.9270359263201102
TEST_05641,3.38611822633077,1.139223225912317,0.5140785222472338
TEST_05642,1.314907585233354,-0.1641571646918983,-0.1744672642914357
TEST_05643,4.175712417102305,-1.210860858897337,0.6180838919896887
TEST_05644,2.3535111851402912,0.8048961321017859,0.3939801570663826
TEST_05645,1.5455261240992155,-0.01085361005475934,0.005209520734808228
TEST_05646,4.241372112202186,1.4198543561979113,-0.5426293405552968
TEST_05647,2.6807614433319524,1.0020900887905553,-0.03869170559263681
TEST_05648,1.1570365354581853,0.6602111893442212,0.5185967963160087
TEST_05649,1.930533517346586,0.712574695406793,-0.09570202227294408
TEST_05650,2.1992932460417616,0.007171167593812288,-0.36426894489513006
TEST_05651,1.131303394625468,0.1549976646644649,-0.1633499050566121
TEST_05652,2.5776152964604275,-0.027732309228049822,0.14672510412489806
TEST_05653,2.9229406397910904,-0.2678735714409066,0.2877841464958658
TEST_05654,2.5170083892675463,0.768303742606343,0.984691508951432
TEST_05655,1.7417226359231301,0.4774908210552136,-0.42855818376364396
TEST_05656,1.969738986342547,0.6159273591512426,0.7891905657644533
TEST_05657,3.0295060879702786,-0.12181977907528492,0.7956987302727463
TEST_05658,4.6518682463531125,0.8667951972890983,0.9302804945943975
TEST_05659,3.6866524604057087,1.1227529847149866,0.5944984651516733
TEST_05660,2.1605093165563916,0.20370291697290221,-0.3783130794754373
TEST_05661,3.0305178215550996,-0.3084096106293762,1.5263814350071703
TEST_05662,1.6325488551595526,0.18835530073789075,0.2902340135014298
TEST_05663,3.4877113257207224,0.5782097415438799,-0.3722636830769271
TEST_05664,3.1222218890932205,-0.23056194718939746,0.27352479702357974
TEST_05665,5.556191533827057,-1.890001401310976,-0.6484970863128732
TEST_05666,2.952000726537844,-0.5433349473812398,0.6718247148840771
TEST_05667,3.6115166583704257,0.3101050119239089,-0.24106563378096607
TEST_05668,1.831689020639849,0.383782778147022,-0.40360853378929723
TEST_05669,3.1362198109510744,-1.8700565411524621,-1.1105185949938046
TEST_05670,3.5733824497387636,1.298588578882243,0.7821268991441709
TEST_05671,1.1746594467479257,0.1781616894665369,0.10961880012192268
TEST_05672,2.6360857265648385,0.5767267469948932,0.45822974968932134
TEST_05673,1.6063306653126714,-0.1326479935801796,-0.007405816773040537
TEST_05674,3.5566797539809096,0.7265975736844099,0.0978815521683024
TEST_05675,1.9673471961068214,0.9305007124746152,-0.6118036741485698
TEST_05676,4.484946110803175,-2.2444622866097044,1.4735702079910606
TEST_05677,3.2797554408697196,0.5915929470970691,0.6600735395006732
TEST_05678,0.9637543668519931,0.35130317199752475,0.35639616869423496
TEST_05679,4.882593131382786,0.43262347134092444,1.5041721324474702
TEST_05680,3.015826159487109,-0.18028581418710446,-0.25536803354005505
TEST_05681,4.026839939751467,1.6645101744444666,-0.5520609343415014
TEST_05682,2.195588483975006,-0.5906854290693483,-0.5096018474284899
TEST_05683,2.491808490530616,-0.4733317050692661,-0.004248124293077297
TEST_05684,2.7900025749744994,0.200782547721381,0.7559230074435385
TEST_05685,2.248044715835535,-0.11550490344616383,0.7974306639136591
TEST_05686,3.099401853375218,-0.6650389635115665,-0.4685919623809031
TEST_05687,3.6442697880448884,0.7786799677720057,-0.5670525754391862
TEST_05688,1.1009966119350172,-0.5111313185597307,0.047644455517264955
TEST_05689,3.3588079245356437,0.20885852308899816,0.19153994864864732
TEST_05690,3.2182187488550165,0.5532715634024372,0.29943170045476025
TEST_05691,2.351456824268001,0.07724711186658711,-0.8255397093457891
TEST_05692,1.3428361339113242,0.6833601707482191,-0.014738795042261011
TEST_05693,2.5499258432178094,0.10723434603485794,-0.21967186690091658
TEST_05694,1.9015508890851325,0.6368310706661625,0.1997603122225408
TEST_05695,2.364344882821631,-0.25017711864555486,-0.5648161893269286
TEST_05696,3.224167806082619,-0.44548663612979145,0.44500675105009313
TEST_05697,3.016139723936069,-1.197985631986162,0.4355992134571723
TEST_05698,2.8906332247021918,0.3202089521640092,-1.1109375427422685
TEST_05699,3.9986772030462814,1.5451718176037719,-1.2549881202556068
TEST_05700,2.737308291641041,-0.2075309978698951,0.1987890911850622
TEST_05701,2.9007140849416198,0.09159150226871872,-0.9705382337070242
TEST_05702,1.6599919264442948,-0.11629693569765209,0.3654376807466392
TEST_05703,3.6663086664716413,-0.07551198380156741,0.41363479372058626
TEST_05704,2.705044346040822,0.2977907493789905,0.04821447352940033
TEST_05705,1.3944668858935687,0.2847454961902656,0.6161696667202833
TEST_05706,2.0553116782942973,0.5545129783671447,0.5244023626684222
TEST_05707,1.2945396142387782,0.05794594317599235,0.4437118683047783
TEST_05708,2.9868112639708535,-0.229712150081081,0.5710955714415386
TEST_05709,1.9531812893428964,1.0966230006632336,-0.27775471149390063
TEST_05710,2.088312665061109,-0.8333090946006748,-0.7686242353526221
TEST_05711,2.2868846903155284,0.5821128232616526,0.42806673322858885
TEST_05712,1.3867468259424112,0.39798781226774393,-0.41272034849767697
TEST_05713,1.8514584639718155,-0.005957611417866379,-0.4596198310276277
TEST_05714,3.414645422879614,-0.5737110527538144,1.245230346017999
TEST_05715,1.461889615402143,-0.3462350843541279,0.23220659749675837
TEST_05716,1.7535988205189201,0.20099998809517375,0.08438330804815256
TEST_05717,1.847784540120231,0.7215170931599518,-0.4842957121982885
TEST_05718,2.0040522421849896,-0.08894158035013947,0.8375970422899631
TEST_05719,4.869634669589647,0.7102722689707643,0.6563503682675742
TEST_05720,1.487790571798776,-0.5130139978622862,-0.13662937332079136
TEST_05721,1.7589384085744553,0.28015730586403037,-0.4469628017022002
TEST_05722,4.081924101474407,0.38762785007280015,-0.6922815951309126
TEST_05723,3.2907706905709575,-1.6266800875575254,0.44911011740685103
TEST_05724,1.8227630018739025,-0.2783314590308985,0.2968957304115029
TEST_05725,1.8814504119726707,-0.4894029290073037,0.16114769459148573
TEST_05726,1.687086099518191,-0.2891485987126765,0.09714439180311282
TEST_05727,2.084913803236827,-0.8065764208709586,-0.019891534092321108
TEST_05728,6.124294949400628,1.7104440898669453,-0.3834159990425132
TEST_05729,1.0916926934440363,-0.33845672089023693,0.05179598289328686
TEST_05730,1.4095683907076713,0.3310313116128421,0.1098954010771992
TEST_05731,2.2195209676806886,0.2670674333116814,0.03299590781084946
TEST_05732,4.512096791143691,-0.6685243533552896,0.9430283515867469
TEST_05733,1.4926755122579702,0.29779778751234104,0.10550377048641028
TEST_05734,1.4335386366416858,-0.29152816063543113,0.31569545183710845
TEST_05735,2.0021548238215496,-0.9895595843486724,0.009983205644494078
TEST_05736,2.4959406434893823,0.7756181328739085,0.0818640597988399
TEST_05737,2.1623613990019823,0.20917939951586348,0.04702535984067967
TEST_05738,2.3289269285928635,1.180810224097616,-1.063059003003966
TEST_05739,0.7814455480439595,-0.39253961693714373,-0.07293637413034451
TEST_05740,2.2188571203861605,0.43046559133445056,-0.8346150735392583
TEST_05741,3.1934789327721456,-0.2700485042125229,0.0646155374605444
TEST_05742,1.3045593292021698,0.1877299946657929,-0.19261029909710556
TEST_05743,1.6850363452949635,-1.016477717419908,0.6862241925531118
TEST_05744,2.0241076404420384,0.06275420919149644,-0.16195584250174935
TEST_05745,2.0174802003741945,0.5230448567368512,-0.8451621500881574
TEST_05746,2.5555578869567452,0.07112662213568041,0.028304179675264277
TEST_05747,1.9668324781288284,-0.559702115839596,0.595593013721545
TEST_05748,1.9592496996555577,0.7090482449290493,-0.09770131930370834
TEST_05749,3.943522088468248,-0.6871548352680196,-0.9701999704289763
TEST_05750,1.166225982973667,0.6511934374763368,0.1358501771649361
TEST_05751,1.706520332998588,-0.12340825964119519,0.03686015918701083
TEST_05752,1.9654606387704314,0.8542238743696913,-0.42193015012896345
TEST_05753,2.1423616810133628,-0.1475166663723058,0.5627355402375617
TEST_05754,0.9405919357687285,-0.3293245780165262,-0.007461207262133331
TEST_05755,1.369510529473777,-0.32050002674796363,-0.1149615102918161
TEST_05756,2.059835554135239,-0.4448997569833143,0.6178577804400023
TEST_05757,1.5506680344525554,-0.04806548121715548,0.13943792841601083
TEST_05758,3.229888938309258,-1.251247867371065,0.31481037979524895
TEST_05759,3.2963782007058677,-0.6632434509844516,0.8023100395440369
TEST_05760,2.2026550049354956,0.9619367532853197,0.21458382716506358
TEST_05761,2.8782027915196187,-0.14652135194245516,0.14772127358764686
TEST_05762,3.6752055169213165,-1.5369303400113905,1.3153524634266847
TEST_05763,3.7707382680479964,-1.4007916538308984,1.051099111241461
TEST_05764,2.1470300143541268,0.17638428213373727,-0.4643667376910763
TEST_05765,1.4904502371092834,0.30111832277207773,-0.3308799285303892
TEST_05766,1.5531268076735554,0.013098629212701617,-0.2643765862063157
TEST_05767,4.481073721995927,-0.7075928278814968,-0.5981826312270323
TEST_05768,2.3687526354229713,1.0296460139917025,0.05681567388626074
TEST_05769,3.040306453828901,0.13481395682386021,0.2471371911796309
TEST_05770,2.690728121914562,-0.32363015708383663,0.06766961777994997
TEST_05771,3.662233958347865,0.05191153930940322,-0.011970429125455541
TEST_05772,2.4044038562725953,0.8241740628350726,0.47664933503716894
TEST_05773,1.5645630009919502,0.2727236298473468,-0.2631190476976272
TEST_05774,1.1645462552706642,0.33313502321544003,-0.10463312287066506
TEST_05775,2.1360784697708213,0.4119773988244651,0.06735906562519137
TEST_05776,1.0125140942294324,0.3765075397235084,0.5411668470870168
TEST_05777,1.127268284567503,0.17204389071194945,0.09147263453167476
TEST_05778,4.565663241893059,1.567406519480755,1.3804169141978053
TEST_05779,1.0660068825521156,-0.5758403011630583,0.14880965165058774
TEST_05780,2.043533006586476,0.22685384385522694,-0.43170813200922825
TEST_05781,2.381192175541587,-0.35588784889392305,-0.9714689600590727
TEST_05782,1.3457184240190432,0.014270592249601203,0.05172132149376745
TEST_05783,3.9288586001682124,-0.00920587183374789,-0.4369560865274214
TEST_05784,1.3900643625491855,-0.28256412359237854,0.26203930009549503
TEST_05785,4.22469312788374,1.6069289482709268,1.1911332649384088
TEST_05786,3.0117905712385835,-0.18150479082565424,-0.41180844418384605
TEST_05787,3.4602305390986365,0.6892149971572007,0.1505556549097892
TEST_05788,2.42959730524846,0.7050908972733418,0.2157662569681468
TEST_05789,0.7615961645047444,0.009611529922154135,0.170645122187395
TEST_05790,3.642322474852881,0.17086248245135505,0.6806452868427698
TEST_05791,3.005812240666605,0.5408773965537741,-0.49063417571855455
TEST_05792,2.708927368029177,-1.12267306014888,-1.098369122744563
TEST_05793,3.1165417723815976,0.17445568823159777,0.966286829080281
TEST_05794,3.1342580371598796,0.27878056021117603,-0.37574072122304064
TEST_05795,0.9598267041811488,0.46298936160404003,-0.06877863190747688
TEST_05796,3.849841193066856,-0.4699804660881313,0.2462929598474795
TEST_05797,2.5729909502798503,0.8665110499675133,0.16262484942848002
TEST_05798,3.2102293494667222,-0.9447001980664683,0.9031039567660882
TEST_05799,2.7556784622728787,-0.7101899804586776,0.8295702037729933
TEST_05800,2.7601507991714866,1.3499993720977188,0.5389069282243584
TEST_05801,3.8978053448188614,-0.6301271397858184,0.16993200081244617
TEST_05802,4.481489610414303,-0.9909865116495501,0.017532260154062184
TEST_05803,3.361663391738996,0.5495319721687508,0.09248282619960672
TEST_05804,2.3516030065327818,-0.2538404109025201,0.8019485668095304
TEST_05805,1.641008797358174,0.9619083728316793,-0.5116406610682555
TEST_05806,2.5752778275352495,0.2663026636115582,0.3151613266854325
TEST_05807,3.3052925966967894,-0.5046106683025712,0.5288610131304629
TEST_05808,1.8338091360283237,0.5370879697313761,0.8985063747227342
TEST_05809,4.580005661742183,0.5629023342939928,-1.1122468661196556
TEST_05810,2.416038460040915,0.5924872732584853,0.07812299998088429
TEST_05811,4.219951367150314,-0.24644761836441817,0.5299562813038943
TEST_05812,2.694214198641666,0.804627229542065,-0.8615648480408158
TEST_05813,0.9282596857105043,0.29440762922103364,-0.09834139219455526
TEST_05814,1.3936691349447023,0.022222409920225644,-0.36674001792477473
TEST_05815,1.5028135400694695,-0.7231918154157132,0.40818939472880744
TEST_05816,2.996814983192712,-0.4853029002387086,-0.47339210773059803
TEST_05817,1.4522662733478475,0.5364960195369421,0.1055212340758398
TEST_05818,1.9051678930671216,-0.1395627201494626,-0.9286122844905531
TEST_05819,4.545349008367862,-0.8013714044287024,0.4119540382146833
TEST_05820,1.0052533429312802,0.045167758239596206,-0.12957149508876648
TEST_05821,1.8294370231632038,0.5987237378644275,0.06748494689773199
TEST_05822,1.4638751041244333,-0.04341365635427263,0.028879638703990296
TEST_05823,1.2807153740730102,-0.07294175574097599,-0.23385751818324732
TEST_05824,3.295342203387131,0.005024577305913259,-0.20884012143594652
TEST_05825,2.2044408933442936,-1.1146363669459078,0.8292876106875514
TEST_05826,1.3139922624368607,0.06200542280755876,0.07103504635024083
TEST_05827,4.0406900315984915,-0.14178608042129584,-0.4808804367712732
TEST_05828,2.243154782105678,0.11135053805691732,0.3140265629130967
TEST_05829,1.2085808514434946,-0.21128081899039272,0.40601153317165184
TEST_05830,1.207606736716392,0.1311801137453647,0.42789932263485714
TEST_05831,1.288949721217119,-0.08882209055047205,0.24528699468197837
TEST_05832,1.9627744703607695,0.40097507995437803,0.2736728209149952
TEST_05833,1.8738942314988762,0.729804091957506,0.5148111640990138
TEST_05834,3.448784205672104,0.2937623325587091,-0.8984749374144494
TEST_05835,0.9323938671170895,-0.39868962929915785,-0.20385961079172313
TEST_05836,2.950377099766253,-1.4250455447702504,-0.5787720136460708
TEST_05837,3.8078876829938952,-1.951930697941456,0.16496634696138165
TEST_05838,0.8901226251460693,0.47641854893460284,-0.043165318737024935
TEST_05839,3.0450406968791346,0.8388899527104031,-1.095061506964599
TEST_05840,2.6859470786153823,2.0698865007830043,1.0767209124457289
TEST_05841,4.276141733795653,-1.1996239125458967,0.9719595007434582
TEST_05842,2.074043889248016,0.9741438630409007,-0.8845478212643858
TEST_05843,3.1859298707448827,-1.0132955741131886,0.5091804295593363
TEST_05844,2.3467218847727906,-0.3356060242431023,-0.14140774476826312
TEST_05845,1.65272633249452,-0.7133993766672361,-0.24325650190820736
TEST_05846,4.328925915479327,-0.37939101414262744,0.5218640131595914
TEST_05847,3.4198548253133207,-0.23424638692541128,-0.23555639240424311
TEST_05848,4.337181057398285,-1.512000999352254,0.7702871648788164
TEST_05849,1.4995937290177759,0.01088656583129371,0.1067895038415813
TEST_05850,2.591760584057101,0.28740039957441443,0.06487199868064032
TEST_05851,3.5452891464265157,0.4779307245260017,0.6451326090937604
TEST_05852,3.2706008113050844,0.3190685484145086,-1.147283105212864
TEST_05853,1.0407462408136268,0.03987088509433948,0.16103440505279856
TEST_05854,1.7114936630100885,1.049118422143121,-0.09912020373510805
TEST_05855,3.044148495583954,-0.8378261867549265,1.1298165539881895
TEST_05856,2.772798319848528,-0.681185860303427,0.1381705059350746
TEST_05857,2.274318080045275,0.8043401585713051,0.4379270772866459
TEST_05858,3.6723749988137966,1.5871034563003932,-0.2241680394155494
TEST_05859,2.265161934506221,-1.314022871844662,-0.5820503145020277
TEST_05860,1.1238248968941722,0.16193643590029616,0.29810225964227677
TEST_05861,3.1108520626475062,-0.17460063096314288,0.12176280174872914
TEST_05862,2.2065108837442198,-0.040954668210053065,0.036923112436361025
TEST_05863,3.7422292027465347,-0.5945779676427695,-0.8060040823318552
TEST_05864,3.0268662353650035,0.01432969548375824,0.06817329709515972
TEST_05865,1.5140225546876107,-0.12003417541917616,0.7380275072853136
TEST_05866,1.529395883516002,0.5908461991911601,-0.3802272825729952
TEST_05867,3.5707710579665846,0.10692785180326835,-0.05252811056582712
TEST_05868,1.5550460336559981,0.04914007772815575,-0.0017384985394938886
TEST_05869,1.3157329416500232,0.29564242848742417,-0.6143639643882094
TEST_05870,1.5334368156073077,-1.1193423732273757,-0.12034468798800049
TEST_05871,2.0153881258898405,-0.7092323386289393,-0.042468797822284354
TEST_05872,3.1211236889504073,1.4157872308231128,1.1448072877173845
TEST_05873,2.8764092867745545,1.6089914513966421,-0.7819625331102767
TEST_05874,2.6793254131163575,0.6496933830502618,0.6922819613813548
TEST_05875,1.2190288878449955,0.22377323855228376,-0.0033281061588159616
TEST_05876,2.407087628775405,-0.6519684163372914,0.27125797503418597
TEST_05877,2.918267572414076,0.4685443066713053,0.6076013640042195
TEST_05878,2.248261682766989,0.21547746274423699,0.40334936337592153
TEST_05879,3.9067302413094542,-0.2791004915220543,0.6423050712181755
TEST_05880,3.738557176883774,-0.06398185604480557,0.06800035906049472
TEST_05881,2.889552891341409,0.9011598454948231,-0.42254381323800794
TEST_05882,1.5001322350200124,-0.06315424042001493,-0.13326628496858456
TEST_05883,2.5099291188749113,-1.4487673415893987,1.0639420804971171
TEST_05884,3.058331384069244,-0.5510598205090478,1.3949603740126493
TEST_05885,1.712051930057005,-0.172204990219621,-0.1856333828714121
TEST_05886,4.991764167441034,0.5070699120004696,0.5191013474123068
TEST_05887,4.221392669041255,-1.169133130625493,0.11670307965260347
TEST_05888,2.235443011376092,0.4898820542638702,0.48845573037353074
TEST_05889,2.7755242185454994,0.12835253919534598,0.48852618910145795
TEST_05890,3.205199912098971,0.27401818842964404,-0.18214092906887838
TEST_05891,1.8753156705328307,0.2027073418326771,0.038111665035494645
TEST_05892,4.502430542553118,0.26879065552646975,0.6132495247246295
TEST_05893,2.7480047086203063,0.6293643107542706,-0.2967428457467851
TEST_05894,2.5219757611382407,-0.5547834640789521,-1.0133489230642987
TEST_05895,1.403501368637232,0.3431400135560737,0.3217058917707066
TEST_05896,2.5972306302667274,0.25680401907471256,0.8969737393292567
TEST_05897,2.170664649923795,0.3756896169610778,-0.048605104533139924
TEST_05898,5.40327213342843,-0.9643969992850111,0.06517471697842822
TEST_05899,3.5106926576077675,1.1965123600938228,-0.7479312624027684
TEST_05900,2.020135855179429,-0.31368070143936067,0.5109529683338239
TEST_05901,1.5236776276147737,0.2983513110537356,-0.25534178648383254
TEST_05902,2.079778788535473,-0.7682258569416492,-0.1334962466548281
TEST_05903,2.1585624869457805,-1.070514160497008,-0.1341527638805415
TEST_05904,1.151616247559801,-0.20390502184359788,-0.0790980352973042
TEST_05905,3.826774554000067,-0.18634842655054984,1.7916792067483915
TEST_05906,1.4490590091843545,0.47108160295508755,-0.48619370459585853
TEST_05907,3.5947910592241556,0.16952487065680208,-0.37403138937494596
TEST_05908,2.727385852924127,-0.7609313009608162,0.3735101703082238
TEST_05909,4.105811392924298,0.5157309403356255,1.0566467630966714
TEST_05910,3.160144878631155,0.2714357007301793,-0.9032798311704083
TEST_05911,1.7961946414229053,-0.4868651966670243,0.18879138524140962
TEST_05912,2.4919237001799894,-0.14326653050515611,0.32928085205422114
TEST_05913,3.1809919767458976,-1.4300213308987961,-0.279660028993698
TEST_05914,2.46322833727026,0.05501868249121177,0.08216828402412493
TEST_05915,1.6214330969295627,0.10993193250888039,-0.258649653662166
TEST_05916,1.2753280849020245,0.16966185934087263,-0.17152649110667137
TEST_05917,3.49085962645887,0.5092359828734241,0.3371605011078778
TEST_05918,1.6830835076996007,-0.08316599201406606,-0.36892293293100226
TEST_05919,4.766265124611202,-0.9441800376525249,1.1980949148282318
TEST_05920,3.2853780291128385,1.2405287069683122,0.8268433451527581
TEST_05921,0.9661080657047907,-0.6246093355376909,0.23631682410640997
TEST_05922,2.6635392016118016,0.38981478328561553,1.75777333824818
TEST_05923,1.2499343573083432,0.27051972308261324,-0.12261342482735599
TEST_05924,3.137121024028574,0.7811549350334931,-0.38936256651964524
TEST_05925,1.0025363484955045,-0.35718326930896577,0.32852557919942704
TEST_05926,2.0847318263203523,0.42442697276639707,-0.13236685508132834
TEST_05927,2.952129151488963,0.611010031820781,-0.06033698473548746
TEST_05928,3.7120288076972927,-1.778468847975125,-0.010370279273285375
TEST_05929,3.0380228017220645,0.6270762882027245,-0.14812577762898657
TEST_05930,2.5823535496476695,-0.019632074901316913,-0.20168748986464785
TEST_05931,4.042056511247063,0.27848066730205545,1.1140335363861076
TEST_05932,3.331733095892064,-0.9596687998504045,1.167662703815653
TEST_05933,1.4529556006047715,0.3354932565233933,-0.21914206292777363
TEST_05934,2.825993392625554,0.9440677068520444,0.40196675331906334
TEST_05935,2.4787159009435795,0.24520955952563625,-0.31004153932153855
TEST_05936,2.9806782770642997,0.44187451382104986,0.5754178590324955
TEST_05937,3.4069003683365753,1.8536919967530754,-0.1610756169012255
TEST_05938,2.8893929256292616,-0.8116927603361712,-0.8789170402333116
TEST_05939,3.4746203863596024,1.3719379662136444,-0.051337015360337294
TEST_05940,2.996722393396582,-0.8444839583969943,-0.5456735270963725
TEST_05941,2.9900336269276755,0.19639211101162485,0.44868752357226965
TEST_05942,1.40165391125739,-0.5544900977563778,0.17917755289970255
TEST_05943,3.6142389120303355,0.639269991163579,0.9005145323930538
TEST_05944,1.49758828291831,0.08435737230828119,-0.14652469889770608
TEST_05945,2.585530231947984,0.48600284819665207,0.05665041818986795
TEST_05946,2.3431330454433934,0.4348436750979794,0.29461521243208777
TEST_05947,2.367575778915853,-0.3978270488271259,0.03155734463019319
TEST_05948,1.928547254079245,-0.4545093554702716,0.3966924870568908
TEST_05949,4.175013888668233,-1.6033442361936752,-0.16510719047063535
TEST_05950,5.281311701161678,0.40141574503761535,1.5441026970406404
TEST_05951,2.5279478905144526,0.7730316834958473,0.6578671933851559
TEST_05952,3.365066388219092,1.5640538580434205,1.0161364314888257
TEST_05953,3.323399473924626,0.4571742238792305,0.3643876768646776
TEST_05954,2.559733256803494,-0.46741060896048303,0.5821884467752348
TEST_05955,1.692011469526758,-0.19811872675773776,0.26176297280423205
TEST_05956,3.910455794617299,-1.1520145099821395,0.30123098620442723
TEST_05957,1.7572960344117803,-0.24639428288008644,0.27065096495652013
TEST_05958,1.6888882972917802,0.8581035590915969,-0.6553385235860705
TEST_05959,3.690157619522623,-0.7910451465053199,-1.3083770133554622
TEST_05960,4.543826854426338,-1.3987265717267678,1.2280047982161022
TEST_05961,4.980391078839198,2.0260634824487664,-0.6882611953944978
TEST_05962,1.7072108616853474,0.74801513783231,0.24231607835356167
TEST_05963,0.9721147890183437,-0.4318660410407475,0.28125200290548474
TEST_05964,1.897072258784872,0.6619502448012152,-0.024679290285693496
TEST_05965,1.7552549506590822,-0.5786010165586798,-0.004613168700093728
TEST_05966,2.545194230631477,0.20865254831111388,-0.9702606467132379
TEST_05967,3.6641062708196923,1.0768045627474871,-0.574934304694968
TEST_05968,2.5237097041333723,-0.45742977256116263,-0.8633559685840839
TEST_05969,2.618352808573045,0.04015783126609371,0.18318413596150399
TEST_05970,1.5672084945892624,-0.18048308205045366,0.2230279525399443
TEST_05971,3.218392694979345,0.23479840725203094,-0.6474324363622679
TEST_05972,4.43145544158122,0.8307902120723046,0.02908953567241126
TEST_05973,1.76936219512783,-0.08040882878164021,-0.05836267808775238
TEST_05974,2.0667912180997305,-0.8894499410912388,0.7919840735502627
TEST_05975,2.4954229091085787,0.1553934589907181,-0.21581606201476125
TEST_05976,2.9411547101069306,0.9156825125374766,-0.06447127041637292
TEST_05977,1.6398536194433107,0.8534752894297519,0.23969074543747892
TEST_05978,1.5120145706051222,-0.2519656985198381,-0.8625103128314262
TEST_05979,1.1807183217247321,0.011971832541032231,-0.28941319686843736
TEST_05980,2.457048486824704,-0.11594358855724521,1.025733299241646
TEST_05981,3.3697925894989815,-0.07829476367575772,0.6168001361238589
TEST_05982,1.7660063695336203,0.17522972209427756,0.29972073626918727
TEST_05983,2.0525576860388868,-0.8102718550536436,0.6621755981707369
TEST_05984,3.2704845373106712,-0.41334158413482636,0.7473110953143497
TEST_05985,2.5353654926129696,0.6288521125884028,1.4179726880550154
TEST_05986,2.065199746756363,-0.425573052598467,0.8727671331922473
TEST_05987,2.351364293682221,0.16546953759766334,-0.3913042945332523
TEST_05988,1.9985950083036614,0.6112271219837386,0.19357763994136087
TEST_05989,4.238061048918324,-0.9206862376916566,0.28230700821602783
TEST_05990,4.773273050415207,-0.3868986618854565,0.3329820738617854
TEST_05991,2.446877630177175,-0.3738353426745983,-0.4969278271279513
TEST_05992,2.3722374344558563,-0.9895534659298333,-0.22927278468878196
TEST_05993,3.403368070753611,1.6698058718857725,-0.8884197348637973
TEST_05994,2.3442028394321612,0.24216039286547034,-0.03424567612683428
TEST_05995,2.209379249987322,-0.7918306686268257,-0.27377453769343163
TEST_05996,4.184991509734593,2.1370249783301025,-0.5480497982312632
TEST_05997,3.3592823073566382,-0.6818938027732065,0.9866442588370649
TEST_05998,2.0470191130750393,0.9880125297477331,-0.27101397082466444
TEST_05999,4.8185923391873065,-0.018034552600357044,0.4556896366857684
TEST_06000,2.888170386215557,0.16557675769550653,0.3525609437311869
TEST_06001,1.7658607806772053,1.2070235367698068,0.2654244775320061
TEST_06002,3.468498553279473,-0.5365065605723878,1.251050985266966
TEST_06003,0.7870897921952629,-0.30026792971870236,0.2362366212097213
TEST_06004,3.456521254491354,0.861232244818613,-0.1982111847337186
TEST_06005,2.620707105757259,-0.780568842196439,-0.9625100006086829
TEST_06006,4.288352538455449,-0.6561991305603999,0.02380769429107271
TEST_06007,2.5259978181750835,0.1643844933062811,-0.617196163275477
TEST_06008,1.572315959211615,-1.0738955694684973,-0.2893765524219858
TEST_06009,1.7618790161275795,-0.13962271471243304,0.26398662110365584
TEST_06010,1.7875129842659871,-0.21503435765310833,0.045626255379358896
TEST_06011,3.155958361367132,0.17496157059530926,-0.6275086803335235
TEST_06012,3.2418719375139617,-1.7006615740122604,-0.4001023183136708
TEST_06013,2.871587622357257,-0.08189614965313145,0.31134959100155696
TEST_06014,1.7403181612582737,0.5587444320635172,0.07143216996778948
TEST_06015,1.85370328244546,0.34118385548790253,0.5508797311983784
TEST_06016,2.138506210637799,0.5608854919784041,0.22268266940044618
TEST_06017,1.2748720051417508,-0.16114763646316485,-0.7416574527297973
TEST_06018,2.764896978260415,1.2193227836393867,0.555037290247172
TEST_06019,4.668107896075264,0.1733189182782386,1.220681181968945
TEST_06020,2.948627117368219,-0.0734476443647085,-0.6450542249021914
TEST_06021,3.37979846304702,-0.03800157483149801,0.5901589812890988
TEST_06022,1.6449560923704083,-0.08554929680389446,0.2513844233459753
TEST_06023,4.102161784932359,-0.11585035142425018,-0.25356515011297737
TEST_06024,3.3669913360939554,-0.362426935044252,-0.4127095447087699
TEST_06025,3.4429150818835,1.765382897548581,-0.33013457771025584
TEST_06026,2.219836042862198,0.11165760214413208,-0.4044504289706662
TEST_06027,1.6281973532279739,0.5492911637799349,0.2817900521453914
TEST_06028,2.042719175942669,0.7558633223253876,0.1988358469012976
TEST_06029,4.165816669654551,-0.74249041006421,-0.7607402663309515
TEST_06030,3.2353706551443433,1.1453386944040254,1.0827750626210804
TEST_06031,1.4551446526765224,0.12656638339564055,-0.23996805960384077
TEST_06032,2.7771533532465718,0.40655585594358556,-0.12875214778937716
TEST_06033,3.7722579218202226,-1.5168885157533627,-0.23128608363302375
TEST_06034,3.250904250050089,0.5976982943821298,0.2659662875266648
TEST_06035,1.0450068461758641,-0.061656878041833944,0.11056987130702904
TEST_06036,3.9141227219564363,-0.26430865635232814,1.1853690292249053
TEST_06037,3.4506433065855027,0.44138965099697974,0.8907556880028592
TEST_06038,2.442370951472793,-0.4247554570294822,0.6245507195111769
TEST_06039,3.736851194181877,-1.3441123514815514,-0.4093347476875228
TEST_06040,1.375835888145564,-0.7774934205585027,0.4667398806977575
TEST_06041,1.8949439632457064,0.1826836699060818,-0.3005011498710102
TEST_06042,1.618925102689679,-0.2783902646240202,0.13643459616896642
TEST_06043,2.7843783124650656,-1.0119963440871516,0.2317120671852947
TEST_06044,3.7993468222109765,1.4488561115209952,0.8991378865644338
TEST_06045,1.9874628201248388,-0.9671401431035596,0.21405542952176168
TEST_06046,3.044436502402135,0.20780597255622296,-0.15095362481970087
TEST_06047,3.4342726552471587,-0.17642690778567885,-0.06736425272646474
TEST_06048,1.2046764176190397,0.23973896615948817,0.43558371296696746
TEST_06049,2.3867669744207882,0.3800763661732322,-0.0858766359816043
TEST_06050,3.3322396123620446,0.20449329992331983,0.5781537507610386
TEST_06051,4.270077481697632,0.15223358657062477,-1.1980637432127106
TEST_06052,4.797908038013441,-0.1620169759898365,0.2577034601690671
TEST_06053,2.394923964041344,0.05787353111850235,-0.15296102054196034
TEST_06054,1.6394925835532501,-1.0657891014587122,-0.1457451565779518
TEST_06055,1.808041039709623,-0.2538557708797965,-0.10620023691025439
TEST_06056,2.072659231104745,0.634434252524523,0.38511879840144975
TEST_06057,1.0813822623882272,0.4828027626556979,0.467263584388215
TEST_06058,4.109884228676873,-0.05690217838994331,0.36977731135958997
TEST_06059,2.3409518056275274,-0.29900569471565525,-0.4013243670951985
TEST_06060,2.8794050168629384,-0.09476019448040879,0.1695101532003535
TEST_06061,1.6102662996640358,-0.13730667286747758,0.09483870967206721
TEST_06062,2.3110019653271268,0.6410688451126326,0.7711773081002327
TEST_06063,3.4796007960305237,-0.10965525107369263,-0.3373975160157791
TEST_06064,2.9980782467772,0.45430234193577246,0.6196552500001015
TEST_06065,3.5263209192598826,-1.6539456392947016,1.2758554644730793
TEST_06066,3.590728392165184,-0.08106911042554726,0.8299140454439493
TEST_06067,2.6180568847123102,-0.15978225044442465,-0.2709230326525783
TEST_06068,2.522025218728606,-0.45811139346368657,-0.07236323724425998
TEST_06069,4.232576601847774,0.5286073532030331,-0.820155164715068
TEST_06070,2.8011147790629702,-1.3388642677818676,0.29722298103932343
TEST_06071,1.6913394219709839,-0.5530481206076613,-0.2193539503629653
TEST_06072,2.310821120974127,-1.010205124665376,-0.07802123240542405
TEST_06073,3.4615205256052257,-2.138250335136193,-0.6837290519855059
TEST_06074,3.198059078915208,-0.4816208877446793,0.5437495058797447
TEST_06075,1.5554769242805093,0.18462024531767965,0.46186754260788787
TEST_06076,2.9112931709874377,0.8331724153104582,-0.3378558404048038
TEST_06077,1.7066890732596738,-0.1673456536646157,0.0878016015368227
TEST_06078,1.9168361168490005,-0.20079064702545366,-0.4260194321562677
TEST_06079,4.259223562960698,1.7112601978493183,1.5369028738193942
TEST_06080,4.18967943028952,-0.2705870410369509,0.5042327163405737
TEST_06081,3.7661949273231206,2.2942426416780926,1.3676246555493603
TEST_06082,2.642134400237147,-0.7574851483532556,-0.5898067854691923
TEST_06083,2.6667690756059206,1.8657704634379333,1.0064655154771314
TEST_06084,2.5649660322130967,-1.2344129617629844,1.104874500539637
TEST_06085,1.6918228060712919,-0.30076683358760425,-0.3575263535532199
TEST_06086,2.3627564147845073,1.1247531599990124,0.5894796817251328
TEST_06087,1.5727466346983703,0.47053630260969487,0.014487056280608852
TEST_06088,4.667877937995504,-1.6514940733865882,1.2100509313625518
TEST_06089,2.885641449326115,0.23608025221064094,0.20852518496656378
TEST_06090,2.4675147564147304,0.6484834092568091,0.1998501799120511
TEST_06091,2.3653109343382157,-0.10146243640709941,-0.5945208154928321
TEST_06092,3.9188910268384176,1.1922081711246335,-1.3543028477302108
TEST_06093,1.1696208833885287,-0.20341867935602864,0.27086254893914585
TEST_06094,3.526098304829709,-0.6188633337544575,1.1864462647312877
TEST_06095,3.4792969218854597,0.8940844093661452,0.2901607292091664
TEST_06096,2.5157484039791664,0.20602634193938474,0.2394733892930865
TEST_06097,2.727798281351522,0.47517602912438484,0.33190269349554014
TEST_06098,4.383413929143011,-1.5431682354580876,-0.037173448708237335
TEST_06099,3.1961442239916837,1.354474667086498,1.2315868926128275
TEST_06100,2.5356958320149365,-0.7457120023333607,-0.3897621968124933
TEST_06101,3.0334036701645175,0.4255259514492458,0.6882301328444371
TEST_06102,2.2261635708049825,0.44605630108141414,-0.6025609068380884
TEST_06103,2.0828174972737115,0.6875306592484778,-0.30057455162927443
TEST_06104,4.182135520973662,-0.05442235792390879,1.0809657038949545
TEST_06105,1.5879042955280782,1.1312533012863166,-0.6261248311697865
TEST_06106,2.3410605415179178,-0.010542784080130815,-0.8078488593993662
TEST_06107,4.228511317752896,0.7487326549331714,0.8967777434306358
TEST_06108,2.150742879710146,-0.569347467138197,0.1747619337896054
TEST_06109,2.480829147405563,-0.5733635733529476,0.5467304182129678
TEST_06110,1.133431166118298,0.42734546925866346,-0.03435454024443769
TEST_06111,2.539790119924439,-0.5789102932366185,0.29445307307776913
TEST_06112,2.993889784733292,1.3220007893133827,1.0460647436407207
TEST_06113,2.452651501038654,-0.12306037199088146,0.5919679485749065
TEST_06114,1.9213719898903567,0.16862422001931354,0.1762902512452666
TEST_06115,2.3303431366252614,0.6134623934342943,0.889717323895037
TEST_06116,3.9038435722682143,-0.6337220950692253,0.9831879741428075
TEST_06117,2.2439820010710974,-1.0260475372078741,-0.02557888592375317
TEST_06118,2.625994297991327,1.1989602166171747,0.5053269292962547
TEST_06119,5.846037982677281,0.7835997224846083,-0.47997336696093923
TEST_06120,3.135217739615286,-0.5238809931447561,-1.1150693727921739
TEST_06121,2.1236107966647464,1.273285232904325,-0.3081378017707485
TEST_06122,1.897077111841253,0.9022048821990318,-0.34048596983534163
TEST_06123,2.5241770838279307,-2.27450188459208,0.21964546144142594
TEST_06124,2.4109760182875704,0.3878171211072409,0.8615391367146166
TEST_06125,1.597024256231555,0.2782872169644713,-0.20396898222942286
TEST_06126,5.177850648199909,-0.08361405794760367,0.11241928217294155
TEST_06127,2.0588297369550173,0.5286927907310406,-0.5040977819129989
TEST_06128,2.7558681374260248,0.7674494990221905,-1.0195684956643543
TEST_06129,3.2218510184869076,-0.1730368886580975,0.16654403369404686
TEST_06130,2.5713575167405325,0.0020243389401144425,-0.6061220716100688
TEST_06131,4.3609378101033505,0.33065488281337724,-0.3397627843910862
TEST_06132,4.775223659937465,-0.15376026453993802,1.7771176515426637
TEST_06133,2.0612317783372474,-0.4390398290123804,0.5340177398634485
TEST_06134,2.4323389755057243,-0.013662453095260454,-1.0732493233556633
TEST_06135,2.644047614478934,-0.7979901843680277,-0.15926096550238553
TEST_06136,1.623391553466011,-1.124157209728858,-0.32185599541108384
TEST_06137,2.2155411562687717,0.5470975691319508,-0.730545668406531
TEST_06138,4.571592088126696,0.2897825991184749,0.768014114597765
TEST_06139,2.9473338591680482,0.15304224462619162,-0.8745685100426529
TEST_06140,2.6944936917314855,-0.900808033359616,0.8730905306963742
TEST_06141,3.0487263765241934,-0.1795926723909892,-0.6198181000550087
TEST_06142,2.200176881745365,0.9401039519433849,-0.6701784965665926
TEST_06143,1.4429564938026134,-0.38114481067614553,0.3714251508977039
TEST_06144,1.6985755559030071,-0.6569447163929673,0.05099123580662934
TEST_06145,3.741714017962141,-0.6680444571460245,0.6419861839919436
TEST_06146,2.1355964866055164,-0.1842568928212925,0.14721962849777337
TEST_06147,3.450370509016684,-0.395380697482637,-0.6793673940086613
TEST_06148,2.528174276333981,-0.559937675687298,0.664803990059992
TEST_06149,2.3114020328649736,1.1830618399145574,1.3989271596878758
TEST_06150,4.276431696278878,-1.5739756243166252,1.686124789783033
TEST_06151,2.8637103882174926,-1.3265620048119486,0.37251316205782675
TEST_06152,1.1859455264878933,0.47289069095708336,-0.03534998649023527
TEST_06153,2.6816241043499525,0.16423559130816434,0.7859273791710611
TEST_06154,3.0520680640972757,-0.38588856625819873,1.3040727293234482
TEST_06155,2.111942086508349,-0.08548043504175273,0.022787027403544022
TEST_06156,2.239291111613938,1.2360304446028483,-0.4934338762866985
TEST_06157,3.503347121227725,-2.2310821421638645,-0.8674771008179053
TEST_06158,2.6038184600502894,1.7183601415580514,-1.022603852337632
TEST_06159,0.9768922383733454,0.4590471111636278,0.12861003977428911
TEST_06160,2.909910494670598,-1.6504948312225667,-1.2791770740854034
TEST_06161,1.4394253956747065,-0.5003423271998151,-0.1656795111083588
TEST_06162,1.4386326561415155,-1.2397593904919453,-0.2933379042594095
TEST_06163,2.4961923790919793,-0.47578706437425755,0.006501776925713376
TEST_06164,3.2675313361481755,1.4962400405429772,1.7220782086065203
TEST_06165,1.3023167208683302,0.19730637558846278,-0.05960528388296939
TEST_06166,1.884428739768733,-0.32106427735701865,-0.13224974500737996
TEST_06167,4.468753054077448,0.10488430871938732,0.006626793926776095
TEST_06168,2.528248815111166,-1.203233006989965,0.7560100389426359
TEST_06169,2.732813640792458,-0.38053045751876835,0.06583083215612769
TEST_06170,1.6000060671669016,-0.39315585779880174,0.22933297936027344
TEST_06171,2.775820067946734,-0.13945748477706865,-0.20656549591935364
TEST_06172,3.2890816101047355,-1.122863850429179,1.0937991267502711
TEST_06173,2.2932567059022855,0.5402781672322229,0.33517395234843794
TEST_06174,1.6287440229051415,0.015583915706578017,-0.5120051896075336
TEST_06175,1.7983363384251532,-0.3395128499836651,0.17274203169050445
TEST_06176,2.4118176173503723,-0.9243406327827262,-0.8361636701201002
TEST_06177,3.1035064537006263,-0.5296507349891291,0.8573538102136808
TEST_06178,2.563934120148784,0.9679725136854725,1.2232870935818583
TEST_06179,0.9718039660620632,0.2145549438184603,-0.2664057771251483
TEST_06180,1.4765402805770123,-0.1544641970857545,-0.10360730918364988
TEST_06181,2.8186602996566985,-0.26754515191218714,-0.6427239073173915
TEST_06182,1.9430804198954572,0.22814915802948532,0.07950729067108905
TEST_06183,1.353549349485423,0.15383965656976772,-0.007822946005680956
TEST_06184,1.2226613688589822,-0.24074675008195975,-0.13135257428321678
TEST_06185,4.024243685943453,-0.9690097971676065,0.29075704739951397
TEST_06186,2.677398873766316,-0.13901783886896732,0.032635327154421995
TEST_06187,3.5971239408108944,0.8347225406241054,0.8659614941564983
TEST_06188,2.902487016171946,-0.4497511351744715,0.07958364534124476
TEST_06189,4.922423348436639,-0.5557164502135845,0.8810520471234214
TEST_06190,3.008753530909316,1.6595041647556164,1.318941217435442
TEST_06191,1.8482555152761542,-0.9375332991986433,-0.4050745660796401
TEST_06192,3.38755140816126,0.008522730279882608,0.49476546092004486
TEST_06193,2.555883166576748,0.268215490491819,0.09473218550717598
TEST_06194,2.61249978392577,0.05400335048775117,0.4960213055194782
TEST_06195,0.8109168385616431,-0.12797612378376888,0.007807866541032575
TEST_06196,2.9047327952210904,-1.6102845912369466,0.13568199277028226
TEST_06197,2.2286050662589023,-0.7464830743347353,0.7935175504295646
TEST_06198,2.9459417026508095,-1.4118597687433707,0.7061282418380957
TEST_06199,4.8392405883621255,-0.4624589516731743,-1.2629406202068687
TEST_06200,2.8968574366055373,-1.5932569386843036,-0.8039895116729466
TEST_06201,3.579063605004973,-0.48058229986646805,0.4283235518901103
TEST_06202,1.4079381932613486,-0.2823776863001978,0.5584255343372251
TEST_06203,2.630572757564799,0.6672108461118118,-0.4317739265987177
TEST_06204,2.281957568370197,0.29256406384371425,0.9926840227133716
TEST_06205,0.8980658128365407,-0.17046704017351416,-0.013151549961283968
TEST_06206,1.316346248552506,0.5905869300666873,-0.28394447808971734
TEST_06207,4.862946174418557,1.26225790301568,-0.16910832507515758
TEST_06208,2.654393673534902,1.8247239884358166,-0.6511788763433592
TEST_06209,2.000520339087015,0.48892663923097546,-0.14109345408994686
TEST_06210,1.2247173728184937,-0.3445148647469408,-0.2166852762215093
TEST_06211,2.241423150865542,-0.5828822739189454,0.6725520055794667
TEST_06212,3.4147159674051983,1.2522153974501538,0.3781286124971243
TEST_06213,2.703877214268899,-0.4572496579241747,0.16215447423461382
TEST_06214,3.0197485037961584,-0.18026713682602127,1.4680543650553528
TEST_06215,1.1767447896457137,0.6103308936962206,-0.31107908799368117
TEST_06216,1.5333100584969959,-1.0783622473509111,1.0012300478480662
TEST_06217,2.348830530332767,0.7319187440692593,-0.6562819980698067
TEST_06218,3.864919436549419,-1.151616291440781,1.2110044462386906
TEST_06219,3.9446723777303814,1.2724191714959716,-0.9649762071054176
TEST_06220,1.2521497751174144,0.27987085107115284,-0.2519848578740447
TEST_06221,3.576189320799759,-0.31225247734261075,0.6037044243863873
TEST_06222,1.1661614283850412,-0.08630845378818688,-0.032833533520904366
TEST_06223,3.368308081689288,-0.14258500338374247,-0.3067368734736029
TEST_06224,1.7400334095882066,0.5910675256356561,-0.3287827647607472
TEST_06225,3.133874236409832,1.404195911643727,0.589953119469565
TEST_06226,3.2042628373371205,-0.05014346584037276,-1.06128364836087
TEST_06227,1.7023835640585063,0.1995323778926366,-0.09780688406989563
TEST_06228,2.5542729846184167,-0.9087885065980975,0.4937953394889467
TEST_06229,4.63538311265212,0.9024286677855872,-1.0200586541654524
TEST_06230,2.3069865635720728,0.3657466525585982,-0.6620365969609677
TEST_06231,2.339147272071497,-0.06088148600304303,0.04175058446350605
TEST_06232,3.757383033396432,-0.9058394477741208,0.5767473064310359
TEST_06233,2.6620266217464756,0.2796695547679063,-0.4144979182012675
TEST_06234,3.1437661127151215,-0.2877837309717485,0.12120818361933557
TEST_06235,1.4996695552172894,0.6103399001020242,-0.5043954502958348
TEST_06236,3.6657443825384077,2.1904704410048774,0.7601827792790563
TEST_06237,3.6213627589399793,1.7893107208205532,0.8029298550573565
TEST_06238,3.2577433465298724,0.5233910799265548,1.2612316825503493
TEST_06239,1.061211394664896,-0.41425683159660015,-0.1725916757031069
TEST_06240,3.955281122810064,-2.1208252748211387,-1.1309204733658826
TEST_06241,4.446572401773876,-0.0934129442623061,0.22551207433908357
TEST_06242,0.9327063645876094,0.5874299468253112,0.27681672484999426
TEST_06243,3.99382717269715,-1.1805133242484651,-0.5443292230775065
TEST_06244,3.4222273095716282,-0.34084066838632704,0.1585503793569503
TEST_06245,1.5305812924791193,0.48010976290285373,-0.32896830569754987
TEST_06246,3.4861887247054084,1.0832937904402231,1.1370635190229796
TEST_06247,3.7795680165673464,1.4060122777653616,0.5510480767377409
TEST_06248,4.484359814432579,0.9250499218694833,0.6153019026221493
TEST_06249,2.181646585769859,0.28120318094259666,0.17064647524547355
TEST_06250,3.1176325282763515,0.6422400890084388,-0.8266182763040558
TEST_06251,3.511284992342432,-0.13863924456541477,-0.1843798896899372
TEST_06252,1.9632984633189918,1.5054014993485776,-0.47026750188852373
TEST_06253,3.0967017606395792,0.05123544385924039,0.49692955683494017
TEST_06254,1.15645433193081,-0.06915095698750442,0.228022175682555
TEST_06255,4.231269122714912,0.35885948800580836,0.8339365211889315
TEST_06256,1.827743403503552,0.5818742446249224,0.20317307872453488
TEST_06257,3.2281205683483196,-0.42909174221910595,-0.5488692624446699
TEST_06258,3.168623718137772,1.1591189024288704,-0.10697435253277401
TEST_06259,4.167396631111223,-0.8364332187754389,0.9947343317407514
TEST_06260,2.253533047584463,0.7554010928324164,-0.7335075635614322
TEST_06261,3.4620011744637154,-0.4750990988505736,-0.8435633454517911
TEST_06262,1.9118062811568046,-0.41224839010176967,-0.3528990895015234
TEST_06263,1.3799070971397995,0.10292858382693515,-0.5644176324912747
TEST_06264,3.5710955184506323,-0.5699639117858123,0.20859815936444936
TEST_06265,1.3483327422291116,-0.5945440845904107,-0.5403753705238534
TEST_06266,2.4898613021052474,0.22142876829437882,-0.4087609746580757
TEST_06267,1.486939036979037,0.018480168758125092,0.41963231359579123
TEST_06268,2.1911254139181837,-0.947244670921454,-0.00037863905895118167
TEST_06269,0.9537461600498746,0.3132486642297531,-0.05265836854776463
TEST_06270,4.909735704646901,-1.1812262981087207,1.2787260112922407
TEST_06271,2.062822864401744,-0.43314474597983454,0.10845868975495138
TEST_06272,1.7328244799507453,0.4728182546893459,0.5520906747667361
TEST_06273,2.50599567502948,1.4993445917855233,-0.7997068029355954
TEST_06274,3.052254564989555,0.04306432700743732,0.9172249963665948
TEST_06275,1.909495359974025,-0.5696773334360885,-0.22919781442631212
TEST_06276,4.626074550875547,0.8787896332323328,-0.5027090082523031
TEST_06277,2.1557633582432625,0.64661858115333,0.29684031353085666
TEST_06278,1.3065862391303666,-0.48100385527456185,0.602831274211476
TEST_06279,1.5807784710677426,-0.9175745175570589,-0.5611182114968314
TEST_06280,3.121735748275493,0.28874803921473063,0.4744799426556229
TEST_06281,4.268199975843325,-0.008394393295123979,0.8225489426158276
TEST_06282,3.399568680629128,-0.2051062305871026,1.193127131337435
TEST_06283,1.3114490019575449,-0.9510985300541114,0.11745459421834183
TEST_06284,1.7763436911479749,-0.0243491996525583,-0.1928111353235287
TEST_06285,1.127454968343355,0.20641330872896116,0.2503982062950613
TEST_06286,4.514796109212151,0.1730522242524408,0.24079448500119832
TEST_06287,1.6918044231149099,0.029011270765856523,-0.15735961585955982
TEST_06288,5.22332164371516,-0.8179326687218792,0.3433964497559903
TEST_06289,2.9862195776103975,0.34108528161287804,-0.42689306164407637
TEST_06290,3.3282404199836906,0.20686806159904192,-0.025227351708735052
TEST_06291,1.2411376410526627,0.16464974037954763,0.22928495738225924
TEST_06292,1.6880774599312083,1.161921644188995,0.7751239617482255
TEST_06293,2.9490162958873145,-0.35537604529323213,0.19686654638086315
TEST_06294,2.3102212403037927,-1.2943931206643944,-0.18004674168735002
TEST_06295,3.4878994371871888,1.0211908275738504,-0.6314305936505217
TEST_06296,2.006618779868274,-1.3334696180854737,-0.18664518974414074
TEST_06297,1.8292858694131162,0.14832966188208727,0.15547801323941587
TEST_06298,1.810882608043232,-0.5439216845124052,-0.7224746031910863
TEST_06299,3.168273509568285,-1.2326839048758962,0.06817978883083425
TEST_06300,1.7016729945766855,-0.1943973132681064,0.1141990486344381
TEST_06301,3.5057397415696294,-0.045696392334559695,0.345686522008571
TEST_06302,1.2214825042868074,0.18117974796898612,0.281702279671446
TEST_06303,1.8867743487744295,-0.3754189031146341,-0.2131820228819869
TEST_06304,3.8369747537442613,-0.2293372419765523,0.302317034270408
TEST_06305,4.207441417825547,-0.41077374988705057,-0.3777232250352363
TEST_06306,2.4267389165080138,0.26524093795557807,-0.09684737695833381
TEST_06307,3.606304997973544,-0.10812602250894325,0.10244653465899341
TEST_06308,2.59655092668666,1.0113077277058486,0.6298083156784577
TEST_06309,2.9688403363446794,-1.3014181791430834,-0.21047835871978487
TEST_06310,1.8840755515552152,-0.426082403916149,-0.07476057783320804
TEST_06311,2.366140774189321,-0.01987259095789455,-0.06428913415835245
TEST_06312,2.536754091658496,0.3299714955957116,0.927916123522844
TEST_06313,2.191098231653881,0.30485600318965134,0.41155073652921564
TEST_06314,3.064563796955586,-0.28491638315972095,0.8742196005693891
TEST_06315,1.9649192193513358,-0.031025339421656764,0.04431027167108569
TEST_06316,3.5089603477807616,-1.7065219154106392,-0.669998562803579
TEST_06317,1.9067898903138671,-0.4853537482090397,0.20977522554455186
TEST_06318,3.8050581048397993,1.3243940519770543,-0.7397266318524235
TEST_06319,4.191119026145549,-1.1577250674154556,0.49842293509678065
TEST_06320,1.716967627717971,1.1421181275730352,-0.2543162239776049
TEST_06321,4.59169314913431,-1.3532269041658487,1.2840970891510473
TEST_06322,3.721878905767288,-0.08220264305531741,0.6149838447857889
TEST_06323,3.5240740422420007,-1.1119392297925856,-0.14024195967048678
TEST_06324,1.8606411207908011,0.04126835112222054,0.28470691541906085
TEST_06325,2.2956447964529385,-0.4913246759068231,0.10693051887767996
TEST_06326,2.6840470328636608,-0.8583821576254576,0.8304388004935763
TEST_06327,2.8596511154303386,-0.7684580380041175,-1.010067417752791
TEST_06328,5.404497440734936,-2.3538066771665287,0.9210201763827203
TEST_06329,3.3730136166202187,-0.3078964209947481,-0.2289072632247299
TEST_06330,1.4639199638277849,-0.6208573279576813,0.10680049162368262
TEST_06331,1.351316976449805,0.5300810370938279,-0.09881689477936834
TEST_06332,2.076098663492335,-0.9883767177977651,-0.267602625753408
TEST_06333,2.3444733994800435,-0.2841658911054634,-0.09335449576858317
TEST_06334,3.5730003565658155,-1.2052155629281456,-0.4759855095988885
TEST_06335,2.3044812516090363,0.5878898212115488,0.38283688831929286
TEST_06336,2.1245363953549083,-0.7119011580748189,0.06860661260586873
TEST_06337,3.050979875105368,-0.7259729195843218,1.2406327240764112
TEST_06338,2.265196223890551,-0.4674620054537164,0.38295670210066773
TEST_06339,4.245117983447936,-0.9270262329131611,-0.2610911211682383
TEST_06340,2.9497340389300923,-0.4230450542243725,-0.05577398823226843
TEST_06341,1.1151095058074463,0.08665285353949424,0.1631593286687759
TEST_06342,1.7153700672564818,0.047495375307792,0.5210004177564531
TEST_06343,2.8430702694846675,-0.0754601854622972,-0.1475426278330709
TEST_06344,1.8568880660617235,0.3359545687118041,-0.3437591426847914
TEST_06345,3.5776817967662202,-0.8365571568168797,-0.32757207420508705
TEST_06346,2.4736516106351694,-0.412449385835522,-0.6202847047081762
TEST_06347,3.997046929187303,0.16982407262576507,0.8207537690992935
TEST_06348,2.7558634328978493,-0.4551480661337067,0.5273317122916669
TEST_06349,3.322398758745383,-1.1380709761897616,-0.596671981076367
TEST_06350,1.5280507401646026,0.7780697535134572,-0.3160123935198419
TEST_06351,2.785369553824497,0.5956379173059042,-0.5673794046739595
TEST_06352,3.3687322652981444,-0.9852692552350314,-1.0181739499810485
TEST_06353,3.9130874683360255,-0.7108710963678551,0.590034398940569
TEST_06354,3.4078675519644452,0.6560013215623024,1.434476901591182
TEST_06355,1.012961859529569,0.10066591693543332,0.32642108161094674
TEST_06356,2.10644079232429,1.2760462599255407,-0.31699455401223087
TEST_06357,3.1714707793553467,0.9210752336442816,0.27618044973489936
TEST_06358,2.765268356125608,-0.6332515193472819,-0.27008484599498517
TEST_06359,4.8352173495008,0.5771138644342556,0.39216032177554006
TEST_06360,4.054979233231455,-0.13533975742667223,-0.15356968102602336
TEST_06361,3.8187241565644503,0.9649169351631061,0.09231671019206103
TEST_06362,4.25616598306669,0.7356014061525247,0.5976982935399572
TEST_06363,4.041307520582325,-0.13134506855580022,0.7164956155872878
TEST_06364,1.999058029200352,0.9686403382279517,-0.21725230070990192
TEST_06365,2.1136546746696583,-0.8470601543447837,0.5175677695916694
TEST_06366,2.934607743243446,-0.3168454270928272,-0.17328894409803863
TEST_06367,4.621974248641386,-0.44507694257036706,1.2703616855697615
TEST_06368,4.901959654411835,-2.0144296714004772,-0.6546945491261261
TEST_06369,0.6903373748613775,-0.04946095244342036,-0.11008580077835718
TEST_06370,1.9656878807039038,-0.699052741688003,-0.207588717574392
TEST_06371,1.2297155089570289,0.15831507558358218,-0.13870755310619304
TEST_06372,2.0270474336991295,0.8823634462660478,0.6690649071050768
TEST_06373,2.4809312099735403,-0.4056821525243053,0.4769097186009696
TEST_06374,2.8363807936319385,-0.1398945008748509,1.5982512659659616
TEST_06375,2.1168088950091297,-0.2070637831244203,0.10009109362091678
TEST_06376,2.5107345743083824,-0.6097385167322452,0.6555434126908936
TEST_06377,4.127829437197404,-0.9230661995688771,2.2172889456094333
TEST_06378,3.561418247052268,1.0363337892593991,-0.6345191226314338
TEST_06379,4.3650789368240694,0.06633994921545645,1.1371585398019064
TEST_06380,2.315464024683158,0.09710499620132135,0.04713877595965913
TEST_06381,2.099099310908402,-0.09048653258566687,-0.8857407044148937
TEST_06382,1.7400963137642464,-0.4297547141279232,-0.3088402894746145
TEST_06383,2.186479468496394,0.05285788209239514,0.7711489676460955
TEST_06384,2.737360489045276,0.19501939730590448,-0.04950857853700688
TEST_06385,1.8527888076151204,-0.23180664654168676,0.5318175745079369
TEST_06386,2.6370882616561677,-0.2728233382068201,0.3317580623081972
TEST_06387,4.509126449717008,0.9611358915857504,1.098994562284137
TEST_06388,2.4164056558151246,-0.008354931533867795,-0.6614620538875624
TEST_06389,3.5979506275778093,-1.436623314580076,1.1155899821086084
TEST_06390,1.888959725685975,0.8103906298129818,0.6414166836088107
TEST_06391,2.3467543419734826,0.6989940181398173,0.32468936253565106
TEST_06392,1.8029917604159416,-0.11096255568554747,-0.08558094656573507
TEST_06393,2.0885597939110703,0.5452875644344075,0.5544047630568956
TEST_06394,2.099444364625006,-0.44623866937408924,0.5596758367899323
TEST_06395,2.6416536452870587,-0.48097561920851994,-0.7655100422732021
TEST_06396,1.8879554520911654,0.12205910596541505,-0.253305590743822
TEST_06397,2.535970369331653,1.002636343954265,-0.10963959017472505
TEST_06398,3.213079544359526,-1.614305499080606,-0.5916725156451829
TEST_06399,3.8954928815943757,-0.8883169593235591,0.4364311392782096
TEST_06400,4.411150672905631,1.2775844799957576,1.1392990214187262
TEST_06401,1.649787025920292,1.0541021195281934,0.5659098067148093
TEST_06402,1.4774888752956898,0.1501290760563832,-0.35640410657325594
TEST_06403,0.8596873792224611,0.22974905806768187,0.36347348884538316
TEST_06404,3.2619706351997695,1.2393983032082634,0.23040247180036968
TEST_06405,2.1052431196530184,0.23953950877259303,-0.142213961155792
TEST_06406,1.1943870562103351,0.05267176884318491,0.10263054593945097
TEST_06407,3.8772997135953484,0.01464687072973755,0.008239875872520275
TEST_06408,5.346636787428138,0.9666572513395554,0.4326793052415262
TEST_06409,3.916231840106551,0.19708662361189264,-0.3230877269865431
TEST_06410,1.5177886394085536,0.46749100960249035,-0.20830253511263508
TEST_06411,2.1658178986798173,0.43424587853399804,-0.7782758105863563
TEST_06412,1.1227151906456307,0.1296588816518807,-0.006985511177491875
TEST_06413,2.0256130188504766,0.3965885449276181,0.24710766593239486
TEST_06414,1.7097698637362446,0.8367951335669948,-0.06640998752824438
TEST_06415,2.8003311578065064,-1.1383013978605945,-0.31878593944805694
TEST_06416,2.788722241558681,0.4703120130101068,0.6216462343395358
TEST_06417,2.4402694479010134,-0.6277739876648053,-0.5027097057505305
TEST_06418,1.7866574902704215,-1.0387387540591662,-0.3085929939644287
TEST_06419,1.7978929208335919,0.4363623503058803,-0.42407400708063747
TEST_06420,2.993554346149094,0.6710498096883444,-0.15418741634588526
TEST_06421,2.7889345461389805,0.2816262804239509,-0.6332681775831169
TEST_06422,1.8173040608584925,-0.22758608737242653,0.2952037800531976
TEST_06423,1.4153178988541746,0.009798643440125623,-0.12740338951868707
TEST_06424,0.9947340011113297,-0.263115692630967,0.05976383625248722
TEST_06425,3.5749915812169326,-0.8325646841582541,2.060916025840638
TEST_06426,2.1560960868818855,-0.3979655683625072,0.5538078714698418
TEST_06427,1.695068827698599,0.42073412159561613,-0.04456651178994822
TEST_06428,3.3008023332888836,-0.016955422698083585,0.3777933284968856
TEST_06429,3.2605873410245976,0.6657517331227825,1.0052508973043295
TEST_06430,4.346177917349294,-0.03180655111848209,1.2085172565855775
TEST_06431,2.573927242971211,0.18416072794022806,0.07834867314812123
TEST_06432,3.3656319359483042,-1.0086476475418005,-0.9559664769527062
TEST_06433,3.2041710433990245,-0.8110762492672217,0.9410998674090936
TEST_06434,1.4412901414947474,0.00948174919149896,-0.09220701275813822
TEST_06435,2.047774394509899,0.4502796314222231,0.1671431084829735
TEST_06436,2.393644325471497,1.3663761320864032,0.29535302239274763
TEST_06437,2.0394987304747394,-0.7839887668482681,0.513845941349621
TEST_06438,1.1030692052589357,-0.4972630355411855,-0.12373125501671388
TEST_06439,5.0771012277348095,0.8892438508592336,-1.124152885603715
TEST_06440,3.8740146734344023,-0.592221773191802,0.4210532657329381
TEST_06441,3.768286757873935,1.8538748110325356,0.5691241546311947
TEST_06442,3.621653707227741,-0.46661493514627034,0.597810741730272
TEST_06443,2.5964908017600883,2.222153930748542,0.8014092675882818
TEST_06444,2.9200825892948727,0.2204841732026882,0.2818944063170909
TEST_06445,2.034495425251205,0.4046977555252615,0.46510396772084
TEST_06446,4.9875097147856335,-1.1280636532315378,0.4506176886314392
TEST_06447,1.898840982019213,-0.23640167735816797,-0.021521913728057358
TEST_06448,5.036069427861114,-1.9400642209381642,-0.6635113922430139
TEST_06449,2.6912896501134247,-0.3396540591055904,0.3397946936096525
TEST_06450,1.5895214014089762,0.5364455072598436,-0.16281131985933076
TEST_06451,3.696725141393987,-0.24324438388611533,0.15986843291002603
TEST_06452,1.585753331019229,0.7540258223150456,-0.5120329522546194
TEST_06453,2.534566877290354,0.09460672252782973,0.49211527254148507
TEST_06454,1.4027161194680293,0.07999624971644603,0.4182188736223866
TEST_06455,3.0777814224114177,0.23733108728457797,0.19690539583544392
TEST_06456,2.473148484902072,0.5729998416853616,0.9681887420802449
TEST_06457,2.37900432268474,1.445463536941086,0.5281654486198647
TEST_06458,2.3120016204733274,-0.628769411026669,0.6521173760253363
TEST_06459,3.35309596195126,-0.4983690949933257,0.5284814468949104
TEST_06460,2.6568967985464176,-0.519884217965171,-0.11059186677138495
TEST_06461,2.4563148748432995,-0.19119320047194405,0.7205925624128222
TEST_06462,1.8402702633217165,0.7158461597177909,0.3953682229331787
TEST_06463,1.9660744329979154,0.7129525936257427,0.3107857317853641
TEST_06464,3.567779776667357,0.0033793200691663106,0.14198172416359184
TEST_06465,3.969326457475654,0.3829179684972762,0.47428684405700794
TEST_06466,1.4240947974547564,-0.35559432042412376,0.10342660800647183
TEST_06467,1.8242578348682763,0.49182263085693345,-0.05094006134516435
TEST_06468,2.4574579126009324,1.0951757669225404,0.35168582119062114
TEST_06469,3.862032647141059,1.1468835808146511,0.36632363959473707
TEST_06470,4.056662044360276,0.05642610351263167,0.9067685828542036
TEST_06471,1.419354791651676,-0.7227809147270835,0.38005866273001376
TEST_06472,2.6222664361235535,-0.2256385190698128,-0.8939907117107597
TEST_06473,2.773011075369425,-0.045542238846400546,0.6573382741215459
TEST_06474,3.1615074833339563,-0.32948816047722834,0.5348883770141201
TEST_06475,0.982861786769228,-0.21199834666374406,-0.02391151469706514
TEST_06476,1.5122824249546356,-0.06356063068193274,0.359760163276164
TEST_06477,3.6521795448098873,-1.5045302064133304,0.5980906345836711
TEST_06478,1.5192062109339681,0.5195355558630307,0.07365769733881043
TEST_06479,2.694058511265721,-1.6036689743460077,-0.9064242833271365
TEST_06480,2.8473556721826667,0.18730534077113245,0.7101156420197344
TEST_06481,2.665431308748371,0.3468307008841444,-0.2520916930534125
TEST_06482,3.7818878074211515,1.6019756866223673,1.6274140655994749
TEST_06483,3.9299790065260325,-2.1158936459023487,-1.0473485801171487
TEST_06484,2.2137340218043366,-0.17539878748545032,0.8303313823512963
TEST_06485,2.6519220335055564,-0.29508284820768377,0.2642413968219579
TEST_06486,4.363968436825947,0.1429410317752186,0.1849795147469225
TEST_06487,4.885016730905192,-1.301044807309665,0.18525097130004584
TEST_06488,2.8433681903901458,0.6945435480921776,0.47385231132554173
TEST_06489,3.573114888159087,0.03170913197083244,0.0660281114442154
TEST_06490,2.3318931363562627,-0.02855056294922017,0.05478944205678316
TEST_06491,0.7916002683698987,0.11954505097562867,-0.1297057929760489
TEST_06492,1.7651912545996096,-0.6555247583680596,-0.26454446406742327
TEST_06493,1.6378786418787408,0.25856602286038544,0.16012324313804094
TEST_06494,1.3182198460218528,-0.519538470055439,0.09040189704484712
TEST_06495,2.6877188115627746,0.9383903094442334,-0.7799818327844649
TEST_06496,2.1176892237266984,0.35668298858394537,0.054899798311166675
TEST_06497,2.3679012342899135,0.3738942637618469,0.08894157064941338
TEST_06498,2.2316225744317335,0.3724752484598667,0.30598098125383244
TEST_06499,1.564453582091364,0.33226289102571804,0.29628702480798774
TEST_06500,1.948005198203837,0.4603183519613578,-0.36811099580636725
TEST_06501,2.7091206305742426,0.045202826746973,-0.06834576841361192
TEST_06502,1.47925155073209,0.009744201933266255,-0.18810022202871587
TEST_06503,3.520456846486345,0.7099378536511132,0.024665654784671778
TEST_06504,3.8795265972337134,-0.26273331979993747,-0.06384169519768446
TEST_06505,3.891715279574644,0.658312693295112,0.5985401677336966
TEST_06506,2.575515307565617,0.18094242145546685,0.020865980847324828
TEST_06507,3.710343276075795,-0.2948555871007886,1.0175362663035556
TEST_06508,2.925783528025015,1.2507002120650712,0.09102222218353057
TEST_06509,1.0643412546397673,-0.15676725207010933,-0.19999901519488392
TEST_06510,1.0333270253197018,0.20015916091346672,0.03131118994250345
TEST_06511,2.680913130408368,0.000894581158793755,-0.06626073040639685
TEST_06512,2.119086312588572,-0.13219966065612607,0.36820955759433976
TEST_06513,2.555975038518627,-0.6371505974036595,-0.7222521280762181
TEST_06514,1.4270720102170278,-0.20400918133836551,0.2532252140078091
TEST_06515,1.5820211587836313,-0.6180302205704248,0.3124624137130888
TEST_06516,2.855629543055195,0.41610607164495717,-0.06591825146024398
TEST_06517,3.383941667393562,0.6508621558125754,0.32203582646033607
TEST_06518,1.742099892905874,0.20941677410709347,0.2013651330893795
TEST_06519,5.6525990416431,0.44587351656856755,1.2979373171354345
TEST_06520,4.367662334117384,-0.360512978654506,-1.4670046240977224
TEST_06521,4.392788419881599,0.8001112579555184,0.20731814461837347
TEST_06522,2.569816370571822,0.08191471756210901,0.05373450033722592
TEST_06523,1.975360442874086,-0.7020430267228595,0.25074590424951615
TEST_06524,2.839765305109402,-0.32854072361674685,0.005775310798045086
TEST_06525,1.143854417371494,0.049216193182501165,0.2473409316192029
TEST_06526,1.7565677101348043,-0.2216914308569573,0.04870881865239207
TEST_06527,4.348809816682872,0.6004044118250652,1.2510155557381373
TEST_06528,4.206754889923961,0.6147944176001681,-0.3729258969111937
TEST_06529,2.8086217876367887,0.6493185662142503,-0.17250156806501046
TEST_06530,1.4125146404639652,0.08247996440143808,-0.11668349294607847
TEST_06531,0.8852136874696885,0.06017230867600527,0.04382908037275342
TEST_06532,4.231507532684597,-1.0348794626859121,1.4599298143839943
TEST_06533,1.6519794437955613,-0.4001177223141679,0.3424033716998093
TEST_06534,2.1276774088867882,-0.472987850576576,0.11691521801762565
TEST_06535,2.1454665980419225,-0.1312388080299958,-0.09107371433198785
TEST_06536,2.0856302268709404,0.6002463618350636,0.8985516845759914
TEST_06537,3.7906916393378935,-0.008420690539002594,-0.3044930396989595
TEST_06538,5.058050393885839,-1.3271878982361127,-0.2075551483095832
TEST_06539,3.0852830086098617,1.2528497073156326,0.06281663750896747
TEST_06540,2.281243981226231,-0.3492230662626947,-0.8490356246585427
TEST_06541,2.336574876050801,-0.01231625860654012,-0.6409461942760387
TEST_06542,1.2456639900639297,-0.029067011113007492,0.10846858188706134
TEST_06543,4.2176608437119505,-0.9653078405746143,-0.9982247326018523
TEST_06544,4.412271115575507,0.4276813580587189,-0.8806577173766307
TEST_06545,1.9913030610566391,-1.7472176736772758,-0.9181868807880256
TEST_06546,2.173211168161729,0.509833261993729,-0.7137744558803918
TEST_06547,2.175534633613605,-0.35744134070058536,0.2908000911668701
TEST_06548,2.923596972045862,0.3808589112716472,0.43920623808364717
TEST_06549,1.835383491116428,-0.342274012469317,0.5390776455959407
TEST_06550,4.643598951399589,-1.1706857838114948,-0.7531377357245712
TEST_06551,1.9722950734092617,-0.3632298916895472,-0.15870198629267576
TEST_06552,1.6901918798860618,-0.16174862528783648,-0.14668932287849176
TEST_06553,1.9179416701744652,-0.22769239439740613,0.28763671134870566
TEST_06554,2.3045733241851356,-0.4120836873410061,-0.0889061506261424
TEST_06555,1.9834212362019696,0.5377658932291399,0.7049889180204769
TEST_06556,2.9611148860536263,-0.4530413768726768,0.29037042920674605
TEST_06557,1.273735366646013,-0.01883863227612447,0.3728110886032888
TEST_06558,3.1081025452985007,1.7655399138208498,-0.6292605354048242
TEST_06559,3.565569287068278,0.977190289037827,0.5777878308707776
TEST_06560,2.8580487033472357,1.6949714155064952,1.1973396067442441
TEST_06561,3.3848384660537305,-0.35454860741163535,-0.44745238895719885
TEST_06562,2.4802971822182758,0.14462496734878058,-0.009052326547546294
TEST_06563,3.902112707413486,1.2968651957974626,0.682814376326039
TEST_06564,1.7932961435669208,-0.41196696304758446,0.5795204605755804
TEST_06565,2.9318537747346074,-0.2118473889712893,0.6237266208357477
TEST_06566,2.203954617607327,0.3038141097721825,0.42031314244869566
TEST_06567,2.84333695792588,1.3220728789549812,-0.7329822471474582
TEST_06568,2.2332253707655183,-1.3719684246088564,0.4872018740862353
TEST_06569,2.9850606196577303,0.24294093298987154,-0.23268853922267976
TEST_06570,3.3833438045029416,0.30319753834154894,0.4754140375685648
TEST_06571,1.4089816208465327,-0.44540654203475216,-0.26266560274050965
TEST_06572,2.0680568761403912,0.033336841305417,-0.8481320030433448
TEST_06573,2.6318587647711102,-0.15271798033037645,-0.06893436844447885
TEST_06574,2.202385812126859,-0.6545572419928357,0.5053949475443099
TEST_06575,2.8257216730673616,0.10960365614513783,0.8723039830740585
TEST_06576,2.6215183439036354,0.9522498572672969,0.06987005871181412
TEST_06577,2.8652941674412173,0.2502382215688436,0.5882798374616075
TEST_06578,5.661581664593982,0.20923567934335296,1.5680832123321002
TEST_06579,3.083393465855357,1.1918671388881046,0.7978923552627305
TEST_06580,1.7908994108321539,0.22892839772403434,-0.3113218931025025
TEST_06581,2.595960946535508,0.22173424868361796,1.0215585386997332
TEST_06582,1.1981845522808505,-0.2399559722365145,0.18113684489077858
TEST_06583,3.5933450069780073,0.3160069318787791,0.003923620945195729
TEST_06584,2.878971201830328,-0.27123112074788447,0.7223223085376369
TEST_06585,5.407109166311606,0.6615603028218269,0.8446034483031362
TEST_06586,3.102277096193834,-0.4248134352940383,0.5956177923898509
TEST_06587,4.078640282251777,0.0320627981939876,-0.8053873220725397
TEST_06588,2.1621086915548586,-0.6144733680864948,-0.30578845456805953
TEST_06589,2.8359920714554767,0.9079868577151524,-1.0641353736629386
TEST_06590,4.520752479587264,1.1444981881107164,-1.0056953057070006
TEST_06591,2.1412389940240786,0.15010366180381668,-0.17017170769499795
TEST_06592,2.187303688482691,0.09748464770966717,-0.808257470079184
TEST_06593,2.5066756058777,-0.6999877660157321,-0.03391037357501845
TEST_06594,1.6720112467531532,-0.44798422555796796,0.23258916476633051
TEST_06595,1.0986813246881912,-0.22787105491484974,0.24437580309862308
TEST_06596,2.8797042635443133,-0.35218862001518714,-0.6949012104175936
TEST_06597,2.0752966808926305,0.13723163241183153,-0.3780551394354746
TEST_06598,1.370163761031191,-0.09385775742863378,-0.2797431585387007
TEST_06599,5.352613797779413,0.27097015564024324,1.9794128129571895
TEST_06600,3.085742139777782,-1.282741301842835,0.26781582375858043
TEST_06601,1.9392065499005682,0.2616464984768665,0.6073714046364938
TEST_06602,1.9918636351276529,-0.8365842065973763,-0.5066574014887238
TEST_06603,1.9413925497289062,1.0978760905566005,-0.8783204597137263
TEST_06604,2.60797177069422,0.6259780437631809,0.921222956555074
TEST_06605,3.104500984916001,0.38599291801202396,-0.2335677518856071
TEST_06606,4.869547910183059,-0.4393948719015719,-0.5387233329321189
TEST_06607,1.6845106260741585,0.4982029890031097,0.026845755598598427
TEST_06608,5.634366125105309,-0.4719593427979711,0.2545357638726268
TEST_06609,3.420233186962773,-0.09118315832348574,-0.26681980953252304
TEST_06610,2.7305076374767134,-0.04680970272468238,-0.3804650220817453
TEST_06611,2.2030038775817293,0.025464768072562798,-0.6883658104780708
TEST_06612,2.0576458387461387,-1.57055545012712,0.9620103399690524
TEST_06613,1.6494982432745822,-0.3773323335633584,0.2692228610938062
TEST_06614,2.673425232254299,1.0484569122807335,-1.0487389789595427
TEST_06615,2.984193557785604,1.1631032974885205,0.5320562457114864
TEST_06616,3.249499793986457,-1.1007646090315957,-0.33244519344010814
TEST_06617,2.7644973581868117,-0.9082853382986253,1.5265800343247733
TEST_06618,2.0377577916964085,-1.108004139050228,-0.6733174354129841
TEST_06619,2.7333692802594403,-0.4854604789915492,0.3727834596714167
TEST_06620,1.6221635321469454,0.4272373041135991,0.4483674796034822
TEST_06621,1.3380631994716308,-0.13202725137729315,0.17193647709055115
TEST_06622,1.8061186554367559,-0.3919652493977078,0.24389558951102164
TEST_06623,2.991509661575921,-0.5196760765673571,-0.19234268674243443
TEST_06624,3.188177883602615,0.1316240558792644,-0.21928373866314937
TEST_06625,2.9433089385693076,1.3743145650712945,-0.8855417461204343
TEST_06626,1.0732118493667566,0.2059223238957347,0.28308953317238195
TEST_06627,3.5352390349319496,0.20253738439829322,1.2337139752925128
TEST_06628,2.3093993921248157,0.07780604397995872,-0.17873466682309838
TEST_06629,4.192198371332824,-0.9587001166622042,-0.27389481943028104
TEST_06630,1.964200879275196,1.483104800480965,-0.6758472659641085
TEST_06631,2.1042168126138003,-0.03431722906652472,0.04117289946498296
TEST_06632,1.3579924809819481,-0.6465714462739433,0.7073265584774555
TEST_06633,2.3470850140737047,0.3614523643991742,0.5097088653402315
TEST_06634,1.2207390496429396,0.15725639438276648,-0.27075077202977377
TEST_06635,1.2248463395154976,0.23912810500557133,0.3741436891437921
TEST_06636,2.425421833538499,0.4313182151384745,0.9449782761677453
TEST_06637,3.5866798367643877,-0.7614005799394065,-0.3799995649257739
TEST_06638,1.9834346667636757,-0.4849091904591882,-0.19335016233638694
TEST_06639,3.8415194970965727,1.048387855313236,0.23082957724678546
TEST_06640,4.597893036000176,-0.029808255494086035,1.444976964719434
TEST_06641,4.771737258476265,2.086522206795726,-0.8383751282551306
TEST_06642,3.9629610756834146,-0.7780427220473256,-0.759809577058627
TEST_06643,2.7063170712231837,-0.3709470212270439,0.6771428057496564
TEST_06644,2.8217186993249515,0.6541031840595986,-0.4740016449734133
TEST_06645,2.2087373087373185,-0.8658884452068242,-0.17014188024710664
TEST_06646,1.5230250244835586,-0.6575307218553909,0.40110422609725194
TEST_06647,4.718976165487315,-0.7433228771315241,-0.9863420121059503
TEST_06648,4.44658232019044,-0.3810957922264045,-0.030836620844689935
TEST_06649,3.144578505196751,-0.10194170385852472,0.3046114102887277
TEST_06650,3.3206330764702066,-0.0856866306650696,1.1926517174083606
TEST_06651,2.396861942746643,0.1722455204236945,-0.008071368585954104
TEST_06652,2.5239220781990723,-0.3203406317333545,0.7518299428019084
TEST_06653,1.271619633356739,0.48077466639735084,0.03843934043990978
TEST_06654,2.0313175222329076,-0.33281095637486213,0.925605160219628
TEST_06655,3.7078100397809157,-0.09287594435604564,-1.0937038916759287
TEST_06656,2.837384480688698,-1.0035990066223603,-0.7458056570163233
TEST_06657,3.74507128851048,2.068453807498954,2.262612221015335
TEST_06658,4.7514296488685694,1.4761693736325923,-0.7531365647663557
TEST_06659,4.198728303690245,-1.3321945896990164,-0.1808497110178886
TEST_06660,2.066237453159212,-0.9651047222641446,-0.8453234716089764
TEST_06661,1.879825668745226,-0.35424317932044974,-0.165713055095199
TEST_06662,1.658668447189155,0.32386587419847745,0.04855996718569146
TEST_06663,4.476344980382319,0.267716982360937,0.8279608902386817
TEST_06664,1.6018649526945363,0.6674411272544494,0.26817510805878714
TEST_06665,4.206171833355885,-0.2799313356374936,0.4990224877586556
TEST_06666,3.183336847705381,-0.5431923102272943,0.7074011827421797
TEST_06667,2.6226557677366062,0.7616290518152388,1.0053702096479504
TEST_06668,2.6722568915305884,-0.7366447115231368,-0.004470017401011859
TEST_06669,3.7985452221866978,-0.6038586221404959,0.5995333939405826
TEST_06670,2.6290067544790476,1.3676391049621306,-0.7475781375731968
TEST_06671,1.8370790998116808,-0.6058757810702656,-0.35003067829324624
TEST_06672,1.4628679631926156,0.20782640982533576,-0.13303412040472887
TEST_06673,2.689514593314833,-0.1344722410604657,0.49947834619616055
TEST_06674,3.630325479295592,0.07980038118949169,1.1276369688372478
TEST_06675,2.0656577474419477,-0.3361171223615162,0.3393889406088719
TEST_06676,2.771331987970383,-1.5930546649447084,-0.5031773248299454
TEST_06677,3.1515369930733197,0.3532856315769445,0.8636891990932578
TEST_06678,1.4308760687870523,0.1359608649765212,0.1269722961451555
TEST_06679,2.7021173011858703,1.1606650137639818,-0.3365849816195052
TEST_06680,3.209810233890689,1.2357677534024525,0.19018333235996757
TEST_06681,2.6278431833931206,0.8338506075301734,0.49224216016712163
TEST_06682,1.7773103890930937,-1.1240833322853696,-0.3443516020320681
TEST_06683,2.3526762871297175,-0.46869562107611185,0.8702466414880252
TEST_06684,2.006486308030511,-0.28249894814299903,-0.2698240766858492
TEST_06685,2.621671936131555,-0.23577664454715477,0.5088112927103161
TEST_06686,3.3835457320234488,-0.5594578051013664,-0.7831957294446253
TEST_06687,3.185367992140789,0.3936767213244561,0.3517093126706179
TEST_06688,5.719018802120387,-1.4122906182457489,1.2632778955700166
TEST_06689,2.472874263558587,0.4893573998805033,-0.035431954279243505
TEST_06690,1.3624316033388169,0.1884807415406746,0.15382715817913145
TEST_06691,1.424663871381016,0.04392806685003629,0.14962591036059655
TEST_06692,2.5405681208969755,-0.9362259060498512,0.17485721617778605
TEST_06693,2.9117588202976763,0.21554132522421185,0.2187205221820726
TEST_06694,1.4207814041171127,-0.7575296694753293,0.5943632323785643
TEST_06695,0.9051437255772788,0.2871628469193445,0.23711725855063842
TEST_06696,2.7413446105554935,-1.5027036279205255,-0.09075718295266322
TEST_06697,3.7820622700966346,-0.049268916188721666,0.5191864542575698
TEST_06698,3.1454333357053237,-0.4520245744740611,1.265475233919964
TEST_06699,3.959269839503814,-0.4755511951033655,1.1546269137424732
TEST_06700,2.3561009432663162,0.005459754211311435,-0.23864761376519933
TEST_06701,2.7473187918252906,0.10966659609614295,0.8634866101455531
TEST_06702,1.2714328954006113,0.008536303023971976,0.4327270959520801
TEST_06703,3.101814247860561,-0.09396805238497723,-0.40176818056918956
TEST_06704,2.7484096788125294,-0.16986719597287386,0.20867865558771115
TEST_06705,5.289407182255463,0.3157855132664493,-0.4635232433959793
TEST_06706,1.90080404506992,-0.1264225807330244,0.21212921402029106
TEST_06707,3.2798256802081944,0.5211913196884287,0.4968120983032021
TEST_06708,2.5498619280194217,0.42501744674523384,0.21455273437721167
TEST_06709,4.512732914972488,-0.7268902222761433,0.04359531814343256
TEST_06710,4.137694258801253,-0.03228017559222706,-0.5293557617411538
TEST_06711,1.990213754683139,-0.9572777966928218,0.13165765423649523
TEST_06712,1.9748003019408595,1.2103377464332543,-0.876952555776593
TEST_06713,2.6932344509174952,-0.03459413953150374,-0.25677750343318206
TEST_06714,1.266767626988954,0.16499515290472294,0.03979942528080269
TEST_06715,1.061256095668196,0.09757059480490089,0.2563054086302897
TEST_06716,1.4428100020801586,-0.3189737792585005,-0.21496838745310848
TEST_06717,1.2328840923449944,-0.286362172396088,-0.17367058853631473
TEST_06718,1.3939268935762401,-0.5952656433139889,-0.27358425954325694
TEST_06719,5.392189361542768,0.7263605820649304,-0.09403063726229009
TEST_06720,2.59310813532767,-0.5763983804172359,0.412681174842655
TEST_06721,4.685070865976933,0.7059662562132621,-0.047581008190881055
TEST_06722,4.663745627552264,1.3922962408130581,-0.5063848131680483
TEST_06723,1.7330839331164483,-0.12022626235000972,-0.09618476291815134
TEST_06724,1.514064524761711,0.5184168551234942,-0.27798081888665854
TEST_06725,1.306256410554972,0.6409815778670027,0.3594499534447537
TEST_06726,5.239557253905069,-0.4256514242157476,-0.2469337310715073
TEST_06727,3.0215321004167097,0.38839141762261475,0.47211431983234453
TEST_06728,5.606104765101245,-1.6140671484882838,-0.8888279329915553
TEST_06729,2.3573970698767446,-0.2668090705082268,0.007931839342817219
TEST_06730,2.8596749723526966,0.599127076005252,-0.15828309805911947
TEST_06731,1.2318083515622806,0.09490453239939177,0.19937502859377298
TEST_06732,4.201323180869956,0.11302458051840862,0.37147812790661694
TEST_06733,3.0696983050233833,-0.35234279615745356,0.5470494528263684
TEST_06734,2.4154176261358193,-0.2593353968126538,0.30854843051602493
TEST_06735,0.9129700073714414,0.248650473560189,0.03737390133699733
TEST_06736,1.6913462160521726,0.10737450499870324,0.43462016802835207
TEST_06737,3.4717298396277227,0.22157778646775195,0.7618815866051893
TEST_06738,5.437380337269599,1.1787507994484776,-0.4617391880772219
TEST_06739,2.509225016148544,1.3189601393407104,0.06688915059607022
TEST_06740,1.5521702360536396,0.12309955957133638,0.30924621888561526
TEST_06741,1.2848217760428582,0.027235242085731755,0.20970230063169684
TEST_06742,1.963010132371472,-0.26795409404520704,-0.6696948798764092
TEST_06743,2.9639704167097993,0.7496244822589764,-0.7492319784501931
TEST_06744,2.3170304472827117,0.1583442489550956,-0.5223667170851954
TEST_06745,4.522811714277902,1.8106855002608409,-0.47357408307291576
TEST_06746,3.2480410779020708,0.8562161185725957,0.5886081158396504
TEST_06747,4.703361148723385,-0.4386734960053222,0.028340198537796107
TEST_06748,2.524447170979885,0.4426599793627618,-0.34406583444532274
TEST_06749,3.551118595637069,-1.5799728927150285,-1.177609439771561
TEST_06750,1.1666166566756428,-0.2532766409027774,-0.04640536260205113
TEST_06751,1.2077741466412275,-0.8934567394396539,-0.06416844836291441
TEST_06752,2.72976019891229,1.4747025955057993,0.6222457990510849
TEST_06753,2.269000530681218,0.4568998093752945,-0.40350397823686274
TEST_06754,2.289827971857574,0.284157328571681,0.08875424955905217
TEST_06755,1.8943538290801114,-0.7027780898664132,0.5090417801323192
TEST_06756,3.1479996211153085,-0.7677582916228654,-0.3762214925786512
TEST_06757,2.1280083222687063,-0.03987850557297218,-0.26119220296389045
TEST_06758,3.351515759960961,-1.3502916553399384,0.7405138595143596
TEST_06759,4.560901702370049,0.20249121219619362,0.895260632412891
TEST_06760,3.089674982585741,-1.5662806452413072,-0.5764183604929342
TEST_06761,4.286863411493545,0.8805973427682652,-0.73839466027798
TEST_06762,3.983883867934108,-1.5418595553427732,-0.939511115773763
TEST_06763,1.5570970833007733,0.13328140055881693,0.6996521377413529
TEST_06764,1.7650827350031855,-0.0009843151475480948,-0.03865540877262055
TEST_06765,1.460482481393576,-0.07306027913543293,-0.33511482085867356
TEST_06766,3.6844706418406212,-0.7442858332538014,-0.5817293742148093
TEST_06767,3.79103104131848,1.3395502198379134,-0.9334336009722358
TEST_06768,4.882360862499153,-1.6712931251874452,-0.12358488802596108
TEST_06769,2.480688718600649,-0.045331646112404755,0.003045606690028533
TEST_06770,1.075008971585467,0.5986884635558165,-0.2463336812936403
TEST_06771,4.090579598462028,0.15195692973760383,1.0826538842052924
TEST_06772,4.725179467082597,1.1090894602543793,1.0996689360567236
TEST_06773,1.3537787391775882,0.4203127529101766,0.35824105227656494
TEST_06774,3.3183093503029393,0.9943582405061742,0.9389012005337088
TEST_06775,2.8464806689034057,0.5830665290065867,-0.12522522479484594
TEST_06776,2.25346893245504,0.2613542201988267,-0.1979627508411489
TEST_06777,1.4988477987561462,0.5022303281759013,-0.3572522194718519
TEST_06778,2.5545635467173375,-0.2179573772862916,0.13405672177379288
TEST_06779,4.267673416967636,1.3075474181949147,0.9145704452754995
TEST_06780,1.4566686836912162,0.17783870382566486,-0.01027800212694757
TEST_06781,3.0816838590096727,-0.03291800337885091,0.13262503962865038
TEST_06782,2.2519572142771977,-0.08726913702806645,0.0829515513092294
TEST_06783,3.869633287983902,0.12537098036037164,0.8704040425709704
TEST_06784,3.1786581817483124,-0.2615296280636958,0.059158919550868834
TEST_06785,2.393257052993767,-0.2807173772516158,0.05264858426938506
TEST_06786,2.578273136646596,0.04713553215051273,-0.02865994852843189
TEST_06787,4.546361142994727,0.7995293192801827,-0.3124763411355857
TEST_06788,2.003141825578414,-0.6151960832056516,-0.3377852675665685
TEST_06789,4.664302212397601,-1.1226481110222633,-0.37324555961490896
TEST_06790,1.6507358286344462,0.1272901337344064,0.5487996352973905
TEST_06791,2.4159643051711437,0.6608790074210039,0.012439436408765143
TEST_06792,3.203689719508544,-1.569758861678012,-0.8628066779472912
TEST_06793,3.3566908178154304,0.9971201629156043,1.0602240392053577
TEST_06794,2.3749767388675216,0.355108510829494,-0.04316872321430894
TEST_06795,2.539250250405052,0.8290683097487666,0.5216562189341858
TEST_06796,4.519744915977225,-1.6239476167394673,-0.41959331812008316
TEST_06797,1.8403940163006343,-0.41690870490330934,0.5250593553034995
TEST_06798,3.6611411611893465,-0.6992465763174902,0.9795735909136942
TEST_06799,3.9479081428812632,1.815480142898999,-0.42746161059715176
TEST_06800,2.602011583937974,1.5522739146464903,0.6712765178034099
TEST_06801,4.4626938859703795,1.667531267786078,-0.03598764524341954
TEST_06802,1.7656132367931658,1.1472176615141512,1.0695458404470886
TEST_06803,1.9149898802509935,0.7640000937498221,-0.14477683416511422
TEST_06804,2.1912190256413777,-0.09264202784911883,-0.12552655145082495
TEST_06805,2.8757375125076363,-0.36525357482263143,0.7727584531457977
TEST_06806,3.7887802993485944,-0.4490810759695605,0.26974648515556826
TEST_06807,3.760018475924243,-1.4128159078098506,-0.9011657713130992
TEST_06808,5.666714011734051,0.1166915671701196,0.11653594290289497
TEST_06809,3.170652934636307,0.21934948293477807,0.22162414581213635
TEST_06810,2.7392272485554856,0.17387784790690375,0.1668650962085524
TEST_06811,2.47101244033532,-0.1956752113157658,-0.16631454314587293
TEST_06812,3.0640304488881234,-0.10254850112202536,1.211794622848456
TEST_06813,2.558304220433936,0.038054309990142525,-0.3932209500018943
TEST_06814,2.7858392837883454,-0.01658530963974266,0.6551555005123527
TEST_06815,2.293672660453723,0.4688805613619428,-0.10810462592596728
TEST_06816,2.9793892193345806,0.5189486808740559,0.9171504310682344
TEST_06817,2.5016131442540277,-0.7330573604695616,1.3250608579217558
TEST_06818,3.3863893434059826,-0.9386242556081575,1.1714277931140653
TEST_06819,2.4026725866065783,0.6878969384674924,0.2884585666852252
TEST_06820,2.3888587503204337,-0.3618048207488427,-0.07680615796952155
TEST_06821,3.0644247377573337,-0.1130117874660527,0.21937308690443533
TEST_06822,1.4945089164743495,0.8171638532169178,-0.05838344594041095
TEST_06823,3.5474405650253957,0.4138653647273661,0.8343277027139224
TEST_06824,1.7089944985391181,0.27573679221964154,-0.15376701480389054
TEST_06825,3.357695978590809,1.3880304972497477,0.11516497578329457
TEST_06826,1.4200519467719506,-0.1365836707669392,0.46158651533805606
TEST_06827,3.221262981782066,0.1973480640948491,0.4582583480482327
TEST_06828,1.3958353016950766,0.29372076439082,0.18017397696410778
TEST_06829,3.7756516274144922,-0.1518615896025316,-0.9006340614726603
TEST_06830,3.898425288847203,0.29517978698064407,1.2314849574076583
TEST_06831,2.7854126732823317,0.9563170208739492,-0.30338174412668667
TEST_06832,3.4700135845741995,0.2240498091213678,0.5697221787549266
TEST_06833,3.8108221439684633,-1.056505162967461,1.2787271403629799
TEST_06834,3.132310988871309,0.018678431022646252,-0.5169050069018983
TEST_06835,1.0102350484074316,0.340343441736959,-0.031625337656947944
TEST_06836,2.744551226759192,0.17864188503468406,-0.14142503459779554
TEST_06837,0.989996651260887,-0.012682596366736918,-0.13911557477825473
TEST_06838,2.37705811186666,-1.1713583666205132,-0.5486185846668934
TEST_06839,3.8959158802773515,-0.5389125350438484,-1.0069989988553338
TEST_06840,1.6389145110637282,-0.3176189147068082,0.30939373608443366
TEST_06841,4.551954886663251,-0.7608488139316497,0.9610886407651712
TEST_06842,2.0237261779935536,0.021093724342830137,0.0863631494617847
TEST_06843,3.217280733584718,1.0259884654848785,-0.7980242917582713
TEST_06844,2.0382354904467492,-0.7820484765173049,-0.569218181841598
TEST_06845,1.2358678373494723,-0.4678523103163313,-0.09976679623253255
TEST_06846,5.067535294607384,0.6238454401258365,-0.27582654764048914
TEST_06847,4.028986725370788,-1.088324860574818,-0.7420746761954324
TEST_06848,4.546549636673069,-2.262295452957932,0.8205814431337571
TEST_06849,3.3868591431593176,-0.47056989113061515,-0.31537288109133294
TEST_06850,3.0949964687115212,-0.05018092480710018,-0.571017496695398
TEST_06851,1.1528535707940848,-0.2978441065482824,-0.01297091629268109
TEST_06852,3.498730546528514,0.0029529847090163197,-0.8476913532977673
TEST_06853,3.019985233715796,0.3319126349514486,0.38345699293451924
TEST_06854,1.6601816981111288,1.2369834415634569,-0.6395284187272547
TEST_06855,1.78640142653553,0.13621877728512669,0.43856427905227824
TEST_06856,2.824752113414232,-0.05204088723465228,0.7455449853922206
TEST_06857,1.968348311079417,-0.3650012321141164,-0.113927497368763
TEST_06858,4.8349948177597435,1.1623217291162906,1.4107798735512929
TEST_06859,1.2227231288579863,-0.1197924315393103,-0.12630753475791617
TEST_06860,1.4558121412820422,-0.21799274266559468,-0.25072639985864853
TEST_06861,1.23431136904841,-0.3949345141818165,-0.11059015715899309
TEST_06862,1.5409286931486985,0.39979166788436277,0.1251533565145035
TEST_06863,1.2142131060130332,-0.35788366349682815,0.5012300757421535
TEST_06864,3.6870815182891308,-0.5631800789556242,-0.579779042043679
TEST_06865,5.2843431696290715,-0.49493055389903823,-0.15458448437184227
TEST_06866,1.9362491332067524,-0.43541885447246026,-0.3627075916931464
TEST_06867,3.9418679984616123,-0.21915301653362465,-0.09689430361554682
TEST_06868,1.9681608265254995,0.4579980845154936,0.3373984395212938
TEST_06869,3.625803119191531,-0.7530913575629357,1.3175966698446433
TEST_06870,1.336017107231619,-0.6511916137135358,-0.4443465815926497
TEST_06871,2.7180112062931974,-1.22418104953405,0.47495453038768504
TEST_06872,1.4796648953840883,-0.7361906117800945,0.13788145885156036
TEST_06873,3.6362339520093645,-0.05771171054944043,0.6910686378122812
TEST_06874,2.5155977547107984,0.45240855885968356,0.6723798798987171
TEST_06875,1.0034885349432754,-0.12503743966369665,-0.33661624819436425
TEST_06876,4.2045686688228905,0.33127183269459254,0.5879661695658269
TEST_06877,2.657763894687534,1.167958177389028,0.11347443596794483
TEST_06878,2.5720651075000847,-0.4116431175650219,0.44075036778131116
TEST_06879,5.5048007221990956,0.3379023384946183,2.114315309407736
TEST_06880,2.102504964272592,-0.47305664270785375,0.10248770817460498
TEST_06881,4.29469012262502,-0.036593065817095476,-0.25846044475922386
TEST_06882,4.344605181911669,0.9531804528715371,0.218033068877732
TEST_06883,3.5448354305373138,-1.1960597364808594,1.0631527524321558
TEST_06884,2.756447921394895,0.11054600942619763,-0.5290664508921838
TEST_06885,1.0211272783251755,-0.3299776145477357,0.17445276761308198
TEST_06886,2.955531220302633,-0.08597459508436607,-0.326628511106786
TEST_06887,4.385636443390575,0.115825843938242,-0.33437361874803045
TEST_06888,3.7727125999208515,1.279779886785642,1.3570963435902148
TEST_06889,4.546200167203304,-0.4341709220569547,-1.0527654562974786
TEST_06890,1.6548443871497371,0.12444708437475506,-0.11210792250519672
TEST_06891,2.6259972061527947,-0.14223577334546944,-0.5899462891242333
TEST_06892,4.70116484584208,-0.8173154610283682,0.211153048133398
TEST_06893,2.8061592630201915,-0.5672202346239992,0.5821704940321226
TEST_06894,1.6066410566781808,0.10452077843790174,-0.5090457153938559
TEST_06895,3.959918792899575,0.5775195372136684,-0.7554069514266434
TEST_06896,3.463420881494834,0.07351969232976568,-0.3140339100890967
TEST_06897,1.4828061239048844,-0.3869421876444753,-0.3441772974896531
TEST_06898,5.059271583818675,-0.39075871570801335,-1.0496183599298001
TEST_06899,3.8861776522933136,-0.2488683110535141,1.0343922342200493
TEST_06900,2.3019057034103025,0.4066179472047365,-0.6816228883524126
TEST_06901,3.2094195151632134,0.06500146867797833,0.4766350453516306
TEST_06902,1.3105870380077382,-0.5142882444818804,0.31123941050841997
TEST_06903,4.085520518215499,-0.632443910207338,1.073069704131821
TEST_06904,2.4601995658924736,-0.41026447871181243,-0.5078376022031517
TEST_06905,4.9138280965044565,-1.2324278866725724,1.6699634579671043
TEST_06906,2.177053825703435,0.10043202985711372,-0.489265521910304
TEST_06907,2.314379781214015,-0.1274344656325275,0.9073394789161952
TEST_06908,2.90407848331438,0.1293711840301468,0.025203790501482293
TEST_06909,4.88065928433851,0.44028923116949986,-0.3245556978245669
TEST_06910,1.9270091416858932,-0.9719904682191026,-0.4993531394390366
TEST_06911,2.1467967329974056,-1.1878426780433655,-0.471708636632207
TEST_06912,1.464898494871434,0.9187298727760529,0.4716401551311534
TEST_06913,2.8170769225969257,1.5132402196699635,0.9535827184510218
TEST_06914,1.7790879693410018,-0.013228261526305607,-0.1618340262175342
TEST_06915,2.2933860591891184,-0.1952984362550679,-0.274654825320854
TEST_06916,4.264095632822264,0.687355433925527,0.7811340236170566
TEST_06917,1.4033379559724177,0.2574755502280852,0.2184939658685497
TEST_06918,2.8668417444269494,0.7062328103822832,-0.5776551715275176
TEST_06919,3.2565655721998135,-0.7781417080196017,1.955752773361336
TEST_06920,1.8298860966263981,0.4848134458672118,0.18159066721225448
TEST_06921,1.1169907413931242,0.2883221682727347,0.06434867131260356
TEST_06922,2.051388516886162,-1.0135278747385967,0.06314679791265802
TEST_06923,3.9872558359554366,-1.205994531795309,0.31367581594294053
TEST_06924,2.0704377263837266,-0.9246445141253855,-0.5510913452089541
TEST_06925,1.2528758500143997,-0.3118871062049045,-0.3044929724843196
TEST_06926,1.5013478565768683,0.698012388461328,-0.027936068319666746
TEST_06927,4.216560884727008,-0.37224155179130936,0.9999202112504216
TEST_06928,2.4178910593657634,-0.23424066799762688,1.3098290863478586
TEST_06929,3.63338659680132,0.4901891374887157,-0.0813994165845027
TEST_06930,2.236121156575409,0.27768480027285264,0.4183974670009763
TEST_06931,1.0353114067671194,-0.4257053742516202,0.09598540637354973
TEST_06932,3.2490193203442836,0.14721297471690847,-0.10427939766340369
TEST_06933,2.26022349519334,0.17800568544391207,0.5064974013385047
TEST_06934,2.918988914045616,-0.1516449265557969,0.27895573631885956
TEST_06935,1.9711047249830431,0.32506029790593605,0.24282484698730428
TEST_06936,1.5097411664741671,0.5500815914224566,0.4512654637368159
TEST_06937,3.4725654321617423,0.34573874606333216,0.6876522248786184
TEST_06938,4.635878883273776,1.0884618362203413,-0.20992901524468732
TEST_06939,3.6645698508492086,0.4491946567469138,0.07279978869904898
TEST_06940,1.164810994234031,0.18907735941775902,-0.34968077210751947
TEST_06941,2.8304783291347055,-0.08407970230298266,-1.0564392704482841
TEST_06942,2.2814705106470536,-0.6601762460954401,0.1888521763546299
TEST_06943,3.9295476273020284,-0.5544452099582535,-0.15923549282271832
TEST_06944,1.3110307607876086,-0.4113510445552461,-0.33362523634412017
TEST_06945,1.7606833747197583,0.41818761941521165,0.47513308688853045
TEST_06946,1.3917033352511339,-0.03627743145923152,0.6336130955044158
TEST_06947,1.4954101809711535,0.16398809157114166,-0.16110544118847286
TEST_06948,2.5039990540434296,-0.5011078537336011,0.3149954524832169
TEST_06949,1.3836419963525368,-0.21232346741194563,-0.3285753734638256
TEST_06950,2.7231140867451424,-0.17047014124495855,-0.02805288761826598
TEST_06951,2.3154518948704794,-0.15504680496047263,0.6085481566999701
TEST_06952,1.1273343380689727,-0.4361175085816797,0.3267961231293069
TEST_06953,3.6797155661198553,0.7800125789694001,0.08844052220325044
TEST_06954,2.8768076305764323,-0.6361592921047979,-0.03967348132505997
TEST_06955,2.2456188009187787,-0.28345568590109527,-0.011399857410399113
TEST_06956,4.262566584428535,1.457827765684614,1.0505786197575644
TEST_06957,3.0323247821239203,-1.0243501166004987,-0.3457800744038523
TEST_06958,1.2695684039462438,0.27058547602633864,-0.3963029141285403
TEST_06959,2.060585088077681,0.7704539160307646,-0.32309412076216804
TEST_06960,2.663759896781862,-0.4586367163724679,0.3767794435876223
TEST_06961,3.0181655049662854,0.1814925777122537,-1.0142351325439445
TEST_06962,0.8813874225150774,0.05416427074336392,0.48197136731537293
TEST_06963,3.69387525989121,0.2717895923094558,0.372379153172515
TEST_06964,2.978490564780432,0.6582879979406059,0.6837287093766695
TEST_06965,2.177637281721812,-0.8717786724901084,0.9101071474388257
TEST_06966,4.937663675158683,-0.34783708047425405,0.467156924206628
TEST_06967,1.3670624773191415,0.3567909374068643,-0.5507367470464295
TEST_06968,4.192820161442934,2.217145266344186,0.6497536619956714
TEST_06969,1.2565207521961237,0.3023876249490807,-0.0026245769372808593
TEST_06970,1.59833357336333,-0.3097908558019674,0.38667801059990137
TEST_06971,1.929106702201749,0.61462844440551,0.057806398411346493
TEST_06972,0.986825001449215,0.556025774730684,0.39362600895605915
TEST_06973,3.229071315194157,-0.4534851228697176,0.018716878911958498
TEST_06974,2.391551893172577,0.6353933658746377,-0.8720055597225039
TEST_06975,3.7123231923695585,0.783644510622102,-0.6525757933363073
TEST_06976,1.1942621530050268,-0.6212796006576335,-0.14071796408511264
TEST_06977,1.3088549244501915,0.43211294731012617,0.16214384188314018
TEST_06978,4.355591856825719,0.2597880378499983,-0.14594210232114657
TEST_06979,4.355190310240961,1.6309618089995779,1.5055558595081442
TEST_06980,1.2193272609437567,-0.6399440864816619,-0.45117640958748373
TEST_06981,3.5505015925710124,-0.523101754699423,-0.09168866467017407
TEST_06982,2.5133137162542187,0.5123962353494383,-0.08336907104479502
TEST_06983,3.0035550990743975,0.21824636876499792,-0.6770087731229001
TEST_06984,3.2634912415230786,-0.3423075701103226,0.4507671865741702
TEST_06985,2.14425747224105,-0.16238796965385993,1.1665928911779317
TEST_06986,2.201600817296947,0.37738659906892424,0.10403970249354241
TEST_06987,3.048972440084062,0.07130152818987565,0.22638964052825708
TEST_06988,2.953454946288167,1.1645393453869572,0.15407277306200884
TEST_06989,1.9316848462521783,-1.195118077848762,0.46591018027174896
TEST_06990,1.0374233201706242,-0.28059518393099286,0.1557969512948027
TEST_06991,1.943882816385705,-0.5286962646204842,0.2745030553345199
TEST_06992,1.97821921973451,-0.8521843201430824,0.8039202743316867
TEST_06993,2.6704892103613482,-0.24509743696080635,-0.4281821387117491
TEST_06994,2.010902053454002,0.6009359281299576,-0.00418813953402116
TEST_06995,2.355735163566638,-0.61916167997516,-0.6855507486403227
TEST_06996,2.1577234051768546,-0.6709283300512395,-0.4410432510692222
TEST_06997,2.7879691293122604,-0.4757928660563332,0.5570630265278199
TEST_06998,1.2462301152509734,-0.21701900553768136,0.21515277095414517
TEST_06999,4.883869423876064,-1.1824154555931736,0.4233187270903729
TEST_07000,2.492139022818546,0.6094783118286273,0.2808303947447629
TEST_07001,2.4215056313632792,1.5138543969582794,0.2711196735917381
TEST_07002,1.9617234874527985,-1.3128385042408788,0.3002993807318239
TEST_07003,1.9148754259487826,1.2671186659589235,0.5636105750710785
TEST_07004,1.611171251084397,0.06518744054250325,-0.18579912216234404
TEST_07005,3.008473487676712,0.5704636481307604,-0.25167735992963813
TEST_07006,1.438915551751301,0.5374436732976213,0.24842812580226364
TEST_07007,5.137365916497129,1.6779226992106018,-0.5375453913257626
TEST_07008,1.3400775138092624,-0.7577505983121934,0.5674724184450081
TEST_07009,4.434096721079108,0.6875750443222071,1.2643253156910392
TEST_07010,1.4780536209056583,0.2047469426407656,0.3573929803038043
TEST_07011,3.4609809138526852,0.1320768145897892,-0.0118238604838719
TEST_07012,3.3522433157380034,0.20320028032823811,0.03440549256443757
TEST_07013,2.5024612308207055,0.04022613865542091,0.22088235294517797
TEST_07014,2.66552951866386,-0.1883634701846451,0.49697888747545677
TEST_07015,3.7400138866983816,0.9958993392109756,-0.9813349436650564
TEST_07016,1.774595164105271,-0.8715525691093521,-0.7052041851024669
TEST_07017,3.9515320251743664,-1.5114502076639795,-0.03169953059294725
TEST_07018,4.094228333994214,1.6649454586139452,-0.45937444310093395
TEST_07019,2.272592092349343,0.646137727005842,0.022434237829059255
TEST_07020,1.6736327272433673,0.12854232023981513,-0.3539905852245016
TEST_07021,1.0720780462937478,-0.19001571109549076,0.030539454323723073
TEST_07022,1.9022326964456595,0.5079783581003403,0.24276101823081855
TEST_07023,2.465145028360016,-0.7916812801170152,0.2425289864188112
TEST_07024,2.315719476933978,-0.1923304105169065,0.47034287324234153
TEST_07025,3.7346137449525183,1.647106193074125,0.11411695660525548
TEST_07026,2.9036928485440647,0.35955513543224854,-0.07192906240443069
TEST_07027,2.0022258501708556,0.6984658238884677,-0.5494928634824798
TEST_07028,2.903849601427076,-0.05600533033596647,-0.0887436169699516
TEST_07029,2.744183587190529,-1.481882320854433,0.04040950315916534
TEST_07030,4.203488897121349,-0.17926112279884818,0.14972519309744398
TEST_07031,2.5856854520686383,-0.4938114343694818,0.33739009455984353
TEST_07032,3.433298422610672,1.4216086752678379,0.3416285367396617
TEST_07033,1.3197539917025791,-0.6537564422386904,-0.31136058560643876
TEST_07034,1.8809654733925143,-0.020271026843635836,0.11501588715409257
TEST_07035,2.294453448923391,-0.8912835412373161,-0.48689330363783584
TEST_07036,2.0728499524102344,-0.22628942065314792,-0.6552407598300491
TEST_07037,2.6467219507634927,0.0463398911548348,0.35200270655038535
TEST_07038,2.5494334544255524,0.7421746612783208,1.0952867318896313
TEST_07039,6.19790408391983,0.3833206865228256,2.342804466460271
TEST_07040,4.38493169741646,1.109834988519487,1.6851872882748569
TEST_07041,1.6852640325946058,0.6491566997413433,0.4995278942291472
TEST_07042,2.725822221330059,0.4023582630949778,1.1171947458907472
TEST_07043,3.2380604115409635,0.543557436081184,0.10196914926953624
TEST_07044,3.3389110883569697,0.157459455877877,0.2615252750842345
TEST_07045,1.3882085735887368,0.18934021925184047,-0.3392184579612332
TEST_07046,3.15527952226034,-0.4588643147471001,0.48648724162352436
TEST_07047,4.12798127776495,-1.0012355687301515,1.115519359344885
TEST_07048,4.723547777257264,-1.0500360739406527,1.3428720377551346
TEST_07049,3.0199712074184686,0.35374251898835934,0.3490531762634407
TEST_07050,2.625049643855936,0.2609530426447532,0.24261796063306035
TEST_07051,1.6138823704023482,-0.055066622274120514,-0.34572422724662716
TEST_07052,2.0562020549584075,1.2747442035336194,0.5737992585611769
TEST_07053,3.0283287395386664,-0.38197045242758115,-0.28892008283778225
TEST_07054,3.5120072325900136,-0.14555135049806706,0.7350296956990335
TEST_07055,1.5783382355407984,0.2506563224435008,-0.11446661250153452
TEST_07056,2.1612198780775116,-0.14521919815696896,-0.08334746052082362
TEST_07057,1.6962640345881719,0.27624929753523686,-0.5370967912833174
TEST_07058,5.356465345910673,1.0782146827885721,1.2815118139426709
TEST_07059,1.782572901075475,0.05649441745166947,-0.012463795336587863
TEST_07060,2.8915025736300106,0.4425593201275782,-0.4387250325741086
TEST_07061,0.9689022741988671,0.4178216234024813,-0.16059890249914022
TEST_07062,1.5531552473523256,0.3452994918062981,0.05045403051035915
TEST_07063,3.228100147291512,0.7063855415470551,0.9147494265941963
TEST_07064,0.9065435225358381,-0.275310881406459,-0.13581742172923236
TEST_07065,2.106385340187702,-1.0609969681060782,0.7526449410315998
TEST_07066,2.821480968335105,0.059764049454797886,-0.24007204233885907
TEST_07067,3.646573388670291,0.5730581693070272,-1.0439702071750039
TEST_07068,2.321176818737157,1.2934133102049403,-0.8521914911252639
TEST_07069,1.4189024258289225,0.36157250457875173,0.38309622521050357
TEST_07070,3.555503623168855,-1.4353939545683025,0.5457065768125754
TEST_07071,3.3876149251498893,0.8223649009629774,0.5648830241056088
TEST_07072,2.500436738809703,0.17807450170413044,0.10441315239328387
TEST_07073,2.3751660175128686,0.3620717461058022,-0.2708316821777169
TEST_07074,2.3301823827283825,0.5554683523005696,-0.5266891133130372
TEST_07075,2.1830896613012394,-0.06745344876087242,0.057848767996209194
TEST_07076,1.3822142364628722,-0.08496059553234755,0.455668139926124
TEST_07077,1.6658733834399613,0.12330924022109653,0.33344460221080047
TEST_07078,3.6134092729388745,-1.4897250397791304,0.1788169015973279
TEST_07079,4.766531742476897,0.17115522940804245,0.6119199090436404
TEST_07080,1.2452637050307152,0.4984671301463337,0.09190042867408058
TEST_07081,2.636518810835473,0.1864729951454877,-0.01818171323796966
TEST_07082,3.2012762469126406,-1.6458197358585553,-0.22903629149432897
TEST_07083,3.1710535673703224,-1.479323393154442,1.3001095563471066
TEST_07084,3.282023988239451,-0.8839808154785959,-0.7543696676442506
TEST_07085,2.7922173984331837,0.705490216130855,-0.03708257460123958
TEST_07086,3.0642391572857726,0.6567519665037324,0.39081476352988326
TEST_07087,1.25481440735924,0.15632721199235572,-0.033478031281756034
TEST_07088,4.106277967480278,-1.9027115830448544,0.5896158691741905
TEST_07089,3.8910974449140387,-0.2077797877824807,0.0661851871239821
TEST_07090,2.4434393031055675,0.29744558953892736,0.16041619048853936
TEST_07091,2.9043143800569804,-0.029649762019140914,0.630973988916131
TEST_07092,4.880614897801782,1.3713853622246341,1.3277420687597412
TEST_07093,1.2860487119142676,-0.16232068435302022,0.15679405378140715
TEST_07094,1.6885313361677485,0.42684316543818446,0.5842710884679643
TEST_07095,1.2252331522835633,0.06356113388418824,0.4014905787675649
TEST_07096,2.362537973497687,-0.883307062016285,0.7652903769759989
TEST_07097,2.4159141186797277,1.4587490221383033,0.6418242804907427
TEST_07098,2.04842855969474,1.4561971885362066,0.708409072639892
TEST_07099,3.164602211395329,-1.6994100189850934,-1.42698297483424
TEST_07100,1.1666428039007346,-0.35902150447473447,0.18748453655726688
TEST_07101,3.405610952655894,-0.11519634962418189,0.6036004419627453
TEST_07102,1.2730741975824873,-0.6341310755503786,0.2849020958313693
TEST_07103,1.66517715107324,-0.0276228719495505,-0.04167518415523444
TEST_07104,1.4556589180190134,0.13753102821719881,-0.008748458839059756
TEST_07105,2.9661319222081683,0.9466771715178361,-0.6330302480389539
TEST_07106,2.6795200338509173,-0.5286355051604344,0.697280695790683
TEST_07107,2.6638838341987974,0.7825085703103418,-0.7357935863791382
TEST_07108,2.454700340261883,-0.11019116029872217,-0.05368701318968586
TEST_07109,3.901464769042117,-0.9233845251615661,-0.4467896606462334
TEST_07110,3.572232852084509,-1.1061407297486001,0.6714435555329006
TEST_07111,1.5839944545082973,0.633679756791311,-0.13527715800365828
TEST_07112,3.226520779128127,0.8985544290814771,0.006339438904219827
TEST_07113,2.377138133656538,0.835491508324268,-0.23300323355966965
TEST_07114,1.733972649965414,0.3826311107186669,0.0695003791365478
TEST_07115,1.2033016319453467,-0.3063789651133155,-0.11940025773855463
TEST_07116,1.7346304399724986,0.09702820998264168,0.216227734980515
TEST_07117,2.6247522224960838,0.2212641011205776,-0.7005167098706983
TEST_07118,2.7824729081845203,-0.21485358234625418,-0.4985080206218667
TEST_07119,3.2613911169029506,-1.8779715686810368,-0.46813357814495826
TEST_07120,2.0653118110778323,-0.9882843725258783,-0.6567696191600928
TEST_07121,2.5287834812566015,-1.2551674011775895,-0.7169971700936904
TEST_07122,3.712081672504343,-1.2831815865791716,-0.06560936060178409
TEST_07123,1.4486421860660206,-0.4878161978840516,0.2624802999852358
TEST_07124,2.492415357146729,-0.15980176599465473,0.6105945356176231
TEST_07125,2.377010868584011,-0.5303059523279554,0.2574384196318801
TEST_07126,5.224859221981514,0.6168893417875925,0.3835818718536778
TEST_07127,4.3471649475089205,0.643986916410604,0.008002741567079141
TEST_07128,5.16713523957911,0.891015587297104,-0.17313655761568544
TEST_07129,1.7994994440889216,0.06260823887756142,0.30374463416195935
TEST_07130,2.869361173331009,-0.37106780075696816,-0.39755145955899873
TEST_07131,1.8303237221271453,0.3388187616783296,0.05110775749027386
TEST_07132,1.0459778291146176,-0.2517454172031833,0.283970684713298
TEST_07133,1.4908766281713828,0.2703478871405136,-0.11351461245323004
TEST_07134,1.4895253606992074,0.12508345874550822,0.2300990371329326
TEST_07135,2.053117631133217,-0.7906741917259851,0.2522069598420821
TEST_07136,2.3097830029035435,-1.2296287923789357,0.10589373395037448
TEST_07137,4.271628179182468,-1.6321531979242496,-0.6836973667391576
TEST_07138,2.8925433440042894,0.6797481856332592,0.23859808667265683
TEST_07139,4.652152729391876,-0.17586576276840352,1.2776810630097908
TEST_07140,2.8172719363251058,0.3989526947188256,0.3967539452081248
TEST_07141,2.893325959038684,-0.1926599811992962,-0.9603508692877742
TEST_07142,1.1365886385078061,-0.23127417150542942,0.23443492938040583
TEST_07143,1.413522295700699,-0.16926726072650566,0.22085812508670322
TEST_07144,4.22130717622593,-0.7132016775879197,0.18964312617778784
TEST_07145,4.052838871087619,0.7012168159894074,0.9984394873821076
TEST_07146,2.0763032077460246,0.16641204791361966,0.2514981167426256
TEST_07147,4.752411862210643,0.01744154942852573,0.01672785023531395
TEST_07148,3.455539243489226,-0.4806779335138578,0.5536746876560089
TEST_07149,3.0274659262485044,-1.236832181861977,0.5622250192259016
TEST_07150,4.910525606025299,0.5852748365375277,-1.01906317393311
TEST_07151,1.5300247007226473,0.5325738627064759,0.14198908413878314
TEST_07152,3.327246657437005,1.111003647744364,-0.26596043661337704
TEST_07153,3.2889173650966446,0.4753682471616849,1.1038070844330694
TEST_07154,2.338515395115728,0.16732364931485083,0.007699442913773655
TEST_07155,1.383190201328592,0.26402704037007724,-0.15276203824670892
TEST_07156,2.9942843194668067,0.8649478649910258,0.5459694374017966
TEST_07157,2.4458108870200452,0.823115883544611,0.44649015596406905
TEST_07158,2.7733532032006183,0.08945620378650436,1.1470143391408734
TEST_07159,5.574041560805627,-1.0833973502535434,2.2509955928094083
TEST_07160,2.1410330169229157,-0.41402958729125444,0.49048133950997314
TEST_07161,3.3118110938184993,0.39391530766128763,1.0164844760787353
TEST_07162,2.7748002571347787,-1.624807891278308,1.1723297830261328
TEST_07163,1.5285580245048975,1.3809773043635833,0.3795615138031557
TEST_07164,2.3647581226442895,0.21947068645392234,0.005099647757353716
TEST_07165,1.6752613388067619,-0.11292530018915768,0.19981565521500652
TEST_07166,1.612091866946648,-0.6399342348779923,0.053017413554290634
TEST_07167,1.8433630572991915,0.07089435687024129,-0.22054435167182238
TEST_07168,2.214621735428977,0.6880250966071113,0.8522775757916203
TEST_07169,3.6666228532392533,0.27661376356373857,-0.016938373715288366
TEST_07170,1.8627869501071646,-0.19393384081257878,-0.345519167433327
TEST_07171,3.866262809407825,-0.30431839061387594,-0.7285734659570092
TEST_07172,2.594318097578191,1.3859437009077422,-0.18550910973803433
TEST_07173,0.9153812444739596,0.35390335380770405,-0.042777031073859176
TEST_07174,1.0837474537538783,-0.3844747527690395,-0.12888773702670034
TEST_07175,2.1668884395926002,0.0034043239651843403,0.2853280643631503
TEST_07176,1.1868704920436548,0.06635305170972466,0.48342881216499767
TEST_07177,2.587085460615095,-0.04689852615846159,0.9494105690990857
TEST_07178,3.098093357347039,-0.21085089412903713,-0.9683989504284497
TEST_07179,3.411525660168204,-1.503873923123201,0.4819485273247421
TEST_07180,2.448730105502368,0.5143197678349691,-0.797286034533371
TEST_07181,1.044222231967389,-0.034041324054649304,0.2339767577541064
TEST_07182,1.8309999800698507,-0.11470451024059221,0.09930829196845364
TEST_07183,4.368429952838693,0.08932246513538268,0.5747390969770618
TEST_07184,2.8722482702324617,-0.12709687805948364,0.010141410477531757
TEST_07185,2.722610300440763,0.036962431876688816,1.1911600438630154
TEST_07186,2.6516963814828194,0.3185497324331283,-0.507566799873798
TEST_07187,4.122589432577493,-0.1793457632074748,0.6748031630134915
TEST_07188,2.417524721027408,-0.6726105600421941,0.204741401192939
TEST_07189,4.398778657762229,-1.1578449900065684,1.406700011447044
TEST_07190,3.985673027412934,-1.585630480077531,1.4658265878573513
TEST_07191,2.520439015099642,-0.5099954917557431,-0.21925286840874833
TEST_07192,3.7069481744632107,1.3456037484134455,1.463594630785264
TEST_07193,2.698478774230426,1.2931082187901901,0.8673021333939717
TEST_07194,2.5328356096357134,-0.17857416145637886,-0.4266786734145667
TEST_07195,2.080822752294735,-0.7016627018037075,0.32592088631646343
TEST_07196,1.925437775918494,1.3284882998941698,-0.30672318154992895
TEST_07197,2.482116786259034,0.29027699755956876,-0.26594038099145145
TEST_07198,3.6276725216621926,-1.2496917871286275,1.186502761159114
TEST_07199,3.597372831077613,-1.3513807850369504,0.9056408119160685
TEST_07200,4.084054100379677,-0.06805099714841262,0.5789220320580872
TEST_07201,3.8100927595054,-0.5557998168165658,1.1739828070992957
TEST_07202,1.0172983352493996,-0.338537793400006,0.4647664374481258
TEST_07203,2.1309585050365705,1.4217113071814502,0.09103889572574918
TEST_07204,2.41831918751557,-0.5048785896869631,-0.15788077253206206
TEST_07205,2.739009684263216,0.9349710772196699,-0.40750144702934066
TEST_07206,3.627088716714439,0.23780756300256775,-0.34671680765624646
TEST_07207,2.189742282889557,-0.37784387235029687,-0.6879438414205267
TEST_07208,5.672807077984658,0.10762999284785782,-0.4107463806405002
TEST_07209,2.120409658352648,-0.6636049605802606,0.006889120881393368
TEST_07210,2.6957460259266814,0.4993205740269349,0.08058631624222612
TEST_07211,4.439410550642259,-0.45785093875524574,0.07930208408481147
TEST_07212,0.8805751425663386,-0.49952489960624824,-0.26183634926696225
TEST_07213,1.5328660953380262,0.2366533668580383,0.07884493219026949
TEST_07214,1.8407971849255595,-1.3287502160174534,0.40595208255255677
TEST_07215,4.06777558958469,1.2267544001913844,-1.3468123939304597
TEST_07216,1.8594269965315127,0.053632901908839396,-1.0272472680393907
TEST_07217,3.229377887426731,-0.23949284171425061,0.9489986958217614
TEST_07218,1.2770058762068093,0.7813970782271629,-0.46366801053647644
TEST_07219,2.212152725445279,-0.9221107043511138,-0.2445351630168938
TEST_07220,1.8804966576408808,-0.648117138293886,-0.031381050408191176
TEST_07221,3.4036873337949984,-0.27394528517156014,-1.146334309682768
TEST_07222,1.343203281211478,0.5092617112366069,-0.13050649346086352
TEST_07223,3.9698017686287095,-0.32103761514638735,0.5740495371001598
TEST_07224,2.8011334576679277,0.47086814614268446,0.9859697225586026
TEST_07225,3.561920992264066,0.8205423480122973,0.737620351722697
TEST_07226,3.3800289894654587,0.7335726463001494,-0.10620252164776542
TEST_07227,4.43450711275204,-0.35380046299626305,-0.0862457451345148
TEST_07228,2.188521112251022,0.6426934714082019,0.12250607505756388
TEST_07229,2.916590774136308,-1.260929955800519,-0.8548555727223206
TEST_07230,2.916849370760944,0.18342149802762395,-0.6057544797249774
TEST_07231,1.9107972483275493,0.31598856189152974,-0.068360837212281
TEST_07232,3.357164129826989,-1.081296301318737,1.594012021686977
TEST_07233,2.7650879061612774,0.4092941776097886,0.9992759852088707
TEST_07234,1.9693573603016996,0.3846898895148632,0.27556180842076655
TEST_07235,2.0016742373008363,-0.7156279451665581,0.37055993865329623
TEST_07236,2.8252010820119735,-1.138319048297621,-0.46932530214080664
TEST_07237,2.660546553325208,0.43389869224179844,0.5268489628618911
TEST_07238,3.6366137358478,0.8326699512072582,-0.20821332711436244
TEST_07239,4.32200864010004,1.5603470496137954,-0.9120993292448756
TEST_07240,2.4961431134233036,-1.8462579685197311,-0.976464894065786
TEST_07241,4.206650963224039,1.5076028358018392,0.7419667369724054
TEST_07242,2.817916229442745,-1.032979351737396,-0.8404268866225271
TEST_07243,3.9856949751839483,0.28941842764709413,0.24830758298658553
TEST_07244,3.233992989973912,0.051983652258414774,0.622416056959339
TEST_07245,2.3653872871644697,-0.04692189809467781,-0.7380572169085748
TEST_07246,4.701081891443215,0.4348101207400191,-0.9253499425128184
TEST_07247,1.463370861985444,-0.09986874270362991,-0.24265058488138347
TEST_07248,1.8026117916492421,0.6531498569812998,0.11937708525282309
TEST_07249,3.5501359538948343,0.5437235618607563,0.13241174971992326
TEST_07250,1.8215508468321338,0.4327414311906208,-0.145581326374418
TEST_07251,1.5449458729738434,-0.055296629588390184,0.2683615336990649
TEST_07252,2.4762209514304425,-1.3306287594741635,-0.7315307809935669
TEST_07253,1.0788915639894285,0.09530153583057772,0.13451931399893033
TEST_07254,3.7051778951611594,1.230710695689749,-0.3862775306279005
TEST_07255,2.2033757868672743,-0.900278434927698,-0.05946269292134115
TEST_07256,3.2357854457614432,0.6760379603098239,-0.5182749302428747
TEST_07257,3.848119496881216,0.8261950238640628,2.023339211143411
TEST_07258,4.098254486661141,0.5902494020163992,-0.35929171112788344
TEST_07259,1.1743623894053061,-0.19352043408592468,-0.4613999726172648
TEST_07260,3.045579312240885,0.5999635590941107,0.5090776687897155
TEST_07261,2.8357384748545273,0.01824818454826445,0.2888532441016243
TEST_07262,1.8291232608689623,-0.13187991838036325,-0.3291128283576297
TEST_07263,3.0870415364903563,-1.0492795470042453,0.5614312340898896
TEST_07264,2.7165592761700244,0.04627833983268877,0.26492129658764285
TEST_07265,2.0236220936677323,0.051629906408486415,-0.4472147064000259
TEST_07266,1.9083865084142675,-0.05514567385736022,-0.4407222277837472
TEST_07267,2.014821145646715,0.3585032977579938,-0.031557278869243546
TEST_07268,2.667429153388623,0.7514127989602611,0.5906285695475246
TEST_07269,4.803795318584702,0.24406312137682645,1.226839993454398
TEST_07270,1.8016418008138986,-0.22253604501043106,-0.22318979610173018
TEST_07271,2.128246477681235,-0.4206834080224298,-0.1468434196458501
TEST_07272,1.1755181676897233,0.39656372906139076,-0.5094873428217392
TEST_07273,1.9281925077049873,-0.4851348099806775,-0.44094448820464566
TEST_07274,3.609092904378532,0.3599853280735342,-0.4988237553176482
TEST_07275,1.955925582103369,-0.8572319497365072,0.3331980169785304
TEST_07276,1.3859488327367582,0.910406739765939,0.45796320154963527
TEST_07277,2.1973022684921406,0.12045450682828268,0.6667842800013357
TEST_07278,2.85338519892539,0.8682533741600381,1.1070347787375214
TEST_07279,5.279954546003673,-1.3995094274262552,-0.5290294270662032
TEST_07280,1.5295496903489592,0.33707849237918414,-0.004152286338566166
TEST_07281,4.861850705238196,-0.36127117443037055,0.5468183191423565
TEST_07282,2.1543841877939403,0.3156862619367564,-0.6613864049448911
TEST_07283,1.0471748769800346,0.7078956525215444,-0.12248351125224947
TEST_07284,2.6383851130534803,-0.36212796164707695,0.08218517059840655
TEST_07285,1.7755017571919804,0.3504767477330356,0.17213430319353373
TEST_07286,2.055668821944724,0.45475111170178906,-0.41398637553595374
TEST_07287,4.742032053732768,1.5207734414631486,-0.8960535226640938
TEST_07288,5.987120847217076,-0.9616293078373309,1.682858532987819
TEST_07289,3.834194306186681,0.30937677613329323,1.1591885787321283
TEST_07290,2.0298106744626043,0.19084048336437853,0.4217263131665244
TEST_07291,3.915933291539513,0.3850606837398835,0.9565448369772955
TEST_07292,5.014755654603553,0.408041139640031,-0.7692553352079785
TEST_07293,2.8273058975871774,0.11779320438638968,0.1681285243882157
TEST_07294,1.7811890365654577,1.149929534124846,0.34018102220556845
TEST_07295,2.7124731398265345,0.3912718236734279,-0.3088194237687963
TEST_07296,2.549828392997009,0.5895058779780075,-0.6567637765321762
TEST_07297,3.673368004103273,-0.3379495298912109,0.37987078822905407
TEST_07298,5.777006069068117,1.5313571071710357,1.783501782051925
TEST_07299,1.3714038055549056,-0.2231344419575981,-0.1789651186532189
TEST_07300,1.9602225992788063,0.33371649420235666,0.5039237835181716
TEST_07301,1.0948106252007828,-0.028416798059345157,0.31999209487853597
TEST_07302,1.5695188073177369,0.16289885531701737,-0.07609675543446864
TEST_07303,1.8536747348717564,-0.13841051022186565,0.5636849414076177
TEST_07304,1.1589772980591329,-0.2275606669538957,0.29838165068491734
TEST_07305,3.233354822745872,-1.4220353650633941,1.9581929513525949
TEST_07306,2.002804152638604,0.27464403622594846,-0.17208809784778992
TEST_07307,3.052702269442062,-0.4441096885265785,-0.9364564490582997
TEST_07308,3.2140593789153513,0.3098094413984584,-0.030959298935116
TEST_07309,4.479969864129979,-1.275772986104573,1.2992658706700289
TEST_07310,3.784787128764399,0.3457030548591737,-0.5433990030128032
TEST_07311,2.198734444018297,0.821011170075,-0.5359350633363397
TEST_07312,2.9170782245861346,-0.7908047600325955,-0.906725597954044
TEST_07313,2.2141492118360784,-0.42406723708298505,0.22684236126906482
TEST_07314,1.589084119609281,-0.3369210679014753,0.09011761477218865
TEST_07315,0.889433353666479,0.13730745801337207,-0.14681711079973056
TEST_07316,2.113198360378588,-0.6211673388040516,0.04602894382357174
TEST_07317,1.912529953945141,-0.6752321104845362,0.407539343950668
TEST_07318,1.9703943645346895,-0.8035149443735642,-0.3059505580281212
TEST_07319,5.706247584958157,0.5867604167566044,0.5320261241375338
TEST_07320,3.6619591495622554,-1.3251893068312635,-0.6528725214648162
TEST_07321,3.1083497449372834,0.22620337196162188,-0.3117203551049447
TEST_07322,3.540816625196385,-1.7997178834600653,0.6904668588909812
TEST_07323,2.5684587140654513,-0.935017346596553,0.9535199079012253
TEST_07324,1.6865103193821271,0.09494127752007397,0.14565429852416864
TEST_07325,1.3532811100728512,0.33056896589012946,0.2659645611559019
TEST_07326,3.1566626743381527,0.4057843244445349,0.6066585361210726
TEST_07327,2.3956098642098267,1.2521503246376664,0.25865442493556884
TEST_07328,4.509264389361302,-0.16293122506026494,-0.9259757906524576
TEST_07329,4.10925077168679,0.03223933246087072,-0.30442725254510183
TEST_07330,1.36530362845048,0.12143536313066994,0.298476251441019
TEST_07331,2.868362705089032,0.2896608147431089,0.25389644916330295
TEST_07332,2.660068913943974,1.6241340916210314,-0.7981719700967495
TEST_07333,1.9672483393410047,-0.2697542119023179,0.3149211176108566
TEST_07334,2.3078053489633588,0.2384731563429401,0.8609707182789172
TEST_07335,3.620620407083489,0.7965897001881643,0.39360234843588454
TEST_07336,2.1259435601556715,-0.062034120320540745,-0.2051287813908732
TEST_07337,2.073665200669803,0.2472182133306124,-0.246207569603487
TEST_07338,1.7450157995876527,1.2952621989993853,0.3060432288810135
TEST_07339,3.1537542247814914,-0.8234896331511478,1.008140719398776
TEST_07340,1.6639348574349788,0.2468517240764476,-0.16204434029440168
TEST_07341,1.122758423802947,-0.533927731223335,0.08557844529578504
TEST_07342,2.011864138022591,-0.8419825868973276,-0.7622217148834181
TEST_07343,1.34632431445178,0.07603836659246989,-0.3602858299765275
TEST_07344,3.300263424746792,0.1602585665424999,0.09093902950169275
TEST_07345,3.1444223679866457,0.016205781830833894,0.01810896631150392
TEST_07346,1.6917098664749475,-0.74254766070896,0.41351585379948175
TEST_07347,3.0323296069989016,0.21743168903010734,0.9140867323765001
TEST_07348,1.6642491521466918,0.18176146893108505,0.123918913392091
TEST_07349,2.4624927599603375,-1.4126510938201495,0.6107371808348505
TEST_07350,4.478276890115863,-0.22010701370060176,0.7999481720217915
TEST_07351,1.562704424716297,0.5461057546481579,0.24289334667104473
TEST_07352,1.1941948525191177,-0.4767200540238109,-0.36612911741529125
TEST_07353,1.988402467799566,-0.08896505533913741,0.3351500297849548
TEST_07354,3.0072982429342314,-0.43526350165165945,0.07223299835915586
TEST_07355,1.710270816190752,0.04390552726182127,0.13155032700343053
TEST_07356,1.9182108568388543,-0.36328636589696206,0.054168983870790804
TEST_07357,2.485421970059551,-0.4981190858159601,0.3568540389658133
TEST_07358,1.8963659393217531,0.18641216021256116,0.3445623676371202
TEST_07359,5.809661388113981,-0.9429741778335353,0.7832170877592621
TEST_07360,2.719493851181907,1.2552882881902112,-0.15369528681170072
TEST_07361,2.3617364994715997,1.4404505011331643,-0.7287914617774888
TEST_07362,0.8545610742702999,0.5136102098055085,0.3201709141010834
TEST_07363,3.4582767942120682,0.7222938875287682,-0.09244160537883472
TEST_07364,2.354512514531766,-0.3461161770972929,0.5040689752602556
TEST_07365,2.6624767928366397,-0.8414221321847289,-0.4672930773002223
TEST_07366,4.428127641643625,-1.1639494086989937,1.1079982565159645
TEST_07367,3.2270419595472113,-1.5129694166545171,0.09638680958372832
TEST_07368,1.967247517804331,-0.3433144277507121,-0.2501194939713596
TEST_07369,1.7038665814763434,-0.4603541472278944,-0.17188116948384302
TEST_07370,1.989739246061088,0.28524900627260097,-0.05421522675590386
TEST_07371,2.3172861668040645,0.19168798111025726,0.18235263345998343
TEST_07372,3.5010150915153546,1.2863477355212651,-1.3056815109055475
TEST_07373,1.3931137560171618,-0.5819696106823993,0.362634843374818
TEST_07374,2.7517568615056556,1.4907227906178824,-0.10034307498141003
TEST_07375,3.431337483413117,0.8809129879627475,0.46489975742460177
TEST_07376,1.8424384199521135,-0.05289861410717914,-0.6983285050090015
TEST_07377,1.4484639705823332,0.3719313199292826,0.8084708840060513
TEST_07378,1.2785979050478793,0.7205078315496376,-0.21220250416320569
TEST_07379,4.325859140472958,1.522139318260499,1.3679093420354156
TEST_07380,1.8547650909614917,0.32735957897497264,-0.30549727904910545
TEST_07381,2.408752928544125,0.27080678017607807,0.1146445232628833
TEST_07382,1.6093106435902784,0.029553507206157348,0.11041846993904544
TEST_07383,2.0404725416467753,0.5453048483170032,0.09083543911864188
TEST_07384,2.668247994990573,-0.3221025488272531,-0.8128397206361747
TEST_07385,3.370519183561503,-0.29590794467850395,0.2817472946920584
TEST_07386,2.682107174981464,-0.15183897323298004,-0.9067813241745192
TEST_07387,2.290238175846125,-0.0770461193166799,-0.6881006936069142
TEST_07388,1.898917163490676,-0.02044543513438085,0.23023708792189143
TEST_07389,1.2911063174755464,-0.591254576292943,-0.6717378619489466
TEST_07390,3.8970947856316025,0.8897276344062256,-0.7961292676391579
TEST_07391,2.184189961885465,-0.612726103731464,-0.2522174718941433
TEST_07392,2.2349567341068868,0.32344033834776115,0.03994052212996903
TEST_07393,2.526675347138936,0.0017891555622480632,-0.19552721885116867
TEST_07394,1.7201683316573844,-0.3602307198195164,-0.25976325383068516
TEST_07395,1.5303942247078226,0.43248290918951887,0.12650568313822882
TEST_07396,2.6768335107045567,1.1124868119975564,0.7254106543928538
TEST_07397,3.0107690728889613,0.16045692220532576,0.5496610976044892
TEST_07398,3.592099477619711,1.8033681868518079,0.5627192023905734
TEST_07399,5.485969448382955,-0.7603066439661808,0.7914999048419474
TEST_07400,4.22093390379802,1.7450198232492262,0.9271196866683058
TEST_07401,1.3128337175664937,1.0034882613501281,-0.19514232812030652
TEST_07402,2.370790598021969,1.1488489518837741,-0.42737672091922135
TEST_07403,2.573554006931119,0.29024452252752114,0.9183124000350213
TEST_07404,1.1593138220666006,0.2539678488759821,-0.1035783170953927
TEST_07405,2.118211386471554,-0.0862111242603147,0.28632473419597265
TEST_07406,4.391907776057145,1.188953600931659,1.1903734855611579
TEST_07407,4.638883465844644,-0.9054561948668218,0.8989010347931058
TEST_07408,5.65832816900635,0.9743228346859767,0.4094267393239012
TEST_07409,2.606528936299927,-0.1937649426018966,0.06917394711403756
TEST_07410,2.942894665768253,-0.3050541112807337,-0.25423361055220955
TEST_07411,2.428041540565205,-0.07196307574304273,0.5619330277059683
TEST_07412,2.8593860773543587,0.4800838759799442,-0.4193683909043612
TEST_07413,1.0641676999039258,0.22036855853816512,0.1842231010842539
TEST_07414,1.2178605137851533,-0.6880367590503664,-0.25342539119821755
TEST_07415,2.1704023636923733,-0.7017645802085447,-0.08014473707184082
TEST_07416,2.540073112888126,-1.1308214433880615,0.3325559464844178
TEST_07417,3.2546454453258424,-0.3026990244456342,0.9913408421093557
TEST_07418,1.8794895153747315,1.1436273020343353,-0.9064113909556292
TEST_07419,3.4169197291842193,-1.516576593093296,0.9643951036537359
TEST_07420,2.362837666465398,-0.8986768271687761,-0.11983041982412469
TEST_07421,3.1087722028741265,-0.05027060990769306,0.13057224880054624
TEST_07422,1.4804922678191765,-0.2000373018915944,0.09990634913430814
TEST_07423,1.3800917440659042,-0.002508002793734519,0.4731822665674225
TEST_07424,1.997026495257204,0.2830581386432566,0.8778228653656283
TEST_07425,4.200539140380689,0.017114997032917453,1.5099177563683686
TEST_07426,2.537501051608687,-0.27878036490623365,-0.13388667913498267
TEST_07427,2.2480337478312524,-0.2500146670321577,0.06253331662963729
TEST_07428,2.9295780102922446,-0.05005558839645034,0.03591849991059364
TEST_07429,0.7901368445915757,0.2315564605802127,-0.014336185371504889
TEST_07430,2.68369071811687,-0.5762287681151127,0.8872724865743885
TEST_07431,1.9105730789104158,-0.9587424728395244,0.02186185416366081
TEST_07432,2.010299670530971,-0.15356104623239186,-0.31859863479678724
TEST_07433,3.0923290016523555,-0.06316785949665021,0.5714860792794753
TEST_07434,2.034662647571948,-0.6468661009096761,0.29968241263393086
TEST_07435,2.026576241780633,0.13078460490227,0.11361833082509766
TEST_07436,1.259561737117286,0.25770123738693834,0.12672725159637285
TEST_07437,2.646277209441758,0.5721570431325361,0.16355812890633203
TEST_07438,3.490362651418287,-1.7709272117464387,0.2296489289367274
TEST_07439,3.790701877779575,-0.29131013870402017,-0.7412845861215508
TEST_07440,2.4299346004045606,-1.554064773059626,-0.42996883137774844
TEST_07441,4.542112373203796,0.8019665999334026,-0.9861783344323943
TEST_07442,1.947124801179465,-1.4738742796180602,0.6394681827011497
TEST_07443,3.460199257955761,1.5174874373356568,-0.42468414314968533
TEST_07444,1.7947860175663657,-0.14201389687393573,0.5405737789286414
TEST_07445,1.3204650562187594,0.5175368362260837,0.32672270984705426
TEST_07446,4.120964932796276,0.7729980270477684,0.8455435162633479
TEST_07447,4.393948037413589,-0.7460175549774478,-0.007198066488451093
TEST_07448,4.710253767698289,1.3394686592156317,1.0268836728057136
TEST_07449,4.11311163740477,0.2567818969240415,0.8622806017299123
TEST_07450,1.6900381944553207,0.02590221015149089,-0.3274761906762912
TEST_07451,4.3170128984721075,-0.3518440667686102,-0.9121800446839246
TEST_07452,4.399182878068765,1.181507239526238,1.3756347083059894
TEST_07453,3.0937823533217315,-0.41495056263953123,0.15988069968567328
TEST_07454,2.181258439536954,0.7745562161227305,0.18681904908476452
TEST_07455,3.0262196794074603,0.9314811643477996,-0.032983043208023234
TEST_07456,2.8238774645627487,1.02886874621853,1.5967194589192468
TEST_07457,1.4579593823690082,-0.45591625166010347,-0.052525234447266055
TEST_07458,2.9820908713406102,-0.2504212930191519,-0.9492338171363415
TEST_07459,2.91140612604125,0.4021696511138383,0.04972841163142397
TEST_07460,1.5919568725618607,-0.31321546611689627,0.2818553563268877
TEST_07461,2.7677162286688164,-0.470433676378177,-0.8802610588289558
TEST_07462,1.860746249765094,-0.49474259084266314,-0.32095209170235267
TEST_07463,2.3733709892189045,-0.5847337565288955,-0.08564901192440495
TEST_07464,2.0066835060590016,0.11081400766009769,-0.0013156954378551636
TEST_07465,1.3102019085824241,0.3163739895103844,-0.3732004278474352
TEST_07466,1.9568662883949404,-0.10256968904209932,0.3803059894210325
TEST_07467,3.4085829535916283,0.5006029391171649,0.5179475190473707
TEST_07468,2.1163074762923135,0.09924962505446745,0.5430116792640144
TEST_07469,4.394158420220863,-0.15125792591606288,0.9944118653749947
TEST_07470,1.502142831032124,-0.04103515401256778,0.42129914976111865
TEST_07471,1.6529582012731487,-0.7064450977800062,0.013041889567911866
TEST_07472,2.7440610219607273,-1.020257609586084,-0.18049201150979785
TEST_07473,4.226036286960646,0.2693250162661696,-0.38983721932788
TEST_07474,2.4810227672335694,0.28407076161307127,0.08476489440066323
TEST_07475,1.5147470425686183,0.4391595598600411,-0.023882437370074113
TEST_07476,2.5137620300108066,0.7511417861208249,0.6919691440244484
TEST_07477,3.042213480109672,0.3320733439972239,-0.09424936146405526
TEST_07478,2.238997094575556,-1.1792374426941739,-0.21138171696468686
TEST_07479,5.607637931349601,-0.279613192512442,-0.29368902850963535
TEST_07480,4.265160887102907,1.9184096335528749,-0.8933606003306728
TEST_07481,4.256016570710253,-1.2073658211266065,0.41007780645331676
TEST_07482,1.0156221271779708,0.02755262770761269,0.5198927550866708
TEST_07483,3.869598627997965,-0.36910327557818157,1.1348365750945828
TEST_07484,3.0250150944731264,0.04861606404126005,1.3742110125067186
TEST_07485,1.421246715382054,0.1457104073480829,-0.406427464633977
TEST_07486,3.4164855845126687,-0.4615924655352649,0.6593670226913242
TEST_07487,4.39669588292002,0.8409487188006401,0.5377746074556952
TEST_07488,4.259136468531173,-2.1195664919039503,-0.1689287202879822
TEST_07489,3.6424001983283265,0.49197360822001884,0.8993244334039742
TEST_07490,1.3328961736728782,-0.5416304161937711,-0.27348616120590075
TEST_07491,2.750822182544516,-0.6199634808706274,-0.9899152877117431
TEST_07492,4.6197617955263865,0.18275504869384318,-0.5646306591672015
TEST_07493,2.123408738803029,0.12403601333708829,-0.1574129480686707
TEST_07494,1.6138832954582085,0.519288419225213,0.3892564874490249
TEST_07495,2.0103002906089413,-1.1355304925844103,-0.13072904533822377
TEST_07496,2.1610334316549986,-0.4119982579025069,1.015964012752481
TEST_07497,3.9679122388409183,-0.48503499002463973,-0.3874401108190564
TEST_07498,3.889598832659682,-1.3536017530121198,0.02086288195734291
TEST_07499,2.261399187792745,-0.021228486593949672,-0.134734917422396
TEST_07500,1.3947135031572393,-0.43458737233391315,0.055972569070204495
TEST_07501,3.599391636779144,-0.5855505016742028,-0.8130428137157476
TEST_07502,1.2047489466354289,-0.3981669106777549,-0.36001442651641663
TEST_07503,1.5686895464701514,0.3535345451961963,-0.5032957381062572
TEST_07504,4.343709035949267,-0.07170078057062385,1.226269858896298
TEST_07505,5.122122215283349,-0.47285492934903733,-0.18562904990597226
TEST_07506,2.0927510580883877,-0.36721907505059925,-0.964665203017215
TEST_07507,3.751396728592206,0.015785217050381124,-0.21826814322530297
TEST_07508,2.235938080340398,-0.3089051211954779,0.3243849459683914
TEST_07509,4.026979643360665,-1.580671937673678,1.0827874071031718
TEST_07510,2.4636152647919696,-0.4699443051024692,-0.7664472435514886
TEST_07511,2.76315232966549,-0.5677350796685627,-0.4209504430207746
TEST_07512,3.803407153824781,0.8054753617325963,2.0987120223929754
TEST_07513,2.4072744958981973,-0.8829514783981032,0.19513270480881456
TEST_07514,2.464542164473087,0.259495093402774,0.046416448774219785
TEST_07515,1.823394823903369,-0.07365935310477706,0.31890385893845596
TEST_07516,3.566110630940378,-0.037467296643422944,-0.3921710220756493
TEST_07517,3.0098732973403495,-0.04978540797724832,0.7732275377926427
TEST_07518,2.69526644984502,1.3745354601655444,-0.013455443790684382
TEST_07519,5.662183449055582,0.5373378243441043,0.06301186560617601
TEST_07520,4.157945861480526,0.20166271585037462,0.2412648065061913
TEST_07521,3.1702661906135927,2.022004825168905,0.6356748958982701
TEST_07522,3.6633932678110614,-0.027915856550717138,0.19034901646516736
TEST_07523,2.1681110827973926,-1.1404685725724628,0.36208217961511246
TEST_07524,1.9532201456581837,-0.4674725023052785,-0.568452464289821
TEST_07525,2.0321055110304402,-0.027276369224596943,-0.6501952021607423
TEST_07526,2.651374167600819,-0.716640991252489,-0.45474191124612295
TEST_07527,4.085896305481486,0.5036042929454478,0.16630606585797092
TEST_07528,4.947133915981989,0.9980932819093229,-0.8764038523073028
TEST_07529,3.122325551727992,0.21262815146036193,-0.15852684793148547
TEST_07530,2.6214258721046257,0.4050031726367953,0.22292500861121214
TEST_07531,3.5126567510577016,-0.6569582196446027,-0.7749377725381138
TEST_07532,3.576059005250112,-0.06080913461629576,1.5943976280650336
TEST_07533,1.096479561351551,-0.16005755626978876,0.10093322321735523
TEST_07534,2.9995850077143413,0.5813249375849566,0.01779191021059566
TEST_07535,1.7292330847977906,-0.9136211338011023,0.043027380916383834
TEST_07536,2.3957736866022845,-1.0073501711538473,0.934005440260898
TEST_07537,2.236355395812226,0.6620580794730632,0.05731107488469517
TEST_07538,3.984926106205241,1.2822025344407795,1.4417558589394108
TEST_07539,2.451749724876426,0.23372231465711532,-0.7813225684226328
TEST_07540,2.702053598620531,-0.5487482281419629,0.2475078493520091
TEST_07541,2.7243831831487437,-0.07183468244294161,0.29510919338323816
TEST_07542,1.495212646112361,-0.20163135761887616,0.2898594062750521
TEST_07543,1.6036241697733358,-0.8450338564328148,-0.0011034136401224565
TEST_07544,3.200751408735378,-0.14212282018456643,0.09583251760576524
TEST_07545,3.300807179473286,-0.1296432320749553,1.03523183267569
TEST_07546,2.6029331904180686,0.17594813239177207,0.009416230986729253
TEST_07547,2.9302894087130387,0.48891178888124026,-0.49759126665446035
TEST_07548,3.2387123083824823,0.0790811627702768,-0.13290438459215517
TEST_07549,4.153739030460762,-1.3310077128348652,0.28553566325260893
TEST_07550,2.50516905832951,-1.3661759612983049,-0.4933735714475697
TEST_07551,1.2568315030997013,-0.12354322187100623,0.009570069902510294
TEST_07552,3.384028643677979,1.630619617285074,-0.45955057317159526
TEST_07553,3.6199090573096897,-1.9066649972129834,-1.059542223488068
TEST_07554,1.8644977676992465,-0.4750341457119002,0.10686405600943436
TEST_07555,1.8315905900820808,-0.8681180109698972,-0.6675512467022239
TEST_07556,1.9841391695859567,-0.355827846818521,0.21410775971103993
TEST_07557,2.6469632391926416,-0.8967477135954618,0.0475763660202011
TEST_07558,2.187998666092235,-0.0015881786995626376,-0.2079044654230623
TEST_07559,4.896742798017821,-0.3911133980058812,-0.10776150532401148
TEST_07560,4.381334452854674,-0.9380516956929177,0.779547933312578
TEST_07561,4.696067452230142,1.4931944077612223,1.0356264658254686
TEST_07562,2.290899086615887,-1.7176946989922786,-0.7477655206578884
TEST_07563,3.8860522482050106,0.9027001959908524,-1.3503501568440592
TEST_07564,2.4564639054125696,0.06084807122862058,0.9372706617371273
TEST_07565,1.2420347569104406,0.19276795521004333,0.01440953163866793
TEST_07566,4.840685819685726,0.5836327327900902,1.210286322167354
TEST_07567,3.150966677680695,-0.24198099458081263,-0.6300213436622063
TEST_07568,1.4406374722965996,-0.8013863103154036,0.3419704044942373
TEST_07569,3.898247598258099,0.06922640290800997,-0.6901810415650396
TEST_07570,2.4372261243501416,-0.7295788091223936,-1.0249694187906966
TEST_07571,3.2761935362763484,-0.28784815278368825,0.4077457287035408
TEST_07572,3.5147487575378435,-0.8636731063077395,-0.6477841480917667
TEST_07573,2.281787587808469,0.08330491461969584,-0.16071832759767538
TEST_07574,2.169855793476429,1.0722993057072272,-0.3210769351978178
TEST_07575,3.9179043845353947,0.7644211778525571,-0.23012262820961574
TEST_07576,1.6194026662653065,0.6800397723211308,0.41057080296289455
TEST_07577,3.749947278673858,-0.7652847366616929,0.5869611713376823
TEST_07578,1.40787737507987,1.4034265122032314,0.5337040774364581
TEST_07579,3.810876144501695,-0.09225599404011502,-0.7528103491425574
TEST_07580,3.2771342437828896,-0.43465232509101986,0.8522173211962553
TEST_07581,0.9373227181746595,-0.2973134055864847,-0.060663078991017215
TEST_07582,1.3432430326668143,0.5920821121832957,-0.16785197575329225
TEST_07583,4.391329164828475,0.6251015157734334,0.9093064482009677
TEST_07584,0.9236227361870606,0.3675776923109646,0.01513989384671629
TEST_07585,2.9267079330666257,1.22161995052302,0.8923737381312429
TEST_07586,2.3173237434722234,0.18496535320352894,-0.46029002237598643
TEST_07587,1.4640925929232136,0.061604866379231016,0.07444595343816372
TEST_07588,3.0133893330351516,0.18230436972518752,-0.4021382661707806
TEST_07589,3.7222338472873897,-0.8602649111724553,1.0251580688570532
TEST_07590,3.0067440302978836,0.905307681800083,0.48716547740773286
TEST_07591,1.5443423429321075,-0.9651523105475893,-0.17411807482135425
TEST_07592,2.9949293529773646,1.4428965862211909,1.3678969480405325
TEST_07593,3.3468798390399797,-0.5429997219770419,0.8733943737880324
TEST_07594,2.2392201367986577,0.34898041584672357,-0.024198302473917282
TEST_07595,2.318622509893085,0.5498981871759652,0.6444342252608418
TEST_07596,3.6124263574235704,-1.3500473263495738,-0.4694234110152028
TEST_07597,2.9782361747106774,-0.2319235839174014,0.5731418084936111
TEST_07598,2.899113313848422,-1.1647553349712827,-0.48138360369272293
TEST_07599,4.818161794735544,0.6911102851619904,0.21798886403025328
TEST_07600,1.9667230451760478,0.24793101223626055,0.08411392294058685
TEST_07601,2.8296269326058914,-0.5455129480503875,0.8794818594939229
TEST_07602,3.327551795897083,-0.1505671638481472,0.436494371672222
TEST_07603,2.809267214110491,-0.6028729205909771,-1.3249658573508054
TEST_07604,1.4105315772190583,0.15832085375491528,-0.18063018432305028
TEST_07605,2.391625487911315,0.49002367672058866,-0.726045729016301
TEST_07606,2.1358969247617874,0.1325390957905444,-0.31938892182211076
TEST_07607,4.703415206456992,0.8648834031503196,1.197338537615131
TEST_07608,1.3881034401621906,0.7165606890201913,0.33799043362990905
TEST_07609,2.1493393452478564,0.7078759744698303,0.13491868796571457
TEST_07610,3.2034521039729142,-0.47679923906009924,0.6118118343223238
TEST_07611,1.34076656077325,0.10261222972939661,0.21807244117536034
TEST_07612,3.2083196381921937,0.9580373063898797,-1.1992985033413457
TEST_07613,1.4064168436724414,-0.39359677334632837,-0.04248341754788452
TEST_07614,3.6392562150913546,0.8960173882099519,0.31355343480116654
TEST_07615,1.4982599394600145,0.15286401683016732,-0.016448446584588935
TEST_07616,1.7158575709781407,-0.5425025989076329,-0.6532987089027095
TEST_07617,3.036305137157191,-0.5872558999149939,0.7978260939063383
TEST_07618,1.8637016990909856,-0.9432097937940714,-0.5409161802044978
TEST_07619,3.3979833722972614,-0.05040588258986571,-0.0437457377707933
TEST_07620,1.5601336972726259,-0.11080025896830716,0.38412161791754723
TEST_07621,2.421611308674544,0.05690188069745318,0.1599091750156516
TEST_07622,2.0792186024445045,-0.7746105613154136,0.7418865528967366
TEST_07623,2.371459532107426,0.2659517730172264,-0.5657691764713856
TEST_07624,3.2174895210938224,-0.06640062206045946,0.04210372837020452
TEST_07625,1.5957579923573433,0.8607847417669681,-0.24637182187804835
TEST_07626,3.579903887548412,-0.6515447411084757,-1.1477619036877142
TEST_07627,2.1332394988900005,-0.42363797312382045,0.290141579123177
TEST_07628,2.605734427243192,-0.3909603488304951,0.053807000044701354
TEST_07629,4.528767171329529,-1.865743800875309,1.7568618359638875
TEST_07630,4.369614214242317,0.44230609078058797,1.6567813531038422
TEST_07631,1.6199873403792109,-0.12010673203113187,-0.020660701985757427
TEST_07632,1.9675003810716667,-0.9118913077814179,-0.1276431519770317
TEST_07633,3.4245481580391517,1.483039966354771,0.08193225422403984
TEST_07634,3.1312371018784613,0.515186766571509,-0.13911314704732478
TEST_07635,1.3025764772001176,-0.011297494888699926,0.42262415814793264
TEST_07636,4.698354915292917,-1.7159670461850336,-0.3995560218070747
TEST_07637,1.6383955196924598,0.45937071970663157,0.11273725923599755
TEST_07638,1.5409194511283493,-0.4093856868312736,0.5658364161167784
TEST_07639,5.129060192469684,-0.9909691816847704,-0.3018715157191868
TEST_07640,1.3368875607231128,0.6592107979197025,-0.1903547197686336
TEST_07641,4.9435098908900885,2.056226964536442,0.7388095342842669
TEST_07642,2.526872267316378,0.29574870529294267,-0.4435423234618438
TEST_07643,4.084515642438324,-0.9922473538022326,-1.2917988048391194
TEST_07644,2.0405474972170534,0.19195397633523936,0.06035110098278305
TEST_07645,0.8283506848941554,-0.2526172315172691,-0.12748303556634735
TEST_07646,4.685392842888894,1.1441133432498116,-0.5669996259084857
TEST_07647,4.692301331908418,1.3357105023935796,0.7542288677820542
TEST_07648,1.9184106445503575,-0.8473671248837217,0.1208546009205269
TEST_07649,4.531503064211993,-0.45296214272828783,-0.5878825339035139
TEST_07650,0.8407761792326003,-0.14567878368364956,-0.042453858254094055
TEST_07651,1.7512848970280768,0.3725279037465841,-0.28569893358440074
TEST_07652,3.390564944083554,1.137931304339357,0.6239696984830934
TEST_07653,1.705944058539552,-0.3919522995559788,-0.04177525300514135
TEST_07654,2.9676965502463806,0.17658895785656525,-0.6525111686587433
TEST_07655,3.27074185957993,-0.17155531573510335,-0.44602325062968323
TEST_07656,1.4124285129634433,0.22301108639117292,0.41326335042422235
TEST_07657,2.4685110201398004,0.7312153235169896,0.31865755075184593
TEST_07658,3.709494038613568,-0.4561600774881784,-0.2980510829911333
TEST_07659,3.206992776180074,-1.4838298280326914,-1.264590047919344
TEST_07660,1.5872887177797343,-0.4486772786887238,0.2586608403321649
TEST_07661,2.9646065685282363,0.29262441534194356,0.9103642156013074
TEST_07662,1.9391779748763232,-0.3705715555516752,0.6523647393985881
TEST_07663,1.2771960012788188,-0.21061735030701145,0.013993914517649515
TEST_07664,2.7248735566955693,0.2708961157432912,0.6397916325287424
TEST_07665,5.440707652899886,-0.414230573403499,-0.6015259353976954
TEST_07666,2.7331591623594793,-0.10147418998752056,-0.8381955318590273
TEST_07667,2.25643343461789,-0.22016402559202033,0.7958698139868952
TEST_07668,1.6115250239234071,-0.5278409823918994,0.2560827189985851
TEST_07669,2.281198828562751,-0.3706772379663694,1.3495838733772516
TEST_07670,4.518713947055922,0.6708365798320631,0.7939096542374074
TEST_07671,3.037358828905661,0.42499763809479546,-0.1426350572934027
TEST_07672,1.879189115014187,-0.9424973480988079,0.15044545124384603
TEST_07673,3.9644481346773874,0.23227387985227843,0.8841761362167178
TEST_07674,2.7771680696123093,0.33070693287165887,0.005900726208102821
TEST_07675,2.3668570724051845,-1.0806325819554923,1.1023604972293437
TEST_07676,3.9122560265071704,1.1228829185921438,0.6082610650370878
TEST_07677,2.4508224487636334,-0.3208934751542582,0.30157312814273096
TEST_07678,1.7489061589879613,-0.9210523039957611,-0.9224378869227321
TEST_07679,3.246955831121856,-1.077105306796541,-1.0539573254150811
TEST_07680,1.9362909557533456,1.714664253225259,-0.8031121599680353
TEST_07681,2.785717796112442,1.364962983208246,-0.23248996662676755
TEST_07682,3.099832304836953,0.8881058223893759,1.2813271297207263
TEST_07683,2.271945136301009,1.3142701763474565,0.3857881808784398
TEST_07684,2.7898762558069614,0.15787159528315142,-0.0033831002986516854
TEST_07685,2.764528507418644,-0.6154529475278759,-0.7805469136574033
TEST_07686,1.4481127444426258,-0.32612752360933867,0.1627699945878761
TEST_07687,4.801057167746878,-0.684466307660309,0.86089444734963
TEST_07688,5.724660818392235,0.5744003215836359,-0.5514245016740721
TEST_07689,1.6957011855776427,0.36672079705439864,0.003997784285083425
TEST_07690,1.876197973140864,0.16770255821540553,-0.09608692671347309
TEST_07691,1.5261159819719727,-0.37588265038239477,0.2858021494409101
TEST_07692,2.5623786175198036,0.6726552547908304,0.39181532084688503
TEST_07693,2.0234105807970946,0.1683195910511278,0.20546401161609923
TEST_07694,2.7848125507104355,0.7392307898789556,0.8223511512715619
TEST_07695,3.4220921643692783,0.500201591876755,-0.196912500703289
TEST_07696,1.610976579733173,-0.06852184949929001,-0.6081224317487581
TEST_07697,3.603369352360279,-1.1350548092906882,1.919695344882224
TEST_07698,5.685093569430443,1.2202227748064318,-0.058968351502395794
TEST_07699,4.436889066086903,-1.7269491630086857,0.1273932636760069
TEST_07700,0.9623861089533988,0.34710442441597894,0.11693900354069696
TEST_07701,3.4797630011288017,-0.09622786754932301,0.3667608088580133
TEST_07702,2.1396002065894275,-0.4438355168885304,0.9322771026654584
TEST_07703,3.4916389090755815,-0.17748521237943077,0.24971048722828632
TEST_07704,3.561289541625552,-0.16967360557839806,0.420192111023264
TEST_07705,1.1896838686591367,-0.11178229803423818,-0.1597109630512104
TEST_07706,3.056574060443552,-0.3479063777536058,-0.8906657727622803
TEST_07707,2.116294166470503,-0.03154685247831878,-0.5267206367978863
TEST_07708,3.230285997876296,-0.442381085964981,-0.13937802502231916
TEST_07709,1.30290755231013,-0.351122266941573,-0.4384537232858771
TEST_07710,1.270421224481589,-0.3026927584717982,-0.11615906024473611
TEST_07711,2.0830795038212804,-0.6368787705227785,-0.3707780806597816
TEST_07712,2.6709153428482963,1.5171384001623083,0.6804948438149169
TEST_07713,3.2301904671864348,0.13356544595650308,0.2891494425378209
TEST_07714,3.2654910914777067,-0.2122398548760769,-0.33230585304708593
TEST_07715,1.108341270110927,-0.24641467811680876,-0.11410689133599179
TEST_07716,3.644626863736804,0.16063661703830034,-0.5833669356945739
TEST_07717,3.583830731253394,0.8906696551043397,0.6437688533730548
TEST_07718,1.4076217934724014,0.9334016358780672,0.5991355752805848
TEST_07719,5.216408254208351,0.5823324084569133,0.8513968465011932
TEST_07720,3.4030462772489725,-0.31365317807587706,0.7443119944904664
TEST_07721,1.8173080495345593,0.4120096685728928,-0.3605743442538305
TEST_07722,3.6962277538347927,-0.08598914877374658,0.9706161105053406
TEST_07723,3.291065343833271,-0.21694345263509732,-0.0016717332636052603
TEST_07724,2.2421822177821884,-0.44493989834684955,0.6909659940469794
TEST_07725,0.9923625794211294,0.27106575555352014,-0.047857806161519814
TEST_07726,2.59616322918259,-0.05655467735851411,-0.2756814188409647
TEST_07727,1.3565645939772843,0.8270660931535349,0.4049837830161553
TEST_07728,1.098370338124148,-0.4981854592675626,-0.20280405059748907
TEST_07729,2.4368407851711584,-0.26672273981891625,0.3123753864598977
TEST_07730,2.6075384542814035,0.6665159858681292,0.747883331144448
TEST_07731,2.8839601151644843,0.38485669632448194,0.7463277870318517
TEST_07732,0.8780710034387313,0.019339902498540836,0.0029691044967343253
TEST_07733,1.9654190467184107,-0.20985790989806447,0.11481471113266378
TEST_07734,1.4458849110767127,0.6460701093170163,0.634998397168157
TEST_07735,2.7932688648543613,0.6702584725836054,-0.5722761750307885
TEST_07736,3.182220353116152,-1.1238000673528699,0.9105145729985383
TEST_07737,1.554716402243927,0.7660003856547047,0.741788089852549
TEST_07738,2.458185452151445,-1.2241208906598342,-0.7857864150103976
TEST_07739,2.9589472054318393,-0.12325643198896599,-0.7316573488178786
TEST_07740,3.055718816989128,0.2811190820200199,0.15257398065294084
TEST_07741,1.976442116665518,-0.32172454818621377,-0.040339144156880176
TEST_07742,1.4218946010548028,-0.650406658230399,-0.5638078719891414
TEST_07743,3.826839548184532,0.5979734500768277,1.0331568687074075
TEST_07744,4.05382536165236,-0.6548073842577378,0.5658769662816696
TEST_07745,2.0689555579543613,1.4160221958021124,1.1314812128509226
TEST_07746,3.263484210260395,-0.5109573846770549,-0.6308143116681962
TEST_07747,3.4733198644018684,0.2506525836619442,-0.8114034541812305
TEST_07748,1.754191505052685,-0.38548170878749144,0.054981691254239684
TEST_07749,2.9528888740228143,1.1147183540812804,-0.8455067745289342
TEST_07750,1.138319144307056,-0.20728071774472032,0.22584204073494712
TEST_07751,2.7803294269704715,-0.5345702549268452,-0.7242997872207136
TEST_07752,3.2909756500210663,0.46372783925260347,-0.4124445143136971
TEST_07753,3.425303746209961,0.9168656012720189,-0.9573463042735212
TEST_07754,1.4503955621613562,-0.13091557845330062,0.09142082053288692
TEST_07755,0.9611329550851079,0.12362862398232441,0.26485507186267876
TEST_07756,4.380963747636831,-0.2975817116104679,1.1014445606441168
TEST_07757,2.5105899839127934,0.8843650354878874,-0.3082551691793031
TEST_07758,2.0220798977283834,-0.2504126391694713,0.4994157822562725
TEST_07759,4.282542111340917,1.8466212747781021,1.2543477881574392
TEST_07760,4.62747266558036,-0.9313633971267024,0.41969973440091557
TEST_07761,2.7680058027966488,2.1694934461114865,-0.1120731550661533
TEST_07762,3.535921817218123,-0.05218964847977583,-0.15553996488544297
TEST_07763,3.5699820817056978,1.2956279591497444,-1.0463769481843708
TEST_07764,1.5451200003643886,-0.07238737248740208,0.037638899047929164
TEST_07765,1.3788307267277766,0.652302220454876,-0.16255795472363418
TEST_07766,4.3332105433268415,0.9265174032815008,0.3021829584293584
TEST_07767,2.3366805465960203,1.5079457139480839,-0.7527410477656243
TEST_07768,4.844707644590173,-1.6973203560501964,-0.5718975012049579
TEST_07769,2.9911465042512866,0.3355583021564558,0.31260980145388
TEST_07770,2.4556651913692016,0.10148739353650091,-0.1462995611484888
TEST_07771,2.947555838538448,0.26638146622521136,-0.43642952871954543
TEST_07772,1.5560229588312589,-1.0170668579255764,0.5775117050435642
TEST_07773,2.8281860400706202,0.5655496284192206,0.06171952961268644
TEST_07774,1.0771240785499794,0.3579102676412963,0.26303224572659745
TEST_07775,3.0592695521468003,0.7088643046763455,0.004261253358800603
TEST_07776,3.023072258755967,0.689516997705147,1.3619439858957034
TEST_07777,1.688851052738639,0.8542789592976047,-0.3102985457901399
TEST_07778,3.4586078220126977,-0.7989826872063767,0.7077042691644321
TEST_07779,3.514211260484323,-0.7507822956277838,0.7072077403196835
TEST_07780,3.163493229544415,-0.6798804422342305,-0.633440528014148
TEST_07781,3.6880277185955608,-0.12037172058935473,-0.33662537517719354
TEST_07782,1.4769534543906873,0.18058803731744333,-0.06569843628166389
TEST_07783,3.166639404147848,-0.12693167995846763,0.1242198279085346
TEST_07784,4.1295731485167835,-0.2075011657161476,-0.5737379828935778
TEST_07785,5.479684487278063,-1.6626181354478078,1.4764649018498683
TEST_07786,1.6843265106505287,-0.3750915725889379,0.12640419916711515
TEST_07787,1.5334046421928529,0.002431279356543678,-0.20580440767460956
TEST_07788,1.5373885239702414,-0.6197184783417319,-0.13121656422010397
TEST_07789,1.9465622690079243,0.24053639215210976,-0.4081798080290053
TEST_07790,2.797671101372376,1.5751291962806686,0.03363897818531835
TEST_07791,2.0018888203057297,0.5388775860263783,0.18331410450955118
TEST_07792,3.0723631703371757,-0.7491888772719244,0.6532625205215705
TEST_07793,2.501684256637789,0.025246713976760777,-0.2762084906299233
TEST_07794,1.9548587469829455,-0.16285737687077556,0.04929109776675317
TEST_07795,0.9995897913494062,0.4728966502379556,-0.3843200511079763
TEST_07796,1.5640169595113316,-0.18137762337813795,0.4221366963825361
TEST_07797,3.1751878689299664,0.4413493898965647,0.6849167605029577
TEST_07798,3.043786629613167,0.4108394640052448,-0.1791206057177589
TEST_07799,3.3695774062368242,1.1244783642231893,-1.427907290938191
TEST_07800,4.9244957687168105,-0.5005818593834729,-1.242070432364683
TEST_07801,1.3558023838084108,-0.03831220631861162,-0.06222853791921837
TEST_07802,0.9311234796723147,0.3163059517915202,0.10865625933037781
TEST_07803,2.295658745765902,-0.24101791849555965,-0.76160893908513
TEST_07804,2.934474174630769,0.18637657434256516,-0.6045320200940114
TEST_07805,2.328521042159962,-0.007000161723840372,0.010096704010351303
TEST_07806,1.1670658360015118,-0.2231500318946407,0.24784300583354918
TEST_07807,4.234812520421122,0.4789887202270808,-0.8651055177978497
TEST_07808,0.7890193099472809,0.21623563720886296,-0.0014925338222698905
TEST_07809,1.6348541378675951,0.3320613357341583,0.10493307018601192
TEST_07810,3.0378436944365053,0.03905539569486878,0.14448268021527466
TEST_07811,1.790388362047076,-0.1405372967365169,-0.2356440508459601
TEST_07812,4.575519983137208,0.9971633619034599,-0.3486298156938196
TEST_07813,2.2386303867676833,0.06427753665363156,-0.05193818738463953
TEST_07814,2.65381422669172,0.6517867895947509,-0.08411168748455403
TEST_07815,1.2679700537127025,0.5038199958732988,-0.09428592902051026
TEST_07816,1.596994548592171,0.9377688961912944,0.07862363431470203
TEST_07817,3.2429362907302197,-0.6657392682097703,0.6400708210947313
TEST_07818,4.089129252869055,-1.1913681751824665,-0.013093958680646986
TEST_07819,1.442803126900036,0.5302166501412288,-0.19678023604791434
TEST_07820,1.6232574335402463,-0.11796689213492931,-0.30251495507160525
TEST_07821,1.4236545444012165,-0.11042189435522784,-0.3606193329553461
TEST_07822,1.5903148423620281,-0.25500386879324033,0.009776630400853607
TEST_07823,2.350995555224489,-0.16985854045421817,0.6008731875254263
TEST_07824,1.995274487761443,0.38739785820696837,-0.4740975188405403
TEST_07825,2.675863031646711,-0.7351209261048564,0.01008112090624296
TEST_07826,3.122566111052623,0.44109596035166304,-0.2692655551320491
TEST_07827,3.007953414832192,0.5018506705514445,0.10908037455087699
TEST_07828,2.7689836086088517,0.048936960429057264,-0.0008518762110602375
TEST_07829,1.4827251420233178,-0.11884539431250733,-0.21226848324165182
TEST_07830,2.4780560677087715,0.0789294870622226,0.8865636567694534
TEST_07831,1.5210025268128884,1.2162215615515335,-0.03311651778727012
TEST_07832,1.0620250096295345,-0.2465185235209796,-0.006232287589778932
TEST_07833,3.8543160408921056,-1.021494993794624,0.4481993424012448
TEST_07834,3.6448788422938527,0.6325720408957853,1.2940779358667456
TEST_07835,1.9425852604620888,-0.06564177316189172,0.31237141788030176
TEST_07836,3.132617944487757,-1.4187467254208237,1.1319812230303483
TEST_07837,2.1909091117166053,0.20095704019920607,0.5968193797267314
TEST_07838,3.0416012372979155,0.7193295968844958,0.7715494376261471
TEST_07839,3.603974479308085,-0.2164301255325033,0.6093266735957318
TEST_07840,3.5795374229541217,-0.27141202263761643,1.429627797906695
TEST_07841,4.766332354253827,2.1268744849600547,1.1957176597431645
TEST_07842,1.4261617282557055,-1.4715039909231395,-0.584966742082114
TEST_07843,1.3824700449331684,-0.17141761496954838,-0.7276778979359958
TEST_07844,1.5657693149354097,-0.7093583240381185,0.2566143611994586
TEST_07845,1.6956438562020748,-0.4336676646162659,-0.34907417533689805
TEST_07846,4.825108554283156,0.5946156061554801,0.7807618027112191
TEST_07847,3.612023529569154,0.279683093484291,0.04736800419066398
TEST_07848,5.497100574953349,-2.2355367259421275,0.10370436876567474
TEST_07849,1.9246920471152702,0.6334667422983307,0.18996310156987647
TEST_07850,1.6850487648609753,0.37130127646727124,-0.3049061078140482
TEST_07851,1.375266919944855,0.2990317821241967,0.1866757947591877
TEST_07852,2.057209152884794,0.753892008380238,-0.020246955690055125
TEST_07853,1.3653630369522665,0.10172029295308606,-0.15417856051677828
TEST_07854,2.478376658658923,-1.2772887513210778,0.5800304171195309
TEST_07855,3.3024822978603123,-0.6929301043421164,0.8797472083266157
TEST_07856,2.792579814652239,0.02342578821482294,0.503491291070252
TEST_07857,2.3236225711747185,-0.006602485852600836,0.1526915318389914
TEST_07858,3.8084481849524745,-1.5818816616608422,0.7345398939560729
TEST_07859,2.783632685098148,1.1597677731445135,-0.1525220315536276
TEST_07860,0.9027313770935228,-0.13340537499817165,0.4326231716932078
TEST_07861,1.1977906868166108,0.5454920750571305,0.2915195563750137
TEST_07862,2.0380874167991117,0.7038878391491937,0.5731601510441583
TEST_07863,1.364091795581879,-0.32485097049940936,-0.07097810157106337
TEST_07864,3.228140085101976,-0.24904067895627133,-0.17140349055017035
TEST_07865,1.0980438402916288,0.568701875664313,0.5670887501217661
TEST_07866,1.4141106046641176,0.01777145292650731,-0.007828245890588751
TEST_07867,1.1084874585161917,0.10897271749933833,0.09219862045956856
TEST_07868,3.2276941246640796,-0.8288140255129542,-0.4888254354911498
TEST_07869,0.9864314138494842,0.6161337290610521,-0.11914840358629201
TEST_07870,3.1058967144060667,-1.0210639552135081,0.9122461169047107
TEST_07871,1.8905241315243986,-1.1927523525008163,0.0824510581889306
TEST_07872,1.7406270528497658,-0.34861717658257485,0.5198913348471164
TEST_07873,3.7527151499735028,-0.6636747258822213,-0.16672693754848159
TEST_07874,3.0993280566814043,0.3430128078235263,-0.35473297365088285
TEST_07875,1.0998942841675512,-0.18328844568949887,0.05925258820480589
TEST_07876,3.0577048973213072,-1.4112493203644536,1.1778334690487637
TEST_07877,2.1897312880997775,-0.5112786286161576,0.2861064868095807
TEST_07878,1.2373022743174003,0.011987683316052133,0.35499027230996544
TEST_07879,4.4917734554159345,-0.8458485966962077,1.7390087995113201
TEST_07880,4.366201449622629,1.4917218789622908,-1.0121286402568397
TEST_07881,2.7251581036856476,-2.374804617775852,0.5810112444184873
TEST_07882,3.1756937005372787,-0.3572841182069804,-0.008677214997223211
TEST_07883,2.640727941354005,0.7522130263428985,-0.44775921206112285
TEST_07884,2.524177684888645,0.5102545244579185,0.2878429788014154
TEST_07885,1.9782413384192443,-0.33997466361258305,-0.5240829569741154
TEST_07886,3.7483436740576677,-0.4313513869207705,-0.6667912548667932
TEST_07887,3.0892330946790967,0.23304436727501443,-0.3135910182748151
TEST_07888,2.000676877357496,0.2074566622266029,0.8000432903368446
TEST_07889,2.9148244064846525,-0.22568084654884507,-0.2912905361356448
TEST_07890,2.595068782505481,-0.2792920130749558,0.472402545544501
TEST_07891,3.770497498860401,-0.4730365103669308,-0.4125426699830694
TEST_07892,3.081963242829454,0.4330198614429031,1.2098107385365604
TEST_07893,2.972426005850678,0.08100407367720672,0.026411766241185217
TEST_07894,2.7574228222387074,1.4227543219515901,0.27185593879893377
TEST_07895,1.9005232600133926,0.6861783540225533,0.024082386375377907
TEST_07896,1.97313790941063,0.10484744381211633,0.39854745977511297
TEST_07897,3.861479941955699,0.38158551514830813,1.4919833932834334
TEST_07898,2.879813228673237,-0.9305623966132613,-1.0066497723731855
TEST_07899,1.9014949066997267,-0.5368490644969641,0.6401836818901115
TEST_07900,2.6082853910391313,-0.2195230301620225,0.5343813805400377
TEST_07901,1.5428913241386928,-0.27851092398790994,-0.2035826236949892
TEST_07902,1.548027679078362,0.004479906572141646,0.2866141465453416
TEST_07903,3.2824602646183796,0.5255902641165939,0.47581846872278727
TEST_07904,3.4899153178311275,-0.2379314588611383,0.9217872342244203
TEST_07905,4.2091113491155765,-0.9578805928525006,1.3533875220785783
TEST_07906,3.0899678789527942,-0.12253177604391463,0.48095792590747755
TEST_07907,2.9999095485250615,0.8680976834989417,-0.6954981232474122
TEST_07908,2.6020039325357027,-0.072491526800069,-0.11711173176598601
TEST_07909,3.592391915244269,1.2255136121932202,1.3682083899074107
TEST_07910,4.275756381086019,-0.10214304076120868,1.9350806374498617
TEST_07911,2.9893723394234404,0.2419621847534344,-0.03619451452777029
TEST_07912,1.1544534098675343,0.4741237677206606,-0.36386063484944486
TEST_07913,1.599956845451693,-0.5411201293663478,0.5712677604515064
TEST_07914,3.0076847239184734,0.3749181235946432,-0.5933684148851747
TEST_07915,1.109320658252038,0.04870970086868238,-0.30449094176538816
TEST_07916,1.6616949203529834,0.752552081374829,0.19225523283545987
TEST_07917,3.0142197889323032,-1.6530245335536469,0.8308645619129031
TEST_07918,2.4763016350308105,1.1039162237631701,-0.8031306702123779
TEST_07919,3.6044355957082375,-0.24958152881068382,-1.419662266724212
TEST_07920,2.487374464448477,0.8894868351197655,0.13101967324502523
TEST_07921,3.6515564225410344,0.5562990251626696,0.002538705200661414
TEST_07922,4.0843037237021855,-0.10562379197742665,-0.4923554313971167
TEST_07923,4.274011589364004,-2.0829602126056717,0.5947423526362542
TEST_07924,2.84242909125116,0.4554701022125726,0.47790925663541206
TEST_07925,1.1859134324206795,-0.3141050613548314,0.15575945948498254
TEST_07926,4.660446359724872,-0.7382163511056085,0.4046485642367182
TEST_07927,2.1044245857283226,-0.8426127916810607,-0.08320666310696212
TEST_07928,3.3571121512960795,-2.1468608776904503,-0.6005719027209863
TEST_07929,3.9654195482496624,0.25437409591685317,-0.30447647533490096
TEST_07930,2.4867558937831142,0.2642283491215526,-0.3295922385413025
TEST_07931,2.710424563034551,0.21526700054617706,0.15237802439106693
TEST_07932,3.4781302005083496,-0.7642175107194144,-0.7040891833926471
TEST_07933,0.8666188512833988,-0.20532496486222554,0.0076009695089862385
TEST_07934,1.5644272204496579,-0.290673319522978,0.2567777552070697
TEST_07935,2.6616462222122053,-0.15340246982044395,0.08568184805073695
TEST_07936,1.7090373221411157,-0.8086435666339169,0.10263197261469618
TEST_07937,2.4222267434442273,1.0590878060005386,1.2617790784087157
TEST_07938,3.188299765821288,1.5096304413104131,-0.13498656026046563
TEST_07939,2.56574169146261,0.4653194407119867,0.6168697571276632
TEST_07940,2.091569711948973,-0.7447426465072061,-0.40505184630176533
TEST_07941,2.075493321776388,0.32700069646879404,0.13725803691317945
TEST_07942,1.4042853249383593,-0.28621920439822457,-0.45032336586386884
TEST_07943,4.023236645749859,0.470198301499408,-0.2251348134733933
TEST_07944,1.9447093425279183,0.4365257664876291,0.8807613355671652
TEST_07945,5.72782479159454,-0.29736292321380026,1.4263770494263093
TEST_07946,2.037272115604109,0.16056540834908303,0.324876539052503
TEST_07947,3.7171731078047023,-0.8380232805429529,0.5989049121426704
TEST_07948,2.9552465942679538,-1.0547356038385736,-0.045498212660530536
TEST_07949,3.789077592886494,0.6796881691010626,0.18365353019560077
TEST_07950,4.961600252630631,-1.5795952080369988,-0.9311814737436077
TEST_07951,1.2152312510827294,-0.629392314876367,-0.09664445735191338
TEST_07952,2.046447915511783,0.8758289127138078,0.2516655833233522
TEST_07953,2.890497089335769,1.550311443100171,-0.6745734149404979
TEST_07954,3.1480077261525765,0.17554197020617388,0.0532802082265888
TEST_07955,1.406570312470807,0.2179364569239304,0.24441374415745268
TEST_07956,3.1824128584380493,-2.0187861491593466,0.3361993479948671
TEST_07957,1.7122969370113257,0.011168650317302931,0.16033397965938576
TEST_07958,3.4947943752992745,0.09394802117365561,0.020092098161622864
TEST_07959,6.082983375801537,-0.6084186371874375,1.582851462456085
TEST_07960,4.371525507166263,0.7269752432001815,0.9583298680922497
TEST_07961,3.0963476341142235,1.7482065709666736,1.1396468716176429
TEST_07962,2.741180680937612,0.84443145030153,-0.5591288334244828
TEST_07963,1.4157089932652982,-0.14289152029775515,-0.5630003281500346
TEST_07964,2.391753467928797,0.493327295138788,0.6200398688087905
TEST_07965,0.7588670372327675,-0.06145521686926751,-0.2858461420789144
TEST_07966,3.660559740851948,1.0663743307383409,-0.9186785134014354
TEST_07967,0.8860748688242446,-0.45690369455475494,0.3416971969005753
TEST_07968,3.9562302982938475,-0.7000856383767938,0.21119981087350195
TEST_07969,2.2218248404548864,0.18438206433230728,0.12274025680265113
TEST_07970,2.211727979815213,0.011868418726445085,-0.3743907401407266
TEST_07971,4.531081576205446,0.2549714058119007,-0.4899591863840404
TEST_07972,3.177973690542098,-1.6164386655862042,-0.5797374852164311
TEST_07973,2.9609899960874078,-0.514610548834379,0.21757683980738488
TEST_07974,2.390630470220985,0.3913426827779517,-0.6579802591971149
TEST_07975,3.0826048515655398,1.0700309719147107,0.8069651234904783
TEST_07976,2.6481308015910496,-1.182744614111952,-0.01661942862082323
TEST_07977,4.087708981732581,0.4246982467623406,-0.3486522463057614
TEST_07978,4.630931892242106,-0.730206306374117,-0.6236283299801914
TEST_07979,3.0322867041791417,0.0350154328672802,0.46981565889127264
TEST_07980,2.294186244693892,0.7410943611837572,0.4097267414698929
TEST_07981,1.4694523599108187,-0.0064867570050900075,-0.5857498654288523
TEST_07982,1.9478162566644024,0.5456218008157652,0.6756113450967665
TEST_07983,1.266249489052225,-0.20093440260525347,-0.402917844251926
TEST_07984,1.8780984423686815,-0.17983081144121013,-0.3120776739615457
TEST_07985,4.83826684676324,-0.9556334510557417,1.7705074760138795
TEST_07986,1.7887636370803526,0.2432852188634889,-0.697910020573709
TEST_07987,4.4393854111127435,0.9530697594099697,-0.02064281142132293
TEST_07988,2.273615668171474,0.56844752980847,-0.33775414290829553
TEST_07989,1.2635085819356207,-0.1471078616262824,0.2998637697547969
TEST_07990,3.510977289617856,1.7264370693554298,0.5254805950660141
TEST_07991,1.096678655336963,0.12310418455419866,0.023008200008525943
TEST_07992,3.3930445267107276,1.4638263402647282,1.391048343351597
TEST_07993,3.2786866466974462,1.8892716306210673,0.2528038367691542
TEST_07994,3.450124524758491,-0.132264686850927,0.5114284328329403
TEST_07995,1.5980922445070067,0.37775589712075613,-0.48114702158756334
TEST_07996,4.3646924241453595,-0.16046004420686039,0.07350996709050893
TEST_07997,2.4246072386801063,0.25321692878155927,0.5525216628946977
TEST_07998,1.4619246448182546,0.7505142473530407,0.4306105859242591
TEST_07999,5.088574229408077,1.5832621748443125,2.0771868584159616
TEST_08000,4.210671917096336,1.8315445951263494,-1.4106301326820851
TEST_08001,2.115975618581797,-1.5858854113553902,0.5388247537787496
TEST_08002,3.9585126933430486,0.9857713203875643,0.6329640118393166
TEST_08003,3.4521048248146307,-0.6790302833601717,0.09809601338655888
TEST_08004,1.6402106623159867,0.23357133104907513,0.08480604985286426
TEST_08005,1.8349041407086377,-0.6662925144058819,-0.5714528637489771
TEST_08006,4.9016845707635746,0.19154246967154862,-0.09993897242025696
TEST_08007,2.794871673837444,1.4847432979688644,0.22560230751341528
TEST_08008,4.291954572211943,0.352231073103428,0.6544850580477383
TEST_08009,3.4788757039699214,0.5726841156133139,0.46392988001017005
TEST_08010,2.103723947231234,-0.2520193664580385,-0.04967026206648735
TEST_08011,3.3459180498397267,0.08623357101102404,0.20370430577229456
TEST_08012,2.5153882202004394,1.53227671380633,-0.7723599276205115
TEST_08013,2.45753774696625,0.5346987334307194,-0.3474592484041306
TEST_08014,2.586591142408463,0.29700951609195875,1.4041556419733383
TEST_08015,2.6795936363970783,-0.7387541611521977,0.26499686691723123
TEST_08016,1.7289708717123844,1.2549082329275651,-0.05827282588149862
TEST_08017,3.1788018946807286,-0.06991681832985788,0.6542654208742734
TEST_08018,3.431132342820495,-0.8320172030211651,0.34268294227324475
TEST_08019,4.6400117891635535,0.5442495265124764,0.06593562877174315
TEST_08020,1.926828157586455,0.042956468814280696,0.35678031826259343
TEST_08021,2.5250653591875705,0.35008709082841033,-0.37075958539896225
TEST_08022,1.6870131136578181,0.1367591336008064,0.0537358153717737
TEST_08023,2.4681038952877823,0.12368437883281877,-0.5531966230666512
TEST_08024,3.0361111594332515,0.36609286473709846,0.7351759153614189
TEST_08025,3.6694962460866094,-0.07884498936395501,0.1038161141406666
TEST_08026,2.210225639530245,-0.17592578458961144,-0.4841604174730228
TEST_08027,3.2638529739885165,-0.5205089718978869,-0.5683890749620976
TEST_08028,2.8027816160109547,0.5160032610979975,0.25278406893745475
TEST_08029,2.8494395477214134,-1.2661070794620364,0.7084145374208294
TEST_08030,1.962023024988663,0.04272352683608893,0.7906597155573484
TEST_08031,2.990670359764894,1.0009491294011539,-0.6196478601811419
TEST_08032,1.8658235360077582,-0.674607661844326,-0.4014666010894431
TEST_08033,2.9990952655645846,-1.0754120402830876,0.6455590239395793
TEST_08034,2.044442418722127,0.3760023726429667,0.29172071422344364
TEST_08035,1.941780487885751,-0.20578659607589386,-0.23272411077734595
TEST_08036,1.4429595281992404,0.46171422865570516,0.5111020900489057
TEST_08037,2.0788132877038663,-0.2564678410995474,0.5525376103177978
TEST_08038,1.975180511093325,-1.092476987420613,0.5874416289868866
TEST_08039,4.570591537535316,0.31591393142261803,1.730331199530217
TEST_08040,2.591685229122787,-0.11169339724899947,0.27023805962267833
TEST_08041,1.918762929533799,-0.748071098045363,0.17410834046081905
TEST_08042,1.6793842131082364,-0.1461868468834002,0.004071625070029542
TEST_08043,1.7675696702489039,0.9037386814454597,-0.8575754692801871
TEST_08044,2.9730160380794852,-0.49259202601058616,0.9536482293313324
TEST_08045,1.021903934636154,-0.028365818199317987,0.12416570364765797
TEST_08046,1.9910593801153598,-0.016226360557580304,0.07715683874748092
TEST_08047,1.6199981381452804,-0.2711601696087856,-0.10921029669293433
TEST_08048,4.693181143994101,-1.0046984964362258,1.2309753756875383
TEST_08049,1.7941318617660447,-0.10066133589076141,-0.2613219475915682
TEST_08050,2.1347408111188915,0.2306195669178575,0.0054583190019120075
TEST_08051,1.4216615595428157,0.66596375514274,-0.13120903539102696
TEST_08052,3.5108073112616256,-0.16642422006326124,-0.3780384840840315
TEST_08053,2.0922622002940603,0.6216387182928999,-0.3262778383679937
TEST_08054,1.2577251964118419,-0.35555389113535546,0.09701397381430382
TEST_08055,1.1958982898038903,-0.03649718917195347,0.024877037102235943
TEST_08056,3.1362149650655824,0.3915527852502308,0.31890454590766976
TEST_08057,1.0848471436330065,0.27749529786128463,0.503829642972773
TEST_08058,1.8725204936512023,-0.665764125634297,0.6960833192406678
TEST_08059,1.822249210756974,0.29121035900993425,-0.23921078423162132
TEST_08060,1.4751622151191828,-0.17463122382322688,-0.42266692460220806
TEST_08061,3.117004926805309,0.30253462333095044,0.0105376734920337
TEST_08062,1.8002022734965897,-0.03057812252516882,-0.009276846649883319
TEST_08063,3.7467922364552377,0.21731866904425715,0.2784306360191616
TEST_08064,3.2135129478024553,-0.09482395687346318,0.1278642094642668
TEST_08065,4.342575812134786,-0.06234673577125266,-0.4788689561645823
TEST_08066,2.3184048626685025,-0.28769265005208144,-0.7921770239998677
TEST_08067,2.7177590809189716,0.11937358182661581,-1.0201266965506282
TEST_08068,2.4948328501513037,-0.7865778519345462,-0.11912411432605055
TEST_08069,3.898695519981582,-1.1313720720225622,-0.5835666851716484
TEST_08070,3.7734100322380435,-0.954053187281457,0.9393781203319292
TEST_08071,1.5313686279350498,0.06579003637217397,-0.11473241599365476
TEST_08072,2.6915602051879826,0.5461813306368727,0.15263118449785132
TEST_08073,4.121869531772913,0.1953138232220088,-0.9720040001183518
TEST_08074,2.5617838460547158,-0.4043425521476258,0.3895538153886847
TEST_08075,1.104199856398108,0.12807965772133476,0.1438051161040848
TEST_08076,4.6708228187155125,-0.9080265571750773,-0.26717902027072504
TEST_08077,1.5161349696565143,-0.829442831534254,-0.5358244192871359
TEST_08078,2.7012223533439226,-1.3362665101789624,-0.10495737040632942
TEST_08079,5.7428813553221465,0.7922237093497311,0.12123493518388151
TEST_08080,2.2087404138198816,-1.6391193585062942,-0.33133352098974483
TEST_08081,4.81837605710907,2.2441701068809152,0.9287374411091903
TEST_08082,4.551584198273109,-1.495168388520437,-0.6709993811726948
TEST_08083,3.1941609678907086,-0.7526798006074173,-0.8979047524408337
TEST_08084,3.4051794149920034,1.2084816781608578,1.7122016288642523
TEST_08085,2.2037073503796285,0.8183310400585766,0.04077388784335616
TEST_08086,4.629030395696732,0.09548779670239907,0.7274643207981385
TEST_08087,1.1793294464234125,-0.19926846552420813,0.3367599923709605
TEST_08088,3.4729477155983712,-0.9112287235184842,0.22390377518133558
TEST_08089,1.8047682272017407,0.09924892010285297,0.20186511950140607
TEST_08090,1.5213566697241452,-0.4134329312548563,-0.16604121130945215
TEST_08091,2.9536138415299393,0.25559261701805114,-0.09145502254074898
TEST_08092,3.519301374036677,-1.2348401621082532,1.4951495556444823
TEST_08093,2.042573067327398,0.4304307149225319,-0.0895370846820633
TEST_08094,3.449711822032235,-0.08327091980884126,-0.3036696266366009
TEST_08095,1.5077212093002903,0.458276769887782,-0.04714056613441112
TEST_08096,3.523452742413314,-0.4124647936184746,0.6705959994064504
TEST_08097,3.195377651556066,-0.1800377964407472,1.9072293195653625
TEST_08098,4.575663648342327,0.8592236694757895,-0.6882339419159974
TEST_08099,1.3729405653457798,-0.2653365926663362,-0.12529922903211999
TEST_08100,2.482234499594036,0.48323130289066546,0.2113831385522552
TEST_08101,1.7791247235118601,-0.16100891312001653,0.3685090800460088
TEST_08102,1.5229179392968157,-0.02005686442490229,-0.013366286413303157
TEST_08103,4.477826917578959,0.24360244147656177,0.6377009788333619
TEST_08104,4.235736309750716,-0.38199828617060577,-0.23468374766169456
TEST_08105,2.1419505328123596,-1.530648553976834,-0.6081074898016019
TEST_08106,3.105797110622474,0.38036331600419104,-1.1533173333249855
TEST_08107,2.8846249657735896,-0.1474799101344469,0.19113302059342938
TEST_08108,3.366168178506806,1.3803334938147191,-0.23876957450252378
TEST_08109,1.0656641696802491,0.17528203412400456,0.0359844075884278
TEST_08110,4.837450270293539,-1.3867568308713547,0.0029261584361469383
TEST_08111,1.8520883638138512,-0.9786351907724694,-0.1975374126368372
TEST_08112,3.1137027682833742,-0.24798083771432558,0.32158083407372917
TEST_08113,2.1352250950122813,-0.2678853757087887,-0.6167843694518139
TEST_08114,2.0194095568998405,-0.10848419159305993,-0.046905939851759795
TEST_08115,1.0590318174081916,0.5686443713437389,0.5151717777449701
TEST_08116,2.308138568254565,0.9645507960437651,-0.8355000707193911
TEST_08117,1.6668998140855467,0.5939869416165823,0.3238719463732516
TEST_08118,3.7985199231171367,-0.9850304625735866,-0.8941770341179203
TEST_08119,3.7610268190663216,-1.7713968854476259,-0.9102177200741175
TEST_08120,3.6234258077271364,1.804766672930347,1.2076530239076557
TEST_08121,3.1249575660317435,-1.4863670610514563,-0.8261897929515615
TEST_08122,4.134726387877733,-0.5810745923851158,-0.31963104627445965
TEST_08123,2.261676274927499,1.3298503778545943,-0.48300479649429173
TEST_08124,3.0240398381651254,-0.14186604236196548,0.3308281643015872
TEST_08125,2.3522318425581226,0.5170130251281781,-0.40735525442276443
TEST_08126,1.0313977161885974,0.0006819606925546929,0.31325370159132815
TEST_08127,2.2865800937726175,-0.014198282651571657,0.689824398289463
TEST_08128,5.123092160119033,1.3096247335087634,0.47060355750338045
TEST_08129,2.9094813110391877,-0.3409080120274244,0.4125842071617741
TEST_08130,1.5622570298303387,-0.7284044102957331,0.269098794642975
TEST_08131,1.2925959969298126,0.24404828999534045,0.3651340268680491
TEST_08132,4.6080294550324465,-0.9047210720803548,0.6624131659785565
TEST_08133,2.4742917607101074,-0.04553368105142514,0.23256788250676755
TEST_08134,3.401314119726156,1.0366199055389795,0.15021192290047689
TEST_08135,2.2148664684210977,0.12478101257493013,0.1697929823497371
TEST_08136,3.1047700768630246,-0.48625364175866115,1.3463843202120331
TEST_08137,3.586864172094179,-1.272047296353862,0.18144540664069472
TEST_08138,1.683198235751406,1.809333181203808,0.7971115789515416
TEST_08139,4.1784488838377225,0.42142261440352285,-0.13821237671191702
TEST_08140,2.1609491460582486,-0.19384444661798897,-0.000659269040454264
TEST_08141,2.194727852658499,-0.425257690675211,-0.2976589375104129
TEST_08142,2.160786484899635,0.5802643903725073,-0.5959168574817689
TEST_08143,3.890292245773997,0.27690795423287534,-0.1837670800911228
TEST_08144,3.116961651700072,-0.34749126465985913,-0.38518920784778427
TEST_08145,2.3289577852641354,0.050183283425575154,0.02069561012248927
TEST_08146,1.6476053705134377,0.6087128445292507,0.11873876692397063
TEST_08147,3.219698267964824,0.15441115437905206,-0.4333676494155549
TEST_08148,2.451826664787502,0.6011145142393574,0.32905848256254167
TEST_08149,1.4615762355602864,0.7912062202929921,-0.6087103462752941
TEST_08150,4.787171199570372,-0.022106540054855676,0.7890373493536181
TEST_08151,2.8640285038892217,-0.5327062522804391,0.641416588373298
TEST_08152,3.3198851768900575,1.1944306733988002,-0.4589248857645953
TEST_08153,3.5759090889374305,-0.5741574434924709,0.059218532335179985
TEST_08154,2.686137862746603,0.015545377930444405,0.6522351423893322
TEST_08155,1.8983683755751262,0.7279605274885992,0.8144065172657134
TEST_08156,3.0188020257153063,-1.1725881989774858,1.242828267200782
TEST_08157,1.577596439082659,-0.4478416110074606,0.24721039852917653
TEST_08158,1.3212511345850704,0.7823518269915462,0.19359320080896983
TEST_08159,4.90719207317842,0.3306339616846256,-0.9698815640230503
TEST_08160,3.4220678909360296,-0.4606250108298156,0.031792844355002084
TEST_08161,4.103858195524427,1.009323995990645,-0.007781279218100071
TEST_08162,3.007674564224844,-0.5427975203866422,1.3973735467056319
TEST_08163,1.6203253302330083,0.008298792096910793,-0.15328772047427466
TEST_08164,2.0609046202446657,-0.4274712117796345,0.024828777463119248
TEST_08165,2.5688579733054,0.9993858781636504,0.8258524107284563
TEST_08166,2.53147357231061,1.0139415028126857,-0.5642888559113105
TEST_08167,2.545661303092178,0.7245360501072335,0.07019854051188217
TEST_08168,5.727148000583335,-0.3936434002398725,1.0971534481422012
TEST_08169,2.8088269771696006,0.39145656098052095,0.0500569680487183
TEST_08170,2.133555444502893,-0.1431393830393678,-0.046897345800283353
TEST_08171,1.2494678803261823,-0.17245490962515772,0.1425579606244428
TEST_08172,3.7577415321935357,-0.042258316344752,1.1324650058719599
TEST_08173,2.4015548468083083,0.22467856964056365,0.2911759274789309
TEST_08174,2.5005206441129686,0.2681456375624239,0.34229976176952687
TEST_08175,2.771972103394778,-0.928608144230233,-0.6121337752695845
TEST_08176,1.182346540432579,0.5032679262960773,-0.29068687480193145
TEST_08177,3.9770062588721005,0.3608877562539373,-0.4610451700616855
TEST_08178,1.8488388266377511,0.7347354565070465,0.7365213679257527
TEST_08179,3.346114700942166,0.02856931005710007,0.2565003058268789
TEST_08180,2.434750241341726,0.7480299483415268,-0.4182311514927769
TEST_08181,1.3529747126938596,0.0002805465490973915,-0.20624954391107686
TEST_08182,2.087588696502994,0.505815657773892,-0.05153506061126559
TEST_08183,4.4025021062166285,0.0051000897957009204,0.3516393568412916
TEST_08184,3.7806850107719407,-0.3968273606000594,-0.7493070774927597
TEST_08185,1.2068940597407782,-0.5988353456853391,0.4169082830107922
TEST_08186,2.191720936662835,-0.25278636140192584,-0.42335789730118617
TEST_08187,3.825183373239381,-0.16641380429756028,0.4109793595335205
TEST_08188,2.866381672559953,-0.6487540545474048,0.7072585983282011
TEST_08189,3.7161600841243536,-0.13539018542332415,0.06228143253825782
TEST_08190,1.7833080634746679,1.0694839307887134,-0.5195981215264791
TEST_08191,1.7861233252634605,-0.39150469404983435,0.15938610112295848
TEST_08192,1.653871036112485,0.7315984190151019,0.45463656081704124
TEST_08193,2.7452588423178668,-0.19734162712267203,0.6845750861533101
TEST_08194,2.899162312147007,0.606711240012654,-0.7253769307988298
TEST_08195,1.2022787829778752,-0.04114389038725907,-0.009332763373938905
TEST_08196,2.99764857677,0.7218061161258141,0.6327320830251757
TEST_08197,3.569334326676415,-1.9270122985302227,-0.4598749504401921
TEST_08198,2.5985640750057137,1.2933611194741372,-0.7653708334603995
TEST_08199,4.34314392559747,-1.3630628885623426,0.8300102822320472
TEST_08200,3.714657634008898,-0.1329197122052092,0.044385360865316185
TEST_08201,2.65520234012391,1.7308319352645574,-0.39628220351760823
TEST_08202,2.0217661849339517,0.007811495636470481,0.8985354096835161
TEST_08203,3.98154836808115,0.7000706933930484,-0.5933698733970185
TEST_08204,3.185722770065328,1.4157718958596697,0.6805090036134577
TEST_08205,1.1108718155405957,0.056695878005816824,0.2318531232865027
TEST_08206,2.6004623711106305,-0.6078062468681756,0.4246344902733196
TEST_08207,2.5607768010071448,0.9616397155036466,0.017269499757332083
TEST_08208,1.936116129808018,1.2736357950342871,0.9771314435751668
TEST_08209,3.4071295372532404,0.4418672489919299,0.639277495309321
TEST_08210,1.908137843117953,0.39238051760231846,0.15286962792830708
TEST_08211,1.639099221279164,0.21814623911144032,0.31140404439309316
TEST_08212,4.577114781339318,0.303517850878804,-0.9305597977751023
TEST_08213,1.0455202022272783,-0.19347206361736355,0.1467174718673473
TEST_08214,2.9914169738496423,1.2083567419052343,-0.2623226757528001
TEST_08215,1.9745456953446043,0.5924292120278407,0.1702868887527431
TEST_08216,0.8997563781192869,-0.5586989658470098,-0.21275502177568054
TEST_08217,2.118674825671606,0.2339982210803536,0.7017498088966472
TEST_08218,4.5218126613420395,-0.395485736336237,0.4662976160119278
TEST_08219,3.0250493609785982,0.4802508084647736,0.9960589238188694
TEST_08220,2.591629180396561,-0.04472240208243261,-0.009365389241778906
TEST_08221,3.253837785262894,-0.09502251096379491,-0.06542701529193219
TEST_08222,2.2530335391084164,0.35204646631401904,0.08929429634912583
TEST_08223,4.394700005187075,-0.6491762119261647,0.6378720440025178
TEST_08224,3.1154069637549253,0.3138847422407349,0.42781093932118774
TEST_08225,4.712507931564104,-1.3557268223518104,0.9106669193280299
TEST_08226,1.4928987032404584,0.0685609459724989,-0.468304200365778
TEST_08227,2.0789014104846077,-0.3810001303841219,0.008733390001601326
TEST_08228,3.0174998605900414,0.10705723131402436,0.17919136009305922
TEST_08229,3.9155337973143234,0.18069831342959922,0.7384290715233711
TEST_08230,1.1344496458002529,0.6235062249908895,-0.05096640225013168
TEST_08231,2.3608702667366033,0.07680699323286454,-0.11013462734651742
TEST_08232,2.989643276909427,-0.4673044938286767,0.8415782422072366
TEST_08233,3.816009492063673,-0.9572371185566503,1.7774587895726606
TEST_08234,1.3640905308326625,-0.12061444003291598,-0.2495809087677734
TEST_08235,2.079455217506647,-0.28540123641734594,0.5504053600316657
TEST_08236,3.8105461483372065,0.654960915947993,0.8284688815724868
TEST_08237,2.6607721991518276,-0.6328711004643075,0.6672859998677111
TEST_08238,1.401951307882847,0.6450890895779843,0.6308673496719389
TEST_08239,3.3660511170201106,-0.4684942305533135,-1.1100163844058009
TEST_08240,4.0168999741542235,2.3477324101141823,-1.2763286340935343
TEST_08241,5.376162788441664,2.1847040572746588,0.735113205754433
TEST_08242,2.820807553263362,1.1460914406489542,-0.6646251406367314
TEST_08243,1.7121649190928734,-0.8405722576635408,0.3438445100398736
TEST_08244,1.9416855894068474,-0.6651665393422903,0.40884217332015765
TEST_08245,1.6440786824374938,0.20092389972974312,0.3928700187469597
TEST_08246,3.029488662266488,0.698811780248241,0.1330942879759644
TEST_08247,1.5181891217725467,-0.5271188964308011,-0.3601293377815566
TEST_08248,4.820449819389666,1.8436668754495693,-0.4702304277511108
TEST_08249,4.116722752067557,0.41964681892828876,-0.9162149641941049
TEST_08250,0.9815660575060831,0.2496200203438166,0.025007876609775048
TEST_08251,3.359825897062141,0.337718707531196,-0.3864202761521558
TEST_08252,3.4751951187100683,1.3639340879665638,1.5514120853329991
TEST_08253,2.6731112668271853,-0.18325927020603885,0.004840562527970262
TEST_08254,1.5608967342313993,-0.7043981709020517,0.7473509089814313
TEST_08255,2.730542110855249,0.09036132307870431,0.21389486794846718
TEST_08256,1.2144383613088916,-0.3138316240864242,0.0284960818851747
TEST_08257,3.1447507927859957,1.7358864544246564,-0.42662385936079045
TEST_08258,1.4440797760499116,0.6867952084334726,0.19692530424383128
TEST_08259,2.5386119277009467,-0.9934594559255951,0.5571798143883115
TEST_08260,1.203936389957256,0.015438787937504563,0.3038097031654534
TEST_08261,1.7835643700909538,-0.15469930896681755,-0.08334401942701528
TEST_08262,2.257735964278838,-0.29380886243606463,-0.13463608947609867
TEST_08263,1.004029874484934,0.33866973481395857,0.3442401204667756
TEST_08264,2.6522911582268094,0.09668814204463233,0.008168783634495146
TEST_08265,5.518856275213589,1.425800349549594,0.4605174151092757
TEST_08266,1.585562430642335,-0.11791240115629839,0.33994662995954583
TEST_08267,3.2504134002553102,-0.4506583345036601,0.14643277302755803
TEST_08268,2.343830813294035,1.0769926823795384,0.2698448088674161
TEST_08269,3.5689092073755284,-0.3304659103217408,0.07736614431519626
TEST_08270,3.8604036693771238,-0.23178997203692134,1.7520539118797978
TEST_08271,2.6698418549877414,-0.9563869303498662,-0.01716238658671349
TEST_08272,1.6017167745325398,-0.41441844253062354,-0.4888627278940734
TEST_08273,2.857765816522248,-0.7168475714118909,0.6035205379592361
TEST_08274,2.228549094234268,-0.5006020448769936,0.6342414931684901
TEST_08275,0.7349896838337006,0.3777081392704994,-0.13453523537602022
TEST_08276,1.1808155024704745,-0.45976252192281,-0.26768333239902065
TEST_08277,1.2906607613393046,0.3832824507631343,0.13160821498792938
TEST_08278,2.762733054121917,1.5561134356399564,0.39028997154054035
TEST_08279,5.118482117163437,-1.2821479355124095,0.8562668152908745
TEST_08280,3.2228216962834937,1.315793210764174,0.08703828991621795
TEST_08281,2.7201007711843,0.2808106867942481,0.013009776736104081
TEST_08282,2.15556732054128,0.4313375458375159,1.4831188479587805
TEST_08283,3.568776743996832,-0.19354469071625116,0.9945818870982683
TEST_08284,1.9215071370277894,0.11425982731267144,-0.1675295650902915
TEST_08285,1.6686183334378961,0.2948290528405572,-0.18774028531158077
TEST_08286,4.979069275938734,-0.5479390161631148,-0.1282978818989265
TEST_08287,4.798640697899135,0.9307427037106022,0.6438780584011872
TEST_08288,4.744661741694455,1.4875320846601676,-0.7754853628069751
TEST_08289,3.443720985621666,0.22907140098963394,0.18153648058641414
TEST_08290,1.663862050971602,-0.552927274133516,-0.10269095152086494
TEST_08291,0.9777809043205636,0.19351211455053813,-0.1832781394680153
TEST_08292,2.350109509680128,1.2630434414554135,-0.06852460897596907
TEST_08293,1.3858991273736578,0.4099011688670028,0.0222244537002388
TEST_08294,3.455511986900874,-1.2021294919778778,1.9801543396584607
TEST_08295,1.5677318036341716,0.5410628375301372,0.41024113049129773
TEST_08296,2.926844888030822,0.7776217068230762,1.5729604836156752
TEST_08297,1.85896532112885,0.6964649424314457,-0.6066453012390678
TEST_08298,3.886825375688475,0.9601584903532054,0.27449795072435523
TEST_08299,4.053238343192871,1.2255573476863824,0.9299193251529937
TEST_08300,2.6516401177381455,-0.15649965365219995,-0.46172661291633366
TEST_08301,2.635129913587858,-0.4136888529048909,-0.11774036239862407
TEST_08302,1.4002549290617974,0.24712197298883165,0.28575856650181364
TEST_08303,1.4167589325331384,-0.7597346453926878,-0.019486488834865895
TEST_08304,3.93341359670488,0.20387959068972047,0.4637475577433017
TEST_08305,1.5041470028849224,-0.4405162960994163,0.11597886529776862
TEST_08306,2.8705966418433437,0.09596778909997711,0.36500144634802983
TEST_08307,1.2739828019271064,-0.19546292539246551,-0.0011505105014132599
TEST_08308,3.4015913939483875,0.47720498056651106,-0.7055776307509517
TEST_08309,4.732604123754111,-1.0797649497552344,0.7816241151981701
TEST_08310,1.6569819792935774,1.0782166923644947,-0.7604060967505791
TEST_08311,1.9277257538446144,-0.6879022372590514,-0.1011123841806257
TEST_08312,3.4997191990050793,0.7133387481465399,1.2934150709143408
TEST_08313,2.92638366066235,-0.6705536735214745,-0.4939563739114085
TEST_08314,2.2216276127352623,0.3975039342208972,-0.04601130488390539
TEST_08315,2.156172403726521,-1.0418977995397654,0.909559071181345
TEST_08316,3.307699940273464,-0.2594657391737465,-0.31024749315132394
TEST_08317,3.281117238936089,1.8028522180080722,-0.13153215318875525
TEST_08318,3.2647765114804743,-1.4528026872868582,-0.6256938377041255
TEST_08319,5.538533896671624,-0.812999980389653,0.9551089636538685
TEST_08320,1.6767843873722452,-0.41490642431977426,0.16917437949116698
TEST_08321,5.0048448827563075,0.5306886079327547,0.9320435638622893
TEST_08322,1.0770798224803737,0.35117215337929314,0.6523206882745821
TEST_08323,3.103906953609714,0.4284533471644942,0.5723490816019368
TEST_08324,2.6777509972483013,-0.03199062204312129,-0.9220449397892118
TEST_08325,1.874724149451084,0.2686596341442119,0.14157559789098717
TEST_08326,4.037029749931942,0.16238326527740674,0.1517805925861287
TEST_08327,3.4619991014197216,-0.443417970040447,0.923461314871313
TEST_08328,3.687629813594556,-1.9363002578937536,-0.13773887723480396
TEST_08329,3.4357434780896408,0.42473062508242443,0.802047687406944
TEST_08330,2.683254886205841,0.5283657697992243,-0.6473278431051289
TEST_08331,3.386898063183299,0.3785371049480442,-1.0525445237041924
TEST_08332,2.406018756309103,1.2451329648426201,0.3665372133430858
TEST_08333,2.165261416693476,0.351653004584985,-0.0776405512802074
TEST_08334,2.043721834097205,-0.24803463832413397,-0.1357369164931253
TEST_08335,2.916399676659318,-0.0033168519211878495,-0.16254026566069057
TEST_08336,3.0792534279262616,0.8750279251320674,-0.013478916875906601
TEST_08337,3.6592967567479313,-0.6450369347809634,0.9375830317446665
TEST_08338,4.390040818456376,0.9392650410423315,-0.7734123084301271
TEST_08339,1.9488776163101005,0.6070001162808714,0.30700874998905586
TEST_08340,1.9918130850179008,-0.8679216428263734,-0.5442987905786607
TEST_08341,2.349928225958309,-0.4957241359960284,0.25190781140789076
TEST_08342,2.2423535349509227,0.6195255044645546,0.03578526740965134
TEST_08343,0.9499415721909791,-0.18512556957821516,0.24915148644602353
TEST_08344,1.2042803837825284,-0.2862204002509608,-0.041399251173189815
TEST_08345,1.914188876686601,0.08396815830968317,-0.37611986452766466
TEST_08346,3.306040814847803,0.2649753522398822,0.46000630231324846
TEST_08347,4.197609384742364,-0.4340032165666238,1.0280668605113137
TEST_08348,2.1107674325025236,0.5202367570877001,0.10473102159237056
TEST_08349,4.674994285699471,1.003743913202494,-0.8504392584953756
TEST_08350,5.130628280364097,-0.7432058442091481,-0.4042893412190476
TEST_08351,2.949355343501118,0.2603001621326909,-0.11779812632445406
TEST_08352,3.198800752002861,0.5188198449833855,1.2557224901123916
TEST_08353,2.560295573255818,-1.1839384598232168,0.23801026176877216
TEST_08354,2.605616704564401,0.4978108975398189,0.08873242709830535
TEST_08355,2.1526330694744025,-0.20351585675444456,-0.7381241316514209
TEST_08356,1.7545968176602842,-0.2736246902188572,0.46652017142555613
TEST_08357,2.18243692960582,-0.16640551731901596,0.6303530979221096
TEST_08358,1.7273978179580651,0.3540981271111947,-0.19319572624755674
TEST_08359,5.529881552881255,-1.0775954114201243,-0.32000630489034665
TEST_08360,2.7806255977763494,-1.1834139210712726,0.6283618003011775
TEST_08361,1.0676198650280744,0.2032733888057872,-0.3125500611985581
TEST_08362,3.5993453245835765,-0.728865242491752,0.53993636983487
TEST_08363,3.336247403825358,0.8871528267547997,-0.08224805100910645
TEST_08364,2.0046067999031143,0.525281021664933,-0.4246960509599038
TEST_08365,1.6296055727532435,-0.11361327423143625,-0.3220825707769197
TEST_08366,4.163129059078807,-0.14763950396547226,-0.786289074951322
TEST_08367,3.7541534670816894,-1.3947554342815995,1.058487283549449
TEST_08368,1.608147051205094,0.29324897502675956,0.22463599532047807
TEST_08369,3.549861838004808,-0.037736339763441214,-0.00756196062970828
TEST_08370,2.007113313692121,-0.46364368824385727,-0.41528761977269973
TEST_08371,2.6679218416022743,-0.12541147194438376,0.9069755654149
TEST_08372,1.505041654284863,0.7746548709353945,-0.6351185617246927
TEST_08373,1.9563844903989733,0.49898999699361934,0.25934890145575124
TEST_08374,2.1848902257987963,0.334418459115687,-0.07485027970872897
TEST_08375,2.350206714413048,0.08501782058096835,0.427692946488273
TEST_08376,2.6646351075195605,-0.46507445264723263,0.9663689793234417
TEST_08377,2.2907442566289373,-1.1032045121524012,-0.0671121328773622
TEST_08378,3.9909120619902594,-0.2664005169569368,0.22636802899041084
TEST_08379,2.7204078912390903,0.6080162062242823,0.6340494260104007
TEST_08380,2.5132381759840845,0.8801131485950673,0.5026259140299918
TEST_08381,3.7546102061187,-0.2623681128797918,1.2381812163680144
TEST_08382,1.499580021843622,0.5118126413594177,0.21695415874352625
TEST_08383,1.6602274298334663,-0.3761447028564292,0.029385955977562207
TEST_08384,1.106330458967884,0.4580598263488999,-0.07314678116245144
TEST_08385,3.3999427216319495,-1.8841056209337033,-0.24426863146382152
TEST_08386,2.6838044687625153,-0.5775876047654778,-1.0258951619787917
TEST_08387,2.2866077950448616,-0.6854633150835908,-0.21757121939912322
TEST_08388,2.3096995382660874,-0.03683241802241427,-0.0005273987529249384
TEST_08389,3.3413701417257813,-1.2138882703371863,-0.14446113883173126
TEST_08390,4.653800213431798,-1.4090023767570043,0.6023799902164425
TEST_08391,1.156891653175208,-0.13762714740859955,-0.07145841893534124
TEST_08392,3.539706563307084,1.1805961230171151,-0.7632739661215895
TEST_08393,2.5326369715433312,-0.011541706376915043,-0.408884828187288
TEST_08394,2.319272288948036,-0.3987730438565421,0.051174251050997016
TEST_08395,1.5069785029521428,-0.32299693482524927,-0.07775345962134345
TEST_08396,3.077117126083713,0.1765356908321858,0.8102354080609441
TEST_08397,2.270763273203708,-0.04795088261568114,0.12445585769220002
TEST_08398,1.6671003926551722,-0.08463029396046454,0.3927212430239559
TEST_08399,5.085274545095254,-1.0631099178524865,0.007086164465740305
TEST_08400,3.9269542930988863,-0.3045550770527071,-1.1347573945439136
TEST_08401,2.203673927467972,1.3911877246019817,-0.1095367086916109
TEST_08402,3.7360891542010304,-0.9838842082368628,1.0916606210701407
TEST_08403,3.9018069386544214,-0.5368793717207092,0.17770456276325156
TEST_08404,2.8638554654125623,-0.419509340540181,0.03976629847069564
TEST_08405,1.186951179553118,0.24097222277128905,-0.09987881169848348
TEST_08406,4.700201084205319,-0.8860957239991203,0.13627857669376667
TEST_08407,2.0177629731539724,1.10338567889128,0.4548700353505552
TEST_08408,3.3951542546555586,1.474281276120462,-0.6630868964348042
TEST_08409,2.86469398898094,0.19124702982318859,0.9367942855529949
TEST_08410,3.1808879852461205,0.4867217837335973,-0.6817662260205113
TEST_08411,0.9551128082130101,0.07821085132712872,-0.18195760051548626
TEST_08412,4.334820000167372,0.2877518398227328,-0.18638369148686618
TEST_08413,1.4427446113019144,0.44710199741563944,-0.17512270645858333
TEST_08414,2.9417934050169627,0.23917379729433322,0.8156303612040045
TEST_08415,2.313209475619076,0.5779353347920325,-0.271336161954853
TEST_08416,1.9551334418467754,-1.2622234606592477,0.1358350752239322
TEST_08417,3.276838897538918,0.14015664233954275,-0.13995864294278498
TEST_08418,2.128996118181441,1.0581453502608587,-0.5102967442688355
TEST_08419,2.792278480228528,-0.6228099378926505,-0.5801247320162043
TEST_08420,2.299451389076723,-0.22342300999467354,0.8931687890606685
TEST_08421,3.125382112065651,-0.07916633473088652,0.4085165343049156
TEST_08422,2.229285621636638,0.5841519562575112,0.39505656961833474
TEST_08423,1.374682945853534,0.10971420528525326,-0.09257516417002504
TEST_08424,3.134987980369189,0.4489116935831496,0.420607178878279
TEST_08425,4.218744110297249,0.7024790537089057,-0.667188357038426
TEST_08426,1.9077437941818893,0.23155795909056312,-0.0888269820995544
TEST_08427,3.5512196472925748,-0.357938282931441,0.35497824616872414
TEST_08428,2.672609977327397,-0.6765034606604753,-0.3803732185535463
TEST_08429,3.9195395814358354,-1.6119498923222992,0.0644094870144733
TEST_08430,3.270218266731857,1.0039741606880286,-0.32509795907328914
TEST_08431,2.4623987476473936,-0.977195903990761,-0.015964196908833668
TEST_08432,1.40688596920302,0.3133455018809892,-0.41548191806698725
TEST_08433,2.240341615212582,-0.25356923911534934,-0.45161585485460787
TEST_08434,2.648373397447821,0.2950413268657403,0.10884151879970598
TEST_08435,2.236522606269672,-0.5606099079042974,-0.998458422233174
TEST_08436,4.460328858474766,0.716708242531006,0.2635169936702387
TEST_08437,3.3152561850195235,0.8301122325832607,1.0374457196395062
TEST_08438,1.5043747037224087,0.3150790240286025,-0.23001500195572827
TEST_08439,4.239117495933764,0.3692946287110379,0.6362810374750515
TEST_08440,3.8824299552888952,-0.4016152907081349,-0.23536021131930746
TEST_08441,4.129081619649485,0.437446638542673,0.5782894665930873
TEST_08442,4.249311151326728,-0.9355201282900358,0.6679040151644473
TEST_08443,3.556357509415878,0.2426953292370347,-1.0611918477324298
TEST_08444,3.2773508472501205,1.251437486774911,-0.03636265276654628
TEST_08445,1.489082214066819,0.22667502036989345,-0.17250691569328502
TEST_08446,3.4189464449515663,0.18184185214594548,-0.15736847203735727
TEST_08447,3.614972211813705,-1.0784549656724247,-0.01649995137551662
TEST_08448,4.041013757067668,1.7729429376692345,0.08699823860668708
TEST_08449,2.9198571062975534,0.059259352041072556,-0.4115336131937576
TEST_08450,1.3189828524153409,0.43747663898339945,0.12498286832942702
TEST_08451,2.868330898723473,-0.12125240529190652,0.34352214833963823
TEST_08452,2.2993384181469834,1.3206467415099132,0.612120685304426
TEST_08453,3.15989350379912,0.2909866900146979,-0.11963779145151254
TEST_08454,1.4215964041711038,-0.04693011692963068,0.037150587404023765
TEST_08455,1.3074681275872706,0.6614906264890843,-0.22390875537210084
TEST_08456,3.2408505143091735,-1.263606088367393,-0.03643632372813537
TEST_08457,2.620863762896004,-0.18719762918622926,1.3585132268173792
TEST_08458,5.102662311002041,-0.1279717660995544,1.062550175688205
TEST_08459,1.748130187322108,0.18579079688964922,-0.3881071086805244
TEST_08460,2.3536730991421217,0.048207911999119314,-0.4448539430338764
TEST_08461,3.1789003798422257,-0.15409616460535924,0.3774780846922867
TEST_08462,1.7180272992062995,-0.6551038163903476,0.6016944394068832
TEST_08463,1.6841553298382448,0.545559445014034,-0.11532735772825926
TEST_08464,1.1528014220932787,0.014556782003064216,-0.23790212641641326
TEST_08465,2.559015972876038,-0.06316948064964899,1.0912520739340748
TEST_08466,2.665996649316939,-0.016325084424729012,-0.0369460868300394
TEST_08467,4.277891711941566,-0.45843030066494195,-0.7541865380229221
TEST_08468,2.659234718365159,-0.14619814133932763,-0.08103997035694209
TEST_08469,3.190353916899366,-0.8321584169284326,1.2018511009632178
TEST_08470,3.5367978919091945,0.6916070505190427,0.7689038008853747
TEST_08471,1.8397861808591722,-0.6726159938534517,0.4112445916480621
TEST_08472,3.217662492848458,0.844408345685253,0.4662813160896134
TEST_08473,3.2559986340171667,0.5892219054509484,1.190807211888638
TEST_08474,1.7012116413650458,-0.0761672105458954,0.18286174605701536
TEST_08475,1.7901366284799711,-0.32640097743676233,0.1610058925016563
TEST_08476,1.843717127666786,-1.0125170342875398,0.01850296008861078
TEST_08477,3.6929292441208887,-1.8116545279451772,-0.04028505827137997
TEST_08478,3.6261092018529264,-1.3908934054980109,0.9835521249972482
TEST_08479,4.9349722724034475,-1.0101334856109656,-0.5267745774457075
TEST_08480,1.5464406533347244,0.9412067747926961,0.18768316828685536
TEST_08481,2.153357754613485,1.162362485849923,-0.2595747023202833
TEST_08482,4.263659407860161,-0.17626063855957624,1.5167359863767842
TEST_08483,3.6740007607813094,0.07381196966500693,0.4066325584676426
TEST_08484,1.7100246251722409,0.3270713236127663,0.29479594718611424
TEST_08485,1.6745009617002673,-0.31415693716727333,0.42088103169049257
TEST_08486,4.20346151601219,-0.6014956145506705,-0.8526771952433255
TEST_08487,3.3718073273674043,1.692035270856237,1.1542827245719602
TEST_08488,4.490967956801081,2.281023194028201,-0.32734167592073093
TEST_08489,4.212554156223822,-0.030377115055864712,-0.470982719699591
TEST_08490,2.801170284279724,0.2779285684752043,0.204887553944915
TEST_08491,1.584283564236429,0.016882111790750214,0.4120201446608233
TEST_08492,3.64559710725344,0.8444098869436896,0.3249664570613434
TEST_08493,2.337300332946276,-0.18177081776996018,0.0369312166670772
TEST_08494,1.8327548809669532,1.091387112594045,-0.5640563228047766
TEST_08495,2.6495118857465183,-0.1721940861470415,0.17900378877727385
TEST_08496,3.6687783527346323,0.6147002044521703,0.4310212473401751
TEST_08497,2.85974720046914,-0.13707603434004298,0.03134195814349862
TEST_08498,1.099071579480381,0.03738215339001946,0.33102467162478655
TEST_08499,2.2823894825208084,0.5638673807140031,-0.0794313750795237
TEST_08500,2.986371671281224,0.3847295326514249,-0.15712540837663874
TEST_08501,1.9987051424011169,-0.023439009443127087,-0.5610078987375132
TEST_08502,1.1335994819481252,-0.3398548865213384,-0.29119084444214066
TEST_08503,4.048762989657521,0.2285334635662454,0.8248477911918322
TEST_08504,2.633032325630284,-0.12469926222206108,0.12066876161134578
TEST_08505,5.44684353676573,1.7191446396932188,2.016428540589573
TEST_08506,2.210526825422907,0.4590018636149496,0.8596487102243995
TEST_08507,3.1581334948445905,-0.1977135870881523,-0.8608455882918666
TEST_08508,2.235692754527193,-0.6310877600950223,0.19562946209664986
TEST_08509,1.1433047796913316,0.18445163933625602,-0.3178631549078673
TEST_08510,2.105879099737699,0.14177191938047562,0.6734473149355817
TEST_08511,1.3317187170240163,-0.6427135979978882,0.003926909383536054
TEST_08512,3.1543493304359056,0.2732553188607635,0.6330081485988062
TEST_08513,1.968850661828455,-0.5888065460724432,-0.2139215553930493
TEST_08514,2.274042203998422,-0.23862923308751602,-0.013403235406295004
TEST_08515,1.5453507807058091,0.6325085613019016,0.15224106145134203
TEST_08516,4.240834947531211,1.9703088968938558,0.7554150837951072
TEST_08517,3.4894812181494537,-0.6005337901501622,0.09694319728591154
TEST_08518,3.76039092764077,1.4902061169783265,0.4366195471666191
TEST_08519,4.190842773529198,1.0903479311602085,-1.1717682010451427
TEST_08520,3.321757223780239,-0.25256283940850954,-0.308210096753829
TEST_08521,3.320356634266178,0.2112568354408345,-0.49310677384325524
TEST_08522,3.8648208523521643,0.6701286225479771,1.1060567917919695
TEST_08523,4.055727744034357,-1.7700332796845157,-0.573173117915062
TEST_08524,2.509305252996098,-0.40769521844559603,-0.6772211178709443
TEST_08525,1.4423476992560615,-0.053462708602322655,0.12595036871498194
TEST_08526,3.2164310225556294,0.14507696726954214,-0.7385378109593119
TEST_08527,3.9420060714818868,-1.1370979755609256,-0.9960983636536568
TEST_08528,2.9541323592174566,2.2085095307945686,0.4341974511205343
TEST_08529,3.488119181344357,0.3228485586688565,-0.5901661245417358
TEST_08530,2.8449825906095074,-0.18241412042657407,-0.13862699697340364
TEST_08531,2.2865171399362683,-0.3772971284131849,0.13971628113096846
TEST_08532,4.699579509596079,0.34947660618915904,-0.17910382889927226
TEST_08533,2.448370183508876,0.08158400731938865,0.17199511766005618
TEST_08534,1.5292841083126947,0.05034438572594402,0.03341108481138648
TEST_08535,1.2471553934368373,-0.5372479860915472,0.3113717447892381
TEST_08536,2.0557858527461708,-0.18885743734292287,0.41912083356232066
TEST_08537,2.5770115941414553,0.6027182631330827,0.08784170649457199
TEST_08538,3.8970379202014276,0.7283735461331211,-0.9918518668969514
TEST_08539,2.781705457720875,-1.7103660107939689,0.5819708498368924
TEST_08540,1.4229843576430994,-0.20993761746532527,-0.4555488919135168
TEST_08541,2.1562680990673515,0.039888093776394996,0.11151234434627831
TEST_08542,1.453057731139191,0.48014332330275666,0.14404506418150614
TEST_08543,1.0483917341505995,0.3926248288095205,-0.2587795438471289
TEST_08544,3.3592797561107717,-0.06186084025366626,-0.04959136341159162
TEST_08545,3.0095582284316134,0.34633134223554135,0.3572064447480066
TEST_08546,2.9086899739362813,0.20353140987143722,0.3831527338424333
TEST_08547,2.604357185047228,0.320979335501514,0.07891624144937959
TEST_08548,1.9680989666335151,0.045746940617102744,-0.34333562236067333
TEST_08549,2.759930052967881,1.5584474247044442,0.818587541430039
TEST_08550,5.2487887343367445,-0.21699744597984696,0.2049034793857853
TEST_08551,1.8455044956279443,0.6136120565112845,-0.13252074415981777
TEST_08552,2.6958283436211623,1.854481269633124,-0.3750695038544031
TEST_08553,3.5139041965083706,1.0911604335338536,-0.23581880912719794
TEST_08554,2.76807884817583,0.09954468218923775,0.67164179742414
TEST_08555,1.7415181746756017,-0.052519356461006306,-0.42855428391924055
TEST_08556,2.590988015014998,0.7010933343836114,0.25331973854004186
TEST_08557,2.1328093631651965,0.7165417838695018,-0.3132680821573895
TEST_08558,3.0254326694805114,1.6216480352033158,-0.4156103734344571
TEST_08559,5.020517748519977,1.643397067465507,-0.22406894247028483
TEST_08560,2.899464162055198,-0.2701096368684365,0.8867069085485692
TEST_08561,2.1454992687764185,1.3545328891387567,-0.12465964448731538
TEST_08562,1.2607245827574487,-1.0101520743234387,0.24184159650572806
TEST_08563,1.0291797625456236,-0.09258528881799791,0.08823346016696622
TEST_08564,2.2212075657403116,-0.01569378701140261,0.4175271511176363
TEST_08565,1.719368310330563,-0.08459805137304902,-0.15426428221406158
TEST_08566,4.1429821187710205,-0.4585163299287799,0.254315884065208
TEST_08567,4.612959308515092,-1.0667002896487754,0.5534128993067817
TEST_08568,2.124328457563289,1.296661870041667,0.5748407575091593
TEST_08569,1.0658885859118725,-0.3027507053547047,0.12760080041555522
TEST_08570,1.9762481436441377,-0.27605549139550745,-0.047216436890214174
TEST_08571,1.5620672073087658,-0.039577927891476974,-0.0729244036537784
TEST_08572,4.09870154072169,0.08887924554995777,1.0287823692396856
TEST_08573,2.431805628977153,0.27737853386682415,0.550792831848111
TEST_08574,3.4463902791578165,1.3065424546639945,1.4403978149482282
TEST_08575,2.2497877927502317,1.0577353701662402,0.20840593132628016
TEST_08576,2.4089908948088756,-0.7852771580523435,-0.023808078757569226
TEST_08577,3.2609142928765653,0.9210513549887552,0.5296453718259463
TEST_08578,3.616031148791165,0.3797684695818596,1.0610811593384966
TEST_08579,3.7345511675589633,-0.3609956132594136,0.7278488995560459
TEST_08580,2.3129709658304947,0.9243594684726518,-0.37632702040890825
TEST_08581,3.2761847636354653,-0.15068635327431015,-0.27880731705433376
TEST_08582,1.8327523344799403,0.10135280351563923,0.2682620504962525
TEST_08583,4.237597942111589,-0.667101432752854,1.098387586145588
TEST_08584,3.749508433049447,-0.5439629763905184,0.3092093975328971
TEST_08585,2.6998976425133243,1.13810128929899,0.21091055616901588
TEST_08586,1.0719934526310055,0.2136681509963871,-0.38731397650019045
TEST_08587,4.507167597942781,0.41249745696948004,-0.26896241434792467
TEST_08588,3.615192597776613,0.8616010236442231,-0.30442772559401526
TEST_08589,3.7033985349023233,-1.5257610328235542,-1.2991347601491672
TEST_08590,2.4311236754447916,-0.6681272322834547,-0.7795928470748367
TEST_08591,2.5807435827637564,-0.712550853978606,0.6127880030307564
TEST_08592,1.5932346862963023,1.0789259710336032,-0.7296938822450664
TEST_08593,2.7830084719021317,0.9687578284152875,0.9974514571840858
TEST_08594,2.270777307437894,0.07976852714751215,0.0377666782243983
TEST_08595,1.8733827499795708,-0.7307137302948745,0.434040460499642
TEST_08596,3.3598603755823366,-0.21202360122718697,0.8260940261992773
TEST_08597,2.43508744219822,0.03119418140564809,-0.07110983068151398
TEST_08598,1.7283896326012345,0.8750901434021655,-0.5900668007131384
TEST_08599,1.3802458342625186,-0.6053656080278189,0.2169156185533121
TEST_08600,3.1598186112091073,-1.5095344254946137,1.1977924905872286
TEST_08601,1.1227114063799304,-0.12090454749162671,0.22976538236783597
TEST_08602,2.955356462937874,1.5372929181953547,1.4079728674188692
TEST_08603,1.9902344367403182,-0.1166816011172096,-0.40439275646428463
TEST_08604,2.217758946905149,-0.2512809924809672,-0.04143172784602111
TEST_08605,1.9800187829087803,-0.9518666305143484,-0.7500324712191115
TEST_08606,1.8438225377218784,0.161677287038962,-0.5483747379049433
TEST_08607,1.3072353916160286,-0.31721999685891794,-0.3527281842564344
TEST_08608,4.383571377599253,1.9089933472807732,-0.9789450245519513
TEST_08609,4.013557338249482,-0.4570963708427828,0.45497046124529267
TEST_08610,1.8530663820754871,0.776946214756161,-0.3151072062572025
TEST_08611,4.115426321902019,-0.31908906828775685,0.31898670951657015
TEST_08612,3.3525483840223758,0.9255924008661838,0.8438023355958285
TEST_08613,2.7034763243820636,-0.27969772961930056,-0.007283253385162853
TEST_08614,1.3418352010100965,0.8007335101256567,-0.19708795967852
TEST_08615,2.049236263103877,-0.7421682985455403,0.47021781220098086
TEST_08616,2.9619653236881773,0.6362492966107657,0.6568568175975023
TEST_08617,2.2615986391977,0.4840796659073164,0.5137574764374556
TEST_08618,2.8890836799871074,1.3109945714186158,0.11111513014079559
TEST_08619,1.2233469733932207,0.08799334053689493,-0.1606199819761725
TEST_08620,1.8875882972432292,0.20891920826220023,-0.23162181665030074
TEST_08621,2.872443041289229,-0.19056848385474526,0.3231305434753807
TEST_08622,1.7623909595376446,-0.0021170871773023006,0.11084972919854845
TEST_08623,2.7331931251857338,0.8108361182563328,-0.8590037005996524
TEST_08624,2.9149689038594024,-0.2219807955900736,0.3263660620426447
TEST_08625,4.11419499625841,1.196909435993113,-0.5693982643669256
TEST_08626,2.112247561231552,0.2902609469503625,0.04669367047737247
TEST_08627,1.1600017071863173,0.06238388013923229,0.32575642390106707
TEST_08628,2.9974590694360232,-0.3645924322931628,-0.08871793240141324
TEST_08629,4.1886985385925435,1.4762570649904918,1.2860582546102415
TEST_08630,1.110483922618093,-0.2117733786807484,0.1271956774725523
TEST_08631,2.8718781351712095,0.844302478516186,0.255827245684823
TEST_08632,2.573604194418762,0.5899437048286834,0.10163790367809557
TEST_08633,3.277155804084283,-1.7304840628274727,-0.4899420520356378
TEST_08634,1.252142870906853,0.24964926774944338,-0.03641766296834997
TEST_08635,1.2069826292907977,0.40373735851642795,-0.35750363529181245
TEST_08636,3.9722876995407317,-1.050958006477185,-0.0182866953680428
TEST_08637,3.4040684079782455,-1.335296167398023,0.8150573399888503
TEST_08638,2.496487373109393,0.8948253387339931,1.219081818840912
TEST_08639,5.585222029378654,-0.3103504904769477,0.31639957320636086
TEST_08640,2.5888372483452136,0.4564516407597071,-0.30450062929754085
TEST_08641,3.434338668368707,-0.9905055914043966,-0.8847785542121606
TEST_08642,4.481547085929729,0.5866650462762754,0.39330441529552806
TEST_08643,2.1364828194760355,-0.9180189086697462,-0.8805255779394348
TEST_08644,2.073761157309263,0.7070700242957242,0.37341869335940897
TEST_08645,1.7422595018647546,-0.27308230934348654,-0.4619761321491071
TEST_08646,3.87064376973979,1.1255475382656657,-0.7186891945038554
TEST_08647,2.2947668978683793,1.3339831096703814,0.06305312161386158
TEST_08648,5.192450689064902,0.8197906678293498,0.32862480704462543
TEST_08649,1.9460183035145222,-0.050576990504215144,0.26374818613015105
TEST_08650,1.8961292944336698,0.4804056204523934,0.06286545125080702
TEST_08651,3.358818617183504,0.43297223165118076,0.3383577337712916
TEST_08652,3.8505904079524567,0.08032114577223828,0.6346504174927599
TEST_08653,3.10049427078919,0.6721296913289515,-0.5404595500373126
TEST_08654,2.9696295879678667,-1.5944699910715223,-1.1213864300642775
TEST_08655,4.286602538422725,-0.5590147873615932,-0.2307426851270226
TEST_08656,1.7610322232767266,-0.27306824926028406,0.06678421520976936
TEST_08657,3.631682989080044,2.0415626559846016,0.042341485962024326
TEST_08658,2.0298336888287234,0.3683501574598053,-0.29272039835999925
TEST_08659,2.9382088671071958,-1.2552594952677028,0.5003868409287794
TEST_08660,1.989432406064662,-1.0375427673087365,1.031347474748796
TEST_08661,0.7646969571881912,-0.22234086865285377,-0.25179860904761736
TEST_08662,1.6150971622913028,0.3157121835889241,0.316056817481645
TEST_08663,3.3899058997478995,0.14945038128947358,-0.9168881880019133
TEST_08664,1.947619686043526,0.06187714767556531,-0.3955649882569332
TEST_08665,4.323143833350948,0.5157268605508057,-0.37125774177893456
TEST_08666,1.3657868420581827,0.150347776897883,-0.5687015243084232
TEST_08667,2.5902834941041104,-0.4624999923562606,0.26962212056773177
TEST_08668,2.764308699483501,-0.6283290343917866,0.3158742533234209
TEST_08669,2.4664199400729854,1.4377133195836256,0.5958497013565142
TEST_08670,1.0682730120849628,-0.6289720791098831,-0.16327555607726216
TEST_08671,3.242710269375381,0.10570982144485323,-0.12449812390225912
TEST_08672,2.6889043843362987,-0.21267460170508468,-0.19579429422195685
TEST_08673,2.560654116111088,-0.08518193831929417,0.4981819339181005
TEST_08674,3.4373646526440056,-0.42288515467478327,0.6506132385399235
TEST_08675,1.3460044372560822,0.4849812008507788,-0.1911259707405614
TEST_08676,3.920336888989063,1.5815434489150686,0.7057964744290668
TEST_08677,2.117824626293884,0.9220080902855313,0.20813406986122096
TEST_08678,3.2912681595903615,-1.8264601672711491,-0.9133718933764065
TEST_08679,4.334048092975982,-1.3225100260979776,2.2238135123992713
TEST_08680,4.7375129211313185,2.1079080752404757,-0.9138461234065874
TEST_08681,2.344280839331184,0.7935718275398205,-0.2874829483301726
TEST_08682,1.3754298484645904,-0.5660865668653612,-0.3426813529381237
TEST_08683,3.7662768198658307,2.0665522289886438,0.8927260744888382
TEST_08684,2.680776781717213,-0.3682068013244073,-0.1977113180791401
TEST_08685,1.4213947664952848,-0.24027008172735553,0.017557296903939756
TEST_08686,3.2699654872722883,-0.4038964757647637,-0.08757194814852202
TEST_08687,2.9984113959748036,0.3876923708020686,-0.6418987624060467
TEST_08688,0.7846990953164134,0.41785180759147206,0.2143897506672758
TEST_08689,2.7356134517221005,0.31423801512750865,-0.08749097883634806
TEST_08690,3.1575451379484862,0.07549649566935297,1.2194884467890388
TEST_08691,2.8057367264401774,0.1628337726686575,-0.1380087728891952
TEST_08692,2.412504802328496,0.9422286040499468,0.10459676530319448
TEST_08693,1.3125464510705083,0.2251361159890103,-0.0701903011943531
TEST_08694,3.19934123846436,0.06253753091370169,1.4108855880804754
TEST_08695,3.578779498626376,0.5767524885417701,-1.00447271667205
TEST_08696,3.0847042887530582,-0.49254622152540234,1.5467953010514732
TEST_08697,3.833543629133508,-0.596246320841744,0.7533047159499286
TEST_08698,3.409572133522693,0.46684689276378866,-0.9738408740747719
TEST_08699,2.3977018938103285,1.248861059877311,-0.37107581378549
TEST_08700,3.4104532519187893,0.9822394027929938,0.8642544062423058
TEST_08701,3.634077442491228,0.3441658911095908,-0.6879663617265
TEST_08702,1.8063993540899907,0.13800243229298234,-0.09615086136371148
TEST_08703,2.4970487252044378,-0.17228580208315813,0.12705894501999446
TEST_08704,1.618410233213719,0.5967615315364329,-0.2231339427255961
TEST_08705,2.91768204784821,-1.470344105559174,-0.6137775490830943
TEST_08706,3.304534470733804,-0.5069874847434613,0.4827613254742807
TEST_08707,2.1472324232874285,-0.15243102504215383,0.454258076137678
TEST_08708,2.9856453972000936,0.6639765831443663,-0.6059062513445502
TEST_08709,4.417416601846275,-0.9888923663556691,0.9155254070663514
TEST_08710,1.838938641530605,0.10488078695482964,0.6057061147475918
TEST_08711,2.475848248928934,-0.8798990174279335,0.24789578753400204
TEST_08712,1.841921677526187,-1.13068742842208,0.829194185671907
TEST_08713,2.449487345438068,0.13751679902555952,0.16979366442764776
TEST_08714,3.398637379275313,-0.49392829211941763,-0.3375434325468866
TEST_08715,1.3328349960375023,-0.18351228645893236,0.14117376753139813
TEST_08716,2.979772324803772,-0.3896187251007892,0.717659910375879
TEST_08717,3.0833782626158883,-0.15373377842459174,-0.4514562751860463
TEST_08718,3.6401789210452273,-0.10364914632816155,1.1684991067722896
TEST_08719,5.442454906917548,0.8956252764072036,2.046062512443506
TEST_08720,3.785026641907675,0.40103295913428194,0.7641952540837242
TEST_08721,3.986517826111542,0.0920973657823659,0.6344977218282037
TEST_08722,3.823277467791376,0.7648210064169358,1.6040257460684122
TEST_08723,1.827105754041015,0.4705961682977431,0.6518270867927978
TEST_08724,2.8238616032170145,0.43805504468574363,0.2329199945841156
TEST_08725,1.0794362087135547,-0.3628025956068717,-0.023900159452149138
TEST_08726,1.5012832086478378,0.0493219734967643,0.14722481617951969
TEST_08727,2.976577653269673,0.23915281522480902,0.8214887581817922
TEST_08728,1.0152281520193311,-0.8828380708583061,0.2617654275478736
TEST_08729,1.7178720719402583,0.43394453568830277,0.039087863957421295
TEST_08730,1.5682823141427564,-0.06647725818445303,0.31431751086390924
TEST_08731,3.7191239594386345,0.38402436090803665,0.24726336197387339
TEST_08732,2.9046268128784223,0.6028321758287559,1.3679445995796065
TEST_08733,3.0333570460474193,0.003155056717129611,0.3088578675374792
TEST_08734,3.2492069902748235,-0.46863986038712857,-0.43592450778895875
TEST_08735,1.6090396361843695,0.34077460498179724,0.40796276935173625
TEST_08736,1.5777540048807923,-0.1862800641608882,0.8272019039864125
TEST_08737,2.8927033773892403,-0.24604518116602453,0.728851008628323
TEST_08738,3.2117907917121737,1.492495220311245,1.731655442452
TEST_08739,2.3882592638816242,0.3375874590437384,-0.22954995954676316
TEST_08740,1.5617826978569285,0.23647978426714128,-0.4553845065970765
TEST_08741,3.5974289197110827,-0.09435830647921825,0.24728789462487688
TEST_08742,1.496951480070452,0.43524277641691483,-0.012998507632652846
TEST_08743,1.6569639818843553,0.7555782907062966,0.31610231307843134
TEST_08744,3.834389421916095,0.18631316530309622,-0.49034892001305513
TEST_08745,1.5037434682301345,-0.6034391130905784,-0.5615829221887391
TEST_08746,2.638851431292045,-0.15712457991589865,-0.8860744088299379
TEST_08747,2.9285280753927667,0.15856101556842853,-0.24209018066878105
TEST_08748,1.6416603577980096,-0.16265877797899575,0.18604501526194225
TEST_08749,2.970843304869619,-0.5697816404619558,-0.4327308400194335
TEST_08750,3.825822694360257,1.537050748010941,1.5414741817476214
TEST_08751,1.3222535093306784,0.21355873688439256,0.08348891884477956
TEST_08752,2.1933294551012064,-0.931364019241023,0.05585551207259374
TEST_08753,2.093486534723951,-0.5827237447436865,0.037892008590550114
TEST_08754,1.9032629118081255,-0.40032632087702125,0.29389710885647696
TEST_08755,1.631147686759373,-0.5922090730982407,-0.15573518203780776
TEST_08756,3.3868377152826428,-0.16039898153829327,1.0514848633595437
TEST_08757,3.516760590049889,0.5675752374574609,0.7645864202257722
TEST_08758,0.9173310991394613,0.06864249585286267,0.013198871849443062
TEST_08759,0.978454210433012,-0.11762932156286719,-0.2667159137288749
TEST_08760,1.8497457164411164,0.1932138374522477,0.35608876018702945
TEST_08761,2.548144161562093,1.5025662392007755,0.07743455218843005
TEST_08762,3.2251108438920726,0.6922097637819037,0.47833886128260866
TEST_08763,3.1113892187945518,1.125124105308875,0.012997085157606083
TEST_08764,2.2317691464595053,-0.6847302429297775,-0.3497480411038904
TEST_08765,0.7985435980753587,-0.15671892385113767,-0.18084031336415432
TEST_08766,2.525103162640549,0.10437858850708814,-0.37893759294399704
TEST_08767,2.2155727949985904,1.0976229719839832,-0.745263647547656
TEST_08768,3.9378350499678185,-1.0206056099029432,0.24987927427323983
TEST_08769,1.8626629241744235,0.6656634705989198,0.08569735634046169
TEST_08770,1.3434116475908036,0.0768739230217986,-0.09129729609969266
TEST_08771,1.5345015624612188,-0.17838680113240651,-0.2306308957605061
TEST_08772,4.543267210320828,0.02894451884685414,-0.9996559590311065
TEST_08773,2.5304139774872394,0.16348597823025932,0.15547046702024614
TEST_08774,2.312947120008779,-1.379437399088546,-0.6565402298243673
TEST_08775,2.566244666833523,0.01780741899148743,0.6622853998930393
TEST_08776,2.1270744264344685,-0.16842012352835423,0.4012463972088339
TEST_08777,3.7859449604011894,0.7377891629705219,1.0564041804408613
TEST_08778,4.774753334434324,0.5616349965263966,-0.9431110477759448
TEST_08779,2.5581497778512237,-1.1720089123159922,-0.45701819046546316
TEST_08780,2.2634480632258422,-0.25162015359338097,0.6425033328329587
TEST_08781,2.3392644523613484,0.1474390814027055,-0.5701474549263935
TEST_08782,1.4479065480253746,-0.2352651138720178,-0.08008604423104002
TEST_08783,4.431362329310372,0.1259468491231786,-0.9247499755623582
TEST_08784,3.3807779041418593,0.04618894868902266,-0.5985393967369139
TEST_08785,4.745652713402773,1.3096671073378436,-0.029493045046684107
TEST_08786,1.416313513214833,-0.181971667416455,-0.505455229906818
TEST_08787,3.3898767506047984,0.1486024915718233,0.7742587903874594
TEST_08788,2.37101728171993,-0.034278084658848636,-0.034209949084901194
TEST_08789,3.062859589741931,-1.5324801759918234,1.043177703545761
TEST_08790,1.4139259043000643,-0.4395225814042456,0.49832794038197176
TEST_08791,2.8503135082669826,-0.01640377404550289,0.1695609985949017
TEST_08792,2.139339125485987,0.7191210639893029,-0.7566170197984535
TEST_08793,1.866526075000183,0.14596665887652352,-0.2944783368550467
TEST_08794,1.333038653105321,0.14199240691319098,0.03714164041506138
TEST_08795,0.9664122507802981,0.052329615117227425,-0.008547707747768992
TEST_08796,1.9415299513191393,0.07954565024552095,0.1458311720960927
TEST_08797,2.756430388526451,1.54012113570197,0.2969028338048081
TEST_08798,1.985169554005074,0.4476999564966718,-0.15534780917468552
TEST_08799,5.40572766894712,-0.791158854917776,0.30726703117466314
TEST_08800,2.38791086186477,-1.1030829125899186,0.31661167183597205
TEST_08801,4.560214462310513,-1.4726725918332606,-0.7057914809895324
TEST_08802,3.0158760467873273,1.3321970097696287,0.26600715098526284
TEST_08803,2.795019163955747,-0.0851806905968451,0.5768481639061638
TEST_08804,2.292975375025271,-0.9549854248459985,0.7269300838073948
TEST_08805,2.8572212804732713,0.8038211037657182,0.7308154473041434
TEST_08806,3.740698654209187,1.3348957170511995,-0.1476967665382616
TEST_08807,1.993278467958689,0.1263846605735249,-0.0943717798786401
TEST_08808,2.64136265496166,0.1759350267666213,0.5513513552204354
TEST_08809,1.992183762865106,0.03641861496402273,-0.12626243760698647
TEST_08810,2.1384541086380313,0.19006927463721712,0.27169673687213264
TEST_08811,2.4080813899158957,-0.019313766305136613,-0.6637225531785305
TEST_08812,1.7660939258246515,-1.0633830180889978,-0.7263862078001595
TEST_08813,1.1303508681414394,-0.09364475641520802,-0.09161103232911993
TEST_08814,1.2975169929969608,0.5468840569911635,-0.4524481586963495
TEST_08815,1.4269018282401895,-0.4506639744991413,0.1518455299719211
TEST_08816,1.1544646413329354,-0.20138391745965484,-0.3702757589291895
TEST_08817,2.4754897639979165,0.2306303029817471,0.5809949643676399
TEST_08818,4.4660233821255915,0.4003543178988974,-0.6079810205900333
TEST_08819,1.848780130144582,-0.8174468564791105,0.506381594900158
TEST_08820,2.312153737921956,0.057705427618578525,-0.5258695497507689
TEST_08821,3.3652494029144204,0.24999609740816806,0.026333119851842467
TEST_08822,1.9509291175475716,-0.4030406650715282,-0.2974465143698442
TEST_08823,1.5713318365430893,0.3244404163186929,0.1423605788591698
TEST_08824,2.679276745411115,-0.1868749231706854,0.18305250432794665
TEST_08825,1.6855203427090582,-0.5143829922176276,0.9431442633929534
TEST_08826,3.4059943907561387,0.26059765148210434,-0.8017659867116487
TEST_08827,1.4599061842904324,0.339959136830379,0.13111360822346768
TEST_08828,2.358420654045325,-0.2789006340746293,0.13053883948025025
TEST_08829,0.8953756101031352,0.3556732327026858,0.47115176604129955
TEST_08830,2.6210510934020665,0.7065303261072186,-0.7581868373692554
TEST_08831,1.7971693369133608,-0.33825517029356555,-0.06202615554826675
TEST_08832,2.640446252976923,0.5104305132833832,0.33980850384971834
TEST_08833,3.5566820333041353,0.881760373242569,0.4790673512771437
TEST_08834,1.714541227620508,0.3024034163302634,-0.12886815918001102
TEST_08835,1.587084416533764,0.4212794318645003,0.5061059676297412
TEST_08836,3.318549679434714,-1.4529849114258595,1.2059484385593209
TEST_08837,2.974583995675438,-1.6246647887275103,-0.3804731207195027
TEST_08838,3.159403174604612,-0.11109301113939409,1.0523342976319443
TEST_08839,5.390747627740825,-0.48588621819819267,1.3416532746009686
TEST_08840,3.7353902020175607,1.4472608958309168,0.5821490263409528
TEST_08841,1.0129440953568476,0.20549477466030547,0.1971609668724033
TEST_08842,3.865562313907965,1.438329155412927,0.7136096709619115
TEST_08843,2.662728955303302,-1.6856561851756995,-0.7333552691029815
TEST_08844,2.8158636671650146,0.019532983205792668,0.19398988096894784
TEST_08845,2.611725635109292,0.6064725110884417,-0.15967168471972917
TEST_08846,3.2939256029513917,-0.3385102693576238,-0.6007363530461267
TEST_08847,1.978875132582229,1.2684264506666163,-0.9295711804573068
TEST_08848,6.1953466860684685,1.8093569835213374,-0.6972911408852934
TEST_08849,1.5972459991091594,-0.3728511051190467,-0.08275797487565745
TEST_08850,2.904769598158499,-0.024229465058303857,-0.72167713575328
TEST_08851,0.9409969868589391,0.2041425707418591,-0.23542702803140378
TEST_08852,1.1356142774179223,-0.8843209221158137,0.33794906700349364
TEST_08853,1.3251975203810147,-0.1628622034021231,0.011014666389626586
TEST_08854,1.916933021902015,0.6203359302889384,-0.1910613533193541
TEST_08855,3.724013554718308,-0.586064752097633,0.5639482799510179
TEST_08856,1.5246404353000862,-0.40214432646706794,-0.1970984885130173
TEST_08857,3.985083029189828,-0.19484632972074062,1.9745986938806166
TEST_08858,2.629291525432033,0.746996910839035,-0.7828372353394303
TEST_08859,1.9371728295251223,0.3826127640101626,-0.5109584159390977
TEST_08860,0.9196877795996534,0.27543295857285,-0.04097053981761181
TEST_08861,3.294765269126,-0.25426756368593695,0.8768406826928645
TEST_08862,1.414657944053184,-0.24735352037949201,0.16103525905318464
TEST_08863,2.121988270758582,0.38125327569240974,0.07010745572461327
TEST_08864,3.3139831602627847,0.0979644239198357,0.14524651760466303
TEST_08865,3.603787751029214,0.9579525339540542,1.7555977546292116
TEST_08866,1.6844254741044948,-0.44714421776013824,-0.42779623874222333
TEST_08867,2.327320804655913,0.4912802539512221,-0.29296111324280727
TEST_08868,2.3276621437431633,0.7347609998098034,-0.45671445372628505
TEST_08869,3.161586232419248,-0.7367676774527809,0.8780790783222738
TEST_08870,4.8052516940868895,-0.7198740929022344,1.504396396885101
TEST_08871,1.0735791873505458,0.08824017469680796,-0.01329747275020325
TEST_08872,0.9222518588598374,-0.17904001957009463,0.26014949478872185
TEST_08873,1.8475115462370295,-0.3429068989659454,-0.173940360742663
TEST_08874,2.3766496617459234,0.19346013424534425,0.09978086423404026
TEST_08875,2.3390133604774714,0.39376888281299055,-0.02211290204737499
TEST_08876,1.475787095202527,-0.2903129760067838,0.2041749493244495
TEST_08877,3.806042725299774,0.6898047653938272,-0.2447343526286624
TEST_08878,2.310746421854178,0.8324642088967241,-0.40371779151234977
TEST_08879,5.409362832005943,0.09066448886133356,1.147178814962346
TEST_08880,3.783182916285971,0.8789868020814431,0.9979483177804224
TEST_08881,3.732366893288093,-1.5275736628097176,0.3016639842048589
TEST_08882,1.0232035313647279,0.07920574787669486,0.37183772543869736
TEST_08883,2.6862625758549203,1.7513967621591273,1.1373825068590113
TEST_08884,3.074050290943616,-0.1642878349297557,0.28669036349295596
TEST_08885,1.0156876958072905,0.24234291956354145,0.025375726495554217
TEST_08886,1.7072085605984844,0.2653313619240594,-0.06405270201469507
TEST_08887,3.2276480642819125,0.4980500690561873,-0.0007914938296793191
TEST_08888,2.571844763492848,0.5098315303571648,-1.1838763001420824
TEST_08889,1.475838782467772,0.2206802424128746,0.10186790693900044
TEST_08890,2.9874982751011294,0.3333935666365957,-0.3712919825785296
TEST_08891,1.572453975623159,-0.04414438654716354,-0.2951505126539425
TEST_08892,1.00817940109474,0.1528016157343839,0.3286058622613635
TEST_08893,2.9693219733493907,-0.19522446390313133,0.31994625902547835
TEST_08894,2.7311988230650828,1.5277371718708774,1.1106245553340295
TEST_08895,2.3963896440349184,-0.4373271983790763,-0.017643662210262766
TEST_08896,1.987738262267359,-0.6099892768410271,1.217541930941337
TEST_08897,4.12081782763425,-0.2469194123681593,-0.7404608982381657
TEST_08898,1.2904118084749554,-1.1661830236531001,-0.48523165470627344
TEST_08899,0.956627033230516,0.32084748525979323,-0.12493977292361155
TEST_08900,2.3758579813798333,-0.3995231823528819,0.4244587367755011
TEST_08901,1.8512437967117754,0.08286388185650569,-0.31328018855484735
TEST_08902,2.0499927630351,0.39063095974979595,-0.17815813343129655
TEST_08903,3.37011709569113,-0.6770463748071557,0.9115926649230065
TEST_08904,2.4159047815412293,-0.41425671621711263,0.3868415143633644
TEST_08905,1.4416650997106062,0.1579548982793226,0.2537651262415222
TEST_08906,2.744867892324129,0.2772442802134848,-0.13072996014544963
TEST_08907,2.4853717002711173,0.4319974101779505,-0.16550401278098695
TEST_08908,2.275777742434845,-0.9051288083780362,0.54439934043972
TEST_08909,4.035407756972335,1.4401387393974145,0.7713778497931724
TEST_08910,3.0193493142317496,-1.6289778801544206,0.8190530234280576
TEST_08911,1.2736419541634827,-0.21508008741958276,-0.2118635917955233
TEST_08912,1.9951640732847555,-0.15335211226342088,0.5359462993400059
TEST_08913,2.8520641677915752,0.378325386520209,-0.9421958936167845
TEST_08914,2.9968895228090777,-0.305940520233555,0.6111501576940979
TEST_08915,1.3646240110026813,0.05380602646727038,-0.12897774728529243
TEST_08916,2.9524473854129893,-0.10347688308480685,0.34859818429785944
TEST_08917,3.5914635286544296,-2.155479201952752,-0.5116355350272036
TEST_08918,3.811863335713339,-1.4288494756223824,-0.23874226589926387
TEST_08919,2.3177241564510753,-1.4370099341375615,0.6301192215079252
TEST_08920,4.85972656361303,-0.12155042466558584,0.36443317543437803
TEST_08921,4.945182693263595,1.9862912394567602,0.00018265040491538586
TEST_08922,3.755711685111935,-0.21117823016070217,0.6105517259503112
TEST_08923,3.004719943074173,0.016592594493491607,0.42766717957562755
TEST_08924,1.5063984810093993,-0.3279887968730537,0.6062939536062616
TEST_08925,2.194840542448702,0.45806184136156025,0.36542039396454346
TEST_08926,2.724661495520215,-0.2837900087767692,-0.8050626385736447
TEST_08927,2.959774846184955,-0.14730762992662233,0.48819650620416594
TEST_08928,5.447005795570802,0.04227678613513834,0.6372460197081112
TEST_08929,4.306406795681633,-0.07710612869404125,-1.1115196672497931
TEST_08930,2.7180280881205925,0.46013696492056205,-0.7557554595646131
TEST_08931,3.7229533032574498,-0.5508331332582975,-0.7315138319242317
TEST_08932,4.129713886387021,0.933761754963072,-1.2352093613590742
TEST_08933,0.9107868996677703,0.42001023997072373,-0.10902313967923367
TEST_08934,2.244089649721681,1.667762859052914,-0.44035219959126864
TEST_08935,1.2137678992686964,0.4145753578728149,0.2575898485672003
TEST_08936,1.5314817975889936,0.2775890545620285,0.15029433372464304
TEST_08937,3.9510775989016325,-1.6519906295035338,0.7760763895312184
TEST_08938,5.75980838857159,0.39812248848702453,-1.1632876123450326
TEST_08939,1.1140266903180225,-0.07240986510625942,0.18564725050898712
TEST_08940,2.3278225461800486,0.6814926737269438,0.4298089905561729
TEST_08941,1.1505531523295696,0.13653002907266995,0.23569039942613904
TEST_08942,1.7083347418559949,0.7798160634454985,0.5386456927444679
TEST_08943,1.823204028370323,-0.10891697925475492,-0.29769709214782414
TEST_08944,2.857663807521898,0.4683923609700069,-0.1899734152677852
TEST_08945,4.593679676085589,1.6895300345685753,0.027082574784183768
TEST_08946,3.3885589304565444,-0.19950725932034608,0.12848782180301635
TEST_08947,1.3296363009722858,0.38665982345571576,-0.459685944724368
TEST_08948,3.1753467935477597,0.24609021915533547,-0.2986449193049643
TEST_08949,4.551957399611181,0.6090609883230305,0.9066650385424455
TEST_08950,2.605333518370802,1.6338542507240117,0.5607360865505969
TEST_08951,2.6003411274356845,0.7841981585288604,0.43557756720150054
TEST_08952,3.1824909582454732,1.7245750835840423,1.6953463148225225
TEST_08953,3.846669785290571,0.46546516546646965,1.0742397355217175
TEST_08954,1.7598967697014196,0.37597220236794726,0.36713707295372267
TEST_08955,1.1186379567087816,0.2788252283274854,-0.19764403309033693
TEST_08956,3.7869740050608254,-1.4941219638399112,0.49196266343525014
TEST_08957,1.814698726548239,0.4668599691081414,0.1367910683180535
TEST_08958,1.8069792480446685,-0.9674584576492659,0.04136046381012642
TEST_08959,2.663801658741105,-0.907390471295942,0.8676069027297207
TEST_08960,1.4957049776630622,-0.11723690729386253,0.06708145388798116
TEST_08961,5.185231875236773,0.9852468443854825,1.0852935955480345
TEST_08962,1.3980437879831478,-0.606469531499061,0.3314914804197095
TEST_08963,1.5422947588108544,1.1052407435647882,-0.5853703943352796
TEST_08964,2.737139417817884,-0.04273599718701257,0.09412800405995692
TEST_08965,2.4436206824430875,0.03685856662838261,-0.3308940868414169
TEST_08966,5.190208344214017,0.528105552555524,0.550110604405781
TEST_08967,2.366509709724947,1.280356312780135,0.15808221283875729
TEST_08968,4.980829755926965,-0.3132578971751386,1.0206672915937263
TEST_08969,4.0356973348049445,0.17821019838547256,-0.8082858418175521
TEST_08970,1.513030164497321,0.016128194880647047,-0.21302935125107722
TEST_08971,4.026726795234722,-0.4991937508995333,-0.6295308845855679
TEST_08972,4.550935029229445,-1.2339603355521573,-1.00479781589895
TEST_08973,0.909018116241656,-0.27630085073989924,0.2724001579860146
TEST_08974,3.184924489516485,-1.3683881974441279,1.2638702546758633
TEST_08975,2.9092321309666476,-0.669120970090965,0.45561994603019207
TEST_08976,2.76372013964678,-0.5128131349713876,1.6614909039520975
TEST_08977,3.2114564284535696,-0.27423634446217376,0.9358139558784241
TEST_08978,2.2892445260788348,-0.7395234352643465,1.3450538270591026
TEST_08979,2.942636797100821,-1.3748953910923074,-0.8237905641841982
TEST_08980,2.0496415555891834,-0.24559859093898978,0.41985657823612793
TEST_08981,3.4906222493340664,0.14317173356301746,0.45745396043918174
TEST_08982,2.0454659073565495,0.038933363414358754,-0.22430635413920766
TEST_08983,2.8104486646023714,-0.12433285548932123,0.10608694272732148
TEST_08984,3.057461358252656,-0.05665652125801417,0.8469966442548836
TEST_08985,2.004647129776803,-0.2651654503710269,0.6133799709375967
TEST_08986,1.9013019050685198,0.7538963795139126,0.3754750968503428
TEST_08987,3.611414159217003,-0.07616713623145703,-0.018100020511063564
TEST_08988,2.717538455079753,-0.188225387290006,0.016086911249242584
TEST_08989,3.2236356437088336,-1.0227993286196937,0.8433370028679903
TEST_08990,1.2627625849048798,0.2319276133165414,-0.23580298123476262
TEST_08991,2.4269112790167413,0.023492678346371327,0.03254986117820882
TEST_08992,2.139525026536538,-0.6981059404009627,-1.082363632856275
TEST_08993,3.5125460860847117,1.7610057331256794,0.540601419803007
TEST_08994,2.7787224395533343,-0.27532467662168175,0.13093199187981594
TEST_08995,0.8073839851836627,0.13571418950924527,0.17175076688257493
TEST_08996,2.4261911642906666,0.4940381316457379,0.32961261473204195
TEST_08997,0.9868781575115142,-0.4255079315800696,0.3221345654307839
TEST_08998,3.0981157342937555,-0.7975731944172951,0.6889189497001023
TEST_08999,3.9491867151637847,-0.5804243139233168,-1.1918551328149731
TEST_09000,4.402781059043601,-1.1467017134831818,0.4525882740491233
TEST_09001,2.504197651544997,-0.18831173226252676,0.34273198846061126
TEST_09002,1.7334414675703154,0.27056130121417754,0.7961552097399249
TEST_09003,2.80477468488366,-2.3811585547902614,-0.5394785899335293
TEST_09004,2.6524086082627707,0.03138137189276598,0.2517401415613504
TEST_09005,1.30855598037123,0.6135748003107461,-0.17395460433123408
TEST_09006,4.442160970890588,-1.0430295057095034,0.8306565593234008
TEST_09007,4.057927391303448,0.47697232249618804,1.186275722126138
TEST_09008,5.550062790213841,-0.6961107430325669,0.10805997198468476
TEST_09009,1.0263423894878738,0.3138989443368589,0.17340473204474108
TEST_09010,1.0727238824070264,-0.18053985720906254,0.11750364415787917
TEST_09011,1.642793401911964,0.08826976930892673,-0.0773967623897398
TEST_09012,3.606655330045581,-0.00945740338958663,0.3964856264371808
TEST_09013,1.4521426260053114,0.043979279655716595,-0.171831159838984
TEST_09014,1.6452902994210663,-0.05798187362304769,0.7181489812285657
TEST_09015,3.0577621572458415,0.4671559046832327,0.4864872944279165
TEST_09016,2.1361025971403564,0.149908569105912,-0.8384228991903807
TEST_09017,1.3055449937308627,0.6901355525013799,0.6184676296817064
TEST_09018,3.206756704806395,0.9225441521487926,-0.6942553805576145
TEST_09019,2.2442351423945714,-0.9816831475194036,0.6346941237088868
TEST_09020,2.1099594919452493,0.18395286031620947,-0.9566459119295263
TEST_09021,3.3263301684641844,-0.35050431810241295,0.8198610072187772
TEST_09022,2.186989809209293,-0.14332745722836254,0.06786055410445052
TEST_09023,3.266754113757656,-0.058237765997954286,-0.330122550580494
TEST_09024,1.9404004617508142,0.08438914737154948,-0.15032529109401563
TEST_09025,3.9819566197350906,1.2344845476732296,0.8958934988355088
TEST_09026,1.2071782810234082,-0.06876038697078388,-0.4346981886147176
TEST_09027,3.964422105459706,-0.49195672832997134,-0.14819889930221236
TEST_09028,2.993158958076085,-0.020287195433430584,-0.08564382903347158
TEST_09029,4.609620648839796,0.7828662091899791,-0.5459302598598826
TEST_09030,5.263140478748254,-1.073013991622332,1.7506701426260844
TEST_09031,2.037423899910789,-1.0981019285387232,-0.12248783984765381
TEST_09032,2.167959676677677,0.45622982254459143,0.2512160441123307
TEST_09033,2.1720941976826347,0.2667810183374135,0.6009640564047702
TEST_09034,1.545808373302581,0.2746459117216037,0.1980763213933552
TEST_09035,1.434765023488043,0.2875424657998954,0.20292721543209913
TEST_09036,1.6285916824780808,-0.6693337347159516,-0.14976679742085733
TEST_09037,3.9890936208949297,0.6945394882416505,-0.5695405622395264
TEST_09038,0.8936267210829469,-0.2630907554426797,0.41313770555528057
TEST_09039,4.730826859125299,1.7381755591521852,-0.9307483615381998
TEST_09040,1.6424824923426302,-0.6032170645667273,-0.11928857645835635
TEST_09041,1.2464114413237288,0.2507544222841153,-0.2987491796600666
TEST_09042,3.3305623170027276,-1.5978768060319837,0.8971889434815833
TEST_09043,1.2252153044407526,-0.5022528953951609,-0.04894425024688669
TEST_09044,3.496792156768523,0.25598876319472963,-0.1786689037168314
TEST_09045,2.1307256314086804,0.9885611151663934,0.7143908640660233
TEST_09046,1.5072360542454806,0.98225619971966,0.07473924071966402
TEST_09047,2.2371014331991534,0.5046660959033707,-0.006608443806564784
TEST_09048,3.9457612888261493,1.6435257713282194,0.3020242867232903
TEST_09049,2.8983787697631764,0.49280929898685755,-0.20717745180120742
TEST_09050,1.4389492353661688,0.18412533017224056,0.11165014041075667
TEST_09051,1.7090607362608228,-0.2186006511530508,0.17376646119040007
TEST_09052,2.071841559527132,-0.1268577589376889,-0.2397472722165392
TEST_09053,3.066665174783521,0.23116372849123717,-0.3165827953887224
TEST_09054,3.4958902438942348,-1.737055070345374,-1.117243107941556
TEST_09055,1.2043771833359638,-0.35336968874632346,-0.011893627039661785
TEST_09056,2.713419215241461,-0.2668237751144002,0.7040554904080628
TEST_09057,3.1746470944922414,-1.1188851888625002,0.875419061770999
TEST_09058,4.248704071203103,0.043132391856332435,-0.6288096828328169
TEST_09059,1.4140118339837455,0.706297532748128,-0.20394674118998882
TEST_09060,2.792072201949984,0.523861707038038,-0.9568049700971223
TEST_09061,1.6070952672337133,-0.5151773333508078,0.3743328153892548
TEST_09062,1.3797813383168458,-0.42345207076650343,0.3075175699576928
TEST_09063,2.1364198425096914,-0.36040031795917005,0.45758716807743277
TEST_09064,2.020974145215339,-0.02360184099117661,0.368387290979995
TEST_09065,2.7374568484256354,-0.08488665870835381,-0.5164167716033634
TEST_09066,2.701107276384208,0.3321470389253922,0.030718320157060636
TEST_09067,3.5358678945837783,0.5931637863263058,0.09249114833580409
TEST_09068,3.2674159483856267,0.7109972110985787,0.6428175818604347
TEST_09069,3.0537155756357297,-1.3297066138102136,-0.7817815250260217
TEST_09070,2.2259613985766924,-0.36294009359358526,-0.617261088608211
TEST_09071,2.1000760043520934,0.1191488116812155,0.3330553121843941
TEST_09072,3.4906966890794235,0.5150937723685423,0.4174722470679835
TEST_09073,2.2182498632508456,-1.3454955824211006,0.23653163148038964
TEST_09074,2.6289482176367045,-0.5689442243044031,0.3705359357453726
TEST_09075,1.3039002370171244,0.08627356699945983,-0.04410582925319465
TEST_09076,4.262339680299959,0.7276500984785745,-0.8430571432822803
TEST_09077,2.2544058529140028,-0.030794351480242392,0.3483033045028694
TEST_09078,2.75430685571867,-0.7530377575205264,0.26635225349200164
TEST_09079,1.9338423774422902,-0.7768753523676807,0.2567231120254569
TEST_09080,4.468502976215757,1.0367670047331559,-0.16256950831051514
TEST_09081,5.1124128770082695,-2.0648826027442815,-0.6244589159547526
TEST_09082,1.450417551479627,-0.9830325240562523,0.5936986262854609
TEST_09083,1.1164951891105082,-0.22646208113234803,-0.025116257458320378
TEST_09084,3.2842470589100876,-0.3279647985213439,0.5447073724659057
TEST_09085,2.1498192281789206,0.7414739731081987,-0.2168432749820299
TEST_09086,3.9133832939872835,-0.2574107568879084,1.0659930532007365
TEST_09087,2.0144717508589443,1.4140078678967143,0.6024800502508625
TEST_09088,4.149908957683913,2.2358695561359636,0.3267615238278485
TEST_09089,3.129437961963279,0.5525761898271958,-0.26548923358594095
TEST_09090,2.384942111475858,0.4428456893888989,0.2540544891908417
TEST_09091,2.5685948383791324,-0.13757372255684341,-0.20609188449622604
TEST_09092,4.3213987469285575,0.01766175924575129,0.37841117176447353
TEST_09093,2.5649303805640735,0.07783942157665288,0.12658692967828214
TEST_09094,2.9256439214533225,-0.8410417321259488,0.8750390088341135
TEST_09095,2.290990537532315,0.962527593035143,0.8580308835458021
TEST_09096,3.3207048921747337,0.5743313853784657,0.7398618797832157
TEST_09097,1.7429369252692037,0.15909766484558677,-0.37042797875141587
TEST_09098,5.095107335551332,-1.4640798212932797,0.0703885091761153
TEST_09099,3.3506033902336005,0.9670020233717262,-1.1670759514870037
TEST_09100,1.5502764363155068,-0.26693998835059723,-0.09069719450852469
TEST_09101,1.8616346011289018,0.2744647969523208,-0.5145405133583016
TEST_09102,2.1655410703877807,0.1597288559412773,0.630162029762568
TEST_09103,3.4267780060738056,0.2934217439225673,-0.15279033069510964
TEST_09104,1.4271756979853791,0.11930700042648601,0.40809518351255936
TEST_09105,3.9569966739571307,-0.5134515729860392,0.35903400969007115
TEST_09106,2.535596409298698,0.729039675223449,-0.5381214811779146
TEST_09107,1.253684869879645,0.046110922966452465,-0.20872303594346278
TEST_09108,2.8275160462568,-0.4204739459488779,0.18596220420937531
TEST_09109,1.5662197806430211,-0.2901800920582369,0.5914047494425388
TEST_09110,5.3076185257687305,-0.58006554282157,-0.7541428760306239
TEST_09111,2.66272505049513,0.9425279731310121,-0.659517141244796
TEST_09112,1.9489741482064715,0.5968875976546888,0.6174319730961975
TEST_09113,3.6274475086128835,0.8780064278940439,0.9724527015430598
TEST_09114,1.863549785427637,-0.6571617271110805,-0.19772807503614692
TEST_09115,2.0928545369019558,0.4640820885525779,-0.4544747224194255
TEST_09116,4.462308494266073,0.5354673184693701,-0.1872379455421304
TEST_09117,2.6615590184600992,1.034607531847144,-0.6091415318789205
TEST_09118,1.5385572934222767,-0.0771386978020754,-0.259079495210247
TEST_09119,4.71682383151618,-1.0580760796734598,-0.7373288321233281
TEST_09120,4.187830701591086,2.461449312632946,0.2567301398147177
TEST_09121,4.073831040249831,-0.9230667015488985,0.9460587769022757
TEST_09122,1.9277861828717766,0.9809347233369503,0.30167103210543905
TEST_09123,2.7360962392141013,-2.2346195335101005,-0.12228633757382015
TEST_09124,1.4037352118889,-0.0028444681153869363,-0.25397857853680034
TEST_09125,2.438657752994999,0.4731186531558306,0.3317686735118502
TEST_09126,4.966292123543476,-0.5933971828558053,-0.27751443367770506
TEST_09127,1.692362479057802,0.11670069528745373,-0.4478788761063403
TEST_09128,2.001247732309125,0.14813329510771855,0.584907151424915
TEST_09129,1.951301863859334,0.7449371347014405,-0.1597347052516817
TEST_09130,1.0685419208474771,-0.05484919987285923,0.27755771998000467
TEST_09131,2.1596361999103517,0.47947375894355615,-0.28395009318306796
TEST_09132,1.2205333960210032,-0.5277576589932554,-0.36174716013963276
TEST_09133,1.6783100708250647,-0.3034687723694779,0.3444362227654222
TEST_09134,2.4279451206558016,-1.616292686607093,1.2087293460309503
TEST_09135,1.4557287345628729,-0.6437098495610707,-0.08478768868005052
TEST_09136,2.172843694788839,0.33483189007961167,0.9351598194028039
TEST_09137,3.6283054975893654,1.7034491013850024,0.864856372874863
TEST_09138,3.085602037028615,0.04608094726079964,0.5514296068534943
TEST_09139,4.37955983796318,-0.6764971743106836,-1.0985142669208627
TEST_09140,2.2080918355709653,0.7083168891461208,-0.8434285506941877
TEST_09141,3.140179887387236,0.26756096551644043,-0.422226131163215
TEST_09142,1.5659056686462312,0.043467689505488925,0.42993836067043223
TEST_09143,3.2645600821235896,0.17447849269071738,0.17428200022392185
TEST_09144,3.6456250467104145,0.29514262826992876,0.5066750756052717
TEST_09145,4.407356966700258,-0.13898701801728336,-0.7107464996353585
TEST_09146,2.617388235878139,0.3540055165038037,0.19902607020192453
TEST_09147,1.8330337899711187,-0.6667263013995801,0.016370103861643504
TEST_09148,2.8324364205980848,-0.3125731128001561,-0.5428170759336943
TEST_09149,3.54310903053055,0.6655326486901438,0.10169669195049608
TEST_09150,3.001257075260487,0.4084485585441658,0.865036143707583
TEST_09151,2.793815751994369,-0.39437561753016087,0.013070518644689263
TEST_09152,2.928838300615766,-1.3298185885663762,-0.4116681561402141
TEST_09153,2.749392016530687,0.9300234430083945,-0.7053309787981406
TEST_09154,2.242883031223939,0.20083622169988985,-0.17405385858270617
TEST_09155,1.0663741552395603,0.0024221773268161303,-0.11568719727320521
TEST_09156,1.5460693118244382,0.31683016163802047,0.4987093179477953
TEST_09157,3.279314469175486,-0.581655613841431,-0.5631536817322739
TEST_09158,2.825422564666567,-0.15214407243138536,0.19414598700445174
TEST_09159,5.655017610383991,0.7591609958712178,1.3934645330931144
TEST_09160,4.523216200770024,-1.3461782224020005,-0.10283182346155746
TEST_09161,1.974466812561747,0.23790215226523104,0.25595182522310705
TEST_09162,1.7370793031057346,-0.03187019483454619,-0.4946597981344515
TEST_09163,2.096666083001348,0.16970690050534384,0.4485177113832778
TEST_09164,2.353416324727052,0.4278457041157554,0.16626864640736472
TEST_09165,2.531267278035924,0.7597399302747408,-0.1064752162431355
TEST_09166,1.454419443279408,-0.458877185731169,0.20585870749653756
TEST_09167,4.555026744248804,-1.3843392754802821,1.0765184822240907
TEST_09168,1.6816926294108168,-0.8392422131486645,0.21882676224486908
TEST_09169,1.1852050812440293,0.33377311702779816,0.25241446394170974
TEST_09170,2.506638822251266,0.40190869135250346,0.8925852786998861
TEST_09171,2.318583489676454,-0.2901258837455106,0.07903411268677432
TEST_09172,2.100217549879448,0.1690166631298651,-0.013908639487226995
TEST_09173,2.50800697368177,0.027542079082428037,0.11377388181338971
TEST_09174,3.5204685221619174,0.05244934126544545,-0.7158316491833763
TEST_09175,1.2901424730358968,0.08622397103075533,-0.32475156021524737
TEST_09176,1.0276752165699747,0.006051969214676205,0.02734353246933924
TEST_09177,4.1643915732466334,0.1181858436376923,1.5977332206310437
TEST_09178,1.6843204545711261,-0.01880197908343586,0.45063087478445757
TEST_09179,3.73327807667909,0.05800246497590599,0.6979924974927613
TEST_09180,2.5800220722743505,-0.26175006625594455,0.7717099221128843
TEST_09181,0.8402529218595555,0.2525634871895536,-0.010285558347007303
TEST_09182,2.096372938046796,0.6487346597776061,-0.051272293848141054
TEST_09183,1.2354003100435642,-0.5140813744276145,0.14033202768530956
TEST_09184,3.2310425723095912,0.1769900678316049,-0.20326716988042104
TEST_09185,2.0959312021318066,0.8883256997039373,0.7454955548404334
TEST_09186,3.262163753170557,0.44057614804526835,0.09442985769631797
TEST_09187,3.984521835479355,-0.17379416220507526,-1.2490326260407203
TEST_09188,3.3727146860992683,1.1210776669590397,-1.1610869533756876
TEST_09189,3.978724377298279,0.2593179111715941,0.7708945726799984
TEST_09190,4.033255857456775,-1.262486821945778,0.946703833244589
TEST_09191,2.9651473554857657,0.053366968216868545,0.3673896483345146
TEST_09192,3.0436037810919596,0.0850700287785441,-0.5047518745894397
TEST_09193,3.0175984561567915,0.6780799549736509,-0.31408352995203737
TEST_09194,1.7614209934912815,0.32870327921923065,0.06381102911775693
TEST_09195,1.8565268201224727,-1.025549717996001,-0.7203587562042074
TEST_09196,4.271229354681937,-1.357337427217254,-0.45064704108285975
TEST_09197,1.6366512062894985,-0.4199911632090666,0.09500756259311909
TEST_09198,2.096870627883089,0.5940919452958181,0.7738088449386021
TEST_09199,2.110684866921299,-0.23442490696755597,1.1215186087421973
TEST_09200,2.7928190064989082,-0.9787759202976941,0.5258197404308356
TEST_09201,4.079640867160417,-0.22435484163243838,1.0994775024821912
TEST_09202,1.9296314133529755,1.6814534095337308,0.16302473977176268
TEST_09203,1.743270089416541,-1.8749490327442406,-0.6380748139761199
TEST_09204,1.770518922159182,0.5748222703390699,-0.49544109222169574
TEST_09205,1.6841688460105637,-0.4474835552173017,0.5667001669678906
TEST_09206,4.2172680764485015,-0.14106437156211885,0.37508149320637096
TEST_09207,3.6526594802948003,-0.26976462592290107,0.35445917483185535
TEST_09208,2.920615862889731,2.2938804093559293,-0.37033532218650284
TEST_09209,3.131932004654944,0.14924208673004646,0.38830708456026586
TEST_09210,2.8324828206226957,-0.2891260174561225,0.0018860322158040985
TEST_09211,1.4287707748519718,0.1735106474859615,-0.21197497588180025
TEST_09212,4.390639630693641,1.1917851988910162,0.4308718543863415
TEST_09213,3.0936261621073564,-0.368655022959873,-0.6789134136671626
TEST_09214,1.5176207975416813,0.37889051333614027,-0.18128788460131476
TEST_09215,3.3632315485104414,0.7238535791592264,-0.4445459410205009
TEST_09216,1.2712072707065358,0.08746732166101254,-0.3033108009593725
TEST_09217,2.5885739290487253,-0.01357057700314918,0.6934163956316015
TEST_09218,2.203371564446873,-1.723583276386636,0.19137831103751776
TEST_09219,3.3978197614315593,0.3399394566432879,0.02173291723472039
TEST_09220,2.3786146962745787,-0.18391429267549644,0.27200290453873754
TEST_09221,3.0646165089610857,0.09384703309770712,-0.1616807018411041
TEST_09222,1.5434003968711787,-0.370413093315733,-0.2613511128232943
TEST_09223,4.445828508646577,-0.4759744676433539,1.1013894606212244
TEST_09224,3.061749932800705,0.2610140548324011,1.1711248601213902
TEST_09225,2.891452851909669,0.15044558279029643,-0.8899151485228869
TEST_09226,3.138489657393325,0.27723593180608347,-0.021114988884815417
TEST_09227,2.3136628934027046,-0.6391179063253016,-0.1801152791743887
TEST_09228,2.723722366592999,0.03882892423417446,-0.6351379395265082
TEST_09229,2.7566264949843187,1.4808730809332566,0.6961017532641344
TEST_09230,4.112412910744148,1.188199197495709,1.6783163183565315
TEST_09231,2.245335446715368,0.6077565781064925,-2.433678960234425e-06
TEST_09232,1.2125788245398088,0.32117963732689286,0.3679395334292694
TEST_09233,3.75630519059795,1.9146345825064297,1.168107324303916
TEST_09234,2.5414102693898,-0.030452778083180528,-0.03133871802321734
TEST_09235,1.5530702562754974,-0.06823290298634556,0.33656851534961796
TEST_09236,2.1607620357487307,0.008224552741912942,-0.7841188472502939
TEST_09237,1.5985397393207625,0.2648794742804291,-0.1223428792165899
TEST_09238,1.1774690196524926,0.139526851641494,-0.23434687117813663
TEST_09239,4.938855112409968,0.7829591209169373,1.3780582042881204
TEST_09240,2.1817456893660694,0.41236659816634147,0.3768992382530925
TEST_09241,2.6373639031727105,-1.5747454819239517,-0.33350906247357426
TEST_09242,2.331505323229694,-0.9453004285875901,0.4173900002052615
TEST_09243,2.910235279027296,-1.1941459633141378,0.659185101835556
TEST_09244,2.6772879928195747,0.059167397956064106,0.3008260633297501
TEST_09245,1.8865063688183665,-0.6372219981792624,0.05959266547080389
TEST_09246,5.063687090019041,1.3180512460696412,-0.94603143816657
TEST_09247,3.390189805705322,0.017847146053958176,0.5018087911351781
TEST_09248,3.716856266065696,-0.6235220339614432,0.5285613226544255
TEST_09249,4.618789534339395,0.7359956214856935,-0.21162415289501568
TEST_09250,1.3179933667400114,-0.019711020929002922,0.17560362825480305
TEST_09251,3.0548322060451087,0.19302130397086212,-0.1465412357522082
TEST_09252,3.9582081646445384,1.1088298901097395,-0.11211094712697584
TEST_09253,2.707733404023376,-0.028947561834834303,0.17311999509280526
TEST_09254,3.5111770890070204,-1.5388597285699617,-0.29420206003607413
TEST_09255,2.4561632327344163,-0.3954306086681621,-0.6025308668681193
TEST_09256,3.0582678933735257,-1.4822469467392372,-0.7480479586361034
TEST_09257,1.5828433678736653,0.47001138897085476,0.5863247986856243
TEST_09258,4.098749130122778,-0.5735812069338201,0.5414541377259062
TEST_09259,1.6444838159445965,-0.9914562449642765,0.46829608549670926
TEST_09260,1.2433799972747317,-0.07214446206974519,-0.2558386107898112
TEST_09261,1.0089825748645254,-0.02037865199098926,0.15115857906033053
TEST_09262,2.061158363774386,0.30833647974335493,0.0386510278065311
TEST_09263,2.2103832231315628,0.15996611573981442,0.5256752082090463
TEST_09264,3.3795698636602043,-0.5638854928687403,0.8839717004446426
TEST_09265,2.0409528271941166,-1.1001601749882588,-0.8596597382296073
TEST_09266,2.802143514514414,-0.4697152063918913,0.6191804474539514
TEST_09267,3.0269835896173536,-0.22861458361799464,-0.10502738250227664
TEST_09268,2.1049708054200567,-0.3027130303084288,-0.005128237942943412
TEST_09269,1.9153441613948965,0.3408988249273622,-1.3130344746500127
TEST_09270,2.2750601679490803,0.4660448013420601,-0.3635726489213962
TEST_09271,1.7549422895450295,-0.4371787371673325,0.10205009913705694
TEST_09272,2.081207024141791,-0.48209488158519825,-0.5537010370506497
TEST_09273,2.224452580978618,0.5213272751998066,-0.15951601454262226
TEST_09274,3.495143618409109,-0.7823977914013518,0.8169127953428924
TEST_09275,1.936295784856659,-0.38332830506243426,0.10132284200075567
TEST_09276,2.0099005249715627,0.1433193446802035,-0.0696972731278391
TEST_09277,3.5187647552803707,0.7070889973844707,0.3001698671623487
TEST_09278,3.1494255507496485,-0.4082550263648306,0.188656581018665
TEST_09279,4.772802175546676,-0.04257066612285428,0.3944101656739302
TEST_09280,3.0242484664034968,0.6879489292042539,0.7701660400611485
TEST_09281,1.8090174485052344,1.2321694046090057,-0.13389613448438026
TEST_09282,2.2633433314066895,-0.3425444883423331,0.42463363178254276
TEST_09283,2.6556633232468108,1.2250759957787154,0.3850300001296911
TEST_09284,2.4276987496345335,0.21238335293984414,-0.1288766231589423
TEST_09285,1.5900788254146805,-0.012245152402595723,0.2451471998550966
TEST_09286,5.108005788681046,0.8123030858450124,0.700671806069016
TEST_09287,2.652877348557495,-1.366165146006324,-0.3827692683846712
TEST_09288,3.3499206859956985,0.9440011158155772,-0.7010657104705967
TEST_09289,4.227642408182281,0.041771059700662895,0.832103656297296
TEST_09290,1.8259242756863756,0.12450943638520735,0.2890053181235661
TEST_09291,1.5486191070206579,-0.29810038192703314,-0.40663913137876245
TEST_09292,1.2439465820016007,-0.08468194723945256,-0.08076457223640467
TEST_09293,1.1132939312276908,0.14310600904124215,0.1218445082837073
TEST_09294,2.257747622906189,0.49763894008757925,-0.6694610576891051
TEST_09295,3.066741027313085,-1.126200239918022,-0.41154966736590803
TEST_09296,1.0051654160610333,0.5831186680320284,-0.37071921568484284
TEST_09297,1.9635053926555919,-0.15031301766785482,-0.2960507278571181
TEST_09298,4.393520603763494,-0.9887374528926351,-0.6107787201706487
TEST_09299,1.7256662112379018,-0.3304619490356835,-0.3314183398743554
TEST_09300,2.8845385487244024,-0.43836400506975093,-0.12433103124596931
TEST_09301,2.108237323549419,-0.44053364854728516,-0.45083130569628826
TEST_09302,1.3963525608911707,0.30742088551206737,0.36570232824136206
TEST_09303,3.238175653217588,-0.21202784830905935,0.11439216002803045
TEST_09304,2.620621148111576,0.054679261023547476,-0.13252237524558058
TEST_09305,3.386308736198165,-0.2372523847810464,0.029704679243231044
TEST_09306,1.6199277328943935,0.4461740541216253,0.18155444816381155
TEST_09307,4.244068090719086,0.14466053811185942,-0.7058248071701886
TEST_09308,1.9428124878092876,0.5067557421396119,0.04720479314647902
TEST_09309,3.006637512880533,0.8170414467763398,0.08332738057648587
TEST_09310,4.448571541692815,1.4843012980991517,0.6257435239736177
TEST_09311,3.0364672534065167,-0.6380543446644108,-0.4974644485206177
TEST_09312,1.4444261344767924,-0.051097502071669736,-0.0019984245103738833
TEST_09313,2.1949445961147034,-0.9858126922028444,0.5733045089635379
TEST_09314,3.353266572858064,0.5324616058525113,-0.6386221835328423
TEST_09315,1.369517976418839,0.6902469396880809,0.3387686972577057
TEST_09316,4.522565781993914,-1.8739742065338827,0.4258176614125665
TEST_09317,1.6430743017532918,0.09597750115943803,0.4490310192487814
TEST_09318,2.2330750955183856,0.17714372423315314,-0.8016906941855068
TEST_09319,4.282547110407179,-1.2897705843374876,2.3073412043939707
TEST_09320,3.9366597140059287,0.32825821114039033,1.104899315463902
TEST_09321,4.768349235385118,-2.48427159405639,1.5853865655793757
TEST_09322,3.5012751658482046,-1.720402636537032,-0.6897341222246951
TEST_09323,1.309654310240887,1.041186879377192,0.33496534357810376
TEST_09324,2.2393412947575184,-0.2539508425442517,0.556187087962584
TEST_09325,2.510609070758357,0.4689678995207138,0.32265693766724596
TEST_09326,1.3882650637159382,0.34733350124589935,-0.17844269187325593
TEST_09327,4.653957644362517,0.014660646598561188,0.07294817865647235
TEST_09328,4.721479225354914,0.4955179305483185,0.2809312715425411
TEST_09329,2.0975271879192348,0.31632546424101476,0.09412776805744393
TEST_09330,2.7546669656591605,0.04546967159875709,0.6458093291779402
TEST_09331,3.1231201441080843,0.262063069524138,-0.5174712229165467
TEST_09332,4.468991153708624,-0.7368692522163885,0.2401704042604726
TEST_09333,3.018207483007558,0.08603542975432223,-0.02857730270080193
TEST_09334,2.9752213848760642,0.403359687902452,-0.11979941894657782
TEST_09335,4.179227613333208,0.5639159863094028,0.040620145888389414
TEST_09336,2.604695014662698,-1.1001394810090683,-0.3802165479776651
TEST_09337,1.8647779047158075,-0.22735380628391155,0.8826759259706358
TEST_09338,3.1715350690184665,-0.11677159875734594,-1.0699988734061192
TEST_09339,1.130900663233439,-0.15453999984789463,-0.28680241723096195
TEST_09340,1.0439439974955043,-0.23695814203726687,-0.1068735492622921
TEST_09341,3.5663167379957685,-0.2167030572819579,-0.2651985931429049
TEST_09342,1.6850206237884615,-0.6054964188362199,-0.16038623716948558
TEST_09343,4.355731268333772,0.1895247859360015,1.3637249706560237
TEST_09344,2.041075149647075,-0.6731088294603909,0.39582466692121054
TEST_09345,4.058278927278661,1.6373537882124576,0.4582048597041564
TEST_09346,1.98905634112376,-0.324422844578738,-0.5133128343987211
TEST_09347,3.677241389988328,0.3606156659796032,0.462392357196957
TEST_09348,2.7482041442751837,-0.6729164661519459,0.31952517877679437
TEST_09349,4.171043204362085,1.5684122661045663,-0.88863294581185
TEST_09350,2.339774858911219,-0.7351129861292776,-0.3940256403516927
TEST_09351,1.7419255303968464,-0.24391901862581788,0.20529624513005668
TEST_09352,2.9406582244791197,0.8903496787084698,-0.6796389306061924
TEST_09353,2.8332577450457888,0.20468900351140137,0.7739918105673588
TEST_09354,1.095274606218442,0.11659250291221034,0.11884096432208761
TEST_09355,1.8457024650299187,-0.9421283431058106,0.36759870933423594
TEST_09356,3.93433919108618,-1.6070817891062787,0.3097560262471595
TEST_09357,3.046217642865601,-0.5619579330724631,0.36052163402339954
TEST_09358,1.4600444005736035,0.1940836712211927,0.45270166683765106
TEST_09359,3.745414230667464,-1.691611825333602,0.7647139671325387
TEST_09360,4.4768190007351025,-1.6239388959588117,0.19580798983512623
TEST_09361,1.4854597337471498,-1.2516179629956472,-0.012184730707704967
TEST_09362,2.582510558069058,0.12982613135692553,-0.39980818633744386
TEST_09363,3.9450605281834954,-1.351968060499547,-0.5908629344157827
TEST_09364,2.2505234171499455,0.21822871070431912,0.4785293467751735
TEST_09365,1.128074414529839,-0.16200390834974454,-0.35601068569967437
TEST_09366,3.545447057668681,0.05576797448737364,0.03207030699671512
TEST_09367,1.2631008537401698,-0.05525936751275438,0.24715385658657735
TEST_09368,2.9265463942961807,0.9374345329198097,0.17030486619544707
TEST_09369,2.3978373804823376,0.43214844471683095,0.34924322827554255
TEST_09370,0.8217244078739347,0.2783479838143427,0.2124581020235414
TEST_09371,1.6103570603486632,0.07721312231320017,0.3839929489185014
TEST_09372,2.1463789101728503,-0.5671391147832792,-0.5738912928010517
TEST_09373,2.435101674328766,-0.44438168747304146,0.2336741997534269
TEST_09374,3.413328521121747,-1.2404154189994996,-0.6235394116180722
TEST_09375,1.053009980141442,-0.2887737258195287,0.17229432209183357
TEST_09376,2.4864491100463924,-1.0414723771999161,0.6595221615082616
TEST_09377,3.8250546826281258,-2.0700182289598463,1.488103527605409
TEST_09378,3.1215437841239755,-0.8073149173247873,-0.16448326225994142
TEST_09379,3.042598458780455,-1.0049828741468987,0.7213425345578767
TEST_09380,2.3288143395032224,0.20377861734952912,0.10060720080135367
TEST_09381,2.3572601069730776,-0.4329551615313493,0.18639016679268386
TEST_09382,1.9045321559531956,-0.292280299576308,0.48900287579330626
TEST_09383,3.7140737081246167,-0.5495079625355035,-0.6940844107454701
TEST_09384,2.4558525174960644,0.13930273294020773,-0.04470395070586851
TEST_09385,3.561828227806887,-0.14677782157019903,0.8495854570847368
TEST_09386,2.8208952864712034,0.5098112135964266,0.5032165699520404
TEST_09387,3.0254506111363346,0.24314141570205408,0.5979672765506521
TEST_09388,2.853347185629053,0.3946954865867173,-0.6374328323182393
TEST_09389,3.2844329531118763,-0.5065822534025617,-0.7276640140173727
TEST_09390,3.9980164217585297,-1.4374597965164928,-0.7354574831440507
TEST_09391,2.695654511198905,0.41880516386423094,0.5787074550154262
TEST_09392,1.0462186798990665,-0.19014265819620488,-0.27820428804871944
TEST_09393,2.404034793474057,-0.9028020134727778,-0.4852514100230824
TEST_09394,3.360759165023914,-0.44626969416703105,0.09008161065104095
TEST_09395,1.267928322826212,-0.39973383704820287,-0.26386099056302487
TEST_09396,2.698996106316415,-0.08522151887486502,0.26782276825897844
TEST_09397,1.3726816098381125,-0.0323953467743712,0.00016784319512718176
TEST_09398,2.3658401646257365,0.7235982873619959,-0.020745182737017445
TEST_09399,3.5617478124578557,1.7776098198150008,-0.4182255236113169
TEST_09400,1.66775849029758,0.2826781943048739,0.4703739424547667
TEST_09401,3.3749976704599267,0.5292046872385925,-0.7603194437927587
TEST_09402,3.1979711197107283,-0.9469503464492935,0.2719017438231486
TEST_09403,1.6947786450287452,0.4529199426573529,0.23073457112258633
TEST_09404,3.2393104060664526,-0.4130589629699668,-0.13205873321742148
TEST_09405,1.2644184392486097,0.6473601041872044,-0.15488321665519192
TEST_09406,4.922119233634579,0.5714595527446457,-0.8175614168003911
TEST_09407,3.576678356752346,1.1579953266109178,-0.21898243497160969
TEST_09408,1.8170545830392553,-0.6263817471638284,-0.5731430783998922
TEST_09409,1.466883545790973,0.6524906937279528,-0.09447848342311034
TEST_09410,2.276198362929234,0.7058057963959037,0.45047043055937164
TEST_09411,2.4072680214410695,-0.09189556394893254,0.2305944092062977
TEST_09412,4.9541428876164915,-1.112818837192092,-0.28885679661631547
TEST_09413,3.0422069599544397,0.6505136361496321,0.08151125838700929
TEST_09414,1.723997888834267,-0.8329304992811376,-0.3595248802380898
TEST_09415,2.6804378330476384,0.18320652975175078,-0.1604686177956209
TEST_09416,2.6109753567533796,0.055666125286418684,0.951300508179813
TEST_09417,3.838390807961218,2.321390491202315,0.6016692812741367
TEST_09418,4.423887285480426,-0.050699025118092565,1.451135398372683
TEST_09419,3.1365631614396303,-1.3659060009402857,-0.1780671174202502
TEST_09420,1.760544938626331,-0.7092412597826533,0.36823617292052496
TEST_09421,2.090852690246255,-0.444588928643117,-0.3294963354206329
TEST_09422,1.4558161605064293,-0.5258915429935461,0.4259507417214915
TEST_09423,3.902304378422067,-0.30185934654144403,0.47042679241268776
TEST_09424,1.3559433226615298,0.0772456254589376,0.34784731826918325
TEST_09425,3.605140457194486,0.8066100068521126,0.5489468080020888
TEST_09426,1.8951865108475374,0.21826115776807314,-0.7992726625913292
TEST_09427,3.3229663888288288,-0.601297086853319,0.18896522078675698
TEST_09428,2.590557112757882,-0.3298518412401285,0.023945363595745152
TEST_09429,4.1284914091665765,-1.078243588356323,0.21980486705069305
TEST_09430,3.3744705913947683,0.7431926685129558,0.6742459781544617
TEST_09431,1.7270590004136332,0.6388517379432948,0.18529202281210294
TEST_09432,2.662648209079522,-0.9226535702209716,1.1697528839587745
TEST_09433,2.582690536045886,0.05069007963869017,-0.004475381621324384
TEST_09434,1.913495036962317,-0.4139822754786195,0.1832255810347299
TEST_09435,1.3967388333170883,0.25855654715040843,-0.43448029585333936
TEST_09436,4.50222541181893,1.9027360007632588,-0.00428810582985927
TEST_09437,3.4178380101474732,-1.4884492798970994,-0.7019012651218469
TEST_09438,1.2999957176301953,0.01399131738688771,-0.4501391394233098
TEST_09439,5.9197790722188115,-1.6978351309482547,-0.10985164795419353
TEST_09440,2.487888073153567,-0.6720289337968377,0.039831081626946645
TEST_09441,3.172161244558298,-1.1815242073308065,-1.0316983888599731
TEST_09442,0.4650032468096531,0.3559779764532508,-0.20324894921301323
TEST_09443,2.522415389355036,-1.5908051430087333,0.914357173068803
TEST_09444,2.0024694032026478,0.04090869746560048,-0.09264512877987745
TEST_09445,2.7774778451254205,-0.30354456957343456,-0.07520070607670182
TEST_09446,4.3578571120130265,-1.271063552450236,-0.4352062152820778
TEST_09447,4.95245912064343,-0.6660785484240298,0.8177392830738671
TEST_09448,2.6559147982883946,-1.3493073639485478,-0.0988482727166628
TEST_09449,2.4315846208372296,0.06107058212995449,0.247696487081902
TEST_09450,3.135207075974826,0.6446666907303701,0.8231526996608328
TEST_09451,1.419513925067225,-0.22458657102297466,-0.26640317012043446
TEST_09452,3.2112951595245587,0.9897143972243501,-0.23126540538164636
TEST_09453,1.0945330875388024,-0.04121529195834358,0.29659129683435875
TEST_09454,1.518197956410435,0.5197581242301733,-0.09829273761282102
TEST_09455,2.302382995852222,0.6643604514870682,-0.5666349800494646
TEST_09456,3.1897996794431775,0.21493108200310426,-0.06373245602603657
TEST_09457,3.1812116044542282,-0.15002591912924096,0.5960190472409731
TEST_09458,5.5461272987362875,0.3338455104110101,-1.1469400266677647
TEST_09459,1.3421417299526233,0.5787641287256404,-0.41242434871237316
TEST_09460,2.7174494898265986,0.5093817370112234,0.25247366780333846
TEST_09461,2.4303590855355384,-0.4797909464519715,-0.38282959278125056
TEST_09462,1.9260506078328388,-0.2351804931228856,-0.19348005645567057
TEST_09463,1.9338448969433946,0.5468063119276337,-0.2591448132662223
TEST_09464,2.8342336993874255,0.13257725149024163,0.18353964653229204
TEST_09465,3.076650745281395,-0.5426666549594189,1.6295459439544062
TEST_09466,2.5246236896415275,0.442261574196165,-0.12524530701093664
TEST_09467,1.1610724152761276,0.2274265533990979,0.1257150821876088
TEST_09468,3.430494650061549,1.335503095896582,-1.1432680630171368
TEST_09469,3.6717495271158507,0.5467375474911572,0.5044070541218508
TEST_09470,2.7760357671767877,1.5317268356214615,0.12310208185707637
TEST_09471,1.0683380669914875,-0.3697188858198204,0.026000610410286184
TEST_09472,3.3527187224998607,1.4394643591136205,0.16887002141927002
TEST_09473,2.613267808848294,-1.4296975689215599,-0.32507096862232876
TEST_09474,3.6113073176181625,-0.48854427311873905,-0.1403735703048662
TEST_09475,1.7146222157591595,-0.05298361785648134,0.29581918115896366
TEST_09476,1.8365056716323835,0.6770236619615106,0.04394435518497476
TEST_09477,3.7463896027221177,-0.38764736694501584,0.45051923262611315
TEST_09478,2.785542243474425,-0.03486200128041824,-0.5071270898559387
TEST_09479,5.156412799606493,-0.5040957349436777,1.4298126326414513
TEST_09480,4.000541247832057,0.22180885166643058,-1.4144782625939853
TEST_09481,4.777176464404128,1.772713496112978,-0.5725876081483825
TEST_09482,1.3184275755053614,0.07229974231139932,-0.33315717947437257
TEST_09483,3.9794718383210492,-2.245272554866456,0.6029615222833418
TEST_09484,3.322251379070058,-0.15604036305842853,1.079871993096838
TEST_09485,2.0817159446455777,0.16287104381303777,0.3738858985183097
TEST_09486,4.766780166699389,-0.4485727288564657,-0.39847277762890865
TEST_09487,2.8155272105433347,0.8558624230219776,-0.4386527229610075
TEST_09488,4.962088599630811,-1.2846642595997713,0.5598369759093175
TEST_09489,3.462567429668271,0.027376116206923876,-0.16699575277546902
TEST_09490,2.3841834911721675,0.162187490953969,-0.22159646601340313
TEST_09491,3.358228712676158,-0.22653050641262856,-0.13974629994787735
TEST_09492,1.3012488136902391,0.39573750467064345,-0.0018648565409482053
TEST_09493,1.1028573926654512,-0.12637929192757177,-0.06621466152607318
TEST_09494,1.6534112920549822,0.9696511693814784,0.6723309854674712
TEST_09495,1.7095380059146819,-0.5147781123220441,0.02145776044176783
TEST_09496,2.370641367162067,0.9375347485572967,0.4090397583466113
TEST_09497,4.057385873234422,1.515782597305115,1.2932657649294
TEST_09498,3.819446427115642,-1.223750169335342,0.7144178783369644
TEST_09499,2.9794243451390825,-0.04320039956844227,-0.884279710316857
TEST_09500,1.703347750109005,-0.033449075089278336,0.20521352879487711
TEST_09501,3.0878693026848,-0.5403383040861369,-0.1548265632529349
TEST_09502,1.7929686129344513,0.2703172096652884,-0.3287136523333964
TEST_09503,3.874623023233574,0.3211010764841645,0.4767747900389153
TEST_09504,3.0404019028832994,-0.6878082682367672,-0.6556247106602697
TEST_09505,4.157636804901452,-1.1246514300452952,1.977255786320566
TEST_09506,3.1696927255512906,0.3983871658532571,-0.8445176481875779
TEST_09507,2.2264468702515723,0.4856397442634689,0.43837265345106236
TEST_09508,3.0687176072582254,-0.16438613305366245,0.4911250169692821
TEST_09509,2.1355443621117747,-0.2519528656773734,-0.32086623634178785
TEST_09510,2.73498633490754,-0.8616280336497969,-0.434479502480593
TEST_09511,2.037089312257731,-0.4372722000110483,0.13469729171153086
TEST_09512,2.105209875277652,-0.7940294551886129,0.8033185956025712
TEST_09513,2.2483346506498063,0.0676779669321477,0.31845908567914094
TEST_09514,2.422400159517288,-0.1060831914198386,0.1028902332779343
TEST_09515,0.9544234584995671,0.08665398143639345,0.2277769572646988
TEST_09516,4.779460744166366,-0.7227742620944722,0.7692825172777438
TEST_09517,2.1030652378030332,0.5930678688100731,0.5943445142225816
TEST_09518,2.206098639653386,-0.3369773416330696,-0.5358766432600622
TEST_09519,4.464678065223304,-0.4313570107292929,0.8480148509173994
TEST_09520,1.445035297893302,-0.8624921312892286,-0.3511086994773273
TEST_09521,3.391773943999634,1.4362030228373914,-0.8762073400931186
TEST_09522,3.9790873039409744,-1.4247347819760685,-0.018778897692371774
TEST_09523,1.8403383153329254,-2.142747300360394,-0.28675143137721437
TEST_09524,3.1407892182448642,-0.5197341450684576,-0.993527198986736
TEST_09525,1.8990117854525626,-0.007658642725925174,-0.38001751876408435
TEST_09526,3.3352469984353927,-0.5764891648306316,0.2947174701001261
TEST_09527,4.819712376204789,1.645486340160029,-1.0169627448351066
TEST_09528,2.025644970794625,-0.47619988172326244,0.6175300111172703
TEST_09529,3.0800828466735055,0.047218113804732585,0.23877776963326627
TEST_09530,2.9860881420558143,-0.23083384043129482,0.17278217564234394
TEST_09531,1.0506153306954233,0.012342513809689036,0.16920890153972867
TEST_09532,2.2325518820993886,-1.1302269950431592,-0.6410760926139656
TEST_09533,2.273133975899465,-0.12805870368824857,-0.08195325756926052
TEST_09534,3.0465393796117572,1.1593025998479265,1.2006689762064464
TEST_09535,2.0651401880194653,-0.02434083240139894,0.20764006686885256
TEST_09536,1.7861202511403453,-0.9950585991434266,-1.0094388541747479
TEST_09537,3.1829970885665375,0.9121779721087381,-0.3535887263953755
TEST_09538,4.731999275738544,-0.6921308747511935,1.098823894784333
TEST_09539,2.917772115999082,0.18769937925855823,-0.046125951532909014
TEST_09540,2.705855580489194,0.25962622121428236,-0.005721709368113257
TEST_09541,3.372824205021829,-0.6133358050539386,1.037126220684543
TEST_09542,1.1328952300429858,0.2890021825977751,-0.2452387834110842
TEST_09543,2.120160157474624,-0.33958852465080097,0.341349857764223
TEST_09544,2.204136478211384,-0.17066077175588013,0.34836477327894444
TEST_09545,4.69394325736969,1.3040895551506562,1.5115472458225565
TEST_09546,3.210150230058364,-0.4393697092718161,-0.5054992573153047
TEST_09547,1.327031201789571,0.12937368938628294,-0.23558023117718033
TEST_09548,3.0229823413705343,-1.3611163661756749,0.559668561316839
TEST_09549,1.6900479142246365,-0.24526875375594143,-0.5857313316407161
TEST_09550,2.732910342071322,-0.6017185598723076,-0.6970083150288184
TEST_09551,3.0105969008778866,-0.43467096397796573,0.34968837259082686
TEST_09552,1.9844928306021048,0.6555024919929995,0.8040211980859132
TEST_09553,2.8370517575649457,-0.8343515118446843,0.5811173754277813
TEST_09554,1.3008450258429447,0.1822469796786112,0.09474917368035975
TEST_09555,2.01493668550501,0.16269752292037887,0.008390105041344787
TEST_09556,3.8092129170978852,0.08810392929484533,0.48533636852128487
TEST_09557,1.1649513229014612,-0.4597625100752688,0.07094477351575192
TEST_09558,1.7202621952824082,0.7770181000108709,-0.15373616876611348
TEST_09559,3.6183564491697773,-1.349004999057528,2.084312710513801
TEST_09560,2.983801591996537,-1.5191441222988409,0.7159024235696475
TEST_09561,2.217689445224819,-0.2732442108439096,0.6220414661567923
TEST_09562,1.5906814500949193,-1.1289323997568412,0.5899745566876313
TEST_09563,2.3749389930632083,0.09421196775785816,-0.28577292988581704
TEST_09564,1.660432223831349,-0.041118463498269045,0.3152580085651993
TEST_09565,2.170975673472151,-0.10586543954356337,-0.12436728477815488
TEST_09566,1.5112004023180403,-0.27976264837490283,0.2908165306182838
TEST_09567,4.8004920096123,0.32128726393033,0.14812265938374777
TEST_09568,2.7515740128021267,1.7770124736108275,-0.5115538076979805
TEST_09569,1.8383404022050942,-0.4116659907630127,0.28882890498842095
TEST_09570,1.79579853387488,-0.23391051816736064,0.1008238026216802
TEST_09571,2.0067820293924257,-0.5271537936016006,-0.24635781723061534
TEST_09572,2.4139017760526875,1.0014231186212612,0.289111083617694
TEST_09573,1.822026885214304,0.25819608973378516,0.42548312853457776
TEST_09574,2.72194209821746,1.1928175073473797,0.8469984127895992
TEST_09575,3.1169839526814775,-0.16794764975062734,-0.8298220764050028
TEST_09576,2.430788808777953,-1.2571614835244038,0.15888247538260802
TEST_09577,1.9051298960183598,-0.09845353422343874,0.06759939131993122
TEST_09578,3.898945684801616,0.5079575646476993,-0.8192868095570826
TEST_09579,1.3779029129792275,0.9080401592709887,-0.3369591535460008
TEST_09580,2.062795683555769,0.0973546914199921,-0.5148334512598429
TEST_09581,2.0380597129674793,-0.6172611132705863,-0.7193984481140813
TEST_09582,1.617646399667285,0.025007882050920107,-0.3118418591640119
TEST_09583,3.0898843200873265,-0.9344391922163068,0.8491936137897481
TEST_09584,2.8746389086490725,0.40842473776680377,-0.4620712003498162
TEST_09585,4.428553520588021,0.9236527891030624,0.48352175068612363
TEST_09586,1.695851428576382,0.4812418114026375,-0.14265628265172714
TEST_09587,3.0608436131237937,0.5414098144912768,0.5964819996959291
TEST_09588,2.5635509776606544,-0.6161437169190829,0.41310070463796267
TEST_09589,4.038868308636235,1.4872722110659427,0.296723424010962
TEST_09590,3.0584971743550953,0.179155126137007,0.8140503046183942
TEST_09591,2.7903021989639383,0.2995954412224789,-0.35769602560445185
TEST_09592,3.6633905476272615,1.6684004791364113,1.9131640150949838
TEST_09593,3.253428078087337,0.339327077477379,0.7133604269748034
TEST_09594,3.5920792187161674,-0.7609934933405829,0.5641834856004461
TEST_09595,2.13763262380096,-0.23265925941246132,-0.8412548109275679
TEST_09596,3.760050156588368,-0.44318911429823804,-0.45385007742399813
TEST_09597,3.22233036287373,2.298802665683584,0.628471311775947
TEST_09598,2.1547745609010245,1.0298350654705362,-0.06000690800193793
TEST_09599,3.5740636240160986,0.8107273117006957,2.004677184096485
TEST_09600,3.567876502782582,0.10065719543911422,1.2682835193779325
TEST_09601,1.0060525763765875,0.2965103547754863,-0.19966901278634522
TEST_09602,1.7275671738575793,0.6416627417875637,0.4441066680557565
TEST_09603,2.2915650769002442,2.0086080893794644,-0.11875415253787902
TEST_09604,2.911063554236312,0.08851375275429897,-0.142921575441493
TEST_09605,1.5094670596987598,0.20865656667146606,-0.33958704938391754
TEST_09606,2.15085828565091,-0.15690301809147505,0.19815648837060945
TEST_09607,4.0195283021521755,-0.11391346611834798,0.9379035805271301
TEST_09608,4.8583571045420255,-0.5489173004419606,0.12966723043438663
TEST_09609,3.658882570451076,0.10521387922724022,0.16755571696228408
TEST_09610,2.6193874543891704,0.017874786329626982,0.7081362593323995
TEST_09611,2.2860769956385414,-0.14154580723515478,-0.46155683460476266
TEST_09612,3.5171176528793304,-0.773451060652933,0.37078067166737805
TEST_09613,1.016804440230556,-0.4088406744324535,0.19954559288615809
TEST_09614,2.9335261578919147,-0.859523956700072,0.12755459224301408
TEST_09615,3.656928361520554,0.08818787811855121,0.6070791138070877
TEST_09616,2.6821062375276434,-0.35031626595882576,-0.30412385783849566
TEST_09617,3.9488059750251514,1.2263957365338918,1.2539097694710244
TEST_09618,1.3718365014686176,0.3208109516382724,0.37073584541175897
TEST_09619,1.605366739709729,-0.4620662223041713,-0.5439880293717895
TEST_09620,2.01919688650877,-0.20016046733539825,-0.02020986953011066
TEST_09621,3.5384924020901463,0.0016817444221439975,0.016543196552218056
TEST_09622,1.7810970215212307,0.09263582623140944,0.4167393091386389
TEST_09623,2.119562251486057,-0.33943049233658823,0.6560614218365003
TEST_09624,3.4570097955015235,-0.24007573571230748,-0.17217108899432854
TEST_09625,4.808682965906617,1.0208042518849905,0.6004117858335699
TEST_09626,2.669523897136706,-0.32837787177903566,-0.6246955621238707
TEST_09627,1.9774472659083187,0.329786681040095,0.607092827741884
TEST_09628,1.8023609319833005,-0.10147472378505736,0.2536771756656382
TEST_09629,2.0369137022409247,-0.3778930333734873,-0.7586428390732717
TEST_09630,3.825443230492039,0.8170652040310006,-0.11612989663443962
TEST_09631,2.6312948496936106,0.16938177356117232,-0.07100638919167801
TEST_09632,3.205951957626736,-1.1877729426216481,-0.5821015463381493
TEST_09633,1.6866809045316244,-0.1179950176131966,-0.47687476954890035
TEST_09634,1.9305896825288493,0.1584034820797104,-0.35876694267214926
TEST_09635,0.8152902168908381,0.27661436747027734,-0.12829235381818857
TEST_09636,2.37561478680974,1.0984929130748673,-0.6637614753848161
TEST_09637,3.37340571205002,0.3941470752117261,0.7054022399603522
TEST_09638,3.6234658786140304,-0.12782268840177252,0.39122187541595715
TEST_09639,1.987666399280774,0.8605032871447686,0.588667627661466
TEST_09640,1.9712388828428715,-1.2588847268904668,0.03364807448507293
TEST_09641,4.225041476498963,1.0806222805324013,0.8901734867006132
TEST_09642,1.8155030930448706,-0.3862726576715343,-0.7396895605622823
TEST_09643,0.9854801229452074,-1.0100449893251093,-0.16312015903835458
TEST_09644,2.305224973825837,0.9510015473021541,0.5214596151143902
TEST_09645,1.769272130823832,-0.9367862497190447,0.3308846987697974
TEST_09646,3.644688852614352,0.009104953613352944,-0.2644401290899806
TEST_09647,3.605246322914491,1.1827346210878442,-0.39688100076174365
TEST_09648,1.2897451650827216,-0.912801640704745,0.38487492352337316
TEST_09649,3.7705616308839285,0.00455622231427359,-0.0635847887506182
TEST_09650,2.1473267028023484,0.056333180993102305,0.5066167695471684
TEST_09651,2.2255800662082987,-0.05254893739219538,0.06108789519150359
TEST_09652,5.110332723369327,-0.4320109799844567,1.1631114851224296
TEST_09653,2.3181580301418223,0.28128416468968775,-0.4014267574048444
TEST_09654,3.3927195467316102,1.7867327724006978,0.18696420030518884
TEST_09655,3.0264429348575925,-0.22292919140869352,0.40964872377463546
TEST_09656,2.1226738199622583,-0.31915514757737845,-0.8061922865770622
TEST_09657,1.8593470180521787,0.3963714711712525,-0.33943915767168026
TEST_09658,2.423232900340414,-1.5676027682493512,-0.7843895057085993
TEST_09659,3.6065448543138374,0.4709407115517297,0.3160417379523609
TEST_09660,2.4281233486866234,-0.20578059114843056,0.017630376089298003
TEST_09661,3.318808107892515,-0.3036581237081616,-0.03450603033006608
TEST_09662,2.0608214359200585,0.14309507061831422,0.2955526851237401
TEST_09663,3.0150127452829114,-0.5210660521939163,0.29999614175703515
TEST_09664,3.821747002185395,0.004358310760038277,0.19135451670257106
TEST_09665,1.7101641773753937,0.39462342308244985,1.0395548263354908
TEST_09666,2.491718377423277,0.18674746382185523,-1.2569901776806167
TEST_09667,4.288997547067743,-0.42778828287487974,0.15802233803112162
TEST_09668,2.75935699863763,-0.6425487266646613,0.4718689531760517
TEST_09669,5.061367452167171,0.93382161157519,0.015404291727136732
TEST_09670,1.0397960504947126,-0.3772179964343886,-0.047516083295632575
TEST_09671,1.3645440332229382,-0.1389638310533916,-0.029123066641858725
TEST_09672,2.5145760563762773,1.5070544440593303,1.2092398853329904
TEST_09673,3.404426242678419,-0.42542969230558103,-1.1669140133134126
TEST_09674,1.8334645433696952,0.17085994311350933,-0.2663157280885012
TEST_09675,2.3791976330201234,-0.6586620201427714,-0.6335224880950608
TEST_09676,1.5555256872924015,-0.7875200118587693,-0.15021576034243625
TEST_09677,1.3503791399883078,0.29787528974091254,0.1718525937206911
TEST_09678,3.449049351914919,0.7949106198799305,-0.9197615578105061
TEST_09679,2.369987197152265,0.6481703142600499,-0.23052109362106313
TEST_09680,4.447478370171075,-1.8963320361372047,-0.22895751312120433
TEST_09681,4.609041744632933,0.3750581102589329,-0.18927888539913873
TEST_09682,2.5953104771359614,0.7388921723886945,1.3234469540776181
TEST_09683,1.4005236326864556,0.40325630932680745,-0.4315182150197932
TEST_09684,3.7140124076228465,0.9699652557710157,0.24240137457809077
TEST_09685,0.876453086210877,0.12018160403151702,-0.17776540708127747
TEST_09686,3.4028606958644345,0.9497497419622615,0.361256770497474
TEST_09687,3.5012975005382985,1.0920469595286417,0.4773750133465082
TEST_09688,5.344983756112457,-1.1963994265406754,0.6495992226096655
TEST_09689,3.8099462358462666,-0.14431507683519126,0.3460238352637112
TEST_09690,2.108178860778863,0.5096801107853305,-0.33283764039298924
TEST_09691,3.358335776057727,-0.34949485830312826,-0.37848621615694356
TEST_09692,1.239661696342929,-0.18339135660327952,0.14699529203254066
TEST_09693,3.253451784618622,0.6234762144762606,-0.5507271340062595
TEST_09694,1.1238984069077484,-0.5639435585722342,-0.2737490981251891
TEST_09695,1.997651649861526,-0.08141240122252807,0.4873481266201541
TEST_09696,3.0309214778445543,1.1314234072493268,1.9011900283458818
TEST_09697,2.9990173128175854,0.36248560120798656,0.06445706830845398
TEST_09698,1.7884421391036802,1.4179624413523126,-0.3577019830673561
TEST_09699,4.694081441041661,1.43971867119867,0.5861091967987645
TEST_09700,1.9574507673361756,0.5231268339094164,0.52097954394319
TEST_09701,3.018227934769989,-0.07240839358452676,-0.18294025663003363
TEST_09702,1.713438537551285,-0.5034013506078897,-0.12606282585378828
TEST_09703,3.0102793331914515,0.7656486641771859,-0.22235025755186427
TEST_09704,3.487603983169681,0.3222241878582456,1.0486601415698151
TEST_09705,5.64933847091921,1.011898994563632,-0.3746488761386421
TEST_09706,2.8749659948243647,-0.6057633426145603,0.48001449676389696
TEST_09707,3.6113186181881054,0.0734859087688161,0.40143168958959075
TEST_09708,1.5251361409852695,0.659697261437512,-0.447239189735663
TEST_09709,2.4587151983378477,-1.2775079568617727,0.06870016203094331
TEST_09710,2.949356127267,0.04697304035042882,0.9285596328264084
TEST_09711,3.075425676953231,-1.0083931939060808,-0.708888199556403
TEST_09712,1.8207137214017906,0.39672591117455813,0.1661734435616665
TEST_09713,1.770326108220602,0.1799895487577139,0.2431185793706737
TEST_09714,2.6021866128757525,-0.16388496515562911,0.10552195739898193
TEST_09715,2.2860359041811766,-1.1665934414998227,-1.0068410927576088
TEST_09716,3.444590975808247,1.5958991950402501,0.05360307123422217
TEST_09717,3.243357942046194,-0.7127675444259844,-0.36353326783011186
TEST_09718,1.592008496561392,0.9082734344057491,-0.16346624400948667
TEST_09719,2.8195577011406967,-1.3572010092790652,1.1822865229691444
TEST_09720,2.8212614037416026,-1.802453678287836,-0.8549874159078662
TEST_09721,4.125822259202346,1.0905334153932054,0.524583067794085
TEST_09722,2.698425399010999,-0.4972381483413721,1.5390507636673438
TEST_09723,4.248474966367498,-1.3056990112114844,0.5644635930415864
TEST_09724,2.429245423793655,-0.026791835156495893,-0.17280773269137306
TEST_09725,1.331895942145475,-0.3110575584959545,0.18146913754512958
TEST_09726,1.8118574547676876,-0.8710539913293307,-0.3419553379246306
TEST_09727,1.9278602156686493,-0.4367210907805414,0.2537732518093362
TEST_09728,6.241313975350017,1.8694993438186875,-0.901470384648805
TEST_09729,1.5192837516784705,0.2673118522301771,0.1573552260800463
TEST_09730,3.1404801536173785,-0.33961624094201465,-0.725634678483195
TEST_09731,4.267995189587509,-0.2158012372158022,-0.6277862782378186
TEST_09732,2.3119757523571614,0.8328942837152561,-0.47809534271562987
TEST_09733,0.8503709545940368,-0.05416310551839417,0.023419216661557204
TEST_09734,2.630101691985852,0.37974094702769945,1.5379030248374943
TEST_09735,2.0359839363632184,0.6438318074289573,0.4361027009757605
TEST_09736,2.138057015103383,0.006599041329871825,1.2942587927204698
TEST_09737,3.378247406552987,-0.9669728092631227,0.0424337768361079
TEST_09738,3.251433437137936,0.5438771229337612,1.3457399910748264
TEST_09739,1.9365029559891915,0.6008807604215579,-0.022744540294704588
TEST_09740,1.4707955715919554,0.06762379367174608,0.2611036397266309
TEST_09741,2.351276023174592,0.11337650147943917,0.30717227698020577
TEST_09742,1.3017197072104316,-0.4215000578255417,0.2468486396455693
TEST_09743,1.789797880803662,0.6678512795428349,-0.24532105939554247
TEST_09744,3.9300975386903754,0.05218712334181947,0.344485612543507
TEST_09745,2.8632927307694,-1.6419059433125471,-0.8026903648385326
TEST_09746,3.3751478324178414,0.5601687389657263,-0.7409587464103915
TEST_09747,3.4942060102559167,0.32572993884640944,0.031044690931069683
TEST_09748,2.690392210039009,0.136363118619334,0.7155852422573382
TEST_09749,4.502876284576563,0.3852590870568803,0.7174641226681663
TEST_09750,4.861640170343085,-0.25611675643225257,-0.3934223382597215
TEST_09751,1.5237310669524993,-0.14318100996484076,0.023650036759863925
TEST_09752,3.2324218356593906,-0.8383834428842616,-1.1094348344501388
TEST_09753,2.3243865754123063,-0.28311142602838224,0.19784861051114186
TEST_09754,1.9687360139721233,-0.3007454447109799,0.30520880218975077
TEST_09755,1.071813539031028,0.15960164269194113,-0.0480155123344127
TEST_09756,2.467959042668364,-0.04932214666779368,0.21100932777990106
TEST_09757,1.5164608670355448,0.7006327595054263,0.42127151768843707
TEST_09758,1.9624644500273911,-0.7680380722888454,0.8985819123116354
TEST_09759,3.1089061675565284,1.8455048599662214,-0.27749911820740747
TEST_09760,4.250228533102567,-1.8420239864671257,0.2846838893260673
TEST_09761,4.792777536191215,-0.22231209027105595,0.5187735984760394
TEST_09762,1.7757130457996424,0.11694108436492313,0.66881413825331
TEST_09763,1.3402009837007456,1.0788501180681753,0.5927384926936631
TEST_09764,1.516225609519779,-0.0038957480606993276,0.2407431215903157
TEST_09765,1.9903822042217305,-0.29644152509765986,-0.20982276393938895
TEST_09766,1.4847530418128887,0.30217814212261673,-0.07297837495509374
TEST_09767,4.4234102151859656,1.0459110486774188,-0.8308725986882991
TEST_09768,1.4978253236210504,-0.3624487134999067,0.34690793570700984
TEST_09769,2.99763421042983,0.14142032070941582,0.33117615815473256
TEST_09770,1.9873241477666679,0.26262900518435217,-0.586495311421234
TEST_09771,3.593793393459258,-0.4108421344493118,-0.05819102834715849
TEST_09772,2.99148010935372,0.4857292591639529,1.1513100964834004
TEST_09773,1.3005962086196048,0.03231452414594839,0.13706415581511258
TEST_09774,1.63193721995,-0.07361002390754892,0.5135243532041186
TEST_09775,3.1410366280799686,0.3102294266579161,0.6783809769451878
TEST_09776,2.197240216677971,0.5351660176319746,1.1165718149967876
TEST_09777,2.0157250229527954,0.5664516624865233,-0.2605029453087683
TEST_09778,4.849118490785646,-0.8579725009352174,0.2966199183354488
TEST_09779,2.6211167471562047,-0.6408721998440863,-0.616580407339217
TEST_09780,2.462043726531972,0.4094142412456554,-0.2926485790501901
TEST_09781,3.232299051452252,-0.28415641217513127,0.43157967880388
TEST_09782,1.486349637801364,0.329942716850165,0.36602917201130103
TEST_09783,3.0754535495574102,-0.5157409699184542,-0.828264462617184
TEST_09784,3.857793071244955,-0.0656793239826158,0.9136043849369052
TEST_09785,4.282975392877381,0.5446932991330524,0.5949308696232368
TEST_09786,2.3721941803626603,-0.4530152185423301,0.9124821882135611
TEST_09787,4.2515891418362015,0.5553372079064,0.0704776339112977
TEST_09788,2.026930457096394,-0.2075627420301068,-0.2740972462548839
TEST_09789,4.39131387865061,-0.7799988454591253,-0.019599652086550144
TEST_09790,1.1399132664899445,-0.06746231118922655,0.3497070089933663
TEST_09791,2.353473172731849,-0.0476295528463959,-0.04973761052173771
TEST_09792,2.378653431827823,-1.467912605706529,-0.2714300832740623
TEST_09793,3.051479700416181,-1.5497315203697941,1.125235104491691
TEST_09794,2.9677337869992,0.19927319719754935,0.6208934367732215
TEST_09795,1.9150203385830742,-1.1201228117197246,0.2520824834750369
TEST_09796,1.8770082059522681,0.26972116936961965,-0.2675258825259391
TEST_09797,2.1106592925193053,-0.3066655624726783,0.4954690378012852
TEST_09798,2.2463610777158833,0.28036798746980685,0.7880059018168767
TEST_09799,5.471428947113875,1.1453990033669255,2.0784123946398396
TEST_09800,4.3484261352804365,0.6076518293788672,0.5301874071147535
TEST_09801,2.0189088888194964,-0.9423099178987213,-0.3640171719717549
TEST_09802,3.9951530610312704,0.04723463309530007,0.40919337770424863
TEST_09803,1.2594141058950263,-1.4941870591210675,0.17258922204711688
TEST_09804,2.226027777119259,0.16990662247724111,-0.021248542472871636
TEST_09805,2.8134610201700587,0.7754480915892139,-0.5335753372303702
TEST_09806,3.4723553391857744,0.9583579250355069,0.8901041216699616
TEST_09807,3.300745665887195,-1.0293620609054557,0.5737159791529183
TEST_09808,5.409114773607552,0.10894337041889957,0.821793205717395
TEST_09809,2.157901245404034,0.6472996200756901,0.16280318030155586
TEST_09810,3.2414016047040874,0.18500950646740613,0.9015219011921803
TEST_09811,1.1054995965969996,0.4618288533706872,0.03841369697024254
TEST_09812,3.328187673551617,-1.6583999011274684,-0.21350517926811904
TEST_09813,2.816372390302809,-0.3332088299349031,-0.16559139502737996
TEST_09814,2.6652686936524446,0.9663089949384225,1.368972443619312
TEST_09815,2.278083427407007,-0.19041142799522356,0.1291966039997968
TEST_09816,2.5700996268579797,0.17211065037665807,0.8780851813966027
TEST_09817,3.1429599440121323,-1.6667215984489325,0.4653783311885393
TEST_09818,3.7387781899807884,-0.14687986379073492,-0.8947313123792803
TEST_09819,4.0486314784046415,-0.1177498538376577,-0.11054323361731587
TEST_09820,2.404963099493179,-0.2747124278579716,-0.3441463147552317
TEST_09821,2.2051434835932713,0.31613392442906096,0.7083941938728681
TEST_09822,1.461761843405028,0.45191905849847863,0.5065188428468999
TEST_09823,1.893704116656456,-0.5060851350691957,0.7252645380548015
TEST_09824,3.927105834765884,-0.47007884601350547,0.38508416543258167
TEST_09825,5.288170753054675,-0.8367123846697148,-0.05094186311906772
TEST_09826,3.476913245347887,0.32471157499283965,0.6391870973040963
TEST_09827,2.666485580665804,-0.6664180244600834,-0.3177232519455532
TEST_09828,3.710948458835095,-0.22847720998071447,-0.5065873094601555
TEST_09829,1.0121029078458148,0.25436646501783455,0.663856600393483
TEST_09830,2.8223745653397314,1.2945911134208823,1.1433141236231175
TEST_09831,2.9082527791947643,0.7715903502090805,-0.5287792456129823
TEST_09832,2.8514367710880557,1.2163495454542343,0.8250083673165679
TEST_09833,3.5603569014212035,-2.1132485850621032,-0.3531877005758012
TEST_09834,2.8540931356605603,-0.11254530277445285,0.6586832428601677
TEST_09835,1.7323294961861675,-0.6344864969248127,0.4515755458743929
TEST_09836,4.014518831302514,-0.6077185747327981,1.200004810796526
TEST_09837,2.63560753271154,-1.280374415299579,-0.18654443255924277
TEST_09838,2.8923690603233996,0.3400963996095812,1.2184288694912453
TEST_09839,4.0257116476511685,-0.7502939419120289,-0.898938807608125
TEST_09840,4.122032565629576,0.342303599851479,1.603279396972265
TEST_09841,1.9016396881088027,0.5855364796010806,0.17098824663202622
TEST_09842,3.749986905433732,-1.1483967845316372,-0.36769284240226746
TEST_09843,1.4940885284682663,-0.3981024433617677,-0.06875630534489917
TEST_09844,3.025277860671282,-0.5391127596828929,0.868690137788906
TEST_09845,2.3776201946868847,-0.10302267040291255,0.2011022414898357
TEST_09846,4.29690522276438,-0.7223962299813305,0.07092995083552586
TEST_09847,2.685908138388154,-0.8890147716139896,-0.4445532135813109
TEST_09848,4.460556416425449,1.4073667958988518,0.12276899750633367
TEST_09849,2.112198287210121,0.544104581412349,-0.12679634387835206
TEST_09850,3.1868495985013583,-0.4891118272120783,-0.5189819356466011
TEST_09851,2.597696826909871,-0.03342354712949935,-0.19534664884388345
TEST_09852,4.849575666137466,0.9267017993000323,1.2535655935073693
TEST_09853,1.5043080928808465,0.08014005200663571,0.13617438304037174
TEST_09854,3.0409134032196357,1.045031723866484,-0.8442814243714964
TEST_09855,1.9523860014116936,0.8637291188686825,-0.4023886000290438
TEST_09856,2.4290266148327904,-1.049021278199029,1.2596457261035554
TEST_09857,3.864872994606198,-0.8910699539571812,-0.5653516581071317
TEST_09858,1.686123653011693,0.7277019376074443,-0.16890082527033054
TEST_09859,1.9914632522488058,-1.003173230183647,0.4413241657224906
TEST_09860,2.6015744775874956,-0.6566837167912816,-0.28523591789452496
TEST_09861,3.374531154207381,-0.2372114860826734,-0.6003129531182214
TEST_09862,1.4760778311604366,0.2717349593131915,0.28397742359060807
TEST_09863,3.6189975615905734,-0.49311902908647703,-0.06587959075630856
TEST_09864,1.6806581933973699,0.39609900448814217,-0.6354080714898125
TEST_09865,2.969599467546197,1.5769107907457656,0.5943002991823103
TEST_09866,1.6322169607517876,-0.7213645120770478,-0.35752110515011243
TEST_09867,1.8415235516333857,-0.4907949504067053,0.0513445243960166
TEST_09868,3.3789543057982745,1.0345448366739416,0.0527600905586208
TEST_09869,3.026474348915967,1.1032834642745144,0.8769700441078913
TEST_09870,1.7920761864669144,0.851305538038427,-0.15133720442809245
TEST_09871,1.391622527231465,0.571694620759072,-0.10417650212109661
TEST_09872,2.9863343323763387,1.0167472212884505,0.8035586811542552
TEST_09873,2.500457214609236,-1.4653285775315157,-1.121526335720245
TEST_09874,3.310851022766882,-0.04327165739806527,-0.04859620771910516
TEST_09875,2.087759305612663,-0.14382925242611938,0.22892599305603495
TEST_09876,2.8085768711519368,-0.8441988781452052,-0.07029172782173293
TEST_09877,3.4151212763458676,-1.0500233239958068,-0.6528610937361073
TEST_09878,1.9302991217186158,0.6628793725186044,0.3894754025013114
TEST_09879,4.353720473161376,-1.064948683499235,2.0390640683944548
TEST_09880,3.1304486371800624,-0.057245652371488126,0.8539048921605606
TEST_09881,1.9126942655594545,-0.9684941543005613,0.2771752977309068
TEST_09882,1.3741028058214344,0.807709859339714,-0.03327231741474764
TEST_09883,2.5396333444472794,-0.31476638871592255,0.04860593696584587
TEST_09884,2.9548478064258856,0.521504047631742,1.5215006471405252
TEST_09885,2.8885821978360307,-0.8505768247337596,0.4296605749743954
TEST_09886,3.091725687501909,0.3507744073481107,0.926241907117662
TEST_09887,1.507362601949549,-0.4134594157250985,-0.28645454608975185
TEST_09888,4.808221652325358,-1.4648051465775564,-0.1329595948248273
TEST_09889,3.4611307131843505,0.020230922214657814,0.07094990036116453
TEST_09890,1.042836796369847,0.03614925877983824,0.37343580402053983
TEST_09891,2.0409450072691366,-0.395740839388475,0.19841897882580825
TEST_09892,2.3504859811133163,-0.8034049393890403,-0.08677475669135198
TEST_09893,1.7909440458245869,-0.5141612791149168,0.22870786137284396
TEST_09894,1.8240878615235243,1.3990942379014006,0.6672501499522233
TEST_09895,1.8718127616113762,0.7745463360814158,0.4384727755236553
TEST_09896,2.67367035098612,0.4990446132984739,0.07669033958831924
TEST_09897,2.291988321578298,-0.2827239188747233,0.4591525509664389
TEST_09898,2.393610184750109,1.4010378357747013,-0.6697021958298569
TEST_09899,1.7352544731050434,-0.795218427086142,-0.29931397963567474
TEST_09900,1.5566825807721703,0.31725400600202047,0.06407927494176902
TEST_09901,2.004551152016089,0.30654154284591356,-0.12707577517662624
TEST_09902,1.691906898470688,-0.6296965396896574,0.4468848181927848
TEST_09903,3.8275180354472895,-0.16056112186851412,0.6131361204271258
TEST_09904,4.244710829772923,-0.7153709950989049,0.1993951134861673
TEST_09905,1.7914645425240225,-1.4176645672049641,0.4789757215524535
TEST_09906,1.3730938911178707,-0.4936881123376597,0.2011617315806054
TEST_09907,2.010594707434144,0.7010282487632853,0.18152879541483558
TEST_09908,1.8030015759436078,-0.5962010056172488,-0.22288892034188273
TEST_09909,3.767901121491786,0.2735010747042405,-0.383684229740551
TEST_09910,5.023623336099387,1.335369643156475,-0.5289593790259534
TEST_09911,2.876250374822954,-0.5439403510872525,-0.23147533589755512
TEST_09912,2.540295714994351,1.6348147670608284,0.10431775439660565
TEST_09913,3.6798951730155323,-1.1703739944687397,0.11840713321038944
TEST_09914,1.5475353745209428,-0.02342544170501433,0.07351885578438652
TEST_09915,0.7703746700031077,0.24394046846141865,-0.09633354045661897
TEST_09916,2.41236838954758,0.08528064023147915,-0.7011055455598008
TEST_09917,2.3307337530681456,-1.6813370904405078,-0.2235786623306521
TEST_09918,2.3480510803527865,-1.403786157700057,0.9725872449788588
TEST_09919,3.930619506654258,-0.7806043106464126,1.8941847879238678
TEST_09920,2.952205522443495,-0.39672592528168893,0.2317473969762081
TEST_09921,2.1366426812542567,1.1127877745162997,0.2352248679748756
TEST_09922,1.3529476443659958,-0.4147084154425086,-0.3869537618855177
TEST_09923,3.257254604819702,-1.0666292976925462,0.6508000195047433
TEST_09924,1.68571670560947,0.11010214088387522,0.4940764499930144
TEST_09925,2.0408420142699484,0.7098233722523808,-0.4916858087208034
TEST_09926,4.576231449390851,-0.7493749152067236,-0.15791123369325036
TEST_09927,5.102211969373515,-1.0081122799014792,0.8912388239256034
TEST_09928,0.9514936242611786,-0.3442349183609691,0.20765149530781038
TEST_09929,1.5761579243842239,-0.16938738734007647,0.106235248823025
TEST_09930,1.8830848801602758,0.40186171774483315,0.2482786408571877
TEST_09931,2.52215497980218,-0.07572235215799843,-0.218262323591166
TEST_09932,1.408358691146137,-0.17925455358460626,-0.5649021494275244
TEST_09933,3.1738585606310705,0.03520893931761538,0.4333647345917714
TEST_09934,1.659137627848603,0.6932025084168624,0.7079085366655555
TEST_09935,1.6149048379677924,0.7345974541788082,-0.3133480988825319
TEST_09936,2.7678302336554728,-1.409133617121696,1.6060889155463345
TEST_09937,1.1457356995090169,-0.15735948455710724,0.5330175583031181
TEST_09938,4.908298146344949,1.442765907943691,0.38469906635357537
TEST_09939,4.0924781631159854,-0.602717212968018,1.250817247219268
TEST_09940,3.254247333128596,0.2730986498924621,-0.7023080873831533
TEST_09941,2.208773612816826,-0.5789659721935793,-0.5498294892447239
TEST_09942,1.6649948674456883,0.06618488308045968,-0.234648167564001
TEST_09943,4.134473813180863,-0.9563341534597117,-1.0220559039200054
TEST_09944,1.8067351534069775,0.4345151642280061,0.4499945011501113
TEST_09945,3.7809385053769184,0.6117453540350547,1.198576830154974
TEST_09946,2.0643501679320435,0.2076468022183497,-0.4741211989398309
TEST_09947,3.9706746250447846,0.010745606234595893,-0.1012889399093077
TEST_09948,2.8405194644733873,-0.5606751561701122,0.7283478484265851
TEST_09949,4.4729816020637525,-0.02971800573873156,1.3306147036668172
TEST_09950,1.9808305058548752,-0.48552946171910794,-0.38434172065032907
TEST_09951,1.684951565009146,-0.6727444379482779,-0.13499198033610504
TEST_09952,1.1842858522378172,0.2831895664111355,0.48006818488055897
TEST_09953,2.512947145792219,1.0426188124926457,-0.8321300214853214
TEST_09954,2.8292560982633757,0.13774935156365553,0.2785925259347964
TEST_09955,1.3068729371304306,-0.5024501147869633,-0.15599033720475422
TEST_09956,1.9629794192725234,-0.7784789949467906,0.031541396779421166
TEST_09957,3.421663786452662,-1.2285689085384324,-0.4025950560052125
TEST_09958,2.9299547890985997,-0.45630621656538445,-0.5976096797885719
TEST_09959,4.719625182820852,1.199825374792766,0.003316797057891695
TEST_09960,3.0107264129577276,0.8305333940751448,-0.10848187596379702
TEST_09961,3.252122145841086,-1.072764349280312,0.872752341279222
TEST_09962,2.8643208966961518,-0.8170130911413096,1.1261735599690692
TEST_09963,3.6377177484735497,-0.2876916115526454,-0.24076951405146851
TEST_09964,2.8402214909475814,-0.0818490045675717,-0.4592822691765048
TEST_09965,0.9404862201723065,0.3544740635173528,0.22592299208500496
TEST_09966,5.0474541692059764,-0.8876804917309457,0.5910382720512213
TEST_09967,4.052570398518456,-1.0919907147293568,1.294471083405842
TEST_09968,5.1625920563157575,-1.6716103095403076,0.8137304711113763
TEST_09969,1.912243508946577,0.644126230301053,0.1407955451541945
TEST_09970,2.2146306275862755,0.22861117766687875,0.4644498161484024
TEST_09971,0.7302032135077537,0.11292999556703566,0.04496727057799715
TEST_09972,2.283205970268994,0.0209440979793431,0.5898866211039394
TEST_09973,2.9597279863249217,0.2362525959692511,-0.14161421205125627
TEST_09974,2.8201553163995476,0.9330176628608372,0.875892182240562
TEST_09975,2.0569650463401423,-0.5828372996914529,0.305213678479249
TEST_09976,0.9099260374439586,0.07985473121107522,-0.18465287528445615
TEST_09977,1.1149809000367261,-0.24394329086615188,-0.15855321376760362
TEST_09978,3.1216781725508227,-0.567686107775236,1.0985876073112022
TEST_09979,3.6091789928368594,-0.45986414479882365,-0.21344817586565876
TEST_09980,3.1970439581880226,1.022845555998853,0.6292769253690702
TEST_09981,1.1018697016444041,0.24699833966809157,0.16904719794833534
TEST_09982,1.3919540268088397,0.2730800232590939,0.3470732440344217
TEST_09983,1.0002985856574642,-0.08948477031105456,0.11824532303322978
TEST_09984,0.7803065581891964,0.20112782232557547,0.03972940671844631
TEST_09985,4.1348024448800516,-0.3574283986919065,0.9755421230220135
TEST_09986,2.3273814056114026,0.4176506791778209,-0.8496183615110887
TEST_09987,1.5504639066612682,0.5116150717582392,0.6040499373941737
TEST_09988,2.0107609344272315,-0.06633773494763154,0.19435915690076921
TEST_09989,3.2829977690454233,1.6140780090533657,-0.6024650709728467
TEST_09990,2.7056801985999983,0.6099931602778772,0.6302207790622071
TEST_09991,2.7465513369468586,0.4252779918446143,0.5469479273833513
TEST_09992,1.6557722325336082,-0.6085257259419838,-0.8176892478143258
TEST_09993,2.786355304198555,0.9906254150733099,0.8720661365051595
TEST_09994,1.5034367673968532,-0.24316884831521027,0.38726413184148056
TEST_09995,1.098677983711844,0.4538515832092092,0.37605533606071206
TEST_09996,4.498151208801071,-1.487143821639724,0.7646134955088386
TEST_09997,3.0901577788513475,0.6335990312026669,0.6958817718111072
TEST_09998,1.4088257030064002,0.5989096693279798,-0.39224146080081873
TEST_09999,4.235603847372885,-0.23004613720737924,1.6536305760664285
TEST_10000,1.0417923495453358,-0.264896731685144,-0.07186941171848675
